-3.782893996685743332e-03,-2.523820638656616211e+00,8.136115074157714844e-01,4.628132283687591553e-02,4.544196650385856628e-02,-6.355559825897216797e-01,7.693254351615905762e-01,-1.546123894513584673e-05,-3.407156094908714294e-02,-1.394618451595306396e-01,-6.204685196280479431e-02,-9.333224594593048096e-02,3.982184920459985733e-03,8.890309929847717285e-02,-5.377349257469177246e-02,-4.159614145755767822e-01,-1.743164472281932831e-02,-2.011096179485321045e-01,3.783427178859710693e-02,-2.311772555112838745e-01,6.331039126962423325e-03,-9.823747910559177399e-03,4.014509618282318115e-01,-3.258631825447082520e-01,5.385264158248901367e-01,5.853255987167358398e-01,-7.324569672346115112e-02,-9.283120743930339813e-03,6.229501590132713318e-02,3.866859972476959229e-01,1.890950202941894531e-01,-4.285594224929809570e-01,6.329788565635681152e-01,1.134670525789260864e-01,3.961775451898574829e-02,-7.302742451429367065e-02
-4.458048380911350250e-03,-2.518806219100952148e+00,8.172870278358459473e-01,3.008110076189041138e-02,3.298190236091613770e-02,-6.837323904037475586e-01,7.283661961555480957e-01,6.467613577842712402e-02,-7.975025102496147156e-03,-8.133654482662677765e-04,-7.345248013734817505e-02,-1.361066102981567383e-01,2.877960214391350746e-03,9.287447482347488403e-02,-4.062174260616302490e-02,-2.944465875625610352e-01,8.301780559122562408e-03,-2.546798884868621826e-01,3.984020277857780457e-02,-1.049506366252899170e-01,3.460328094661235809e-03,3.532900661230087280e-02,2.678385972976684570e-01,-2.690999209880828857e-01,6.340876817703247070e-01,7.559889554977416992e-01,-1.555041819810867310e-01,-7.321140170097351074e-02,3.604747820645570755e-03,2.847037911415100098e-01,1.609721779823303223e-01,-4.843762218952178955e-01,7.606492042541503906e-01,1.467253714799880981e-01,-1.116668153554201126e-02,-9.433665126562118530e-02
-4.951284732669591904e-03,-2.515737295150756836e+00,8.189421296119689941e-01,1.867176219820976257e-02,2.435917221009731293e-02,-7.080146074295043945e-01,7.055305242538452148e-01,1.031680330634117126e-01,4.325922578573226929e-03,7.114920765161514282e-02,-7.401005178689956665e-02,-1.445296853780746460e-01,-1.341005554422736168e-03,9.628009051084518433e-02,-3.135974705219268799e-02,-2.236640900373458862e-01,2.867816388607025146e-02,-2.570255398750305176e-01,2.977584116160869598e-02,-3.813717886805534363e-02,5.304547958076000214e-03,6.662626564502716064e-02,1.992312073707580566e-01,-2.354061007499694824e-01,6.793497800827026367e-01,8.492015600204467773e-01,-1.849508285522460938e-01,-9.906247258186340332e-02,-2.379306033253669739e-02,2.319213747978210449e-01,1.464940309524536133e-01,-5.129706263542175293e-01,8.246839046478271484e-01,1.603609174489974976e-01,-3.242585435509681702e-02,-1.096587851643562317e-01
-5.214793141931295395e-03,-2.514219999313354492e+00,8.198308944702148438e-01,9.524918161332607269e-03,1.760307885706424713e-02,-7.236610651016235352e-01,6.898652315139770508e-01,1.361454725265502930e-01,1.121728681027889252e-02,1.169674247503280640e-01,-7.762281596660614014e-02,-1.522674262523651123e-01,-4.646678455173969269e-03,1.068523228168487549e-01,-2.296122908592224121e-02,-1.746087372303009033e-01,3.632090240716934204e-02,-2.580699920654296875e-01,2.288593910634517670e-02,6.455024238675832748e-03,8.267418481409549713e-03,8.851273357868194580e-02,1.597999334335327148e-01,-2.141227871179580688e-01,7.056527137756347656e-01,9.089182019233703613e-01,-1.942981034517288208e-01,-1.182632520794868469e-01,-3.775356709957122803e-02,2.023521214723587036e-01,1.364459395408630371e-01,-5.282121896743774414e-01,8.650845885276794434e-01,1.660468876361846924e-01,-4.964131489396095276e-02,-1.229715570807456970e-01
-5.273848306387662888e-03,-2.513593196868896484e+00,8.201628923416137695e-01,6.187553983181715012e-03,1.534934341907501221e-02,-7.287724018096923828e-01,6.845560073852539062e-01,1.475964933633804321e-01,1.379465684294700623e-02,1.329766511917114258e-01,-7.938013970851898193e-02,-1.527360826730728149e-01,-6.423613987863063812e-03,1.113886609673500061e-01,-1.980602182447910309e-02,-1.589354723691940308e-01,3.720623627305030823e-02,-2.557687759399414062e-01,2.047409862279891968e-02,2.148354984819889069e-02,9.784102439880371094e-03,9.638176113367080688e-02,1.454884111881256104e-01,-2.070849239826202393e-01,7.160360813140869141e-01,9.288247227668762207e-01,-1.953203827142715454e-01,-1.223285794258117676e-01,-4.205239936709403992e-02,1.917082965373992920e-01,1.325670778751373291e-01,-5.332807302474975586e-01,8.783612847328186035e-01,1.673350781202316284e-01,-5.310094729065895081e-02,-1.291181296110153198e-01
-5.310083739459514618e-03,-2.513394355773925781e+00,8.202916979789733887e-01,4.963550716638565063e-03,1.457543671131134033e-02,-7.303785085678100586e-01,6.828690171241760254e-01,1.516667753458023071e-01,1.479004323482513428e-02,1.382288038730621338e-01,-8.007993549108505249e-02,-1.527643501758575439e-01,-7.078517228364944458e-03,1.134678944945335388e-01,-1.855736784636974335e-02,-1.538165062665939331e-01,3.687478229403495789e-02,-2.546170651912689209e-01,1.973326131701469421e-02,2.639277838170528412e-02,1.038965210318565369e-02,9.889607131481170654e-02,1.405992209911346436e-01,-2.042718082666397095e-01,7.194437384605407715e-01,9.355199933052062988e-01,-1.954322308301925659e-01,-1.234920769929885864e-01,-4.363157227635383606e-02,1.884542703628540039e-01,1.306550055742263794e-01,-5.340656042098999023e-01,8.828181624412536621e-01,1.681265980005264282e-01,-5.316356569528579712e-02,-1.314460933208465576e-01
-5.295943468809127808e-03,-2.513309717178344727e+00,8.203338384628295898e-01,4.490355495363473892e-03,1.429166458547115326e-02,-7.308724522590637207e-01,6.823496818542480469e-01,1.530724018812179565e-01,1.515727210789918900e-02,1.399304568767547607e-01,-8.023368567228317261e-02,-1.527663767337799072e-01,-7.230150979012250900e-03,1.143258139491081238e-01,-1.809959486126899719e-02,-1.521758437156677246e-01,3.668810799717903137e-02,-2.542706131935119629e-01,1.937176287174224854e-02,2.786044031381607056e-02,1.053909491747617722e-02,9.983112663030624390e-02,1.390342563390731812e-01,-2.029434889554977417e-01,7.201252579689025879e-01,9.377772212028503418e-01,-1.953174918889999390e-01,-1.238172873854637146e-01,-4.435631260275840759e-02,1.870448887348175049e-01,1.301213204860687256e-01,-5.347337722778320312e-01,8.839715123176574707e-01,1.688567996025085449e-01,-5.331442877650260925e-02,-1.320728957653045654e-01
-5.265654064714908600e-03,-2.513285398483276367e+00,8.203701972961425781e-01,4.292786587029695511e-03,1.418694294989109039e-02,-7.310357689857482910e-01,6.821781396865844727e-01,1.535588204860687256e-01,1.529840379953384399e-02,1.404664069414138794e-01,-8.014751225709915161e-02,-1.527751535177230835e-01,-7.334402296692132950e-03,1.146736145019531250e-01,-1.793060265481472015e-02,-1.516165584325790405e-01,3.666983544826507568e-02,-2.541917264461517334e-01,1.923243887722492218e-02,2.802854403853416443e-02,1.048643514513969421e-02,1.000856757164001465e-01,1.387240141630172729e-01,-2.018893957138061523e-01,7.200734615325927734e-01,9.387513995170593262e-01,-1.952496170997619629e-01,-1.238219588994979858e-01,-4.483806714415550232e-02,1.864133179187774658e-01,1.298994868993759155e-01,-5.345915555953979492e-01,8.840951323509216309e-01,1.695113480091094971e-01,-5.398624017834663391e-02,-1.313426196575164795e-01
-5.249829962849617004e-03,-2.513255357742309570e+00,8.204049468040466309e-01,4.203932359814643860e-03,1.414444949477910995e-02,-7.310212254524230957e-01,6.821951866149902344e-01,1.536476463079452515e-01,1.536897104233503342e-02,1.405315548181533813e-01,-8.000222593545913696e-02,-1.527614444494247437e-01,-7.404329255223274231e-03,1.148459464311599731e-01,-1.785665191709995270e-02,-1.515145152807235718e-01,3.667358309030532837e-02,-2.541849017143249512e-01,1.925918459892272949e-02,2.805413678288459778e-02,1.045008096843957901e-02,1.000877618789672852e-01,1.381518989801406860e-01,-2.012354284524917603e-01,7.203203439712524414e-01,9.391791820526123047e-01,-1.954139620065689087e-01,-1.235724538564682007e-01,-4.532461613416671753e-02,1.861726343631744385e-01,1.295823901891708374e-01,-5.342741608619689941e-01,8.841245174407958984e-01,1.697645932435989380e-01,-5.449769273400306702e-02,-1.307641267776489258e-01
-5.218009930104017258e-03,-2.513217449188232422e+00,8.204320073127746582e-01,4.141874145716428757e-03,1.412496902048587799e-02,-7.309532165527343750e-01,6.822688579559326172e-01,1.535926163196563721e-01,1.541425194591283798e-02,1.404216438531875610e-01,-7.981278002262115479e-02,-1.528172343969345093e-01,-7.319097407162189484e-03,1.149165183305740356e-01,-1.782538555562496185e-02,-1.515343487262725830e-01,3.673319518566131592e-02,-2.542185485363006592e-01,1.929461397230625153e-02,2.797652594745159149e-02,1.054354384541511536e-02,1.000840589404106140e-01,1.376210153102874756e-01,-2.008653432130813599e-01,7.205587029457092285e-01,9.394795894622802734e-01,-1.954609602689743042e-01,-1.240605786442756653e-01,-4.590523988008499146e-02,1.856946647167205811e-01,1.292017102241516113e-01,-5.345115661621093750e-01,8.843463063240051270e-01,1.697495579719543457e-01,-5.453481525182723999e-02,-1.304673403501510620e-01
-5.187429953366518021e-03,-2.513183355331420898e+00,8.204495310783386230e-01,4.100004676729440689e-03,1.411564275622367859e-02,-7.309358716011047363e-01,6.822878122329711914e-01,1.535112112760543823e-01,1.544196065515279770e-02,1.403983980417251587e-01,-7.959994673728942871e-02,-1.528949588537216187e-01,-7.225869689136743546e-03,1.149184405803680420e-01,-1.780610159039497375e-02,-1.515504419803619385e-01,3.678879141807556152e-02,-2.542691230773925781e-01,1.921950653195381165e-02,2.788841538131237030e-02,1.044790446758270264e-02,1.000345051288604736e-01,1.372848004102706909e-01,-2.002857029438018799e-01,7.207387685775756836e-01,9.397993087768554688e-01,-1.951515525579452515e-01,-1.247463300824165344e-01,-4.605590924620628357e-02,1.850232332944869995e-01,1.288270205259323120e-01,-5.346670150756835938e-01,8.845766186714172363e-01,1.696277558803558350e-01,-5.452964454889297485e-02,-1.306505948305130005e-01
-5.163313355296850204e-03,-2.513117551803588867e+00,8.204776644706726074e-01,4.063544794917106628e-03,1.410216651856899261e-02,-7.309350371360778809e-01,6.822892427444458008e-01,1.534112393856048584e-01,1.545536611229181290e-02,1.403533667325973511e-01,-7.942799478769302368e-02,-1.529206037521362305e-01,-7.254264783114194870e-03,1.148777902126312256e-01,-1.779732666909694672e-02,-1.515658497810363770e-01,3.682932630181312561e-02,-2.541334331035614014e-01,1.916885748505592346e-02,2.785907126963138580e-02,1.044775731861591339e-02,1.000031381845474243e-01,1.369758397340774536e-01,-1.997632384300231934e-01,7.206109166145324707e-01,9.399191737174987793e-01,-1.941432952880859375e-01,-1.254833787679672241e-01,-4.605432599782943726e-02,1.841554939746856689e-01,1.286712586879730225e-01,-5.352935791015625000e-01,8.845654726028442383e-01,1.696599721908569336e-01,-5.469716340303421021e-02,-1.306959986686706543e-01
-5.149214528501033783e-03,-2.513024330139160156e+00,8.205313682556152344e-01,4.031352233141660690e-03,1.410164125263690948e-02,-7.309538722038269043e-01,6.822692751884460449e-01,1.532743573188781738e-01,1.550114899873733521e-02,1.403563171625137329e-01,-7.930792868137359619e-02,-1.529144793748855591e-01,-7.193650119006633759e-03,1.147829294204711914e-01,-1.775717549026012421e-02,-1.515085697174072266e-01,3.676461055874824524e-02,-2.538552582263946533e-01,1.908283494412899017e-02,2.774519100785255432e-02,1.046832650899887085e-02,1.000944450497627258e-01,1.363457143306732178e-01,-1.989181041717529297e-01,7.208935022354125977e-01,9.403840303421020508e-01,-1.938567757606506348e-01,-1.260409057140350342e-01,-4.696248099207878113e-02,1.830907762050628662e-01,1.285406947135925293e-01,-5.358873605728149414e-01,8.847863078117370605e-01,1.703689396381378174e-01,-5.495226383209228516e-02,-1.297970265150070190e-01
-5.149065982550382614e-03,-2.512966871261596680e+00,8.205735087394714355e-01,4.070925526320934296e-03,1.414814125746488571e-02,-7.309968471527099609e-01,6.822220087051391602e-01,1.530625820159912109e-01,1.552059128880500793e-02,1.403630077838897705e-01,-7.929209619760513306e-02,-1.529066860675811768e-01,-7.152778562158346176e-03,1.146625876426696777e-01,-1.770724914968013763e-02,-1.514911800622940063e-01,3.649684414267539978e-02,-2.535621821880340576e-01,1.903186365962028503e-02,2.776740118861198425e-02,1.040923967957496643e-02,1.001736149191856384e-01,1.365116834640502930e-01,-1.975976377725601196e-01,7.197000384330749512e-01,9.406101107597351074e-01,-1.927668452262878418e-01,-1.272069215774536133e-01,-4.682677984237670898e-02,1.823337525129318237e-01,1.281900256872177124e-01,-5.360310673713684082e-01,8.847812414169311523e-01,1.710720956325531006e-01,-5.483192950487136841e-02,-1.288273781538009644e-01
-5.117343273013830185e-03,-2.512903928756713867e+00,8.206261992454528809e-01,4.065373912453651428e-03,1.424685586243867874e-02,-7.310374379158020020e-01,6.821764707565307617e-01,1.528556942939758301e-01,1.563916169106960297e-02,1.403956264257431030e-01,-7.930006831884384155e-02,-1.527820229530334473e-01,-7.086614612489938736e-03,1.144269704818725586e-01,-1.759340055286884308e-02,-1.514067649841308594e-01,3.641806542873382568e-02,-2.531802952289581299e-01,1.916728354990482330e-02,2.792447246611118317e-02,1.026143319904804230e-02,1.001452580094337463e-01,1.363393366336822510e-01,-1.971836686134338379e-01,7.197450995445251465e-01,9.402892589569091797e-01,-1.916286349296569824e-01,-1.276852488517761230e-01,-4.641731455922126770e-02,1.821228712797164917e-01,1.272935718297958374e-01,-5.346540212631225586e-01,8.846124410629272461e-01,1.706979870796203613e-01,-5.480158701539039612e-02,-1.289287060499191284e-01
-5.055110901594161987e-03,-2.512793779373168945e+00,8.206938505172729492e-01,4.012158606201410294e-03,1.433936227113008499e-02,-7.310722470283508301e-01,6.821375489234924316e-01,1.526468545198440552e-01,1.578638143837451935e-02,1.404308825731277466e-01,-7.932621240615844727e-02,-1.525541692972183228e-01,-6.990422029048204422e-03,1.141713187098503113e-01,-1.744869537651538849e-02,-1.513368636369705200e-01,3.636394068598747253e-02,-2.527478337287902832e-01,1.930842176079750061e-02,2.833027765154838562e-02,1.014980394393205643e-02,9.989205002784729004e-02,1.348758488893508911e-01,-1.970268338918685913e-01,7.220113873481750488e-01,9.406614303588867188e-01,-1.916784495115280151e-01,-1.279772967100143433e-01,-4.677353799343109131e-02,1.814502626657485962e-01,1.265108436346054077e-01,-5.343874692916870117e-01,8.850328922271728516e-01,1.705404072999954224e-01,-5.449714511632919312e-02,-1.301406770944595337e-01
-5.022255703806877136e-03,-2.512645959854125977e+00,8.207536935806274414e-01,4.004779271781444550e-03,1.440810877829790115e-02,-7.311204671859741211e-01,6.820845007896423340e-01,1.523644626140594482e-01,1.587326638400554657e-02,1.405011713504791260e-01,-7.939380407333374023e-02,-1.522792875766754150e-01,-6.972359493374824524e-03,1.138562485575675964e-01,-1.735815778374671936e-02,-1.512608379125595093e-01,3.622420504689216614e-02,-2.523854374885559082e-01,1.928164437413215637e-02,2.864614501595497131e-02,1.025289855897426605e-02,1.000192537903785706e-01,1.333596408367156982e-01,-1.963565498590469360e-01,7.235692143440246582e-01,9.414190649986267090e-01,-1.916217207908630371e-01,-1.285165101289749146e-01,-4.788438975811004639e-02,1.804400980472564697e-01,1.257841736078262329e-01,-5.343667268753051758e-01,8.854868412017822266e-01,1.702465116977691650e-01,-5.425494536757469177e-02,-1.316562891006469727e-01
-4.950336646288633347e-03,-2.512530088424682617e+00,8.207973241806030273e-01,3.982800990343093872e-03,1.447320170700550079e-02,-7.312082052230834961e-01,6.819891929626464844e-01,1.521915495395660400e-01,1.590299978852272034e-02,1.405811309814453125e-01,-7.946950197219848633e-02,-1.521395742893218994e-01,-6.946725770831108093e-03,1.135673820972442627e-01,-1.731626875698566437e-02,-1.511177122592926025e-01,3.618107736110687256e-02,-2.520574331283569336e-01,1.940225809812545776e-02,2.887321077287197113e-02,1.034289877861738205e-02,9.994460642337799072e-02,1.324206143617630005e-01,-1.955023109912872314e-01,7.243282198905944824e-01,9.421181678771972656e-01,-1.912516355514526367e-01,-1.290732026100158691e-01,-4.835389554500579834e-02,1.793711781501770020e-01,1.249868124723434448e-01,-5.346225500106811523e-01,8.860124945640563965e-01,1.700263172388076782e-01,-5.398104712367057800e-02,-1.326822638511657715e-01
-4.912171047180891037e-03,-2.512418985366821289e+00,8.208339810371398926e-01,3.996282815933227539e-03,1.455576624721288681e-02,-7.312553524971008301e-01,6.819367408752441406e-01,1.519478410482406616e-01,1.596916094422340393e-02,1.406353414058685303e-01,-7.960683852434158325e-02,-1.519200652837753296e-01,-6.896883714944124222e-03,1.132815703749656677e-01,-1.722952164709568024e-02,-1.510355025529861450e-01,3.599764779210090637e-02,-2.518187463283538818e-01,1.943629980087280273e-02,2.898446656763553619e-02,1.042305398732423782e-02,9.995061159133911133e-02,1.317038983106613159e-01,-1.946247816085815430e-01,7.250084877014160156e-01,9.425211548805236816e-01,-1.910440772771835327e-01,-1.295362114906311035e-01,-4.887771233916282654e-02,1.783587932586669922e-01,1.242856532335281372e-01,-5.348846912384033203e-01,8.865345120429992676e-01,1.701819598674774170e-01,-5.355921387672424316e-02,-1.328003704547882080e-01
-4.899822641164064407e-03,-2.512318611145019531e+00,8.208796381950378418e-01,4.025514237582683563e-03,1.462379470467567444e-02,-7.312775850296020508e-01,6.819112896919250488e-01,1.517223119735717773e-01,1.602095924317836761e-02,1.406546384096145630e-01,-7.976684719324111938e-02,-1.516839116811752319e-01,-6.888985168188810349e-03,1.130144745111465454e-01,-1.715733669698238373e-02,-1.509689092636108398e-01,3.586055710911750793e-02,-2.516013383865356445e-01,1.945802196860313416e-02,2.903754450380802155e-02,1.049322634935379028e-02,9.981641173362731934e-02,1.313475221395492554e-01,-1.932470500469207764e-01,7.246181368827819824e-01,9.427170753479003906e-01,-1.905921399593353271e-01,-1.300854086875915527e-01,-4.936040937900543213e-02,1.776424944400787354e-01,1.237308830022811890e-01,-5.350442528724670410e-01,8.867987394332885742e-01,1.707223802804946899e-01,-5.333425477147102356e-02,-1.313637495040893555e-01
-4.872614517807960510e-03,-2.512293100357055664e+00,8.208896517753601074e-01,4.151181783527135849e-03,1.480361726135015488e-02,-7.312723994255065918e-01,6.819122433662414551e-01,1.513302326202392578e-01,1.607053913176059723e-02,1.406248509883880615e-01,-7.999949157238006592e-02,-1.517103910446166992e-01,-6.876319646835327148e-03,1.126294881105422974e-01,-1.705681718885898590e-02,-1.509441882371902466e-01,3.560764342546463013e-02,-2.516612708568572998e-01,1.932775229215621948e-02,2.894343063235282898e-02,1.029695477336645126e-02,9.941223263740539551e-02,1.321593523025512695e-01,-1.919252425432205200e-01,7.230350971221923828e-01,9.418934583663940430e-01,-1.892075091600418091e-01,-1.298098564147949219e-01,-4.981273785233497620e-02,1.779834032058715820e-01,1.226498261094093323e-01,-5.331164002418518066e-01,8.863036036491394043e-01,1.722354292869567871e-01,-5.278680473566055298e-02,-1.296729892492294312e-01
-4.818791057914495468e-03,-2.512274026870727539e+00,8.209258913993835449e-01,4.242423456162214279e-03,1.489913929253816605e-02,-7.312688231468200684e-01,6.819134354591369629e-01,1.510257720947265625e-01,1.599903777241706848e-02,1.404986530542373657e-01,-8.006060868501663208e-02,-1.516263931989669800e-01,-6.824262440204620361e-03,1.123497709631919861e-01,-1.710508577525615692e-02,-1.509559601545333862e-01,3.548558801412582397e-02,-2.515246272087097168e-01,1.927974633872509003e-02,2.906186506152153015e-02,1.040795817971229553e-02,9.920457750558853149e-02,1.319562941789627075e-01,-1.913639605045318604e-01,7.230136394500732422e-01,9.413065314292907715e-01,-1.891686916351318359e-01,-1.285472512245178223e-01,-5.010604485869407654e-02,1.782313138246536255e-01,1.222637742757797241e-01,-5.323081612586975098e-01,8.855987191200256348e-01,1.728290468454360962e-01,-5.266541615128517151e-02,-1.295390874147415161e-01
-4.792723804712295532e-03,-2.512276411056518555e+00,8.209470510482788086e-01,4.378346726298332214e-03,1.492171548306941986e-02,-7.312894463539123535e-01,6.818899512290954590e-01,1.508364528417587280e-01,1.577147282660007477e-02,1.404813826084136963e-01,-8.017888665199279785e-02,-1.516061872243881226e-01,-6.760891061276197433e-03,1.122354194521903992e-01,-1.727137714624404907e-02,-1.509552150964736938e-01,3.515521809458732605e-02,-2.516046762466430664e-01,1.904408633708953857e-02,2.921722270548343658e-02,1.059831213206052780e-02,9.883436560630798340e-02,1.322121620178222656e-01,-1.900507658720016479e-01,7.215309739112854004e-01,9.410153031349182129e-01,-1.898306459188461304e-01,-1.272373050451278687e-01,-4.970987513661384583e-02,1.784881502389907837e-01,1.222710385918617249e-01,-5.320050716400146484e-01,8.847767710685729980e-01,1.723835766315460205e-01,-5.262020975351333618e-02,-1.302277743816375732e-01
-4.737161565572023392e-03,-2.512284755706787109e+00,8.209825158119201660e-01,4.402493126690387726e-03,1.494010910391807556e-02,-7.313073277473449707e-01,6.818702816963195801e-01,1.508156508207321167e-01,1.568218879401683807e-02,1.405160427093505859e-01,-8.024825900793075562e-02,-1.516072452068328857e-01,-6.562597583979368210e-03,1.122075319290161133e-01,-1.736621372401714325e-02,-1.509156525135040283e-01,3.508536145091056824e-02,-2.514496743679046631e-01,1.927437633275985718e-02,2.941185794770717621e-02,1.079517137259244919e-02,9.826578944921493530e-02,1.324312984943389893e-01,-1.898777931928634644e-01,7.211038470268249512e-01,9.407007694244384766e-01,-1.898995339870452881e-01,-1.274027079343795776e-01,-4.850361868739128113e-02,1.787900030612945557e-01,1.218914166092872620e-01,-5.314676165580749512e-01,8.841913938522338867e-01,1.714208275079727173e-01,-5.283437296748161316e-02,-1.296082884073257446e-01
-4.684251733124256134e-03,-2.512251377105712891e+00,8.209916353225708008e-01,4.426740109920501709e-03,1.491946820169687271e-02,-7.313190698623657227e-01,6.818578839302062988e-01,1.507123559713363647e-01,1.554420124739408493e-02,1.405321955680847168e-01,-8.017054200172424316e-02,-1.515140980482101440e-01,-6.485798396170139313e-03,1.124163940548896790e-01,-1.747548766434192657e-02,-1.509786695241928101e-01,3.450176492333412170e-02,-2.511924803256988525e-01,1.920494809746742249e-02,2.965166047215461731e-02,1.078038848936557770e-02,9.782627969980239868e-02,1.318128257989883423e-01,-1.898898035287857056e-01,7.218898534774780273e-01,9.408083558082580566e-01,-1.897919923067092896e-01,-1.278165429830551147e-01,-4.722762852907180786e-02,1.785277575254440308e-01,1.217899546027183533e-01,-5.316634774208068848e-01,8.842825889587402344e-01,1.706923842430114746e-01,-5.322746932506561279e-02,-1.292148232460021973e-01
-4.639531951397657394e-03,-2.512200355529785156e+00,8.209742307662963867e-01,4.379989579319953918e-03,1.481831353157758713e-02,-7.312964797019958496e-01,6.818847060203552246e-01,1.507197767496109009e-01,1.539451535791158676e-02,1.405215114355087280e-01,-7.994654774665832520e-02,-1.515612751245498657e-01,-6.442769896239042282e-03,1.127478182315826416e-01,-1.758910156786441803e-02,-1.509532928466796875e-01,3.408064693212509155e-02,-2.510144412517547607e-01,1.921416260302066803e-02,2.988087385892868042e-02,1.072716247290372849e-02,9.753194451332092285e-02,1.307500451803207397e-01,-1.902096271514892578e-01,7.236229777336120605e-01,9.410928487777709961e-01,-1.898464411497116089e-01,-1.279324442148208618e-01,-4.715118184685707092e-02,1.779310703277587891e-01,1.218577474355697632e-01,-5.326172113418579102e-01,8.846527934074401855e-01,1.704393327236175537e-01,-5.355638265609741211e-02,-1.291304677724838257e-01
-4.588325042277574539e-03,-2.512150526046752930e+00,8.210027813911437988e-01,4.298462998121976852e-03,1.473108585923910141e-02,-7.312983870506286621e-01,6.818850636482238770e-01,1.507662385702133179e-01,1.533166412264108658e-02,1.405372023582458496e-01,-7.967983186244964600e-02,-1.515096426010131836e-01,-6.458196323364973068e-03,1.130628436803817749e-01,-1.766202971339225769e-02,-1.509053260087966919e-01,3.380379825830459595e-02,-2.506933808326721191e-01,1.949277520179748535e-02,2.992538362741470337e-02,1.068907324224710464e-02,9.742376953363418579e-02,1.300993710756301880e-01,-1.898781955242156982e-01,7.241109013557434082e-01,9.418592453002929688e-01,-1.902746260166168213e-01,-1.273573338985443115e-01,-4.788770526647567749e-02,1.771656125783920288e-01,1.218543872237205505e-01,-5.333216786384582520e-01,8.852388262748718262e-01,1.706868857145309448e-01,-5.376862362027168274e-02,-1.299711912870407104e-01
-4.573245998471975327e-03,-2.512142419815063477e+00,8.210389614105224609e-01,4.237936809659004211e-03,1.467439718544483185e-02,-7.312598824501037598e-01,6.819279193878173828e-01,1.508010327816009521e-01,1.532878726720809937e-02,1.404671072959899902e-01,-7.946881651878356934e-02,-1.514497250318527222e-01,-6.376087199896574020e-03,1.133145913481712341e-01,-1.763729937374591827e-02,-1.508822292089462280e-01,3.359004855155944824e-02,-2.504187524318695068e-01,1.948059536516666412e-02,3.002595901489257812e-02,1.082312129437923431e-02,9.701445698738098145e-02,1.299254596233367920e-01,-1.899124532938003540e-01,7.242665290832519531e-01,9.424433708190917969e-01,-1.910600066184997559e-01,-1.272317916154861450e-01,-4.819067567586898804e-02,1.769540309906005859e-01,1.219211071729660034e-01,-5.335933566093444824e-01,8.856974840164184570e-01,1.710909008979797363e-01,-5.364458262920379639e-02,-1.316265910863876343e-01
-4.540931899100542068e-03,-2.512142181396484375e+00,8.210524916648864746e-01,4.223683383315801620e-03,1.467186491936445236e-02,-7.312096953392028809e-01,6.819818615913391113e-01,1.507207900285720825e-01,1.530173234641551971e-02,1.404167711734771729e-01,-7.931997627019882202e-02,-1.515082716941833496e-01,-6.187968887388706207e-03,1.133435741066932678e-01,-1.766282692551612854e-02,-1.508645713329315186e-01,3.364239260554313660e-02,-2.504357993602752686e-01,1.941435597836971283e-02,3.003425896167755127e-02,1.106841024011373520e-02,9.683996438980102539e-02,1.298043131828308105e-01,-1.903365254402160645e-01,7.248177528381347656e-01,9.427407383918762207e-01,-1.920849680900573730e-01,-1.275833845138549805e-01,-4.794239625334739685e-02,1.772261410951614380e-01,1.215197890996932983e-01,-5.326784849166870117e-01,8.857459425926208496e-01,1.712963134050369263e-01,-5.321336910128593445e-02,-1.318553984165191650e-01
-4.502807743847370148e-03,-2.512159347534179688e+00,8.210341930389404297e-01,4.176302347332239151e-03,1.464030239731073380e-02,-7.311469316482543945e-01,6.820501685142517090e-01,1.507358551025390625e-01,1.527059357613325119e-02,1.403096467256546021e-01,-7.910594344139099121e-02,-1.517237722873687744e-01,-6.045419257134199142e-03,1.134138628840446472e-01,-1.771347410976886749e-02,-1.509132534265518188e-01,3.383837267756462097e-02,-2.506114244461059570e-01,1.941906660795211792e-02,3.008659370243549347e-02,1.121650543063879013e-02,9.664127230644226074e-02,1.299603581428527832e-01,-1.908548921346664429e-01,7.244670987129211426e-01,9.428369998931884766e-01,-1.926010698080062866e-01,-1.278434395790100098e-01,-4.771048948168754578e-02,1.774757653474807739e-01,1.214163750410079956e-01,-5.323349833488464355e-01,8.858931064605712891e-01,1.714449524879455566e-01,-5.278274044394493103e-02,-1.312925219535827637e-01
-4.468574188649654388e-03,-2.512176275253295898e+00,8.210204243659973145e-01,4.116265103220939636e-03,1.460241526365280151e-02,-7.311055064201354980e-01,6.820957064628601074e-01,1.508348733186721802e-01,1.528411172330379486e-02,1.402900069952011108e-01,-7.891652733087539673e-02,-1.519142240285873413e-01,-6.109371781349182129e-03,1.135051473975181580e-01,-1.776144467294216156e-02,-1.510344594717025757e-01,3.413231298327445984e-02,-2.507651746273040771e-01,1.953598670661449432e-02,3.020868077874183655e-02,1.132423803210258484e-02,9.649238735437393188e-02,1.304464787244796753e-01,-1.912894397974014282e-01,7.234161496162414551e-01,9.425215721130371094e-01,-1.929687112569808960e-01,-1.273096501827239990e-01,-4.740949347615242004e-02,1.778195649385452271e-01,1.215538084506988525e-01,-5.320751667022705078e-01,8.859125375747680664e-01,1.714033782482147217e-01,-5.255896598100662231e-02,-1.309553235769271851e-01
-4.500794690102338791e-03,-2.512231826782226562e+00,8.209794163703918457e-01,4.137882962822914124e-03,1.455981936305761337e-02,-7.310246825218200684e-01,6.821830868721008301e-01,1.509297788143157959e-01,1.524434052407741547e-02,1.402422189712524414e-01,-7.890754193067550659e-02,-1.521715521812438965e-01,-6.475321017205715179e-03,1.136649250984191895e-01,-1.782579720020294189e-02,-1.511933952569961548e-01,3.423390910029411316e-02,-2.510877251625061035e-01,1.944622211158275604e-02,3.032510541379451752e-02,1.117675472050905228e-02,9.623758494853973389e-02,1.313035488128662109e-01,-1.914899647235870361e-01,7.220231890678405762e-01,9.416221380233764648e-01,-1.926816850900650024e-01,-1.260223239660263062e-01,-4.735016822814941406e-02,1.786082386970520020e-01,1.221130490303039551e-01,-5.316837430000305176e-01,8.856058120727539062e-01,1.712541431188583374e-01,-5.267674475908279419e-02,-1.306650489568710327e-01
-4.476256668567657471e-03,-2.512246847152709961e+00,8.209224343299865723e-01,4.096754360944032669e-03,1.451033540070056915e-02,-7.309757471084594727e-01,6.822368502616882324e-01,1.511012315750122070e-01,1.517366990447044373e-02,1.401554793119430542e-01,-7.890968769788742065e-02,-1.524460315704345703e-01,-6.542689632624387741e-03,1.138635575771331787e-01,-1.789997518062591553e-02,-1.512686908245086670e-01,3.427748009562492371e-02,-2.512238323688507080e-01,1.944466866552829742e-02,3.021976351737976074e-02,1.126037631183862686e-02,9.620832651853561401e-02,1.319898217916488647e-01,-1.923882216215133667e-01,7.216742634773254395e-01,9.409361481666564941e-01,-1.922868788242340088e-01,-1.256430149078369141e-01,-4.732099920511245728e-02,1.788875609636306763e-01,1.227385923266410828e-01,-5.320509076118469238e-01,8.856890797615051270e-01,1.718966215848922729e-01,-5.246356502175331116e-02,-1.290973126888275146e-01
-4.470128100365400314e-03,-2.512258529663085938e+00,8.208642601966857910e-01,4.047327674925327301e-03,1.442537270486354828e-02,-7.309066653251647949e-01,6.823129653930664062e-01,1.513242274522781372e-01,1.510016992688179016e-02,1.400841325521469116e-01,-7.891668379306793213e-02,-1.525091230869293213e-01,-6.475575268268585205e-03,1.141476854681968689e-01,-1.800432801246643066e-02,-1.514380127191543579e-01,3.432727605104446411e-02,-2.514148056507110596e-01,1.969901844859123230e-02,3.020257130265235901e-02,1.126604061573743820e-02,9.632763266563415527e-02,1.322348415851593018e-01,-1.932261288166046143e-01,7.219902276992797852e-01,9.407612085342407227e-01,-1.925274431705474854e-01,-1.260696053504943848e-01,-4.756360501050949097e-02,1.792626082897186279e-01,1.231688335537910461e-01,-5.314702987670898438e-01,8.856407999992370605e-01,1.721630096435546875e-01,-5.227473750710487366e-02,-1.280809938907623291e-01
-4.496345296502113342e-03,-2.512234210968017578e+00,8.208068013191223145e-01,4.053789656609296799e-03,1.432679127901792526e-02,-7.308701276779174805e-01,6.823540925979614258e-01,1.514944583177566528e-01,1.497516408562660217e-02,1.400646716356277466e-01,-7.902973145246505737e-02,-1.524916142225265503e-01,-6.527212448418140411e-03,1.143069714307785034e-01,-1.815374381840229034e-02,-1.515511721372604370e-01,3.436115384101867676e-02,-2.515611648559570312e-01,1.974410004913806915e-02,3.015649504959583282e-02,1.112369261682033539e-02,9.680594503879547119e-02,1.330069005489349365e-01,-1.933425515890121460e-01,7.206177115440368652e-01,9.405009746551513672e-01,-1.919329017400741577e-01,-1.266389638185501099e-01,-4.758535698056221008e-02,1.795457154512405396e-01,1.243550702929496765e-01,-5.311896800994873047e-01,8.851333260536193848e-01,1.716213971376419067e-01,-5.302337929606437683e-02,-1.289989650249481201e-01
-4.531853832304477692e-03,-2.512203693389892578e+00,8.207783102989196777e-01,4.039756953716278076e-03,1.428635790944099426e-02,-7.308526635169982910e-01,6.823737621307373047e-01,1.515784561634063721e-01,1.497550774365663528e-02,1.399237364530563354e-01,-7.910403609275817871e-02,-1.525511145591735840e-01,-6.667670793831348419e-03,1.143981367349624634e-01,-1.815786398947238922e-02,-1.515675783157348633e-01,3.434882313013076782e-02,-2.516816556453704834e-01,1.989556849002838135e-02,3.012492135167121887e-02,1.089247502386569977e-02,9.699487686157226562e-02,1.338739991188049316e-01,-1.936580538749694824e-01,7.196097970008850098e-01,9.400523304939270020e-01,-1.912106573581695557e-01,-1.271852999925613403e-01,-4.770577698945999146e-02,1.800648123025894165e-01,1.254038363695144653e-01,-5.304423570632934570e-01,8.845995664596557617e-01,1.709462106227874756e-01,-5.339022725820541382e-02,-1.305494755506515503e-01
-4.531811922788619995e-03,-2.512149572372436523e+00,8.207309246063232422e-01,4.049956798553466797e-03,1.429871935397386551e-02,-7.308428287506103516e-01,6.823840141296386719e-01,1.515873670578002930e-01,1.497227977961301804e-02,1.398967802524566650e-01,-7.929596304893493652e-02,-1.525518894195556641e-01,-6.799138151109218597e-03,1.143432334065437317e-01,-1.816009357571601868e-02,-1.515571326017379761e-01,3.432643041014671326e-02,-2.518463730812072754e-01,2.001385763287544250e-02,3.006270714104175568e-02,1.094985660165548325e-02,9.735421836376190186e-02,1.342209279537200928e-01,-1.944057494401931763e-01,7.197781801223754883e-01,9.397280216217041016e-01,-1.910135895013809204e-01,-1.279770433902740479e-01,-4.778971895575523376e-02,1.804670840501785278e-01,1.260008662939071655e-01,-5.293106436729431152e-01,8.839708566665649414e-01,1.699841469526290894e-01,-5.375029146671295166e-02,-1.316391229629516602e-01
-4.515456967055797577e-03,-2.512044906616210938e+00,8.207027316093444824e-01,4.052694886922836304e-03,1.429340802133083344e-02,-7.308265566825866699e-01,6.824015378952026367e-01,1.515763700008392334e-01,1.493227295577526093e-02,1.398934423923492432e-01,-7.962264120578765869e-02,-1.523541659116744995e-01,-6.831715814769268036e-03,1.141159310936927795e-01,-1.820268854498863220e-02,-1.515216529369354248e-01,3.456417843699455261e-02,-2.520405054092407227e-01,1.997067779302597046e-02,3.025447018444538116e-02,1.116112340241670609e-02,9.776943922042846680e-02,1.336072683334350586e-01,-1.954636573791503906e-01,7.208573818206787109e-01,9.400671720504760742e-01,-1.917108446359634399e-01,-1.276453882455825806e-01,-4.770547896623611450e-02,1.804580092430114746e-01,1.267418861389160156e-01,-5.294548273086547852e-01,8.838019967079162598e-01,1.694575250148773193e-01,-5.385806411504745483e-02,-1.308316290378570557e-01
-4.500198177993297577e-03,-2.511927127838134766e+00,8.206782937049865723e-01,4.069302696734666824e-03,1.425500959157943726e-02,-7.308347225189208984e-01,6.823934316635131836e-01,1.515948176383972168e-01,1.484463457018136978e-02,1.399056613445281982e-01,-7.995338737964630127e-02,-1.521854847669601440e-01,-6.913896184414625168e-03,1.137585714459419250e-01,-1.832795329391956329e-02,-1.513670682907104492e-01,3.500486910343170166e-02,-2.524653375148773193e-01,1.982108131051063538e-02,3.044112585484981537e-02,1.126892119646072388e-02,9.820404648780822754e-02,1.329844295978546143e-01,-1.959326267242431641e-01,7.215571999549865723e-01,9.404216408729553223e-01,-1.920667439699172974e-01,-1.272841840982437134e-01,-4.747565463185310364e-02,1.801432073116302490e-01,1.272681206464767456e-01,-5.296723246574401855e-01,8.840501904487609863e-01,1.694258004426956177e-01,-5.393612757325172424e-02,-1.296745985746383667e-01
-4.494331311434507370e-03,-2.511787652969360352e+00,8.206709623336791992e-01,4.093579482287168503e-03,1.422593090683221817e-02,-7.308610081672668457e-01,6.823657751083374023e-01,1.515631824731826782e-01,1.474443636834621429e-02,1.399065554141998291e-01,-8.023517578840255737e-02,-1.520189940929412842e-01,-6.861619651317596436e-03,1.132048889994621277e-01,-1.844307221472263336e-02,-1.510882526636123657e-01,3.580695763230323792e-02,-2.531574368476867676e-01,1.952236145734786987e-02,3.043413162231445312e-02,1.123582851141691208e-02,9.902008622884750366e-02,1.328070312738418579e-01,-1.961776167154312134e-01,7.215957045555114746e-01,9.405393004417419434e-01,-1.919744163751602173e-01,-1.270912587642669678e-01,-4.741482436656951904e-02,1.797358542680740356e-01,1.277967393398284912e-01,-5.293096303939819336e-01,8.841382861137390137e-01,1.697058230638504028e-01,-5.392466485500335693e-02,-1.297761201858520508e-01
-4.505897406488656998e-03,-2.511626958847045898e+00,8.206083178520202637e-01,4.091676790267229080e-03,1.418654061853885651e-02,-7.307651638984680176e-01,6.824692487716674805e-01,1.514228433370590210e-01,1.465750765055418015e-02,1.394657194614410400e-01,-8.039008826017379761e-02,-1.522686034440994263e-01,-6.616081111133098602e-03,1.124671921133995056e-01,-1.852720044553279877e-02,-1.508800089359283447e-01,3.720037639141082764e-02,-2.543926835060119629e-01,1.910185255110263824e-02,3.040771186351776123e-02,1.128569897264242172e-02,9.995131194591522217e-02,1.323851197957992554e-01,-1.965057551860809326e-01,7.218502759933471680e-01,9.403778910636901855e-01,-1.921097338199615479e-01,-1.268947124481201172e-01,-4.806144535541534424e-02,1.795310974121093750e-01,1.284376382827758789e-01,-5.291048288345336914e-01,8.838639259338378906e-01,1.698070168495178223e-01,-5.396632105112075806e-02,-1.306110620498657227e-01
-4.545571748167276382e-03,-2.511468172073364258e+00,8.205522298812866211e-01,4.021388012915849686e-03,1.407200749963521957e-02,-7.306182384490966797e-01,6.826293468475341797e-01,1.510056853294372559e-01,1.462801638990640640e-02,1.384157687425613403e-01,-7.965674996376037598e-02,-1.529847681522369385e-01,-6.221343297511339188e-03,1.114851012825965881e-01,-1.857955008745193481e-02,-1.505606919527053833e-01,3.962921351194381714e-02,-2.561677694320678711e-01,1.842364855110645294e-02,3.039406798779964447e-02,1.136051584035158157e-02,1.014270633459091187e-01,1.317238062620162964e-01,-1.966404318809509277e-01,7.222362756729125977e-01,9.403053522109985352e-01,-1.924996227025985718e-01,-1.267056763172149658e-01,-4.880985617637634277e-02,1.792132407426834106e-01,1.292458623647689819e-01,-5.293628573417663574e-01,8.835667967796325684e-01,1.698460429906845093e-01,-5.415757372975349426e-02,-1.303620636463165283e-01
-4.675627220422029495e-03,-2.511323213577270508e+00,8.205037117004394531e-01,3.803212661296129227e-03,1.384626142680644989e-02,-7.303994894027709961e-01,6.828692555427551270e-01,1.501232236623764038e-01,1.474896352738142014e-02,1.368009150028228760e-01,-7.707762718200683594e-02,-1.548940390348434448e-01,-5.515966564416885376e-03,1.103345826268196106e-01,-1.849036663770675659e-02,-1.500059217214584351e-01,4.335337132215499878e-02,-2.585764229297637939e-01,1.745990663766860962e-02,2.990397810935974121e-02,1.133060175925493240e-02,1.035874336957931519e-01,1.315701305866241455e-01,-1.964782029390335083e-01,7.219002246856689453e-01,9.405254721641540527e-01,-1.927754580974578857e-01,-1.268764287233352661e-01,-4.876654222607612610e-02,1.787234097719192505e-01,1.302071809768676758e-01,-5.297847986221313477e-01,8.833779692649841309e-01,1.702387630939483643e-01,-5.425108969211578369e-02,-1.295569986104965210e-01
-4.878073465079069138e-03,-2.511188268661499023e+00,8.203878998756408691e-01,3.459540661424398422e-03,1.353481784462928772e-02,-7.300472259521484375e-01,6.832538843154907227e-01,1.486296653747558594e-01,1.513932365924119949e-02,1.351244896650314331e-01,-7.239227741956710815e-02,-1.586112231016159058e-01,-4.881474189460277557e-03,1.089091449975967407e-01,-1.831779442727565765e-02,-1.495139449834823608e-01,4.865290597081184387e-02,-2.624732255935668945e-01,1.614477112889289856e-02,2.897318638861179352e-02,1.154545415192842484e-02,1.064348891377449036e-01,1.317151784896850586e-01,-1.957235485315322876e-01,7.204154133796691895e-01,9.404768347740173340e-01,-1.921367049217224121e-01,-1.274439096450805664e-01,-4.866696521639823914e-02,1.781225055456161499e-01,1.312570571899414062e-01,-5.304535031318664551e-01,8.830466866493225098e-01,1.710344254970550537e-01,-5.429326742887496948e-02,-1.290925145149230957e-01
-5.147682037204504013e-03,-2.510979890823364258e+00,8.202400207519531250e-01,2.883516717702150345e-03,1.319219265133142471e-02,-7.295441627502441406e-01,6.838003993034362793e-01,1.466314345598220825e-01,1.620334759354591370e-02,1.332398653030395508e-01,-6.599044054746627808e-02,-1.633285582065582275e-01,-4.466710146516561508e-03,1.067763715982437134e-01,-1.783672906458377838e-02,-1.490457206964492798e-01,5.624114722013473511e-02,-2.675858139991760254e-01,1.464235503226518631e-02,2.804387547075748444e-02,1.188511308282613754e-02,1.100002005696296692e-01,1.311291605234146118e-01,-1.954563111066818237e-01,7.203122973442077637e-01,9.404782652854919434e-01,-1.921378672122955322e-01,-1.278207153081893921e-01,-4.905267059803009033e-02,1.772704720497131348e-01,1.322996467351913452e-01,-5.319081544876098633e-01,8.831284046173095703e-01,1.720010787248611450e-01,-5.439272522926330566e-02,-1.281176507472991943e-01
-5.344351287931203842e-03,-2.510708332061767578e+00,8.201555609703063965e-01,2.170277293771505356e-03,1.279015839099884033e-02,-7.290483713150024414e-01,6.843392252922058105e-01,1.442064195871353149e-01,1.737152040004730225e-02,1.315577179193496704e-01,-5.830625072121620178e-02,-1.683352738618850708e-01,-4.132579546421766281e-03,1.035264357924461365e-01,-1.738927327096462250e-02,-1.483168452978134155e-01,6.646678596735000610e-02,-2.733182013034820557e-01,1.241479255259037018e-02,2.714716643095016479e-02,1.231151632964611053e-02,1.141145750880241394e-01,1.297544687986373901e-01,-1.955054253339767456e-01,7.213519215583801270e-01,9.408308267593383789e-01,-1.928855627775192261e-01,-1.279053390026092529e-01,-4.916217550635337830e-02,1.755535453557968140e-01,1.331719458103179932e-01,-5.346443653106689453e-01,8.840318322181701660e-01,1.736518889665603638e-01,-5.439146235585212708e-02,-1.276139765977859497e-01
-5.594288464635610580e-03,-2.510310173034667969e+00,8.200504779815673828e-01,1.433362020179629326e-03,1.228447072207927704e-02,-7.284605503082275391e-01,6.849761009216308594e-01,1.409024894237518311e-01,1.855781860649585724e-02,1.297901272773742676e-01,-4.889588803052902222e-02,-1.740628331899642944e-01,-3.676881082355976105e-03,9.899108856916427612e-02,-1.713891513645648956e-02,-1.476404070854187012e-01,7.932792603969573975e-02,-2.793481349945068359e-01,9.326344355940818787e-03,2.632224373519420624e-02,1.249770820140838623e-02,1.189546138048171997e-01,1.277258992195129395e-01,-1.954176425933837891e-01,7.232151627540588379e-01,9.408531188964843750e-01,-1.937919408082962036e-01,-1.277303397655487061e-01,-4.860993474721908569e-02,1.733118444681167603e-01,1.343702226877212524e-01,-5.375946164131164551e-01,8.851142525672912598e-01,1.751244813203811646e-01,-5.487708002328872681e-02,-1.288018226623535156e-01
-5.754786543548107147e-03,-2.509800910949707031e+00,8.198357820510864258e-01,6.376717938110232353e-04,1.165331806987524033e-02,-7.277711629867553711e-01,6.857206821441650391e-01,1.362489461898803711e-01,1.961999386548995972e-02,1.276332587003707886e-01,-3.649405017495155334e-02,-1.818958222866058350e-01,-2.453895052894949913e-03,9.320344775915145874e-02,-1.718268170952796936e-02,-1.465419083833694458e-01,9.515338391065597534e-02,-2.875185906887054443e-01,5.787603557109832764e-03,2.536063082516193390e-02,1.281604636460542679e-02,1.245024129748344421e-01,1.250222176313400269e-01,-1.956413090229034424e-01,7.261044383049011230e-01,9.410812258720397949e-01,-1.943862438201904297e-01,-1.271493434906005859e-01,-4.813014715909957886e-02,1.706133335828781128e-01,1.353991180658340454e-01,-5.413572192192077637e-01,8.864194154739379883e-01,1.763501614332199097e-01,-5.597826465964317322e-02,-1.306921690702438354e-01
-5.863039754331111908e-03,-2.509191274642944336e+00,8.194094300270080566e-01,-1.887947000795975327e-04,1.081983279436826706e-02,-7.270292043685913086e-01,6.865212321281433105e-01,1.296046376228332520e-01,2.050775848329067230e-02,1.249407902359962463e-01,-1.951805688440799713e-02,-1.928388625383377075e-01,-3.588229301385581493e-04,8.574361354112625122e-02,-1.761734113097190857e-02,-1.452675610780715942e-01,1.147813424468040466e-01,-2.995049059391021729e-01,6.095404387451708317e-05,2.418797090649604797e-02,1.315124984830617905e-02,1.311998069286346436e-01,1.224916502833366394e-01,-1.956523209810256958e-01,7.277793288230895996e-01,9.416688084602355957e-01,-1.946024596691131592e-01,-1.269764900207519531e-01,-4.804276302456855774e-02,1.675451844930648804e-01,1.354834586381912231e-01,-5.441223382949829102e-01,8.878670930862426758e-01,1.775270402431488037e-01,-5.760206654667854309e-02,-1.312209367752075195e-01
-5.992448423057794571e-03,-2.508370399475097656e+00,8.187631964683532715e-01,-1.141607062891125679e-03,9.706294164061546326e-03,-7.261843085289001465e-01,6.874305605888366699e-01,1.199917346239089966e-01,2.143666520714759827e-02,1.217457950115203857e-01,4.128549713641405106e-03,-2.066652029752731323e-01,1.743924105539917946e-03,7.603684812784194946e-02,-1.838283240795135498e-02,-1.435182541608810425e-01,1.401178985834121704e-01,-3.149478435516357422e-01,-7.221391890197992325e-03,2.276812121272087097e-02,1.330984290689229965e-02,1.394790709018707275e-01,1.191340982913970947e-01,-1.957226097583770752e-01,7.300902009010314941e-01,9.422516226768493652e-01,-1.951925009489059448e-01,-1.266128271818161011e-01,-4.800703749060630798e-02,1.638063043355941772e-01,1.361580789089202881e-01,-5.480694770812988281e-01,8.890199065208435059e-01,1.791560351848602295e-01,-5.937989801168441772e-02,-1.309552937746047974e-01
-6.011566147208213806e-03,-2.507296323776245117e+00,8.177312612533569336e-01,-2.264602109789848328e-03,8.337707258760929108e-03,-7.252882122993469238e-01,6.883911490440368652e-01,1.070475056767463684e-01,2.253677509725093842e-02,1.185415238142013550e-01,3.542989119887351990e-02,-2.241266518831253052e-01,3.352819243445992470e-03,6.310445070266723633e-02,-2.005256712436676025e-02,-1.417717486619949341e-01,1.727358847856521606e-01,-3.339995443820953369e-01,-1.359926722943782806e-02,2.168973721563816071e-02,1.349126454442739487e-02,1.492045372724533081e-01,1.140977889299392700e-01,-1.964116990566253662e-01,7.336230874061584473e-01,9.436062574386596680e-01,-1.958006322383880615e-01,-1.262162029743194580e-01,-4.730921238660812378e-02,1.591314971446990967e-01,1.365847438573837280e-01,-5.532194972038269043e-01,8.902328610420227051e-01,1.805375516414642334e-01,-6.189184635877609253e-02,-1.309619247913360596e-01
-6.078092847019433975e-03,-2.505926132202148438e+00,8.161458969116210938e-01,-3.434779820963740349e-03,6.630848161876201630e-03,-7.244380712509155273e-01,6.892994046211242676e-01,9.056745469570159912e-02,2.386216074228286743e-02,1.157273352146148682e-01,7.485342770814895630e-02,-2.448734194040298462e-01,4.263330716639757156e-03,4.635290801525115967e-02,-2.256826497614383698e-02,-1.397616416215896606e-01,2.133660912513732910e-01,-3.561521172523498535e-01,-2.008896134793758392e-02,2.030900306999683380e-02,1.318936422467231750e-02,1.599802076816558838e-01,1.070354729890823364e-01,-1.967560648918151855e-01,7.412438392639160156e-01,9.464866518974304199e-01,-1.967247426509857178e-01,-1.255255490541458130e-01,-4.657646268606185913e-02,1.516721397638320923e-01,1.377703696489334106e-01,-5.626147389411926270e-01,8.928277492523193359e-01,1.832432001829147339e-01,-6.444363296031951904e-02,-1.323436498641967773e-01
-6.424685008823871613e-03,-2.504409551620483398e+00,8.136556744575500488e-01,-4.466031678020954132e-03,4.571546800434589386e-03,-7.235193848609924316e-01,6.902744770050048828e-01,7.093590497970581055e-02,2.541044540703296661e-02,1.135878860950469971e-01,1.213871091604232788e-01,-2.711982727050781250e-01,3.846592968329787254e-03,2.619520574808120728e-02,-2.593700215220451355e-02,-1.382510960102081299e-01,2.615663409233093262e-01,-3.819175362586975098e-01,-2.742265537381172180e-02,1.889903284609317780e-02,1.206758245825767517e-02,1.710143238306045532e-01,9.772256016731262207e-02,-1.948617100715637207e-01,7.519210577011108398e-01,9.520515203475952148e-01,-1.974428296089172363e-01,-1.250622719526290894e-01,-4.686862602829933167e-02,1.407487094402313232e-01,1.401832252740859985e-01,-5.788637995719909668e-01,8.977706432342529297e-01,1.889318227767944336e-01,-6.564765423536300659e-02,-1.343594938516616821e-01
-6.789953913539648056e-03,-2.502675294876098633e+00,8.097265958786010742e-01,-5.683338269591331482e-03,1.950945006683468819e-03,-7.228039503097534180e-01,6.910269856452941895e-01,4.817172139883041382e-02,2.712498418986797333e-02,1.125910952687263489e-01,1.773502379655838013e-01,-3.040513396263122559e-01,1.706768991425633430e-03,4.729970358312129974e-03,-3.097430989146232605e-02,-1.382217705249786377e-01,3.156235814094543457e-01,-4.124800264835357666e-01,-3.315317258238792419e-02,1.765963807702064514e-02,1.077353674918413162e-02,1.827774047851562500e-01,8.539498597383499146e-02,-1.924106031656265259e-01,7.675713300704956055e-01,9.604089260101318359e-01,-1.985593587160110474e-01,-1.243532225489616394e-01,-4.917421936988830566e-02,1.259015053510665894e-01,1.415078639984130859e-01,-6.010683774948120117e-01,9.054847359657287598e-01,1.960482597351074219e-01,-6.685840338468551636e-02,-1.356274187564849854e-01
-7.153703831136226654e-03,-2.500220298767089844e+00,8.039538264274597168e-01,-6.403222214430570602e-03,-9.024472674354910851e-04,-7.222747206687927246e-01,6.915760040283203125e-01,1.108011510223150253e-02,2.985928580164909363e-02,1.136381477117538452e-01,2.614429295063018799e-01,-3.432606756687164307e-01,-3.349611535668373108e-03,-2.374511398375034332e-02,-3.920780122280120850e-02,-1.389694213867187500e-01,3.840485513210296631e-01,-4.495228230953216553e-01,-3.310194239020347595e-02,1.645089872181415558e-02,8.673372678458690643e-03,1.938388794660568237e-01,6.868921965360641479e-02,-1.873838901519775391e-01,7.906439304351806641e-01,9.729543328285217285e-01,-1.988768577575683594e-01,-1.214493066072463989e-01,-5.475526675581932068e-02,1.068305075168609619e-01,1.405804306268692017e-01,-6.288607716560363770e-01,9.179333448410034180e-01,2.025740593671798706e-01,-7.005284726619720459e-02,-1.342758089303970337e-01
-7.988519035279750824e-03,-2.498233079910278320e+00,7.967494130134582520e-01,-8.038212545216083527e-03,-4.500390496104955673e-03,-7.215462923049926758e-01,6.923049092292785645e-01,-2.022114768624305725e-02,3.384187445044517517e-02,1.156021580100059509e-01,3.404556810855865479e-01,-3.746102750301361084e-01,-8.989249356091022491e-03,-4.714367166161537170e-02,-4.683947563171386719e-02,-1.408453285694122314e-01,4.498168826103210449e-01,-4.815261662006378174e-01,-3.091415762901306152e-02,1.576724648475646973e-02,6.251189857721328735e-03,2.075722515583038330e-01,5.203658714890480042e-02,-1.812003999948501587e-01,8.211344480514526367e-01,9.801209568977355957e-01,-1.985198855400085449e-01,-1.125718280673027039e-01,-6.300819665193557739e-02,8.955654501914978027e-02,1.427023410797119141e-01,-6.631264090538024902e-01,9.253364801406860352e-01,2.071607112884521484e-01,-7.124871760606765747e-02,-1.326228529214859009e-01
-9.101168252527713776e-03,-2.496279001235961914e+00,7.886518836021423340e-01,-1.036705449223518372e-02,-8.401170372962951660e-03,-7.206025719642639160e-01,6.932199597358703613e-01,-5.484630540013313293e-02,3.884711861610412598e-02,1.152254119515419006e-01,4.295767843723297119e-01,-4.107545316219329834e-01,-1.491966005414724350e-02,-7.364293932914733887e-02,-5.331529676914215088e-02,-1.414664536714553833e-01,5.254748463630676270e-01,-5.181696414947509766e-01,-3.006294183433055878e-02,1.451799273490905762e-02,4.060239996761083603e-03,2.206497937440872192e-01,3.159469366073608398e-02,-1.698935329914093018e-01,8.641708493232727051e-01,9.904120564460754395e-01,-1.937882006168365479e-01,-1.000956520438194275e-01,-7.528381049633026123e-02,6.854373216629028320e-02,1.412638276815414429e-01,-7.066516876220703125e-01,9.364151358604431152e-01,2.064151465892791748e-01,-7.131706178188323975e-02,-1.287294328212738037e-01
-1.011506188660860062e-02,-2.494496107101440430e+00,7.794315814971923828e-01,-1.347142737358808517e-02,-1.227862387895584106e-02,-7.202745079994201660e-01,6.934496164321899414e-01,-8.909958600997924805e-02,4.468195512890815735e-02,1.143219769001007080e-01,5.229009985923767090e-01,-4.534699618816375732e-01,-1.875554397702217102e-02,-1.030364334583282471e-01,-5.838688835501670837e-02,-1.406121253967285156e-01,6.093243956565856934e-01,-5.607368350028991699e-01,-3.315956890583038330e-02,1.523288153111934662e-02,2.910449635237455368e-03,2.338957190513610840e-01,8.743114769458770752e-03,-1.519172787666320801e-01,9.152009487152099609e-01,1.001941800117492676e+00,-1.846322715282440186e-01,-8.601949363946914673e-02,-9.006490558385848999e-02,4.641650244593620300e-02,1.291200518608093262e-01,-7.498368620872497559e-01,9.505382180213928223e-01,1.997544169425964355e-01,-6.477753072977066040e-02,-1.225865483283996582e-01
-1.108218636363744736e-02,-2.493156433105468750e+00,7.689334154129028320e-01,-1.679323054850101471e-02,-1.614798791706562042e-02,-7.205943465232849121e-01,6.929653286933898926e-01,-1.232765913009643555e-01,5.146635323762893677e-02,1.148300915956497192e-01,6.198117733001708984e-01,-4.997512698173522949e-01,-2.186648361384868622e-02,-1.324397325515747070e-01,-6.277474761009216309e-02,-1.385470926761627197e-01,6.962704062461853027e-01,-6.079091429710388184e-01,-3.943729028105735779e-02,1.728902757167816162e-02,1.912344712764024734e-03,2.443988025188446045e-01,-1.364359725266695023e-02,-1.282802820205688477e-01,9.722616672515869141e-01,1.010493159294128418e+00,-1.704276651144027710e-01,-7.301504164934158325e-02,-1.029298901557922363e-01,2.543626911938190460e-02,1.064959913492202759e-01,-7.918861508369445801e-01,9.639602899551391602e-01,1.836614906787872314e-01,-5.159518495202064514e-02,-1.160731315612792969e-01
-1.164595130831003189e-02,-2.492026805877685547e+00,7.574588656425476074e-01,-2.038734965026378632e-02,-2.026728913187980652e-02,-7.217695116996765137e-01,6.915362477302551270e-01,-1.557919830083847046e-01,5.871043726801872253e-02,1.171786487102508545e-01,7.173846364021301270e-01,-5.480570793151855469e-01,-2.468468435108661652e-02,-1.606127172708511353e-01,-6.772010028362274170e-02,-1.346290558576583862e-01,7.834988832473754883e-01,-6.544135212898254395e-01,-4.255226254463195801e-02,1.993749290704727173e-02,1.054038177244365215e-03,2.529899477958679199e-01,-3.835388273000717163e-02,-9.903777390718460083e-02,1.045164108276367188e+00,1.018902778625488281e+00,-1.551397591829299927e-01,-6.432941555976867676e-02,-1.102100908756256104e-01,2.646079519763588905e-03,7.577981054782867432e-02,-8.415407538414001465e-01,9.776288270950317383e-01,1.652189642190933228e-01,-4.312996566295623779e-02,-1.109679117798805237e-01
-1.210185606032609940e-02,-2.491539716720581055e+00,7.464162707328796387e-01,-2.423900738358497620e-02,-2.439950406551361084e-02,-7.231708168983459473e-01,6.898123621940612793e-01,-1.832195222377777100e-01,6.661568582057952881e-02,1.207405403256416321e-01,8.079348206520080566e-01,-5.940242409706115723e-01,-2.648157253861427307e-02,-1.853590905666351318e-01,-7.218609005212783813e-02,-1.309714168310165405e-01,8.650527596473693848e-01,-6.973322033882141113e-01,-4.456555843353271484e-02,2.363304980099201202e-02,-7.160600216593593359e-05,2.592292726039886475e-01,-6.526260823011398315e-02,-5.825227499008178711e-02,1.132486701011657715e+00,1.031831502914428711e+00,-1.446231454610824585e-01,-5.909601598978042603e-02,-1.118933632969856262e-01,-2.005329355597496033e-02,3.374180570244789124e-02,-8.982640504837036133e-01,9.948841929435729980e-01,1.522197574377059937e-01,-4.381895437836647034e-02,-1.068889647722244263e-01
-1.239153835922479630e-02,-2.491991281509399414e+00,7.367078661918640137e-01,-2.799415960907936096e-02,-2.822121791541576385e-02,-7.247148156166076660e-01,6.879013776779174805e-01,-2.039062976837158203e-01,7.414571195840835571e-02,1.255238801240921021e-01,8.852418661117553711e-01,-6.343674659729003906e-01,-2.712966874241828918e-02,-2.039393335580825806e-01,-7.634627819061279297e-02,-1.276600956916809082e-01,9.345951676368713379e-01,-7.332250475883483887e-01,-4.370268434286117554e-02,2.662830613553524017e-02,2.432655492157209665e-05,2.615774869918823242e-01,-8.865725249052047729e-02,-1.128784846514463425e-03,1.222875952720642090e+00,1.047168970108032227e+00,-1.426697820425033569e-01,-4.649925231933593750e-02,-1.112923771142959595e-01,-3.895496204495429993e-02,-2.578480355441570282e-02,-9.495150446891784668e-01,1.013264298439025879e+00,1.445784568786621094e-01,-4.117703437805175781e-02,-1.031237244606018066e-01
-1.290830131620168686e-02,-2.493479967117309570e+00,7.291480302810668945e-01,-3.095335885882377625e-02,-3.132553398609161377e-02,-7.258100509643554688e-01,6.864840984344482422e-01,-2.160073965787887573e-01,8.038244396448135376e-02,1.294387429952621460e-01,9.422122240066528320e-01,-6.663548350334167480e-01,-2.745756879448890686e-02,-2.145977169275283813e-01,-7.991025596857070923e-02,-1.263092458248138428e-01,9.858979582786560059e-01,-7.606840133666992188e-01,-4.257339984178543091e-02,2.919406443834304810e-02,4.419916367623955011e-04,2.576613724231719971e-01,-1.056595817208290100e-01,7.315701991319656372e-02,1.300252079963684082e+00,1.061179637908935547e+00,-1.429538875818252563e-01,-2.924304641783237457e-02,-1.067703366279602051e-01,-5.418884754180908203e-02,-9.956436604261398315e-02,-9.964194297790527344e-01,1.030647754669189453e+00,1.372219175100326538e-01,-3.075388446450233459e-02,-1.015020161867141724e-01
-1.336147822439670563e-02,-2.495400667190551758e+00,7.245059609413146973e-01,-3.343438357114791870e-02,-3.381249681115150452e-02,-7.267354726791381836e-01,6.852695941925048828e-01,-2.185001522302627563e-01,8.477969467639923096e-02,1.323296129703521729e-01,9.758315086364746094e-01,-6.866661310195922852e-01,-2.674398012459278107e-02,-2.178141772747039795e-01,-8.260322362184524536e-02,-1.267348229885101318e-01,1.017403006553649902e+00,-7.754324078559875488e-01,-4.428628459572792053e-02,3.080174513161182404e-02,9.102225303649902344e-04,2.495041042566299438e-01,-1.212343350052833557e-01,1.590275615453720093e-01,1.371714472770690918e+00,1.072520136833190918e+00,-1.408573091030120850e-01,-1.695322059094905853e-02,-9.481581300497055054e-02,-7.087870687246322632e-02,-1.829699426889419556e-01,-1.045984387397766113e+00,1.046211361885070801e+00,1.298183053731918335e-01,-1.913371309638023376e-02,-1.054081022739410400e-01
-1.395385060459375381e-02,-2.497520685195922852e+00,7.244486212730407715e-01,-3.443408384919166565e-02,-3.510983288288116455e-02,-7.274910211563110352e-01,6.843525171279907227e-01,-2.131947875022888184e-01,8.650579303503036499e-02,1.346514970064163208e-01,9.808418750762939453e-01,-6.905781626701354980e-01,-2.692558616399765015e-02,-2.132378220558166504e-01,-8.347955346107482910e-02,-1.272972226142883301e-01,1.021643757820129395e+00,-7.772418856620788574e-01,-4.802900552749633789e-02,3.296609595417976379e-02,7.648891187272965908e-04,2.355208396911621094e-01,-1.377115696668624878e-01,2.531882226467132568e-01,1.436997652053833008e+00,1.081593871116638184e+00,-1.414422392845153809e-01,-1.429674401879310608e-02,-7.769653201103210449e-02,-8.701960742473602295e-02,-2.731575071811676025e-01,-1.094777822494506836e+00,1.059957146644592285e+00,1.252763122320175171e-01,-1.604388281702995300e-02,-1.140139549970626831e-01
-1.489206776022911072e-02,-2.499948978424072266e+00,7.301509976387023926e-01,-3.328418731689453125e-02,-3.450375050306320190e-02,-7.279947400093078613e-01,6.839044094085693359e-01,-2.010083794593811035e-01,8.593218028545379639e-02,1.365956664085388184e-01,9.536423683166503906e-01,-6.749309897422790527e-01,-2.750870212912559509e-02,-2.013250738382339478e-01,-8.135183900594711304e-02,-1.285913884639739990e-01,9.933791160583496094e-01,-7.654518485069274902e-01,-5.363062396645545959e-02,3.598007187247276306e-02,3.367734316270798445e-04,2.126142829656600952e-01,-1.591779142618179321e-01,3.515808582305908203e-01,1.505374431610107422e+00,1.088191747665405273e+00,-1.509907990694046021e-01,-2.066561579704284668e-02,-5.960732698440551758e-02,-1.035769879817962646e-01,-3.653605282306671143e-01,-1.147419571876525879e+00,1.071991324424743652e+00,1.276631951332092285e-01,-2.053060755133628845e-02,-1.263600885868072510e-01
-1.580620370805263519e-02,-2.502674102783203125e+00,7.412527799606323242e-01,-3.082886151969432831e-02,-3.226741030812263489e-02,-7.284355163574218750e-01,6.836593747138977051e-01,-1.799874007701873779e-01,8.377075940370559692e-02,1.390843093395233154e-01,8.946833610534667969e-01,-6.397269368171691895e-01,-2.966334857046604156e-02,-1.811087429523468018e-01,-7.671903073787689209e-02,-1.304436326026916504e-01,9.347013235092163086e-01,-7.359119653701782227e-01,-5.493443831801414490e-02,3.715463727712631226e-02,4.407262022141367197e-04,1.825760304927825928e-01,-1.864688098430633545e-01,4.513303935527801514e-01,1.578305006027221680e+00,1.094692945480346680e+00,-1.692005395889282227e-01,-3.306518122553825378e-02,-3.916644677519798279e-02,-1.265028119087219238e-01,-4.566681981086730957e-01,-1.202572703361511230e+00,1.083003282546997070e+00,1.365652680397033691e-01,-2.975638397037982941e-02,-1.429270654916763306e-01
-1.672060042619705200e-02,-2.505486011505126953e+00,7.568852305412292480e-01,-2.779733203351497650e-02,-2.948531135916709900e-02,-7.284490466117858887e-01,6.839004755020141602e-01,-1.520636081695556641e-01,8.062680065631866455e-02,1.425580382347106934e-01,8.122896552085876465e-01,-5.835171937942504883e-01,-3.554737567901611328e-02,-1.522710174322128296e-01,-7.162691652774810791e-02,-1.342297494411468506e-01,8.509674072265625000e-01,-6.858279705047607422e-01,-5.123508721590042114e-02,3.784229606389999390e-02,-4.553862963803112507e-04,1.480564475059509277e-01,-2.244597077369689941e-01,5.513207316398620605e-01,1.645089745521545410e+00,1.102638959884643555e+00,-1.939051151275634766e-01,-4.982317611575126648e-02,-1.437590923160314560e-02,-1.565273851156234741e-01,-5.450831651687622070e-01,-1.258577466011047363e+00,1.093965053558349609e+00,1.500061601400375366e-01,-4.135121032595634460e-02,-1.607008576393127441e-01
-1.770412363111972809e-02,-2.508319377899169922e+00,7.765834331512451172e-01,-2.415979467332363129e-02,-2.732135355472564697e-02,-7.281329035758972168e-01,6.844649910926818848e-01,-1.231844350695610046e-01,7.678385078907012939e-02,1.462353467941284180e-01,7.205382585525512695e-01,-5.005021691322326660e-01,-4.952448606491088867e-02,-1.150458529591560364e-01,-6.761854141950607300e-02,-1.390367746353149414e-01,7.459892034530639648e-01,-6.130042076110839844e-01,-4.478877410292625427e-02,3.808889538049697876e-02,-3.243909217417240143e-03,1.129397675395011902e-01,-2.677810192108154297e-01,6.501282453536987305e-01,1.689746022224426270e+00,1.110659003257751465e+00,-2.198201566934585571e-01,-6.537818163633346558e-02,9.373339824378490448e-03,-1.931597292423248291e-01,-6.304738521575927734e-01,-1.307036042213439941e+00,1.104139685630798340e+00,1.658926755189895630e-01,-5.340379476547241211e-02,-1.770572215318679810e-01
-1.872694678604602814e-02,-2.510956048965454102e+00,7.993481755256652832e-01,-2.113279886543750763e-02,-2.638861723244190216e-02,-7.272725105285644531e-01,6.855157017707824707e-01,-9.806122630834579468e-02,7.457469403743743896e-02,1.473399698734283447e-01,6.315371990203857422e-01,-3.891552388668060303e-01,-7.309286296367645264e-02,-7.371162623167037964e-02,-6.570105254650115967e-02,-1.435756087303161621e-01,6.335184574127197266e-01,-5.151221752166748047e-01,-3.359512984752655029e-02,3.835657238960266113e-02,-7.127913180738687515e-03,8.156297355890274048e-02,-3.198476731777191162e-01,7.442457675933837891e-01,1.710298538208007812e+00,1.118141055107116699e+00,-2.393660247325897217e-01,-8.079012483358383179e-02,3.074733167886734009e-02,-2.392077445983886719e-01,-7.106321454048156738e-01,-1.357442736625671387e+00,1.111717700958251953e+00,1.816476285457611084e-01,-6.685661524534225464e-02,-1.908272057771682739e-01
-1.988095045089721680e-02,-2.513115882873535156e+00,8.247179985046386719e-01,-1.939327083528041840e-02,-2.601604536175727844e-02,-7.250381112098693848e-01,6.879438757896423340e-01,-7.437969744205474854e-02,7.651183009147644043e-02,1.445173025131225586e-01,5.339901447296142578e-01,-2.732022702693939209e-01,-1.097771525382995605e-01,-3.260874375700950623e-02,-6.482424587011337280e-02,-1.454291492700576782e-01,5.163466930389404297e-01,-4.120406806468963623e-01,-9.038574062287807465e-03,3.655914962291717529e-02,-1.058718189597129822e-02,5.536892637610435486e-02,-3.919430971145629883e-01,8.321960568428039551e-01,1.714642643928527832e+00,1.128764271736145020e+00,-2.531550228595733643e-01,-9.686078131198883057e-02,4.319878667593002319e-02,-2.988255321979522705e-01,-7.841958403587341309e-01,-1.405897378921508789e+00,1.117629528045654297e+00,1.961673349142074585e-01,-8.515795320272445679e-02,-2.023097872734069824e-01
-2.052171714603900909e-02,-2.514358758926391602e+00,8.501973748207092285e-01,-2.045280113816261292e-02,-2.754735387861728668e-02,-7.228300571441650391e-01,6.901735663414001465e-01,-5.119268596172332764e-02,8.206232637166976929e-02,1.375468224287033081e-01,4.452313184738159180e-01,-1.429025232791900635e-01,-1.591032147407531738e-01,2.651670714840292931e-03,-6.852158904075622559e-02,-1.475547850131988525e-01,4.151017367839813232e-01,-3.021157979965209961e-01,2.339072152972221375e-02,3.459938243031501770e-02,-1.158438529819250107e-02,4.049302265048027039e-02,-4.775539934635162354e-01,9.116427898406982422e-01,1.704557538032531738e+00,1.140969276428222656e+00,-2.618736028671264648e-01,-1.128436326980590820e-01,4.172989726066589355e-02,-3.690780997276306152e-01,-8.550651073455810547e-01,-1.437163114547729492e+00,1.121365666389465332e+00,2.062628865242004395e-01,-1.066272705793380737e-01,-2.113320380449295044e-01
-2.033323049545288086e-02,-2.515041589736938477e+00,8.744769096374511719e-01,-2.143555693328380585e-02,-2.950763702392578125e-02,-7.207908034324645996e-01,6.921924948692321777e-01,-3.303427249193191528e-02,9.017841517925262451e-02,1.225453689694404602e-01,3.664265275001525879e-01,1.628147996962070465e-02,-2.484699785709381104e-01,2.574764378368854523e-02,-7.835201174020767212e-02,-1.425933241844177246e-01,3.302132189273834229e-01,-1.742874234914779663e-01,6.722474843263626099e-02,3.319173678755760193e-02,-1.161469984799623489e-02,2.845893427729606628e-02,-5.804858207702636719e-01,9.788327217102050781e-01,1.680872678756713867e+00,1.153256654739379883e+00,-2.573062479496002197e-01,-1.343600600957870483e-01,2.760308980941772461e-02,-4.457564055919647217e-01,-9.253798723220825195e-01,-1.453721404075622559e+00,1.124207735061645508e+00,2.178073078393936157e-01,-1.190306991338729858e-01,-2.100926190614700317e-01
-1.905247010290622711e-02,-2.515547990798950195e+00,8.962916135787963867e-01,-2.053335309028625488e-02,-3.193779289722442627e-02,-7.167484164237976074e-01,6.962973475456237793e-01,-1.666744053363800049e-02,9.084221720695495605e-02,1.110282912850379944e-01,2.894153594970703125e-01,1.844573616981506348e-01,-2.617999911308288574e-01,4.107588529586791992e-02,-9.889552742242813110e-02,-1.257046014070510864e-01,2.588537037372589111e-01,-2.881437912583351135e-02,1.386600434780120850e-01,2.608253434300422668e-02,-1.225638482719659805e-02,1.661633886396884918e-02,-6.965215206146240234e-01,1.033015012741088867e+00,1.647132635116577148e+00,1.165005564689636230e+00,-2.548905313014984131e-01,-1.505134105682373047e-01,5.292877904139459133e-04,-5.555034279823303223e-01,-9.894368052482604980e-01,-1.464696764945983887e+00,1.127420544624328613e+00,2.214962542057037354e-01,-1.384142637252807617e-01,-2.116838991641998291e-01
-1.797976158559322357e-02,-2.516299486160278320e+00,9.150186777114868164e-01,-1.801989413797855377e-02,-3.492454066872596741e-02,-7.121828794479370117e-01,7.008931040763854980e-01,-2.575690159574151039e-04,8.896525204181671143e-02,9.478792548179626465e-02,2.165597528219223022e-01,3.306910395622253418e-01,-2.617999911308288574e-01,5.560842156410217285e-02,-1.234574988484382629e-01,-8.957866579294204712e-02,2.010298967361450195e-01,1.323109418153762817e-01,2.119265943765640259e-01,1.821407489478588104e-02,-1.665212959051132202e-02,5.039358511567115784e-03,-8.266006708145141602e-01,1.076579451560974121e+00,1.591804504394531250e+00,1.173950314521789551e+00,-2.477901875972747803e-01,-1.604740619659423828e-01,-2.396127395331859589e-02,-6.792420148849487305e-01,-1.048154711723327637e+00,-1.457960128784179688e+00,1.130952239036560059e+00,2.248373776674270630e-01,-1.495860815048217773e-01,-2.078412920236587524e-01
-1.759181730449199677e-02,-2.517105579376220703e+00,9.300718903541564941e-01,-1.554379425942897797e-02,-3.551148623228073120e-02,-7.110376954078674316e-01,7.020846009254455566e-01,1.722089760005474091e-02,9.827429801225662231e-02,8.193521201610565186e-02,1.511438488960266113e-01,4.027319252490997314e-01,-2.617999911308288574e-01,7.015272974967956543e-02,-1.448686569929122925e-01,-6.525935232639312744e-02,1.513748019933700562e-01,2.452337443828582764e-01,2.333882153034210205e-01,1.875603571534156799e-02,-1.933796703815460205e-02,-6.805961485952138901e-03,-9.686466455459594727e-01,1.105625271797180176e+00,1.518954992294311523e+00,1.180799126625061035e+00,-2.479170709848403931e-01,-1.750403046607971191e-01,-5.065517872571945190e-02,-8.113658428192138672e-01,-1.095731973648071289e+00,-1.417336821556091309e+00,1.129559993743896484e+00,2.310563623905181885e-01,-1.555969268083572388e-01,-1.997830867767333984e-01
-1.771074719727039337e-02,-2.517961025238037109e+00,9.408477544784545898e-01,-1.537581905722618103e-02,-3.466922044754028320e-02,-7.125912308692932129e-01,7.005535960197448730e-01,3.248549252748489380e-02,1.240948662161827087e-01,9.224140644073486328e-02,1.098494827747344971e-01,4.130306839942932129e-01,-2.617999911308288574e-01,8.358101546764373779e-02,-1.671916991472244263e-01,-7.653354108333587646e-02,1.207841262221336365e-01,2.701634168624877930e-01,2.274461537599563599e-01,2.577906101942062378e-02,-1.725901663303375244e-02,-1.597913540899753571e-02,-1.119093894958496094e+00,1.121360659599304199e+00,1.426448583602905273e+00,1.183302998542785645e+00,-2.451551407575607300e-01,-1.878284215927124023e-01,-7.372975349426269531e-02,-9.612444043159484863e-01,-1.125704526901245117e+00,-1.350592494010925293e+00,1.124897360801696777e+00,2.366953045129776001e-01,-1.659185439348220825e-01,-1.924486607313156128e-01
-1.780660077929496765e-02,-2.519000530242919922e+00,9.473180174827575684e-01,-1.817959919571876526e-02,-3.511695563793182373e-02,-7.127870917320251465e-01,7.002648115158081055e-01,4.457015544176101685e-02,1.565498560667037964e-01,1.155333667993545532e-01,9.229774028062820435e-02,4.176001846790313721e-01,-2.617999911308288574e-01,9.445932507514953613e-02,-1.888971328735351562e-01,-9.075397998094558716e-02,1.156113073229789734e-01,2.744704484939575195e-01,2.111971527338027954e-01,2.917362004518508911e-02,-1.284927781671285629e-02,-1.821554452180862427e-02,-1.272669911384582520e+00,1.120265603065490723e+00,1.314454555511474609e+00,1.184800624847412109e+00,-2.399875223636627197e-01,-2.005941867828369141e-01,-9.341160207986831665e-02,-1.125411987304687500e+00,-1.139177680015563965e+00,-1.264089822769165039e+00,1.120689749717712402e+00,2.425296902656555176e-01,-1.763597428798675537e-01,-1.797159612178802490e-01
-1.783218607306480408e-02,-2.520205497741699219e+00,9.499679207801818848e-01,-2.214916609227657318e-02,-3.661917895078659058e-02,-7.122357487678527832e-01,7.006344795227050781e-01,5.508219078183174133e-02,1.906188428401947021e-01,1.429962068796157837e-01,7.985092699527740479e-02,4.306853711605072021e-01,-2.617999911308288574e-01,1.052538752555847168e-01,-2.097747027873992920e-01,-9.521536529064178467e-02,1.149088665843009949e-01,2.781174182891845703e-01,1.753659546375274658e-01,2.944773808121681213e-02,-7.738186512142419815e-03,-1.778282970190048218e-02,-1.417623996734619141e+00,1.104900479316711426e+00,1.193659305572509766e+00,1.184699654579162598e+00,-2.336309999227523804e-01,-2.123190313577651978e-01,-1.110714226961135864e-01,-1.292279839515686035e+00,-1.135370135307312012e+00,-1.161788105964660645e+00,1.119870424270629883e+00,2.440749853849411011e-01,-1.885997354984283447e-01,-1.631245166063308716e-01
-1.780590601265430450e-02,-2.521773815155029297e+00,9.488844275474548340e-01,-2.616517618298530579e-02,-3.790111467242240906e-02,-7.130270600318908691e-01,6.996222734451293945e-01,6.882403790950775146e-02,2.236409783363342285e-01,1.625186055898666382e-01,6.171112880110740662e-02,4.408734142780303955e-01,-2.566452026367187500e-01,1.148711219429969788e-01,-2.304929941892623901e-01,-9.767567366361618042e-02,1.104960143566131592e-01,2.816777527332305908e-01,1.244621053338050842e-01,3.370060771703720093e-02,-1.923275296576321125e-03,-1.723112352192401886e-02,-1.554538249969482422e+00,1.074618697166442871e+00,1.079049110412597656e+00,1.185362458229064941e+00,-2.256673872470855713e-01,-2.280078977346420288e-01,-1.255523264408111572e-01,-1.461139559745788574e+00,-1.113583445549011230e+00,-1.049081563949584961e+00,1.123619556427001953e+00,2.422209829092025757e-01,-2.011061161756515503e-01,-1.446682959794998169e-01
-1.752573624253273010e-02,-2.523633241653442383e+00,9.446237087249755859e-01,-2.978563867509365082e-02,-3.935466334223747253e-02,-7.151111364364624023e-01,6.972661614418029785e-01,8.840864896774291992e-02,2.513265907764434814e-01,1.798903197050094604e-01,3.535746037960052490e-02,4.456458985805511475e-01,-2.265647649765014648e-01,1.240669935941696167e-01,-2.545186579227447510e-01,-1.125459820032119751e-01,1.039640381932258606e-01,2.865850031375885010e-01,8.146371692419052124e-02,4.242145642638206482e-02,3.877111244946718216e-03,-1.610066741704940796e-02,-1.677805185317993164e+00,1.034049272537231445e+00,9.729341268539428711e-01,1.188659429550170898e+00,-2.197228521108627319e-01,-2.439005523920059204e-01,-1.388524621725082397e-01,-1.610682129859924316e+00,-1.082791328430175781e+00,-9.229841828346252441e-01,1.131201148033142090e+00,2.386162877082824707e-01,-2.136451005935668945e-01,-1.290021389722824097e-01
-1.688336767256259918e-02,-2.525373697280883789e+00,9.370203018188476562e-01,-3.248031809926033020e-02,-4.151805862784385681e-02,-7.173954248428344727e-01,6.946690082550048828e-01,1.064154356718063354e-01,2.734978795051574707e-01,1.935465931892395020e-01,1.338677294552326202e-02,4.554319083690643311e-01,-1.953562498092651367e-01,1.315498352050781250e-01,-2.826379537582397461e-01,-1.325393766164779663e-01,9.895368665456771851e-02,2.958790957927703857e-01,6.041816249489784241e-02,5.145905911922454834e-02,8.722946047782897949e-03,-1.271609030663967133e-02,-1.788824439048767090e+00,9.869111180305480957e-01,8.762195706367492676e-01,1.193103075027465820e+00,-2.183735072612762451e-01,-2.595900893211364746e-01,-1.517673432826995850e-01,-1.750886082649230957e+00,-1.037670612335205078e+00,-8.062987923622131348e-01,1.142771601676940918e+00,2.415134012699127197e-01,-2.272368669509887695e-01,-1.078963875770568848e-01
-1.584980823099613190e-02,-2.526730537414550781e+00,9.263169765472412109e-01,-3.482154756784439087e-02,-4.459979385137557983e-02,-7.196742296218872070e-01,6.920024156570434570e-01,1.184460446238517761e-01,2.918830811977386475e-01,1.910812705755233765e-01,3.724249778315424919e-03,4.980815351009368896e-01,-1.939046531915664673e-01,1.374286860227584839e-01,-3.109632432460784912e-01,-1.414714753627777100e-01,9.854754060506820679e-02,3.112861812114715576e-01,4.960815608501434326e-02,5.849619209766387939e-02,1.103385072201490402e-02,-7.097063586115837097e-03,-1.898571133613586426e+00,9.340739250183105469e-01,7.991017699241638184e-01,1.203241586685180664e+00,-2.236783653497695923e-01,-2.766014039516448975e-01,-1.611957401037216187e-01,-1.878083944320678711e+00,-9.807847738265991211e-01,-7.128050327301025391e-01,1.161548256874084473e+00,2.445508986711502075e-01,-2.446602582931518555e-01,-8.031497895717620850e-02
-1.487089972943067551e-02,-2.528042078018188477e+00,9.126920700073242188e-01,-3.693788498640060425e-02,-4.812944680452346802e-02,-7.218043208122253418e-01,6.894328594207763672e-01,1.239723041653633118e-01,3.061063885688781738e-01,1.638118475675582886e-01,1.801440119743347168e-02,5.235999822616577148e-01,-2.124099880456924438e-01,1.407199651002883911e-01,-3.353665173053741455e-01,-1.269358843564987183e-01,1.037564724683761597e-01,3.434900641441345215e-01,4.630908742547035217e-02,6.506485491991043091e-02,1.178924646228551865e-02,1.835913746617734432e-03,-1.996747970581054688e+00,8.792787790298461914e-01,7.231164574623107910e-01,1.217660069465637207e+00,-2.309592664241790771e-01,-2.941045463085174561e-01,-1.725805848836898804e-01,-1.989744544029235840e+00,-9.201412796974182129e-01,-6.275969743728637695e-01,1.182026743888854980e+00,2.485417872667312622e-01,-2.617257535457611084e-01,-5.372033268213272095e-02
-1.403778418898582458e-02,-2.529250621795654297e+00,8.963120579719543457e-01,-3.873022273182868958e-02,-5.170314759016036987e-02,-7.237037420272827148e-01,6.870805621147155762e-01,1.253044605255126953e-01,3.154712319374084473e-01,1.187944337725639343e-01,4.906002059578895569e-02,5.235999822616577148e-01,-2.105680108070373535e-01,1.427904963493347168e-01,-3.545897603034973145e-01,-9.069778770208358765e-02,1.138035282492637634e-01,3.949469625949859619e-01,5.910816043615341187e-02,6.819639354944229126e-02,1.232891529798507690e-02,1.205370575189590454e-02,-2.079436540603637695e+00,8.267998695373535156e-01,6.466417908668518066e-01,1.229072213172912598e+00,-2.379331588745117188e-01,-3.172643780708312988e-01,-1.804980188608169556e-01,-2.088400125503540039e+00,-8.499178290367126465e-01,-5.507348179817199707e-01,1.202499270439147949e+00,2.537676393985748291e-01,-2.844304144382476807e-01,-3.365957736968994141e-02
-1.321090478450059891e-02,-2.528226375579833984e+00,8.780709505081176758e-01,-3.465498238801956177e-02,-4.788564518094062805e-02,-7.244983911514282227e-01,6.867372989654541016e-01,1.258289068937301636e-01,3.225780427455902100e-01,8.239357173442840576e-02,3.477636724710464478e-02,5.235999822616577148e-01,-1.931412518024444580e-01,1.444535255432128906e-01,-3.664574325084686279e-01,-6.169249862432479858e-02,1.023358404636383057e-01,3.481359481811523438e-01,7.892850786447525024e-02,6.939096748828887939e-02,1.420198287814855576e-02,4.315343685448169708e-03,-2.147114038467407227e+00,7.689667940139770508e-01,5.873246192932128906e-01,1.236935615539550781e+00,-2.458489090204238892e-01,-3.351664245128631592e-01,-1.848629862070083618e-01,-2.166376113891601562e+00,-7.760280966758728027e-01,-4.853466153144836426e-01,1.215624809265136719e+00,2.627131342887878418e-01,-2.991967499256134033e-01,-1.670312695205211639e-02
-1.258824206888675690e-02,-2.526752710342407227e+00,8.568374514579772949e-01,-2.914858050644397736e-02,-4.059179127216339111e-02,-7.232050895690917969e-01,6.888229846954345703e-01,1.350464820861816406e-01,3.332681357860565186e-01,8.559744805097579956e-02,1.213321462273597717e-02,4.190387129783630371e-01,-1.777428984642028809e-01,1.465901881456375122e-01,-3.759984672069549561e-01,-6.367174535989761353e-02,1.045360937714576721e-01,1.946063786745071411e-01,1.033767610788345337e-01,6.376980245113372803e-02,1.855431124567985535e-02,-1.275517791509628296e-02,-2.197249650955200195e+00,7.082274556159973145e-01,5.403141379356384277e-01,1.238715410232543945e+00,-2.553729712963104248e-01,-3.500044941902160645e-01,-1.824622750282287598e-01,-2.221738815307617188e+00,-6.989605426788330078e-01,-4.267277419567108154e-01,1.218056797981262207e+00,2.732415497303009033e-01,-3.116177618503570557e-01,1.061204588040709496e-03
-1.186381652951240540e-02,-2.526039838790893555e+00,8.336771130561828613e-01,-4.030479490756988525e-02,-4.959214478731155396e-02,-7.226344347000122070e-01,6.882700324058532715e-01,1.529202014207839966e-01,3.509101867675781250e-01,1.012958586215972900e-01,1.090546473860740662e-01,1.509147733449935913e-01,-2.536698579788208008e-01,1.393403857946395874e-01,-3.922723829746246338e-01,-6.297791749238967896e-02,2.409877032041549683e-01,-8.174915611743927002e-02,1.633623242378234863e-01,6.312052905559539795e-02,2.526612393558025360e-02,1.500086952000856400e-02,-2.221293926239013672e+00,6.345078945159912109e-01,5.032420754432678223e-01,1.222176909446716309e+00,-2.961574494838714600e-01,-4.052278995513916016e-01,-1.769610196352005005e-01,-2.251736640930175781e+00,-6.166582703590393066e-01,-3.684711158275604248e-01,1.206797003746032715e+00,3.212709724903106689e-01,-3.616554737091064453e-01,4.452549293637275696e-02
-1.065946370363235474e-02,-2.525215625762939453e+00,8.112663626670837402e-01,-4.297168552875518799e-02,-5.515300109982490540e-02,-7.238256335258483887e-01,6.864314079284667969e-01,1.507070660591125488e-01,3.545444905757904053e-01,1.104098036885261536e-01,1.856883615255355835e-01,-1.498374063521623611e-02,-2.617999911308288574e-01,1.154021099209785461e-01,-4.154233932495117188e-01,-6.237994879484176636e-02,3.416980504989624023e-01,-2.265888452529907227e-01,2.022376954555511475e-01,7.025377452373504639e-02,2.380802482366561890e-02,2.154636755585670471e-02,-2.238862037658691406e+00,5.604056715965270996e-01,4.843443334102630615e-01,1.205657124519348145e+00,-3.194799125194549561e-01,-4.233406186103820801e-01,-1.755487471818923950e-01,-2.267922878265380859e+00,-5.389584898948669434e-01,-3.249192833900451660e-01,1.186683654785156250e+00,3.536057174205780029e-01,-3.829315602779388428e-01,7.270632684230804443e-02
-9.968074969947338104e-03,-2.524646759033203125e+00,7.894960045814514160e-01,-4.689937829971313477e-02,-6.170168519020080566e-02,-7.252171039581298828e-01,6.841443181037902832e-01,1.437284052371978760e-01,3.589323461055755615e-01,1.211531609296798706e-01,2.703943252563476562e-01,-1.420831382274627686e-01,-2.617999911308288574e-01,9.228585660457611084e-02,-4.352477192878723145e-01,-6.365560740232467651e-02,4.388208687305450439e-01,-3.264340758323669434e-01,2.093769758939743042e-01,7.895898818969726562e-02,2.247352339327335358e-02,3.104502148926258087e-02,-2.242505550384521484e+00,4.897496998310089111e-01,4.640819430351257324e-01,1.177364945411682129e+00,-3.329562544822692871e-01,-4.381205439567565918e-01,-1.873314082622528076e-01,-2.274283409118652344e+00,-4.678707718849182129e-01,-2.884748876094818115e-01,1.159680604934692383e+00,3.764469325542449951e-01,-3.958314657211303711e-01,1.072748079895973206e-01
-9.529925882816314697e-03,-2.524599552154541016e+00,7.693042159080505371e-01,-5.026318132877349854e-02,-6.771884113550186157e-02,-7.271323204040527344e-01,6.812975406646728516e-01,1.353148519992828369e-01,3.640830218791961670e-01,1.310008019208908081e-01,3.504574298858642578e-01,-2.182454764842987061e-01,-2.617999911308288574e-01,8.062727749347686768e-02,-4.496544301509857178e-01,-6.919996440410614014e-02,5.109524130821228027e-01,-3.956537246704101562e-01,1.952223479747772217e-01,8.964928984642028809e-02,2.282089926302433014e-02,3.606755286455154419e-02,-2.227996826171875000e+00,4.283802211284637451e-01,4.366261363029479980e-01,1.141996860504150391e+00,-3.456492722034454346e-01,-4.548516273498535156e-01,-2.028430700302124023e-01,-2.267505407333374023e+00,-4.001034498214721680e-01,-2.539199292659759521e-01,1.127734661102294922e+00,3.944148123264312744e-01,-4.077395796775817871e-01,1.435773670673370361e-01
-1.015121024101972580e-02,-2.523859262466430664e+00,7.556628584861755371e-01,-5.176988616585731506e-02,-7.525984197854995728e-02,-7.268612384796142578e-01,6.806824207305908203e-01,1.095227971673011780e-01,3.664664924144744873e-01,1.222663521766662598e-01,4.348232150077819824e-01,-2.443192899227142334e-01,-2.617999911308288574e-01,8.337337523698806763e-02,-4.654445648193359375e-01,-6.035359203815460205e-02,5.502722263336181641e-01,-4.234458506107330322e-01,2.122442722320556641e-01,9.486307203769683838e-02,1.694143004715442657e-02,4.052562639117240906e-02,-2.204572916030883789e+00,3.764221966266632080e-01,4.080645740032196045e-01,1.107450366020202637e+00,-3.595865070819854736e-01,-4.768043160438537598e-01,-2.141076624393463135e-01,-2.252056837081909180e+00,-3.408138453960418701e-01,-2.262942045927047729e-01,1.098882079124450684e+00,4.089851379394531250e-01,-4.268151521682739258e-01,1.665699928998947144e-01
-1.188054215162992477e-02,-2.521685838699340820e+00,7.469735145568847656e-01,-5.642249062657356262e-02,-8.197527378797531128e-02,-7.237216234207153320e-01,6.828789114952087402e-01,6.270109862089157104e-02,3.750717937946319580e-01,9.608590602874755859e-02,5.362780094146728516e-01,-2.564856708049774170e-01,-2.617999911308288574e-01,6.083136051893234253e-02,-4.713393747806549072e-01,-3.808288648724555969e-02,6.263675093650817871e-01,-4.315906763076782227e-01,2.393194884061813354e-01,9.063599258661270142e-02,1.327240187674760818e-02,4.898535460233688354e-02,-2.174940824508666992e+00,3.279169797897338867e-01,3.857519924640655518e-01,1.071005702018737793e+00,-3.767986595630645752e-01,-5.011844635009765625e-01,-2.206425666809082031e-01,-2.223077058792114258e+00,-2.948263287544250488e-01,-1.972397565841674805e-01,1.065906286239624023e+00,4.223302304744720459e-01,-4.518587887287139893e-01,1.831422448158264160e-01
-1.261699479073286057e-02,-2.519975900650024414e+00,7.405598759651184082e-01,-6.038752198219299316e-02,-8.534958213567733765e-02,-7.205181717872619629e-01,6.855087876319885254e-01,3.046517074108123779e-02,3.830318450927734375e-01,8.153210580348968506e-02,6.019667387008666992e-01,-2.714531421661376953e-01,-2.617999911308288574e-01,2.877855673432350159e-02,-4.708284735679626465e-01,-2.838223986327648163e-02,7.045156955718994141e-01,-4.414176046848297119e-01,2.167523354291915894e-01,8.902805298566818237e-02,1.381429471075534821e-02,5.173658579587936401e-02,-2.138324022293090820e+00,2.852735221385955811e-01,3.634029328823089600e-01,1.031520843505859375e+00,-3.931949734687805176e-01,-5.208122134208679199e-01,-2.225755602121353149e-01,-2.188998699188232422e+00,-2.742829322814941406e-01,-1.544116437435150146e-01,1.030579805374145508e+00,4.335218966007232666e-01,-4.646235108375549316e-01,1.964900791645050049e-01
-1.251932885497808456e-02,-2.519379854202270508e+00,7.353919744491577148e-01,-6.317040324211120605e-02,-8.683720976114273071e-02,-7.197951674461364746e-01,6.858306527137756348e-01,2.420516684651374817e-02,3.890673816204071045e-01,8.144494146108627319e-02,6.270965933799743652e-01,-2.913355827331542969e-01,-2.617999911308288574e-01,1.207108609378337860e-02,-4.723343849182128906e-01,-2.760859765112400055e-02,7.456173896789550781e-01,-4.531234204769134521e-01,1.888538450002670288e-01,9.297473728656768799e-02,1.621775887906551361e-02,5.086009576916694641e-02,-2.107136964797973633e+00,2.589431703090667725e-01,3.464487791061401367e-01,9.958773851394653320e-01,-3.925713896751403809e-01,-5.215381383895874023e-01,-2.276273816823959351e-01,-2.162998437881469727e+00,-2.748029232025146484e-01,-1.158059537410736084e-01,1.005683660507202148e+00,4.381636083126068115e-01,-4.621495306491851807e-01,1.973332613706588745e-01
-1.265750825405120850e-02,-2.519889831542968750e+00,7.314708828926086426e-01,-6.417952477931976318e-02,-8.909069746732711792e-02,-7.198590636253356934e-01,6.853806972503662109e-01,3.120353072881698608e-02,3.898473978042602539e-01,8.389969915151596069e-02,6.306684017181396484e-01,-3.017398416996002197e-01,-2.617999911308288574e-01,1.108223758637905121e-02,-4.783459901809692383e-01,-2.517029643058776855e-02,7.589719891548156738e-01,-4.679452478885650635e-01,1.802549213171005249e-01,9.679138660430908203e-02,1.702748984098434448e-02,5.030856654047966003e-02,-2.076251745223999023e+00,2.582825720310211182e-01,3.233549892902374268e-01,9.664958715438842773e-01,-3.889929056167602539e-01,-5.256955027580261230e-01,-2.241401970386505127e-01,-2.150629043579101562e+00,-2.851206064224243164e-01,-9.326596558094024658e-02,9.952835440635681152e-01,4.344293773174285889e-01,-4.512727558612823486e-01,1.793978065252304077e-01
-1.367064658552408218e-02,-2.520411252975463867e+00,7.303206920623779297e-01,-6.372788548469543457e-02,-9.082161635160446167e-02,-7.200352549552917480e-01,6.850104928016662598e-01,3.706990554928779602e-02,3.881499469280242920e-01,8.633572608232498169e-02,6.252299547195434570e-01,-2.994817793369293213e-01,-2.617999911308288574e-01,1.540335733443498611e-02,-4.832511544227600098e-01,-2.567807771265506744e-02,7.575419545173645020e-01,-4.763442277908325195e-01,1.947504878044128418e-01,1.005574390292167664e-01,1.739226467907428741e-02,5.034137144684791565e-02,-2.055692434310913086e+00,2.786799371242523193e-01,3.039287030696868896e-01,9.528024196624755859e-01,-3.828836679458618164e-01,-5.286175012588500977e-01,-2.220156192779541016e-01,-2.150271654129028320e+00,-3.038347363471984863e-01,-8.131521195173263550e-02,9.911071062088012695e-01,4.243681132793426514e-01,-4.344196915626525879e-01,1.707254052162170410e-01
-1.577496528625488281e-02,-2.520393133163452148e+00,7.334673404693603516e-01,-6.146381795406341553e-02,-9.048848599195480347e-02,-7.196535468101501465e-01,6.856623291969299316e-01,3.846693411469459534e-02,3.864551782608032227e-01,8.869022876024246216e-02,6.088166832923889160e-01,-2.787446975708007812e-01,-2.617999911308288574e-01,1.900352351367473602e-02,-4.821080863475799561e-01,-3.132629394531250000e-02,7.446972727775573730e-01,-4.693475067615509033e-01,2.026143521070480347e-01,1.011407598853111267e-01,1.746764965355396271e-02,4.877188429236412048e-02,-2.046321392059326172e+00,3.164414465427398682e-01,2.909536063671112061e-01,9.507183432579040527e-01,-3.771537244319915771e-01,-5.267983078956604004e-01,-2.206450253725051880e-01,-2.164849519729614258e+00,-3.274341523647308350e-01,-8.635807782411575317e-02,9.963440299034118652e-01,4.182999134063720703e-01,-4.225492179393768311e-01,1.632702499628067017e-01
-1.787772029638290405e-02,-2.520504236221313477e+00,7.410654425621032715e-01,-5.821727588772773743e-02,-8.818250149488449097e-02,-7.191234827041625977e-01,6.868013143539428711e-01,4.592445120215415955e-02,3.821620643138885498e-01,9.142685681581497192e-02,5.695607662200927734e-01,-2.438705861568450928e-01,-2.617999911308288574e-01,2.547932974994182587e-02,-4.763912558555603027e-01,-4.039295017719268799e-02,7.152940034866333008e-01,-4.448190927505493164e-01,2.013487368822097778e-01,1.004852652549743652e-01,1.843899860978126526e-02,4.440950229763984680e-02,-2.045504331588745117e+00,3.687522113323211670e-01,2.844560146331787109e-01,9.608489274978637695e-01,-3.657082617282867432e-01,-5.154171586036682129e-01,-2.171824574470520020e-01,-2.181552410125732422e+00,-3.678303956985473633e-01,-9.127549082040786743e-02,1.001922965049743652e+00,4.090261459350585938e-01,-4.105296134948730469e-01,1.585505902767181396e-01
-1.990444585680961609e-02,-2.521990299224853516e+00,7.525806427001953125e-01,-5.408958345651626587e-02,-8.464893698692321777e-02,-7.196279764175415039e-01,6.870548725128173828e-01,6.340833008289337158e-02,3.746236562728881836e-01,9.776608645915985107e-02,5.099025368690490723e-01,-1.977390795946121216e-01,-2.617999911308288574e-01,3.849484026432037354e-02,-4.672458171844482422e-01,-5.171456933021545410e-02,6.664990782737731934e-01,-4.075192511081695557e-01,1.964770853519439697e-01,1.003947034478187561e-01,1.928152143955230713e-02,3.604381158947944641e-02,-2.045653343200683594e+00,4.303390681743621826e-01,2.859651446342468262e-01,9.774143695831298828e-01,-3.499310910701751709e-01,-5.025074481964111328e-01,-2.135040909051895142e-01,-2.203585386276245117e+00,-4.164508879184722900e-01,-1.125117987394332886e-01,1.019038200378417969e+00,4.004049599170684814e-01,-4.001119732856750488e-01,1.480282396078109741e-01
-2.194691449403762817e-02,-2.524639368057250977e+00,7.678806781768798828e-01,-4.912142455577850342e-02,-8.050448447465896606e-02,-7.213477492332458496e-01,6.861221194267272949e-01,8.547502011060714722e-02,3.643439114093780518e-01,1.063517928123474121e-01,4.399913847446441650e-01,-1.352951079607009888e-01,-2.617999911308288574e-01,5.645071342587471008e-02,-4.549581408500671387e-01,-6.356749683618545532e-02,6.007261276245117188e-01,-3.572422564029693604e-01,1.890458017587661743e-01,1.028683781623840332e-01,2.007602341473102570e-02,2.503776177763938904e-02,-2.050649166107177734e+00,4.968824386596679688e-01,3.071789145469665527e-01,1.006459951400756836e+00,-3.386048376560211182e-01,-4.948647022247314453e-01,-2.058354616165161133e-01,-2.228130340576171875e+00,-4.726749360561370850e-01,-1.465635448694229126e-01,1.048765063285827637e+00,3.937664330005645752e-01,-3.887296915054321289e-01,1.350596100091934204e-01
-2.410869486629962921e-02,-2.527266025543212891e+00,7.873046994209289551e-01,-4.524930566549301147e-02,-7.771378010511398315e-02,-7.233000397682189941e-01,6.846533417701721191e-01,1.098920479416847229e-01,3.517144322395324707e-01,1.111679747700691223e-01,3.632638454437255859e-01,-3.832442313432693481e-02,-2.617999911308288574e-01,8.118368685245513916e-02,-4.388766288757324219e-01,-7.194709032773971558e-02,5.205917954444885254e-01,-2.801930606365203857e-01,1.785029172897338867e-01,1.055665686726570129e-01,2.056971192359924316e-02,1.597154140472412109e-02,-2.047582626342773438e+00,5.649937391281127930e-01,3.398699462413787842e-01,1.037368297576904297e+00,-3.316777348518371582e-01,-4.911360144615173340e-01,-1.973275095224380493e-01,-2.244248151779174805e+00,-5.365273356437683105e-01,-1.869462579488754272e-01,1.081755280494689941e+00,3.892002701759338379e-01,-3.746312856674194336e-01,1.237084195017814636e-01
-2.657855860888957977e-02,-2.530099153518676758e+00,8.108752965927124023e-01,-4.393852129578590393e-02,-7.630877196788787842e-02,-7.243527770042419434e-01,6.837831735610961914e-01,1.385426968336105347e-01,3.405713140964508057e-01,1.122395470738410950e-01,2.729894518852233887e-01,8.402166515588760376e-02,-2.617999911308288574e-01,1.140841394662857056e-01,-4.179554283618927002e-01,-7.677921652793884277e-02,4.292989969253540039e-01,-1.852144300937652588e-01,1.524414271116256714e-01,1.066938564181327820e-01,2.333501353859901428e-02,1.055196765810251236e-02,-2.032041788101196289e+00,6.387760043144226074e-01,3.773782551288604736e-01,1.068844556808471680e+00,-3.246386647224426270e-01,-4.865278303623199463e-01,-1.960916817188262939e-01,-2.252348661422729492e+00,-6.078394651412963867e-01,-2.311884015798568726e-01,1.115940213203430176e+00,3.797490596771240234e-01,-3.539724647998809814e-01,1.217878982424736023e-01
-2.899289317429065704e-02,-2.531465291976928711e+00,8.363156318664550781e-01,-4.415517300367355347e-02,-7.368784397840499878e-02,-7.238652706146240234e-01,6.845724582672119141e-01,1.545709371566772461e-01,3.351459801197052002e-01,1.141013801097869873e-01,1.816220879554748535e-01,2.264755964279174805e-01,-2.617999911308288574e-01,1.446111351251602173e-01,-3.920832276344299316e-01,-8.342318981885910034e-02,3.321875631809234619e-01,-8.544884622097015381e-02,1.098214313387870789e-01,1.056799367070198059e-01,3.022265434265136719e-02,7.772485725581645966e-03,-2.005084991455078125e+00,7.172051072120666504e-01,4.144730269908905029e-01,1.095061421394348145e+00,-3.139846920967102051e-01,-4.694297313690185547e-01,-1.934397071599960327e-01,-2.251553535461425781e+00,-6.940178275108337402e-01,-2.576067745685577393e-01,1.144275426864624023e+00,3.598829507827758789e-01,-3.290542662143707275e-01,1.071027442812919617e-01
-3.051282092928886414e-02,-2.531109333038330078e+00,8.607344031333923340e-01,-4.265301674604415894e-02,-7.243636250495910645e-02,-7.221611142158508301e-01,6.865981221199035645e-01,1.521624773740768433e-01,3.238023221492767334e-01,1.345208734273910522e-01,1.122273951768875122e-01,3.951000571250915527e-01,-2.617999911308288574e-01,1.603467613458633423e-01,-3.767695128917694092e-01,-9.215455502271652222e-02,2.503953874111175537e-01,4.638190194964408875e-02,8.183963596820831299e-02,1.006285324692726135e-01,3.341490775346755981e-02,7.269963622093200684e-03,-1.960309505462646484e+00,7.984367609024047852e-01,4.496709406375885010e-01,1.113840341567993164e+00,-3.033190965652465820e-01,-4.517813622951507568e-01,-1.839999258518218994e-01,-2.235858440399169922e+00,-7.891796231269836426e-01,-2.689141929149627686e-01,1.163762211799621582e+00,3.380629122257232666e-01,-3.104483783245086670e-01,8.080601692199707031e-02
-3.154538199305534363e-02,-2.530547142028808594e+00,8.829416632652282715e-01,-4.047578200697898865e-02,-7.182690501213073730e-02,-7.207412123680114746e-01,6.882838606834411621e-01,1.505199223756790161e-01,3.045277595520019531e-01,1.627345830202102661e-01,6.023273617029190063e-02,5.219031572341918945e-01,-2.617999911308288574e-01,1.703188270330429077e-01,-3.678013682365417480e-01,-1.111383885145187378e-01,1.735960543155670166e-01,1.933213770389556885e-01,7.874354720115661621e-02,9.937939047813415527e-02,3.328169509768486023e-02,6.629149895161390305e-03,-1.906315088272094727e+00,8.714929223060607910e-01,5.021787881851196289e-01,1.131927132606506348e+00,-2.919347584247589111e-01,-4.285800158977508545e-01,-1.646414399147033691e-01,-2.207880735397338867e+00,-8.938809037208557129e-01,-2.835955917835235596e-01,1.179437279701232910e+00,3.185599446296691895e-01,-2.903237342834472656e-01,4.521152749657630920e-02
-3.218754380941390991e-02,-2.529974699020385742e+00,9.028992056846618652e-01,-3.734116256237030029e-02,-7.348676770925521851e-02,-7.211769223213195801e-01,6.878293156623840332e-01,1.491896957159042358e-01,2.693082094192504883e-01,1.662865430116653442e-01,4.501877725124359131e-02,5.235999822616577148e-01,-2.617999911308288574e-01,1.791073083877563477e-01,-3.617432117462158203e-01,-1.209690719842910767e-01,1.136356666684150696e-01,3.310713171958923340e-01,1.198619231581687927e-01,1.027190536260604858e-01,2.910312265157699585e-02,6.711329333484172821e-03,-1.823101878166198730e+00,9.448365569114685059e-01,5.537130236625671387e-01,1.140442609786987305e+00,-2.714954316616058350e-01,-4.042948186397552490e-01,-1.461836695671081543e-01,-2.159283161163330078e+00,-9.990910291671752930e-01,-3.046734333038330078e-01,1.186800479888916016e+00,3.034630715847015381e-01,-2.631353735923767090e-01,1.279072370380163193e-02
-3.340571373701095581e-02,-2.528182268142700195e+00,9.192065000534057617e-01,-3.186618909239768982e-02,-7.042926549911499023e-02,-7.201973199844360352e-01,6.894491314888000488e-01,1.449304223060607910e-01,2.327332198619842529e-01,1.479388326406478882e-01,6.385047920048236847e-03,5.235999822616577148e-01,-2.617999911308288574e-01,1.793501079082489014e-01,-3.338077068328857422e-01,-9.795074909925460815e-02,8.087622374296188354e-02,3.414852023124694824e-01,1.326271444559097290e-01,9.968984127044677734e-02,2.663224749267101288e-02,-3.293650457635521889e-03,-1.711279511451721191e+00,1.013494729995727539e+00,6.153644323348999023e-01,1.141537904739379883e+00,-2.543739080429077148e-01,-3.803896605968475342e-01,-1.329857856035232544e-01,-2.077960014343261719e+00,-1.100519061088562012e+00,-3.459536135196685791e-01,1.181139469146728516e+00,2.954457104206085205e-01,-2.312031537294387817e-01,-1.787349395453929901e-02
-3.507430106401443481e-02,-2.526311874389648438e+00,9.309238791465759277e-01,-2.790487371385097504e-02,-6.528966873884201050e-02,-7.190378308296203613e-01,6.913343667984008789e-01,1.365517675876617432e-01,2.022331357002258301e-01,1.180861592292785645e-01,-2.370679937303066254e-02,5.218175053596496582e-01,-2.617999911308288574e-01,1.706392467021942139e-01,-2.959785163402557373e-01,-6.575600057840347290e-02,7.461673766374588013e-02,2.949120700359344482e-01,1.353422850370407104e-01,9.639494121074676514e-02,2.749767526984214783e-02,-1.272404193878173828e-02,-1.581919074058532715e+00,1.071288108825683594e+00,6.926059722900390625e-01,1.144374370574951172e+00,-2.478036135435104370e-01,-3.617795407772064209e-01,-1.265336275100708008e-01,-1.965904355049133301e+00,-1.194768071174621582e+00,-4.133889973163604736e-01,1.174566149711608887e+00,2.908512055873870850e-01,-2.097850739955902100e-01,-4.924725741147994995e-02
-3.665614500641822815e-02,-2.524592876434326172e+00,9.388437271118164062e-01,-2.480947598814964294e-02,-6.115783751010894775e-02,-7.191091775894165039e-01,6.917558908462524414e-01,1.261739432811737061e-01,1.740991026163101196e-01,9.135649353265762329e-02,-3.332328051328659058e-02,5.024003386497497559e-01,-2.617999911308288574e-01,1.575651764869689941e-01,-2.630923390388488770e-01,-4.278034344315528870e-02,8.399470150470733643e-02,2.499780207872390747e-01,1.653543561697006226e-01,9.472219645977020264e-02,2.818012051284313202e-02,-1.739967986941337585e-02,-1.435840249061584473e+00,1.118357896804809570e+00,7.870282530784606934e-01,1.148761749267578125e+00,-2.382852733135223389e-01,-3.444203436374664307e-01,-1.312983930110931396e-01,-1.811521649360656738e+00,-1.278368353843688965e+00,-4.988442063331604004e-01,1.171823740005493164e+00,2.867431640625000000e-01,-2.002201378345489502e-01,-7.401458919048309326e-02
-3.839042037725448608e-02,-2.523465633392333984e+00,9.433428049087524414e-01,-2.315126918256282806e-02,-5.903292819857597351e-02,-7.199778556823730469e-01,6.910940408706665039e-01,1.185251921415328979e-01,1.476168185472488403e-01,7.055849581956863403e-02,-2.597783692181110382e-02,4.675121903419494629e-01,-2.617999911308288574e-01,1.477118879556655884e-01,-2.329925894737243652e-01,-2.878257259726524353e-02,1.011912152171134949e-01,2.252788841724395752e-01,1.970404386520385742e-01,9.393049031496047974e-02,2.751103974878787994e-02,-1.610715687274932861e-02,-1.269338965415954590e+00,1.148315548896789551e+00,8.990420103073120117e-01,1.152305364608764648e+00,-2.288381010293960571e-01,-3.384211063385009766e-01,-1.166100949048995972e-01,-1.608957171440124512e+00,-1.341996908187866211e+00,-6.238412857055664062e-01,1.175572872161865234e+00,2.750518918037414551e-01,-1.978998929262161255e-01,-9.323266148567199707e-02
-4.023919999599456787e-02,-2.522166967391967773e+00,9.441661238670349121e-01,-2.249682322144508362e-02,-5.690589919686317444e-02,-7.211107611656188965e-01,6.901122331619262695e-01,1.127832829952239990e-01,1.281611621379852295e-01,6.375166028738021851e-02,-1.411960180848836899e-02,4.348244369029998779e-01,-2.617999911308288574e-01,1.379797011613845825e-01,-2.055981159210205078e-01,-3.170392289757728577e-02,1.236627623438835144e-01,2.148849964141845703e-01,2.201859652996063232e-01,9.218203276395797729e-02,2.724609524011611938e-02,-1.337335165590047836e-02,-1.103665113449096680e+00,1.156385302543640137e+00,1.023501515388488770e+00,1.162448048591613770e+00,-2.208874672651290894e-01,-3.274987637996673584e-01,-1.037158593535423279e-01,-1.360629081726074219e+00,-1.372938394546508789e+00,-7.919445633888244629e-01,1.180795550346374512e+00,2.623177170753479004e-01,-1.941197216510772705e-01,-1.055615097284317017e-01
-4.229628667235374451e-02,-2.520980358123779297e+00,9.416293501853942871e-01,-2.263732627034187317e-02,-5.521922186017036438e-02,-7.223153114318847656e-01,6.889840364456176758e-01,1.116485148668289185e-01,1.146566197276115417e-01,6.960014998912811279e-02,-2.721466822549700737e-03,4.098222851753234863e-01,-2.617999911308288574e-01,1.353416889905929565e-01,-1.841095089912414551e-01,-5.473328381776809692e-02,1.395498514175415039e-01,2.037830054759979248e-01,2.367234975099563599e-01,9.047902375459671021e-02,2.711433358490467072e-02,-9.039376862347126007e-03,-9.398352503776550293e-01,1.141529440879821777e+00,1.147969365119934082e+00,1.172307252883911133e+00,-2.241972386837005615e-01,-3.192276060581207275e-01,-1.008971184492111206e-01,-1.095758318901062012e+00,-1.361710309982299805e+00,-9.844739437103271484e-01,1.181777834892272949e+00,2.612135112285614014e-01,-1.895448118448257446e-01,-1.199387684464454651e-01
-4.463754594326019287e-02,-2.519902467727661133e+00,9.362214207649230957e-01,-2.250829525291919708e-02,-5.351928621530532837e-02,-7.233061790466308594e-01,6.880822777748107910e-01,1.105335056781768799e-01,1.048475056886672974e-01,8.064031600952148438e-02,1.275764312595129013e-02,3.762460350990295410e-01,-2.617999911308288574e-01,1.352864801883697510e-01,-1.671218723058700562e-01,-8.807401359081268311e-02,1.532828509807586670e-01,1.846680939197540283e-01,2.470732033252716064e-01,8.902849256992340088e-02,2.507318742573261261e-02,-7.526859641075134277e-03,-7.934251427650451660e-01,1.103949546813964844e+00,1.262115955352783203e+00,1.182765245437622070e+00,-2.300975620746612549e-01,-3.105157911777496338e-01,-9.953736513853073120e-02,-8.542669415473937988e-01,-1.314035773277282715e+00,-1.148471593856811523e+00,1.182874798774719238e+00,2.660141289234161377e-01,-1.812339574098587036e-01,-1.373097300529479980e-01
-4.699748381972312927e-02,-2.518352031707763672e+00,9.274564981460571289e-01,-2.107384614646434784e-02,-5.154953524470329285e-02,-7.241172790527343750e-01,6.874246597290039062e-01,9.774176776409149170e-02,9.244661033153533936e-02,7.424291968345642090e-02,4.625795036554336548e-02,3.458461761474609375e-01,-2.617999911308288574e-01,1.324451118707656860e-01,-1.501349210739135742e-01,-1.070603281259536743e-01,1.651353240013122559e-01,1.710132658481597900e-01,2.615250051021575928e-01,8.296440541744232178e-02,2.104797959327697754e-02,-9.320332668721675873e-03,-6.637232303619384766e-01,1.054179430007934570e+00,1.380151033401489258e+00,1.200096249580383301e+00,-2.325027287006378174e-01,-3.057714700698852539e-01,-1.180585026741027832e-01,-6.794872283935546875e-01,-1.233434319496154785e+00,-1.271169304847717285e+00,1.186964750289916992e+00,2.695383429527282715e-01,-1.706206351518630981e-01,-1.496998518705368042e-01
-4.924714565277099609e-02,-2.517131805419921875e+00,9.154513478279113770e-01,-1.936590857803821564e-02,-4.983158409595489502e-02,-7.253840565681457520e-01,6.862650513648986816e-01,8.426705002784729004e-02,7.714930176734924316e-02,5.401837825775146484e-02,7.897541671991348267e-02,3.381804823875427246e-01,-2.617999911308288574e-01,1.298318952322006226e-01,-1.330302953720092773e-01,-1.127567440271377563e-01,1.705319732427597046e-01,1.659387946128845215e-01,2.617999911308288574e-01,7.826319336891174316e-02,1.671693660318851471e-02,-7.439482491463422775e-03,-5.389911532402038574e-01,9.841367602348327637e-01,1.464150428771972656e+00,1.211906313896179199e+00,-2.317070215940475464e-01,-3.129731118679046631e-01,-1.280165612697601318e-01,-5.406188368797302246e-01,-1.136164903640747070e+00,-1.339545488357543945e+00,1.191738247871398926e+00,2.640018761157989502e-01,-1.691278964281082153e-01,-1.707987338304519653e-01
-5.101960524916648865e-02,-2.515711545944213867e+00,9.002415537834167480e-01,-1.613612473011016846e-02,-4.920391365885734558e-02,-7.269602417945861816e-01,6.847242712974548340e-01,6.627693027257919312e-02,5.824708193540573120e-02,4.071418941020965576e-02,1.219822317361831665e-01,3.211324810981750488e-01,-2.617999911308288574e-01,1.273368000984191895e-01,-1.251758635044097900e-01,-1.257319301366806030e-01,1.738034337759017944e-01,1.126816496253013611e-01,2.617999911308288574e-01,7.486017793416976929e-02,7.224150002002716064e-03,-3.060790477320551872e-03,-4.312021732330322266e-01,8.821342587471008301e-01,1.524955749511718750e+00,1.208239674568176270e+00,-1.602258235216140747e-01,-3.783271610736846924e-01,-1.570680290460586548e-01,-4.388525485992431641e-01,-1.027722597122192383e+00,-1.379882693290710449e+00,1.199103474617004395e+00,2.532197237014770508e-01,-1.682377457618713379e-01,-1.751361787319183350e-01
-5.363910645246505737e-02,-2.513222455978393555e+00,8.826417922973632812e-01,-1.299217808991670609e-02,-4.904507100582122803e-02,-7.276882529258728027e-01,6.840289831161499023e-01,5.008293688297271729e-02,4.791194573044776917e-02,5.194538086652755737e-02,1.678634285926818848e-01,2.416848093271255493e-01,-2.617999911308288574e-01,1.271963119506835938e-01,-1.173190474510192871e-01,-1.479380130767822266e-01,1.872399747371673584e-01,-2.975296415388584137e-02,1.977319121360778809e-01,6.865131855010986328e-02,-7.608548621647059917e-04,2.666507381945848465e-03,-3.624542653560638428e-01,8.013538718223571777e-01,1.585812091827392578e+00,1.227291345596313477e+00,-1.831934750080108643e-01,-3.312550187110900879e-01,-1.163357570767402649e-01,-3.673181235790252686e-01,-9.092406630516052246e-01,-1.375934481620788574e+00,1.201449632644653320e+00,2.298016250133514404e-01,-1.766131371259689331e-01,-1.746689826250076294e-01
-5.676705762743949890e-02,-2.511015176773071289e+00,8.629415631294250488e-01,-1.503345184028148651e-02,-4.521333053708076477e-02,-7.297585606575012207e-01,6.820426583290100098e-01,4.032693058252334595e-02,6.145109608769416809e-02,7.361569255590438843e-02,2.167657762765884399e-01,7.722899317741394043e-02,-2.617999911308288574e-01,1.192896068096160889e-01,-9.163492918014526367e-02,-1.640096902847290039e-01,2.379228472709655762e-01,-2.103738486766815186e-01,9.393542259931564331e-02,6.515752524137496948e-02,3.203911706805229187e-03,1.659419946372509003e-02,-2.947473824024200439e-01,7.020488381385803223e-01,1.609522223472595215e+00,1.230015277862548828e+00,-2.027702927589416504e-01,-3.103108108043670654e-01,-1.150255128741264343e-01,-3.122094273567199707e-01,-7.829500436782836914e-01,-1.346952915191650391e+00,1.197796463966369629e+00,2.063358724117279053e-01,-1.975199282169342041e-01,-1.736666113138198853e-01
-5.844325944781303406e-02,-2.508737564086914062e+00,8.417519330978393555e-01,-1.958315074443817139e-02,-4.599620774388313293e-02,-7.315400242805480957e-01,6.799632906913757324e-01,3.104675933718681335e-02,6.518041342496871948e-02,9.799271821975708008e-02,2.907423079013824463e-01,-9.229598939418792725e-02,-1.799463182687759399e-01,9.900301694869995117e-02,-7.798208296298980713e-02,-1.690849363803863525e-01,3.256358802318572998e-01,-3.354442417621612549e-01,3.280721604824066162e-02,6.273360550403594971e-02,6.214366294443607330e-03,4.471043497323989868e-02,-2.450542002916336060e-01,5.894588232040405273e-01,1.620795726776123047e+00,1.227298974990844727e+00,-2.116323709487915039e-01,-3.054882287979125977e-01,-1.215436980128288269e-01,-2.716734409332275391e-01,-6.580566167831420898e-01,-1.317040681838989258e+00,1.189788103103637695e+00,1.966858655214309692e-01,-2.103431075811386108e-01,-1.680343300104141235e-01
-5.905173718929290771e-02,-2.507088184356689453e+00,8.195173740386962891e-01,-2.590458467602729797e-02,-5.098429694771766663e-02,-7.333169579505920410e-01,6.774775385856628418e-01,1.875301077961921692e-02,6.397429853677749634e-02,1.240409314632415771e-01,3.927989900112152100e-01,-2.302548736333847046e-01,-1.101175025105476379e-01,7.526851445436477661e-02,-7.369596511125564575e-02,-1.650456488132476807e-01,4.372887909412384033e-01,-4.302126765251159668e-01,-1.029886398464441299e-02,6.051753833889961243e-02,8.150536566972732544e-03,8.187583833932876587e-02,-2.002459317445755005e-01,4.653734862804412842e-01,1.609605312347412109e+00,1.217298150062561035e+00,-2.154782116413116455e-01,-3.004425466060638428e-01,-1.200634241104125977e-01,-2.434420585632324219e-01,-5.319706797599792480e-01,-1.296075463294982910e+00,1.179136037826538086e+00,2.068358659744262695e-01,-2.273745536804199219e-01,-1.680389791727066040e-01
-5.914134532213211060e-02,-2.506582021713256836e+00,7.967931032180786133e-01,-3.009400144219398499e-02,-5.661304295063018799e-02,-7.349887490272521973e-01,6.750413775444030762e-01,-4.894471727311611176e-03,6.398128718137741089e-02,1.624254137277603149e-01,5.136610865592956543e-01,-3.459077179431915283e-01,-6.591504812240600586e-02,6.302116066217422485e-02,-6.967117637395858765e-02,-1.549241393804550171e-01,5.262513756752014160e-01,-5.319923758506774902e-01,-6.054066121578216553e-02,6.181184202432632446e-02,5.495770834386348724e-03,1.148922070860862732e-01,-1.660786420106887817e-01,3.441427946090698242e-01,1.605806589126586914e+00,1.206455588340759277e+00,-2.055084258317947388e-01,-2.781534194946289062e-01,-1.005897074937820435e-01,-1.972093135118484497e-01,-3.997974097728729248e-01,-1.241798520088195801e+00,1.166387796401977539e+00,2.340306192636489868e-01,-2.469311952590942383e-01,-1.747584939002990723e-01
-5.964238569140434265e-02,-2.507337570190429688e+00,7.755045294761657715e-01,-3.507829830050468445e-02,-6.029023230075836182e-02,-7.343556284904479980e-01,6.751713752746582031e-01,-2.232096530497074127e-02,6.766438484191894531e-02,1.891945004463195801e-01,6.129320263862609863e-01,-4.392448663711547852e-01,-3.055981732904911041e-02,5.397598072886466980e-02,-6.428997218608856201e-02,-1.500542759895324707e-01,6.092538833618164062e-01,-6.096923351287841797e-01,-8.409664779901504517e-02,6.056621298193931580e-02,4.968952853232622147e-03,1.421395540237426758e-01,-1.410867869853973389e-01,2.353296577930450439e-01,1.610947608947753906e+00,1.198084592819213867e+00,-1.962704360485076904e-01,-2.491920590400695801e-01,-7.990487664937973022e-02,-1.494690179824829102e-01,-2.889240682125091553e-01,-1.196251988410949707e+00,1.151860475540161133e+00,2.045929580926895142e-01,-1.918814033269882202e-01,-1.664892137050628662e-01
-5.968496203422546387e-02,-2.508735418319702148e+00,7.567372918128967285e-01,-4.498038068413734436e-02,-6.476584821939468384e-02,-7.303590178489685059e-01,6.784967780113220215e-01,-2.938405796885490417e-02,7.509581744670867920e-02,1.756647825241088867e-01,7.040171027183532715e-01,-5.120257139205932617e-01,-1.040298677980899811e-02,1.131653599441051483e-02,-6.272362917661666870e-02,-1.488556116819381714e-01,7.685863971710205078e-01,-6.782248020172119141e-01,-8.376666158437728882e-02,5.513637885451316833e-02,1.255194097757339478e-02,1.796356588602066040e-01,-1.177694350481033325e-01,1.288543343544006348e-01,1.593270659446716309e+00,1.178879022598266602e+00,-1.939158141613006592e-01,-2.221616655588150024e-01,-6.148523464798927307e-02,-9.435313194990158081e-02,-1.694887876510620117e-01,-1.147870779037475586e+00,1.123148560523986816e+00,2.649620771408081055e-01,-2.393326759338378906e-01,-1.403175890445709229e-01
-5.916760116815567017e-02,-2.509603738784790039e+00,7.426785826683044434e-01,-4.972577840089797974e-02,-6.931568682193756104e-02,-7.281745076179504395e-01,6.800621747970581055e-01,-5.467450618743896484e-02,7.895468175411224365e-02,1.585911214351654053e-01,7.984818816184997559e-01,-5.504090785980224609e-01,-2.535087987780570984e-02,-1.993653178215026855e-02,-6.629049032926559448e-02,-1.425964236259460449e-01,8.797914385795593262e-01,-7.332410812377929688e-01,-9.011436253786087036e-02,5.045921728014945984e-02,1.266247220337390900e-02,2.064328491687774658e-01,-9.122209995985031128e-02,3.495068103075027466e-02,1.557472348213195801e+00,1.163470864295959473e+00,-1.985415071249008179e-01,-2.070191651582717896e-01,-4.914136230945587158e-02,-5.007859691977500916e-02,-8.682426810264587402e-02,-1.096194386482238770e+00,1.103126525878906250e+00,2.347800433635711670e-01,-1.789554953575134277e-01,-1.391418725252151489e-01
-5.940680205821990967e-02,-2.509706020355224609e+00,7.297776937484741211e-01,-5.309059470891952515e-02,-7.318606227636337280e-02,-7.246049642562866211e-01,6.832077503204345703e-01,-9.971354901790618896e-02,8.188683539628982544e-02,1.449776887893676758e-01,9.151427149772644043e-01,-5.924174189567565918e-01,-3.047299757599830627e-02,-4.027800261974334717e-02,-7.099866122007369995e-02,-1.463999450206756592e-01,9.654315114021301270e-01,-7.866612672805786133e-01,-9.441199153661727905e-02,4.022884368896484375e-02,1.028800942003726959e-02,2.269067764282226562e-01,-6.816381216049194336e-02,-4.304796457290649414e-02,1.515510678291320801e+00,1.143642187118530273e+00,-2.117293328046798706e-01,-1.840027421712875366e-01,-3.022415004670619965e-02,-2.220512926578521729e-02,-6.218843627721071243e-03,-1.090208172798156738e+00,1.082564234733581543e+00,2.046845108270645142e-01,-1.427458822727203369e-01,-1.425587832927703857e-01
-6.017954275012016296e-02,-2.509905099868774414e+00,7.184619307518005371e-01,-5.534432083368301392e-02,-7.446397095918655396e-02,-7.191691398620605469e-01,6.886129975318908691e-01,-1.373160779476165771e-01,8.804716914892196655e-02,1.372356265783309937e-01,1.006027817726135254e+00,-6.339678764343261719e-01,-7.279220502823591232e-03,-5.632956326007843018e-02,-7.477624714374542236e-02,-1.617823839187622070e-01,1.032041668891906738e+00,-8.343267440795898438e-01,-1.048851683735847473e-01,2.481497637927532196e-02,1.040634978562593460e-02,2.432233244180679321e-01,-4.933906346559524536e-02,-1.011107489466667175e-01,1.442975997924804688e+00,1.128437995910644531e+00,-2.192338854074478149e-01,-1.621078848838806152e-01,-2.135904505848884583e-02,-2.346186432987451553e-03,6.019743904471397400e-02,-1.079904437065124512e+00,1.067277431488037109e+00,1.937310248613357544e-01,-1.261238306760787964e-01,-1.503711491823196411e-01
-6.030258163809776306e-02,-2.509190559387207031e+00,7.089667916297912598e-01,-5.689841881394386292e-02,-7.529604434967041016e-02,-7.145442366600036621e-01,6.931952238082885742e-01,-1.624338030815124512e-01,9.523262083530426025e-02,1.315968334674835205e-01,1.068549871444702148e+00,-6.707041263580322266e-01,-7.602589903399348259e-04,-7.407116889953613281e-02,-8.177825808525085449e-02,-1.756839603185653687e-01,1.091784596443176270e+00,-8.716417551040649414e-01,-1.119894534349441528e-01,1.531497575342655182e-02,1.273773051798343658e-02,2.590852379798889160e-01,-4.421702772378921509e-02,-1.416020691394805908e-01,1.369549036026000977e+00,1.115002632141113281e+00,-2.187734991312026978e-01,-1.465757638216018677e-01,-2.565302513539791107e-02,7.257032673805952072e-03,1.071829497814178467e-01,-1.063083887100219727e+00,1.055992126464843750e+00,1.906424611806869507e-01,-1.140343695878982544e-01,-1.501454263925552368e-01
-5.993050336837768555e-02,-2.507900953292846680e+00,7.019764780998229980e-01,-5.726869404315948486e-02,-7.485134899616241455e-02,-7.133255004882812500e-01,6.944669485092163086e-01,-1.814012974500656128e-01,1.029201745986938477e-01,1.290544122457504272e-01,1.110156059265136719e+00,-6.964566707611083984e-01,-1.545805111527442932e-02,-9.426540881395339966e-02,-8.646377176046371460e-02,-1.805400848388671875e-01,1.133807420730590820e+00,-8.726699948310852051e-01,-1.151644513010978699e-01,1.604814268648624420e-02,1.588181033730506897e-02,2.716344892978668213e-01,-4.504937678575515747e-02,-1.651431620121002197e-01,1.304124712944030762e+00,1.096382856369018555e+00,-2.080082744359970093e-01,-1.414254754781723022e-01,-3.783810511231422424e-02,1.237817574292421341e-02,1.314214766025543213e-01,-1.031671166419982910e+00,1.045223116874694824e+00,1.827094703912734985e-01,-1.024670898914337158e-01,-1.412434428930282593e-01
-5.956881120800971985e-02,-2.506428718566894531e+00,6.985362172126770020e-01,-5.629107728600502014e-02,-7.267460972070693970e-02,-7.138393521308898926e-01,6.942499876022338867e-01,-1.990364342927932739e-01,1.115253940224647522e-01,1.325740814208984375e-01,1.135271549224853516e+00,-7.110416293144226074e-01,-2.853354997932910919e-02,-1.116803139448165894e-01,-8.499557524919509888e-02,-1.791250109672546387e-01,1.154245018959045410e+00,-8.726699948310852051e-01,-1.224005669355392456e-01,2.206730470061302185e-02,1.850735582411289215e-02,2.773454189300537109e-01,-5.553741008043289185e-02,-1.695275753736495972e-01,1.274256467819213867e+00,1.074721693992614746e+00,-1.984523385763168335e-01,-1.408476680517196655e-01,-4.843227937817573547e-02,1.344573404639959335e-02,1.359786242246627808e-01,-1.000973820686340332e+00,1.033267974853515625e+00,1.695577949285507202e-01,-9.691844880580902100e-02,-1.257705837488174438e-01
-5.922532081604003906e-02,-2.504444122314453125e+00,6.992869973182678223e-01,-5.353524163365364075e-02,-6.926140934228897095e-02,-7.147057056427001953e-01,6.939254999160766602e-01,-2.132636904716491699e-01,1.179907694458961487e-01,1.397767812013626099e-01,1.138902902603149414e+00,-7.115507721900939941e-01,-3.468799591064453125e-02,-1.248201951384544373e-01,-8.101314306259155273e-02,-1.757748126983642578e-01,1.151919841766357422e+00,-8.726699948310852051e-01,-1.289766579866409302e-01,2.714951336383819580e-02,2.069512382149696350e-02,2.738866806030273438e-01,-7.846634835004806519e-02,-1.522219479084014893e-01,1.279734969139099121e+00,1.060911178588867188e+00,-1.978950798511505127e-01,-1.420149952173233032e-01,-5.000189319252967834e-02,2.252048579975962639e-03,1.231060773134231567e-01,-1.000090479850769043e+00,1.021585464477539062e+00,1.615251004695892334e-01,-9.849277138710021973e-02,-1.129228845238685608e-01
-5.886236205697059631e-02,-2.502358675003051758e+00,7.042236924171447754e-01,-4.922802373766899109e-02,-6.570263952016830444e-02,-7.146964073181152344e-01,6.945997476577758789e-01,-2.179107069969177246e-01,1.182342246174812317e-01,1.453407704830169678e-01,1.114563822746276855e+00,-6.976407170295715332e-01,-3.995463252067565918e-02,-1.323325335979461670e-01,-7.928748428821563721e-02,-1.735793054103851318e-01,1.132555842399597168e+00,-8.726699948310852051e-01,-1.291374564170837402e-01,2.940970659255981445e-02,2.149022370576858521e-02,2.613934576511383057e-01,-1.077023446559906006e-01,-1.119982302188873291e-01,1.299162149429321289e+00,1.058436512947082520e+00,-2.024852931499481201e-01,-1.435523033142089844e-01,-4.764123633503913879e-02,-2.195777557790279388e-02,9.118168801069259644e-02,-1.029873251914978027e+00,1.016535520553588867e+00,1.632784605026245117e-01,-1.020555943250656128e-01,-1.088653653860092163e-01
-5.854384228587150574e-02,-2.500861406326293945e+00,7.137377262115478516e-01,-4.359767585992813110e-02,-6.213849410414695740e-02,-7.135588526725769043e-01,6.964709758758544922e-01,-2.128682434558868408e-01,1.109326258301734924e-01,1.471917927265167236e-01,1.060369491577148438e+00,-6.655884385108947754e-01,-4.670855775475502014e-02,-1.318102926015853882e-01,-8.052745461463928223e-02,-1.732487380504608154e-01,1.093593835830688477e+00,-8.650028705596923828e-01,-1.215133816003799438e-01,2.750965952873229980e-02,1.894487440586090088e-02,2.405226379632949829e-01,-1.351913809776306152e-01,-5.054740980267524719e-02,1.317248940467834473e+00,1.063740491867065430e+00,-2.057459205389022827e-01,-1.430321037769317627e-01,-4.629146680235862732e-02,-5.288200080394744873e-02,4.024920240044593811e-02,-1.069127440452575684e+00,1.017824053764343262e+00,1.692170053720474243e-01,-1.069559901952743530e-01,-1.128674447536468506e-01
-5.844505876302719116e-02,-2.500044584274291992e+00,7.281693816184997559e-01,-3.726474940776824951e-02,-5.778169259428977966e-02,-7.121308445930480957e-01,6.986718177795410156e-01,-1.988456547260284424e-01,1.002095714211463928e-01,1.470279991626739502e-01,9.784544706344604492e-01,-6.129054427146911621e-01,-5.010172352194786072e-02,-1.212339326739311218e-01,-8.298770338296890259e-02,-1.767643094062805176e-01,1.022435545921325684e+00,-8.200196623802185059e-01,-1.088108047842979431e-01,2.214951999485492706e-02,1.522465050220489502e-02,2.117306888103485107e-01,-1.584096252918243408e-01,2.669314853847026825e-02,1.336226224899291992e+00,1.072562456130981445e+00,-2.051618993282318115e-01,-1.410339474678039551e-01,-4.568097740411758423e-02,-8.769602328538894653e-02,-2.486932836472988129e-02,-1.109505414962768555e+00,1.023807644844055176e+00,1.744128912687301636e-01,-1.129283085465431213e-01,-1.192899569869041443e-01
-5.853555351495742798e-02,-2.499823808670043945e+00,7.472351789474487305e-01,-3.087926842272281647e-02,-5.277677625417709351e-02,-7.105852365493774414e-01,7.009491324424743652e-01,-1.759143918752670288e-01,8.906041085720062256e-02,1.481481939554214478e-01,8.740633130073547363e-01,-5.393633842468261719e-01,-5.163955315947532654e-02,-9.963934123516082764e-02,-8.435194939374923706e-02,-1.857312917709350586e-01,9.223610758781433105e-01,-7.510596513748168945e-01,-9.275256097316741943e-02,1.837134547531604767e-02,1.240662485361099243e-02,1.767466664314270020e-01,-1.823892146348953247e-01,1.139759942889213562e-01,1.363041639328002930e+00,1.084349989891052246e+00,-2.028609067201614380e-01,-1.402506232261657715e-01,-4.280230775475502014e-02,-1.224526315927505493e-01,-1.018494069576263428e-01,-1.151298880577087402e+00,1.033139944076538086e+00,1.761551499366760254e-01,-1.221958845853805542e-01,-1.250463575124740601e-01
-5.873462930321693420e-02,-2.499677896499633789e+00,7.696543931961059570e-01,-2.466741949319839478e-02,-4.779176041483879089e-02,-7.098525166511535645e-01,7.022939920425415039e-01,-1.457747071981430054e-01,7.900150120258331299e-02,1.516906470060348511e-01,7.535337805747985840e-01,-4.457197189331054688e-01,-5.806021019816398621e-02,-6.890642642974853516e-02,-8.311797678470611572e-02,-1.957286596298217773e-01,7.993977069854736328e-01,-6.620803475379943848e-01,-7.451716810464859009e-02,1.704602129757404327e-02,9.942295961081981659e-03,1.371661126613616943e-01,-2.109327018260955811e-01,2.087779790163040161e-01,1.402431607246398926e+00,1.099495291709899902e+00,-2.020797878503799438e-01,-1.422201097011566162e-01,-3.614642471075057983e-02,-1.588331907987594604e-01,-1.885898113250732422e-01,-1.194710016250610352e+00,1.046349287033081055e+00,1.757375597953796387e-01,-1.338070482015609741e-01,-1.308307051658630371e-01
-5.901989340782165527e-02,-2.499482154846191406e+00,7.947031855583190918e-01,-1.888391934335231781e-02,-4.437295719981193542e-02,-7.104961276054382324e-01,7.020468115806579590e-01,-1.168114468455314636e-01,7.116591930389404297e-02,1.546324491500854492e-01,6.355975866317749023e-01,-3.252228200435638428e-01,-7.661036401987075806e-02,-3.112036548554897308e-02,-8.099123835563659668e-02,-2.004289776086807251e-01,6.637598276138305664e-01,-5.499855875968933105e-01,-5.166767165064811707e-02,2.027271129190921783e-02,5.305652040988206863e-03,9.864003211259841919e-02,-2.419922500848770142e-01,3.098712563514709473e-01,1.440186858177185059e+00,1.115698456764221191e+00,-2.018553018569946289e-01,-1.457414478063583374e-01,-2.681059762835502625e-02,-1.989189982414245605e-01,-2.810675203800201416e-01,-1.246526360511779785e+00,1.061994671821594238e+00,1.765278428792953491e-01,-1.451200097799301147e-01,-1.399739980697631836e-01
-5.962893739342689514e-02,-2.499564409255981445e+00,8.227794170379638672e-01,-1.419097278267145157e-02,-4.170957952737808228e-02,-7.111161947250366211e-01,7.016927003860473633e-01,-8.747553080320358276e-02,6.732162833213806152e-02,1.540065556764602661e-01,5.077317357063293457e-01,-2.061726599931716919e-01,-1.107402369379997253e-01,8.080618456006050110e-03,-7.827857136726379395e-02,-1.958228200674057007e-01,5.232054591178894043e-01,-4.247169792652130127e-01,-2.269432693719863892e-02,2.461745589971542358e-02,6.480863085016608238e-04,6.486266106367111206e-02,-2.778151035308837891e-01,4.143491983413696289e-01,1.467987895011901855e+00,1.133193612098693848e+00,-1.995847225189208984e-01,-1.493258923292160034e-01,-1.765854097902774811e-02,-2.439255863428115845e-01,-3.777342736721038818e-01,-1.300581097602844238e+00,1.079638957977294922e+00,1.786059588193893433e-01,-1.576481312513351440e-01,-1.555866450071334839e-01
-5.960232019424438477e-02,-2.498697996139526367e+00,8.504167199134826660e-01,-1.277358829975128174e-02,-4.154735803604125977e-02,-7.126582264900207520e-01,7.001634836196899414e-01,-6.003393605351448059e-02,6.932705640792846680e-02,1.508039832115173340e-01,3.956643342971801758e-01,-7.053571194410324097e-02,-1.645364612340927124e-01,4.288276284933090210e-02,-7.987308502197265625e-02,-1.900977939367294312e-01,3.989038467407226562e-01,-3.029382228851318359e-01,9.922781959176063538e-03,3.214836865663528442e-02,-1.604327466338872910e-03,4.309466481208801270e-02,-3.201585710048675537e-01,5.174040198326110840e-01,1.486391186714172363e+00,1.149074435234069824e+00,-1.960936933755874634e-01,-1.552145481109619141e-01,-1.282416656613349915e-02,-2.939532399177551270e-01,-4.771576225757598877e-01,-1.348161935806274414e+00,1.094054341316223145e+00,1.790773719549179077e-01,-1.745946854352951050e-01,-1.729683279991149902e-01
-5.890598520636558533e-02,-2.497240304946899414e+00,8.761031627655029297e-01,-1.187987253069877625e-02,-4.200604930520057678e-02,-7.138971090316772461e-01,6.988885998725891113e-01,-4.019618779420852661e-02,7.667400687932968140e-02,1.423457413911819458e-01,3.033736348152160645e-01,1.017210111021995544e-01,-2.617420256137847900e-01,6.333631277084350586e-02,-8.813488483428955078e-02,-1.817995011806488037e-01,2.985380887985229492e-01,-1.697256714105606079e-01,5.281761288642883301e-02,4.109777137637138367e-02,-3.537687472999095917e-03,2.697954140603542328e-02,-3.746657371520996094e-01,6.154983639717102051e-01,1.499378800392150879e+00,1.161284685134887695e+00,-1.937085986137390137e-01,-1.650698930025100708e-01,-1.254942361265420914e-02,-3.462021648883819580e-01,-5.793373584747314453e-01,-1.383113026618957520e+00,1.104267716407775879e+00,1.787804514169692993e-01,-1.888670623302459717e-01,-1.858152151107788086e-01
-5.695074424147605896e-02,-2.495758056640625000e+00,8.993189334869384766e-01,-9.008807130157947540e-03,-4.314057528972625732e-02,-7.121310234069824219e-01,7.006619572639465332e-01,-2.505148947238922119e-02,7.468230277299880981e-02,1.402579843997955322e-01,2.188832610845565796e-01,2.860611379146575928e-01,-2.617999911308288574e-01,7.365223020315170288e-02,-1.091701090335845947e-01,-1.658522635698318481e-01,2.176162302494049072e-01,-1.745928451418876648e-02,1.227189898490905762e-01,4.217414557933807373e-02,-7.117416709661483765e-03,1.260723639279603958e-02,-4.346725344657897949e-01,7.061270475387573242e-01,1.499311447143554688e+00,1.168232798576354980e+00,-1.935339272022247314e-01,-1.717909872531890869e-01,-1.594034582376480103e-02,-4.058731198310852051e-01,-6.866289377212524414e-01,-1.403290390968322754e+00,1.116738677024841309e+00,1.812304407358169556e-01,-1.973675191402435303e-01,-1.945469826459884644e-01
-5.550812929868698120e-02,-2.494270801544189453e+00,9.190187454223632812e-01,-5.177016369998455048e-03,-4.387623071670532227e-02,-7.092611193656921387e-01,7.035600543022155762e-01,-1.082530803978443146e-02,7.394246011972427368e-02,1.324631124734878540e-01,1.397501528263092041e-01,4.320737123489379883e-01,-2.617999911308288574e-01,8.128870278596878052e-02,-1.351341307163238525e-01,-1.330971121788024902e-01,1.532586663961410522e-01,1.555037945508956909e-01,2.169477790594100952e-01,3.826884180307388306e-02,-1.336485892534255981e-02,-6.070808158256113529e-04,-5.095155239105224609e-01,7.935109734535217285e-01,1.495757341384887695e+00,1.174192786216735840e+00,-1.940558254718780518e-01,-1.814403831958770752e-01,-1.851742155849933624e-02,-4.786774218082427979e-01,-7.923070788383483887e-01,-1.410424947738647461e+00,1.128197789192199707e+00,1.884946376085281372e-01,-1.946267485618591309e-01,-1.998682022094726562e-01
-5.488415062427520752e-02,-2.492760419845581055e+00,9.345358014106750488e-01,-1.591709209606051445e-03,-4.328482225537300110e-02,-7.095568776130676270e-01,7.033156156539916992e-01,4.120156634598970413e-03,7.994269579648971558e-02,1.140261888504028320e-01,7.348788529634475708e-02,4.963714480400085449e-01,-2.617999911308288574e-01,8.715180307626724243e-02,-1.546792984008789062e-01,-9.821812808513641357e-02,1.027870923280715942e-01,3.080020546913146973e-01,2.617989778518676758e-01,3.958355262875556946e-02,-1.786386221647262573e-02,-1.115583442151546478e-02,-5.863619446754455566e-01,8.835481405258178711e-01,1.470134139060974121e+00,1.178269982337951660e+00,-1.901036053895950317e-01,-1.845176219940185547e-01,-2.595284953713417053e-02,-5.761463046073913574e-01,-8.861051201820373535e-01,-1.402796983718872070e+00,1.135568261146545410e+00,1.978781372308731079e-01,-1.878720968961715698e-01,-2.091952115297317505e-01
-5.461930483579635620e-02,-2.491355180740356445e+00,9.461021423339843750e-01,-3.722959809238091111e-05,-4.014049470424652100e-02,-7.142982482910156250e-01,6.986893415451049805e-01,1.452551688998937607e-02,1.000720113515853882e-01,1.030584350228309631e-01,3.304393216967582703e-02,4.999139308929443359e-01,-2.617999911308288574e-01,9.284345805644989014e-02,-1.711784005165100098e-01,-9.067443758249282837e-02,6.518930941820144653e-02,3.601306676864624023e-01,2.617999911308288574e-01,5.037229135632514954e-02,-1.664744690060615540e-02,-1.840507239103317261e-02,-6.702851653099060059e-01,9.673475027084350586e-01,1.428207039833068848e+00,1.175565838813781738e+00,-1.802855134010314941e-01,-1.875335872173309326e-01,-3.164580836892127991e-02,-6.814511418342590332e-01,-9.698259830474853516e-01,-1.363482356071472168e+00,1.136223435401916504e+00,2.048797607421875000e-01,-1.777189522981643677e-01,-2.107241451740264893e-01
-5.443339049816131592e-02,-2.489989995956420898e+00,9.539262056350708008e-01,-1.982819288969039917e-03,-3.854217752814292908e-02,-7.187134623527526855e-01,6.942344903945922852e-01,2.277388609945774078e-02,1.279673278331756592e-01,9.970059245824813843e-02,1.718073152005672455e-02,4.887651205062866211e-01,-2.617999911308288574e-01,9.579728543758392334e-02,-1.884582340717315674e-01,-9.319949150085449219e-02,5.734055116772651672e-02,3.667897880077362061e-01,2.617999911308288574e-01,5.978532880544662476e-02,-1.188116986304521561e-02,-1.870259642601013184e-02,-7.724658250808715820e-01,1.043362617492675781e+00,1.378755807876586914e+00,1.172601103782653809e+00,-1.812036782503128052e-01,-1.777460873126983643e-01,-4.008033126592636108e-02,-8.075084090232849121e-01,-1.037705659866333008e+00,-1.302629232406616211e+00,1.132608413696289062e+00,2.076477408409118652e-01,-1.728428155183792114e-01,-2.083934098482131958e-01
-5.435828864574432373e-02,-2.488695859909057617e+00,9.584799408912658691e-01,-4.850187338888645172e-03,-3.810066357254981995e-02,-7.198131680488586426e-01,6.931045055389404297e-01,2.755015157163143158e-02,1.585343927145004272e-01,1.162346452474594116e-01,1.100895181298255920e-02,4.825987219810485840e-01,-2.617999911308288574e-01,9.819308668375015259e-02,-2.076722383499145508e-01,-9.356345236301422119e-02,5.847459286451339722e-02,3.706070482730865479e-01,2.435472458600997925e-01,6.130000948905944824e-02,-7.671666797250509262e-03,-1.687512546777725220e-02,-8.900601863861083984e-01,1.101048827171325684e+00,1.304576039314270020e+00,1.165133833885192871e+00,-1.785082370042800903e-01,-1.771471053361892700e-01,-4.301849007606506348e-02,-9.454259872436523438e-01,-1.091660141944885254e+00,-1.221796751022338867e+00,1.127416253089904785e+00,2.081974297761917114e-01,-1.709714680910110474e-01,-2.026554495096206665e-01
-5.429821833968162537e-02,-2.487539529800415039e+00,9.594557881355285645e-01,-8.473635651171207428e-03,-3.838000074028968811e-02,-7.217593789100646973e-01,6.910271644592285156e-01,3.601877391338348389e-02,1.899499446153640747e-01,1.443313211202621460e-01,6.020054221153259277e-03,4.862281084060668945e-01,-2.617999911308288574e-01,1.032211631536483765e-01,-2.276764959096908569e-01,-1.066221445798873901e-01,5.651657655835151672e-02,3.708561062812805176e-01,1.865728944540023804e-01,6.703004986047744751e-02,-2.604406327009201050e-03,-1.572108268737792969e-02,-1.025691032409667969e+00,1.136855006217956543e+00,1.213011264801025391e+00,1.153877615928649902e+00,-1.662131249904632568e-01,-1.842144578695297241e-01,-4.566081985831260681e-02,-1.102187395095825195e+00,-1.124645471572875977e+00,-1.122967123985290527e+00,1.121125459671020508e+00,2.091602087020874023e-01,-1.695567667484283447e-01,-1.925984472036361694e-01
-5.412770807743072510e-02,-2.486334800720214844e+00,9.569603800773620605e-01,-1.221157703548669815e-02,-3.905879706144332886e-02,-7.242717742919921875e-01,6.882991194725036621e-01,4.775099828839302063e-02,2.204603701829910278e-01,1.767619252204895020e-01,-2.272224053740501404e-03,4.997815191745758057e-01,-2.617999911308288574e-01,1.108315661549568176e-01,-2.506553828716278076e-01,-1.340710073709487915e-01,5.023819208145141602e-02,3.627702891826629639e-01,1.322600096464157104e-01,7.589459419250488281e-02,1.837008167058229446e-03,-1.635104045271873474e-02,-1.180259943008422852e+00,1.149267435073852539e+00,1.104591369628906250e+00,1.141088247299194336e+00,-1.502926647663116455e-01,-1.935933381319046021e-01,-5.573442578315734863e-02,-1.259791851043701172e+00,-1.139241099357604980e+00,-1.005837202072143555e+00,1.112646698951721191e+00,2.057426273822784424e-01,-1.746611595153808594e-01,-1.857898533344268799e-01
-5.370736867189407349e-02,-2.484749794006347656e+00,9.514890909194946289e-01,-1.544644311070442200e-02,-3.996258601546287537e-02,-7.269870638847351074e-01,6.853131651878356934e-01,5.936518311500549316e-02,2.475388050079345703e-01,2.006160318851470947e-01,-9.877857752144336700e-03,5.141456723213195801e-01,-2.587382197380065918e-01,1.162498071789741516e-01,-2.749351263046264648e-01,-1.684127151966094971e-01,4.730940982699394226e-02,3.573877811431884766e-01,9.026797115802764893e-02,8.537601679563522339e-02,6.306936964392662048e-03,-1.802047528326511383e-02,-1.330103158950805664e+00,1.144256472587585449e+00,9.970784783363342285e-01,1.129338860511779785e+00,-1.386072486639022827e-01,-2.026296854019165039e-01,-7.070531696081161499e-02,-1.418192982673645020e+00,-1.135125756263732910e+00,-8.735423684120178223e-01,1.103878021240234375e+00,2.012431472539901733e-01,-1.788704544305801392e-01,-1.765130013227462769e-01
-5.281456932425498962e-02,-2.483452320098876953e+00,9.430287480354309082e-01,-1.864408701658248901e-02,-4.199746623635292053e-02,-7.291890978813171387e-01,6.827678084373474121e-01,7.082037627696990967e-02,2.680178582668304443e-01,2.051632255315780640e-01,-8.309789933264255524e-03,5.235999822616577148e-01,-2.487088590860366821e-01,1.213839799165725708e-01,-2.993701994419097900e-01,-1.921540200710296631e-01,5.174814909696578979e-02,3.684328198432922363e-01,5.925679951906204224e-02,9.316148608922958374e-02,9.362646378576755524e-03,-1.844308339059352875e-02,-1.476790666580200195e+00,1.121557116508483887e+00,8.824922442436218262e-01,1.117479205131530762e+00,-1.306505650281906128e-01,-2.125431150197982788e-01,-8.669620752334594727e-02,-1.567216634750366211e+00,-1.117112636566162109e+00,-7.306786775588989258e-01,1.097208023071289062e+00,1.947524994611740112e-01,-1.853765100240707397e-01,-1.681630015373229980e-01
-5.178889259696006775e-02,-2.482204675674438477e+00,9.307828545570373535e-01,-2.191682159900665283e-02,-4.507805034518241882e-02,-7.298654317855834961e-01,6.817507743835449219e-01,7.777901738882064819e-02,2.833767235279083252e-01,1.899447292089462280e-01,8.667943067848682404e-03,5.235999822616577148e-01,-2.365024089813232422e-01,1.279810965061187744e-01,-3.219096064567565918e-01,-1.892542839050292969e-01,6.223221495747566223e-02,4.064083993434906006e-01,5.308261141180992126e-02,9.671530872583389282e-02,1.057488378137350082e-02,-1.582833938300609589e-02,-1.617379546165466309e+00,1.086398482322692871e+00,7.674185633659362793e-01,1.108519315719604492e+00,-1.270417869091033936e-01,-2.231381088495254517e-01,-1.012348085641860962e-01,-1.712584495544433594e+00,-1.085015535354614258e+00,-5.913323163986206055e-01,1.095169067382812500e+00,1.895291507244110107e-01,-1.923587471246719360e-01,-1.604404300451278687e-01
-5.077825859189033508e-02,-2.480958461761474609e+00,9.153367280960083008e-01,-2.409652248024940491e-02,-4.800755530595779419e-02,-7.293035387992858887e-01,6.820784211158752441e-01,7.992211729288101196e-02,2.946383059024810791e-01,1.627486497163772583e-01,3.456549718976020813e-02,5.235999822616577148e-01,-2.240969389677047729e-01,1.364839226007461548e-01,-3.400276005268096924e-01,-1.611802726984024048e-01,7.371059060096740723e-02,4.538433253765106201e-01,6.292615830898284912e-02,9.684386104345321655e-02,1.024436578154563904e-02,-1.317972596734762192e-02,-1.752002000808715820e+00,1.039487719535827637e+00,6.588630080223083496e-01,1.105725765228271484e+00,-1.282427012920379639e-01,-2.340009510517120361e-01,-1.123053357005119324e-01,-1.848406672477722168e+00,-1.040567398071289062e+00,-4.581007957458496094e-01,1.098975539207458496e+00,1.850481927394866943e-01,-2.003517001867294312e-01,-1.530184894800186157e-01
-5.009516701102256775e-02,-2.479265928268432617e+00,8.973073363304138184e-01,-2.419938705861568451e-02,-4.857887327671051025e-02,-7.306980490684509277e-01,6.805400848388671875e-01,7.642832398414611816e-02,3.060946166515350342e-01,1.349003463983535767e-01,6.993170082569122314e-02,5.235999822616577148e-01,-2.120710015296936035e-01,1.505092382431030273e-01,-3.517074882984161377e-01,-1.256816089153289795e-01,7.123218476772308350e-02,4.157543480396270752e-01,7.458759844303131104e-02,1.009338349103927612e-01,9.288281202316284180e-03,-1.458174362778663635e-02,-1.874650716781616211e+00,9.846416115760803223e-01,5.619203448295593262e-01,1.107378005981445312e+00,-1.328162550926208496e-01,-2.456478476524353027e-01,-1.223065182566642761e-01,-1.971928358078002930e+00,-9.813856482505798340e-01,-3.451639115810394287e-01,1.109350442886352539e+00,1.862073391675949097e-01,-2.070028185844421387e-01,-1.417347192764282227e-01
-4.970169067382812500e-02,-2.476117610931396484e+00,8.760852217674255371e-01,-2.208653837442398071e-02,-4.358629509806632996e-02,-7.314707636833190918e-01,6.801197528839111328e-01,7.979443669319152832e-02,3.211016654968261719e-01,1.159489825367927551e-01,6.111887097358703613e-02,5.232784152030944824e-01,-1.978165954351425171e-01,1.587403118610382080e-01,-3.564060628414154053e-01,-1.124078854918479919e-01,7.167306542396545410e-02,2.701191604137420654e-01,8.726554363965988159e-02,1.021864786744117737e-01,1.152906566858291626e-02,-2.547397464513778687e-02,-1.978344798088073730e+00,9.207034111022949219e-01,4.735241532325744629e-01,1.108610033988952637e+00,-1.392756551504135132e-01,-2.572560906410217285e-01,-1.300716400146484375e-01,-2.074360370635986328e+00,-9.110592603683471680e-01,-2.583053112030029297e-01,1.116338849067687988e+00,1.910514235496520996e-01,-2.148517966270446777e-01,-1.280632764101028442e-01
-4.906313121318817139e-02,-2.473160266876220703e+00,8.522714376449584961e-01,-2.239923737943172455e-02,-3.770610317587852478e-02,-7.290511131286621094e-01,6.830527186393737793e-01,9.510739147663116455e-02,3.413157761096954346e-01,1.234769746661186218e-01,4.968869686126708984e-02,3.818438649177551270e-01,-2.052271217107772827e-01,1.593908071517944336e-01,-3.635696470737457275e-01,-1.293738484382629395e-01,1.136591359972953796e-01,7.588408887386322021e-02,1.463734805583953857e-01,9.045872092247009277e-02,1.868699304759502411e-02,-3.637081012129783630e-02,-2.056185245513916016e+00,8.534267544746398926e-01,3.908742666244506836e-01,1.102554202079772949e+00,-1.484050899744033813e-01,-2.708757817745208740e-01,-1.318952888250350952e-01,-2.149263858795166016e+00,-8.277208805084228516e-01,-2.019270062446594238e-01,1.116186141967773438e+00,2.024548500776290894e-01,-2.264418900012969971e-01,-1.175047382712364197e-01
-4.785566031932830811e-02,-2.471759796142578125e+00,8.280821442604064941e-01,-3.848192468285560608e-02,-4.878915101289749146e-02,-7.243154644966125488e-01,6.866628527641296387e-01,1.180112734436988831e-01,3.609655201435089111e-01,1.263159215450286865e-01,1.384145766496658325e-01,1.383796781301498413e-01,-2.617999911308288574e-01,1.583037823438644409e-01,-3.798470795154571533e-01,-1.270006597042083740e-01,2.639026939868927002e-01,-1.522681862115859985e-01,2.159144431352615356e-01,7.296549528837203979e-02,2.720629423856735229e-02,-2.539271023124456406e-03,-2.110811471939086914e+00,7.798224091529846191e-01,3.241049647331237793e-01,1.091953754425048828e+00,-1.755513697862625122e-01,-3.109761774539947510e-01,-1.407777220010757446e-01,-2.200457572937011719e+00,-7.283519506454467773e-01,-1.833063960075378418e-01,1.111913442611694336e+00,2.411823272705078125e-01,-2.690188288688659668e-01,-7.469777762889862061e-02
-4.574152082204818726e-02,-2.468660831451416016e+00,8.043245077133178711e-01,-4.580098018050193787e-02,-5.913047492504119873e-02,-7.225703597068786621e-01,6.872393488883972168e-01,1.098657920956611633e-01,3.622161746025085449e-01,1.241474226117134094e-01,2.376447021961212158e-01,-1.953178457915782928e-02,-2.617999911308288574e-01,1.253415793180465698e-01,-4.105984568595886230e-01,-1.237767711281776428e-01,4.020059108734130859e-01,-2.363830655813217163e-01,2.616397142410278320e-01,6.318951398134231567e-02,2.374990284442901611e-02,1.541485823690891266e-02,-2.134404182434082031e+00,7.017322778701782227e-01,2.724085450172424316e-01,1.060459256172180176e+00,-1.985397040843963623e-01,-3.309327065944671631e-01,-1.373247951269149780e-01,-2.221464395523071289e+00,-6.202807426452636719e-01,-1.911267936229705811e-01,1.086470484733581543e+00,2.741978466510772705e-01,-2.944645881652832031e-01,-2.436271123588085175e-02
-4.469818249344825745e-02,-2.465448141098022461e+00,7.822057008743286133e-01,-5.372628569602966309e-02,-6.703212112188339233e-02,-7.227551937103271484e-01,6.857442259788513184e-01,8.666197210550308228e-02,3.733550608158111572e-01,1.287347376346588135e-01,3.450028002262115479e-01,-1.317886859178543091e-01,-2.617999911308288574e-01,9.647115319967269897e-02,-4.272376298904418945e-01,-1.253969818353652954e-01,5.141056776046752930e-01,-3.231922388076782227e-01,2.429828047752380371e-01,5.754116550087928772e-02,2.519008889794349670e-02,2.855611406266689301e-02,-2.143468141555786133e+00,6.260010004043579102e-01,2.410045862197875977e-01,1.030318260192871094e+00,-2.153721898794174194e-01,-3.436804413795471191e-01,-1.640383750200271606e-01,-2.228983879089355469e+00,-5.107948780059814453e-01,-1.993686258792877197e-01,1.059321880340576172e+00,2.990242540836334229e-01,-3.146534860134124756e-01,3.023493103682994843e-02
-4.502137377858161926e-02,-2.461998939514160156e+00,7.600208520889282227e-01,-6.152050197124481201e-02,-7.546530663967132568e-02,-7.234780788421630859e-01,6.834469437599182129e-01,4.791782051324844360e-02,3.913124799728393555e-01,1.281319111585617065e-01,4.800800979137420654e-01,-1.861034333705902100e-01,-2.617999911308288574e-01,8.053344488143920898e-02,-4.375753402709960938e-01,-1.310087591409683228e-01,6.066133975982666016e-01,-3.974027633666992188e-01,1.883526891469955444e-01,5.782337859272956848e-02,2.536854706704616547e-02,4.503579065203666687e-02,-2.131338357925415039e+00,5.635048747062683105e-01,2.008554339408874512e-01,9.867825508117675781e-01,-2.390449792146682739e-01,-3.679933547973632812e-01,-1.820296794176101685e-01,-2.219188928604125977e+00,-4.196338057518005371e-01,-1.793659478425979614e-01,1.017834305763244629e+00,3.070484697818756104e-01,-3.354070782661437988e-01,8.195582032203674316e-02
-4.464660212397575378e-02,-2.459450721740722656e+00,7.435362935066223145e-01,-6.649369001388549805e-02,-8.191057294607162476e-02,-7.222201824188232422e-01,6.835694909095764160e-01,2.114558592438697815e-02,4.034568369388580322e-01,1.144444197416305542e-01,5.670828223228454590e-01,-2.186253815889358521e-01,-2.617999911308288574e-01,7.947663962841033936e-02,-4.520339071750640869e-01,-1.173549219965934753e-01,6.602367758750915527e-01,-4.298175275325775146e-01,2.238360643386840820e-01,5.481837317347526550e-02,2.100179716944694519e-02,5.092851817607879639e-02,-2.106376409530639648e+00,5.096742510795593262e-01,1.635574847459793091e-01,9.407838582992553711e-01,-2.475927025079727173e-01,-3.813589513301849365e-01,-1.974823176860809326e-01,-2.184130907058715820e+00,-3.670777380466461182e-01,-1.208678632974624634e-01,9.673600792884826660e-01,3.075475096702575684e-01,-3.614290654659271240e-01,9.960892796516418457e-02
-4.256119951605796814e-02,-2.457434177398681641e+00,7.318073511123657227e-01,-7.288368791341781616e-02,-8.847302198410034180e-02,-7.195889353752136230e-01,6.848738789558410645e-01,-3.159775864332914352e-03,4.084164798259735107e-01,9.784289449453353882e-02,6.416111588478088379e-01,-2.459304183721542358e-01,-2.617999911308288574e-01,5.266810581088066101e-02,-4.654954969882965088e-01,-9.623950719833374023e-02,7.436793446540832520e-01,-4.319091439247131348e-01,2.551312744617462158e-01,4.954829066991806030e-02,1.667171157896518707e-02,5.996233969926834106e-02,-2.079798698425292969e+00,4.629955589771270752e-01,1.405849754810333252e-01,8.999896645545959473e-01,-2.461648881435394287e-01,-3.926585018634796143e-01,-1.950586438179016113e-01,-2.145580768585205078e+00,-3.487634956836700439e-01,-6.994047760963439941e-02,9.248926639556884766e-01,3.047410249710083008e-01,-3.842201232910156250e-01,9.165094792842864990e-02
-4.037056863307952881e-02,-2.456241846084594727e+00,7.225808501243591309e-01,-7.743434607982635498e-02,-9.177408367395401001e-02,-7.188488841056823730e-01,6.847172975540161133e-01,-2.554002776741981506e-02,4.161920249462127686e-01,8.942402899265289307e-02,7.046540975570678711e-01,-2.708763480186462402e-01,-2.617999911308288574e-01,2.862895466387271881e-02,-4.722906947135925293e-01,-8.239766955375671387e-02,8.052831292152404785e-01,-4.559543430805206299e-01,2.312924414873123169e-01,4.770783707499504089e-02,1.652196608483791351e-02,6.325010210275650024e-02,-2.058020591735839844e+00,4.303065240383148193e-01,1.302545666694641113e-01,8.728219270706176758e-01,-2.432334870100021362e-01,-4.008236825466156006e-01,-1.854410916566848755e-01,-2.122035264968872070e+00,-3.380936384201049805e-01,-4.562403634190559387e-02,9.027141928672790527e-01,3.033614754676818848e-01,-3.871662020683288574e-01,7.165119051933288574e-02
-3.843034058809280396e-02,-2.456173896789550781e+00,7.160202860832214355e-01,-8.047632128000259399e-02,-9.392228722572326660e-02,-7.185496091842651367e-01,6.843892335891723633e-01,-3.640484809875488281e-02,4.224245846271514893e-01,8.684539794921875000e-02,7.441698908805847168e-01,-2.897030115127563477e-01,-2.617999911308288574e-01,2.321644127368927002e-02,-4.803605377674102783e-01,-7.827574759721755981e-02,8.327031135559082031e-01,-4.720527529716491699e-01,2.277898788452148438e-01,4.709246382117271423e-02,1.616938225924968719e-02,6.364008784294128418e-02,-2.043789863586425781e+00,4.157767295837402344e-01,1.267233192920684814e-01,8.589760065078735352e-01,-2.405595034360885620e-01,-3.994558453559875488e-01,-1.786608397960662842e-01,-2.109570503234863281e+00,-3.385735154151916504e-01,-4.122234880924224854e-02,8.955996632575988770e-01,3.070002496242523193e-01,-3.730888664722442627e-01,5.836801975965499878e-02
-3.707128018140792847e-02,-2.456616640090942383e+00,7.124112844467163086e-01,-8.258321881294250488e-02,-9.633076936006546021e-02,-7.176683545112609863e-01,6.847280263900756836e-01,-3.912789747118949890e-02,4.241600632667541504e-01,8.471432328224182129e-02,7.648040056228637695e-01,-2.994381785392761230e-01,-2.617999911308288574e-01,2.643351815640926361e-02,-4.873031675815582275e-01,-7.812125235795974731e-02,8.448747396469116211e-01,-4.760327339172363281e-01,2.362411171197891235e-01,4.483313113451004028e-02,1.427112892270088196e-02,6.471032649278640747e-02,-2.033113002777099609e+00,4.185669422149658203e-01,1.300154626369476318e-01,8.529316186904907227e-01,-2.366486787796020508e-01,-3.938613831996917725e-01,-1.670326441526412964e-01,-2.100105524063110352e+00,-3.521908521652221680e-01,-4.090842604637145996e-02,8.934095501899719238e-01,3.048864006996154785e-01,-3.602342605590820312e-01,5.421328172087669373e-02
-3.577125072479248047e-02,-2.457252502441406250e+00,7.132202982902526855e-01,-8.306450396776199341e-02,-9.680377691984176636e-02,-7.182942032814025879e-01,6.839464306831359863e-01,-3.441527113318443298e-02,4.233322441577911377e-01,8.893316984176635742e-02,7.637497782707214355e-01,-2.993655800819396973e-01,-2.617999911308288574e-01,2.940635383129119873e-02,-4.888248443603515625e-01,-7.843425869941711426e-02,8.401623964309692383e-01,-4.682960510253906250e-01,2.388314455747604370e-01,4.512378200888633728e-02,1.317165233194828033e-02,6.331104040145874023e-02,-2.024365901947021484e+00,4.395281076431274414e-01,1.348398923873901367e-01,8.526052236557006836e-01,-2.262292802333831787e-01,-3.904457390308380127e-01,-1.639223098754882812e-01,-2.092635154724121094e+00,-3.860168755054473877e-01,-3.334382548928260803e-02,8.922936916351318359e-01,2.925979197025299072e-01,-3.499261140823364258e-01,5.408234894275665283e-02
-3.477831929922103882e-02,-2.458071947097778320e+00,7.194485068321228027e-01,-8.130349218845367432e-02,-9.478795528411865234e-02,-7.197366952896118164e-01,6.829231381416320801e-01,-2.312869578599929810e-02,4.189398884773254395e-01,9.793084859848022461e-02,7.360735535621643066e-01,-2.829197049140930176e-01,-2.617999911308288574e-01,3.683108091354370117e-02,-4.844869375228881836e-01,-8.012907952070236206e-02,8.089608550071716309e-01,-4.449756443500518799e-01,2.416254132986068726e-01,4.728586599230766296e-02,1.357735507190227509e-02,5.755398795008659363e-02,-2.021619558334350586e+00,4.745272099971771240e-01,1.450812816619873047e-01,8.648315072059631348e-01,-2.199614197015762329e-01,-3.916720449924468994e-01,-1.558380275964736938e-01,-2.093776464462280273e+00,-4.293760657310485840e-01,-3.613796085119247437e-02,8.995377421379089355e-01,2.828659713268280029e-01,-3.460440635681152344e-01,5.441646277904510498e-02
-3.431265801191329956e-02,-2.459773302078247070e+00,7.303320765495300293e-01,-7.749927788972854614e-02,-9.099031984806060791e-02,-7.216318249702453613e-01,6.818813085556030273e-01,-3.342586802318692207e-03,4.106935858726501465e-01,1.104658842086791992e-01,6.833481788635253906e-01,-2.527928054332733154e-01,-2.617999911308288574e-01,5.124907940626144409e-02,-4.761289060115814209e-01,-8.756732940673828125e-02,7.549591660499572754e-01,-4.105932116508483887e-01,2.452033907175064087e-01,5.125937610864639282e-02,1.443929318338632584e-02,4.734313488006591797e-02,-2.023319721221923828e+00,5.199782848358154297e-01,1.679899841547012329e-01,8.870791196823120117e-01,-2.157117277383804321e-01,-3.913429081439971924e-01,-1.522004157304763794e-01,-2.107721567153930664e+00,-4.723778069019317627e-01,-6.426852941513061523e-02,9.209356307983398438e-01,2.820832133293151855e-01,-3.432144820690155029e-01,5.663203820586204529e-02
-3.427707031369209290e-02,-2.462266683578491211e+00,7.455272078514099121e-01,-7.224283367395401001e-02,-8.639454841613769531e-02,-7.234145998954772949e-01,6.811668276786804199e-01,2.426469512283802032e-02,3.974629044532775879e-01,1.247073188424110413e-01,6.076316237449645996e-01,-2.056217789649963379e-01,-2.617999911308288574e-01,7.124189287424087524e-02,-4.648346900939941406e-01,-1.006444320082664490e-01,6.842175722122192383e-01,-3.611327111721038818e-01,2.447272092103958130e-01,5.215928703546524048e-02,1.669327728450298309e-02,3.514660522341728210e-02,-2.027169942855834961e+00,5.829815268516540527e-01,1.918310672044754028e-01,9.204273819923400879e-01,-2.089790850877761841e-01,-3.856801688671112061e-01,-1.472796201705932617e-01,-2.131157636642456055e+00,-5.096250772476196289e-01,-1.145698651671409607e-01,9.521471858024597168e-01,2.898378670215606689e-01,-3.432404100894927979e-01,5.766825377941131592e-02
-3.444855660200119019e-02,-2.465571880340576172e+00,7.644831538200378418e-01,-6.708919256925582886e-02,-8.130842447280883789e-02,-7.250326871871948242e-01,6.805993914604187012e-01,5.998406931757926941e-02,3.808460533618927002e-01,1.386960893869400024e-01,5.122871398925781250e-01,-1.391536146402359009e-01,-2.617999911308288574e-01,9.829854220151901245e-02,-4.486023485660552979e-01,-1.179319843649864197e-01,5.963904857635498047e-01,-2.929891645908355713e-01,2.373992204666137695e-01,5.262731760740280151e-02,1.886586844921112061e-02,2.068722061812877655e-02,-2.027709960937500000e+00,6.493400335311889648e-01,2.246419340372085571e-01,9.601079821586608887e-01,-2.034372985363006592e-01,-3.782413303852081299e-01,-1.395208537578582764e-01,-2.152943611145019531e+00,-5.536691546440124512e-01,-1.770723015069961548e-01,9.881571531295776367e-01,2.982965111732482910e-01,-3.405387997627258301e-01,5.739120766520500183e-02
-3.470392525196075439e-02,-2.468969583511352539e+00,7.870805263519287109e-01,-6.301965564489364624e-02,-7.669340819120407104e-02,-7.262863516807556152e-01,6.801873445510864258e-01,9.996927529573440552e-02,3.619499206542968750e-01,1.508978456258773804e-01,4.041161239147186279e-01,-4.561663419008255005e-02,-2.617999911308288574e-01,1.285868883132934570e-01,-4.284395277500152588e-01,-1.401154696941375732e-01,4.994054436683654785e-01,-1.986782997846603394e-01,2.201642096042633057e-01,5.312549695372581482e-02,2.192783728241920471e-02,6.387480534613132477e-03,-2.014937877655029297e+00,7.208478450775146484e-01,2.550077736377716064e-01,1.001893639564514160e+00,-1.989409029483795166e-01,-3.724949359893798828e-01,-1.320518553256988525e-01,-2.165120601654052734e+00,-6.079037189483642578e-01,-2.388107031583786011e-01,1.024839639663696289e+00,3.039749860763549805e-01,-3.362268507480621338e-01,5.538349971175193787e-02
-3.532063588500022888e-02,-2.472714662551879883e+00,8.140460252761840820e-01,-6.090560927987098694e-02,-7.238835841417312622e-02,-7.276881933212280273e-01,6.793528199195861816e-01,1.479246169328689575e-01,3.436940610408782959e-01,1.578177958726882935e-01,2.731409668922424316e-01,6.878855079412460327e-02,-2.617999911308288574e-01,1.613348722457885742e-01,-4.009926021099090576e-01,-1.610502898693084717e-01,3.894469439983367920e-01,-8.982220292091369629e-02,1.708308756351470947e-01,5.421548336744308472e-02,2.619797550141811371e-02,-6.902441848069429398e-03,-1.990804314613342285e+00,7.963521480560302734e-01,2.837803363800048828e-01,1.048688769340515137e+00,-1.948906630277633667e-01,-3.696508109569549561e-01,-1.364784091711044312e-01,-2.167302608489990234e+00,-6.735714673995971680e-01,-2.961804270744323730e-01,1.067403078079223633e+00,3.004287183284759521e-01,-3.314669728279113770e-01,5.286064371466636658e-02
-3.592628985643386841e-02,-2.473541498184204102e+00,8.410397171974182129e-01,-6.260665506124496460e-02,-7.061772048473358154e-02,-7.290058135986328125e-01,6.779705882072448730e-01,1.764823794364929199e-01,3.344965577125549316e-01,1.637701243162155151e-01,1.729991734027862549e-01,2.158572226762771606e-01,-2.617999911308288574e-01,1.843525469303131104e-01,-3.774693310260772705e-01,-1.811731904745101929e-01,2.943018376827239990e-01,4.000653699040412903e-02,1.382618993520736694e-01,5.488970503211021423e-02,3.100277297198772430e-02,-6.964759901165962219e-03,-1.944757699966430664e+00,8.788487911224365234e-01,2.996235787868499756e-01,1.076340079307556152e+00,-1.870065927505493164e-01,-3.591151833534240723e-01,-1.387269347906112671e-01,-2.142842531204223633e+00,-7.594550848007202148e-01,-3.224910199642181396e-01,1.093860864639282227e+00,2.811731398105621338e-01,-3.210192322731018066e-01,3.915181010961532593e-02
-3.615039214491844177e-02,-2.472602367401123047e+00,8.660339713096618652e-01,-6.143251806497573853e-02,-6.839902698993682861e-02,-7.292875051498413086e-01,6.780024766921997070e-01,1.779713779687881470e-01,3.241451382637023926e-01,1.804990917444229126e-01,9.596705436706542969e-02,3.855476081371307373e-01,-2.617999911308288574e-01,1.899755299091339111e-01,-3.624323010444641113e-01,-1.988880634307861328e-01,2.129795402288436890e-01,1.906344443559646606e-01,1.375941187143325806e-01,5.370483919978141785e-02,3.066670149564743042e-02,-7.250349037349224091e-03,-1.889434099197387695e+00,9.610828757286071777e-01,3.199364244937896729e-01,1.098260998725891113e+00,-1.713027358055114746e-01,-3.466907739639282227e-01,-1.309894323348999023e-01,-2.105098009109497070e+00,-8.599201440811157227e-01,-3.354894518852233887e-01,1.115194678306579590e+00,2.599022686481475830e-01,-2.994100153446197510e-01,2.118341252207756042e-02
-3.595276176929473877e-02,-2.471208810806274414e+00,8.887792229652404785e-01,-5.840223282575607300e-02,-6.907843053340911865e-02,-7.285469770431518555e-01,6.789968013763427734e-01,1.710196137428283691e-01,3.029362857341766357e-01,2.106699347496032715e-01,4.722224920988082886e-02,5.235999822616577148e-01,-2.617999911308288574e-01,1.956118643283843994e-01,-3.531847596168518066e-01,-2.041452229022979736e-01,1.397562325000762939e-01,3.488624691963195801e-01,1.792264580726623535e-01,5.132551491260528564e-02,2.225659042596817017e-02,-5.640786606818437576e-03,-1.825812935829162598e+00,1.034338951110839844e+00,3.581140041351318359e-01,1.118990778923034668e+00,-1.532237827777862549e-01,-3.337082266807556152e-01,-1.084966510534286499e-01,-2.050366640090942383e+00,-9.652182459831237793e-01,-3.453895449638366699e-01,1.135665416717529297e+00,2.453675717115402222e-01,-2.735727429389953613e-01,-1.579946954734623432e-03
-3.595353290438652039e-02,-2.469926118850708008e+00,9.090166687965393066e-01,-5.366525799036026001e-02,-6.986100226640701294e-02,-7.283973097801208496e-01,6.794680953025817871e-01,1.594643890857696533e-01,2.684315443038940430e-01,2.177630662918090820e-01,4.143641144037246704e-02,5.235999822616577148e-01,-2.617999911308288574e-01,2.002247422933578491e-01,-3.295324742794036865e-01,-1.582513153553009033e-01,8.796060830354690552e-02,4.216659069061279297e-01,2.147567272186279297e-01,4.933322966098785400e-02,1.292717643082141876e-02,-7.224808912724256516e-03,-1.732895970344543457e+00,1.110545277595520020e+00,4.147735238075256348e-01,1.131360530853271484e+00,-1.334754228591918945e-01,-3.271911740303039551e-01,-9.120827913284301758e-02,-1.976784586906433105e+00,-1.058824419975280762e+00,-3.768183887004852295e-01,1.151701092720031738e+00,2.408686727285385132e-01,-2.515172660350799561e-01,-2.425499632954597473e-02
-3.644494712352752686e-02,-2.467722892761230469e+00,9.248602390289306641e-01,-4.937041178345680237e-02,-6.484491378068923950e-02,-7.270366549491882324e-01,6.817443966865539551e-01,1.532364338636398315e-01,2.354894578456878662e-01,1.890358030796051025e-01,2.305818954482674599e-03,5.235999822616577148e-01,-2.617999911308288574e-01,1.898244917392730713e-01,-2.879028022289276123e-01,-1.040529236197471619e-01,6.785517185926437378e-02,3.866858482360839844e-01,1.749656796455383301e-01,4.172058776021003723e-02,1.077922619879245758e-02,-1.644905656576156616e-02,-1.620769500732421875e+00,1.171469211578369141e+00,4.944858253002166748e-01,1.136403918266296387e+00,-1.299636214971542358e-01,-3.188081085681915283e-01,-7.480673491954803467e-02,-1.872215390205383301e+00,-1.140417814254760742e+00,-4.323405921459197998e-01,1.154389381408691406e+00,2.354140579700469971e-01,-2.337893992662429810e-01,-4.498074576258659363e-02
-3.717769309878349304e-02,-2.465330362319946289e+00,9.360033869743347168e-01,-4.674877598881721497e-02,-5.929977446794509888e-02,-7.249345183372497559e-01,6.846663951873779297e-01,1.461875438690185547e-01,2.078547775745391846e-01,1.485983133316040039e-01,-2.949293330311775208e-02,5.235999822616577148e-01,-2.617999911308288574e-01,1.727632433176040649e-01,-2.470112591981887817e-01,-6.313553452491760254e-02,7.046196609735488892e-02,3.423050045967102051e-01,1.542362421751022339e-01,3.336423262953758240e-02,1.204118691384792328e-02,-2.311605587601661682e-02,-1.495803594589233398e+00,1.215181827545166016e+00,6.067004799842834473e-01,1.140821814537048340e+00,-1.345320194959640503e-01,-3.071855604648590088e-01,-7.756432890892028809e-02,-1.744611024856567383e+00,-1.211293458938598633e+00,-5.094072222709655762e-01,1.155540823936462402e+00,2.314525395631790161e-01,-2.204070538282394409e-01,-5.504764616489410400e-02
-3.744882345199584961e-02,-2.463022470474243164e+00,9.431729912757873535e-01,-4.592178389430046082e-02,-5.546978861093521118e-02,-7.234992980957031250e-01,6.865588426589965820e-01,1.353952288627624512e-01,1.839117556810379028e-01,1.091849505901336670e-01,-3.584944084286689758e-02,5.210827589035034180e-01,-2.617999911308288574e-01,1.578604876995086670e-01,-2.129951119422912598e-01,-3.696153312921524048e-02,8.013644069433212280e-02,3.135977685451507568e-01,1.820927858352661133e-01,2.488758414983749390e-02,1.341414079070091248e-02,-2.560343593358993530e-02,-1.360367178916931152e+00,1.245876789093017578e+00,7.271425724029541016e-01,1.146386623382568359e+00,-1.355419754981994629e-01,-2.954359054565429688e-01,-9.667025506496429443e-02,-1.592739105224609375e+00,-1.261058688163757324e+00,-6.139200925827026367e-01,1.158996105194091797e+00,2.140217423439025879e-01,-2.203345596790313721e-01,-6.347580999135971069e-02
-3.787684813141822815e-02,-2.460740327835083008e+00,9.468929767608642578e-01,-4.541775584220886230e-02,-5.334810912609100342e-02,-7.223451733589172363e-01,6.879743337631225586e-01,1.232700794935226440e-01,1.616747528314590454e-01,8.048015087842941284e-02,-2.704967372119426727e-02,5.183935761451721191e-01,-2.617999911308288574e-01,1.486833989620208740e-01,-1.846893131732940674e-01,-2.171886712312698364e-02,8.815566450357437134e-02,2.976511716842651367e-01,2.533676326274871826e-01,1.875499263405799866e-02,1.371224969625473022e-02,-2.372671477496623993e-02,-1.210209250450134277e+00,1.260453104972839355e+00,8.637228012084960938e-01,1.151391029357910156e+00,-1.510716974735260010e-01,-2.881039381027221680e-01,-1.040046364068984985e-01,-1.428464531898498535e+00,-1.294895529747009277e+00,-7.335427999496459961e-01,1.166539669036865234e+00,2.099866420030593872e-01,-2.046312093734741211e-01,-6.870096921920776367e-02
-3.872021287679672241e-02,-2.458671569824218750e+00,9.473246335983276367e-01,-4.627383127808570862e-02,-5.025450512766838074e-02,-7.219609618186950684e-01,6.885532736778259277e-01,1.149714589118957520e-01,1.469715684652328491e-01,6.983789056539535522e-02,-1.262132637202739716e-02,5.026314258575439453e-01,-2.617999911308288574e-01,1.428334116935729980e-01,-1.534661799669265747e-01,-2.466755174100399017e-02,9.295203536748886108e-02,2.907752096652984619e-01,2.617999911308288574e-01,1.687181368470191956e-02,1.683130301535129547e-02,-2.153563685715198517e-02,-1.050851345062255859e+00,1.252176523208618164e+00,9.915201663970947266e-01,1.155331015586853027e+00,-1.447134315967559814e-01,-3.047710955142974854e-01,-1.025671884417533875e-01,-1.241667866706848145e+00,-1.310047507286071777e+00,-8.720850944519042969e-01,1.172914266586303711e+00,2.091916650533676147e-01,-1.967790424823760986e-01,-7.015072554349899292e-02
-3.926865383982658386e-02,-2.457065820693969727e+00,9.445676207542419434e-01,-4.661988839507102966e-02,-4.921896755695343018e-02,-7.213103771209716797e-01,6.892861723899841309e-01,1.155388802289962769e-01,1.297360360622406006e-01,7.287892699241638184e-02,-4.270914359949529171e-04,4.873707294464111328e-01,-2.617999911308288574e-01,1.418496668338775635e-01,-1.310959458351135254e-01,-3.173893690109252930e-02,9.823467582464218140e-02,2.919492721557617188e-01,2.617999911308288574e-01,1.449064165353775024e-02,1.688024215400218964e-02,-1.912468113005161285e-02,-8.935029506683349609e-01,1.226193904876708984e+00,1.107020616531372070e+00,1.158253550529479980e+00,-1.430351883172988892e-01,-3.116691708564758301e-01,-9.029679000377655029e-02,-1.047240734100341797e+00,-1.299976468086242676e+00,-1.006103157997131348e+00,1.177052140235900879e+00,2.096134871244430542e-01,-1.930711716413497925e-01,-8.159379661083221436e-02
-3.981612622737884521e-02,-2.455622434616088867e+00,9.390001296997070312e-01,-4.626043140888214111e-02,-4.901855438947677612e-02,-7.206687331199645996e-01,6.899954676628112793e-01,1.165748015046119690e-01,1.128861084580421448e-01,8.333683013916015625e-02,1.869408413767814636e-02,4.647924005985260010e-01,-2.617999911308288574e-01,1.420479863882064819e-01,-1.161578372120857239e-01,-4.452001675963401794e-02,1.062169298529624939e-01,2.925243079662322998e-01,2.617999911308288574e-01,1.210718136280775070e-02,1.523576676845550537e-02,-1.714837364852428436e-02,-7.510020732879638672e-01,1.181443929672241211e+00,1.205968737602233887e+00,1.163683056831359863e+00,-1.434006690979003906e-01,-3.172867596149444580e-01,-9.333178400993347168e-02,-8.669211268424987793e-01,-1.267736554145812988e+00,-1.122411727905273438e+00,1.183245658874511719e+00,2.124070972204208374e-01,-1.868301779031753540e-01,-9.280248731374740601e-02
-4.027301445603370667e-02,-2.454049825668334961e+00,9.307391643524169922e-01,-4.548626020550727844e-02,-4.878062009811401367e-02,-7.204688787460327148e-01,6.902724504470825195e-01,1.127002239227294922e-01,9.603970497846603394e-02,8.518577367067337036e-02,5.282776057720184326e-02,4.269931912422180176e-01,-2.617999911308288574e-01,1.391175240278244019e-01,-1.043824627995491028e-01,-5.830325186252593994e-02,1.221078634262084961e-01,2.919042706489562988e-01,2.617999911308288574e-01,7.376353722065687180e-03,1.188351958990097046e-02,-1.460429746657609940e-02,-6.305059790611267090e-01,1.123737692832946777e+00,1.305107593536376953e+00,1.172670245170593262e+00,-1.438245773315429688e-01,-3.323486149311065674e-01,-1.007545217871665955e-01,-7.125055789947509766e-01,-1.212823510169982910e+00,-1.221744418144226074e+00,1.191320538520812988e+00,2.142874449491500854e-01,-1.894899308681488037e-01,-1.214766353368759155e-01
-4.120374098420143127e-02,-2.452158451080322266e+00,9.191941022872924805e-01,-4.487447813153266907e-02,-4.797409102320671082e-02,-7.207934856414794922e-01,6.900300383567810059e-01,9.937729686498641968e-02,8.252206444740295410e-02,7.724077254533767700e-02,1.046978235244750977e-01,4.059061706066131592e-01,-2.617999911308288574e-01,1.320698857307434082e-01,-9.184683859348297119e-02,-6.879050284624099731e-02,1.468596011400222778e-01,2.903340458869934082e-01,2.617999911308288574e-01,3.036086913198232651e-03,9.874330833554267883e-03,-1.231154985725879669e-02,-5.269071459770202637e-01,1.056245803833007812e+00,1.394492506980895996e+00,1.182301998138427734e+00,-1.449754834175109863e-01,-3.440643846988677979e-01,-1.095161959528923035e-01,-5.893720388412475586e-01,-1.136355042457580566e+00,-1.298073291778564453e+00,1.195203065872192383e+00,2.057643383741378784e-01,-1.993408948183059692e-01,-1.409447640180587769e-01
-4.153531417250633240e-02,-2.450194358825683594e+00,9.044315814971923828e-01,-4.216718301177024841e-02,-4.690663143992424011e-02,-7.211948037147521973e-01,6.898548603057861328e-01,8.191357553005218506e-02,6.952685117721557617e-02,7.791671156883239746e-02,1.545865535736083984e-01,3.719822466373443604e-01,-2.585098743438720703e-01,1.286588460206985474e-01,-8.597736805677413940e-02,-7.785702496767044067e-02,1.653522551059722900e-01,2.056096345186233521e-01,2.590717971324920654e-01,1.097811909858137369e-04,5.646726116538047791e-03,-1.087015494704246521e-02,-4.376993775367736816e-01,9.745422601699829102e-01,1.454587817192077637e+00,1.185695886611938477e+00,-1.469458490610122681e-01,-3.565623760223388672e-01,-1.110159382224082947e-01,-4.858342409133911133e-01,-1.053839802742004395e+00,-1.351938962936401367e+00,1.196770668029785156e+00,2.061683684587478638e-01,-2.000632733106613159e-01,-1.439659893512725830e-01
-4.245978221297264099e-02,-2.447902917861938477e+00,8.863741755485534668e-01,-4.039154946804046631e-02,-4.493801668286323547e-02,-7.204080224037170410e-01,6.909134387969970703e-01,7.275368273258209229e-02,6.669221818447113037e-02,1.018337607383728027e-01,1.902332454919815063e-01,2.133290171623229980e-01,-2.015502005815505981e-01,1.217392086982727051e-01,-7.416698336601257324e-02,-9.437561035156250000e-02,1.947359889745712280e-01,5.183139070868492126e-02,1.677511334419250488e-01,-3.643965814262628555e-03,3.842770354822278023e-03,-7.150880061089992523e-03,-3.725573122501373291e-01,8.862419128417968750e-01,1.505758523941040039e+00,1.189679980278015137e+00,-1.470133215188980103e-01,-3.606751263141632080e-01,-1.133261770009994507e-01,-4.073856770992279053e-01,-9.613084197044372559e-01,-1.401833653450012207e+00,1.195012688636779785e+00,2.069396227598190308e-01,-2.009505182504653931e-01,-1.420121341943740845e-01
-4.306821897625923157e-02,-2.445857763290405273e+00,8.656656742095947266e-01,-4.106186330318450928e-02,-4.391668364405632019e-02,-7.215361595153808594e-01,6.897614002227783203e-01,6.604267656803131104e-02,6.660331785678863525e-02,1.236370652914047241e-01,2.344729900360107422e-01,4.816086217761039734e-02,-1.423790156841278076e-01,1.174250841140747070e-01,-6.156566366553306580e-02,-1.112243756651878357e-01,2.468117028474807739e-01,-1.471100896596908569e-01,6.943549215793609619e-02,-5.593250039964914322e-03,4.819657653570175171e-03,4.299297463148832321e-03,-3.132940828800201416e-01,7.932554483413696289e-01,1.547482967376708984e+00,1.191292524337768555e+00,-1.421722173690795898e-01,-3.676358461380004883e-01,-1.268790513277053833e-01,-3.523439466953277588e-01,-8.624608516693115234e-01,-1.421725034713745117e+00,1.189776897430419922e+00,2.006279230117797852e-01,-2.057512253522872925e-01,-1.512284725904464722e-01
-4.351039230823516846e-02,-2.443242311477661133e+00,8.428826928138732910e-01,-4.491002857685089111e-02,-4.712311923503875732e-02,-7.222544550895690918e-01,6.885572075843811035e-01,6.205211207270622253e-02,6.550125777721405029e-02,1.371378302574157715e-01,3.105518519878387451e-01,-1.241530328989028931e-01,-9.392756968736648560e-02,1.035163775086402893e-01,-5.710609257221221924e-02,-1.159974113106727600e-01,3.352237939834594727e-01,-2.915543019771575928e-01,2.853275276720523834e-02,-7.970918901264667511e-03,4.713379777967929840e-03,2.960018627345561981e-02,-2.762968242168426514e-01,6.946838498115539551e-01,1.594050407409667969e+00,1.192201852798461914e+00,-1.425730139017105103e-01,-3.707943558692932129e-01,-1.312954276800155640e-01,-3.152369856834411621e-01,-7.586978077888488770e-01,-1.436979532241821289e+00,1.180658578872680664e+00,1.950168907642364502e-01,-2.128214389085769653e-01,-1.497657895088195801e-01
-4.343307018280029297e-02,-2.439860105514526367e+00,8.188663721084594727e-01,-5.221946164965629578e-02,-5.246842652559280396e-02,-7.228676080703735352e-01,6.870099306106567383e-01,5.056656524538993835e-02,6.849403679370880127e-02,1.441605240106582642e-01,4.099458158016204834e-01,-2.478641867637634277e-01,-7.271253317594528198e-02,7.590035349130630493e-02,-5.763495713472366333e-02,-1.139490082859992981e-01,4.583838582038879395e-01,-3.991971313953399658e-01,1.732310838997364044e-02,-1.168340072035789490e-02,7.048391271382570267e-03,6.744568794965744019e-02,-2.479850053787231445e-01,5.877122282981872559e-01,1.636463642120361328e+00,1.192378878593444824e+00,-1.510964930057525635e-01,-3.769483864307403564e-01,-1.377870589494705200e-01,-2.834286689758300781e-01,-6.489861607551574707e-01,-1.427778482437133789e+00,1.168342471122741699e+00,1.704840660095214844e-01,-2.271211743354797363e-01,-1.378713846206665039e-01
-4.311747103929519653e-02,-2.436873674392700195e+00,7.941510081291198730e-01,-5.899176746606826782e-02,-5.883066356182098389e-02,-7.233424782752990723e-01,6.854448318481445312e-01,2.906664460897445679e-02,7.022831588983535767e-02,1.516163796186447144e-01,5.260165929794311523e-01,-3.548982143402099609e-01,-4.761526733636856079e-02,4.342031851410865784e-02,-6.077752262353897095e-02,-1.090703159570693970e-01,5.912954807281494141e-01,-4.989679753780364990e-01,4.013013094663619995e-03,-1.320440508425235748e-02,9.186819195747375488e-03,1.083870455622673035e-01,-2.243637591600418091e-01,4.750511646270751953e-01,1.660435438156127930e+00,1.192666292190551758e+00,-1.657974272966384888e-01,-3.736393451690673828e-01,-1.425056457519531250e-01,-2.415304481983184814e-01,-5.316823124885559082e-01,-1.391113758087158203e+00,1.142598748207092285e+00,7.214238494634628296e-02,-2.902203500270843506e-01,-7.078465819358825684e-02
-4.272973164916038513e-02,-2.435162067413330078e+00,7.699844241142272949e-01,-6.141600012779235840e-02,-6.358139961957931519e-02,-7.244778275489807129e-01,6.836061477661132812e-01,5.854204297065734863e-03,6.827384978532791138e-02,1.573219597339630127e-01,6.292671561241149902e-01,-4.490510523319244385e-01,-2.058533206582069397e-02,2.671691775321960449e-02,-6.102179735898971558e-02,-1.089586541056632996e-01,6.801524758338928223e-01,-6.016137003898620605e-01,-4.267246276140213013e-02,-1.233045756816864014e-02,9.814235381782054901e-03,1.401995867490768433e-01,-2.007160335779190063e-01,3.616805672645568848e-01,1.666089057922363281e+00,1.195149302482604980e+00,-1.718717366456985474e-01,-3.582202494144439697e-01,-1.429563611745834351e-01,-1.787143945693969727e-01,-4.106732606887817383e-01,-1.336177229881286621e+00,1.104571342468261719e+00,-1.577212363481521606e-01,-4.156750142574310303e-01,1.768564805388450623e-02
-4.287660494446754456e-02,-2.430054664611816406e+00,7.516985535621643066e-01,-7.221106439828872681e-02,-7.359784841537475586e-02,-7.236062288284301758e-01,6.824682354927062988e-01,-2.130777761340141296e-02,7.716774940490722656e-02,1.500901877880096436e-01,7.530778646469116211e-01,-4.933338165283203125e-01,-3.018258139491081238e-02,1.497041899710893631e-03,-6.232197210192680359e-02,-1.032962873578071594e-01,8.015135526657104492e-01,-6.515534520149230957e-01,-4.852539300918579102e-02,-1.961304247379302979e-02,2.453764434903860092e-03,1.830434948205947876e-01,-1.822214573621749878e-01,2.426638305187225342e-01,1.650095105171203613e+00,1.184505581855773926e+00,-1.535646617412567139e-01,-3.264212310314178467e-01,-1.186774447560310364e-01,-2.502672374248504639e-01,-2.830072939395904541e-01,-1.510472655296325684e+00,1.131355762481689453e+00,-6.662611663341522217e-02,-2.841570675373077393e-01,-9.266718477010726929e-02
-4.318030923604965210e-02,-2.426875114440917969e+00,7.365007996559143066e-01,-7.710215449333190918e-02,-7.704892009496688843e-02,-7.222660183906555176e-01,6.829718351364135742e-01,-8.232174068689346313e-02,8.541109412908554077e-02,1.394196301698684692e-01,8.970929980278015137e-01,-5.455797910690307617e-01,-2.473067864775657654e-02,-5.066584050655364990e-02,-5.511200428009033203e-02,-9.251817315816879272e-02,9.337341785430908203e-01,-7.001972198486328125e-01,-6.229992210865020752e-02,-1.780724339187145233e-02,7.284992025233805180e-04,2.183203548192977905e-01,-1.575895398855209351e-01,1.233658865094184875e-01,1.602648615837097168e+00,1.166616678237915039e+00,-1.484368592500686646e-01,-2.863360643386840820e-01,-9.178328514099121094e-02,-2.177148014307022095e-01,-1.828906089067459106e-01,-1.470060706138610840e+00,1.126533865928649902e+00,5.566002056002616882e-02,-1.979456394910812378e-01,-1.121623516082763672e-01
-4.350790008902549744e-02,-2.426861286163330078e+00,7.234069705009460449e-01,-7.474013417959213257e-02,-7.265937328338623047e-02,-7.215283513069152832e-01,6.844935417175292969e-01,-1.356025338172912598e-01,9.414535760879516602e-02,1.350581943988800049e-01,9.967590570449829102e-01,-6.011547446250915527e-01,-1.073512993752956390e-02,-9.441722184419631958e-02,-4.567280039191246033e-02,-8.468723297119140625e-02,1.018779993057250977e+00,-7.499433755874633789e-01,-7.517746835947036743e-02,-1.589598506689071655e-02,1.064555370248854160e-03,2.342003732919692993e-01,-1.202154979109764099e-01,1.369238086044788361e-02,1.542097568511962891e+00,1.138979673385620117e+00,-1.645473390817642212e-01,-2.319872677326202393e-01,-7.745649665594100952e-02,-1.476370096206665039e-01,-7.957179844379425049e-02,-1.337804675102233887e+00,1.095280289649963379e+00,5.226926133036613464e-02,-2.056226432323455811e-01,-1.050007045269012451e-01
-4.261246323585510254e-02,-2.427279233932495117e+00,7.116370201110839844e-01,-7.346613705158233643e-02,-7.014469057321548462e-02,-7.216683626174926758e-01,6.847460865974426270e-01,-1.637172102928161621e-01,1.013092398643493652e-01,1.354039609432220459e-01,1.060689091682434082e+00,-6.458602547645568848e-01,-8.899516426026821136e-03,-1.239473894238471985e-01,-4.190127924084663391e-02,-8.123579621315002441e-02,1.082622408866882324e+00,-7.899031639099121094e-01,-8.207280933856964111e-02,-7.073021493852138519e-03,7.297587580978870392e-03,2.585735321044921875e-01,-9.931081533432006836e-02,-8.739558607339859009e-02,1.496164202690124512e+00,1.100151062011718750e+00,-1.848348826169967651e-01,-1.866660565137863159e-01,-6.471516191959381104e-02,-4.547358304262161255e-02,1.190154161304235458e-02,-1.172324776649475098e+00,1.039494395256042480e+00,-2.647566795349121094e-01,-3.621715009212493896e-01,-1.070636361837387085e-01
-4.388400167226791382e-02,-2.422926902770996094e+00,7.028955221176147461e-01,-7.586272060871124268e-02,-7.511849701404571533e-02,-7.225262522697448730e-01,6.830504536628723145e-01,-1.808744966983795166e-01,1.058203354477882385e-01,1.362541913986206055e-01,1.112370014190673828e+00,-6.699564456939697266e-01,-1.373353414237499237e-02,-1.437069624662399292e-01,-4.362775385379791260e-02,-8.060939610004425049e-02,1.138898253440856934e+00,-8.175848722457885742e-01,-9.344443678855895996e-02,-1.066882163286209106e-02,8.204247802495956421e-03,2.800073027610778809e-01,-9.794503450393676758e-02,-1.479588449001312256e-01,1.475847482681274414e+00,1.086435437202453613e+00,-1.962361782789230347e-01,-1.669699996709823608e-01,-5.821532011032104492e-02,-1.057054102420806885e-01,1.217179521918296814e-01,-1.318227529525756836e+00,1.034921765327453613e+00,-3.308837413787841797e-01,-3.386176824569702148e-01,-1.396535336971282959e-01
-4.396931082010269165e-02,-2.418425321578979492e+00,6.993803381919860840e-01,-7.631132751703262329e-02,-7.762149721384048462e-02,-7.210239171981811523e-01,6.843069791793823242e-01,-1.961768120527267456e-01,1.025214791297912598e-01,1.329487115144729614e-01,1.137699365615844727e+00,-6.738774180412292480e-01,-1.538500376045703888e-02,-1.569570451974868774e-01,-4.494774714112281799e-02,-8.018845319747924805e-02,1.165255904197692871e+00,-8.296496272087097168e-01,-1.058346778154373169e-01,-1.077440660446882248e-02,2.535915002226829529e-03,2.949900627136230469e-01,-1.022622808814048767e-01,-1.682398915290832520e-01,1.428277015686035156e+00,1.088609576225280762e+00,-1.940354257822036743e-01,-1.568957269191741943e-01,-5.618686228990554810e-02,-1.554068326950073242e-01,1.187332049012184143e-01,-1.366901278495788574e+00,1.060562252998352051e+00,-1.062375307083129883e-01,-1.594944149255752563e-01,-1.330633610486984253e-01
-4.336944967508316040e-02,-2.415129184722900391e+00,6.991963982582092285e-01,-7.368014752864837646e-02,-7.511185109615325928e-02,-7.189580202102661133e-01,6.870435476303100586e-01,-2.151414602994918823e-01,1.043155416846275330e-01,1.335083544254302979e-01,1.147167563438415527e+00,-6.718661785125732422e-01,-1.404173020273447037e-02,-1.722448617219924927e-01,-4.944625124335289001e-02,-8.491732180118560791e-02,1.173352122306823730e+00,-8.306268453598022461e-01,-1.042717322707176208e-01,-1.090367790311574936e-02,2.171427244320511818e-03,3.043012619018554688e-01,-1.053876504302024841e-01,-1.771389394998550415e-01,1.370615243911743164e+00,1.066745996475219727e+00,-1.844306439161300659e-01,-1.522668898105621338e-01,-7.017312943935394287e-02,-1.449616998434066772e-01,1.142286732792854309e-01,-1.278556585311889648e+00,1.050470471382141113e+00,1.960339955985546112e-02,-1.037214100360870361e-01,-1.157199293375015259e-01
-4.318695515394210815e-02,-2.412163019180297852e+00,7.043770551681518555e-01,-6.846891343593597412e-02,-7.022188603878021240e-02,-7.169622182846069336e-01,6.901783347129821777e-01,-2.286116182804107666e-01,1.018625348806381226e-01,1.318416446447372437e-01,1.125302672386169434e+00,-6.550634503364562988e-01,-1.507941912859678268e-02,-1.828137636184692383e-01,-5.286427214741706848e-02,-8.964706212282180786e-02,1.152173876762390137e+00,-8.141974210739135742e-01,-9.867428988218307495e-02,-7.718652952462434769e-03,3.999949898570775986e-03,2.989378869533538818e-01,-1.173694655299186707e-01,-1.566654592752456665e-01,1.338017821311950684e+00,1.052717089653015137e+00,-1.768508851528167725e-01,-1.533812433481216431e-01,-8.393818885087966919e-02,-1.490373462438583374e-01,9.091734141111373901e-02,-1.246665120124816895e+00,1.040619611740112305e+00,8.275668323040008545e-02,-8.783959597349166870e-02,-1.045491322875022888e-01
-4.292307794094085693e-02,-2.409885406494140625e+00,7.145229578018188477e-01,-6.221453472971916199e-02,-6.448869407176971436e-02,-7.155807614326477051e-01,6.927587985992431641e-01,-2.319132536649703979e-01,9.666135907173156738e-02,1.311451494693756104e-01,1.075524449348449707e+00,-6.223268508911132812e-01,-1.859770342707633972e-02,-1.848255097866058350e-01,-5.703085660934448242e-02,-9.494055062532424927e-02,1.103269577026367188e+00,-7.817883491516113281e-01,-8.927603811025619507e-02,-1.997884595766663551e-03,6.703605409711599350e-03,2.805371284484863281e-01,-1.378122568130493164e-01,-1.114984676241874695e-01,1.336605429649353027e+00,1.046010971069335938e+00,-1.753994524478912354e-01,-1.557421535253524780e-01,-8.956547826528549194e-02,-1.589658856391906738e-01,4.555609077215194702e-02,-1.244631528854370117e+00,1.034305453300476074e+00,1.140866354107856750e-01,-8.540429174900054932e-02,-1.017546653747558594e-01
-4.268015921115875244e-02,-2.408525943756103516e+00,7.294635176658630371e-01,-5.549069121479988098e-02,-5.833523720502853394e-02,-7.145048975944519043e-01,6.949824094772338867e-01,-2.210702300071716309e-01,9.059875458478927612e-02,1.323515325784683228e-01,9.939288496971130371e-01,-5.724204778671264648e-01,-2.300010435283184052e-02,-1.758976429700851440e-01,-6.050964072346687317e-02,-1.015783697366714478e-01,1.027032017707824707e+00,-7.319508790969848633e-01,-7.567343860864639282e-02,5.301618948578834534e-03,9.117343463003635406e-03,2.497274577617645264e-01,-1.673312187194824219e-01,-4.580117389559745789e-02,1.363422155380249023e+00,1.046492695808410645e+00,-1.795364171266555786e-01,-1.579302251338958740e-01,-8.490846306085586548e-02,-1.752820611000061035e-01,-1.774181611835956573e-02,-1.271134734153747559e+00,1.032808780670166016e+00,1.346919387578964233e-01,-8.868921548128128052e-02,-1.087692901492118835e-01
-4.226968437433242798e-02,-2.407570600509643555e+00,7.490411996841430664e-01,-4.861208796501159668e-02,-5.215112492442131042e-02,-7.139121294021606445e-01,6.965963840484619141e-01,-1.961374133825302124e-01,8.282241225242614746e-02,1.350835412740707397e-01,8.819462656974792480e-01,-5.013436675071716309e-01,-2.748783305287361145e-02,-1.558340042829513550e-01,-6.405273824930191040e-02,-1.101107150316238403e-01,9.241260290145874023e-01,-6.593902707099914551e-01,-5.849215015769004822e-02,1.187640801072120667e-02,1.132589578628540039e-02,2.111252248287200928e-01,-2.016614079475402832e-01,3.781922534108161926e-02,1.397688269615173340e+00,1.054982423782348633e+00,-1.842512935400009155e-01,-1.586327254772186279e-01,-7.487323135137557983e-02,-2.005571126937866211e-01,-9.638015180826187134e-02,-1.313747167587280273e+00,1.036965847015380859e+00,1.521517634391784668e-01,-9.466754645109176636e-02,-1.229706332087516785e-01
-4.186599329113960266e-02,-2.406976699829101562e+00,7.723851799964904785e-01,-4.118136316537857056e-02,-4.581249877810478210e-02,-7.134743928909301758e-01,6.979681849479675293e-01,-1.609758883714675903e-01,7.375588268041610718e-02,1.417644917964935303e-01,7.460019588470458984e-01,-4.073214530944824219e-01,-3.440675884485244751e-02,-1.247640177607536316e-01,-6.653349101543426514e-02,-1.195763126015663147e-01,7.958195805549621582e-01,-5.637112259864807129e-01,-4.133372753858566284e-02,1.704219169914722443e-02,1.174474600702524185e-02,1.671371012926101685e-01,-2.348809242248535156e-01,1.362521797418594360e-01,1.418355703353881836e+00,1.068091869354248047e+00,-1.847572028636932373e-01,-1.576154232025146484e-01,-6.549716740846633911e-02,-2.291027158498764038e-01,-1.878092586994171143e-01,-1.351204276084899902e+00,1.045936703681945801e+00,1.657371968030929565e-01,-1.032460257411003113e-01,-1.394311636686325073e-01
-4.154681786894798279e-02,-2.405768156051635742e+00,7.981615066528320312e-01,-3.345239162445068359e-02,-4.002550244331359863e-02,-7.133342623710632324e-01,6.988798975944519043e-01,-1.231690868735313416e-01,6.457058340311050415e-02,1.509858667850494385e-01,6.000046730041503906e-01,-2.878880798816680908e-01,-4.796936362981796265e-02,-8.572286367416381836e-02,-6.783708930015563965e-02,-1.296157091856002808e-01,6.469984054565429688e-01,-4.499719440937042236e-01,-2.504326030611991882e-02,2.162270992994308472e-02,1.057452987879514694e-02,1.237665414810180664e-01,-2.729190886020660400e-01,2.448970377445220947e-01,1.430724620819091797e+00,1.085088014602661133e+00,-1.813873946666717529e-01,-1.590400785207748413e-01,-5.819392576813697815e-02,-2.656843960285186768e-01,-2.875976264476776123e-01,-1.382551789283752441e+00,1.057623028755187988e+00,1.731657683849334717e-01,-1.156297475099563599e-01,-1.541158705949783325e-01
-4.125044122338294983e-02,-2.404166698455810547e+00,8.259868621826171875e-01,-2.781958691775798798e-02,-3.619071468710899353e-02,-7.130487561225891113e-01,6.996268630027770996e-01,-8.106315881013870239e-02,5.663014575839042664e-02,1.550384312868118286e-01,4.462058544158935547e-01,-1.574632674455642700e-01,-6.855406612157821655e-02,-4.175927489995956421e-02,-6.808255612850189209e-02,-1.322741359472274780e-01,4.938490092754364014e-01,-3.197048604488372803e-01,-1.664124079979956150e-03,2.402485162019729614e-02,8.366562426090240479e-03,8.983249217271804810e-02,-3.176482915878295898e-01,3.607918024063110352e-01,1.436432123184204102e+00,1.105569362640380859e+00,-1.760997176170349121e-01,-1.674683839082717896e-01,-4.998417571187019348e-02,-3.092313110828399658e-01,-3.932643830776214600e-01,-1.398928999900817871e+00,1.073206424713134766e+00,1.770747900009155273e-01,-1.325879395008087158e-01,-1.703716069459915161e-01
-4.099834710359573364e-02,-2.400739669799804688e+00,8.539034724235534668e-01,-2.320757508277893066e-02,-3.247679397463798523e-02,-7.125645875930786133e-01,7.004700899124145508e-01,-4.854942858219146729e-02,5.418061837553977966e-02,1.531883180141448975e-01,2.965247035026550293e-01,-2.326902933418750763e-02,-1.090247556567192078e-01,-9.532417170703411102e-03,-6.981576234102249146e-02,-1.313135921955108643e-01,3.496634662151336670e-01,-1.931409835815429688e-01,3.237761184573173523e-02,2.571739442646503448e-02,6.675969343632459641e-03,6.220351904630661011e-02,-3.764702081680297852e-01,4.789332747459411621e-01,1.442116022109985352e+00,1.125661611557006836e+00,-1.729475557804107666e-01,-1.787770986557006836e-01,-4.495351389050483704e-02,-3.653961420059204102e-01,-5.027070641517639160e-01,-1.412525177001953125e+00,1.088351964950561523e+00,1.794840544462203979e-01,-1.508707553148269653e-01,-1.820850223302841187e-01
-4.062075167894363403e-02,-2.396634101867675781e+00,8.790689706802368164e-01,-2.011513337492942810e-02,-3.112733177840709686e-02,-7.108047604560852051e-01,7.024123072624206543e-01,-2.646781131625175476e-02,6.145553290843963623e-02,1.527749747037887573e-01,1.852071732282638550e-01,1.433008611202239990e-01,-2.276653796434402466e-01,9.253474883735179901e-03,-7.911308854818344116e-02,-1.271115392446517944e-01,2.388932108879089355e-01,-5.004114285111427307e-02,7.549793273210525513e-02,2.465370483696460724e-02,4.202869720757007599e-03,4.485855996608734131e-02,-4.483287930488586426e-01,5.936158299446105957e-01,1.441185235977172852e+00,1.143686413764953613e+00,-1.719274222850799561e-01,-1.924831122159957886e-01,-4.178011044859886169e-02,-4.334693253040313721e-01,-6.128451824188232422e-01,-1.423876523971557617e+00,1.103847146034240723e+00,1.796837449073791504e-01,-1.730598211288452148e-01,-1.885835528373718262e-01
-3.898494690656661987e-02,-2.392814636230468750e+00,9.010461568832397461e-01,-1.573082990944385529e-02,-2.982887066900730133e-02,-7.059642672538757324e-01,7.074441909790039062e-01,-1.199153810739517212e-02,6.218474358320236206e-02,1.623456776142120361e-01,9.777366369962692261e-02,3.156063854694366455e-01,-2.617999911308288574e-01,1.918176189064979553e-02,-1.018801704049110413e-01,-1.149537786841392517e-01,1.506695598363876343e-01,1.109900474548339844e-01,1.642634272575378418e-01,1.808800548315048218e-02,1.049468643032014370e-03,3.016860038042068481e-02,-5.332790613174438477e-01,7.002463936805725098e-01,1.424868464469909668e+00,1.158994674682617188e+00,-1.684845238924026489e-01,-2.028911560773849487e-01,-4.181503131985664368e-02,-5.064761638641357422e-01,-7.275397777557373047e-01,-1.424800992012023926e+00,1.117625236511230469e+00,1.822110563516616821e-01,-1.890916824340820312e-01,-1.909178644418716431e-01
-3.783653676509857178e-02,-2.389531612396240234e+00,9.193745851516723633e-01,-9.076545946300029755e-03,-2.782385610044002533e-02,-7.019970417022705078e-01,7.115782499313354492e-01,1.256182673387229443e-03,6.067353487014770508e-02,1.579536944627761841e-01,2.428399771451950073e-02,4.103231132030487061e-01,-2.617999911308288574e-01,2.513555251061916351e-02,-1.293388605117797852e-01,-9.340172260999679565e-02,8.026555925607681274e-02,2.777705490589141846e-01,2.617677748203277588e-01,9.877203032374382019e-03,-5.738097708672285080e-03,1.580430753529071808e-02,-6.164531707763671875e-01,8.029651641845703125e-01,1.380468606948852539e+00,1.168326854705810547e+00,-1.619819849729537964e-01,-2.095969170331954956e-01,-4.541288316249847412e-02,-5.929511785507202148e-01,-8.367531299591064453e-01,-1.400004267692565918e+00,1.130332827568054199e+00,1.868201941251754761e-01,-1.911666095256805420e-01,-1.883721053600311279e-01
-3.795778751373291016e-02,-2.386279821395874023e+00,9.338913559913635254e-01,-4.618232138454914093e-03,-2.313658781349658966e-02,-7.051060795783996582e-01,7.087092399597167969e-01,1.014675851911306381e-02,7.610087841749191284e-02,1.361615359783172607e-01,-1.664905622601509094e-02,4.440972506999969482e-01,-2.617999911308288574e-01,3.428010269999504089e-02,-1.440407931804656982e-01,-8.673178404569625854e-02,1.934040896594524384e-02,3.511559963226318359e-01,2.617999911308288574e-01,1.630586944520473480e-02,-6.964717060327529907e-03,4.749009385704994202e-03,-7.072266340255737305e-01,9.036458730697631836e-01,1.316887736320495605e+00,1.173281550407409668e+00,-1.560516655445098877e-01,-2.117114514112472534e-01,-5.115742236375808716e-02,-7.008811831474304199e-01,-9.293780326843261719e-01,-1.354702115058898926e+00,1.137724161148071289e+00,1.899934858083724976e-01,-1.903154104948043823e-01,-1.873604953289031982e-01
-3.790066391229629517e-02,-2.383239984512329102e+00,9.445533752441406250e-01,-3.594241803511977196e-03,-1.922262087464332581e-02,-7.090653181076049805e-01,7.048715949058532715e-01,1.603069715201854706e-02,1.026430428028106689e-01,1.218129917979240417e-01,-2.574039250612258911e-02,4.520947933197021484e-01,-2.617999911308288574e-01,4.393277317285537720e-02,-1.597792953252792358e-01,-9.470896422863006592e-02,-7.809888105839490891e-03,3.452781438827514648e-01,2.617999911308288574e-01,2.310812659561634064e-02,-4.129759501665830612e-03,1.380584435537457466e-03,-8.024722337722778320e-01,9.940937757492065430e-01,1.231982111930847168e+00,1.172195315361022949e+00,-1.481764614582061768e-01,-2.125285863876342773e-01,-6.051592156291007996e-02,-8.218362927436828613e-01,-1.006520867347717285e+00,-1.293889403343200684e+00,1.138055086135864258e+00,1.885984241962432861e-01,-1.891605705022811890e-01,-1.819166094064712524e-01
-3.739654272794723511e-02,-2.380173206329345703e+00,9.518982768058776855e-01,-4.452714696526527405e-03,-1.797615177929401398e-02,-7.104930877685546875e-01,7.034604549407958984e-01,2.057220041751861572e-02,1.308246403932571411e-01,1.185075491666793823e-01,-1.679224334657192230e-02,4.621173143386840820e-01,-2.617999911308288574e-01,5.028649419546127319e-02,-1.818389743566513062e-01,-1.033479422330856323e-01,-4.261136520653963089e-03,3.379531204700469971e-01,2.617999911308288574e-01,2.313932776451110840e-02,-1.077736844308674335e-03,3.394477767869830132e-03,-9.063609838485717773e-01,1.067830801010131836e+00,1.139414072036743164e+00,1.165731191635131836e+00,-1.407175511121749878e-01,-2.099697142839431763e-01,-6.686401367187500000e-02,-9.547914862632751465e-01,-1.066690325736999512e+00,-1.212590813636779785e+00,1.134562849998474121e+00,1.851401031017303467e-01,-1.876761168241500854e-01,-1.716613769531250000e-01
-3.690169751644134521e-02,-2.376712799072265625e+00,9.558615088462829590e-01,-5.902569275349378586e-03,-1.870923303067684174e-02,-7.100470662117004395e-01,7.038809061050415039e-01,2.563868463039398193e-02,1.580972969532012939e-01,1.196116060018539429e-01,-2.754270331934094429e-03,4.688928425312042236e-01,-2.617999911308288574e-01,5.449858307838439941e-02,-2.082400023937225342e-01,-1.024793013930320740e-01,1.357243862003087997e-02,3.563526868820190430e-01,2.617999911308288574e-01,1.857056096196174622e-02,7.852349663153290749e-04,6.244396325200796127e-03,-1.021128296852111816e+00,1.122670650482177734e+00,1.034372448921203613e+00,1.153474688529968262e+00,-1.315193176269531250e-01,-2.080826908349990845e-01,-7.212825864553451538e-02,-1.103069901466369629e+00,-1.105142116546630859e+00,-1.112756371498107910e+00,1.128771543502807617e+00,1.828621178865432739e-01,-1.878222376108169556e-01,-1.593848019838333130e-01
-3.651371598243713379e-02,-2.373234987258911133e+00,9.565793275833129883e-01,-7.830191403627395630e-03,-2.003731392323970795e-02,-7.099415063858032227e-01,7.039319872856140137e-01,3.370656073093414307e-02,1.852526962757110596e-01,1.226954236626625061e-01,1.060810964554548264e-02,4.690367281436920166e-01,-2.617999911308288574e-01,5.870690941810607910e-02,-2.351061701774597168e-01,-1.008773297071456909e-01,3.416397795081138611e-02,3.919065594673156738e-01,2.470498532056808472e-01,1.652693748474121094e-02,2.994220703840255737e-03,6.463800556957721710e-03,-1.148249268531799316e+00,1.156155705451965332e+00,9.215844273567199707e-01,1.139277815818786621e+00,-1.213923618197441101e-01,-2.086231857538223267e-01,-8.025265485048294067e-02,-1.250599026679992676e+00,-1.124838471412658691e+00,-9.955516457557678223e-01,1.120716571807861328e+00,1.794421374797821045e-01,-1.911256164312362671e-01,-1.483158469200134277e-01
-3.636462613940238953e-02,-2.369886875152587891e+00,9.540091753005981445e-01,-1.047328580170869827e-02,-2.056691050529479980e-02,-7.112985849380493164e-01,7.025109529495239258e-01,4.433021694421768188e-02,2.154477834701538086e-01,1.332581639289855957e-01,2.342458255589008331e-02,4.690996706485748291e-01,-2.566301822662353516e-01,6.504991650581359863e-02,-2.582252621650695801e-01,-1.121734753251075745e-01,5.272668600082397461e-02,4.203394055366516113e-01,2.084989100694656372e-01,2.017117850482463837e-02,7.356611080467700958e-03,3.039238043129444122e-03,-1.287310957908630371e+00,1.165370345115661621e+00,8.098992705345153809e-01,1.125320196151733398e+00,-1.137000694870948792e-01,-2.116889655590057373e-01,-8.839303255081176758e-02,-1.394695162773132324e+00,-1.126638174057006836e+00,-8.629187345504760742e-01,1.109880685806274414e+00,1.745406240224838257e-01,-1.949385851621627808e-01,-1.393496841192245483e-01
-3.584644198417663574e-02,-2.366757631301879883e+00,9.480006694793701172e-01,-1.311741769313812256e-02,-2.101418003439903259e-02,-7.124069333076477051e-01,7.013292312622070312e-01,5.556334927678108215e-02,2.440689206123352051e-01,1.522932052612304688e-01,3.605350106954574585e-02,4.750931262969970703e-01,-2.184078395366668701e-01,7.336390018463134766e-02,-2.812640666961669922e-01,-1.291800588369369507e-01,7.208792120218276978e-02,4.379227757453918457e-01,1.685197800397872925e-01,2.360349334776401520e-02,1.193821616470813751e-02,-1.516519696451723576e-03,-1.427893280982971191e+00,1.158463001251220703e+00,6.943047046661376953e-01,1.110233187675476074e+00,-1.080377772450447083e-01,-2.167577445507049561e-01,-9.373505413532257080e-02,-1.527152657508850098e+00,-1.116728782653808594e+00,-7.243527173995971680e-01,1.099705100059509277e+00,1.685329973697662354e-01,-1.996979117393493652e-01,-1.332740932703018188e-01
-3.505674004554748535e-02,-2.363719224929809570e+00,9.387615919113159180e-01,-1.536445692181587219e-02,-2.184331603348255157e-02,-7.134528160095214844e-01,7.001941800117492676e-01,6.812000274658203125e-02,2.687656283378601074e-01,1.666311919689178467e-01,4.814791679382324219e-02,4.848843812942504883e-01,-1.827001869678497314e-01,8.151391148567199707e-02,-3.048670887947082520e-01,-1.434988528490066528e-01,9.363093227148056030e-02,4.486818313598632812e-01,1.294894665479660034e-01,2.762955240905284882e-02,1.430412754416465759e-02,-6.546398624777793884e-03,-1.570474147796630859e+00,1.131273627281188965e+00,5.891686677932739258e-01,1.098346829414367676e+00,-1.052348166704177856e-01,-2.238276898860931396e-01,-9.934481233358383179e-02,-1.651438117027282715e+00,-1.095318555831909180e+00,-5.851551294326782227e-01,1.091640114784240723e+00,1.619393378496170044e-01,-2.058148384094238281e-01,-1.310383826494216919e-01
-3.434379026293754578e-02,-2.360707521438598633e+00,9.263169169425964355e-01,-1.754150912165641785e-02,-2.285086177289485931e-02,-7.139455676078796387e-01,6.996083259582519531e-01,8.110982924699783325e-02,2.901150882244110107e-01,1.691010147333145142e-01,6.101392954587936401e-02,5.017156004905700684e-01,-1.576090902090072632e-01,8.798673748970031738e-02,-3.259715437889099121e-01,-1.466925442218780518e-01,1.200533658266067505e-01,4.658575057983398438e-01,9.915689378976821899e-02,2.851448208093643188e-02,1.558323577046394348e-02,-1.022577006369829178e-02,-1.707172870635986328e+00,1.093201398849487305e+00,4.904029965400695801e-01,1.090582489967346191e+00,-1.045447811484336853e-01,-2.321703433990478516e-01,-1.054839715361595154e-01,-1.770698428153991699e+00,-1.060090422630310059e+00,-4.588424563407897949e-01,1.089068412780761719e+00,1.583441793918609619e-01,-2.121196240186691284e-01,-1.296130120754241943e-01
-3.351890295743942261e-02,-2.357846021652221680e+00,9.101915955543518066e-01,-1.952753216028213501e-02,-2.352855540812015533e-02,-7.134616971015930176e-01,7.000267505645751953e-01,9.236285090446472168e-02,3.083640933036804199e-01,1.613025069236755371e-01,7.715209573507308960e-02,5.235780477523803711e-01,-1.461446136236190796e-01,9.421386569738388062e-02,-3.430646359920501709e-01,-1.365272998809814453e-01,1.477660834789276123e-01,4.945875108242034912e-01,9.318514168262481689e-02,2.645293064415454865e-02,1.636776328086853027e-02,-1.345081347972154617e-02,-1.837194442749023438e+00,1.043618202209472656e+00,4.008623063564300537e-01,1.089334368705749512e+00,-1.067678257822990417e-01,-2.412771433591842651e-01,-1.110307201743125916e-01,-1.880377173423767090e+00,-1.016553759574890137e+00,-3.458504080772399902e-01,1.089260101318359375e+00,1.551330387592315674e-01,-2.226093709468841553e-01,-1.309421211481094360e-01
-3.274488076567649841e-02,-2.354178667068481445e+00,8.910449743270874023e-01,-1.848703622817993164e-02,-2.166094444692134857e-02,-7.137230038642883301e-01,6.998489499092102051e-01,9.971389174461364746e-02,3.223282396793365479e-01,1.546753048896789551e-01,8.865854144096374512e-02,5.122029185295104980e-01,-1.459585577249526978e-01,1.065586209297180176e-01,-3.532306849956512451e-01,-1.211953461170196533e-01,1.507636606693267822e-01,4.338053166866302490e-01,9.381619095802307129e-02,2.606840059161186218e-02,1.786253601312637329e-02,-2.317483350634574890e-02,-1.952518463134765625e+00,9.834481477737426758e-01,3.312328159809112549e-01,1.093609690666198730e+00,-1.131052076816558838e-01,-2.502066195011138916e-01,-1.158223748207092285e-01,-1.985444784164428711e+00,-9.502270221710205078e-01,-2.716328203678131104e-01,1.095400094985961914e+00,1.573590785264968872e-01,-2.339989691972732544e-01,-1.286544948816299438e-01
-3.230881690979003906e-02,-2.350496053695678711e+00,8.674702644348144531e-01,-1.499225478619337082e-02,-1.662838272750377655e-02,-7.127575278282165527e-01,7.010530829429626465e-01,1.143109127879142761e-01,3.351657688617706299e-01,1.692439615726470947e-01,7.895161211490631104e-02,3.667801320552825928e-01,-1.808284223079681396e-01,1.209428831934928894e-01,-3.611100614070892334e-01,-1.278302967548370361e-01,1.440758258104324341e-01,2.341687828302383423e-01,1.000012531876564026e-01,2.230625599622726440e-02,2.034912444651126862e-02,-3.973861038684844971e-02,-2.041059494018554688e+00,9.182395935058593750e-01,2.667909860610961914e-01,1.086992263793945312e+00,-1.214928478002548218e-01,-2.619564831256866455e-01,-1.167010664939880371e-01,-2.073270320892333984e+00,-8.717208504676818848e-01,-2.299265861511230469e-01,1.094213843345642090e+00,1.711593717336654663e-01,-2.441721707582473755e-01,-1.219750866293907166e-01
-3.213287517428398132e-02,-2.348161458969116211e+00,8.423060774803161621e-01,-2.683307975530624390e-02,-2.558256313204765320e-02,-7.110593318939208984e-01,7.021539807319641113e-01,1.509739607572555542e-01,3.523340821266174316e-01,1.856894642114639282e-01,1.420337706804275513e-01,1.270153522491455078e-01,-2.617999911308288574e-01,1.535448729991912842e-01,-3.725404739379882812e-01,-1.384059637784957886e-01,2.278783172369003296e-01,-3.322379663586616516e-02,1.592094302177429199e-01,1.643005013465881348e-02,2.539936453104019165e-02,-1.617339439690113068e-02,-2.107007265090942383e+00,8.463879227638244629e-01,2.152981609106063843e-01,1.080766320228576660e+00,-1.457521468400955200e-01,-2.992394864559173584e-01,-1.325628459453582764e-01,-2.139952421188354492e+00,-7.791994810104370117e-01,-2.183198183774948120e-01,1.091528415679931641e+00,2.120224386453628540e-01,-2.769097983837127686e-01,-8.444418758153915405e-02
-3.159647434949874878e-02,-2.345139503479003906e+00,8.179721236228942871e-01,-2.897284366190433502e-02,-2.965488843619823456e-02,-7.105497121810913086e-01,7.024245858192443848e-01,1.617018431425094604e-01,3.562759160995483398e-01,1.976257264614105225e-01,1.839019507169723511e-01,-4.144737496972084045e-02,-2.617999911308288574e-01,1.646313965320587158e-01,-3.932526111602783203e-01,-1.468108445405960083e-01,2.796618938446044922e-01,-1.875055581331253052e-01,2.125519812107086182e-01,1.442335825413465500e-02,2.358209341764450073e-02,-1.798248663544654846e-02,-2.144950389862060547e+00,7.668951749801635742e-01,1.853297799825668335e-01,1.059881687164306641e+00,-1.650272309780120850e-01,-3.164497315883636475e-01,-1.489571332931518555e-01,-2.178798437118530273e+00,-6.800440549850463867e-01,-2.221713513135910034e-01,1.075458407402038574e+00,2.465870827436447144e-01,-2.956223785877227783e-01,-4.629079997539520264e-02
-3.157749027013778687e-02,-2.341600656509399414e+00,7.943438887596130371e-01,-3.445506468415260315e-02,-3.655339032411575317e-02,-7.106217145919799805e-01,7.017788290977478027e-01,1.515686362981796265e-01,3.633416295051574707e-01,2.065263539552688599e-01,2.655607461929321289e-01,-1.619177162647247314e-01,-2.617999911308288574e-01,1.644205003976821899e-01,-4.105821251869201660e-01,-1.450163424015045166e-01,3.491835296154022217e-01,-2.947184443473815918e-01,2.532484531402587891e-01,1.670300960540771484e-02,2.206504903733730316e-02,-1.055464521050453186e-02,-2.164391756057739258e+00,6.815218925476074219e-01,1.647498458623886108e-01,1.030039548873901367e+00,-1.827835589647293091e-01,-3.317119181156158447e-01,-1.712817996740341187e-01,-2.203089952468872070e+00,-5.779784321784973145e-01,-2.346344888210296631e-01,1.052050113677978516e+00,2.743563354015350342e-01,-3.187461495399475098e-01,-6.525730714201927185e-03
-3.163018822669982910e-02,-2.336314916610717773e+00,7.718806266784667969e-01,-4.289161041378974915e-02,-4.721721261739730835e-02,-7.113620638847351074e-01,6.999248862266540527e-01,1.132680326700210571e-01,3.805154561996459961e-01,2.034816890954971313e-01,4.094108939170837402e-01,-2.115523070096969604e-01,-2.617999911308288574e-01,1.499302685260772705e-01,-4.252503812313079834e-01,-1.440859287977218628e-01,4.458758234977722168e-01,-3.534204959869384766e-01,2.498769611120223999e-01,2.102769725024700165e-02,2.003301680088043213e-02,1.045033149421215057e-02,-2.161345481872558594e+00,6.030040383338928223e-01,1.372852176427841187e-01,9.826079010963439941e-01,-2.047782242298126221e-01,-3.559441566467285156e-01,-2.023521959781646729e-01,-2.210025310516357422e+00,-4.794374108314514160e-01,-2.318721562623977661e-01,1.015816092491149902e+00,2.966650128364562988e-01,-3.441814184188842773e-01,3.838209062814712524e-02
-3.145452216267585754e-02,-2.331251859664916992e+00,7.540004849433898926e-01,-4.814127832651138306e-02,-5.655801668763160706e-02,-7.114002108573913574e-01,6.988514661788940430e-01,7.045285403728485107e-02,3.955478370189666748e-01,1.859249025583267212e-01,5.342298150062561035e-01,-2.467948049306869507e-01,-2.617999911308288574e-01,1.347873359918594360e-01,-4.401121735572814941e-01,-1.368164718151092529e-01,5.228492617607116699e-01,-3.958372175693511963e-01,2.293884605169296265e-01,2.406646311283111572e-02,1.612050086259841919e-02,2.554640732705593109e-02,-2.137955427169799805e+00,5.388177633285522461e-01,1.051160544157028198e-01,9.273859858512878418e-01,-2.416657954454421997e-01,-3.989077210426330566e-01,-2.412833571434020996e-01,-2.196099996566772461e+00,-4.011213481426239014e-01,-2.001201957464218140e-01,9.679911136627197266e-01,3.153370022773742676e-01,-3.691646754741668701e-01,1.014852672815322876e-01
-3.142314031720161438e-02,-2.327150583267211914e+00,7.413375377655029297e-01,-5.437044054269790649e-02,-6.356754153966903687e-02,-7.097845077514648438e-01,6.994347572326660156e-01,3.107802011072635651e-02,4.084333777427673340e-01,1.625044494867324829e-01,6.336751580238342285e-01,-2.741283476352691650e-01,-2.617999911308288574e-01,1.100202426314353943e-01,-4.540965855121612549e-01,-1.170713827013969421e-01,6.065811514854431152e-01,-4.102070927619934082e-01,2.536349594593048096e-01,2.211003005504608154e-02,1.582196727395057678e-02,3.906021267175674438e-02,-2.100001096725463867e+00,4.972572326660156250e-01,6.202789396047592163e-02,8.687966465950012207e-01,-2.870461642742156982e-01,-4.540443122386932373e-01,-2.840588688850402832e-01,-2.161422967910766602e+00,-3.518198132514953613e-01,-1.441238522529602051e-01,9.143856167793273926e-01,3.334029912948608398e-01,-4.051381945610046387e-01,1.411600708961486816e-01
-2.993672154843807220e-02,-2.325413942337036133e+00,7.297766208648681641e-01,-5.758852511644363403e-02,-6.613999605178833008e-02,-7.090235352516174316e-01,6.997104287147521973e-01,7.458287756890058517e-03,4.216224551200866699e-01,1.571590900421142578e-01,6.985328793525695801e-01,-3.029297888278961182e-01,-2.617999911308288574e-01,7.885889708995819092e-02,-4.705095887184143066e-01,-1.104610562324523926e-01,6.822732686996459961e-01,-4.255206286907196045e-01,2.614647746086120605e-01,2.281160280108451843e-02,1.793301850557327271e-02,4.640610143542289734e-02,-2.100025415420532227e+00,4.738657176494598389e-01,3.872019425034523010e-02,8.628961443901062012e-01,-3.090167939662933350e-01,-4.788533449172973633e-01,-2.952895462512969971e-01,-2.157100677490234375e+00,-3.401137888431549072e-01,-8.611594140529632568e-02,9.071713685989379883e-01,3.330573141574859619e-01,-4.217414855957031250e-01,1.486177891492843628e-01
-2.835746109485626221e-02,-2.324598073959350586e+00,7.213178277015686035e-01,-6.061468273401260376e-02,-6.911451369524002075e-02,-7.103130817413330078e-01,6.978570222854614258e-01,-2.465119818225502968e-03,4.271101355552673340e-01,1.523190140724182129e-01,7.467099428176879883e-01,-3.344376385211944580e-01,-2.617999911308288574e-01,4.945799708366394043e-02,-4.803734123706817627e-01,-9.702979028224945068e-02,7.486853599548339844e-01,-4.493170678615570068e-01,2.440879493951797485e-01,2.627637982368469238e-02,2.039515785872936249e-02,4.862947016954421997e-02,-2.080754995346069336e+00,4.579324126243591309e-01,3.805838152766227722e-02,8.489426970481872559e-01,-3.234414160251617432e-01,-5.014165639877319336e-01,-2.785793244838714600e-01,-2.130719661712646484e+00,-3.330710828304290771e-01,-4.524764046072959900e-02,8.873166441917419434e-01,3.299233913421630859e-01,-4.372162222862243652e-01,1.343802809715270996e-01
-2.775953710079193115e-02,-2.324007749557495117e+00,7.168364524841308594e-01,-6.379189342260360718e-02,-7.431299984455108643e-02,-7.140967249870300293e-01,6.931623220443725586e-01,1.996533246710896492e-03,4.267742037773132324e-01,1.556409299373626709e-01,7.745231389999389648e-01,-3.502290248870849609e-01,-2.617999911308288574e-01,4.003069549798965454e-02,-4.815014898777008057e-01,-7.419995218515396118e-02,7.742767333984375000e-01,-4.675316512584686279e-01,2.223813831806182861e-01,3.504061698913574219e-02,1.978225074708461761e-02,5.005163326859474182e-02,-2.039192676544189453e+00,4.483035802841186523e-01,4.801083356142044067e-02,8.136354088783264160e-01,-3.174014091491699219e-01,-5.053818821907043457e-01,-2.332833856344223022e-01,-2.087277889251708984e+00,-3.184528946876525879e-01,-3.589159250259399414e-02,8.570227026939392090e-01,3.290078639984130859e-01,-4.328528642654418945e-01,1.046244576573371887e-01
-2.758681774139404297e-02,-2.325217485427856445e+00,7.142962813377380371e-01,-6.495770812034606934e-02,-7.613024860620498657e-02,-7.146179676055908203e-01,6.923191547393798828e-01,2.462820848450064659e-03,4.301132857799530029e-01,1.591055095195770264e-01,7.905299663543701172e-01,-3.588839173316955566e-01,-2.617999911308288574e-01,4.430635645985603333e-02,-4.841739535331726074e-01,-7.030409574508666992e-02,7.795024514198303223e-01,-4.766957759857177734e-01,2.321225851774215698e-01,3.490580618381500244e-02,1.780403777956962585e-02,4.881697520613670349e-02,-2.040344238281250000e+00,4.368199110031127930e-01,7.807194441556930542e-02,8.247249126434326172e-01,-3.168281316757202148e-01,-4.907416403293609619e-01,-2.321697026491165161e-01,-2.084543466567993164e+00,-3.153492212295532227e-01,-4.040467366576194763e-02,8.691018223762512207e-01,3.372435271739959717e-01,-4.013247191905975342e-01,9.884237498044967651e-02
-2.729159034788608551e-02,-2.327057838439941406e+00,7.167795896530151367e-01,-6.480303406715393066e-02,-7.547786831855773926e-02,-7.134172916412353516e-01,6.936421394348144531e-01,7.120280060917139053e-03,4.289172887802124023e-01,1.602532714605331421e-01,7.797393202781677246e-01,-3.506728708744049072e-01,-2.617999911308288574e-01,5.326384305953979492e-02,-4.810656309127807617e-01,-7.456527650356292725e-02,7.676176428794860840e-01,-4.674377739429473877e-01,2.359101921319961548e-01,3.214463591575622559e-02,1.670745387673377991e-02,4.333054274320602417e-02,-2.038213014602661133e+00,4.392969906330108643e-01,9.317824989557266235e-02,8.342983126640319824e-01,-3.190076053142547607e-01,-4.902710914611816406e-01,-2.429328411817550659e-01,-2.074388742446899414e+00,-3.401275277137756348e-01,-1.781044527888298035e-02,8.694976568222045898e-01,3.277318477630615234e-01,-3.873196840286254883e-01,1.045058593153953552e-01
-2.682325057685375214e-02,-2.329897403717041016e+00,7.243560552597045898e-01,-6.269375234842300415e-02,-7.284018397331237793e-02,-7.115882039070129395e-01,6.959928274154663086e-01,1.925252005457878113e-02,4.217809438705444336e-01,1.641707122325897217e-01,7.399570941925048828e-01,-3.265316188335418701e-01,-2.617999911308288574e-01,7.169532775878906250e-02,-4.741557836532592773e-01,-8.416064083576202393e-02,7.283499836921691895e-01,-4.385636746883392334e-01,2.383740395307540894e-01,2.809529379010200500e-02,1.597274467349052429e-02,3.253287822008132935e-02,-2.032545328140258789e+00,4.611739516258239746e-01,9.567735344171524048e-02,8.439280986785888672e-01,-3.180690109729766846e-01,-4.940386712551116943e-01,-2.573495507240295410e-01,-2.069532871246337891e+00,-3.779134452342987061e-01,1.946813281392678618e-04,8.749071955680847168e-01,3.112550377845764160e-01,-3.762146532535552979e-01,1.010702401399612427e-01
-2.658339217305183411e-02,-2.334427595138549805e+00,7.367908358573913574e-01,-5.873941257596015930e-02,-6.851612031459808350e-02,-7.101240158081054688e-01,6.982686519622802734e-01,4.129077121615409851e-02,4.106774330139160156e-01,1.740238666534423828e-01,6.738423705101013184e-01,-2.897304296493530273e-01,-2.617999911308288574e-01,1.001142486929893494e-01,-4.642120599746704102e-01,-1.017056927084922791e-01,6.618461012840270996e-01,-3.966692686080932617e-01,2.405893504619598389e-01,2.223109267652034760e-02,1.488017756491899490e-02,1.690663211047649384e-02,-2.030122041702270508e+00,4.973610639572143555e-01,1.003127023577690125e-01,8.629870414733886719e-01,-3.170119822025299072e-01,-4.999560415744781494e-01,-2.598974704742431641e-01,-2.073174953460693359e+00,-4.224012196063995361e-01,-8.430286543443799019e-04,8.923515677452087402e-01,2.947252988815307617e-01,-3.648691177368164062e-01,9.615777432918548584e-02
-2.683107554912567139e-02,-2.340548515319824219e+00,7.531863451004028320e-01,-5.327339470386505127e-02,-6.315997987985610962e-02,-7.092731595039367676e-01,7.000745534896850586e-01,7.131241261959075928e-02,3.959944844245910645e-01,1.880431771278381348e-01,5.877953767776489258e-01,-2.380927205085754395e-01,-2.617999911308288574e-01,1.328773349523544312e-01,-4.508605897426605225e-01,-1.231417879462242126e-01,5.785428285598754883e-01,-3.410511016845703125e-01,2.418563812971115112e-01,1.614922098815441132e-02,1.442281622439622879e-02,-1.442163251340389252e-03,-2.033318042755126953e+00,5.527898669242858887e-01,1.078240051865577698e-01,8.942565321922302246e-01,-3.074795901775360107e-01,-4.921990334987640381e-01,-2.536065876483917236e-01,-2.088663101196289062e+00,-4.662673473358154297e-01,-3.262937813997268677e-02,9.263042211532592773e-01,2.906267046928405762e-01,-3.557200729846954346e-01,8.900860697031021118e-02
-2.710183896124362946e-02,-2.347586870193481445e+00,7.733111977577209473e-01,-4.831857979297637939e-02,-5.786470696330070496e-02,-7.091497778892517090e-01,7.010161280632019043e-01,1.088541075587272644e-01,3.780779540538787842e-01,2.034083306789398193e-01,4.866471588611602783e-01,-1.623382419347763062e-01,-2.617999911308288574e-01,1.683412641286849976e-01,-4.327819049358367920e-01,-1.454007029533386230e-01,4.833791553974151611e-01,-2.606360912322998047e-01,2.375336736440658569e-01,1.343320962041616440e-02,1.455449312925338745e-02,-1.910157315433025360e-02,-2.036059141159057617e+00,6.180234551429748535e-01,1.224745139479637146e-01,9.326732158660888672e-01,-2.923097908496856689e-01,-4.731801450252532959e-01,-2.385369688272476196e-01,-2.104216814041137695e+00,-5.263193249702453613e-01,-7.212535291910171509e-02,9.658242464065551758e-01,2.855595350265502930e-01,-3.390722274780273438e-01,7.514252513647079468e-02
-2.752202749252319336e-02,-2.356936216354370117e+00,7.983059287071228027e-01,-4.540162906050682068e-02,-5.363347008824348450e-02,-7.096787691116333008e-01,7.010122537612915039e-01,1.612483859062194824e-01,3.562295138835906982e-01,2.134136706590652466e-01,3.625187575817108154e-01,-7.168580591678619385e-02,-2.617999911308288574e-01,2.082558274269104004e-01,-4.079364836215972900e-01,-1.624687761068344116e-01,3.779784739017486572e-01,-1.648765653371810913e-01,2.029750794172286987e-01,1.474808529019355774e-02,1.602189429104328156e-02,-3.715175762772560120e-02,-2.033603668212890625e+00,6.871813535690307617e-01,1.486953347921371460e-01,9.804108738899230957e-01,-2.744627892971038818e-01,-4.472078084945678711e-01,-2.183149605989456177e-01,-2.116740465164184570e+00,-6.001482605934143066e-01,-1.195855885744094849e-01,1.013143420219421387e+00,2.742089927196502686e-01,-3.126566708087921143e-01,6.045095622539520264e-02
-2.822450548410415649e-02,-2.364169359207153320e+00,8.251315355300903320e-01,-4.759244993329048157e-02,-5.326429009437561035e-02,-7.108457684516906738e-01,6.997115015983581543e-01,2.063181698322296143e-01,3.425184488296508789e-01,2.133419662714004517e-01,2.596050202846527100e-01,5.090032145380973816e-02,-2.617999911308288574e-01,2.352933287620544434e-01,-3.854826390743255615e-01,-1.708674877882003784e-01,2.967065870761871338e-01,-4.632443562150001526e-02,1.603578925132751465e-01,1.976185105741024017e-02,1.860643737018108368e-02,-3.697783127427101135e-02,-2.020250797271728516e+00,7.658384442329406738e-01,1.770221590995788574e-01,1.016940474510192871e+00,-2.491677999496459961e-01,-4.164949953556060791e-01,-1.930456757545471191e-01,-2.118392705917358398e+00,-6.922699809074401855e-01,-1.646016091108322144e-01,1.046612501144409180e+00,2.585127055644989014e-01,-2.822561264038085938e-01,3.789020329713821411e-02
-2.906721085309982300e-02,-2.369085073471069336e+00,8.519167304039001465e-01,-4.843673855066299438e-02,-5.202096328139305115e-02,-7.127918601036071777e-01,6.977645754814147949e-01,2.191644310951232910e-01,3.338556289672851562e-01,2.045852690935134888e-01,1.902313828468322754e-01,1.991770267486572266e-01,-2.581968605518341064e-01,2.353351861238479614e-01,-3.680428862571716309e-01,-1.741860508918762207e-01,2.377515286207199097e-01,9.229307621717453003e-02,1.227600201964378357e-01,2.863572724163532257e-02,2.038710378110408783e-02,-3.537799045443534851e-02,-1.998202800750732422e+00,8.498739004135131836e-01,2.049598097801208496e-01,1.050964355468750000e+00,-2.270236462354660034e-01,-3.923338055610656738e-01,-1.717667281627655029e-01,-2.113038778305053711e+00,-7.922692894935607910e-01,-2.136375755071640015e-01,1.075325727462768555e+00,2.491490840911865234e-01,-2.603615224361419678e-01,5.284626036882400513e-03
-2.986068092286586761e-02,-2.373026371002197266e+00,8.776451349258422852e-01,-4.851167649030685425e-02,-5.179735273122787476e-02,-7.143831849098205566e-01,6.961467862129211426e-01,2.183879017829895020e-01,3.234308063983917236e-01,2.049718648195266724e-01,1.349252611398696899e-01,3.784787654876708984e-01,-2.617999911308288574e-01,2.270552366971969604e-01,-3.560033738613128662e-01,-1.833293437957763672e-01,1.857333034276962280e-01,2.628999948501586914e-01,1.229747012257575989e-01,3.272212669253349304e-02,1.919738203287124634e-02,-3.091800957918167114e-02,-1.964347124099731445e+00,9.407655000686645508e-01,2.330217510461807251e-01,1.079804301261901855e+00,-2.031547576189041138e-01,-3.720588982105255127e-01,-1.520757973194122314e-01,-2.094090700149536133e+00,-8.952425718307495117e-01,-2.687377035617828369e-01,1.098950982093811035e+00,2.447607815265655518e-01,-2.433714717626571655e-01,-2.668583765625953674e-02
-3.060287423431873322e-02,-2.376583814620971680e+00,9.013761281967163086e-01,-4.781723767518997192e-02,-5.260058864951133728e-02,-7.148036360740661621e-01,6.957028508186340332e-01,2.123576551675796509e-01,3.033932447433471680e-01,2.101508975028991699e-01,1.012594029307365417e-01,5.216836333274841309e-01,-2.617999911308288574e-01,2.199524194002151489e-01,-3.382072448730468750e-01,-1.789918839931488037e-01,1.494016349315643311e-01,4.257079958915710449e-01,1.703789383172988892e-01,3.295350447297096252e-02,1.472829375416040421e-02,-2.684189938008785248e-02,-1.913119673728942871e+00,1.031964898109436035e+00,2.700326442718505859e-01,1.107095241546630859e+00,-1.854453980922698975e-01,-3.511869907379150391e-01,-1.292181462049484253e-01,-2.052368402481079102e+00,-1.001594781875610352e+00,-3.217937946319580078e-01,1.115207433700561523e+00,2.406792640686035156e-01,-2.230211794376373291e-01,-5.565803870558738708e-02
-3.172443434596061707e-02,-2.379985332489013672e+00,9.213207364082336426e-01,-4.640595242381095886e-02,-5.226065218448638916e-02,-7.169454097747802734e-01,6.936170458793640137e-01,1.973628550767898560e-01,2.703443765640258789e-01,1.837955266237258911e-01,1.119353398680686951e-01,5.235999822616577148e-01,-2.617999911308288574e-01,2.112477123737335205e-01,-2.966567575931549072e-01,-1.228573396801948547e-01,1.226975023746490479e-01,5.107635259628295898e-01,1.969319134950637817e-01,3.770564496517181396e-02,9.477579034864902496e-03,-2.515724487602710724e-02,-1.835645318031311035e+00,1.125093817710876465e+00,3.055514395236968994e-01,1.122724056243896484e+00,-1.665599346160888672e-01,-3.305391371250152588e-01,-1.037902384996414185e-01,-1.979859113693237305e+00,-1.112446069717407227e+00,-3.717315793037414551e-01,1.121756553649902344e+00,2.394836694002151489e-01,-1.966481506824493408e-01,-8.733782172203063965e-02
-3.306683525443077087e-02,-2.381837844848632812e+00,9.372697472572326660e-01,-4.403669387102127075e-02,-4.780155792832374573e-02,-7.168422341346740723e-01,6.941995024681091309e-01,1.860822290182113647e-01,2.349666208028793335e-01,1.444567888975143433e-01,8.273716270923614502e-02,5.235999822616577148e-01,-2.617999911308288574e-01,1.916366070508956909e-01,-2.472345232963562012e-01,-7.618192583322525024e-02,1.136317476630210876e-01,4.889084696769714355e-01,1.940385550260543823e-01,3.339101001620292664e-02,7.390939630568027496e-03,-2.965774945914745331e-02,-1.731992721557617188e+00,1.208989739418029785e+00,3.674792349338531494e-01,1.129502177238464355e+00,-1.637942194938659668e-01,-2.939615547657012939e-01,-1.128494292497634888e-01,-1.864768266677856445e+00,-1.214068174362182617e+00,-4.424179196357727051e-01,1.120292186737060547e+00,2.346575558185577393e-01,-1.712189465761184692e-01,-1.275381743907928467e-01
-3.375657647848129272e-02,-2.383434772491455078e+00,9.487135410308837891e-01,-4.072031378746032715e-02,-4.343769326806068420e-02,-7.165279984474182129e-01,6.950127482414245605e-01,1.698377132415771484e-01,1.994262635707855225e-01,1.103132292628288269e-01,5.431804805994033813e-02,5.235999822616577148e-01,-2.617999911308288574e-01,1.662187576293945312e-01,-2.098100036382675171e-01,-5.394002795219421387e-02,1.129844337701797485e-01,4.506934583187103271e-01,2.088474333286285400e-01,2.777525968849658966e-02,4.842908121645450592e-03,-2.912104688584804535e-02,-1.594206690788269043e+00,1.289610981941223145e+00,4.590536952018737793e-01,1.134087562561035156e+00,-1.548269987106323242e-01,-2.845490276813507080e-01,-7.731801271438598633e-02,-1.717801690101623535e+00,-1.315136551856994629e+00,-5.150789618492126465e-01,1.125233292579650879e+00,2.295103967189788818e-01,-1.446884870529174805e-01,-1.562179028987884521e-01
-3.393063321709632874e-02,-2.384938955307006836e+00,9.557728171348571777e-01,-3.721621260046958923e-02,-4.131291806697845459e-02,-7.156669497489929199e-01,6.962248682975769043e-01,1.514752358198165894e-01,1.654831022024154663e-01,9.155444055795669556e-02,3.590906038880348206e-02,5.218482613563537598e-01,-2.617999911308288574e-01,1.461000740528106689e-01,-1.870038658380508423e-01,-5.248900875449180603e-02,1.105860769748687744e-01,3.976754546165466309e-01,2.617999911308288574e-01,2.217167243361473083e-02,1.131479439209215343e-04,-2.404546178877353668e-02,-1.445034980773925781e+00,1.341387748718261719e+00,5.950797200202941895e-01,1.143581986427307129e+00,-1.560277342796325684e-01,-2.748109400272369385e-01,-9.895168989896774292e-02,-1.532503724098205566e+00,-1.394400477409362793e+00,-6.273211836814880371e-01,1.136750578880310059e+00,2.220711261034011841e-01,-1.386741995811462402e-01,-1.643625497817993164e-01
-3.498277068138122559e-02,-2.386784076690673828e+00,9.590572714805603027e-01,-3.559745475649833679e-02,-3.885005787014961243e-02,-7.145535945892333984e-01,6.975934505462646484e-01,1.336558908224105835e-01,1.420444548130035400e-01,8.246664702892303467e-02,2.526786737143993378e-02,5.146661996841430664e-01,-2.617999911308288574e-01,1.339615285396575928e-01,-1.595670133829116821e-01,-5.678517371416091919e-02,1.015810519456863403e-01,3.292526900768280029e-01,2.617999911308288574e-01,1.703391782939434052e-02,-6.379120168276131153e-04,-1.619128696620464325e-02,-1.262304902076721191e+00,1.380686283111572266e+00,7.605304718017578125e-01,1.152592539787292480e+00,-1.764546930789947510e-01,-2.554476559162139893e-01,-9.067206084728240967e-02,-1.309146404266357422e+00,-1.449573993682861328e+00,-7.790414690971374512e-01,1.149992823600769043e+00,2.135159671306610107e-01,-1.346618980169296265e-01,-1.706779599189758301e-01
-3.609225526452064514e-02,-2.388886213302612305e+00,9.587688446044921875e-01,-3.569636866450309753e-02,-3.753810375928878784e-02,-7.124760150909423828e-01,6.997818350791931152e-01,1.197551488876342773e-01,1.243090778589248657e-01,7.578898966312408447e-02,2.190720476210117340e-02,4.913166463375091553e-01,-2.617999911308288574e-01,1.277731657028198242e-01,-1.315219998359680176e-01,-4.801698401570320129e-02,9.120905399322509766e-02,2.682652771472930908e-01,2.617999911308288574e-01,8.935464546084403992e-03,-9.688162244856357574e-04,-9.288570843636989594e-03,-1.059484958648681641e+00,1.379918098449707031e+00,9.430558085441589355e-01,1.151638507843017578e+00,-1.793336123228073120e-01,-2.658963203430175781e-01,-7.432842254638671875e-02,-1.065996646881103516e+00,-1.459481000900268555e+00,-9.691985845565795898e-01,1.157678604125976562e+00,2.186391055583953857e-01,-1.287280917167663574e-01,-1.754672527313232422e-01
-3.717219457030296326e-02,-2.391209363937377930e+00,9.553220868110656738e-01,-3.709509223699569702e-02,-3.678188100457191467e-02,-7.104680538177490234e-01,7.017878293991088867e-01,1.112025156617164612e-01,1.115705519914627075e-01,7.357538491487503052e-02,2.107103168964385986e-02,4.539657533168792725e-01,-2.617999911308288574e-01,1.218672320246696472e-01,-1.074358373880386353e-01,-4.803650453686714172e-02,8.325831592082977295e-02,2.283468544483184814e-01,2.617999911308288574e-01,-2.189160877605900168e-04,9.953787957783788443e-05,-5.423933267593383789e-03,-8.728505969047546387e-01,1.352219700813293457e+00,1.111051917076110840e+00,1.149618148803710938e+00,-1.709104031324386597e-01,-2.761254012584686279e-01,-8.337032794952392578e-02,-8.440371751785278320e-01,-1.427875757217407227e+00,-1.146258831024169922e+00,1.155955672264099121e+00,2.137391120195388794e-01,-1.392950564622879028e-01,-1.633639782667160034e-01
-3.800651058554649353e-02,-2.393540143966674805e+00,9.488881826400756836e-01,-3.922815620899200439e-02,-3.671821579337120056e-02,-7.097606062889099121e-01,7.023907899856567383e-01,1.080238148570060730e-01,1.022940352559089661e-01,8.304186910390853882e-02,2.311987988650798798e-02,4.112990200519561768e-01,-2.617999911308288574e-01,1.156014204025268555e-01,-8.900135010480880737e-02,-7.226751744747161865e-02,7.795858383178710938e-02,2.308031767606735229e-01,2.617999911308288574e-01,-7.564910221844911575e-03,1.833519781939685345e-03,-3.690761979669332504e-03,-7.103028893470764160e-01,1.305965900421142578e+00,1.249663114547729492e+00,1.154243946075439453e+00,-1.731551140546798706e-01,-2.778998017311096191e-01,-7.998019456863403320e-02,-6.898906230926513672e-01,-1.375724554061889648e+00,-1.270014405250549316e+00,1.161051869392395020e+00,2.152954041957855225e-01,-1.380757838487625122e-01,-1.648577004671096802e-01
-3.856690600514411926e-02,-2.395596981048583984e+00,9.396581649780273438e-01,-4.081240296363830566e-02,-3.675501048564910889e-02,-7.096346020698547363e-01,7.024258971214294434e-01,1.049340292811393738e-01,9.286555647850036621e-02,9.764501452445983887e-02,3.066129237413406372e-02,3.677843213081359863e-01,-2.617999911308288574e-01,1.082322075963020325e-01,-7.452771067619323730e-02,-9.486597031354904175e-02,7.936550676822662354e-02,2.408001869916915894e-01,2.617999911308288574e-01,-1.506572030484676361e-02,3.795700380578637123e-03,-3.253213828429579735e-03,-5.737499594688415527e-01,1.245200991630554199e+00,1.360659480094909668e+00,1.164804577827453613e+00,-1.738105267286300659e-01,-2.861467301845550537e-01,-8.747173100709915161e-02,-5.814490914344787598e-01,-1.310961365699768066e+00,-1.357214093208312988e+00,1.170213937759399414e+00,2.014193683862686157e-01,-1.407934278249740601e-01,-1.607053428888320923e-01
-3.875999897718429565e-02,-2.397675991058349609e+00,9.272738099098205566e-01,-4.108052700757980347e-02,-3.790682181715965271e-02,-7.101339101791381836e-01,7.018442153930664062e-01,1.009050756692886353e-01,7.812140882015228271e-02,1.099588423967361450e-01,4.424708336591720581e-02,3.165921270847320557e-01,-2.506819367408752441e-01,1.006050482392311096e-01,-6.630679219961166382e-02,-1.018482968211174011e-01,8.674559742212295532e-02,2.341635376214981079e-01,2.617999911308288574e-01,-2.070533297955989838e-02,3.315781941637396812e-03,-4.918508697301149368e-03,-4.649255275726318359e-01,1.167649149894714355e+00,1.450665354728698730e+00,1.176702260971069336e+00,-1.735736578702926636e-01,-2.972492277622222900e-01,-9.862631559371948242e-02,-4.954255819320678711e-01,-1.238208770751953125e+00,-1.406362533569335938e+00,1.178904056549072266e+00,2.041916847229003906e-01,-1.415827870368957520e-01,-1.679015010595321655e-01
-3.907472640275955200e-02,-2.399535655975341797e+00,9.118530154228210449e-01,-4.173525422811508179e-02,-3.960436582565307617e-02,-7.120352983474731445e-01,6.997824311256408691e-01,9.285327047109603882e-02,6.608475744724273682e-02,1.167935505509376526e-01,6.262123584747314453e-02,3.255304694175720215e-01,-2.609426081180572510e-01,8.866333216428756714e-02,-6.129685044288635254e-02,-1.080954521894454956e-01,1.059190034866333008e-01,2.428676933050155640e-01,2.615142166614532471e-01,-2.416337281465530396e-02,2.101888181641697884e-03,-2.979314653202891350e-03,-3.759618103504180908e-01,1.080420374870300293e+00,1.518507480621337891e+00,1.188822865486145020e+00,-1.743604391813278198e-01,-3.127904534339904785e-01,-1.106807366013526917e-01,-4.338040053844451904e-01,-1.152773857116699219e+00,-1.448795080184936523e+00,1.185845017433166504e+00,2.038631737232208252e-01,-1.504972428083419800e-01,-1.720785349607467651e-01
-3.986060619354248047e-02,-2.401142120361328125e+00,8.938759565353393555e-01,-4.169210046529769897e-02,-4.040822759270668030e-02,-7.150045037269592285e-01,6.967047452926635742e-01,8.128678053617477417e-02,5.873464420437812805e-02,1.202304437756538391e-01,8.402888476848602295e-02,3.241460919380187988e-01,-2.617999911308288574e-01,7.838047295808792114e-02,-5.422567203640937805e-02,-1.193889677524566650e-01,1.308248937129974365e-01,1.896731108427047729e-01,2.364565134048461914e-01,-2.466115914285182953e-02,6.909943185746669769e-04,1.055349202943034470e-04,-2.993578314781188965e-01,9.870584607124328613e-01,1.562758207321166992e+00,1.194760441780090332e+00,-1.810618340969085693e-01,-3.204105198383331299e-01,-1.282421350479125977e-01,-3.871621489524841309e-01,-1.057512283325195312e+00,-1.484735250473022461e+00,1.188419818878173828e+00,2.036508321762084961e-01,-1.713570505380630493e-01,-1.652476042509078979e-01
-4.100892320275306702e-02,-2.401758432388305664e+00,8.732624053955078125e-01,-4.321999102830886841e-02,-3.911400958895683289e-02,-7.176565527915954590e-01,6.939533352851867676e-01,7.647679746150970459e-02,6.053143367171287537e-02,1.442257910966873169e-01,1.236872747540473938e-01,1.481562852859497070e-01,-1.845701783895492554e-01,7.479804754257202148e-02,-3.522070124745368958e-02,-1.371682286262512207e-01,1.804615855216979980e-01,-1.405156776309013367e-02,1.105477735400199890e-01,-2.570836432278156281e-02,3.667619079351425171e-03,5.383169278502464294e-03,-2.584534585475921631e-01,8.837777972221374512e-01,1.609510779380798340e+00,1.198850750923156738e+00,-1.797753125429153442e-01,-3.384668529033660889e-01,-1.406810581684112549e-01,-3.531611859798431396e-01,-9.535759091377258301e-01,-1.504609942436218262e+00,1.183192372322082520e+00,2.008213847875595093e-01,-1.880335509777069092e-01,-1.614768505096435547e-01
-4.178071394562721252e-02,-2.402357578277587891e+00,8.502614498138427734e-01,-4.690353199839591980e-02,-4.224666580557823181e-02,-7.192062139511108398e-01,6.919232010841369629e-01,7.233875244855880737e-02,5.585129559040069580e-02,1.653584390878677368e-01,2.071936726570129395e-01,-4.856487363576889038e-02,-9.108998626470565796e-02,6.396852433681488037e-02,-2.604472637176513672e-02,-1.454424560070037842e-01,2.675062716007232666e-01,-1.793749034404754639e-01,3.307573869824409485e-02,-2.774250134825706482e-02,2.122750971466302872e-03,2.851236984133720398e-02,-2.307496815919876099e-01,7.762917280197143555e-01,1.644618272781372070e+00,1.200248003005981445e+00,-1.698864400386810303e-01,-3.611271083354949951e-01,-1.441086679697036743e-01,-3.209230005741119385e-01,-8.498779535293579102e-01,-1.513051986694335938e+00,1.178614139556884766e+00,1.972693949937820435e-01,-1.936456263065338135e-01,-1.546601802110671997e-01
-4.241643100976943970e-02,-2.403610706329345703e+00,8.254990577697753906e-01,-5.463870614767074585e-02,-4.793379828333854675e-02,-7.202858924865722656e-01,6.898588538169860840e-01,6.043745204806327820e-02,5.796787515282630920e-02,1.777593642473220825e-01,3.176231980323791504e-01,-1.828507781028747559e-01,-4.326551780104637146e-02,4.710715636610984802e-02,-2.157944254577159882e-02,-1.449873596429824829e-01,3.839424550533294678e-01,-3.025829493999481201e-01,-5.761494394391775131e-03,-3.243982791900634766e-02,2.418992662569507957e-04,6.742827594280242920e-02,-1.931518316268920898e-01,6.570909619331359863e-01,1.643531322479248047e+00,1.186331987380981445e+00,-1.201679185032844543e-01,-4.245149493217468262e-01,-1.767983436584472656e-01,-2.962500154972076416e-01,-7.429760694503784180e-01,-1.498156428337097168e+00,1.173974037170410156e+00,1.722692847251892090e-01,-2.127864062786102295e-01,-1.325300037860870361e-01
-4.353199899196624756e-02,-2.404321432113647461e+00,8.000711798667907715e-01,-6.294354051351547241e-02,-5.575646832585334778e-02,-7.200520038604736328e-01,6.888065338134765625e-01,4.637828841805458069e-02,6.102839857339859009e-02,1.855096817016601562e-01,4.338114559650421143e-01,-2.908307611942291260e-01,-7.743588648736476898e-03,3.741712495684623718e-02,-1.697013713419437408e-02,-1.446445137262344360e-01,4.914089739322662354e-01,-4.062792956829071045e-01,-4.670360684394836426e-02,-3.780463710427284241e-02,-4.689422203227877617e-04,1.062605828046798706e-01,-1.942220330238342285e-01,5.442087650299072266e-01,1.700333714485168457e+00,1.204099655151367188e+00,-1.424081325531005859e-01,-3.953468799591064453e-01,-1.723619103431701660e-01,-2.707945406436920166e-01,-6.244369149208068848e-01,-1.467411041259765625e+00,1.162420511245727539e+00,1.075060144066810608e-01,-2.587948143482208252e-01,-7.515490055084228516e-02
-4.436172172427177429e-02,-2.405373096466064453e+00,7.778910994529724121e-01,-7.323493063449859619e-02,-6.507046520709991455e-02,-7.193359136581420898e-01,6.877196431159973145e-01,2.918453328311443329e-02,7.032623887062072754e-02,1.775671839714050293e-01,5.648640394210815430e-01,-3.793778419494628906e-01,-5.453264806419610977e-03,2.741653285920619965e-02,-1.405141782015562057e-02,-1.409634351730346680e-01,6.053885221481323242e-01,-4.936795830726623535e-01,-7.367677986621856689e-02,-4.420586302876472473e-02,-6.451212335377931595e-03,1.505476534366607666e-01,-1.819117814302444458e-01,4.279163181781768799e-01,1.711282610893249512e+00,1.205011725425720215e+00,-1.757352501153945923e-01,-3.632810711860656738e-01,-1.744613051414489746e-01,-2.586720585823059082e-01,-5.031517148017883301e-01,-1.445367574691772461e+00,1.157069206237792969e+00,6.622585654258728027e-02,-2.831563949584960938e-01,-1.029212400317192078e-01
-4.486429691314697266e-02,-2.404365777969360352e+00,7.600427865982055664e-01,-8.639270812273025513e-02,-7.690596580505371094e-02,-7.177315950393676758e-01,6.866463422775268555e-01,-1.224180776625871658e-02,8.169137686491012573e-02,1.642460525035858154e-01,7.310080528259277344e-01,-4.346227943897247314e-01,-1.134766824543476105e-02,-6.787844467908143997e-03,-1.178993005305528641e-02,-1.300380825996398926e-01,7.591455578804016113e-01,-5.610257387161254883e-01,-8.845420181751251221e-02,-4.754036292433738708e-02,-9.044444188475608826e-03,2.035430669784545898e-01,-1.753250956535339355e-01,3.036577105522155762e-01,1.706707596778869629e+00,1.201981902122497559e+00,-1.771654486656188965e-01,-3.302501738071441650e-01,-1.578246504068374634e-01,-2.714653909206390381e-01,-3.777925074100494385e-01,-1.504133939743041992e+00,1.162976622581481934e+00,8.102226257324218750e-02,-2.484179139137268066e-01,-1.062164902687072754e-01
-4.552842676639556885e-02,-2.405601978302001953e+00,7.451087236404418945e-01,-9.020294249057769775e-02,-7.879531383514404297e-02,-7.171388864517211914e-01,6.865613460540771484e-01,-6.574838608503341675e-02,9.084061533212661743e-02,1.548213362693786621e-01,8.691009283065795898e-01,-4.987891614437103271e-01,4.311800003051757812e-03,-4.984872788190841675e-02,-5.157907959073781967e-03,-1.214454919099807739e-01,8.798573613166809082e-01,-6.263030171394348145e-01,-1.078574955463409424e-01,-4.775641486048698425e-02,-1.042009796947240829e-02,2.264115065336227417e-01,-1.551003158092498779e-01,1.779014915227890015e-01,1.687826871871948242e+00,1.190021157264709473e+00,-1.737158298492431641e-01,-2.914809584617614746e-01,-1.329016089439392090e-01,-2.438820451498031616e-01,-2.655201852321624756e-01,-1.477070569992065430e+00,1.160595774650573730e+00,1.275509595870971680e-01,-1.964373588562011719e-01,-9.976433217525482178e-02
-4.679291322827339172e-02,-2.410092830657958984e+00,7.311746478080749512e-01,-9.002568572759628296e-02,-7.852872461080551147e-02,-7.155430912971496582e-01,6.882780790328979492e-01,-9.478439390659332275e-02,1.003471091389656067e-01,1.548761278390884399e-01,9.578468203544616699e-01,-5.628333091735839844e-01,1.224454306066036224e-02,-7.605415582656860352e-02,-4.575517028570175171e-03,-1.228977069258689880e-01,9.654319882392883301e-01,-6.865039467811584473e-01,-1.196549609303474426e-01,-5.198472365736961365e-02,-1.455259229987859726e-02,2.446245104074478149e-01,-1.011828109622001648e-01,4.589453712105751038e-02,1.584753394126892090e+00,1.148435831069946289e+00,-1.161788180470466614e-01,-3.333981931209564209e-01,-1.161574199795722961e-01,-2.052939683198928833e-01,-1.499507725238800049e-01,-1.436540484428405762e+00,1.146414160728454590e+00,1.526542603969573975e-01,-1.700000762939453125e-01,-9.376342594623565674e-02
-4.831189289689064026e-02,-2.415857076644897461e+00,7.160554528236389160e-01,-9.181924909353256226e-02,-8.108642697334289551e-02,-7.148968577384948730e-01,6.884160637855529785e-01,-1.120804324746131897e-01,1.088587492704391479e-01,1.535964906215667725e-01,1.044855237007141113e+00,-6.290367245674133301e-01,8.160021156072616577e-03,-9.067773073911666870e-02,-8.132684975862503052e-03,-1.292327195405960083e-01,1.049668550491333008e+00,-7.541227936744689941e-01,-1.287508159875869751e-01,-5.717949196696281433e-02,-2.667510323226451874e-02,2.766107022762298584e-01,3.876074682921171188e-03,-8.996313810348510742e-02,1.426235079765319824e+00,1.069254755973815918e+00,2.549108862876892090e-01,-5.780298709869384766e-01,-1.544184796512126923e-02,-1.664709895849227905e-01,-4.083761945366859436e-02,-1.369535923004150391e+00,1.114835143089294434e+00,1.667141765356063843e-01,-1.358517557382583618e-01,-9.958112239837646484e-02
-4.890801012516021729e-02,-2.418348789215087891e+00,7.044601440429687500e-01,-9.387228637933731079e-02,-8.422031253576278687e-02,-7.143783569335937500e-01,6.883011460304260254e-01,-1.268966794013977051e-01,1.166096329689025879e-01,1.566125452518463135e-01,1.113298773765563965e+00,-6.720019578933715820e-01,3.924164455384016037e-03,-1.009393706917762756e-01,-1.423755846917629242e-02,-1.330942064523696899e-01,1.111773848533630371e+00,-8.028566837310791016e-01,-1.282714903354644775e-01,-6.096149608492851257e-02,-2.896784618496894836e-02,2.979855835437774658e-01,3.764525428414344788e-02,-1.635765284299850464e-01,1.393071770668029785e+00,1.035497307777404785e+00,5.024291276931762695e-01,-6.273047924041748047e-01,1.249893158674240112e-01,-1.375415325164794922e-01,3.564919531345367432e-02,-1.310369133949279785e+00,1.092222571372985840e+00,1.685917526483535767e-01,-9.991901367902755737e-02,-1.020527631044387817e-01
-4.857857152819633484e-02,-2.419408082962036133e+00,6.959348320960998535e-01,-9.514342248439788818e-02,-8.588869124650955200e-02,-7.136684656143188477e-01,6.886568069458007812e-01,-1.434550285339355469e-01,1.259582489728927612e-01,1.641899049282073975e-01,1.169193387031555176e+00,-7.028634548187255859e-01,6.154542788863182068e-03,-1.133910045027732849e-01,-2.313277125358581543e-02,-1.390392780303955078e-01,1.161267042160034180e+00,-8.344785571098327637e-01,-1.240157485008239746e-01,-6.023993343114852905e-02,-2.646866068243980408e-02,3.106541633605957031e-01,3.967473283410072327e-02,-2.177059948444366455e-01,1.364884257316589355e+00,1.014920353889465332e+00,5.955801606178283691e-01,-6.274801492691040039e-01,1.901533901691436768e-01,-1.189238131046295166e-01,8.439419418573379517e-02,-1.273124217987060547e+00,1.073411464691162109e+00,1.670519411563873291e-01,-7.709013670682907104e-02,-1.036220788955688477e-01
-4.716946184635162354e-02,-2.419609546661376953e+00,6.918522119522094727e-01,-9.457704424858093262e-02,-8.469408005475997925e-02,-7.137961387634277344e-01,6.887504458427429199e-01,-1.583019495010375977e-01,1.310313642024993896e-01,1.698317229747772217e-01,1.200241446495056152e+00,-7.249166965484619141e-01,1.255142875015735626e-02,-1.277576982975006104e-01,-2.966363914310932159e-02,-1.417257040739059448e-01,1.191026568412780762e+00,-8.502309322357177734e-01,-1.213059574365615845e-01,-5.227013304829597473e-02,-1.895583793520927429e-02,3.158552050590515137e-01,2.303770743310451508e-02,-2.401920706033706665e-01,1.338876366615295410e+00,1.011526823043823242e+00,6.475542783737182617e-01,-5.924268960952758789e-01,2.255216687917709351e-01,-1.096219941973686218e-01,1.000552028417587280e-01,-1.252206206321716309e+00,1.060573935508728027e+00,1.653791069984436035e-01,-6.052018702030181885e-02,-1.061841100454330444e-01
-4.537792503833770752e-02,-2.419298887252807617e+00,6.939225792884826660e-01,-9.074255824089050293e-02,-8.070716261863708496e-02,-7.154836654663085938e-01,6.879936456680297852e-01,-1.671473383903503418e-01,1.316349804401397705e-01,1.764180660247802734e-01,1.196067690849304199e+00,-7.291780114173889160e-01,1.112663187086582184e-02,-1.412217020988464355e-01,-3.514678403735160828e-02,-1.411242187023162842e-01,1.189963817596435547e+00,-8.479652404785156250e-01,-1.149434149265289307e-01,-3.727282211184501648e-02,-9.465560317039489746e-03,3.093102872371673584e-01,-5.232457537204027176e-03,-2.283708155155181885e-01,1.324232101440429688e+00,1.016703844070434570e+00,6.207590699195861816e-01,-5.317644476890563965e-01,2.093948721885681152e-01,-1.054484546184539795e-01,8.144785463809967041e-02,-1.238872885704040527e+00,1.057011246681213379e+00,1.657273918390274048e-01,-4.741929844021797180e-02,-1.065756902098655701e-01
-4.294597730040550232e-02,-2.419182300567626953e+00,7.020084261894226074e-01,-8.499477058649063110e-02,-7.551462203264236450e-02,-7.179749011993408203e-01,6.867207884788513184e-01,-1.651961356401443481e-01,1.277993470430374146e-01,1.847893446683883667e-01,1.155428528785705566e+00,-7.111319899559020996e-01,6.538796005770564079e-04,-1.478323936462402344e-01,-3.952534496784210205e-02,-1.365424394607543945e-01,1.157331466674804688e+00,-8.266052007675170898e-01,-1.017382070422172546e-01,-1.975532993674278259e-02,1.147361239418387413e-03,2.874467670917510986e-01,-6.563366204500198364e-02,-1.853571683168411255e-01,1.386755466461181641e+00,1.036195158958435059e+00,4.665823280811309814e-01,-4.242618978023529053e-01,1.310204118490219116e-01,-1.081752628087997437e-01,3.398835286498069763e-02,-1.244705677032470703e+00,1.061312913894653320e+00,1.662517338991165161e-01,-4.196949303150177002e-02,-1.074068769812583923e-01
-4.178002104163169861e-02,-2.420214176177978516e+00,7.157737612724304199e-01,-7.699654996395111084e-02,-7.022514939308166504e-02,-7.207945585250854492e-01,6.852701306343078613e-01,-1.501518636941909790e-01,1.205684244632720947e-01,1.952159106731414795e-01,1.077948808670043945e+00,-6.706771254539489746e-01,-8.461881428956985474e-03,-1.429624259471893311e-01,-4.221097007393836975e-02,-1.309041380882263184e-01,1.092193603515625000e+00,-7.851613759994506836e-01,-9.159784018993377686e-02,-1.169008016586303711e-02,7.314404472708702087e-03,2.573102116584777832e-01,-1.022424921393394470e-01,-8.603383600711822510e-02,1.445688009262084961e+00,1.057358622550964355e+00,2.122421562671661377e-01,-2.735849618911743164e-01,1.681308634579181671e-02,-1.211130023002624512e-01,-2.914758957922458649e-02,-1.263978004455566406e+00,1.066407561302185059e+00,1.678708493709564209e-01,-4.206440225243568420e-02,-1.164133325219154358e-01
-4.185448214411735535e-02,-2.421392679214477539e+00,7.341923713684082031e-01,-6.776953488588333130e-02,-6.464494019746780396e-02,-7.226594686508178711e-01,6.848295927047729492e-01,-1.280838847160339355e-01,1.109196245670318604e-01,2.055469751358032227e-01,9.744587540626525879e-01,-6.074835658073425293e-01,-1.794144883751869202e-02,-1.287275403738021851e-01,-4.482519626617431641e-02,-1.302336901426315308e-01,1.000925540924072266e+00,-7.224234938621520996e-01,-8.355347812175750732e-02,-9.615305811166763306e-03,7.525672204792499542e-03,2.221380621194839478e-01,-1.121551990509033203e-01,2.122390270233154297e-02,1.468342423439025879e+00,1.066503047943115234e+00,5.666138604283332825e-02,-1.958529949188232422e-01,-4.405522346496582031e-02,-1.436665058135986328e-01,-9.943269938230514526e-02,-1.303959369659423828e+00,1.065954446792602539e+00,1.764939874410629272e-01,-4.455839842557907104e-02,-1.254136115312576294e-01
-4.129030182957649231e-02,-2.422863960266113281e+00,7.568171620368957520e-01,-5.830907821655273438e-02,-5.809354782104492188e-02,-7.235487699508666992e-01,6.853483915328979492e-01,-9.892687946557998657e-02,9.830794483423233032e-02,2.156608402729034424e-01,8.481418490409851074e-01,-5.247734189033508301e-01,-3.061432577669620514e-02,-1.040616407990455627e-01,-4.764189943671226501e-02,-1.340229362249374390e-01,8.827103972434997559e-01,-6.413220763206481934e-01,-7.067890465259552002e-02,-1.152000948786735535e-02,8.080757223069667816e-03,1.780575662851333618e-01,-1.197511628270149231e-01,1.337872743606567383e-01,1.495036244392395020e+00,1.078061819076538086e+00,-2.671351656317710876e-02,-1.613638997077941895e-01,-6.353349238634109497e-02,-1.732764542102813721e-01,-1.825411915779113770e-01,-1.353229999542236328e+00,1.066884756088256836e+00,1.876643896102905273e-01,-5.279141664505004883e-02,-1.389488428831100464e-01
-4.080232605338096619e-02,-2.424011230468750000e+00,7.828042507171630859e-01,-4.867169633507728577e-02,-5.146419256925582886e-02,-7.236647009849548340e-01,6.865070462226867676e-01,-6.714902073144912720e-02,8.419018983840942383e-02,2.234834879636764526e-01,7.088114619255065918e-01,-4.161641299724578857e-01,-4.908413812518119812e-02,-6.979872286319732666e-02,-4.896294698119163513e-02,-1.406926363706588745e-01,7.401438951492309570e-01,-5.391731858253479004e-01,-5.743549764156341553e-02,-1.339632552117109299e-02,6.135598290711641312e-03,1.303418129682540894e-01,-1.304348409175872803e-01,2.535108029842376709e-01,1.515392899513244629e+00,1.092100143432617188e+00,-7.289865612983703613e-02,-1.458120942115783691e-01,-6.337041407823562622e-02,-2.077743858098983765e-01,-2.760630249977111816e-01,-1.394489169120788574e+00,1.072569966316223145e+00,1.972530484199523926e-01,-6.167745962738990784e-02,-1.549848765134811401e-01
-4.016897082328796387e-02,-2.424283266067504883e+00,8.110523223876953125e-01,-4.142116755247116089e-02,-4.623556509613990784e-02,-7.230860590934753418e-01,6.879630088806152344e-01,-3.739389032125473022e-02,7.269292324781417847e-02,2.238321155309677124e-01,5.737776756286621094e-01,-2.790398299694061279e-01,-7.524058222770690918e-02,-3.505299612879753113e-02,-5.001177638769149780e-02,-1.428203582763671875e-01,6.009700298309326172e-01,-4.060419797897338867e-01,-3.302834928035736084e-02,-1.639164611697196960e-02,5.603464785963296890e-03,8.849107474088668823e-02,-1.515527814626693726e-01,3.767740428447723389e-01,1.538032889366149902e+00,1.107474327087402344e+00,-1.003279313445091248e-01,-1.408892422914505005e-01,-5.346196889877319336e-02,-2.507389187812805176e-01,-3.752863407135009766e-01,-1.429598569869995117e+00,1.078515529632568359e+00,2.029248774051666260e-01,-7.309870421886444092e-02,-1.700009405612945557e-01
-3.953653201460838318e-02,-2.424049854278564453e+00,8.408303856849670410e-01,-3.698107227683067322e-02,-4.225879907608032227e-02,-7.216117382049560547e-01,6.900167465209960938e-01,-7.232410833239555359e-03,6.544095277786254883e-02,2.169614881277084351e-01,4.356975257396697998e-01,-1.395729929208755493e-01,-1.055165752768516541e-01,-1.207056804560124874e-03,-5.183637142181396484e-02,-1.417031884193420410e-01,4.651475250720977783e-01,-2.712624669075012207e-01,6.582592613995075226e-03,-1.947446539998054504e-02,6.352883763611316681e-03,5.512848868966102600e-02,-1.868776828050613403e-01,5.018756985664367676e-01,1.556822657585144043e+00,1.125961542129516602e+00,-1.234122812747955322e-01,-1.433621644973754883e-01,-3.784897923469543457e-02,-2.979001402854919434e-01,-4.805260598659515381e-01,-1.444748282432556152e+00,1.087213039398193359e+00,2.002012431621551514e-01,-9.228116273880004883e-02,-1.880421936511993408e-01
-3.892960399389266968e-02,-2.421866416931152344e+00,8.694015145301818848e-01,-3.357901051640510559e-02,-3.900334984064102173e-02,-7.198348045349121094e-01,6.922348737716674805e-01,1.407716795802116394e-02,6.525438278913497925e-02,2.032470703125000000e-01,3.074258565902709961e-01,1.127015426754951477e-02,-1.630102992057800293e-01,2.132082916796207428e-02,-5.765330418944358826e-02,-1.387413144111633301e-01,3.398591279983520508e-01,-1.361378729343414307e-01,6.090244650840759277e-02,-1.839267648756504059e-02,7.110491860657930374e-03,2.969172969460487366e-02,-2.461780756711959839e-01,6.234346628189086914e-01,1.569848656654357910e+00,1.144525647163391113e+00,-1.429730802774429321e-01,-1.544223427772521973e-01,-2.674000896513462067e-02,-3.602815270423889160e-01,-5.879875421524047852e-01,-1.467832565307617188e+00,1.098196625709533691e+00,2.012603133916854858e-01,-1.139464229345321655e-01,-1.963416486978530884e-01
-3.787465021014213562e-02,-2.419369220733642578e+00,8.945895433425903320e-01,-3.136852383613586426e-02,-3.710243105888366699e-02,-7.169209122657775879e-01,6.954594254493713379e-01,2.857839502394199371e-02,7.170907407999038696e-02,1.862766444683074951e-01,2.098484188318252563e-01,1.889560073614120483e-01,-2.617595791816711426e-01,3.299372270703315735e-02,-7.180334627628326416e-02,-1.263933330774307251e-01,2.443482130765914917e-01,2.849205397069454193e-02,1.366139501333236694e-01,-1.692049391567707062e-02,7.036472205072641373e-03,1.512894406914710999e-02,-3.187348544597625732e-01,7.391638755798339844e-01,1.556473612785339355e+00,1.159478306770324707e+00,-1.577056497335433960e-01,-1.669292449951171875e-01,-2.425689809024333954e-02,-4.271311461925506592e-01,-6.998698711395263672e-01,-1.479343891143798828e+00,1.109329104423522949e+00,2.052661031484603882e-01,-1.340619921684265137e-01,-1.986762732267379761e-01
-3.604821115732192993e-02,-2.417306423187255859e+00,9.162583351135253906e-01,-2.635072544217109680e-02,-3.508709743618965149e-02,-7.114010453224182129e-01,7.014150619506835938e-01,3.727402910590171814e-02,7.001193612813949585e-02,1.786971986293792725e-01,1.255576610565185547e-01,3.594356179237365723e-01,-2.617999911308288574e-01,4.128300026059150696e-02,-9.827626496553421021e-02,-1.047774106264114380e-01,1.650670319795608521e-01,2.129454910755157471e-01,2.580844461917877197e-01,-2.081423252820968628e-02,3.679004032164812088e-03,1.180388353532180190e-04,-4.077083170413970947e-01,8.438845276832580566e-01,1.518918633460998535e+00,1.169094920158386230e+00,-1.644175648689270020e-01,-1.780039072036743164e-01,-2.992770262062549591e-02,-4.928562343120574951e-01,-8.162600994110107422e-01,-1.461781620979309082e+00,1.122136473655700684e+00,2.082404941320419312e-01,-1.416436433792114258e-01,-1.988893747329711914e-01
-3.557500243186950684e-02,-2.415329456329345703e+00,9.343129396438598633e-01,-2.035223133862018585e-02,-3.076396696269512177e-02,-7.087671160697937012e-01,7.044774889945983887e-01,4.509378224611282349e-02,7.446575909852981567e-02,1.657776087522506714e-01,5.240974947810173035e-02,4.538877606391906738e-01,-2.617999911308288574e-01,4.778347536921501160e-02,-1.141510680317878723e-01,-8.280857652425765991e-02,9.355400502681732178e-02,3.603788912296295166e-01,2.617999911308288574e-01,-1.855785772204399109e-02,-4.333469842094928026e-04,-1.558560132980346680e-02,-5.100240707397460938e-01,9.424294233322143555e-01,1.458944082260131836e+00,1.172422528266906738e+00,-1.656592041254043579e-01,-1.868897080421447754e-01,-3.953383117914199829e-02,-5.660137534141540527e-01,-9.246892333030700684e-01,-1.419029831886291504e+00,1.136204481124877930e+00,1.906256228685379028e-01,-1.210695058107376099e-01,-2.152806222438812256e-01
-3.498003631830215454e-02,-2.413709163665771484e+00,9.482727050781250000e-01,-1.630606316030025482e-02,-2.524857968091964722e-02,-7.094987630844116211e-01,7.040654420852661133e-01,5.011567845940589905e-02,8.962609618902206421e-02,1.531843394041061401e-01,8.301174268126487732e-03,4.749908447265625000e-01,-2.617999911308288574e-01,5.685803666710853577e-02,-1.291813254356384277e-01,-6.690272688865661621e-02,3.896791860461235046e-02,3.964980840682983398e-01,2.617999911308288574e-01,-1.044209301471710205e-02,3.882551682181656361e-04,-2.606367878615856171e-02,-6.220409274101257324e-01,1.029561996459960938e+00,1.381556749343872070e+00,1.169479370117187500e+00,-1.620469689369201660e-01,-1.946979463100433350e-01,-4.981820285320281982e-02,-6.546895503997802734e-01,-1.024321913719177246e+00,-1.356245994567871094e+00,1.142846703529357910e+00,1.554162800312042236e-01,-8.705942332744598389e-02,-2.382637262344360352e-01
-3.427579253911972046e-02,-2.412154197692871094e+00,9.583449959754943848e-01,-1.553423237055540085e-02,-2.222893759608268738e-02,-7.113204598426818848e-01,7.023444771766662598e-01,5.494499579071998596e-02,1.120092794299125671e-01,1.508782953023910522e-01,-6.026055198162794113e-03,4.693338274955749512e-01,-2.617999911308288574e-01,6.432607024908065796e-02,-1.479804068803787231e-01,-6.427519768476486206e-02,2.062609605491161346e-02,3.761535286903381348e-01,2.617999911308288574e-01,-2.321561332792043686e-03,2.576193073764443398e-03,-2.844611927866935730e-02,-7.461688518524169922e-01,1.102455973625183105e+00,1.285394668579101562e+00,1.160790324211120605e+00,-1.567241251468658447e-01,-2.010672092437744141e-01,-5.905613303184509277e-02,-7.647403478622436523e-01,-1.109324693679809570e+00,-1.266469955444335938e+00,1.143453359603881836e+00,1.022136509418487549e-01,-5.015103891491889954e-02,-2.598338127136230469e-01
-3.350195288658142090e-02,-2.410490036010742188e+00,9.652981162071228027e-01,-1.661037281155586243e-02,-2.232735417783260345e-02,-7.119506001472473145e-01,7.016779780387878418e-01,5.950877070426940918e-02,1.363130658864974976e-01,1.578576862812042236e-01,-2.949687186628580093e-03,4.705347716808319092e-01,-2.617999911308288574e-01,6.779514998197555542e-02,-1.723097264766693115e-01,-6.616490334272384644e-02,3.043524734675884247e-02,3.609305620193481445e-01,2.617999911308288574e-01,2.101129852235317230e-03,3.550989553332328796e-03,-2.363268285989761353e-02,-8.854007720947265625e-01,1.155506849288940430e+00,1.173850774765014648e+00,1.145195841789245605e+00,-1.501126140356063843e-01,-2.070247232913970947e-01,-6.967499852180480957e-02,-8.914959430694580078e-01,-1.176393985748291016e+00,-1.151392817497253418e+00,1.137567520141601562e+00,3.300064802169799805e-02,-1.295407488942146301e-02,-2.732149660587310791e-01
-3.290805220603942871e-02,-2.408459901809692383e+00,9.692113399505615234e-01,-1.836646161973476410e-02,-2.424568496644496918e-02,-7.115896940231323242e-01,7.019365429878234863e-01,6.527604907751083374e-02,1.612638682126998901e-01,1.685510724782943726e-01,3.974967636168003082e-03,4.788632094860076904e-01,-2.617999911308288574e-01,6.962089240550994873e-02,-1.996256560087203979e-01,-6.954722106456756592e-02,4.859840869903564453e-02,3.720777928829193115e-01,2.490351349115371704e-01,5.468557588756084442e-03,2.745440462604165077e-03,-1.859287358820438385e-02,-1.034456491470336914e+00,1.183273673057556152e+00,1.047213673591613770e+00,1.124778032302856445e+00,-1.376587897539138794e-01,-2.167448103427886963e-01,-8.074121922254562378e-02,-1.038281798362731934e+00,-1.218703746795654297e+00,-1.021171450614929199e+00,1.125568389892578125e+00,-4.958552122116088867e-02,1.982224732637405396e-02,-2.831787467002868652e-01
-3.250923752784729004e-02,-2.406336307525634766e+00,9.699316024780273438e-01,-2.110242284834384918e-02,-2.551641128957271576e-02,-7.121825814247131348e-01,7.012129426002502441e-01,7.331930100917816162e-02,1.885128170251846313e-01,1.736032962799072266e-01,8.471276611089706421e-03,4.893104135990142822e-01,-2.617999911308288574e-01,7.155093550682067871e-02,-2.231406420469284058e-01,-7.629022747278213501e-02,6.342167407274246216e-02,3.989780843257904053e-01,2.072093337774276733e-01,1.176085509359836578e-02,3.245722502470016479e-03,-1.595873571932315826e-02,-1.193397760391235352e+00,1.188101410865783691e+00,9.088618755340576172e-01,1.100768446922302246e+00,-1.268228590488433838e-01,-2.271370887756347656e-01,-9.838526695966720581e-02,-1.181331276893615723e+00,-1.243199944496154785e+00,-8.604133725166320801e-01,1.106052041053771973e+00,-1.353513896465301514e-01,5.233911797404289246e-02,-2.903238832950592041e-01
-3.202611580491065979e-02,-2.404111146926879883e+00,9.670358896255493164e-01,-2.471517026424407959e-02,-2.626908570528030396e-02,-7.135465145111083984e-01,6.996787786483764648e-01,8.421052992343902588e-02,2.178336232900619507e-01,1.793613135814666748e-01,1.027271524071693420e-02,5.035209655761718750e-01,-2.617999911308288574e-01,7.651303708553314209e-02,-2.451440095901489258e-01,-9.069700539112091064e-02,7.293527573347091675e-02,4.259236752986907959e-01,1.688055247068405151e-01,1.829699240624904633e-02,6.077675148844718933e-03,-1.731276884675025940e-02,-1.347673773765563965e+00,1.174662947654724121e+00,7.676124572753906250e-01,1.078966379165649414e+00,-1.131246685981750488e-01,-2.424138486385345459e-01,-1.146296337246894836e-01,-1.339804768562316895e+00,-1.240076661109924316e+00,-7.065238356590270996e-01,1.088741540908813477e+00,-2.435743808746337891e-01,8.649884909391403198e-02,-2.861638069152832031e-01
-3.143393248319625854e-02,-2.402001142501831055e+00,9.609158039093017578e-01,-2.833860181272029877e-02,-2.720747888088226318e-02,-7.146848440170288086e-01,6.983425021171569824e-01,9.374208748340606689e-02,2.441350072622299194e-01,1.866000741720199585e-01,1.666654832661151886e-02,5.235900282859802246e-01,-2.316870242357254028e-01,8.399656414985656738e-02,-2.664814889430999756e-01,-1.084577515721321106e-01,8.021001517772674561e-02,4.513209462165832520e-01,1.313369721174240112e-01,2.238711901009082794e-02,7.510058116167783737e-03,-1.801248081028461456e-02,-1.495307445526123047e+00,1.148134589195251465e+00,6.280435919761657715e-01,1.060687661170959473e+00,-1.085455119609832764e-01,-2.534651160240173340e-01,-1.233408749103546143e-01,-1.492533445358276367e+00,-1.220759987831115723e+00,-5.475670099258422852e-01,1.073424339294433594e+00,-3.745750188827514648e-01,1.247247979044914246e-01,-2.764164805412292480e-01
-3.041080757975578308e-02,-2.399998903274536133e+00,9.512671232223510742e-01,-3.060413897037506104e-02,-2.834495902061462402e-02,-7.157130837440490723e-01,6.971475481986999512e-01,1.013725921511650085e-01,2.661164999008178711e-01,1.944554448127746582e-01,2.972324751317501068e-02,5.235999822616577148e-01,-1.951072514057159424e-01,9.276490658521652222e-02,-2.892484962940216064e-01,-1.268736720085144043e-01,8.608383685350418091e-02,4.650275707244873047e-01,1.034216061234474182e-01,2.409413270652294159e-02,6.963476072996854782e-03,-1.983440667390823364e-02,-1.637540102005004883e+00,1.110592365264892578e+00,5.027101635932922363e-01,1.049302935600280762e+00,-1.116051822900772095e-01,-2.635371387004852295e-01,-1.299416571855545044e-01,-1.642157316207885742e+00,-1.185208320617675781e+00,-3.946474492549896240e-01,1.065597295761108398e+00,-5.266786217689514160e-01,1.687246859073638916e-01,-2.541043162345886230e-01
-2.952091582119464874e-02,-2.398232460021972656e+00,9.375926852226257324e-01,-3.236874192953109741e-02,-2.945890650153160095e-02,-7.157188057899475098e-01,6.970158219337463379e-01,1.077410653233528137e-01,2.844968438148498535e-01,1.894503235816955566e-01,4.761455953121185303e-02,5.235999822616577148e-01,-1.629137098789215088e-01,9.984149783849716187e-02,-3.097504079341888428e-01,-1.302714496850967407e-01,1.000791341066360474e-01,4.837864041328430176e-01,8.455923199653625488e-02,2.054999396204948425e-02,6.492720451205968857e-03,-1.971227675676345825e-02,-1.772212028503417969e+00,1.066480994224548340e+00,3.882849812507629395e-01,1.045439124107360840e+00,-1.158520132303237915e-01,-2.752136290073394775e-01,-1.345374286174774170e-01,-1.790434837341308594e+00,-1.129641652107238770e+00,-2.649942040443420410e-01,1.069663882255554199e+00,-6.825165748596191406e-01,2.173311263322830200e-01,-2.215187400579452515e-01
-2.783945202827453613e-02,-2.396304368972778320e+00,9.195771217346191406e-01,-3.404694050550460815e-02,-3.096253983676433563e-02,-7.155029773712158203e-01,6.970922350883483887e-01,1.135760992765426636e-01,2.976121008396148682e-01,1.682785004377365112e-01,7.392167299985885620e-02,5.235999822616577148e-01,-1.478070169687271118e-01,1.062699854373931885e-01,-3.278099894523620605e-01,-1.114907860755920410e-01,1.179678738117218018e-01,5.169644355773925781e-01,8.082265406847000122e-02,1.193860918283462524e-02,1.205208338797092438e-02,-2.263100445270538330e-02,-1.896993637084960938e+00,1.016806840896606445e+00,2.926037907600402832e-01,1.057968735694885254e+00,-1.219987869262695312e-01,-2.799526154994964600e-01,-1.357885897159576416e-01,-1.961242318153381348e+00,-1.009382486343383789e+00,-1.991732716560363770e-01,1.083281755447387695e+00,-7.923313379287719727e-01,2.505476474761962891e-01,-1.710823476314544678e-01
-2.894720993936061859e-02,-2.393332004547119141e+00,8.981642723083496094e-01,-3.283505514264106750e-02,-3.127922862768173218e-02,-7.139046192169189453e-01,6.987729668617248535e-01,1.156345978379249573e-01,3.095448017120361328e-01,1.386368572711944580e-01,8.586601912975311279e-02,5.213789939880371094e-01,-1.389333158731460571e-01,1.113645285367965698e-01,-3.415940701961517334e-01,-9.035419672727584839e-02,1.353164166212081909e-01,5.034505724906921387e-01,7.779259234666824341e-02,5.861532874405384064e-03,2.248707972466945648e-02,-2.221501059830188751e-02,-2.005423069000244141e+00,9.681550860404968262e-01,2.198072224855422974e-01,1.076231002807617188e+00,-1.334761232137680054e-01,-2.762635648250579834e-01,-1.322636753320693970e-01,-2.192476272583007812e+00,-8.346107006072998047e-01,-3.573545813560485840e-01,1.121950268745422363e+00,-7.601581811904907227e-01,2.131854444742202759e-01,-6.981155276298522949e-02
-2.962033823132514954e-02,-2.392066240310668945e+00,8.740955591201782227e-01,-3.893998637795448303e-02,-3.350096195936203003e-02,-7.103046178817749023e-01,7.020176053047180176e-01,1.456072181463241577e-01,3.241429328918457031e-01,1.157187893986701965e-01,1.090593412518501282e-01,3.197686374187469482e-01,-1.533483266830444336e-01,1.384874135255813599e-01,-3.469044864177703857e-01,-9.501437097787857056e-02,1.845470368862152100e-01,2.292921543121337891e-01,6.155386939644813538e-02,-1.650950312614440918e-02,2.664648368954658508e-02,1.079693785868585110e-03,-2.128072261810302734e+00,9.219838380813598633e-01,1.397663950920104980e-01,1.108295917510986328e+00,-1.853896677494049072e-01,-3.064785301685333252e-01,-1.635805368423461914e-01,-2.237807750701904297e+00,-7.502917051315307617e-01,-3.903763890266418457e-01,1.159384727478027344e+00,-2.364117056131362915e-01,-1.416338086128234863e-01,-2.861540764570236206e-02
-2.970722317695617676e-02,-2.390417337417602539e+00,8.499997854232788086e-01,-3.927588835358619690e-02,-3.201882913708686829e-02,-7.100479006767272949e-01,7.023276686668395996e-01,1.496742069721221924e-01,3.406906425952911377e-01,1.307459920644760132e-01,1.555261164903640747e-01,1.357974261045455933e-01,-2.186897397041320801e-01,1.448522508144378662e-01,-3.576951622962951660e-01,-1.001092270016670227e-01,2.303332537412643433e-01,1.880067586898803711e-02,9.817516803741455078e-02,-1.603434048593044281e-02,2.943044342100620270e-02,-4.886491224169731140e-03,-2.166820287704467773e+00,8.578054904937744141e-01,1.066875010728836060e-01,1.087189793586730957e+00,-1.880766004323959351e-01,-3.079996109008789062e-01,-1.707651317119598389e-01,-2.239837169647216797e+00,-6.735094785690307617e-01,-2.942094504833221436e-01,1.124940991401672363e+00,3.858650103211402893e-02,-2.685622870922088623e-01,-4.772926121950149536e-02
-2.955318614840507507e-02,-2.388375997543334961e+00,8.257759809494018555e-01,-4.154378920793533325e-02,-3.353143110871315002e-02,-7.109989523887634277e-01,7.011634707450866699e-01,1.511672884225845337e-01,3.537862300872802734e-01,1.400818079710006714e-01,2.099811136722564697e-01,-2.846486307680606842e-02,-2.617999911308288574e-01,1.459121257066726685e-01,-3.726574182510375977e-01,-9.895600378513336182e-02,2.891672253608703613e-01,-1.426538527011871338e-01,1.487212032079696655e-01,-1.646094955503940582e-02,2.887300401926040649e-02,-9.285287000238895416e-03,-2.188996791839599609e+00,7.831950187683105469e-01,9.546647965908050537e-02,1.062490940093994141e+00,-1.915343403816223145e-01,-3.041782975196838379e-01,-1.679201573133468628e-01,-2.246294736862182617e+00,-5.923245549201965332e-01,-2.571895122528076172e-01,1.097529768943786621e+00,1.468610763549804688e-01,-3.047688603401184082e-01,-1.968019455671310425e-02
-2.944833226501941681e-02,-2.385600805282592773e+00,8.010525703430175781e-01,-4.761774837970733643e-02,-4.118084535002708435e-02,-7.113217711448669434e-01,7.000414729118347168e-01,1.271931529045104980e-01,3.618936538696289062e-01,1.424294561147689819e-01,3.274984955787658691e-01,-1.436027139425277710e-01,-2.617999911308288574e-01,1.317984610795974731e-01,-3.941994011402130127e-01,-9.002651274204254150e-02,3.892103731632232666e-01,-2.532385289669036865e-01,2.123277485370635986e-01,-1.115938555449247360e-02,2.273578941822052002e-02,3.359814407303929329e-03,-2.196507215499877930e+00,7.002286314964294434e-01,9.762839972972869873e-02,1.028202176094055176e+00,-1.925572156906127930e-01,-3.065904378890991211e-01,-1.703780442476272583e-01,-2.240679264068603516e+00,-5.219962000846862793e-01,-2.403535395860671997e-01,1.052737236022949219e+00,2.084537148475646973e-01,-3.260676860809326172e-01,2.030294761061668396e-02
-2.892326936125755310e-02,-2.381998062133789062e+00,7.782251238822937012e-01,-5.545774474740028381e-02,-4.758119210600852966e-02,-7.120980024337768555e-01,6.982671022415161133e-01,9.124629199504852295e-02,3.797152936458587646e-01,1.455696225166320801e-01,4.562476277351379395e-01,-2.173300534486770630e-01,-2.617999911308288574e-01,1.071983054280281067e-01,-4.051042199134826660e-01,-8.303646743297576904e-02,4.936486184597015381e-01,-3.319972455501556396e-01,2.075074762105941772e-01,-4.861239809542894363e-03,2.061817049980163574e-02,1.937293075025081635e-02,-2.191830635070800781e+00,6.246712207794189453e-01,1.042597368359565735e-01,9.940602183341979980e-01,-2.074851244688034058e-01,-3.316446542739868164e-01,-1.888525187969207764e-01,-2.226797342300415039e+00,-4.758717417716979980e-01,-2.080582678318023682e-01,1.009736061096191406e+00,2.460445463657379150e-01,-3.345090746879577637e-01,4.142909124493598938e-02
-2.786296419799327850e-02,-2.379071950912475586e+00,7.582316994667053223e-01,-5.960901081562042236e-02,-5.358874797821044922e-02,-7.146021723747253418e-01,6.949235796928405762e-01,5.790343508124351501e-02,3.942549526691436768e-01,1.487607508897781372e-01,5.702207088470458984e-01,-2.734192907810211182e-01,-2.616713941097259521e-01,9.189794212579727173e-02,-4.173942506313323975e-01,-9.025318920612335205e-02,5.639967918395996094e-01,-3.953191041946411133e-01,1.781973391771316528e-01,7.235979195684194565e-03,1.846348308026790619e-02,3.060628287494182587e-02,-2.174204587936401367e+00,5.692316293716430664e-01,9.344647824764251709e-02,9.589975476264953613e-01,-2.322806417942047119e-01,-3.682687282562255859e-01,-2.194072753190994263e-01,-2.220227479934692383e+00,-4.338451027870178223e-01,-1.920243948698043823e-01,9.857401251792907715e-01,2.735097110271453857e-01,-3.416493833065032959e-01,5.063192173838615417e-02
-2.699670009315013885e-02,-2.377482414245605469e+00,7.421478629112243652e-01,-6.119178980588912964e-02,-5.923093482851982117e-02,-7.165634036064147949e-01,6.923034787178039551e-01,3.169020265340805054e-02,4.027335047721862793e-01,1.407074928283691406e-01,6.582102775573730469e-01,-3.118643760681152344e-01,-2.617999911308288574e-01,9.090773761272430420e-02,-4.354485273361206055e-01,-8.435103297233581543e-02,6.005986332893371582e-01,-4.274582266807556152e-01,2.030993700027465820e-01,1.830701716244220734e-02,1.631512865424156189e-02,3.673850744962692261e-02,-2.147449970245361328e+00,5.361218452453613281e-01,7.632255554199218750e-02,9.235215783119201660e-01,-2.426960617303848267e-01,-3.954717218875885010e-01,-2.287003546953201294e-01,-2.216232776641845703e+00,-3.896348178386688232e-01,-1.913451999425888062e-01,9.727159738540649414e-01,2.926887869834899902e-01,-3.451057374477386475e-01,5.281170457601547241e-02
-2.532889321446418762e-02,-2.376742601394653320e+00,7.305425405502319336e-01,-6.361704319715499878e-02,-6.549793481826782227e-02,-7.172624468803405762e-01,6.907948255538940430e-01,1.709823124110698700e-02,4.035090506076812744e-01,1.318486928939819336e-01,7.212563753128051758e-01,-3.430632352828979492e-01,-2.617999911308288574e-01,7.364357262849807739e-02,-4.564154744148254395e-01,-6.358841806650161743e-02,6.590972542762756348e-01,-4.304011762142181396e-01,2.615249752998352051e-01,2.471605688333511353e-02,1.705922745168209076e-02,4.332375898957252502e-02,-2.114758968353271484e+00,5.135802626609802246e-01,7.483965903520584106e-02,8.959022164344787598e-01,-2.570112645626068115e-01,-4.157751798629760742e-01,-2.189595103263854980e-01,-2.204410314559936523e+00,-3.501811027526855469e-01,-1.914815455675125122e-01,9.628694057464599609e-01,3.061982095241546631e-01,-3.445509970188140869e-01,7.049084454774856567e-02
-2.240643464028835297e-02,-2.376521348953247070e+00,7.227505445480346680e-01,-6.555961817502975464e-02,-7.081958651542663574e-02,-7.203256487846374512e-01,6.868897080421447754e-01,1.276160031557083130e-02,4.012273550033569336e-01,1.353658884763717651e-01,7.672148942947387695e-01,-3.709571957588195801e-01,-2.617999911308288574e-01,4.297322407364845276e-02,-4.725576341152191162e-01,-4.481083154678344727e-02,7.211530804634094238e-01,-4.424727261066436768e-01,2.613947391510009766e-01,3.325258567929267883e-02,2.104548178613185883e-02,4.796820133924484253e-02,-2.085913896560668945e+00,5.017424225807189941e-01,9.029413759708404541e-02,8.838726282119750977e-01,-2.701734006404876709e-01,-4.242432117462158203e-01,-2.223509848117828369e-01,-2.181684732437133789e+00,-3.267746269702911377e-01,-1.717138886451721191e-01,9.490435719490051270e-01,3.067526221275329590e-01,-3.395102620124816895e-01,9.017771482467651367e-02
-1.933349110186100006e-02,-2.377195596694946289e+00,7.193307876586914062e-01,-6.624382734298706055e-02,-7.308293879032135010e-02,-7.247893810272216797e-01,6.818731427192687988e-01,1.529456395655870438e-02,4.007197618484497070e-01,1.473646312952041626e-01,7.914110422134399414e-01,-3.817985653877258301e-01,-2.617999911308288574e-01,2.615853771567344666e-02,-4.827394187450408936e-01,-3.053179755806922913e-02,7.425930500030517578e-01,-4.490262269973754883e-01,2.496462166309356689e-01,4.157847538590431213e-02,2.496714703738689423e-02,4.754583537578582764e-02,-2.064722776412963867e+00,5.063917636871337891e-01,1.043843626976013184e-01,8.842423558235168457e-01,-2.686730325222015381e-01,-4.215913414955139160e-01,-2.260457873344421387e-01,-2.153183698654174805e+00,-3.337881565093994141e-01,-1.256430447101593018e-01,9.330535531044006348e-01,2.941947877407073975e-01,-3.418291509151458740e-01,9.458545595407485962e-02
-1.685994863510131836e-02,-2.378881931304931641e+00,7.206932306289672852e-01,-6.508789211511611938e-02,-7.255743443965911865e-02,-7.272995114326477051e-01,6.793631911277770996e-01,2.265844307839870453e-02,3.978987336158752441e-01,1.587264686822891235e-01,7.857582569122314453e-01,-3.789062798023223877e-01,-2.617999911308288574e-01,2.981630899012088776e-02,-4.870365858078002930e-01,-2.664916031062602997e-02,7.244008183479309082e-01,-4.415604770183563232e-01,2.550902068614959717e-01,4.419160261750221252e-02,2.747710049152374268e-02,4.308783262968063354e-02,-2.046691417694091797e+00,5.275676846504211426e-01,1.054506376385688782e-01,8.881769180297851562e-01,-2.568924129009246826e-01,-4.192731380462646484e-01,-2.143734097480773926e-01,-2.134695768356323242e+00,-3.592363595962524414e-01,-8.867401629686355591e-02,9.297525882720947266e-01,2.827477753162384033e-01,-3.400573730468750000e-01,8.275564759969711304e-02
-1.507772877812385559e-02,-2.381541490554809570e+00,7.273926138877868652e-01,-6.216956675052642822e-02,-7.031754404306411743e-02,-7.274402379989624023e-01,6.797212958335876465e-01,3.448297455906867981e-02,3.899241685867309570e-01,1.679378896951675415e-01,7.521417140960693359e-01,-3.618362545967102051e-01,-2.617999911308288574e-01,4.404425621032714844e-02,-4.863062202930450439e-01,-3.654379770159721375e-02,6.858474016189575195e-01,-4.164024591445922852e-01,2.604691088199615479e-01,4.157748073339462280e-02,2.964772842824459076e-02,3.490443900227546692e-02,-2.032482624053955078e+00,5.561848878860473633e-01,1.122202128171920776e-01,8.994132280349731445e-01,-2.463033646345138550e-01,-4.159091413021087646e-01,-2.022367566823959351e-01,-2.130272388458251953e+00,-3.854233026504516602e-01,-8.374951779842376709e-02,9.389384388923645020e-01,2.727828919887542725e-01,-3.304038345813751221e-01,6.586584448814392090e-02
-1.357083581387996674e-02,-2.384973526000976562e+00,7.392091751098632812e-01,-5.836735293269157410e-02,-6.711509823799133301e-02,-7.265521287918090820e-01,6.813302040100097656e-01,5.455036833882331848e-02,3.764019310474395752e-01,1.764618754386901855e-01,6.918501257896423340e-01,-3.277977108955383301e-01,-2.617999911308288574e-01,6.493978947401046753e-02,-4.808720052242279053e-01,-5.056707933545112610e-02,6.310909986495971680e-01,-3.726703524589538574e-01,2.602655887603759766e-01,3.493497148156166077e-02,3.202838078141212463e-02,2.393822930753231049e-02,-2.022121906280517578e+00,5.902997851371765137e-01,1.286321431398391724e-01,9.199098944664001465e-01,-2.431722283363342285e-01,-4.130591750144958496e-01,-1.990971565246582031e-01,-2.132179737091064453e+00,-4.124504327774047852e-01,-1.058836653828620911e-01,9.575088024139404297e-01,2.736575305461883545e-01,-3.210251927375793457e-01,5.877947807312011719e-02
-1.246659830212593079e-02,-2.389249086380004883e+00,7.555108070373535156e-01,-5.414719507098197937e-02,-6.260330229997634888e-02,-7.255018949508666992e-01,6.832246780395507812e-01,8.208148926496505737e-02,3.596242666244506836e-01,1.846736222505569458e-01,6.086741685867309570e-01,-2.758199274539947510e-01,-2.617999911308288574e-01,8.735007792711257935e-02,-4.695703089237213135e-01,-6.779702752828598022e-02,5.659824609756469727e-01,-3.096531927585601807e-01,2.551439106464385986e-01,2.723583206534385681e-02,3.415401279926300049e-02,1.132744830101728439e-02,-2.016994237899780273e+00,6.312576532363891602e-01,1.499481350183486938e-01,9.487755298614501953e-01,-2.407250106334686279e-01,-4.085536003112792969e-01,-1.979087591171264648e-01,-2.137884616851806641e+00,-4.501548409461975098e-01,-1.432443559169769287e-01,9.837728142738342285e-01,2.787868082523345947e-01,-3.136548697948455811e-01,5.946008488535881042e-02
-1.187928207218647003e-02,-2.393764734268188477e+00,7.759047746658325195e-01,-5.115973949432373047e-02,-5.780778452754020691e-02,-7.243100404739379883e-01,6.851392984390258789e-01,1.167867109179496765e-01,3.420543372631072998e-01,1.906595826148986816e-01,5.081962347030639648e-01,-2.012195438146591187e-01,-2.617999911308288574e-01,1.069214642047882080e-01,-4.523539245128631592e-01,-8.246613293886184692e-02,4.997505247592926025e-01,-2.196046859025955200e-01,2.404234409332275391e-01,1.907442882657051086e-02,3.610227257013320923e-02,-1.568126899655908346e-04,-2.008390188217163086e+00,6.775840520858764648e-01,1.724963933229446411e-01,9.792807698249816895e-01,-2.368474751710891724e-01,-4.050752520561218262e-01,-1.960801035165786743e-01,-2.137147426605224609e+00,-5.062710642814636230e-01,-1.779416799545288086e-01,1.012816548347473145e+00,2.817293107509613037e-01,-3.077391386032104492e-01,5.692313238978385925e-02
-1.193586178123950958e-02,-2.398255586624145508e+00,7.994057536125183105e-01,-4.930329322814941406e-02,-5.384565889835357666e-02,-7.228521108627319336e-01,6.871351003646850586e-01,1.517022401094436646e-01,3.248629271984100342e-01,1.890626549720764160e-01,4.040281176567077637e-01,-1.009539812803268433e-01,-2.617999911308288574e-01,1.184879615902900696e-01,-4.336849451065063477e-01,-8.800756186246871948e-02,4.394377171993255615e-01,-9.973470121622085571e-02,2.225536257028579712e-01,1.246440410614013672e-02,3.718207776546478271e-02,-8.236275054514408112e-03,-1.995025634765625000e+00,7.275936007499694824e-01,1.971949487924575806e-01,1.010099530220031738e+00,-2.327472865581512451e-01,-4.021995663642883301e-01,-1.917345374822616577e-01,-2.128543138504028320e+00,-5.767629742622375488e-01,-2.138828635215759277e-01,1.041550278663635254e+00,2.810814976692199707e-01,-3.005575239658355713e-01,4.929870739579200745e-02
-1.306526269763708115e-02,-2.403598308563232422e+00,8.260155320167541504e-01,-5.100983381271362305e-02,-5.083001032471656799e-02,-7.224508523941040039e-01,6.876620650291442871e-01,1.994684338569641113e-01,3.144005835056304932e-01,1.888680607080459595e-01,2.801674604415893555e-01,3.863175632432103157e-03,-2.617961466312408447e-01,1.361800432205200195e-01,-4.074672460556030273e-01,-9.622174501419067383e-02,3.640350103378295898e-01,-4.936022683978080750e-03,1.491568088531494141e-01,9.409795515239238739e-03,4.135433956980705261e-02,-1.251700799912214279e-02,-1.970444917678833008e+00,7.802630066871643066e-01,2.272765040397644043e-01,1.041243553161621094e+00,-2.308724671602249146e-01,-4.033922553062438965e-01,-1.907375603914260864e-01,-2.111450433731079102e+00,-6.521432995796203613e-01,-2.593737840652465820e-01,1.073554277420043945e+00,2.800082266330718994e-01,-2.887048721313476562e-01,3.955880925059318542e-02
-1.492698583751916885e-02,-2.406275272369384766e+00,8.515671491622924805e-01,-5.110989138484001160e-02,-4.947516694664955139e-02,-7.208887934684753418e-01,6.893905401229858398e-01,2.109550833702087402e-01,3.052593469619750977e-01,1.859010756015777588e-01,2.016280293464660645e-01,1.364970058202743530e-01,-2.262811809778213501e-01,1.378036588430404663e-01,-3.897067904472351074e-01,-1.065182983875274658e-01,3.056374490261077881e-01,1.251897662878036499e-01,1.153218969702720642e-01,6.000566296279430389e-03,3.853658959269523621e-02,-1.066314522176980972e-02,-1.940544486045837402e+00,8.388801813125610352e-01,2.539815306663513184e-01,1.067074418067932129e+00,-2.283219099044799805e-01,-3.984857499599456787e-01,-1.872847825288772583e-01,-2.087625026702880859e+00,-7.380852103233337402e-01,-3.079017996788024902e-01,1.103106260299682617e+00,2.780885100364685059e-01,-2.757177352905273438e-01,2.832236327230930328e-02
-1.741447113454341888e-02,-2.408164024353027344e+00,8.759499788284301758e-01,-5.109452828764915466e-02,-4.840258881449699402e-02,-7.186645269393920898e-01,6.917859911918640137e-01,2.096408754587173462e-01,2.993937730789184570e-01,1.925036162137985229e-01,1.342544108629226685e-01,3.021397590637207031e-01,-2.118367254734039307e-01,1.383015662431716919e-01,-3.715841472148895264e-01,-1.264825016260147095e-01,2.515822052955627441e-01,2.803814709186553955e-01,1.149257868528366089e-01,5.561573780141770840e-04,3.372638300061225891e-02,-6.907866802066564560e-03,-1.904842972755432129e+00,8.998842835426330566e-01,2.869914472103118896e-01,1.091537833213806152e+00,-2.196921110153198242e-01,-3.939720988273620605e-01,-1.900673359632492065e-01,-2.047719478607177734e+00,-8.302894234657287598e-01,-3.559384644031524658e-01,1.127452611923217773e+00,2.698373198509216309e-01,-2.641211450099945068e-01,9.550976566970348358e-03
-2.087028324604034424e-02,-2.409476518630981445e+00,8.978154659271240234e-01,-5.161059275269508362e-02,-4.595499113202095032e-02,-7.155714631080627441e-01,6.951129436492919922e-01,2.047997266054153442e-01,2.985075116157531738e-01,2.101364284753799438e-01,7.170362025499343872e-02,4.888896048069000244e-01,-2.617999911308288574e-01,1.414860337972640991e-01,-3.325441479682922363e-01,-1.157384216785430908e-01,2.088208943605422974e-01,4.068319201469421387e-01,1.434523463249206543e-01,-5.208576098084449768e-03,3.038005530834197998e-02,-4.328475333750247955e-03,-1.855605602264404297e+00,9.620233178138732910e-01,3.244559466838836670e-01,1.114349365234375000e+00,-2.082434743642807007e-01,-3.873724639415740967e-01,-1.788986772298812866e-01,-1.988914370536804199e+00,-9.257889389991760254e-01,-4.072475433349609375e-01,1.146628499031066895e+00,2.581780254840850830e-01,-2.509714961051940918e-01,-1.131318695843219757e-02
-2.393607236444950104e-02,-2.410809278488159180e+00,9.163986444473266602e-01,-5.114088952541351318e-02,-4.527135565876960754e-02,-7.148765921592712402e-01,6.959069967269897461e-01,1.918147504329681396e-01,2.861714959144592285e-01,2.368071079254150391e-01,6.809087842702865601e-02,5.235999822616577148e-01,-2.617999911308288574e-01,1.467958390712738037e-01,-2.833120524883270264e-01,-6.829158961772918701e-02,1.711080521345138550e-01,4.325004220008850098e-01,1.554048955440521240e-01,-3.808162640780210495e-03,2.438081987202167511e-02,-8.619118016213178635e-04,-1.786973834037780762e+00,1.028028130531311035e+00,3.663879632949829102e-01,1.129419803619384766e+00,-1.922760009765625000e-01,-3.737497627735137939e-01,-1.573103219270706177e-01,-1.901640057563781738e+00,-1.021931171417236328e+00,-4.526402652263641357e-01,1.154212355613708496e+00,2.492479532957077026e-01,-2.319622337818145752e-01,-3.920816257596015930e-02
-2.652469649910926819e-02,-2.411345720291137695e+00,9.312813282012939453e-01,-4.848131164908409119e-02,-4.224447533488273621e-02,-7.151359915733337402e-01,6.960211992263793945e-01,1.838287860155105591e-01,2.583454251289367676e-01,2.243478745222091675e-01,4.394405707716941833e-02,5.235999822616577148e-01,-2.617999911308288574e-01,1.380058974027633667e-01,-2.364826202392578125e-01,-3.310490772128105164e-02,1.459333300590515137e-01,4.012772142887115479e-01,1.503084450960159302e-01,-3.963445313274860382e-03,2.085625566542148590e-02,-3.332785796374082565e-03,-1.694600224494934082e+00,1.094884753227233887e+00,4.225869178771972656e-01,1.137773156166076660e+00,-1.731334030628204346e-01,-3.566190302371978760e-01,-1.506777107715606689e-01,-1.789811491966247559e+00,-1.100844979286193848e+00,-5.173131823539733887e-01,1.156183838844299316e+00,2.482198327779769897e-01,-2.174586355686187744e-01,-5.442849546670913696e-02
-2.859467267990112305e-02,-2.411584377288818359e+00,9.418715238571166992e-01,-4.521680995821952820e-02,-3.837159276008605957e-02,-7.152258157730102539e-01,6.963728070259094238e-01,1.760537326335906982e-01,2.259810119867324829e-01,1.939215660095214844e-01,8.610162883996963501e-03,5.235999822616577148e-01,-2.617999911308288574e-01,1.229298189282417297e-01,-1.983725130558013916e-01,-2.304435707628726959e-02,1.320280432701110840e-01,3.610686659812927246e-01,1.630277186632156372e-01,-5.624685902148485184e-03,1.960326358675956726e-02,-6.824725307524204254e-03,-1.586818099021911621e+00,1.153499960899353027e+00,5.036447644233703613e-01,1.148941636085510254e+00,-1.667332947254180908e-01,-3.333483636379241943e-01,-1.205788180232048035e-01,-1.659748554229736328e+00,-1.165585041046142578e+00,-5.968666076660156250e-01,1.156817317008972168e+00,2.539093494415283203e-01,-2.032970935106277466e-01,-7.051546126604080200e-02
-3.032816015183925629e-02,-2.411843776702880859e+00,9.483458995819091797e-01,-4.133457690477371216e-02,-3.588192164897918701e-02,-7.142834663391113281e-01,6.977127790451049805e-01,1.635129451751708984e-01,1.918182522058486938e-01,1.603889614343643188e-01,-1.672772876918315887e-02,5.220653414726257324e-01,-2.617999911308288574e-01,1.106844916939735413e-01,-1.711316257715225220e-01,-2.791120298206806183e-02,1.227202787995338440e-01,3.130761981010437012e-01,2.138884514570236206e-01,-8.086615242063999176e-03,1.566365733742713928e-02,-8.096539415419101715e-03,-1.463403940200805664e+00,1.197024106979370117e+00,5.928269624710083008e-01,1.158767461776733398e+00,-1.684451550245285034e-01,-3.178360462188720703e-01,-1.215811371803283691e-01,-1.515882492065429688e+00,-1.217593312263488770e+00,-6.932703256607055664e-01,1.158512830734252930e+00,2.520865797996520996e-01,-1.905365437269210815e-01,-7.968440651893615723e-02
-3.182207047939300537e-02,-2.412334203720092773e+00,9.510861635208129883e-01,-3.765250369906425476e-02,-3.548816218972206116e-02,-7.122557759284973145e-01,7.000104188919067383e-01,1.463267654180526733e-01,1.567124873399734497e-01,1.275742650032043457e-01,-1.901614293456077576e-02,4.929746389389038086e-01,-2.617999911308288574e-01,1.030133292078971863e-01,-1.498049795627593994e-01,-3.431744500994682312e-02,1.159226968884468079e-01,2.832568883895874023e-01,2.587549388408660889e-01,-1.240850705653429031e-02,9.484224021434783936e-03,-6.661395542323589325e-03,-1.322074532508850098e+00,1.224756717681884766e+00,6.950554251670837402e-01,1.167641401290893555e+00,-1.701848804950714111e-01,-3.100813031196594238e-01,-1.236118823289871216e-01,-1.359531998634338379e+00,-1.249644398689270020e+00,-8.072233200073242188e-01,1.164222955703735352e+00,2.454052716493606567e-01,-1.878433823585510254e-01,-8.335050195455551147e-02
-3.355099633336067200e-02,-2.413022279739379883e+00,9.504441618919372559e-01,-3.513715416193008423e-02,-3.567807748913764954e-02,-7.098171114921569824e-01,7.026038169860839844e-01,1.307935565710067749e-01,1.248278394341468811e-01,9.671253710985183716e-02,-1.050264108926057816e-02,4.406866431236267090e-01,-2.617999911308288574e-01,9.862901270389556885e-02,-1.282903552055358887e-01,-4.277100414037704468e-02,1.102860644459724426e-01,2.693968713283538818e-01,2.583894431591033936e-01,-1.718132197856903076e-02,4.859425127506256104e-03,-4.235632251948118210e-03,-1.167438626289367676e+00,1.234298467636108398e+00,8.034395575523376465e-01,1.175215363502502441e+00,-1.671662926673889160e-01,-3.126222789287567139e-01,-1.183539852499961853e-01,-1.194079399108886719e+00,-1.261480689048767090e+00,-9.283618330955505371e-01,1.169769167900085449e+00,2.334964722394943237e-01,-1.919505447149276733e-01,-7.770284265279769897e-02
-3.551314026117324829e-02,-2.413897991180419922e+00,9.466902017593383789e-01,-3.436615318059921265e-02,-3.581706434488296509e-02,-7.081139087677001953e-01,7.043513059616088867e-01,1.241263300180435181e-01,9.800816327333450317e-02,7.072392851114273071e-02,-5.680013913661241531e-03,3.837999403476715088e-01,-2.617999911308288574e-01,9.694970399141311646e-02,-1.068120747804641724e-01,-5.965378135442733765e-02,1.104498282074928284e-01,2.399390041828155518e-01,2.425165176391601562e-01,-1.908291131258010864e-02,2.620869316160678864e-03,-2.185570308938622475e-03,-1.023913145065307617e+00,1.215772628784179688e+00,9.133772850036621094e-01,1.181750059127807617e+00,-1.653547585010528564e-01,-3.153022229671478271e-01,-1.186481937766075134e-01,-1.026574492454528809e+00,-1.252022624015808105e+00,-1.045128941535949707e+00,1.175321936607360840e+00,2.275933474302291870e-01,-1.915903240442276001e-01,-7.906584441661834717e-02
-3.736491501331329346e-02,-2.415042400360107422e+00,9.399217963218688965e-01,-3.395457938313484192e-02,-3.584352880716323853e-02,-7.067162990570068359e-01,7.057722210884094238e-01,1.182154938578605652e-01,7.575901597738265991e-02,5.437557399272918701e-02,6.300639826804399490e-03,3.229252099990844727e-01,-2.617999911308288574e-01,9.535185247659683228e-02,-8.642569929361343384e-02,-7.856686413288116455e-02,1.164399310946464539e-01,2.128093391656875610e-01,2.262309938669204712e-01,-2.204414084553718567e-02,2.188113285228610039e-03,-2.318970160558819771e-03,-8.839899301528930664e-01,1.182599663734436035e+00,1.027607679367065430e+00,1.190215468406677246e+00,-1.737687736749649048e-01,-3.157855272293090820e-01,-1.314707100391387939e-01,-8.720881342887878418e-01,-1.222402572631835938e+00,-1.145505309104919434e+00,1.183261156082153320e+00,2.225652784109115601e-01,-1.878462880849838257e-01,-8.919171988964080811e-02
-3.886118903756141663e-02,-2.416254281997680664e+00,9.301338791847229004e-01,-3.298733010888099670e-02,-3.627876192331314087e-02,-7.062732577323913574e-01,7.062391638755798340e-01,1.099583208560943604e-01,5.481233447790145874e-02,4.936559498310089111e-02,2.405201271176338196e-02,3.095257580280303955e-01,-2.617999911308288574e-01,9.151512384414672852e-02,-7.125306874513626099e-02,-9.383197873830795288e-02,1.235784813761711121e-01,2.268421202898025513e-01,2.199860811233520508e-01,-2.410934306681156158e-02,1.401335583068430424e-03,-2.785538556054234505e-03,-7.513030171394348145e-01,1.133662462234497070e+00,1.117157936096191406e+00,1.196130990982055664e+00,-1.798724234104156494e-01,-3.276815116405487061e-01,-1.330737173557281494e-01,-7.501801252365112305e-01,-1.174132108688354492e+00,-1.230784296989440918e+00,1.191158771514892578e+00,2.181051671504974365e-01,-1.895804852247238159e-01,-9.734767675399780273e-02
-4.023045673966407776e-02,-2.417179822921752930e+00,9.174124002456665039e-01,-3.271469846367835999e-02,-3.792451694607734680e-02,-7.064214348793029785e-01,7.060171961784362793e-01,1.023617908358573914e-01,3.716434538364410400e-02,5.607902258634567261e-02,4.757877066731452942e-02,3.230625391006469727e-01,-2.617999911308288574e-01,8.735388517379760742e-02,-6.052149459719657898e-02,-1.033089011907577515e-01,1.366810053586959839e-01,2.529747784137725830e-01,2.028828561305999756e-01,-2.503369934856891632e-02,-1.324952027061954141e-04,-2.160500735044479370e-03,-6.472706198692321777e-01,1.066541910171508789e+00,1.224514842033386230e+00,1.205885767936706543e+00,-1.828346103429794312e-01,-3.386316299438476562e-01,-1.537219434976577759e-01,-6.475597620010375977e-01,-1.107510328292846680e+00,-1.298415541648864746e+00,1.198736786842346191e+00,2.083358466625213623e-01,-2.039804905652999878e-01,-1.110206544399261475e-01
-4.178295284509658813e-02,-2.417876958847045898e+00,9.018012881278991699e-01,-3.184430673718452454e-02,-3.866705670952796936e-02,-7.079852223396301270e-01,7.044485211372375488e-01,9.148878604173660278e-02,2.441352419555187225e-02,5.981059372425079346e-02,7.981125265359878540e-02,3.107440471649169922e-01,-2.617999911308288574e-01,8.339664340019226074e-02,-4.923682287335395813e-02,-1.097838580608367920e-01,1.535148769617080688e-01,2.051640003919601440e-01,1.422676593065261841e-01,-2.247607521712779999e-02,-6.522363401018083096e-04,-5.614262772724032402e-04,-5.548940896987915039e-01,9.913220405578613281e-01,1.308192253112792969e+00,1.212264299392700195e+00,-1.853888630867004395e-01,-3.412494063377380371e-01,-1.681337952613830566e-01,-5.579424500465393066e-01,-1.031376600265502930e+00,-1.343818068504333496e+00,1.204059481620788574e+00,2.159853875637054443e-01,-2.175669372081756592e-01,-1.149606183171272278e-01
-4.414122179150581360e-02,-2.418269872665405273e+00,8.834923505783081055e-01,-3.234537318348884583e-02,-3.552363812923431396e-02,-7.104185819625854492e-01,7.021376490592956543e-01,8.078965544700622559e-02,2.632333524525165558e-02,6.759228557348251343e-02,1.162555292248725891e-01,2.068550735712051392e-01,-2.385172843933105469e-01,8.002958446741104126e-02,-2.856308594346046448e-02,-1.238921806216239929e-01,1.845993101596832275e-01,6.678581237792968750e-03,3.478761017322540283e-02,-1.753177121281623840e-02,4.685045219957828522e-03,2.988516935147345066e-04,-4.758965969085693359e-01,9.047302603721618652e-01,1.367963433265686035e+00,1.212059974670410156e+00,-1.980937272310256958e-01,-3.441062569618225098e-01,-1.734674870967864990e-01,-4.807135164737701416e-01,-9.438608884811401367e-01,-1.380656361579895020e+00,1.202698349952697754e+00,2.107507437467575073e-01,-2.204658538103103638e-01,-1.112124994397163391e-01
-4.594678059220314026e-02,-2.418190479278564453e+00,8.622975349426269531e-01,-3.299995884299278259e-02,-3.483926132321357727e-02,-7.112143039703369141e-01,7.013354897499084473e-01,7.152844220399856567e-02,2.114097774028778076e-02,7.997400313615798950e-02,1.691575199365615845e-01,3.247291594743728638e-02,-1.285983473062515259e-01,7.546729594469070435e-02,-1.510026399046182632e-02,-1.302465349435806274e-01,2.463091909885406494e-01,-1.696087718009948730e-01,-3.051748126745223999e-02,-1.667558774352073669e-02,6.757865194231271744e-03,9.986431337893009186e-03,-4.226118326187133789e-01,8.113601803779602051e-01,1.440220236778259277e+00,1.217154979705810547e+00,-2.028990536928176880e-01,-3.529944419860839844e-01,-1.843903809785842896e-01,-4.184086024761199951e-01,-8.515669107437133789e-01,-1.393947482109069824e+00,1.200774908065795898e+00,1.991580426692962646e-01,-2.283983677625656128e-01,-1.131986379623413086e-01
-4.744474217295646667e-02,-2.417883872985839844e+00,8.396633267402648926e-01,-3.662781044840812683e-02,-3.826246038079261780e-02,-7.108575105667114258e-01,7.013387680053710938e-01,5.948859453201293945e-02,1.790907047688961029e-02,9.212423861026763916e-02,2.599593102931976318e-01,-1.356258541345596313e-01,-6.350817531347274780e-02,5.816191434860229492e-02,-1.432822924107313156e-02,-1.285459548234939575e-01,3.449288606643676758e-01,-2.907137572765350342e-01,-3.563845530152320862e-02,-1.768607459962368011e-02,7.548825349658727646e-03,3.621843084692955017e-02,-3.717254102230072021e-01,7.077286243438720703e-01,1.478279471397399902e+00,1.212240219116210938e+00,-1.984819173812866211e-01,-3.573713898658752441e-01,-1.859497874975204468e-01,-3.698260188102722168e-01,-7.528852820396423340e-01,-1.403488874435424805e+00,1.195628404617309570e+00,1.904025822877883911e-01,-2.374141067266464233e-01,-1.141585111618041992e-01
-4.821586236357688904e-02,-2.417080163955688477e+00,8.152589797973632812e-01,-4.367309436202049255e-02,-4.458802193403244019e-02,-7.110356092453002930e-01,7.003805637359619141e-01,3.775005415081977844e-02,1.884816586971282959e-02,9.733764827251434326e-02,3.813960254192352295e-01,-2.609074413776397705e-01,-3.478980436921119690e-02,3.051044791936874390e-02,-1.911287009716033936e-02,-1.235588714480400085e-01,4.773934185504913330e-01,-3.974724709987640381e-01,-2.587671764194965363e-02,-1.722325198352336884e-02,9.761244989931583405e-03,7.399293035268783569e-02,-3.371727764606475830e-01,5.968452095985412598e-01,1.524537563323974609e+00,1.207787156105041504e+00,-1.993759125471115112e-01,-3.556770980358123779e-01,-1.869989931583404541e-01,-3.341479301452636719e-01,-6.501562595367431641e-01,-1.407095193862915039e+00,1.187857151031494141e+00,1.824438869953155518e-01,-2.392645329236984253e-01,-1.182227879762649536e-01
-4.888594895601272583e-02,-2.416300773620605469e+00,7.897984981536865234e-01,-5.062552914023399353e-02,-5.214892327785491943e-02,-7.121642827987670898e-01,6.982403397560119629e-01,1.039127632975578308e-02,1.928074844181537628e-02,1.076746657490730286e-01,5.145514011383056641e-01,-3.678431510925292969e-01,-1.123447623103857040e-02,3.879171796143054962e-03,-2.372756414115428925e-02,-1.239012703299522400e-01,6.084696650505065918e-01,-4.959617853164672852e-01,-3.201084583997726440e-02,-1.685259677469730377e-02,9.206186048686504364e-03,1.150272935628890991e-01,-3.051455318927764893e-01,4.817534983158111572e-01,1.565753221511840820e+00,1.206751585006713867e+00,-1.993931680917739868e-01,-3.516258299350738525e-01,-1.867377310991287231e-01,-3.097360730171203613e-01,-5.427888631820678711e-01,-1.409919023513793945e+00,1.180925488471984863e+00,1.816386729478836060e-01,-2.298338711261749268e-01,-1.263732463121414185e-01
-4.970432445406913757e-02,-2.417623281478881836e+00,7.652386426925659180e-01,-5.565247684717178345e-02,-5.906695127487182617e-02,-7.147459983825683594e-01,6.946597099304199219e-01,-2.321621589362621307e-02,2.255426719784736633e-02,1.163531169295310974e-01,6.613181233406066895e-01,-4.676173031330108643e-01,4.751164000481367111e-03,-1.603804156184196472e-02,-2.563766390085220337e-02,-1.272207200527191162e-01,7.243763208389282227e-01,-5.981147289276123047e-01,-6.600368022918701172e-02,-1.534343324601650238e-02,4.401702433824539185e-03,1.548460423946380615e-01,-2.470882087945938110e-01,3.446521162986755371e-01,1.521241307258605957e+00,1.168437838554382324e+00,-1.339697241783142090e-01,-4.508022964000701904e-01,-1.950221210718154907e-01,-2.812866270542144775e-01,-4.272696673870086670e-01,-1.389469146728515625e+00,1.168661236763000488e+00,1.780935078859329224e-01,-2.237653583288192749e-01,-1.284503489732742310e-01
-5.017065256834030151e-02,-2.417571544647216797e+00,7.458534240722656250e-01,-6.435398757457733154e-02,-6.742405891418457031e-02,-7.150779366493225098e-01,6.928030848503112793e-01,-5.936018750071525574e-02,2.976229041814804077e-02,1.141181290149688721e-01,8.045887947082519531e-01,-5.187880396842956543e-01,5.525035667233169079e-04,-4.071215540170669556e-02,-2.841280587017536163e-02,-1.238604635000228882e-01,8.465234041213989258e-01,-6.524662971496582031e-01,-7.345928251743316650e-02,-1.670417562127113342e-02,2.656624419614672661e-03,2.006240934133529663e-01,-2.313449978828430176e-01,2.234133481979370117e-01,1.572781324386596680e+00,1.184439659118652344e+00,-1.085714772343635559e-01,-3.983368277549743652e-01,-1.708233803510665894e-01,-2.513382732868194580e-01,-3.157815337181091309e-01,-1.353250265121459961e+00,1.163047432899475098e+00,1.763372123241424561e-01,-1.990711241960525513e-01,-1.204662248492240906e-01
-5.182781070470809937e-02,-2.418530464172363281e+00,7.287244796752929688e-01,-6.833673268556594849e-02,-7.089522480964660645e-02,-7.149684429168701172e-01,6.921878457069396973e-01,-1.156003177165985107e-01,3.595008328557014465e-02,1.074880436062812805e-01,9.576263427734375000e-01,-5.935123562812805176e-01,4.606839269399642944e-03,-8.705635368824005127e-02,-2.316254749894142151e-02,-1.164410188794136047e-01,9.831835031509399414e-01,-7.257951498031616211e-01,-9.421245753765106201e-02,-1.551966089755296707e-02,2.258072141557931900e-03,2.314363270998001099e-01,-1.940158754587173462e-01,1.252995729446411133e-01,1.549187779426574707e+00,1.182350754737854004e+00,-1.284968703985214233e-01,-2.950445711612701416e-01,-1.368069946765899658e-01,-2.113924622535705566e-01,-2.020802199840545654e-01,-1.314577937126159668e+00,1.142182946205139160e+00,1.639010459184646606e-01,-1.690004765987396240e-01,-1.149404719471931458e-01
-5.318444967269897461e-02,-2.421322584152221680e+00,7.142658829689025879e-01,-6.800594180822372437e-02,-7.034034281969070435e-02,-7.147566676139831543e-01,6.924957036972045898e-01,-1.542366445064544678e-01,4.297611862421035767e-02,1.102778315544128418e-01,1.058706164360046387e+00,-6.521334052085876465e-01,1.466176286339759827e-02,-1.176889985799789429e-01,-1.740697957575321198e-02,-1.115113049745559692e-01,1.070288300514221191e+00,-7.896665930747985840e-01,-1.099277138710021973e-01,-1.478521246463060379e-02,9.334652568213641644e-04,2.489548623561859131e-01,-1.500477045774459839e-01,2.562572620809078217e-02,1.515057682991027832e+00,1.164632439613342285e+00,-1.473749279975891113e-01,-2.425153404474258423e-01,-1.201035678386688232e-01,-1.663222759962081909e-01,-1.009336039423942566e-01,-1.280958414077758789e+00,1.121367096900939941e+00,1.539995521306991577e-01,-1.456232070922851562e-01,-1.091417148709297180e-01
-5.402938649058341980e-02,-2.424868345260620117e+00,7.024014592170715332e-01,-6.758538633584976196e-02,-7.006177306175231934e-02,-7.152256369590759277e-01,6.920807957649230957e-01,-1.751127094030380249e-01,4.773043468594551086e-02,1.123631224036216736e-01,1.127274870872497559e+00,-6.969630122184753418e-01,1.950215175747871399e-02,-1.374100893735885620e-01,-1.478289905935525894e-02,-1.130411624908447266e-01,1.134592175483703613e+00,-8.403856158256530762e-01,-1.229984164237976074e-01,-1.584961637854576111e-02,-1.228850334882736206e-03,2.642807066440582275e-01,-1.060181781649589539e-01,-6.809073686599731445e-02,1.477455496788024902e+00,1.133057713508605957e+00,-1.159945204854011536e-01,-2.504729032516479492e-01,-1.163603886961936951e-01,-1.243476718664169312e-01,-2.161630988121032715e-02,-1.239516496658325195e+00,1.098504900932312012e+00,1.534914970397949219e-01,-1.161458194255828857e-01,-1.038531064987182617e-01
-5.403620004653930664e-02,-2.427526235580444336e+00,6.947736144065856934e-01,-6.825263053178787231e-02,-7.103528082370758057e-02,-7.146973609924316406e-01,6.924617290496826172e-01,-1.875469982624053955e-01,5.143863335251808167e-02,1.148898005485534668e-01,1.175742983818054199e+00,-7.279801368713378906e-01,2.203186415135860443e-02,-1.461741328239440918e-01,-1.653610914945602417e-02,-1.153324097394943237e-01,1.177574276924133301e+00,-8.723471164703369141e-01,-1.293956041336059570e-01,-1.950486190617084503e-02,-3.079757734667509794e-04,2.732047736644744873e-01,-8.500859141349792480e-02,-1.170851066708564758e-01,1.468996405601501465e+00,1.118912577629089355e+00,-1.447774320840835571e-01,-1.882668584585189819e-01,-9.305214136838912964e-02,-9.324568510055541992e-02,2.742998115718364716e-02,-1.210155129432678223e+00,1.082257032394409180e+00,1.543681770563125610e-01,-8.978839963674545288e-02,-1.058172956109046936e-01
-5.440730229020118713e-02,-2.429845333099365234e+00,6.922544240951538086e-01,-6.756691634654998779e-02,-6.986810266971588135e-02,-7.130396366119384766e-01,6.943541169166564941e-01,-1.948949098587036133e-01,5.502476915717124939e-02,1.172585561871528625e-01,1.195962548255920410e+00,-7.488323450088500977e-01,2.634457871317863464e-02,-1.496319621801376343e-01,-1.704944483935832977e-02,-1.208618283271789551e-01,1.189657926559448242e+00,-8.726699948310852051e-01,-1.286491900682449341e-01,-2.440254203975200653e-02,1.010183012112975121e-03,2.731154561042785645e-01,-6.273264437913894653e-02,-1.401889473199844360e-01,1.427808523178100586e+00,1.100545883178710938e+00,-1.696770489215850830e-01,-1.423614621162414551e-01,-8.076648414134979248e-02,-7.405371218919754028e-02,5.464701354503631592e-02,-1.208451271057128906e+00,1.065178394317626953e+00,1.541269868612289429e-01,-7.084145396947860718e-02,-1.071501821279525757e-01
-5.483009666204452515e-02,-2.431447505950927734e+00,6.960013508796691895e-01,-6.455180794000625610e-02,-6.673497706651687622e-02,-7.103868126869201660e-01,6.976604461669921875e-01,-1.971159726381301880e-01,5.573581531643867493e-02,1.156896501779556274e-01,1.181122303009033203e+00,-7.461578845977783203e-01,2.836143225431442261e-02,-1.487943530082702637e-01,-1.850717514753341675e-02,-1.282105743885040283e-01,1.175351262092590332e+00,-8.726699948310852051e-01,-1.232450753450393677e-01,-2.685304358601570129e-02,3.405710915103554726e-03,2.612025439739227295e-01,-5.479352548718452454e-02,-1.341122239828109741e-01,1.404416322708129883e+00,1.085003733634948730e+00,-1.778000593185424805e-01,-1.182745099067687988e-01,-7.941273599863052368e-02,-6.291939318180084229e-02,5.279514566063880920e-02,-1.219255566596984863e+00,1.054888248443603516e+00,1.547001600265502930e-01,-6.054928898811340332e-02,-1.068901494145393372e-01
-5.531408265233039856e-02,-2.433061599731445312e+00,7.063949108123779297e-01,-5.875824019312858582e-02,-6.217901036143302917e-02,-7.079610228538513184e-01,7.010509371757507324e-01,-1.907591670751571655e-01,5.273836106061935425e-02,1.141874343156814575e-01,1.128639459609985352e+00,-7.194531559944152832e-01,2.563230320811271667e-02,-1.423613429069519043e-01,-2.157401479780673981e-02,-1.337551623582839966e-01,1.131140708923339844e+00,-8.582566976547241211e-01,-1.150541082024574280e-01,-2.599993534386157990e-02,4.273695871233940125e-03,2.384057343006134033e-01,-5.830096825957298279e-02,-9.867698699235916138e-02,1.404986262321472168e+00,1.075563549995422363e+00,-1.784567087888717651e-01,-1.106461510062217712e-01,-7.923256605863571167e-02,-5.834581330418586731e-02,2.459919452667236328e-02,-1.241388797760009766e+00,1.050108313560485840e+00,1.572912782430648804e-01,-5.846972763538360596e-02,-1.072727069258689880e-01
-5.559964478015899658e-02,-2.434993505477905273e+00,7.229471802711486816e-01,-5.123798921704292297e-02,-5.650385841727256775e-02,-7.066562175750732422e-01,7.034337520599365234e-01,-1.735380738973617554e-01,4.810538142919540405e-02,1.147687360644340515e-01,1.040939569473266602e+00,-6.696434020996093750e-01,1.616775803267955780e-02,-1.277803629636764526e-01,-2.519753947854042053e-02,-1.375989168882369995e-01,1.050728321075439453e+00,-8.066486120223999023e-01,-1.040093824267387390e-01,-2.424365654587745667e-02,3.950104117393493652e-03,2.061875760555267334e-01,-7.104387879371643066e-02,-3.979779407382011414e-02,1.431730508804321289e+00,1.072530627250671387e+00,-1.798339933156967163e-01,-1.120183989405632019e-01,-7.540503144264221191e-02,-6.190792098641395569e-02,-2.607979439198970795e-02,-1.273593902587890625e+00,1.049507975578308105e+00,1.613574624061584473e-01,-6.237244606018066406e-02,-1.120093911886215210e-01
-5.599620565772056580e-02,-2.437134742736816406e+00,7.447338104248046875e-01,-4.262601584196090698e-02,-4.983941465616226196e-02,-7.058405876159667969e-01,7.053284049034118652e-01,-1.453730463981628418e-01,4.326309263706207275e-02,1.177986115217208862e-01,9.192050695419311523e-01,-5.959820747375488281e-01,9.345542639493942261e-04,-1.041072309017181396e-01,-2.797578461468219757e-02,-1.435495615005493164e-01,9.379611015319824219e-01,-7.296746969223022461e-01,-9.038223326206207275e-02,-2.164293453097343445e-02,2.582504414021968842e-03,1.683703511953353882e-01,-8.848188817501068115e-02,3.893525898456573486e-02,1.462834000587463379e+00,1.075495123863220215e+00,-1.824884712696075439e-01,-1.155710518360137939e-01,-6.711012125015258789e-02,-7.250992953777313232e-02,-9.474352002143859863e-02,-1.312878370285034180e+00,1.054545998573303223e+00,1.677758097648620605e-01,-6.918007135391235352e-02,-1.216478645801544189e-01
-5.633554235100746155e-02,-2.439008712768554688e+00,7.704145908355712891e-01,-3.426181524991989136e-02,-4.375559464097023010e-02,-7.055348753929138184e-01,7.064928412437438965e-01,-1.101014763116836548e-01,3.756629303097724915e-02,1.226148009300231934e-01,7.795984148979187012e-01,-4.937421679496765137e-01,-1.416332647204399109e-02,-7.011011987924575806e-02,-3.008324652910232544e-02,-1.512153148651123047e-01,8.006485104560852051e-01,-6.292987465858459473e-01,-7.646316289901733398e-02,-1.931612379848957062e-02,1.553611480630934238e-03,1.262602210044860840e-01,-1.112985610961914062e-01,1.322025209665298462e-01,1.492833495140075684e+00,1.084087967872619629e+00,-1.838346421718597412e-01,-1.170988306403160095e-01,-5.617405101656913757e-02,-9.562589228153228760e-02,-1.755677014589309692e-01,-1.370134592056274414e+00,1.062015295028686523e+00,1.769146770238876343e-01,-7.952342927455902100e-02,-1.337444335222244263e-01
-5.674972757697105408e-02,-2.440522432327270508e+00,7.989498972892761230e-01,-2.775512076914310455e-02,-3.952945396304130554e-02,-7.053403258323669434e-01,7.072213888168334961e-01,-7.491950690746307373e-02,3.313256427645683289e-02,1.254516690969467163e-01,6.434513330459594727e-01,-3.619224131107330322e-01,-3.601250052452087402e-02,-3.048686310648918152e-02,-3.208682686090469360e-02,-1.561828702688217163e-01,6.586083769798278809e-01,-5.045610666275024414e-01,-5.459744855761528015e-02,-1.630001515150070190e-02,-2.787132980301976204e-04,8.535676449537277222e-02,-1.392422020435333252e-01,2.355798631906509399e-01,1.513321995735168457e+00,1.095655202865600586e+00,-1.821535825729370117e-01,-1.195366606116294861e-01,-4.615341126918792725e-02,-1.254811584949493408e-01,-2.658573091030120850e-01,-1.422913551330566406e+00,1.070227742195129395e+00,1.855180263519287109e-01,-9.217047691345214844e-02,-1.487481147050857544e-01
-5.725476890802383423e-02,-2.440963268280029297e+00,8.295218944549560547e-01,-2.421800978481769562e-02,-3.791800886392593384e-02,-7.049211263656616211e-01,7.078572511672973633e-01,-3.790830820798873901e-02,3.032319061458110809e-02,1.217034161090850830e-01,5.055612921714782715e-01,-2.268506288528442383e-01,-6.815299391746520996e-02,8.459825068712234497e-03,-3.496671468019485474e-02,-1.547616869211196899e-01,5.222090482711791992e-01,-3.733126223087310791e-01,-2.339553833007812500e-02,-1.394619699567556381e-02,-1.576030510477721691e-03,5.756826326251029968e-02,-1.795615702867507935e-01,3.451296091079711914e-01,1.527922987937927246e+00,1.112547397613525391e+00,-1.768181771039962769e-01,-1.278919875621795654e-01,-3.913090750575065613e-02,-1.687126755714416504e-01,-3.633371889591217041e-01,-1.472061276435852051e+00,1.081705093383789062e+00,1.928526759147644043e-01,-1.098089143633842468e-01,-1.628167480230331421e-01
-5.767689272761344910e-02,-2.439778089523315430e+00,8.596112132072448730e-01,-2.187136374413967133e-02,-3.675758466124534607e-02,-7.043467760086059570e-01,7.085662484169006348e-01,-1.051342114806175232e-02,3.286357223987579346e-02,1.139546111226081848e-01,3.747690021991729736e-01,-7.641024887561798096e-02,-1.182211935520172119e-01,3.518029302358627319e-02,-4.046326503157615662e-02,-1.504055410623550415e-01,3.971047699451446533e-01,-2.415791749954223633e-01,1.431291829794645309e-02,-1.103405188769102097e-02,-2.320661908015608788e-03,3.432856500148773193e-02,-2.322783768177032471e-01,4.556021690368652344e-01,1.534601449966430664e+00,1.130341768264770508e+00,-1.697910577058792114e-01,-1.476699858903884888e-01,-3.675148636102676392e-02,-2.206190079450607300e-01,-4.663033783435821533e-01,-1.506191253662109375e+00,1.094722032546997070e+00,1.950166374444961548e-01,-1.316693872213363647e-01,-1.730607300996780396e-01
-5.794188007712364197e-02,-2.438581228256225586e+00,8.871318101882934570e-01,-2.035125903785228729e-02,-3.672757372260093689e-02,-7.031095623970031738e-01,7.098407149314880371e-01,8.056514896452426910e-03,4.319841787219047546e-02,1.054387018084526062e-01,2.713470757007598877e-01,1.126724109053611755e-01,-2.332306951284408569e-01,5.010057613253593445e-02,-5.194425210356712341e-02,-1.414682567119598389e-01,2.988800406455993652e-01,-9.027685970067977905e-02,6.628815084695816040e-02,-9.356836788356304169e-03,-3.671823535114526749e-03,1.600735634565353394e-02,-2.940553724765777588e-01,5.635671615600585938e-01,1.535575270652770996e+00,1.144346594810485840e+00,-1.653895527124404907e-01,-1.731689870357513428e-01,-3.852370008826255798e-02,-2.745888233184814453e-01,-5.730574727058410645e-01,-1.520077824592590332e+00,1.107232689857482910e+00,1.935447007417678833e-01,-1.512601226568222046e-01,-1.764868795871734619e-01
-5.729990079998970032e-02,-2.437633514404296875e+00,9.114584326744079590e-01,-1.737221330404281616e-02,-3.663641586899757385e-02,-6.988183856010437012e-01,7.141490578651428223e-01,2.163541875779628754e-02,4.835081472992897034e-02,1.088002994656562805e-01,1.820876598358154297e-01,3.162240982055664062e-01,-2.617999911308288574e-01,5.981669202446937561e-02,-7.538958638906478882e-02,-1.266658008098602295e-01,2.219029515981674194e-01,9.252353757619857788e-02,1.727787256240844727e-01,-1.349258795380592346e-02,-5.630481988191604614e-03,-2.190502127632498741e-03,-3.642627298831939697e-01,6.664338707923889160e-01,1.518659114837646484e+00,1.155667662620544434e+00,-1.624781638383865356e-01,-1.932939291000366211e-01,-4.354636743664741516e-02,-3.346831500530242920e-01,-6.845887303352355957e-01,-1.525527715682983398e+00,1.120657444000244141e+00,1.939027160406112671e-01,-1.673828512430191040e-01,-1.763826012611389160e-01
-5.684021487832069397e-02,-2.436988353729248047e+00,9.314872026443481445e-01,-1.129425317049026489e-02,-3.680407255887985229e-02,-6.931152343750000000e-01,7.197980284690856934e-01,3.095644526183605194e-02,4.997491091489791870e-02,1.186912432312965393e-01,1.055892631411552429e-01,4.774360656738281250e-01,-2.617999911308288574e-01,6.762475520372390747e-02,-1.026421263813972473e-01,-1.007404029369354248e-01,1.577336490154266357e-01,2.814090847969055176e-01,2.617888748645782471e-01,-2.172753959894180298e-02,-1.400561537593603134e-02,-1.903710141777992249e-02,-4.481149911880493164e-01,7.629783153533935547e-01,1.492329359054565430e+00,1.161933422088623047e+00,-1.638240367174148560e-01,-2.081761807203292847e-01,-4.988943785429000854e-02,-4.001069366931915283e-01,-7.972172498703002930e-01,-1.513833999633789062e+00,1.133671641349792480e+00,1.967948228120803833e-01,-1.735284328460693359e-01,-1.730425208806991577e-01
-5.747884139418601990e-02,-2.436256885528564453e+00,9.472995996475219727e-01,-6.349293980747461319e-03,-3.361187502741813660e-02,-6.927830576896667480e-01,7.203343510627746582e-01,3.784069418907165527e-02,6.364416331052780151e-02,1.199732273817062378e-01,5.371680110692977905e-02,5.235996246337890625e-01,-2.617999911308288574e-01,7.462258636951446533e-02,-1.190378889441490173e-01,-8.236840367317199707e-02,1.007487699389457703e-01,3.859514296054840088e-01,2.617999911308288574e-01,-1.988558098673820496e-02,-1.638944819569587708e-02,-3.299004212021827698e-02,-5.382945537567138672e-01,8.616615533828735352e-01,1.447923183441162109e+00,1.167010068893432617e+00,-1.648775041103363037e-01,-2.135771512985229492e-01,-5.857803300023078918e-02,-4.895637929439544678e-01,-8.998118638992309570e-01,-1.489316105842590332e+00,1.138309478759765625e+00,2.005362957715988159e-01,-1.760569959878921509e-01,-1.742759495973587036e-01
-5.844007432460784912e-02,-2.435792446136474609e+00,9.592272043228149414e-01,-4.211097955703735352e-03,-3.017742000520229340e-02,-6.949512362480163574e-01,7.184109687805175781e-01,4.123915731906890869e-02,8.648046851158142090e-02,1.121838167309761047e-01,2.867058292031288147e-02,5.235999822616577148e-01,-2.617999911308288574e-01,8.134649693965911865e-02,-1.339218914508819580e-01,-6.603691726922988892e-02,6.786708533763885498e-02,4.017038047313690186e-01,2.617999911308288574e-01,-1.487453561276197433e-02,-1.405986677855253220e-02,-4.012367129325866699e-02,-6.312330365180969238e-01,9.541389942169189453e-01,1.381083846092224121e+00,1.167136311531066895e+00,-1.608796417713165283e-01,-2.167547643184661865e-01,-6.569166481494903564e-02,-5.979317426681518555e-01,-9.891175031661987305e-01,-1.441483616828918457e+00,1.139446020126342773e+00,2.041832804679870605e-01,-1.751955598592758179e-01,-1.706258952617645264e-01
-5.906375125050544739e-02,-2.435728073120117188e+00,9.677135944366455078e-01,-4.650668241083621979e-03,-2.872282452881336212e-02,-6.968100070953369141e-01,7.166653275489807129e-01,4.497454687952995300e-02,1.134722083806991577e-01,1.043659150600433350e-01,1.797318272292613983e-02,5.220546126365661621e-01,-2.617999911308288574e-01,8.417429029941558838e-02,-1.530914008617401123e-01,-5.472213402390480042e-02,6.287913769483566284e-02,3.955618739128112793e-01,2.617999911308288574e-01,-1.118551846593618393e-02,-1.015359349548816681e-02,-4.010598734021186829e-02,-7.319431900978088379e-01,1.033248305320739746e+00,1.300546288490295410e+00,1.163740158081054688e+00,-1.560190618038177490e-01,-2.172854691743850708e-01,-7.286296784877777100e-02,-7.266091108322143555e-01,-1.064931750297546387e+00,-1.373277544975280762e+00,1.136774778366088867e+00,2.077454775571823120e-01,-1.727992743253707886e-01,-1.644322425127029419e-01
-5.956607311964035034e-02,-2.435352087020874023e+00,9.728186130523681641e-01,-6.829306017607450485e-03,-2.964009903371334076e-02,-6.981921195983886719e-01,7.152639627456665039e-01,4.800787940621376038e-02,1.416095793247222900e-01,1.038499772548675537e-01,1.821602694690227509e-02,5.230342745780944824e-01,-2.617999911308288574e-01,8.505210280418395996e-02,-1.773333996534347534e-01,-5.119429528713226318e-02,7.131059467792510986e-02,3.982873260974884033e-01,2.617999911308288574e-01,-8.299826644361019135e-03,-7.538144942373037338e-03,-3.479645401239395142e-02,-8.516643643379211426e-01,1.094335675239562988e+00,1.205542683601379395e+00,1.157226324081420898e+00,-1.517793685197830200e-01,-2.174296230077743530e-01,-7.870613783597946167e-02,-8.738331794738769531e-01,-1.121552705764770508e+00,-1.284026026725769043e+00,1.132055282592773438e+00,2.097501754760742188e-01,-1.715156584978103638e-01,-1.551794558763504028e-01
-6.018207222223281860e-02,-2.435050249099731445e+00,9.743015170097351074e-01,-9.492007084190845490e-03,-3.155986592173576355e-02,-6.999410390853881836e-01,7.134398221969604492e-01,5.441774800419807434e-02,1.700266748666763306e-01,1.120469197630882263e-01,1.632540673017501831e-02,5.222890973091125488e-01,-2.617999911308288574e-01,8.847968280315399170e-02,-2.036491036415100098e-01,-5.951642617583274841e-02,7.710162550210952759e-02,4.024734795093536377e-01,2.301601767539978027e-01,-4.730991087853908539e-03,-5.976723041385412216e-03,-2.934060432016849518e-02,-9.824948310852050781e-01,1.138790369033813477e+00,1.092056393623352051e+00,1.144637465476989746e+00,-1.427892148494720459e-01,-2.189308851957321167e-01,-8.518691360950469971e-02,-1.038633942604064941e+00,-1.153552293777465820e+00,-1.174801945686340332e+00,1.123871207237243652e+00,2.085592746734619141e-01,-1.721467822790145874e-01,-1.479129791259765625e-01
-6.077328324317932129e-02,-2.434135437011718750e+00,9.726300835609436035e-01,-1.209278032183647156e-02,-3.293894603848457336e-02,-7.014830112457275391e-01,7.118218541145324707e-01,6.192316114902496338e-02,2.001840770244598389e-01,1.332278698682785034e-01,7.976369932293891907e-03,5.161532759666442871e-01,-2.617999911308288574e-01,9.246174246072769165e-02,-2.324396967887878418e-01,-8.462926745414733887e-02,7.752284407615661621e-02,4.095947742462158203e-01,1.898177713155746460e-01,-1.768575748428702354e-03,-2.860499313101172447e-03,-2.744545601308345795e-02,-1.120540022850036621e+00,1.164456605911254883e+00,9.793499708175659180e-01,1.132288455963134766e+00,-1.318208128213882446e-01,-2.216211557388305664e-01,-9.599465131759643555e-02,-1.205550909042358398e+00,-1.163224458694458008e+00,-1.055549740791320801e+00,1.114843368530273438e+00,2.052643150091171265e-01,-1.745874136686325073e-01,-1.383948773145675659e-01
-6.119311600923538208e-02,-2.433551788330078125e+00,9.677387475967407227e-01,-1.430957578122615814e-02,-3.485433757305145264e-02,-7.038525938987731934e-01,7.093461751937866211e-01,7.299971580505371094e-02,2.277605533599853516e-01,1.511372327804565430e-01,-4.807082936167716980e-03,5.181122422218322754e-01,-2.617999911308288574e-01,9.965834021568298340e-02,-2.638624012470245361e-01,-1.162148863077163696e-01,7.173695415258407593e-02,4.165235161781311035e-01,1.405041366815567017e-01,4.597022198140621185e-03,4.141777171753346920e-04,-2.684051357209682465e-02,-1.263432264328002930e+00,1.168658614158630371e+00,8.588729500770568848e-01,1.117657065391540527e+00,-1.218312382698059082e-01,-2.262719124555587769e-01,-1.062293201684951782e-01,-1.373726367950439453e+00,-1.151114583015441895e+00,-9.224925637245178223e-01,1.105040311813354492e+00,2.002576887607574463e-01,-1.791022419929504395e-01,-1.294765472412109375e-01
-6.154172495007514954e-02,-2.432673931121826172e+00,9.597510099411010742e-01,-1.628389768302440643e-02,-3.632678836584091187e-02,-7.073294520378112793e-01,7.057622075080871582e-01,8.198486268520355225e-02,2.569118738174438477e-01,1.615846008062362671e-01,-1.313643809407949448e-02,5.235927104949951172e-01,-2.615424096584320068e-01,1.058435663580894470e-01,-2.957541048526763916e-01,-1.534253209829330444e-01,6.524123996496200562e-02,4.166093766689300537e-01,9.419402480125427246e-02,1.425991859287023544e-02,3.943974617868661880e-03,-2.767208963632583618e-02,-1.410517215728759766e+00,1.156088113784790039e+00,7.437934279441833496e-01,1.106604218482971191e+00,-1.201771795749664307e-01,-2.281816899776458740e-01,-1.148359701037406921e-01,-1.528396129608154297e+00,-1.125548601150512695e+00,-7.841122150421142578e-01,1.098404169082641602e+00,1.955034881830215454e-01,-1.831735074520111084e-01,-1.207721456885337830e-01
-6.184572726488113403e-02,-2.432086229324340820e+00,9.484644532203674316e-01,-1.844934932887554169e-02,-3.775492683053016663e-02,-7.094983458518981934e-01,7.034531235694885254e-01,8.748207986354827881e-02,2.836556732654571533e-01,1.622310727834701538e-01,-1.120476797223091125e-02,5.235999822616577148e-01,-2.272720038890838623e-01,1.134742870926856995e-01,-3.239454329013824463e-01,-1.747213006019592285e-01,6.274940073490142822e-02,4.159607887268066406e-01,5.566837266087532043e-02,2.114206925034523010e-02,7.433212827891111374e-03,-2.639803476631641388e-02,-1.550521016120910645e+00,1.132963299751281738e+00,6.311560273170471191e-01,1.095720052719116211e+00,-1.206275671720504761e-01,-2.358083724975585938e-01,-1.229614838957786560e-01,-1.671168446540832520e+00,-1.090288639068603516e+00,-6.460751891136169434e-01,1.095684647560119629e+00,1.914429664611816406e-01,-1.878338754177093506e-01,-1.146159172058105469e-01
-6.212374567985534668e-02,-2.431736469268798828e+00,9.333425164222717285e-01,-2.095419913530349731e-02,-3.998562693595886230e-02,-7.092996239662170410e-01,7.034600973129272461e-01,8.959485590457916260e-02,3.077647089958190918e-01,1.507471054792404175e-01,4.005760420113801956e-03,5.235999822616577148e-01,-1.907361000776290894e-01,1.205590218305587769e-01,-3.478327691555023193e-01,-1.649810671806335449e-01,7.105559110641479492e-02,4.476388990879058838e-01,4.544832929968833923e-02,2.199013903737068176e-02,9.554473683238029480e-03,-2.212927117943763733e-02,-1.685403347015380859e+00,1.096863746643066406e+00,5.243009328842163086e-01,1.089635014533996582e+00,-1.216338351368904114e-01,-2.479703128337860107e-01,-1.302287876605987549e-01,-1.800262331962585449e+00,-1.047197103500366211e+00,-5.130671262741088867e-01,1.098383307456970215e+00,1.869756430387496948e-01,-1.958349049091339111e-01,-1.094931289553642273e-01
-6.247245892882347107e-02,-2.431275606155395508e+00,9.147917628288269043e-01,-2.273286134004592896e-02,-4.213229194283485413e-02,-7.087172269821166992e-01,7.038664221763610840e-01,9.022150933742523193e-02,3.274107873439788818e-01,1.221223175525665283e-01,2.891757711768150330e-02,5.235999822616577148e-01,-1.646972596645355225e-01,1.257407814264297485e-01,-3.666589558124542236e-01,-1.235984489321708679e-01,8.462665230035781860e-02,5.018342137336730957e-01,5.952401459217071533e-02,2.136682346463203430e-02,1.114423759281635284e-02,-1.743662543594837189e-02,-1.814083337783813477e+00,1.051096200942993164e+00,4.315158724784851074e-01,1.091650366783142090e+00,-1.248439028859138489e-01,-2.605995535850524902e-01,-1.352634727954864502e-01,-1.923203349113464355e+00,-9.881290793418884277e-01,-4.021687805652618408e-01,1.110266208648681641e+00,1.859988719224929810e-01,-2.063834816217422485e-01,-1.051554009318351746e-01
-6.286457180976867676e-02,-2.430185317993164062e+00,8.937351107597351074e-01,-2.248139120638370514e-02,-4.175431281328201294e-02,-7.115707397460937500e-01,7.010123133659362793e-01,8.746045082807540894e-02,3.460516333580017090e-01,8.999856561422348022e-02,6.476120650768280029e-02,5.235999822616577148e-01,-1.428019851446151733e-01,1.338078379631042480e-01,-3.805189132690429688e-01,-7.812495529651641846e-02,8.379821479320526123e-02,4.771967828273773193e-01,7.645488530397415161e-02,2.995049394667148590e-02,1.218370161950588226e-02,-1.843580417335033417e-02,-1.930661439895629883e+00,9.938963055610656738e-01,3.506173193454742432e-01,1.098000288009643555e+00,-1.317089200019836426e-01,-2.731907069683074951e-01,-1.388858407735824585e-01,-2.029984951019287109e+00,-9.194612503051757812e-01,-3.165056705474853516e-01,1.125170111656188965e+00,1.918192505836486816e-01,-2.156128287315368652e-01,-9.978393465280532837e-02
-6.400291621685028076e-02,-2.427894830703735352e+00,8.694630861282348633e-01,-1.999556086957454681e-02,-3.625923395156860352e-02,-7.154502272605895996e-01,6.974356174468994141e-01,8.607583492994308472e-02,3.713298439979553223e-01,7.454439252614974976e-02,7.616311311721801758e-02,5.235999822616577148e-01,-1.171299144625663757e-01,1.408712863922119141e-01,-3.893566727638244629e-01,-6.080904603004455566e-02,8.053345233201980591e-02,2.728620171546936035e-01,9.000751376152038574e-02,4.143943637609481812e-02,1.583856157958507538e-02,-2.685862965881824493e-02,-2.025194406509399414e+00,9.295759797096252441e-01,2.806242108345031738e-01,1.096845626831054688e+00,-1.427223384380340576e-01,-2.881597578525543213e-01,-1.369237899780273438e-01,-2.113914489746093750e+00,-8.421233296394348145e-01,-2.584668397903442383e-01,1.131104469299316406e+00,2.041097432374954224e-01,-2.263208776712417603e-01,-9.478186070919036865e-02
-6.462790071964263916e-02,-2.426484346389770508e+00,8.416371345520019531e-01,-3.003364615142345428e-02,-3.982031717896461487e-02,-7.138453125953674316e-01,6.985250115394592285e-01,1.183800548315048218e-01,3.989207148551940918e-01,6.457014381885528564e-02,1.073392704129219055e-01,3.265116214752197266e-01,-1.702197790145874023e-01,1.403080523014068604e-01,-4.011300802230834961e-01,-5.918447300791740417e-02,2.060435563325881958e-01,-1.139338500797748566e-02,1.707788556814193726e-01,3.537018969655036926e-02,2.602802030742168427e-02,-9.261846542358398438e-03,-2.088634490966796875e+00,8.574516177177429199e-01,2.277906686067581177e-01,1.089899659156799316e+00,-1.696052700281143188e-01,-3.267989456653594971e-01,-1.500246971845626831e-01,-2.165999889373779297e+00,-7.418692111968994141e-01,-2.453321665525436401e-01,1.124648690223693848e+00,2.401932924985885620e-01,-2.694028019905090332e-01,-6.184257939457893372e-02
-6.485411524772644043e-02,-2.425277471542358398e+00,8.140788674354553223e-01,-3.545302525162696838e-02,-4.403617978096008301e-02,-7.132672071456909180e-01,6.986084580421447754e-01,1.305420249700546265e-01,4.198170900344848633e-01,7.682027667760848999e-02,1.750436723232269287e-01,1.087021157145500183e-01,-2.617473006248474121e-01,1.270083785057067871e-01,-4.206846058368682861e-01,-5.897899344563484192e-02,3.088193535804748535e-01,-1.840985715389251709e-01,2.373515516519546509e-01,3.251420706510543823e-02,2.995492517948150635e-02,-3.042274620383977890e-03,-2.122653722763061523e+00,7.825489044189453125e-01,1.893628239631652832e-01,1.068452835083007812e+00,-1.937476098537445068e-01,-3.438046276569366455e-01,-1.609717607498168945e-01,-2.196777820587158203e+00,-6.322172284126281738e-01,-2.548317909240722656e-01,1.106996536254882812e+00,2.773915529251098633e-01,-2.961969673633575439e-01,-2.076390199363231659e-02
-6.444744765758514404e-02,-2.423580646514892578e+00,7.873055338859558105e-01,-4.063729196786880493e-02,-5.367411673069000244e-02,-7.130563259124755859e-01,6.978670358657836914e-01,1.302158981561660767e-01,4.225716888904571533e-01,8.126275986433029175e-02,2.591333389282226562e-01,-4.970757290720939636e-02,-2.617999911308288574e-01,9.553389251232147217e-02,-4.468676149845123291e-01,-5.101160705089569092e-02,4.370442926883697510e-01,-2.945064306259155273e-01,2.611571252346038818e-01,3.181238844990730286e-02,2.696153149008750916e-02,9.363998658955097198e-03,-2.133797168731689453e+00,7.053250670433044434e-01,1.628339290618896484e-01,1.036523222923278809e+00,-2.139036208391189575e-01,-3.611541390419006348e-01,-1.661713570356369019e-01,-2.211538553237915039e+00,-5.236851572990417480e-01,-2.655305266380310059e-01,1.082315206527709961e+00,3.042794764041900635e-01,-3.090483546257019043e-01,3.953914716839790344e-02
-6.500967592000961304e-02,-2.420838594436645508e+00,7.612740397453308105e-01,-4.695619270205497742e-02,-6.397963315248489380e-02,-7.148386240005493164e-01,6.947714686393737793e-01,1.121615245938301086e-01,4.289600849151611328e-01,8.375392854213714600e-02,3.702892363071441650e-01,-1.374424248933792114e-01,-2.617999911308288574e-01,6.285556405782699585e-02,-4.643449187278747559e-01,-4.651311412453651428e-02,5.602740049362182617e-01,-3.789377510547637939e-01,2.297940254211425781e-01,3.234881535172462463e-02,2.468471042811870575e-02,2.583381347358226776e-02,-2.128795385360717773e+00,6.378300786018371582e-01,1.304255276918411255e-01,9.952454566955566406e-01,-2.362456619739532471e-01,-3.808057606220245361e-01,-1.923388540744781494e-01,-2.206488847732543945e+00,-4.109431803226470947e-01,-2.565675973892211914e-01,1.046215415000915527e+00,3.276513516902923584e-01,-3.377356231212615967e-01,7.921838015317916870e-02
-6.663105636835098267e-02,-2.418581724166870117e+00,7.392455935478210449e-01,-5.280766636133193970e-02,-7.191987335681915283e-02,-7.174913883209228516e-01,6.908292174339294434e-01,8.709577471017837524e-02,4.438823759555816650e-01,7.937365025281906128e-02,4.802776277065277100e-01,-1.862558871507644653e-01,-2.617999911308288574e-01,5.137192830443382263e-02,-4.736170172691345215e-01,-4.868099093437194824e-02,6.366551518440246582e-01,-4.478695094585418701e-01,2.016745507717132568e-01,3.424508497118949890e-02,2.088061161339282990e-02,3.813249990344047546e-02,-2.107941627502441406e+00,5.777993798255920410e-01,1.025970354676246643e-01,9.438871741294860840e-01,-2.566321194171905518e-01,-4.091213643550872803e-01,-2.263350784778594971e-01,-2.175036430358886719e+00,-3.304605782032012939e-01,-2.128658890724182129e-01,9.948462843894958496e-01,3.393349945545196533e-01,-3.621024489402770996e-01,1.340299397706985474e-01
-6.724146753549575806e-02,-2.416803121566772461e+00,7.242195606231689453e-01,-5.713207647204399109e-02,-7.899686694145202637e-02,-7.169585824012756348e-01,6.902649998664855957e-01,6.184259802103042603e-02,4.525629580020904541e-01,6.081866472959518433e-02,5.625517368316650391e-01,-2.132923305034637451e-01,-2.617999911308288574e-01,3.477092087268829346e-02,-4.893580377101898193e-01,-2.388786338269710541e-02,7.053961157798767090e-01,-4.572818279266357422e-01,2.553696036338806152e-01,3.118967823684215546e-02,1.418360136449337006e-02,4.632683843374252319e-02,-2.067738056182861328e+00,5.379986166954040527e-01,6.344551593065261841e-02,8.882241845130920410e-01,-2.787870168685913086e-01,-4.504470229148864746e-01,-2.603594362735748291e-01,-2.124159812927246094e+00,-2.913005053997039795e-01,-1.406299322843551636e-01,9.392279386520385742e-01,3.470501005649566650e-01,-3.928269445896148682e-01,1.632310152053833008e-01
-6.714019179344177246e-02,-2.416116476058959961e+00,7.144009470939636230e-01,-6.003779917955398560e-02,-8.325870335102081299e-02,-7.165541648864746094e-01,6.899373531341552734e-01,3.949764743447303772e-02,4.578290581703186035e-01,4.964726045727729797e-02,6.234858632087707520e-01,-2.362909317016601562e-01,-2.617999911308288574e-01,1.184990745969116688e-03,-4.966117739677429199e-01,-3.468740265816450119e-03,7.818228006362915039e-01,-4.700393974781036377e-01,2.611955702304840088e-01,3.091981820762157440e-02,8.992083370685577393e-03,5.115001276135444641e-02,-2.034578800201416016e+00,5.176947712898254395e-01,3.373743966221809387e-02,8.469706177711486816e-01,-2.916973829269409180e-01,-4.865254163742065430e-01,-2.392210066318511963e-01,-2.079787254333496094e+00,-2.943719923496246338e-01,-6.215181201696395874e-02,9.008179306983947754e-01,3.393885195255279541e-01,-4.196561574935913086e-01,1.551155298948287964e-01
-6.652919948101043701e-02,-2.417068243026733398e+00,7.070816159248352051e-01,-6.123135238885879517e-02,-8.469811826944351196e-02,-7.171187400817871094e-01,6.890701651573181152e-01,2.758264727890491486e-02,4.654860198497772217e-01,5.091663822531700134e-02,6.639532446861267090e-01,-2.588076889514923096e-01,-2.617999911308288574e-01,-2.023680508136749268e-02,-5.039480328559875488e-01,3.297352697700262070e-03,8.287872672080993652e-01,-4.900224506855010986e-01,2.447602599859237671e-01,3.390923142433166504e-02,6.836493965238332748e-03,5.198318138718605042e-02,-2.022153377532958984e+00,5.104869008064270020e-01,3.238568454980850220e-02,8.267436623573303223e-01,-2.697966396808624268e-01,-4.816207289695739746e-01,-1.910726875066757202e-01,-2.062778949737548828e+00,-3.154860138893127441e-01,-1.308049354702234268e-02,8.890259265899658203e-01,3.233147859573364258e-01,-4.067283868789672852e-01,1.060987859964370728e-01
-6.633080542087554932e-02,-2.419093370437622070e+00,7.030658721923828125e-01,-6.123722717165946960e-02,-8.645770698785781860e-02,-7.169944643974304199e-01,6.889804005622863770e-01,2.839594520628452301e-02,4.690780341625213623e-01,5.490288510918617249e-02,6.787320971488952637e-01,-2.712810635566711426e-01,-2.617999911308288574e-01,-2.162783965468406677e-02,-5.143107771873474121e-01,6.420211400836706161e-03,8.437336683273315430e-01,-5.002549290657043457e-01,2.517089247703552246e-01,3.834496065974235535e-02,3.216414712369441986e-03,5.178461968898773193e-02,-2.022001266479492188e+00,4.975024163722991943e-01,6.916943192481994629e-02,8.249167203903198242e-01,-2.501699924468994141e-01,-4.597378671169281006e-01,-1.600778251886367798e-01,-2.068661689758300781e+00,-3.308052122592926025e-01,-1.801871694624423981e-02,9.027765989303588867e-01,3.187963366508483887e-01,-3.674066662788391113e-01,8.196409791707992554e-02
-6.691772490739822388e-02,-2.422322511672973633e+00,7.049088478088378906e-01,-6.007803604006767273e-02,-8.659874647855758667e-02,-7.159861326217651367e-01,6.901124119758605957e-01,3.624435141682624817e-02,4.683840572834014893e-01,6.135205551981925964e-02,6.675193309783935547e-01,-2.660083174705505371e-01,-2.617999911308288574e-01,-1.052497234195470810e-02,-5.182774662971496582e-01,-1.892749802209436893e-03,8.341875076293945312e-01,-4.975604116916656494e-01,2.614911794662475586e-01,3.959940373897552490e-02,-1.667177712079137564e-04,4.846594482660293579e-02,-2.025523424148559570e+00,4.943064153194427490e-01,1.177736297249794006e-01,8.325006365776062012e-01,-2.501963675022125244e-01,-4.534971714019775391e-01,-1.557376086711883545e-01,-2.079388380050659180e+00,-3.502043187618255615e-01,-4.091895744204521179e-02,9.203510880470275879e-01,3.193245828151702881e-01,-3.427249193191528320e-01,8.655703812837600708e-02
-6.793248653411865234e-02,-2.426407575607299805e+00,7.137666940689086914e-01,-5.678664147853851318e-02,-8.432904630899429321e-02,-7.149316668510437012e-01,6.917634010314941406e-01,5.125586315989494324e-02,4.629283547401428223e-01,7.202395796775817871e-02,6.269175410270690918e-01,-2.352595776319503784e-01,-2.617999911308288574e-01,9.186331182718276978e-03,-5.140106081962585449e-01,-1.607411727309226990e-02,7.960507869720458984e-01,-4.755869805812835693e-01,2.616591453552246094e-01,4.271532595157623291e-02,-9.535235003568232059e-04,3.920388221740722656e-02,-2.026821374893188477e+00,5.191740393638610840e-01,1.563969999551773071e-01,8.544246554374694824e-01,-2.543679475784301758e-01,-4.601373076438903809e-01,-1.616921871900558472e-01,-2.094959259033203125e+00,-3.836520612239837646e-01,-6.989511847496032715e-02,9.419557452201843262e-01,3.204625844955444336e-01,-3.343053460121154785e-01,6.835627555847167969e-02
-6.912715733051300049e-02,-2.431722164154052734e+00,7.283796072006225586e-01,-5.196358263492584229e-02,-8.032111078500747681e-02,-7.145440578460693359e-01,6.930188536643981934e-01,7.554306089878082275e-02,4.513205587863922119e-01,8.553611487150192261e-02,5.595402121543884277e-01,-1.852815747261047363e-01,-2.617999911308288574e-01,3.888585790991783142e-02,-5.037393569946289062e-01,-3.401783853769302368e-02,7.282319068908691406e-01,-4.354059696197509766e-01,2.615339457988739014e-01,4.554993659257888794e-02,3.386264143045991659e-04,2.486100606620311737e-02,-2.020936727523803711e+00,5.716315507888793945e-01,1.841250956058502197e-01,8.819105625152587891e-01,-2.575689852237701416e-01,-4.698308110237121582e-01,-1.699783504009246826e-01,-2.108436107635498047e+00,-4.269751608371734619e-01,-1.008140295743942261e-01,9.655141830444335938e-01,3.201852738857269287e-01,-3.345231115818023682e-01,7.496687024831771851e-02
-7.074967771768569946e-02,-2.438101291656494141e+00,7.481988072395324707e-01,-4.637195542454719543e-02,-7.528620213270187378e-02,-7.151284813880920410e-01,6.933779120445251465e-01,1.045595332980155945e-01,4.370258450508117676e-01,1.027220189571380615e-01,4.758464097976684570e-01,-1.091125234961509705e-01,-2.617999911308288574e-01,7.701901346445083618e-02,-4.875156581401824951e-01,-5.695005878806114197e-02,6.348170042037963867e-01,-3.755079209804534912e-01,2.541881799697875977e-01,5.000941455364227295e-02,2.706917468458414078e-03,7.666046731173992157e-03,-2.006120681762695312e+00,6.470884084701538086e-01,2.009603828191757202e-01,9.165395498275756836e-01,-2.554262578487396240e-01,-4.669350087642669678e-01,-1.682941913604736328e-01,-2.119641780853271484e+00,-4.818550646305084229e-01,-1.438650786876678467e-01,9.957487583160400391e-01,3.207525610923767090e-01,-3.363724946975708008e-01,7.604833692312240601e-02
-7.168859988451004028e-02,-2.445233583450317383e+00,7.723764777183532715e-01,-4.408887401223182678e-02,-7.263324409723281860e-02,-7.175932526588439941e-01,6.912600994110107422e-01,1.428008079528808594e-01,4.216608405113220215e-01,1.167837232351303101e-01,3.887149989604949951e-01,-1.395132206380367279e-02,-2.617999911308288574e-01,1.281781941652297974e-01,-4.660768508911132812e-01,-8.038493990898132324e-02,5.199481844902038574e-01,-2.944307625293731689e-01,2.336875498294830322e-01,6.079953536391258240e-02,8.015997707843780518e-03,-4.008537158370018005e-03,-1.981431365013122559e+00,7.189953327178955078e-01,2.393737435340881348e-01,9.524158239364624023e-01,-2.650482654571533203e-01,-4.625347554683685303e-01,-1.682483106851577759e-01,-2.124690532684326172e+00,-5.481160879135131836e-01,-1.898520290851593018e-01,1.032682538032531738e+00,3.214892446994781494e-01,-3.314624428749084473e-01,7.514641433954238892e-02
-7.212784141302108765e-02,-2.451194524765014648e+00,7.994542121887207031e-01,-4.126553609967231750e-02,-6.813200563192367554e-02,-7.205473780632019043e-01,6.888154149055480957e-01,1.641712188720703125e-01,4.090996980667114258e-01,1.238457933068275452e-01,3.052069246768951416e-01,1.056223958730697632e-01,-2.617999911308288574e-01,1.651463955640792847e-01,-4.402791857719421387e-01,-9.261101484298706055e-02,4.064113497734069824e-01,-1.935571283102035522e-01,1.974193155765533447e-01,7.574864476919174194e-02,1.358672138303518295e-02,-1.726590096950531006e-02,-1.963772773742675781e+00,7.824701070785522461e-01,3.027607500553131104e-01,1.000545859336853027e+00,-2.902691662311553955e-01,-4.434502422809600830e-01,-1.661821156740188599e-01,-2.128200292587280273e+00,-6.343463659286499023e-01,-2.284260541200637817e-01,1.071138381958007812e+00,3.101540803909301758e-01,-3.063980937004089355e-01,6.022323295474052429e-02
-7.207612693309783936e-02,-2.455602169036865234e+00,8.278025388717651367e-01,-4.057864472270011902e-02,-6.517536938190460205e-02,-7.223871946334838867e-01,6.872134208679199219e-01,1.753795295953750610e-01,3.978965878486633301e-01,1.383276134729385376e-01,2.266940921545028687e-01,2.545705735683441162e-01,-2.617999911308288574e-01,1.894751340150833130e-01,-4.159371256828308105e-01,-1.028577536344528198e-01,3.097519576549530029e-01,-6.952802091836929321e-02,1.479947715997695923e-01,8.685214072465896606e-02,2.355131320655345917e-02,-1.896445080637931824e-02,-1.905793309211730957e+00,8.778092265129089355e-01,3.255662024021148682e-01,1.032582640647888184e+00,-3.354643583297729492e-01,-4.289398789405822754e-01,-2.189405262470245361e-01,-2.124066591262817383e+00,-7.306024432182312012e-01,-2.574982047080993652e-01,1.097486853599548340e+00,2.879212796688079834e-01,-2.834648489952087402e-01,3.814553469419479370e-02
-7.116031646728515625e-02,-2.458773374557495117e+00,8.552283644676208496e-01,-3.870708122849464417e-02,-6.289630383253097534e-02,-7.241503596305847168e-01,6.856763958930969238e-01,1.771166920661926270e-01,3.784817755222320557e-01,1.704714447259902954e-01,1.575769037008285522e-01,4.277721047401428223e-01,-2.617999911308288574e-01,1.949151903390884399e-01,-4.012437462806701660e-01,-1.235536113381385803e-01,2.293545007705688477e-01,9.421335905790328979e-02,1.175206527113914490e-01,9.666313230991363525e-02,2.948526479303836823e-02,-2.018761262297630310e-02,-1.839454889297485352e+00,9.670674800872802734e-01,3.606402873992919922e-01,1.052005529403686523e+00,-2.503584623336791992e-01,-3.973394632339477539e-01,-1.634319573640823364e-01,-2.106915950775146484e+00,-8.331322073936462402e-01,-2.871875762939453125e-01,1.121036171913146973e+00,2.708254754543304443e-01,-2.706189751625061035e-01,1.289794780313968658e-02
-6.894379854202270508e-02,-2.461746931076049805e+00,8.805007934570312500e-01,-3.589797019958496094e-02,-6.295166164636611938e-02,-7.280626893043518066e-01,6.816693544387817383e-01,1.794411689043045044e-01,3.409125208854675293e-01,2.017894536256790161e-01,1.223643198609352112e-01,5.235999822616577148e-01,-2.617999911308288574e-01,1.946195811033248901e-01,-3.967433273792266846e-01,-1.536110192537307739e-01,1.520730853080749512e-01,2.778955101966857910e-01,1.457062512636184692e-01,1.079585850238800049e-01,3.116758540272712708e-02,-1.669433340430259705e-02,-1.761528372764587402e+00,1.051355481147766113e+00,4.224483072757720947e-01,1.079463481903076172e+00,-2.032648175954818726e-01,-3.950963020324707031e-01,-1.384323835372924805e-01,-2.079180479049682617e+00,-9.386318325996398926e-01,-3.220253288745880127e-01,1.142761230468750000e+00,2.578298151493072510e-01,-2.587515711784362793e-01,-1.905505359172821045e-02
-6.615433096885681152e-02,-2.464011907577514648e+00,9.029550552368164062e-01,-3.032239526510238647e-02,-6.427963823080062866e-02,-7.329815626144409180e-01,6.765254735946655273e-01,1.813157349824905396e-01,2.763423323631286621e-01,1.850254386663436890e-01,1.016908586025238037e-01,5.235999822616577148e-01,-2.617999911308288574e-01,1.907007247209548950e-01,-3.883000910282135010e-01,-1.683967560529708862e-01,9.350159764289855957e-02,4.346854984760284424e-01,2.045714408159255981e-01,1.172180175781250000e-01,2.611822634935379028e-02,-1.550665963441133499e-02,-1.656605124473571777e+00,1.132971048355102539e+00,4.981585741043090820e-01,1.100641250610351562e+00,-1.787036955356597900e-01,-3.830789625644683838e-01,-1.181916445493698120e-01,-2.024827718734741211e+00,-1.041718363761901855e+00,-3.659453988075256348e-01,1.155310034751892090e+00,2.512589395046234131e-01,-2.335660606622695923e-01,-5.309065431356430054e-02
-6.479421257972717285e-02,-2.465024948120117188e+00,9.216100573539733887e-01,-2.536879852414131165e-02,-5.973530188202857971e-02,-7.370636463165283203e-01,6.726999878883361816e-01,1.778971850872039795e-01,2.194045186042785645e-01,1.464964598417282104e-01,6.436331570148468018e-02,5.235999822616577148e-01,-2.617999911308288574e-01,1.808315217494964600e-01,-3.484656512737274170e-01,-1.552911847829818726e-01,6.186572089791297913e-02,4.412160217761993408e-01,2.050244063138961792e-01,1.221620589494705200e-01,2.652688324451446533e-02,-2.092526666820049286e-02,-1.524743080139160156e+00,1.204657196998596191e+00,5.955598950386047363e-01,1.114669442176818848e+00,-1.677140742540359497e-01,-3.574962913990020752e-01,-1.218568012118339539e-01,-1.935841202735900879e+00,-1.132102012634277344e+00,-4.482214748859405518e-01,1.153603672981262207e+00,2.509553134441375732e-01,-2.072207629680633545e-01,-8.073233067989349365e-02
-6.444001942873001099e-02,-2.465639829635620117e+00,9.359261393547058105e-01,-2.265298739075660706e-02,-5.321967229247093201e-02,-7.401641607284545898e-01,6.699339747428894043e-01,1.659609824419021606e-01,1.748479157686233521e-01,1.101345345377922058e-01,3.949721530079841614e-02,5.235999822616577148e-01,-2.617999911308288574e-01,1.630863845348358154e-01,-2.957420051097869873e-01,-1.273568272590637207e-01,5.640128627419471741e-02,3.952486515045166016e-01,1.891703605651855469e-01,1.230655238032341003e-01,2.969897910952568054e-02,-2.461830712854862213e-02,-1.367190837860107422e+00,1.258693695068359375e+00,7.109950184822082520e-01,1.123932957649230957e+00,-1.603543609380722046e-01,-3.393954336643218994e-01,-1.058632284402847290e-01,-1.802360296249389648e+00,-1.213929176330566406e+00,-5.583732128143310547e-01,1.150557398796081543e+00,2.575679421424865723e-01,-1.922927349805831909e-01,-9.209685772657394409e-02
-6.413409858942031860e-02,-2.466481208801269531e+00,9.463805556297302246e-01,-2.017996087670326233e-02,-4.754030704498291016e-02,-7.415851354598999023e-01,6.688678264617919922e-01,1.514320671558380127e-01,1.338405609130859375e-01,7.917696982622146606e-02,1.916390843689441681e-02,5.235555768013000488e-01,-2.617999911308288574e-01,1.409558653831481934e-01,-2.442663758993148804e-01,-9.761119633913040161e-02,6.730904430150985718e-02,3.517177700996398926e-01,1.843971610069274902e-01,1.193191185593605042e-01,3.140448778867721558e-02,-2.429794892668724060e-02,-1.183115243911743164e+00,1.294614434242248535e+00,8.496798872947692871e-01,1.129397749900817871e+00,-1.496896445751190186e-01,-3.245761990547180176e-01,-1.040326729416847229e-01,-1.633731961250305176e+00,-1.282578468322753906e+00,-6.762906312942504883e-01,1.149795532226562500e+00,2.588441073894500732e-01,-1.783362179994583130e-01,-1.092891171574592590e-01
-6.377421319484710693e-02,-2.467317581176757812e+00,9.523579478263854980e-01,-1.822409592568874359e-02,-4.247533157467842102e-02,-7.416961193084716797e-01,6.691417098045349121e-01,1.393387913703918457e-01,9.634951502084732056e-02,5.716638267040252686e-02,3.620777279138565063e-04,5.045064687728881836e-01,-2.617999911308288574e-01,1.203826740384101868e-01,-1.974975615739822388e-01,-7.180808484554290771e-02,8.165839314460754395e-02,2.976474463939666748e-01,2.125909775495529175e-01,1.138653233647346497e-01,3.259779512882232666e-02,-2.221713773906230927e-02,-1.009396314620971680e+00,1.295690298080444336e+00,9.913576245307922363e-01,1.134152173995971680e+00,-1.433629393577575684e-01,-3.205312192440032959e-01,-8.980544656515121460e-02,-1.423167824745178223e+00,-1.330671310424804688e+00,-8.164147138595581055e-01,1.152956962585449219e+00,2.488124668598175049e-01,-1.687617748975753784e-01,-1.232191994786262512e-01
-6.349091231822967529e-02,-2.468177795410156250e+00,9.545853734016418457e-01,-1.712905056774616241e-02,-3.848860412836074829e-02,-7.419238090515136719e-01,6.691593527793884277e-01,1.297343075275421143e-01,6.460806727409362793e-02,4.771508648991584778e-02,-1.103388424962759018e-02,4.590957462787628174e-01,-2.617999911308288574e-01,1.048591434955596924e-01,-1.540312021970748901e-01,-4.965540394186973572e-02,9.250602871179580688e-02,2.353433817625045776e-01,2.448824793100357056e-01,1.074308976531028748e-01,3.435861691832542419e-02,-1.856104098260402679e-02,-8.453918695449829102e-01,1.273627161979675293e+00,1.137315630912780762e+00,1.142992854118347168e+00,-1.476771533489227295e-01,-3.228046596050262451e-01,-1.067835241556167603e-01,-1.195495963096618652e+00,-1.343757510185241699e+00,-9.690169095993041992e-01,1.158845067024230957e+00,2.362893521785736084e-01,-1.661552935838699341e-01,-1.285598278045654297e-01
-6.318978220224380493e-02,-2.468899250030517578e+00,9.533619284629821777e-01,-1.707175374031066895e-02,-3.562843799591064453e-02,-7.409710288047790527e-01,6.703738570213317871e-01,1.229614391922950745e-01,4.090579971671104431e-02,5.509785935282707214e-02,-2.326202392578125000e-02,4.331690371036529541e-01,-2.617999911308288574e-01,9.273923933506011963e-02,-1.170292124152183533e-01,-3.655046969652175903e-02,9.748243540525436401e-02,2.245721518993377686e-01,2.488709539175033569e-01,9.804388880729675293e-02,3.568248823285102844e-02,-1.471819169819355011e-02,-7.209932804107666016e-01,1.228609681129455566e+00,1.257366657257080078e+00,1.153534889221191406e+00,-1.602004319429397583e-01,-3.286232650279998779e-01,-1.182869374752044678e-01,-9.857166409492492676e-01,-1.324501633644104004e+00,-1.112485527992248535e+00,1.167402505874633789e+00,2.346304953098297119e-01,-1.593576520681381226e-01,-1.245756074786186218e-01
-6.304880976676940918e-02,-2.469633817672729492e+00,9.493881464004516602e-01,-1.830661669373512268e-02,-3.314161673188209534e-02,-7.401985526084899902e-01,6.713215708732604980e-01,1.181098371744155884e-01,2.724872529506683350e-02,7.775389403104782104e-02,-3.115487098693847656e-02,4.201371669769287109e-01,-2.512016296386718750e-01,8.557679504156112671e-02,-8.865689486265182495e-02,-4.893351718783378601e-02,1.001214012503623962e-01,2.146428674459457397e-01,2.269683927297592163e-01,8.717130869626998901e-02,3.990253061056137085e-02,-1.006692275404930115e-02,-6.105765700340270996e-01,1.170749664306640625e+00,1.354466080665588379e+00,1.167642474174499512e+00,-1.617745012044906616e-01,-3.331246674060821533e-01,-1.157133802771568298e-01,-8.192257285118103027e-01,-1.277234315872192383e+00,-1.226717829704284668e+00,1.179416894912719727e+00,2.284726202487945557e-01,-1.549211889505386353e-01,-1.025624945759773254e-01
-6.230270490050315857e-02,-2.469953536987304688e+00,9.427078366279602051e-01,-1.873716153204441071e-02,-3.203213959932327271e-02,-7.382785081863403320e-01,6.734743118286132812e-01,1.118691638112068176e-01,1.551867648959159851e-02,1.010495871305465698e-01,-2.876571379601955414e-02,3.914475142955780029e-01,-2.157731354236602783e-01,7.977875322103500366e-02,-7.348345220088958740e-02,-6.419266760349273682e-02,1.066900864243507385e-01,1.888697892427444458e-01,2.123260945081710815e-01,7.019454240798950195e-02,4.031016305088996887e-02,-4.669284448027610779e-03,-5.133685469627380371e-01,1.096580624580383301e+00,1.429721355438232422e+00,1.178680181503295898e+00,-1.633162796497344971e-01,-3.493424355983734131e-01,-1.206260025501251221e-01,-6.912325024604797363e-01,-1.205921053886413574e+00,-1.314921140670776367e+00,1.193329095840454102e+00,2.238270044326782227e-01,-1.576243489980697632e-01,-1.227715462446212769e-01
-6.165985018014907837e-02,-2.469852924346923828e+00,9.330448508262634277e-01,-1.801322214305400848e-02,-3.091940470039844513e-02,-7.353802919387817383e-01,6.767091751098632812e-01,9.853122383356094360e-02,4.702667705714702606e-03,9.124901145696640015e-02,-1.436310447752475739e-02,3.593312799930572510e-01,-1.856820732355117798e-01,6.875386834144592285e-02,-6.187123060226440430e-02,-5.440406501293182373e-02,1.182545572519302368e-01,1.716666966676712036e-01,2.056066393852233887e-01,5.045604333281517029e-02,3.983377292752265930e-02,1.762443920597434044e-03,-4.323177635669708252e-01,1.009119391441345215e+00,1.482982635498046875e+00,1.187026023864746094e+00,-1.678948551416397095e-01,-3.635152876377105713e-01,-1.286654919385910034e-01,-5.868604183197021484e-01,-1.121302127838134766e+00,-1.368648648262023926e+00,1.202378511428833008e+00,2.110049724578857422e-01,-1.716899126768112183e-01,-1.139427796006202698e-01
-6.128521636128425598e-02,-2.469177484512329102e+00,9.204040765762329102e-01,-1.649358123540878296e-02,-2.898330986499786377e-02,-7.322237491607666016e-01,6.802472472190856934e-01,7.652321457862854004e-02,-5.045101046562194824e-03,5.781789496541023254e-02,7.770547643303871155e-03,3.457431495189666748e-01,-1.506332606077194214e-01,5.364926531910896301e-02,-5.104300379753112793e-02,-2.556646801531314850e-02,1.281360536813735962e-01,1.567815542221069336e-01,2.140680700540542603e-01,2.911924198269844055e-02,3.794329240918159485e-02,8.250176906585693359e-03,-3.683489263057708740e-01,9.159229397773742676e-01,1.526990413665771484e+00,1.193929791450500488e+00,-1.763426363468170166e-01,-3.667888641357421875e-01,-1.465055495500564575e-01,-5.091786384582519531e-01,-1.024192929267883301e+00,-1.402450323104858398e+00,1.208688855171203613e+00,1.937919855117797852e-01,-1.896263509988784790e-01,-1.079281941056251526e-01
-6.121079996228218079e-02,-2.468663692474365234e+00,9.045243263244628906e-01,-1.375128421932458878e-02,-2.651328034698963165e-02,-7.291374802589416504e-01,6.837152242660522461e-01,5.216206610202789307e-02,-1.001100800931453705e-02,3.292969986796379089e-02,3.276078402996063232e-02,3.401719331741333008e-01,-1.538566946983337402e-01,3.755588829517364502e-02,-4.748366400599479675e-02,-1.025486830621957779e-02,1.337589621543884277e-01,1.490620672702789307e-01,2.439303249120712280e-01,1.013315003365278244e-02,3.460369259119033813e-02,1.528006326407194138e-02,-3.208736181259155273e-01,8.168117403984069824e-01,1.550684213638305664e+00,1.197461605072021484e+00,-1.706538051366806030e-01,-3.849492669105529785e-01,-1.615429222583770752e-01,-4.411557018756866455e-01,-9.233139157295227051e-01,-1.421695828437805176e+00,1.208936214447021484e+00,1.829371750354766846e-01,-1.999752968549728394e-01,-1.094238609075546265e-01
-6.150322034955024719e-02,-2.468179702758789062e+00,8.860706090927124023e-01,-1.123203244060277939e-02,-2.358536608517169952e-02,-7.259965538978576660e-01,6.872019767761230469e-01,3.308565914630889893e-02,-9.062679484486579895e-03,2.184517681598663330e-02,5.855033546686172485e-02,2.878615558147430420e-01,-1.437064558267593384e-01,2.473708800971508026e-02,-4.316778108477592468e-02,-7.887191139161586761e-03,1.496984511613845825e-01,9.334524720907211304e-02,2.157548069953918457e-01,-7.374737877398729324e-03,3.138698264956474304e-02,2.371422760188579559e-02,-2.897711396217346191e-01,7.114822864532470703e-01,1.563252925872802734e+00,1.199924707412719727e+00,-1.709015369415283203e-01,-4.051913917064666748e-01,-1.664100587368011475e-01,-3.910101354122161865e-01,-8.161370158195495605e-01,-1.440353751182556152e+00,1.203367948532104492e+00,1.816477179527282715e-01,-2.191933393478393555e-01,-1.060452461242675781e-01
-6.153151020407676697e-02,-2.467825174331665039e+00,8.641263246536254883e-01,-8.914357051253318787e-03,-2.022323571145534515e-02,-7.255183458328247070e-01,6.878478527069091797e-01,2.600318379700183868e-02,-1.020681392401456833e-02,8.528533391654491425e-03,9.677786380052566528e-02,8.481742441654205322e-02,-8.944457024335861206e-02,1.554190274327993393e-02,-2.881927415728569031e-02,-1.472640596330165863e-02,2.038450539112091064e-01,-1.195558682084083557e-01,9.653039276599884033e-02,-1.664025150239467621e-02,3.083790093660354614e-02,3.316755965352058411e-02,-2.647522687911987305e-01,6.023750901222229004e-01,1.553013563156127930e+00,1.197430014610290527e+00,-1.736223697662353516e-01,-4.219429492950439453e-01,-1.626065224409103394e-01,-3.507083952426910400e-01,-7.075040340423583984e-01,-1.447211742401123047e+00,1.193402171134948730e+00,1.770007312297821045e-01,-2.314495891332626343e-01,-1.034717187285423279e-01
-6.153004989027976990e-02,-2.468067407608032227e+00,8.420420885086059570e-01,-1.258544158190488815e-02,-2.158824168145656586e-02,-7.260374426841735840e-01,6.872009634971618652e-01,2.576650492846965790e-02,-1.139672938734292984e-02,1.333404332399368286e-02,1.608880162239074707e-01,-9.735956788063049316e-02,-5.586748197674751282e-02,-1.651528989896178246e-03,-1.314738299697637558e-02,-2.841736376285552979e-02,2.925900518894195557e-01,-2.717041075229644775e-01,2.950248308479785919e-02,-2.288385108113288879e-02,3.016525134444236755e-02,6.080315262079238892e-02,-2.485100775957107544e-01,4.887001216411590576e-01,1.545227408409118652e+00,1.196568608283996582e+00,-1.689432263374328613e-01,-4.360010623931884766e-01,-1.674215048551559448e-01,-3.212990462779998779e-01,-6.021083593368530273e-01,-1.448670387268066406e+00,1.187336206436157227e+00,1.725544333457946777e-01,-2.309586107730865479e-01,-1.008729785680770874e-01
-6.178447604179382324e-02,-2.467985153198242188e+00,8.181732296943664551e-01,-2.297331765294075012e-02,-3.098285384476184845e-02,-7.279863357543945312e-01,6.845058202743530273e-01,-3.923262003809213638e-03,-1.743496209383010864e-02,2.754603698849678040e-02,3.196162879467010498e-01,-2.264365702867507935e-01,-2.211493067443370819e-02,-3.728633373975753784e-02,1.869293511845171452e-03,-3.402843326330184937e-02,4.572300612926483154e-01,-3.829149007797241211e-01,-4.636558890342712402e-02,-2.377850376069545746e-02,2.776549756526947021e-02,1.131391972303390503e-01,-2.373247742652893066e-01,3.771087229251861572e-01,1.530092358589172363e+00,1.189918398857116699e+00,-1.745226234197616577e-01,-4.135154783725738525e-01,-1.685780435800552368e-01,-2.958424389362335205e-01,-4.913266003131866455e-01,-1.431351065635681152e+00,1.172976016998291016e+00,1.762204170227050781e-01,-2.176642268896102905e-01,-1.056651100516319275e-01
-6.117586046457290649e-02,-2.468016624450683594e+00,7.934628725051879883e-01,-2.943080291152000427e-02,-3.984914720058441162e-02,-7.313410043716430664e-01,6.802104115486145020e-01,-5.475045740604400635e-02,-2.658724039793014526e-02,5.054157227277755737e-02,4.999289810657501221e-01,-3.391141593456268311e-01,1.730431057512760162e-02,-6.477537006139755249e-02,8.363709785044193268e-03,-3.441281244158744812e-02,5.925245881080627441e-01,-4.814074039459228516e-01,-1.071290671825408936e-01,-2.339458279311656952e-02,2.115767449140548706e-02,1.568491458892822266e-01,-2.252435982227325439e-01,2.571851313114166260e-01,1.525795817375183105e+00,1.182059049606323242e+00,-1.739806532859802246e-01,-4.050338864326477051e-01,-1.652325540781021118e-01,-2.687597572803497314e-01,-3.777427971363067627e-01,-1.384945631027221680e+00,1.156589508056640625e+00,1.770053207874298096e-01,-2.058595567941665649e-01,-1.095163747668266296e-01
-6.041130423545837402e-02,-2.469197273254394531e+00,7.701565623283386230e-01,-3.511188924312591553e-02,-4.691800475120544434e-02,-7.328403592109680176e-01,6.778723001480102539e-01,-9.955674409866333008e-02,-2.947426959872245789e-02,6.551146507263183594e-02,6.618966460227966309e-01,-4.377149343490600586e-01,3.893300518393516541e-02,-8.836143463850021362e-02,1.086599100381135941e-02,-1.888070255517959595e-02,7.131978869438171387e-01,-5.724064111709594727e-01,-1.257653385400772095e-01,-2.288031205534934998e-02,1.571127586066722870e-02,1.914151757955551147e-01,-2.171176522970199585e-01,1.356718391180038452e-01,1.525072455406188965e+00,1.174785494804382324e+00,-1.861142665147781372e-01,-3.876064121723175049e-01,-1.631073653697967529e-01,-2.375398874282836914e-01,-2.647464871406555176e-01,-1.348686575889587402e+00,1.142876625061035156e+00,1.769375801086425781e-01,-1.907791048288345337e-01,-1.123944818973541260e-01
-5.978129804134368896e-02,-2.471683740615844727e+00,7.491326928138732910e-01,-4.121856391429901123e-02,-5.324655398726463318e-02,-7.336032986640930176e-01,6.762337684631347656e-01,-1.402551233768463135e-01,-2.967314049601554871e-02,6.717281043529510498e-02,8.138647079467773438e-01,-5.229414105415344238e-01,4.176956042647361755e-02,-1.313708722591400146e-01,1.422586385160684586e-02,-9.305365383625030518e-03,8.675005435943603516e-01,-6.504505872726440430e-01,-1.202204152941703796e-01,-1.943607814610004425e-02,1.339748222380876541e-02,2.230442166328430176e-01,-1.931457668542861938e-01,1.955323852598667145e-02,1.484339952468872070e+00,1.161100268363952637e+00,-1.917228251695632935e-01,-3.340461552143096924e-01,-1.499290615320205688e-01,-2.053505629301071167e-01,-1.625683307647705078e-01,-1.322371006011962891e+00,1.132466554641723633e+00,1.848852187395095825e-01,-1.517846137285232544e-01,-1.080032512545585632e-01
-5.898895114660263062e-02,-2.474290370941162109e+00,7.297707200050354004e-01,-4.472083970904350281e-02,-5.678894370794296265e-02,-7.351457476615905762e-01,6.740443110466003418e-01,-1.800973117351531982e-01,-2.840907312929630280e-02,7.080826908349990845e-02,9.449113011360168457e-01,-6.020037531852722168e-01,3.940744698047637939e-02,-1.769352406263351440e-01,1.727759279310703278e-02,-5.635827779769897461e-03,1.007033824920654297e+00,-7.271295189857482910e-01,-1.275574415922164917e-01,-1.457723043859004974e-02,1.271025277674198151e-02,2.449527084827423096e-01,-1.632719039916992188e-01,-8.496261388063430786e-02,1.430818676948547363e+00,1.145685672760009766e+00,-1.890209466218948364e-01,-2.740448415279388428e-01,-1.340261697769165039e-01,-1.769738942384719849e-01,-7.097848504781723022e-02,-1.296374201774597168e+00,1.121064662933349609e+00,1.844127178192138672e-01,-1.147576496005058289e-01,-9.382556378841400146e-02
-5.762941017746925354e-02,-2.478025436401367188e+00,7.121632695198059082e-01,-4.691371694207191467e-02,-5.780323222279548645e-02,-7.389535903930664062e-01,6.696308851242065430e-01,-2.111337482929229736e-01,-2.175983972847461700e-02,8.432823419570922852e-02,1.053817629814147949e+00,-6.797524094581604004e-01,4.341790825128555298e-02,-2.086769044399261475e-01,1.613680645823478699e-02,-8.414153126068413258e-04,1.111099243164062500e+00,-8.018742799758911133e-01,-1.261195391416549683e-01,-2.064734138548374176e-02,1.120398472994565964e-02,2.591328322887420654e-01,-1.167962849140167236e-01,-1.759686022996902466e-01,1.371132850646972656e+00,1.126667380332946777e+00,-1.891665756702423096e-01,-2.325008213520050049e-01,-1.180223003029823303e-01,-1.534751653671264648e-01,1.300880778580904007e-02,-1.250607252120971680e+00,1.105956554412841797e+00,1.821397989988327026e-01,-1.013069301843643188e-01,-8.949011564254760742e-02
-5.629987269639968872e-02,-2.482493162155151367e+00,6.982495188713073730e-01,-4.780491814017295837e-02,-5.824425444006919861e-02,-7.432522773742675781e-01,6.647543311119079590e-01,-2.286751270294189453e-01,-1.385735813528299332e-02,1.007741615176200867e-01,1.132053136825561523e+00,-7.405934333801269531e-01,4.707332327961921692e-02,-2.292767614126205444e-01,1.166958454996347427e-02,2.247508964501321316e-04,1.185525774955749512e+00,-8.601327538490295410e-01,-1.191432252526283264e-01,-2.677839808166027069e-02,1.035540644079446793e-02,2.678745985031127930e-01,-6.221403926610946655e-02,-2.411150932312011719e-01,1.294700980186462402e+00,1.101484775543212891e+00,-1.865930706262588501e-01,-1.818355321884155273e-01,-9.817122668027877808e-02,-1.251784265041351318e-01,7.908320426940917969e-02,-1.196363806724548340e+00,1.087177634239196777e+00,1.859108805656433105e-01,-9.008440375328063965e-02,-8.875742554664611816e-02
-5.539892986416816711e-02,-2.486223697662353516e+00,6.900918483734130859e-01,-4.866567999124526978e-02,-5.829544365406036377e-02,-7.457426786422729492e-01,6.618921160697937012e-01,-2.380746006965637207e-01,-5.655395798385143280e-03,1.122335121035575867e-01,1.181364297866821289e+00,-7.742604017257690430e-01,4.438916966319084167e-02,-2.424383908510208130e-01,6.491017993539571762e-03,-3.781614592298865318e-03,1.229543566703796387e+00,-8.726699948310852051e-01,-1.151620149612426758e-01,-2.579896710813045502e-02,1.159987878054380417e-02,2.717852592468261719e-01,-2.274758368730545044e-02,-2.704114019870758057e-01,1.222570776939392090e+00,1.078752398490905762e+00,-1.822186261415481567e-01,-1.279304623603820801e-01,-8.741564303636550903e-02,-1.001413762569427490e-01,1.198498532176017761e-01,-1.159544944763183594e+00,1.069822907447814941e+00,1.901173144578933716e-01,-6.628401577472686768e-02,-9.056993573904037476e-02
-5.490117520093917847e-02,-2.488820075988769531e+00,6.893212199211120605e-01,-4.800325259566307068e-02,-5.619357153773307800e-02,-7.466648221015930176e-01,6.610821485519409180e-01,-2.424477338790893555e-01,1.970885088667273521e-03,1.186031326651573181e-01,1.195166587829589844e+00,-7.876574397087097168e-01,3.952290490269660950e-02,-2.469022125005722046e-01,4.983770195394754410e-03,-7.101422641426324844e-03,1.236526012420654297e+00,-8.726699948310852051e-01,-1.121946722269058228e-01,-2.682632021605968475e-02,1.556890085339546204e-02,2.639255523681640625e-01,2.796285785734653473e-03,-2.625943422317504883e-01,1.175949692726135254e+00,1.059453010559082031e+00,-1.733366549015045166e-01,-8.074061572551727295e-02,-8.893489092588424683e-02,-8.589767664670944214e-02,1.332247704267501831e-01,-1.146149158477783203e+00,1.056696057319641113e+00,1.837277114391326904e-01,-3.864125162363052368e-02,-8.762160688638687134e-02
-5.431041494011878967e-02,-2.490880012512207031e+00,6.961030960083007812e-01,-4.533145204186439514e-02,-5.331237986683845520e-02,-7.458754181861877441e-01,6.623992323875427246e-01,-2.375790774822235107e-01,4.166352562606334686e-03,1.212746426463127136e-01,1.168515324592590332e+00,-7.750377655029296875e-01,3.511405363678932190e-02,-2.421036958694458008e-01,2.953187795355916023e-03,-9.039318189024925232e-03,1.213863372802734375e+00,-8.726699948310852051e-01,-1.099480986595153809e-01,-3.057505376636981964e-02,1.840770617127418518e-02,2.445021420717239380e-01,9.482135064899921417e-03,-2.307187914848327637e-01,1.188103914260864258e+00,1.043768405914306641e+00,-1.626910567283630371e-01,-6.890091300010681152e-02,-9.801114350557327271e-02,-8.085282891988754272e-02,1.208336874842643738e-01,-1.157106041908264160e+00,1.049169421195983887e+00,1.764127761125564575e-01,-2.606682665646076202e-02,-8.150371909141540527e-02
-5.386098101735115051e-02,-2.492403745651245117e+00,7.104842662811279297e-01,-4.078130424022674561e-02,-5.010167136788368225e-02,-7.444197535514831543e-01,6.645795702934265137e-01,-2.210605293512344360e-01,1.375480205751955509e-03,1.212502792477607727e-01,1.099284529685974121e+00,-7.332221269607543945e-01,2.916775830090045929e-02,-2.265330553054809570e-01,-1.080004149116575718e-03,-1.044603064656257629e-02,1.153424382209777832e+00,-8.506653904914855957e-01,-1.073631346225738525e-01,-3.344550728797912598e-02,1.906499452888965607e-02,2.181243598461151123e-01,-3.276085481047630310e-03,-1.736487150192260742e-01,1.251721501350402832e+00,1.036473035812377930e+00,-1.641307026147842407e-01,-7.961942255496978760e-02,-1.004429906606674194e-01,-8.183583617210388184e-02,8.371526747941970825e-02,-1.185663461685180664e+00,1.046223044395446777e+00,1.735262572765350342e-01,-2.982239797711372375e-02,-8.064010739326477051e-02
-5.359207838773727417e-02,-2.493378400802612305e+00,7.314178347587585449e-01,-3.544915467500686646e-02,-4.585165157914161682e-02,-7.424743771553039551e-01,6.673625111579895020e-01,-1.925095170736312866e-01,-2.634940203279256821e-03,1.193273216485977173e-01,9.907147288322448730e-01,-6.638090610504150391e-01,2.097979746758937836e-02,-1.993961930274963379e-01,-5.616583395749330521e-03,-1.388568151742219925e-02,1.051078796386718750e+00,-7.867360115051269531e-01,-1.026548147201538086e-01,-3.693505004048347473e-02,2.031001634895801544e-02,1.824824810028076172e-01,-2.725910581648349762e-02,-9.380611032247543335e-02,1.342587709426879883e+00,1.041555166244506836e+00,-1.765019744634628296e-01,-1.006071418523788452e-01,-8.959626406431198120e-02,-9.272469580173492432e-02,2.983997389674186707e-02,-1.244520545005798340e+00,1.047532439231872559e+00,1.804273128509521484e-01,-4.362921416759490967e-02,-8.674015104770660400e-02
-5.324190109968185425e-02,-2.494126796722412109e+00,7.561008334159851074e-01,-3.070815466344356537e-02,-4.158236086368560791e-02,-7.397891283035278320e-01,6.708501577377319336e-01,-1.656643301248550415e-01,-2.559885149821639061e-03,1.211370229721069336e-01,8.846560716629028320e-01,-5.863783955574035645e-01,1.182842813432216644e-02,-1.728602200746536255e-01,-1.287468057125806808e-02,-2.522943913936614990e-02,9.486667513847351074e-01,-7.140830755233764648e-01,-9.484637528657913208e-02,-3.870173916220664978e-02,2.248540148138999939e-02,1.453336477279663086e-01,-5.252395197749137878e-02,-6.540136411786079407e-03,1.419721245765686035e+00,1.036368608474731445e+00,-1.930797845125198364e-01,-1.088727116584777832e-01,-7.382225245237350464e-02,-1.033186689019203186e-01,-3.098185732960700989e-02,-1.311496615409851074e+00,1.034899592399597168e+00,1.940533518791198730e-01,-5.105048045516014099e-02,-1.000455096364021301e-01
-5.309019237756729126e-02,-2.493540287017822266e+00,7.865547537803649902e-01,-2.521538361907005310e-02,-3.579919785261154175e-02,-7.348569631576538086e-01,6.768071055412292480e-01,-1.215531229972839355e-01,-7.165910676121711731e-03,1.112457737326622009e-01,7.160734534263610840e-01,-4.427469074726104736e-01,-4.386008251458406448e-03,-1.279852390289306641e-01,-1.814239285886287689e-02,-3.534878045320510864e-02,7.872996330261230469e-01,-5.710335969924926758e-01,-7.048522680997848511e-02,-4.399810731410980225e-02,2.599454671144485474e-02,1.058001294732093811e-01,-9.306079149246215820e-02,1.149183213710784912e-01,1.492166757583618164e+00,1.073493123054504395e+00,-2.029216438531875610e-01,-1.255547702312469482e-01,-5.430553853511810303e-02,-1.311849504709243774e-01,-1.178625449538230896e-01,-1.399544239044189453e+00,1.052872061729431152e+00,2.074783444404602051e-01,-7.377902418375015259e-02,-1.231883019208908081e-01
-5.283252894878387451e-02,-2.492459774017333984e+00,8.191327452659606934e-01,-2.219514548778533936e-02,-3.170818090438842773e-02,-7.294939160346984863e-01,6.828913688659667969e-01,-7.790079712867736816e-02,-7.890057750046253204e-03,9.638154506683349609e-02,5.508137941360473633e-01,-3.013580739498138428e-01,-2.880093455314636230e-02,-8.619143068790435791e-02,-2.599791064858436584e-02,-4.286963492631912231e-02,6.344219446182250977e-01,-4.323251843452453613e-01,-2.353659644722938538e-02,-4.932100325822830200e-02,3.019423969089984894e-02,7.386470586061477661e-02,-1.328197270631790161e-01,2.363926619291305542e-01,1.532694816589355469e+00,1.103361010551452637e+00,-2.033043950796127319e-01,-1.350141763687133789e-01,-4.039865732192993164e-02,-1.603707373142242432e-01,-2.075176984071731567e-01,-1.475528717041015625e+00,1.059354901313781738e+00,2.177604436874389648e-01,-9.440800547599792480e-02,-1.468258351087570190e-01
-5.250887200236320496e-02,-2.489993810653686523e+00,8.506963849067687988e-01,-2.121144160628318787e-02,-2.982340380549430847e-02,-7.247691154479980469e-01,6.880192160606384277e-01,-4.281736537814140320e-02,-5.572168156504631042e-03,7.922235876321792603e-02,4.078567028045654297e-01,-1.303492188453674316e-01,-6.558907032012939453e-02,-5.260059610009193420e-02,-3.565100580453872681e-02,-4.745642468333244324e-02,4.995424747467041016e-01,-2.824185192584991455e-01,2.377596683800220490e-02,-5.108732357621192932e-02,3.198862448334693909e-02,5.119661614298820496e-02,-1.795252412557601929e-01,3.577309846878051758e-01,1.556192159652709961e+00,1.128324270248413086e+00,-1.974651515483856201e-01,-1.502679288387298584e-01,-3.459967300295829773e-02,-1.936737895011901855e-01,-3.011890351772308350e-01,-1.534894108772277832e+00,1.062786936759948730e+00,2.252725511789321899e-01,-1.166137084364891052e-01,-1.642805188894271851e-01
-5.227004364132881165e-02,-2.487581729888916016e+00,8.802830576896667480e-01,-2.012421190738677979e-02,-2.829477749764919281e-02,-7.206524610519409180e-01,6.924264430999755859e-01,-1.600531302392482758e-02,4.320752806961536407e-03,5.794426426291465759e-02,2.771350145339965820e-01,6.135754659771919250e-02,-1.564708203077316284e-01,-2.838010899722576141e-02,-4.874165728688240051e-02,-4.390395432710647583e-02,3.776529431343078613e-01,-1.207527816295623779e-01,9.453835338354110718e-02,-5.083537846803665161e-02,3.146848455071449280e-02,3.329350426793098450e-02,-2.346325516700744629e-01,4.774695336818695068e-01,1.569058179855346680e+00,1.149580001831054688e+00,-1.900559067726135254e-01,-1.734350919723510742e-01,-3.417726606130599976e-02,-2.306106239557266235e-01,-4.005154967308044434e-01,-1.578953385353088379e+00,1.067561149597167969e+00,2.320521175861358643e-01,-1.402980089187622070e-01,-1.740047484636306763e-01
-5.155279114842414856e-02,-2.485088586807250977e+00,9.057466387748718262e-01,-1.893080212175846100e-02,-2.676887437701225281e-02,-7.160759568214416504e-01,6.972519159317016602e-01,3.732929006218910217e-03,1.959105581045150757e-02,4.096765443682670593e-02,1.692254543304443359e-01,2.726735174655914307e-01,-2.617956995964050293e-01,-1.014552358537912369e-02,-6.982148438692092896e-02,-3.198923543095588684e-02,2.796986699104309082e-01,7.936603575944900513e-02,2.193015962839126587e-01,-5.100413039326667786e-02,2.985510788857936859e-02,1.851279661059379578e-02,-3.039163649082183838e-01,5.948939919471740723e-01,1.577310204505920410e+00,1.166936278343200684e+00,-1.855391412973403931e-01,-1.953940838575363159e-01,-3.713413327932357788e-02,-2.712229192256927490e-01,-5.081253647804260254e-01,-1.605900168418884277e+00,1.076092839241027832e+00,2.342880070209503174e-01,-1.571777164936065674e-01,-1.769717931747436523e-01
-5.059468001127243042e-02,-2.482815265655517578e+00,9.268411993980407715e-01,-1.488250866532325745e-02,-2.548599243164062500e-02,-7.107127308845520020e-01,7.028629779815673828e-01,1.628592982888221741e-02,3.016450628638267517e-02,5.241049081087112427e-02,8.232629299163818359e-02,4.583361446857452393e-01,-2.617999911308288574e-01,6.308489479124546051e-03,-9.390139579772949219e-02,-2.504773437976837158e-02,1.966889649629592896e-01,2.636577785015106201e-01,2.617999911308288574e-01,-5.245751887559890747e-02,2.325654774904251099e-02,2.981075551360845566e-03,-3.851256966590881348e-01,7.071760892868041992e-01,1.562662601470947266e+00,1.178230404853820801e+00,-1.838214546442031860e-01,-2.116908431053161621e-01,-4.110179096460342407e-02,-3.149218261241912842e-01,-6.251342892646789551e-01,-1.615022897720336914e+00,1.090810656547546387e+00,2.335150539875030518e-01,-1.604927480220794678e-01,-1.774665564298629761e-01
-5.014823749661445618e-02,-2.480474948883056641e+00,9.440521001815795898e-01,-1.107054762542247772e-02,-2.110905572772026062e-02,-7.079297304153442383e-01,7.058805823326110840e-01,2.544492483139038086e-02,5.177728086709976196e-02,7.043391466140747070e-02,2.039139531552791595e-02,5.235967636108398438e-01,-2.617999911308288574e-01,1.933603174984455109e-02,-1.129711121320724487e-01,-1.919125579297542572e-02,1.281167566776275635e-01,3.493114411830902100e-01,2.617999911308288574e-01,-5.211906507611274719e-02,2.061506547033786774e-02,-1.153032854199409485e-02,-4.716826975345611572e-01,8.187609910964965820e-01,1.525156855583190918e+00,1.183937549591064453e+00,-1.831057220697402954e-01,-2.192935645580291748e-01,-4.467847943305969238e-02,-3.727346658706665039e-01,-7.406607866287231445e-01,-1.605790615081787109e+00,1.102393269538879395e+00,2.318436950445175171e-01,-1.563104242086410522e-01,-1.783007830381393433e-01
-4.953410476446151733e-02,-2.478085041046142578e+00,9.570473432540893555e-01,-8.419340476393699646e-03,-1.678411848843097687e-02,-7.070311307907104492e-01,7.069331407546997070e-01,3.127377852797508240e-02,7.788227498531341553e-02,8.582004159688949585e-02,-1.500051375478506088e-02,5.235962867736816406e-01,-2.617999911308288574e-01,2.662540599703788757e-02,-1.331270486116409302e-01,-1.144759263843297958e-02,8.833832293748855591e-02,3.616919219493865967e-01,2.617999911308288574e-01,-5.230944603681564331e-02,2.053647115826606750e-02,-1.918466947972774506e-02,-5.600048303604125977e-01,9.249890446662902832e-01,1.466227531433105469e+00,1.183303713798522949e+00,-1.790269166231155396e-01,-2.236668020486831665e-01,-5.018796771764755249e-02,-4.487892985343933105e-01,-8.517814874649047852e-01,-1.575505256652832031e+00,1.108750462532043457e+00,2.319642901420593262e-01,-1.500693410634994507e-01,-1.775356680154800415e-01
-4.871629923582077026e-02,-2.475469112396240234e+00,9.661986231803894043e-01,-7.507923059165477753e-03,-1.401125174015760422e-02,-7.069038152694702148e-01,7.071310877799987793e-01,3.740200400352478027e-02,1.066652163863182068e-01,1.054161116480827332e-01,-3.366624191403388977e-02,5.100045800209045410e-01,-2.617999911308288574e-01,2.756166085600852966e-02,-1.575644314289093018e-01,-1.433935109525918961e-02,7.486098259687423706e-02,3.554284572601318359e-01,2.617999911308288574e-01,-5.217902734875679016e-02,2.174717932939529419e-02,-2.019469067454338074e-02,-6.644750833511352539e-01,1.019225955009460449e+00,1.387793302536010742e+00,1.180798411369323730e+00,-1.732721328735351562e-01,-2.266574949026107788e-01,-5.902118235826492310e-02,-5.589032769203186035e-01,-9.521963596343994141e-01,-1.540901422500610352e+00,1.113298058509826660e+00,2.357160747051239014e-01,-1.492617130279541016e-01,-1.767545491456985474e-01
-4.803099110722541809e-02,-2.472756624221801758e+00,9.721514582633972168e-01,-8.250002749264240265e-03,-1.427349820733070374e-02,-7.076061964035034180e-01,7.064146995544433594e-01,4.134768620133399963e-02,1.371345818042755127e-01,1.291195154190063477e-01,-3.056481666862964630e-02,5.040429830551147461e-01,-2.617999911308288574e-01,2.634530141949653625e-02,-1.868648529052734375e-01,-2.934276685118675232e-02,7.700907438993453979e-02,3.605292141437530518e-01,2.617999911308288574e-01,-4.982795193791389465e-02,2.181442826986312866e-02,-1.310275960713624954e-02,-7.817906141281127930e-01,1.098981976509094238e+00,1.296489000320434570e+00,1.174821853637695312e+00,-1.681431084871292114e-01,-2.269541025161743164e-01,-6.553259491920471191e-02,-6.935670971870422363e-01,-1.040437817573547363e+00,-1.483035445213317871e+00,1.118209838867187500e+00,2.410226315259933472e-01,-1.510238796472549438e-01,-1.720719933509826660e-01
-4.769689589738845825e-02,-2.469696521759033203e+00,9.747692346572875977e-01,-1.054579298943281174e-02,-1.567943952977657318e-02,-7.087467908859252930e-01,7.052098512649536133e-01,4.412554576992988586e-02,1.683772206306457520e-01,1.464144587516784668e-01,-2.072514593601226807e-02,5.136200189590454102e-01,-2.617999911308288574e-01,2.564013935625553131e-02,-2.144535481929779053e-01,-5.017665773630142212e-02,8.154649287462234497e-02,3.804064393043518066e-01,2.343749850988388062e-01,-4.381452500820159912e-02,2.162103168666362762e-02,-3.622353775426745415e-03,-9.280069470405578613e-01,1.155936121940612793e+00,1.190053462982177734e+00,1.165613770484924316e+00,-1.625141203403472900e-01,-2.256761640310287476e-01,-7.504258304834365845e-02,-8.406899571418762207e-01,-1.112210273742675781e+00,-1.394939184188842773e+00,1.121525168418884277e+00,2.446427494287490845e-01,-1.511505395174026489e-01,-1.617079526185989380e-01
-4.768311604857444763e-02,-2.466925144195556641e+00,9.739114046096801758e-01,-1.461201068013906479e-02,-1.752139627933502197e-02,-7.089750766754150391e-01,7.048643827438354492e-01,4.768288880586624146e-02,1.994670331478118896e-01,1.576470136642456055e-01,-7.617801893502473831e-03,5.235999822616577148e-01,-2.417932897806167603e-01,3.124308772385120392e-02,-2.373935431241989136e-01,-6.759440898895263672e-02,8.209600299596786499e-02,4.110508859157562256e-01,1.846551448106765747e-01,-3.771405667066574097e-02,2.316338196396827698e-02,5.627470090985298157e-03,-1.096906661987304688e+00,1.183335661888122559e+00,1.073786377906799316e+00,1.153680205345153809e+00,-1.559630036354064941e-01,-2.254073023796081543e-01,-8.322685211896896362e-02,-1.003691196441650391e+00,-1.162243366241455078e+00,-1.279116511344909668e+00,1.120417952537536621e+00,2.443155348300933838e-01,-1.509534716606140137e-01,-1.483156532049179077e-01
-4.735361039638519287e-02,-2.464699983596801758e+00,9.703657031059265137e-01,-1.709356531500816345e-02,-1.998349837958812714e-02,-7.081502079963684082e-01,7.055719494819641113e-01,5.274132639169692993e-02,2.244976460933685303e-01,1.752790957689285278e-01,1.429154071956872940e-03,5.235999822616577148e-01,-2.092874199151992798e-01,4.206823557615280151e-02,-2.620567381381988525e-01,-8.470191806554794312e-02,7.660476863384246826e-02,4.424362182617187500e-01,1.348808556795120239e-01,-3.622674196958541870e-02,2.249111793935298920e-02,1.112703699618577957e-02,-1.250205397605895996e+00,1.196468949317932129e+00,9.459083080291748047e-01,1.135890483856201172e+00,-1.449468284845352173e-01,-2.307116687297821045e-01,-9.150701016187667847e-02,-1.172659516334533691e+00,-1.185490608215332031e+00,-1.129613757133483887e+00,1.111559152603149414e+00,2.355301529169082642e-01,-1.567252427339553833e-01,-1.357662528753280640e-01
-4.687224701046943665e-02,-2.462583065032958984e+00,9.637101292610168457e-01,-1.846575736999511719e-02,-2.181983552873134613e-02,-7.083008289337158203e-01,7.053317427635192871e-01,5.936660245060920715e-02,2.461940944194793701e-01,1.842738240957260132e-01,5.504944361746311188e-03,5.235999822616577148e-01,-1.903507858514785767e-01,5.194173753261566162e-02,-2.861704528331756592e-01,-9.810053557157516479e-02,7.195018976926803589e-02,4.618304967880249023e-01,1.009041517972946167e-01,-3.344006463885307312e-02,2.173546887934207916e-02,1.095364522188901901e-02,-1.405458688735961914e+00,1.187378406524658203e+00,8.072930574417114258e-01,1.115537285804748535e+00,-1.366094797849655151e-01,-2.364383637905120850e-01,-9.923668205738067627e-02,-1.341670155525207520e+00,-1.181264519691467285e+00,-9.695659875869750977e-01,1.097619652748107910e+00,2.242516130208969116e-01,-1.678012311458587646e-01,-1.249489411711692810e-01
-4.650344327092170715e-02,-2.460744619369506836e+00,9.533327817916870117e-01,-1.993378996849060059e-02,-2.390982024371623993e-02,-7.091876268386840820e-01,7.043322324752807617e-01,6.503574550151824951e-02,2.652935087680816650e-01,1.759943068027496338e-01,1.870832592248916626e-02,5.235999822616577148e-01,-1.703322976827621460e-01,6.047948449850082397e-02,-3.070955276489257812e-01,-9.790686517953872681e-02,7.408474385738372803e-02,4.835555553436279297e-01,7.738734036684036255e-02,-2.904012985527515411e-02,2.093278430402278900e-02,8.795738220214843750e-03,-1.554960966110229492e+00,1.164154171943664551e+00,6.828316450119018555e-01,1.103921294212341309e+00,-1.318742334842681885e-01,-2.430820614099502563e-01,-1.063222736120223999e-01,-1.512089967727661133e+00,-1.153032302856445312e+00,-8.177970051765441895e-01,1.088338851928710938e+00,2.154131829738616943e-01,-1.803463995456695557e-01,-1.146654039621353149e-01
-4.577713832259178162e-02,-2.459392786026000977e+00,9.394376873970031738e-01,-2.144570462405681610e-02,-2.588625997304916382e-02,-7.104561924934387207e-01,7.029380798339843750e-01,6.823898851871490479e-02,2.808471024036407471e-01,1.474487185478210449e-01,4.621251299977302551e-02,5.235999822616577148e-01,-1.520717740058898926e-01,6.692222505807876587e-02,-3.245894014835357666e-01,-7.668489962816238403e-02,8.353573083877563477e-02,5.201192498207092285e-01,7.205360382795333862e-02,-2.382424101233482361e-02,2.107510901987552643e-02,8.353359065949916840e-03,-1.700885772705078125e+00,1.127849936485290527e+00,5.688509345054626465e-01,1.098387956619262695e+00,-1.318629533052444458e-01,-2.517479062080383301e-01,-1.131803095340728760e-01,-1.671144366264343262e+00,-1.112883687019348145e+00,-6.698550581932067871e-01,1.084313273429870605e+00,2.084932774305343628e-01,-1.942702531814575195e-01,-1.080056801438331604e-01
-4.513787478208541870e-02,-2.458643913269042969e+00,9.220334291458129883e-01,-2.354261465370655060e-02,-2.858624607324600220e-02,-7.115304470062255859e-01,7.016786932945251465e-01,7.071073353290557861e-02,2.932494878768920898e-01,1.057875901460647583e-01,8.868232369422912598e-02,5.235999822616577148e-01,-1.397807300090789795e-01,7.178966701030731201e-02,-3.390273749828338623e-01,-3.945679962635040283e-02,1.142153814435005188e-01,5.235999822616577148e-01,7.085824757814407349e-02,-1.905880309641361237e-02,2.199144102632999420e-02,9.786325506865978241e-03,-1.838741898536682129e+00,1.078336477279663086e+00,4.673321247100830078e-01,1.102047920227050781e+00,-1.381662935018539429e-01,-2.612735629081726074e-01,-1.196343973278999329e-01,-1.822983860969543457e+00,-1.052520155906677246e+00,-5.411122441291809082e-01,1.092676758766174316e+00,2.058241069316864014e-01,-2.080046087503433228e-01,-1.021129339933395386e-01
-4.462439939379692078e-02,-2.456521511077880859e+00,9.019913077354431152e-01,-2.190307714045047760e-02,-2.692622877657413483e-02,-7.125888466835021973e-01,7.007227540016174316e-01,7.422500103712081909e-02,3.028240799903869629e-01,6.602559238672256470e-02,1.017898246645927429e-01,5.235999822616577148e-01,-1.308412551879882812e-01,7.184647023677825928e-02,-3.509230315685272217e-01,-7.342262659221887589e-03,1.277537494897842407e-01,5.233743786811828613e-01,6.821427494287490845e-02,-1.340330950915813446e-02,2.380623109638690948e-02,4.400624427944421768e-03,-1.964813947677612305e+00,1.016320109367370605e+00,3.866649270057678223e-01,1.110237956047058105e+00,-1.494159698486328125e-01,-2.721254229545593262e-01,-1.273293793201446533e-01,-1.958487510681152344e+00,-9.803933501243591309e-01,-4.378710389137268066e-01,1.107553601264953613e+00,2.094646543264389038e-01,-2.205408960580825806e-01,-9.478964656591415405e-02
-4.418243095278739929e-02,-2.453337192535400391e+00,8.785021305084228516e-01,-1.402334496378898621e-02,-1.739867031574249268e-02,-7.119438648223876953e-01,7.018806934356689453e-01,8.833018690347671509e-02,3.130946755409240723e-01,5.105042830109596252e-02,5.201360583305358887e-02,4.550465643405914307e-01,-1.219722032546997070e-01,7.724250853061676025e-02,-3.600452840328216553e-01,1.856352435424923897e-03,1.090258136391639709e-01,3.900677263736724854e-01,7.323724776506423950e-02,-1.281193550676107407e-02,2.700709365308284760e-02,-2.307255752384662628e-02,-2.059726476669311523e+00,9.455385208129882812e-01,3.168504834175109863e-01,1.112190961837768555e+00,-1.611366868019104004e-01,-2.848973870277404785e-01,-1.366512477397918701e-01,-2.059307575225830078e+00,-8.972348570823669434e-01,-3.596594631671905518e-01,1.118214368820190430e+00,2.172708958387374878e-01,-2.324465215206146240e-01,-8.969521522521972656e-02
-4.406290128827095032e-02,-2.452435016632080078e+00,8.532899022102355957e-01,-1.855349913239479065e-02,-2.071768790483474731e-02,-7.115838527679443359e-01,7.020505070686340332e-01,1.154581308364868164e-01,3.262749612331390381e-01,5.997680500149726868e-02,8.724558353424072266e-02,2.313427925109863281e-01,-1.350315958261489868e-01,9.426961839199066162e-02,-3.709976971149444580e-01,-8.804983226582407951e-04,1.662128865718841553e-01,1.352955996990203857e-01,8.019489049911499023e-02,-1.181792374700307846e-02,2.928029559552669525e-02,-1.666198298335075378e-02,-2.127729415893554688e+00,8.742762804031372070e-01,2.503364980220794678e-01,1.110056281089782715e+00,-1.789898872375488281e-01,-3.176070451736450195e-01,-1.546115577220916748e-01,-2.132922410964965820e+00,-8.054394125938415527e-01,-3.005853891372680664e-01,1.124837279319763184e+00,2.330667525529861450e-01,-2.609741687774658203e-01,-7.072173058986663818e-02
-4.396258294582366943e-02,-2.451038837432861328e+00,8.272145390510559082e-01,-2.746317721903324127e-02,-2.903611585497856140e-02,-7.128502726554870605e-01,7.001764774322509766e-01,1.262527704238891602e-01,3.428727686405181885e-01,6.578313559293746948e-02,1.798414289951324463e-01,-1.697016414254903793e-03,-2.176355272531509399e-01,9.814129024744033813e-02,-3.856199979782104492e-01,1.694415579549968243e-03,2.643284201622009277e-01,-1.112709492444992065e-01,1.247909143567085266e-01,-6.516552530229091644e-03,3.147129341959953308e-02,-1.209391397424042225e-03,-2.158649444580078125e+00,7.986407876014709473e-01,1.974332481622695923e-01,1.088279128074645996e+00,-1.972315758466720581e-01,-3.515799939632415771e-01,-1.788100451231002808e-01,-2.169129133224487305e+00,-6.964714527130126953e-01,-2.733966112136840820e-01,1.111858129501342773e+00,2.617524862289428711e-01,-2.991145253181457520e-01,-3.743775933980941772e-02
-4.445815086364746094e-02,-2.448600053787231445e+00,8.026791214942932129e-01,-3.490789234638214111e-02,-3.688923269510269165e-02,-7.135801315307617188e-01,6.987302899360656738e-01,1.140309423208236694e-01,3.533840179443359375e-01,6.942366808652877808e-02,2.813867926597595215e-01,-1.549163162708282471e-01,-2.490534484386444092e-01,8.695907145738601685e-02,-3.994941115379333496e-01,8.173486217856407166e-03,3.617844283580780029e-01,-2.606557011604309082e-01,1.618213504552841187e-01,-1.704432186670601368e-03,3.315062820911407471e-02,9.764784947037696838e-03,-2.172671079635620117e+00,7.169827222824096680e-01,1.873128563165664673e-01,1.063025832176208496e+00,-2.150377035140991211e-01,-3.730010092258453369e-01,-1.932566463947296143e-01,-2.188687801361083984e+00,-5.777880549430847168e-01,-2.720546424388885498e-01,1.091030240058898926e+00,2.914400100708007812e-01,-3.242471516132354736e-01,6.278903223574161530e-03
-4.558977857232093811e-02,-2.443883419036865234e+00,7.782527804374694824e-01,-4.529742896556854248e-02,-4.978767782449722290e-02,-7.129828929901123047e-01,6.979432106018066406e-01,7.112172991037368774e-02,3.616564571857452393e-01,5.777228996157646179e-02,4.420906901359558105e-01,-2.275034785270690918e-01,-2.367120534181594849e-01,5.959551036357879639e-02,-4.133916497230529785e-01,2.365404926240444183e-02,4.947687387466430664e-01,-3.462221026420593262e-01,1.765890568494796753e-01,6.049411837011575699e-03,3.226844966411590576e-02,3.553550317883491516e-02,-2.174248456954956055e+00,6.318477392196655273e-01,1.704580634832382202e-01,1.050375580787658691e+00,-2.670290470123291016e-01,-4.266445040702819824e-01,-2.001541703939437866e-01,-2.196232318878173828e+00,-4.630306363105773926e-01,-2.740494608879089355e-01,1.063026428222656250e+00,3.176376819610595703e-01,-3.362556099891662598e-01,5.697489157319068909e-02
-4.598439484834671021e-02,-2.441152095794677734e+00,7.577398419380187988e-01,-5.152391642332077026e-02,-5.858931317925453186e-02,-7.126079797744750977e-01,6.972104907035827637e-01,3.936827555298805237e-02,3.699235618114471436e-01,5.848789587616920471e-02,5.585833191871643066e-01,-2.758900225162506104e-01,-2.166227996349334717e-01,3.707676008343696594e-02,-4.251562356948852539e-01,2.836962975561618805e-02,5.966609716415405273e-01,-4.107438623905181885e-01,1.613646298646926880e-01,1.187823899090290070e-02,3.126453235745429993e-02,4.731819406151771545e-02,-2.154185771942138672e+00,5.583686232566833496e-01,1.507715582847595215e-01,1.010158061981201172e+00,-2.864676713943481445e-01,-4.635820686817169189e-01,-2.543461322784423828e-01,-2.183267354965209961e+00,-3.748345077037811279e-01,-2.415375262498855591e-01,1.029113650321960449e+00,3.347958922386169434e-01,-3.465335667133331299e-01,1.086520552635192871e-01
-4.596446454524993896e-02,-2.439997196197509766e+00,7.404997944831848145e-01,-5.429738759994506836e-02,-6.359503418207168579e-02,-7.151354551315307617e-01,6.939659118652343750e-01,2.969767153263092041e-02,3.814508914947509766e-01,5.969805270433425903e-02,6.250175237655639648e-01,-3.091706931591033936e-01,-2.482477575540542603e-01,3.435310348868370056e-02,-4.369662702083587646e-01,1.883380860090255737e-02,6.371742486953735352e-01,-4.654179811477661133e-01,1.512998938560485840e-01,2.569891326129436493e-02,2.994137816131114960e-02,4.635409638285636902e-02,-2.119345426559448242e+00,5.118188858032226562e-01,1.131465509533882141e-01,9.616263508796691895e-01,-2.816959321498870850e-01,-4.915738999843597412e-01,-2.671862542629241943e-01,-2.148273944854736328e+00,-3.281954526901245117e-01,-1.711730062961578369e-01,9.919049739837646484e-01,3.391880393028259277e-01,-3.682859838008880615e-01,1.206033080816268921e-01
-4.571520909667015076e-02,-2.439876794815063477e+00,7.269616723060607910e-01,-5.598578229546546936e-02,-6.796301156282424927e-02,-7.166526317596435547e-01,6.918494105339050293e-01,2.288652956485748291e-02,3.873244225978851318e-01,5.495582893490791321e-02,6.727974414825439453e-01,-3.497393727302551270e-01,-2.617999911308288574e-01,3.586049750447273254e-02,-4.556717872619628906e-01,2.616112679243087769e-02,6.620017886161804199e-01,-4.944986701011657715e-01,2.040061354637145996e-01,3.739330917596817017e-02,2.517014928162097931e-02,4.240086674690246582e-02,-2.085835218429565430e+00,4.797545373439788818e-01,7.122008502483367920e-02,9.246301651000976562e-01,-2.721202969551086426e-01,-5.127093195915222168e-01,-2.417664825916290283e-01,-2.111808300018310547e+00,-3.134186565876007080e-01,-1.047772765159606934e-01,9.616892933845520020e-01,3.306447267532348633e-01,-3.836195766925811768e-01,9.610682725906372070e-02
-4.574629291892051697e-02,-2.439561843872070312e+00,7.169234156608581543e-01,-5.970924720168113708e-02,-7.405716925859451294e-02,-7.170538902282714844e-01,6.904954910278320312e-01,9.444865398108959198e-03,3.916247487068176270e-01,5.351271480321884155e-02,7.325789928436279297e-01,-3.752663731575012207e-01,-2.617999911308288574e-01,1.707411184906959534e-02,-4.697378277778625488e-01,4.350930824875831604e-02,7.223113775253295898e-01,-4.952611625194549561e-01,2.615166306495666504e-01,4.261361062526702881e-02,2.239745110273361206e-02,4.748036712408065796e-02,-2.057397842407226562e+00,4.632818400859832764e-01,4.460656270384788513e-02,8.925410509109497070e-01,-2.513599395751953125e-01,-5.159847736358642578e-01,-1.950244009494781494e-01,-2.088433742523193359e+00,-3.006653487682342529e-01,-7.283812016248703003e-02,9.416886568069458008e-01,3.272653520107269287e-01,-3.820534348487854004e-01,7.737024873495101929e-02
-4.583138227462768555e-02,-2.438646793365478516e+00,7.099374532699584961e-01,-6.323713064193725586e-02,-7.783132046461105347e-02,-7.175069451332092285e-01,6.892946362495422363e-01,-3.643542993813753128e-03,4.007346332073211670e-01,5.462069436907768250e-02,7.813775539398193359e-01,-3.868598937988281250e-01,-2.617999911308288574e-01,-8.642689324915409088e-03,-4.753876328468322754e-01,5.071923136711120605e-02,7.836401462554931641e-01,-5.052551627159118652e-01,2.571697533130645752e-01,4.754955321550369263e-02,2.507050707936286926e-02,5.341812968254089355e-02,-2.040494918823242188e+00,4.615907073020935059e-01,2.895880118012428284e-02,8.744491934776306152e-01,-2.407360374927520752e-01,-5.086997747421264648e-01,-1.651951819658279419e-01,-2.082367181777954102e+00,-2.943052947521209717e-01,-6.595002859830856323e-02,9.270398616790771484e-01,3.248984515666961670e-01,-3.571433424949645996e-01,7.383481413125991821e-02
-4.533053189516067505e-02,-2.438865423202514648e+00,7.071632146835327148e-01,-6.452852487564086914e-02,-7.830295711755752563e-02,-7.181731462478637695e-01,6.884272694587707520e-01,-6.849857512861490250e-03,4.073199927806854248e-01,5.730166658759117126e-02,7.999260425567626953e-01,-3.960852921009063721e-01,-2.617999911308288574e-01,-1.666072756052017212e-02,-4.811800718307495117e-01,5.089901387691497803e-02,8.012505769729614258e-01,-5.100017786026000977e-01,2.510573267936706543e-01,5.027144029736518860e-02,2.404671162366867065e-02,5.391405522823333740e-02,-2.038994789123535156e+00,4.500196874141693115e-01,5.158594623208045959e-02,8.518980741500854492e-01,-2.216134071350097656e-01,-4.687402844429016113e-01,-1.660516262054443359e-01,-2.081563711166381836e+00,-3.102340996265411377e-01,-7.018266618251800537e-02,9.173832535743713379e-01,3.253991007804870605e-01,-3.445653617382049561e-01,7.479046285152435303e-02
-4.573686048388481140e-02,-2.440477132797241211e+00,7.097824215888977051e-01,-6.302911043167114258e-02,-7.753200083971023560e-02,-7.174741029739379883e-01,6.893815994262695312e-01,-1.132626784965395927e-03,4.051551520824432373e-01,6.035349145531654358e-02,7.836679220199584961e-01,-3.910901248455047607e-01,-2.617999911308288574e-01,-6.807015743106603622e-03,-4.850622117519378662e-01,4.242316633462905884e-02,7.837448120117187500e-01,-5.066941976547241211e-01,2.576565146446228027e-01,5.328499153256416321e-02,2.244652807712554932e-02,4.969125613570213318e-02,-2.035287857055664062e+00,4.704969227313995361e-01,5.071877688169479370e-02,8.472037911415100098e-01,-2.138340473175048828e-01,-4.591997861862182617e-01,-1.568338125944137573e-01,-2.088474988937377930e+00,-3.456442058086395264e-01,-8.314769715070724487e-02,9.189950823783874512e-01,3.187752068042755127e-01,-3.410209715366363525e-01,6.586840748786926270e-02
-4.643031582236289978e-02,-2.443042278289794922e+00,7.176424860954284668e-01,-6.056090444326400757e-02,-7.529791444540023804e-02,-7.172002792358398438e-01,6.901350617408752441e-01,1.273351069539785385e-02,3.999151885509490967e-01,6.632821261882781982e-02,7.459591627120971680e-01,-3.700006306171417236e-01,-2.617999911308288574e-01,9.520404972136020660e-03,-4.820014238357543945e-01,2.823744527995586395e-02,7.472347617149353027e-01,-4.855200946331024170e-01,2.616178691387176514e-01,5.743672698736190796e-02,2.088914252817630768e-02,4.139542207121849060e-02,-2.037661314010620117e+00,4.954196810722351074e-01,6.951466202735900879e-02,8.627703785896301270e-01,-2.168655544519424438e-01,-4.659459292888641357e-01,-1.518473774194717407e-01,-2.103490114212036133e+00,-3.860540688037872314e-01,-1.246134638786315918e-01,9.375473260879516602e-01,3.199140131473541260e-01,-3.432652950286865234e-01,4.856109246611595154e-02
-4.719740524888038635e-02,-2.446245908737182617e+00,7.307886481285095215e-01,-5.698001384735107422e-02,-7.209329307079315186e-02,-7.178958058357238770e-01,6.900590062141418457e-01,3.846370428800582886e-02,3.903428614139556885e-01,7.664975523948669434e-02,6.802819967269897461e-01,-3.300497233867645264e-01,-2.617999911308288574e-01,3.085024654865264893e-02,-4.737078249454498291e-01,1.525930222123861313e-02,6.898850202560424805e-01,-4.426507651805877686e-01,2.615749835968017578e-01,5.876097828149795532e-02,2.145209349691867828e-02,3.051546029746532440e-02,-2.039585351943969727e+00,5.400298237800598145e-01,9.548390656709671021e-02,8.879595994949340820e-01,-2.168596386909484863e-01,-4.679061472415924072e-01,-1.448272168636322021e-01,-2.118087291717529297e+00,-4.317502081394195557e-01,-1.713221371173858643e-01,9.630491733551025391e-01,3.253525793552398682e-01,-3.403750061988830566e-01,3.670258820056915283e-02
-4.825443401932716370e-02,-2.449876785278320312e+00,7.483880519866943359e-01,-5.328983068466186523e-02,-6.825155764818191528e-02,-7.187719941139221191e-01,6.898324489593505859e-01,7.367039471864700317e-02,3.781528770923614502e-01,9.005983918905258179e-02,5.906680822372436523e-01,-2.708664536476135254e-01,-2.617999911308288574e-01,5.474679172039031982e-02,-4.599643945693969727e-01,1.781762461178004742e-03,6.201612353324890137e-01,-3.799745738506317139e-01,2.537083327770233154e-01,5.740620940923690796e-02,2.241343259811401367e-02,1.755338348448276520e-02,-2.037241697311401367e+00,6.008232235908508301e-01,1.216185316443443298e-01,9.188211560249328613e-01,-2.111281305551528931e-01,-4.586753547191619873e-01,-1.353727281093597412e-01,-2.125367403030395508e+00,-4.891243577003479004e-01,-2.147684991359710693e-01,9.907782077789306641e-01,3.277954161167144775e-01,-3.301432132720947266e-01,2.993533387780189514e-02
-4.968842864036560059e-02,-2.453214168548583984e+00,7.699874043464660645e-01,-5.088068917393684387e-02,-6.474313884973526001e-02,-7.188327312469482422e-01,6.902890801429748535e-01,1.105287745594978333e-01,3.656834959983825684e-01,1.009907126426696777e-01,4.911998212337493896e-01,-1.850260645151138306e-01,-2.617999911308288574e-01,7.930511236190795898e-02,-4.406806528568267822e-01,-1.106385141611099243e-02,5.462994575500488281e-01,-2.942411601543426514e-01,2.316829562187194824e-01,5.210473015904426575e-02,2.353481762111186981e-02,6.346906535327434540e-03,-2.026082515716552734e+00,6.714769601821899414e-01,1.464919596910476685e-01,9.501703977584838867e-01,-2.021544575691223145e-01,-4.415802955627441406e-01,-1.239084303379058838e-01,-2.119847536087036133e+00,-5.598812699317932129e-01,-2.449972927570343018e-01,1.016712069511413574e+00,3.246971964836120605e-01,-3.174061477184295654e-01,3.055224567651748657e-02
-5.127358064055442810e-02,-2.456120967864990234e+00,7.945466637611389160e-01,-4.970222339034080505e-02,-6.165846437215805054e-02,-7.174370288848876953e-01,6.921069622039794922e-01,1.389804631471633911e-01,3.544386327266693115e-01,1.027976647019386292e-01,3.971563875675201416e-01,-7.197608053684234619e-02,-2.617999911308288574e-01,9.911914169788360596e-02,-4.185227751731872559e-01,-2.024366520345211029e-02,4.766097068786621094e-01,-1.823999285697937012e-01,2.028182893991470337e-01,4.167895391583442688e-02,2.411733940243721008e-02,-1.932512619532644749e-03,-2.009247541427612305e+00,7.472549676895141602e-01,1.780499219894409180e-01,9.821862578392028809e-01,-1.926087290048599243e-01,-4.214327335357666016e-01,-1.132762506604194641e-01,-2.102279663085937500e+00,-6.421061158180236816e-01,-2.693108916282653809e-01,1.041797637939453125e+00,3.156375885009765625e-01,-3.064566254615783691e-01,2.545475214719772339e-02
-5.350713059306144714e-02,-2.459234237670898438e+00,8.212839961051940918e-01,-5.138762295246124268e-02,-5.940068885684013367e-02,-7.146868705749511719e-01,6.950204968452453613e-01,1.657341271638870239e-01,3.489199578762054443e-01,1.004141494631767273e-01,3.008257150650024414e-01,5.181940272450447083e-02,-2.617999911308288574e-01,1.219968646764755249e-01,-3.908284008502960205e-01,-3.320607915520668030e-02,4.032044708728790283e-01,-7.157209515571594238e-02,1.475102156400680542e-01,2.657903917133808136e-02,2.688211575150489807e-02,-4.494462627917528152e-03,-1.983248829841613770e+00,8.291944265365600586e-01,2.099959850311279297e-01,1.014222264289855957e+00,-1.879670917987823486e-01,-4.042096436023712158e-01,-1.100463792681694031e-01,-2.075811147689819336e+00,-7.257688045501708984e-01,-3.017724752426147461e-01,1.068119764328002930e+00,2.990991175174713135e-01,-2.999137043952941895e-01,1.796265877783298492e-02
-5.590082705020904541e-02,-2.460891246795654297e+00,8.484651446342468262e-01,-5.098887532949447632e-02,-5.696433410048484802e-02,-7.103516459465026855e-01,6.996825933456420898e-01,1.750782579183578491e-01,3.398639559745788574e-01,1.087638661265373230e-01,2.061099857091903687e-01,1.950451880693435669e-01,-2.147295475006103516e-01,1.372510194778442383e-01,-3.671410381793975830e-01,-5.712469294667243958e-02,3.242319226264953613e-01,4.546868056058883667e-02,8.270727843046188354e-02,7.732909172773361206e-03,2.561255358159542084e-02,-8.237113244831562042e-03,-1.945091247558593750e+00,9.153464436531066895e-01,2.418362051248550415e-01,1.043130517005920410e+00,-1.793026626110076904e-01,-3.925976753234863281e-01,-1.121178418397903442e-01,-2.037218093872070312e+00,-8.154547214508056641e-01,-3.389863967895507812e-01,1.092906713485717773e+00,2.810573875904083252e-01,-2.925211489200592041e-01,9.209497831761837006e-03
-5.809022113680839539e-02,-2.461510896682739258e+00,8.733406066894531250e-01,-5.049317702651023865e-02,-5.489907786250114441e-02,-7.065805792808532715e-01,7.036905884742736816e-01,1.735948920249938965e-01,3.323039412498474121e-01,1.341537982225418091e-01,1.288937926292419434e-01,3.757391870021820068e-01,-2.262602597475051880e-01,1.442061513662338257e-01,-3.501944839954376221e-01,-9.319816529750823975e-02,2.541621625423431396e-01,1.930339932441711426e-01,8.003368228673934937e-02,-3.621126292273402214e-03,2.408042177557945251e-02,-7.735263090580701828e-03,-1.897283673286437988e+00,9.959881901741027832e-01,2.905849218368530273e-01,1.072238683700561523e+00,-1.653028726577758789e-01,-3.809736371040344238e-01,-1.028727367520332336e-01,-1.991299271583557129e+00,-9.171335101127624512e-01,-3.771329820156097412e-01,1.115383863449096680e+00,2.667306065559387207e-01,-2.749341726303100586e-01,-1.081093586981296539e-02
-5.989190563559532166e-02,-2.461779594421386719e+00,8.956962823867797852e-01,-4.937655478715896606e-02,-5.399318784475326538e-02,-7.035204768180847168e-01,7.068985700607299805e-01,1.704585850238800049e-01,3.173885643482208252e-01,1.706321835517883301e-01,7.258620858192443848e-02,5.235999822616577148e-01,-2.617999911308288574e-01,1.518920660018920898e-01,-3.315954804420471191e-01,-1.215141117572784424e-01,1.947258114814758301e-01,3.476395010948181152e-01,1.239927038550376892e-01,-1.117763202637434006e-02,2.062344551086425781e-02,-4.160412587225437164e-03,-1.835863709449768066e+00,1.078240871429443359e+00,3.476436734199523926e-01,1.100305795669555664e+00,-1.488895118236541748e-01,-3.651159405708312988e-01,-8.878188580274581909e-02,-1.930187463760375977e+00,-1.022646307945251465e+00,-4.210005700588226318e-01,1.134594798088073730e+00,2.589702010154724121e-01,-2.509846687316894531e-01,-3.079021722078323364e-02
-6.191515550017356873e-02,-2.461381435394287109e+00,9.147741198539733887e-01,-4.556336253881454468e-02,-5.216245353221893311e-02,-7.015377283096313477e-01,7.092586755752563477e-01,1.652756780385971069e-01,2.875922620296478271e-01,1.904967576265335083e-01,4.017123952507972717e-02,5.235999822616577148e-01,-2.617999911308288574e-01,1.578521281480789185e-01,-2.918404340744018555e-01,-9.085593372583389282e-02,1.445092409849166870e-01,3.944074511528015137e-01,1.574325263500213623e-01,-1.281856466084718704e-02,1.593279466032981873e-02,-7.297394331544637680e-03,-1.742543935775756836e+00,1.151356935501098633e+00,4.320156872272491455e-01,1.119897842407226562e+00,-1.372442692518234253e-01,-3.444950878620147705e-01,-7.951050996780395508e-02,-1.841774106025695801e+00,-1.118464946746826172e+00,-4.929618537425994873e-01,1.145727276802062988e+00,2.532709538936614990e-01,-2.278236299753189087e-01,-5.220058932900428772e-02
-6.432212144136428833e-02,-2.460038423538208008e+00,9.301314353942871094e-01,-4.138051718473434448e-02,-4.560648649930953979e-02,-6.998155117034912109e-01,7.116642594337463379e-01,1.617400944232940674e-01,2.568902075290679932e-01,1.795775294303894043e-01,-1.496347039937973022e-02,5.235999822616577148e-01,-2.617999911308288574e-01,1.491579711437225342e-01,-2.409027516841888428e-01,-5.098644644021987915e-02,1.108246147632598877e-01,3.496261239051818848e-01,1.489683687686920166e-01,-1.702715642750263214e-02,1.706899330019950867e-02,-1.749967969954013824e-02,-1.616943478584289551e+00,1.216492295265197754e+00,5.361400246620178223e-01,1.128246068954467773e+00,-1.306587010622024536e-01,-3.231821954250335693e-01,-7.156301289796829224e-02,-1.715096712112426758e+00,-1.197242975234985352e+00,-6.013025045394897461e-01,1.146380066871643066e+00,2.533788383007049561e-01,-2.105308622121810913e-01,-7.022698968648910522e-02
-6.650733202695846558e-02,-2.458754062652587891e+00,9.410323500633239746e-01,-3.836513310670852661e-02,-4.039284586906433105e-02,-6.996171474456787109e-01,7.123428583145141602e-01,1.520300358533859253e-01,2.254316359758377075e-01,1.563598960638046265e-01,-4.375286027789115906e-02,5.235999822616577148e-01,-2.617999911308288574e-01,1.344897150993347168e-01,-2.020566612482070923e-01,-3.276997059583663940e-02,9.428691118955612183e-02,3.085314333438873291e-01,1.698362678289413452e-01,-1.614501141011714935e-02,1.849986240267753601e-02,-2.164836227893829346e-02,-1.476631283760070801e+00,1.261349201202392578e+00,6.725947856903076172e-01,1.138148188591003418e+00,-1.326939016580581665e-01,-3.078978657722473145e-01,-8.526664227247238159e-02,-1.565977215766906738e+00,-1.261564016342163086e+00,-7.270626425743103027e-01,1.145391941070556641e+00,2.528882920742034912e-01,-1.938769370317459106e-01,-8.785431087017059326e-02
-6.826119124889373779e-02,-2.457415103912353516e+00,9.479788541793823242e-01,-3.471541404724121094e-02,-3.724947571754455566e-02,-6.997851133346557617e-01,7.125363945960998535e-01,1.389431059360504150e-01,1.898053586483001709e-01,1.272634565830230713e-01,-5.801556259393692017e-02,5.195066332817077637e-01,-2.617999911308288574e-01,1.193989664316177368e-01,-1.752850264310836792e-01,-3.616002202033996582e-02,8.815862238407135010e-02,2.702847719192504883e-01,2.046860754489898682e-01,-1.397288311272859573e-02,1.651246286928653717e-02,-2.354806475341320038e-02,-1.321514010429382324e+00,1.287867426872253418e+00,8.225710391998291016e-01,1.145277976989746094e+00,-1.441811025142669678e-01,-2.985793054103851318e-01,-8.211228251457214355e-02,-1.389027237892150879e+00,-1.305815100669860840e+00,-8.670020699501037598e-01,1.146562933921813965e+00,2.504962384700775146e-01,-1.824851036071777344e-01,-9.778657555580139160e-02
-6.974871456623077393e-02,-2.456229925155639648e+00,9.514423012733459473e-01,-3.151538968086242676e-02,-3.607890754938125610e-02,-6.996051669120788574e-01,7.129219174385070801e-01,1.241773962974548340e-01,1.532663851976394653e-01,9.597530961036682129e-02,-5.403837561607360840e-02,4.820219278335571289e-01,-2.617999911308288574e-01,1.083268523216247559e-01,-1.553730219602584839e-01,-5.247745662927627563e-02,8.668457716703414917e-02,2.528705894947052002e-01,2.086303979158401489e-01,-1.342528127133846283e-02,1.171825919300317764e-02,-2.247530780732631683e-02,-1.147011637687683105e+00,1.294709444046020508e+00,9.644263982772827148e-01,1.148751735687255859e+00,-1.374513357877731323e-01,-3.112590610980987549e-01,-9.496255218982696533e-02,-1.194976091384887695e+00,-1.322505831718444824e+00,-1.013736724853515625e+00,1.149549484252929688e+00,2.363579720258712769e-01,-1.817014515399932861e-01,-1.053645834326744080e-01
-7.128635793924331665e-02,-2.454890251159667969e+00,9.512733221054077148e-01,-2.919083647429943085e-02,-3.587460145354270935e-02,-6.989227533340454102e-01,7.137001752853393555e-01,1.124691441655158997e-01,1.188367083668708801e-01,6.847240030765533447e-02,-4.411308094859123230e-02,4.424210488796234131e-01,-2.617999911308288574e-01,1.015304550528526306e-01,-1.389245390892028809e-01,-8.008854836225509644e-02,8.884222060441970825e-02,2.386474758386611938e-01,2.078626602888107300e-01,-1.367491856217384338e-02,7.556182332336902618e-03,-2.131608687341213226e-02,-9.791640043258666992e-01,1.274520874023437500e+00,1.098271012306213379e+00,1.153370499610900879e+00,-1.408649533987045288e-01,-3.275952935218811035e-01,-1.041770577430725098e-01,-1.004706382751464844e+00,-1.313718557357788086e+00,-1.146382689476013184e+00,1.156186938285827637e+00,2.278393954038619995e-01,-1.750319600105285645e-01,-9.710624814033508301e-02
-7.285515218973159790e-02,-2.453482866287231445e+00,9.474861025810241699e-01,-2.789782360196113586e-02,-3.690519556403160095e-02,-6.978499293327331543e-01,7.147483825683593750e-01,1.062757745385169983e-01,8.732043951749801636e-02,4.691622778773307800e-02,-3.378742933273315430e-02,4.123463630676269531e-01,-2.617999911308288574e-01,9.975565224885940552e-02,-1.238673403859138489e-01,-1.012879535555839539e-01,9.266178309917449951e-02,2.315602004528045654e-01,2.262639850378036499e-01,-1.569359749555587769e-02,4.808594472706317902e-03,-1.946579851210117340e-02,-8.274182081222534180e-01,1.233728289604187012e+00,1.205726027488708496e+00,1.160494804382324219e+00,-1.364085972309112549e-01,-3.396951258182525635e-01,-1.114491522312164307e-01,-8.534376025199890137e-01,-1.275838613510131836e+00,-1.253249883651733398e+00,1.169441103935241699e+00,2.122357040643692017e-01,-1.872110217809677124e-01,-1.050203740596771240e-01
-7.435653358697891235e-02,-2.452194690704345703e+00,9.407764673233032227e-01,-2.804680168628692627e-02,-3.824512287974357605e-02,-6.970355510711669922e-01,7.154663801193237305e-01,1.039792746305465698e-01,6.128069758415222168e-02,3.126656636595726013e-02,-2.095536887645721436e-02,3.930140435695648193e-01,-2.617999911308288574e-01,1.005831584334373474e-01,-1.058138832449913025e-01,-1.083219349384307861e-01,9.628862142562866211e-02,2.396719455718994141e-01,2.408303022384643555e-01,-1.737094856798648834e-02,3.081642091274261475e-03,-1.681642234325408936e-02,-7.051759958267211914e-01,1.175225615501403809e+00,1.296263217926025391e+00,1.171528100967407227e+00,-1.351088434457778931e-01,-3.603759109973907471e-01,-1.214454025030136108e-01,-7.263262271881103516e-01,-1.226166248321533203e+00,-1.335041403770446777e+00,1.184204339981079102e+00,1.902924180030822754e-01,-1.836557239294052124e-01,-1.045812666416168213e-01
-7.623471319675445557e-02,-2.450960636138916016e+00,9.311120510101318359e-01,-2.890165150165557861e-02,-3.922663256525993347e-02,-6.971894502639770508e-01,7.152292132377624512e-01,1.024135947227478027e-01,4.072343930602073669e-02,2.130578272044658661e-02,-9.587905369699001312e-04,3.678904771804809570e-01,-2.617999911308288574e-01,9.924797713756561279e-02,-8.743631094694137573e-02,-1.060273423790931702e-01,1.039576157927513123e-01,2.564331591129302979e-01,2.518353462219238281e-01,-1.861786842346191406e-02,3.366271266713738441e-03,-1.365266647189855576e-02,-6.040248870849609375e-01,1.103189826011657715e+00,1.381917715072631836e+00,1.183694958686828613e+00,-1.370777189731597900e-01,-3.836102485656738281e-01,-1.308714151382446289e-01,-6.310671567916870117e-01,-1.156451225280761719e+00,-1.396883845329284668e+00,1.196506857872009277e+00,1.642504781484603882e-01,-1.996189802885055542e-01,-9.594941139221191406e-02
-7.811108976602554321e-02,-2.450078010559082031e+00,9.185981154441833496e-01,-2.953001111745834351e-02,-4.016958922147750854e-02,-6.976932883262634277e-01,7.146596908569335938e-01,9.788717329502105713e-02,2.395356446504592896e-02,2.452700026333332062e-02,2.796808257699012756e-02,3.510915040969848633e-01,-2.617999911308288574e-01,9.547661244869232178e-02,-7.290068268775939941e-02,-1.036213636398315430e-01,1.173178330063819885e-01,2.732541263103485107e-01,2.507001459598541260e-01,-2.037967182695865631e-02,3.690682118758559227e-03,-9.964527562260627747e-03,-5.166246891021728516e-01,1.020163059234619141e+00,1.451831459999084473e+00,1.192930102348327637e+00,-1.453162878751754761e-01,-4.108296632766723633e-01,-1.456783115863800049e-01,-5.534757971763610840e-01,-1.076289176940917969e+00,-1.422343254089355469e+00,1.205388307571411133e+00,1.645769476890563965e-01,-2.227838188409805298e-01,-9.780689328908920288e-02
-7.993514835834503174e-02,-2.448804378509521484e+00,9.031270742416381836e-01,-2.838046103715896606e-02,-4.071157798171043396e-02,-6.990547180175781250e-01,7.133439779281616211e-01,8.865749835968017578e-02,9.929828345775604248e-03,4.491520300507545471e-02,5.741434171795845032e-02,3.522168099880218506e-01,-2.617999911308288574e-01,9.102482348680496216e-02,-6.369180232286453247e-02,-1.091886609792709351e-01,1.313687711954116821e-01,2.338422536849975586e-01,2.107582539319992065e-01,-2.031053230166435242e-02,1.893376815132796764e-03,-6.002911366522312164e-03,-4.434111118316650391e-01,9.331070780754089355e-01,1.499967098236083984e+00,1.200527191162109375e+00,-1.540540307760238647e-01,-4.247645735740661621e-01,-1.589540243148803711e-01,-4.904396831989288330e-01,-9.874600172042846680e-01,-1.441954612731933594e+00,1.210486054420471191e+00,1.614629924297332764e-01,-2.452446371316909790e-01,-8.207708597183227539e-02
-8.288696408271789551e-02,-2.447286844253540039e+00,8.850494027137756348e-01,-2.901939861476421356e-02,-3.729555755853652954e-02,-7.016332745552062988e-01,7.109695076942443848e-01,8.353041112422943115e-02,1.314543746411800385e-02,5.673216283321380615e-02,7.935133576393127441e-02,2.566353082656860352e-01,-2.617999911308288574e-01,8.888179063796997070e-02,-4.197881743311882019e-02,-1.232256516814231873e-01,1.538242995738983154e-01,5.106347799301147461e-02,1.079011410474777222e-01,-1.936290599405765533e-02,6.234333850443363190e-03,-2.813142491504549980e-03,-3.786098659038543701e-01,8.464118838310241699e-01,1.518116831779479980e+00,1.205617308616638184e+00,-1.573354452848434448e-01,-4.298780560493469238e-01,-1.614022105932235718e-01,-4.470133185386657715e-01,-8.946751356124877930e-01,-1.441643834114074707e+00,1.208610892295837402e+00,1.613332033157348633e-01,-2.511987686157226562e-01,-8.484383672475814819e-02
-8.551306277513504028e-02,-2.445830345153808594e+00,8.648999333381652832e-01,-3.173346072435379028e-02,-3.479464352130889893e-02,-7.031001448631286621e-01,7.095297574996948242e-01,8.534654974937438965e-02,1.500971056520938873e-02,6.545231491327285767e-02,1.111533790826797485e-01,8.886928856372833252e-02,-1.760762780904769897e-01,8.621731400489807129e-02,-2.002632245421409607e-02,-1.330354958772659302e-01,2.068018615245819092e-01,-1.227293834090232849e-01,2.826046571135520935e-02,-2.163255214691162109e-02,1.312379539012908936e-02,1.037566736340522766e-02,-3.225127160549163818e-01,7.566668391227722168e-01,1.517841577529907227e+00,1.208872079849243164e+00,-1.527779996395111084e-01,-4.317806065082550049e-01,-1.646039634943008423e-01,-4.130461812019348145e-01,-7.976928353309631348e-01,-1.435306668281555176e+00,1.201035618782043457e+00,1.479125022888183594e-01,-2.623005509376525879e-01,-8.570268005132675171e-02
-8.686229586601257324e-02,-2.444810628890991211e+00,8.440801501274108887e-01,-3.691058978438377380e-02,-3.774458914995193481e-02,-7.027638554573059082e-01,7.094616889953613281e-01,8.426451683044433594e-02,1.023264136165380478e-02,8.195666968822479248e-02,1.797338426113128662e-01,-7.869597524404525757e-02,-8.429508656263351440e-02,7.673036307096481323e-02,-1.460447348654270172e-02,-1.338705122470855713e-01,2.912341058254241943e-01,-2.402648925781250000e-01,1.334337145090103149e-02,-2.778455428779125214e-02,1.494176965206861496e-02,4.036153480410575867e-02,-2.703627049922943115e-01,6.559365391731262207e-01,1.499606013298034668e+00,1.199011802673339844e+00,-1.286469995975494385e-01,-4.508970379829406738e-01,-1.704924851655960083e-01,-3.875910341739654541e-01,-7.030567526817321777e-01,-1.424201846122741699e+00,1.195607662200927734e+00,1.478812992572784424e-01,-2.747199535369873047e-01,-9.012312442064285278e-02
-8.712413161993026733e-02,-2.444528579711914062e+00,8.230372071266174316e-01,-4.437660425901412964e-02,-4.349916055798530579e-02,-7.036185264587402344e-01,7.078555822372436523e-01,7.523279637098312378e-02,6.367007270455360413e-03,9.242669492959976196e-02,2.754222750663757324e-01,-1.926184147596359253e-01,-3.581763803958892822e-02,6.494603306055068970e-02,-1.480866875499486923e-02,-1.327429115772247314e-01,3.914516568183898926e-01,-3.271539807319641113e-01,1.630227267742156982e-02,-3.117860481142997742e-02,1.570326089859008789e-02,7.916995137929916382e-02,-2.199705988168716431e-01,5.456515550613403320e-01,1.477525949478149414e+00,1.181529402732849121e+00,-8.049631863832473755e-02,-4.865078032016754150e-01,-1.775370687246322632e-01,-3.638379573822021484e-01,-6.063940525054931641e-01,-1.404697060585021973e+00,1.192231535911560059e+00,1.567291766405105591e-01,-2.894313335418701172e-01,-9.876064211130142212e-02
-8.737490326166152954e-02,-2.445088148117065430e+00,8.041421175003051758e-01,-4.967157915234565735e-02,-4.889808595180511475e-02,-7.054688930511474609e-01,7.053051590919494629e-01,5.988973006606101990e-02,2.592607634142041206e-03,1.000164896249771118e-01,3.734185993671417236e-01,-2.755160033702850342e-01,-1.393000013194978237e-03,5.497165024280548096e-02,-1.394997537136077881e-02,-1.341455429792404175e-01,4.754486978054046631e-01,-4.006189703941345215e-01,-3.491479204967617989e-03,-3.285327553749084473e-02,1.179079432040452957e-02,1.119162514805793762e-01,-1.668011993169784546e-01,4.356386363506317139e-01,1.456683397293090820e+00,1.158906579017639160e+00,7.354823872447013855e-03,-5.252019166946411133e-01,-1.686121225357055664e-01,-3.294309377670288086e-01,-5.091968178749084473e-01,-1.371449112892150879e+00,1.188154220581054688e+00,1.492335349321365356e-01,-2.737473845481872559e-01,-1.003328189253807068e-01
-8.778587728738784790e-02,-2.445831298828125000e+00,7.905590534210205078e-01,-5.048335716128349304e-02,-5.128367245197296143e-02,-7.075219750404357910e-01,7.030178308486938477e-01,4.083018749952316284e-02,2.560614608228206635e-03,9.852445870637893677e-02,4.478009939193725586e-01,-3.239854574203491211e-01,2.653336618095636368e-03,4.562428966164588928e-02,-1.186029985547065735e-02,-1.379454582929611206e-01,5.254072546958923340e-01,-4.496864080429077148e-01,-4.208778589963912964e-02,-2.996062301099300385e-02,6.132489535957574844e-03,1.305474489927291870e-01,-1.179309859871864319e-01,3.262806534767150879e-01,1.437828183174133301e+00,1.136364340782165527e+00,1.306632906198501587e-01,-5.493648648262023926e-01,-1.342709064483642578e-01,-2.905789315700531006e-01,-4.135479331016540527e-01,-1.359586477279663086e+00,1.182182431221008301e+00,1.465108692646026611e-01,-2.391533702611923218e-01,-8.753076940774917603e-02
-8.881435543298721313e-02,-2.446067094802856445e+00,7.821075320243835449e-01,-5.221870914101600647e-02,-5.390903353691101074e-02,-7.080993056297302246e-01,7.021127939224243164e-01,9.619525633752346039e-03,5.744456313550472260e-03,9.519588202238082886e-02,5.322961807250976562e-01,-3.565504252910614014e-01,-1.070670969784259796e-02,2.527891285717487335e-02,-1.179610937833786011e-02,-1.332149356603622437e-01,5.910285115242004395e-01,-4.785808920860290527e-01,-5.849562212824821472e-02,-2.361637353897094727e-02,2.257510786876082420e-03,1.512178331613540649e-01,-8.028738200664520264e-02,2.241793274879455566e-01,1.413635969161987305e+00,1.118777036666870117e+00,2.403678148984909058e-01,-5.525140762329101562e-01,-9.565077722072601318e-02,-2.458087801933288574e-01,-3.145027458667755127e-01,-1.349170923233032227e+00,1.170291423797607422e+00,1.518296003341674805e-01,-2.085699439048767090e-01,-7.571356743574142456e-02
-8.931525796651840210e-02,-2.447001218795776367e+00,7.769576311111450195e-01,-5.272969231009483337e-02,-5.488152429461479187e-02,-7.088716030120849609e-01,7.012193799018859863e-01,-1.829698868095874786e-02,8.371845819056034088e-03,9.575358778238296509e-02,6.008633971214294434e-01,-3.895550370216369629e-01,-1.189828664064407349e-02,-6.454455433413386345e-04,-1.222638227045536041e-02,-1.278942078351974487e-01,6.543163061141967773e-01,-5.085794329643249512e-01,-6.864491850137710571e-02,-1.849264651536941528e-02,1.752233365550637245e-03,1.650123894214630127e-01,-4.282584041357040405e-02,1.239255666732788086e-01,1.395914793014526367e+00,1.104013323783874512e+00,3.422093093395233154e-01,-5.571271181106567383e-01,-6.070459634065628052e-02,-1.996439397335052490e-01,-2.166211307048797607e-01,-1.333682537078857422e+00,1.154476404190063477e+00,1.512719392776489258e-01,-1.935327351093292236e-01,-7.579587399959564209e-02
-8.859957754611968994e-02,-2.450059413909912109e+00,7.744086980819702148e-01,-5.093048885464668274e-02,-5.399702489376068115e-02,-7.099980115890502930e-01,7.002808451652526855e-01,-2.341246604919433594e-02,1.101561449468135834e-02,1.064499095082283020e-01,6.217236518859863281e-01,-4.119260609149932861e-01,-1.476687472313642502e-02,-1.334631908684968948e-02,-1.678186655044555664e-02,-1.244015917181968689e-01,6.856048703193664551e-01,-5.346950888633728027e-01,-6.601763516664505005e-02,-1.835971325635910034e-02,3.019232302904129028e-03,1.668080985546112061e-01,4.339377395808696747e-03,3.022034838795661926e-02,1.372203469276428223e+00,1.084362745285034180e+00,4.597441256046295166e-01,-5.473838448524475098e-01,-6.154239177703857422e-03,-1.469751000404357910e-01,-1.269459426403045654e-01,-1.305733919143676758e+00,1.130797743797302246e+00,1.495339721441268921e-01,-1.698993891477584839e-01,-8.351019024848937988e-02
-8.756236732006072998e-02,-2.452855110168457031e+00,7.745150923728942871e-01,-4.857841879129409790e-02,-5.379903689026832581e-02,-7.113260030746459961e-01,6.991145014762878418e-01,-1.271864026784896851e-02,9.301914833486080170e-03,1.156152337789535522e-01,6.067931056022644043e-01,-4.144060611724853516e-01,-2.064393647015094757e-02,-1.032491587102413177e-02,-2.444276958703994751e-02,-1.242078468203544617e-01,6.838733553886413574e-01,-5.452241897583007812e-01,-5.756200850009918213e-02,-2.113223448395729065e-02,4.574841819703578949e-03,1.681231260299682617e-01,5.083052814006805420e-02,-5.864525213837623596e-02,1.321268320083618164e+00,1.061872959136962891e+00,5.611449480056762695e-01,-5.355877876281738281e-01,2.290323004126548767e-02,-1.016519069671630859e-01,-4.930374026298522949e-02,-1.283705115318298340e+00,1.106833934783935547e+00,1.513628810644149780e-01,-1.419522613286972046e-01,-8.891026675701141357e-02
-8.471271395683288574e-02,-2.452817916870117188e+00,7.783409953117370605e-01,-4.835383221507072449e-02,-5.321561545133590698e-02,-7.111477255821228027e-01,6.993560791015625000e-01,-4.530659411102533340e-03,6.459250114858150482e-03,1.186708733439445496e-01,5.864266157150268555e-01,-4.094942808151245117e-01,-1.936707273125648499e-02,-3.742657834663987160e-03,-2.941724844276905060e-02,-1.254439800977706909e-01,6.673131585121154785e-01,-5.412045121192932129e-01,-4.983026161789894104e-02,-1.773237064480781555e-02,1.269323565065860748e-02,1.568954885005950928e-01,-3.564227372407913208e-02,-1.582029163837432861e-01,1.510130763053894043e+00,1.100647807121276855e+00,4.379180669784545898e-01,-3.549510240554809570e-01,4.298354685306549072e-02,-6.712275743484497070e-02,4.185594618320465088e-03,-1.280363798141479492e+00,1.101794362068176270e+00,1.592744141817092896e-01,-1.180490329861640930e-01,-1.003399789333343506e-01
-8.462695777416229248e-02,-2.454869508743286133e+00,7.842532992362976074e-01,-4.541324451565742493e-02,-5.322380363941192627e-02,-7.115148305892944336e-01,6.991791725158691406e-01,2.824021317064762115e-02,-2.879767678678035736e-03,1.176735982298851013e-01,5.112912058830261230e-01,-3.750871419906616211e-01,-2.042551524937152863e-02,2.390589006245136261e-02,-2.936571836471557617e-02,-1.232877820730209351e-01,6.029126048088073730e-01,-5.059218406677246094e-01,-4.820472374558448792e-02,-2.105776406824588776e-02,1.781383343040943146e-02,1.547497212886810303e-01,2.184500219300389290e-03,-1.682790666818618774e-01,1.379055738449096680e+00,1.121083021163940430e+00,9.515120834112167358e-02,-1.113074123859405518e-01,-2.146375551819801331e-02,-4.290488734841346741e-02,5.667167901992797852e-02,-1.283729076385498047e+00,1.090218663215637207e+00,1.735471487045288086e-01,-1.000943630933761597e-01,-1.181582584977149963e-01
-8.384853601455688477e-02,-2.456304550170898438e+00,7.896745204925537109e-01,-4.225206375122070312e-02,-5.090104788541793823e-02,-7.113448977470397949e-01,6.997229456901550293e-01,4.069140180945396423e-02,-8.097569458186626434e-03,1.171052381396293640e-01,4.686368107795715332e-01,-3.580266535282135010e-01,-1.839983277022838593e-02,3.302368894219398499e-02,-2.992619574069976807e-02,-1.236170306801795959e-01,5.674853920936584473e-01,-4.873413443565368652e-01,-4.669237509369850159e-02,-2.221399918198585510e-02,2.120521292090415955e-02,1.486857086420059204e-01,3.992188721895217896e-02,-2.179497480392456055e-01,1.260133028030395508e+00,1.098004937171936035e+00,-4.316134843975305557e-03,-9.322299808263778687e-02,-3.937608376145362854e-02,-2.055205963551998138e-02,1.031617447733879089e-01,-1.270361900329589844e+00,1.071997523307800293e+00,1.773166060447692871e-01,-9.553337097167968750e-02,-1.171333044767379761e-01
-8.308374881744384766e-02,-2.457178115844726562e+00,7.956058979034423828e-01,-3.846479207277297974e-02,-4.761331900954246521e-02,-7.115088105201721191e-01,7.000061273574829102e-01,5.031015723943710327e-02,-1.294595748186111450e-02,1.163002923130989075e-01,4.244919121265411377e-01,-3.364470601081848145e-01,-1.335093472152948380e-02,3.899361193180084229e-02,-3.001354634761810303e-02,-1.242573112249374390e-01,5.305985808372497559e-01,-4.677037596702575684e-01,-4.792266339063644409e-02,-2.066532708704471588e-02,2.495128661394119263e-02,1.415072828531265259e-01,7.046817988157272339e-02,-2.518007159233093262e-01,1.151157617568969727e+00,1.072845578193664551e+00,-4.214018210768699646e-02,-9.530471265316009521e-02,-4.906029254198074341e-02,2.653650939464569092e-03,1.362827122211456299e-01,-1.228787899017333984e+00,1.055858969688415527e+00,1.724262535572052002e-01,-9.825651347637176514e-02,-1.120690926909446716e-01
-8.247816562652587891e-02,-2.458242177963256836e+00,8.016412258148193359e-01,-3.388760983943939209e-02,-4.323706030845642090e-02,-7.121083736419677734e-01,6.999170184135437012e-01,6.415534019470214844e-02,-1.848438195884227753e-02,1.140997409820556641e-01,3.659278154373168945e-01,-3.054550886154174805e-01,-8.345806039869785309e-03,4.763634502887725830e-02,-2.832594327628612518e-02,-1.231040805578231812e-01,4.820048809051513672e-01,-4.398114681243896484e-01,-4.403139650821685791e-02,-1.599648036062717438e-02,2.797124534845352173e-02,1.318876445293426514e-01,9.790847450494766235e-02,-2.679720818996429443e-01,1.058267951011657715e+00,1.046015501022338867e+00,-5.311667546629905701e-02,-1.063854843378067017e-01,-6.295476108789443970e-02,3.013063035905361176e-02,1.553364098072052002e-01,-1.164631724357604980e+00,1.043826937675476074e+00,1.603782773017883301e-01,-1.093903258442878723e-01,-1.058118864893913269e-01
-8.197121322154998779e-02,-2.459228515625000000e+00,8.069832324981689453e-01,-2.946320362389087677e-02,-3.887795284390449524e-02,-7.127603888511657715e-01,6.997092366218566895e-01,8.029650896787643433e-02,-2.303289249539375305e-02,1.124890819191932678e-01,3.030948042869567871e-01,-2.725301384925842285e-01,-5.067772697657346725e-03,5.808139219880104065e-02,-2.664126642048358917e-02,-1.218496114015579224e-01,4.302555024623870850e-01,-4.098902046680450439e-01,-3.767852485179901123e-02,-1.022468786686658859e-02,2.947594970464706421e-02,1.225516498088836670e-01,1.156547069549560547e-01,-2.712915539741516113e-01,1.002497792243957520e+00,1.019519567489624023e+00,-5.461646243929862976e-02,-1.240888014435768127e-01,-7.527375221252441406e-02,5.892709642648696899e-02,1.620918214321136475e-01,-1.089573383331298828e+00,1.032374858856201172e+00,1.485381722450256348e-01,-1.182153895497322083e-01,-1.032561734318733215e-01
-8.149760216474533081e-02,-2.459429264068603516e+00,8.112986087799072266e-01,-2.525776997208595276e-02,-3.462246060371398926e-02,-7.130865454673767090e-01,6.997649073600769043e-01,9.494750201702117920e-02,-2.647778205573558807e-02,1.126863062381744385e-01,2.426682114601135254e-01,-2.415255159139633179e-01,-1.344557385891675949e-03,6.827176362276077271e-02,-2.443051896989345551e-02,-1.216184943914413452e-01,3.790306746959686279e-01,-3.821960985660552979e-01,-3.450750559568405151e-02,-6.150492932647466660e-03,2.973495423793792725e-02,1.137826070189476013e-01,1.201513186097145081e-01,-2.630131840705871582e-01,9.823175668716430664e-01,9.988313317298889160e-01,-5.988643690943717957e-02,-1.429878026247024536e-01,-7.781788706779479980e-02,8.435037732124328613e-02,1.577608734369277954e-01,-1.012578964233398438e+00,1.020954132080078125e+00,1.426139771938323975e-01,-1.192479729652404785e-01,-1.034218519926071167e-01
-8.142848312854766846e-02,-2.458673000335693359e+00,8.146893382072448730e-01,-2.136287093162536621e-02,-3.040451742708683014e-02,-7.133068442344665527e-01,6.998660564422607422e-01,1.053289696574211121e-01,-2.871283143758773804e-02,1.126302033662796021e-01,1.900843381881713867e-01,-2.155083417892456055e-01,2.588437637314200401e-03,7.560034841299057007e-02,-2.123079635202884674e-02,-1.226923614740371704e-01,3.329130709171295166e-01,-3.572295010089874268e-01,-3.556711599230766296e-02,-3.381333081051707268e-03,2.895411849021911621e-02,1.051131635904312134e-01,1.119389310479164124e-01,-2.429871261119842529e-01,9.846937060356140137e-01,9.869915843009948730e-01,-7.037333399057388306e-02,-1.590774059295654297e-01,-7.050404697656631470e-02,1.024853065609931946e-01,1.464123427867889404e-01,-9.431326985359191895e-01,1.009897470474243164e+00,1.425911635160446167e-01,-1.139877811074256897e-01,-1.059382110834121704e-01
-8.164601027965545654e-02,-2.457294464111328125e+00,8.168195486068725586e-01,-1.799257844686508179e-02,-2.667255140841007233e-02,-7.132970094680786133e-01,7.001230120658874512e-01,1.104217767715454102e-01,-2.960482798516750336e-02,1.137181520462036133e-01,1.513347029685974121e-01,-1.952789127826690674e-01,2.912753028795123100e-03,7.980505377054214478e-02,-1.808399520814418793e-02,-1.244879662990570068e-01,2.959703207015991211e-01,-3.369665145874023438e-01,-3.609677776694297791e-02,-1.271179295144975185e-03,2.749535441398620605e-02,9.763751924037933350e-02,9.507642686367034912e-02,-2.113757282495498657e-01,9.958059191703796387e-01,9.844906926155090332e-01,-8.197101950645446777e-02,-1.689999848604202271e-01,-6.060018390417098999e-02,1.117033958435058594e-01,1.332898586988449097e-01,-8.928528428077697754e-01,9.989250898361206055e-01,1.439900845289230347e-01,-1.091809496283531189e-01,-1.075174659490585327e-01
-8.201691508293151855e-02,-2.455735445022583008e+00,8.181217312812805176e-01,-1.481570489704608917e-02,-2.324078790843486786e-02,-7.132793068885803223e-01,7.003377676010131836e-01,1.114416867494583130e-01,-2.973073348402976990e-02,1.151548847556114197e-01,1.230791434645652771e-01,-1.812605112791061401e-01,-3.403967712074518204e-04,8.145375549793243408e-02,-1.534291822463274002e-02,-1.259852200746536255e-01,2.664819955825805664e-01,-3.214451670646667480e-01,-3.613412007689476013e-02,3.128787793684750795e-04,2.565533854067325592e-02,9.245987236499786377e-02,7.768268883228302002e-02,-1.698797345161437988e-01,9.975547790527343750e-01,9.870378971099853516e-01,-8.884472399950027466e-02,-1.725510209798812866e-01,-5.365197360515594482e-02,1.169774681329727173e-01,1.171192526817321777e-01,-8.459842205047607422e-01,9.888567924499511719e-01,1.415249407291412354e-01,-1.067890226840972900e-01,-1.074948683381080627e-01
-8.254894614219665527e-02,-2.454102754592895508e+00,8.190150856971740723e-01,-1.184130925685167313e-02,-1.995986513793468475e-02,-7.133004069328308105e-01,7.004740238189697266e-01,1.101840734481811523e-01,-2.941175363957881927e-02,1.147540360689163208e-01,1.002627089619636536e-01,-1.714527457952499390e-01,-3.121624467894434929e-03,8.099035918712615967e-02,-1.251210272312164307e-02,-1.262296438217163086e-01,2.423145174980163574e-01,-3.088124096393585205e-01,-3.733628988265991211e-02,1.893539563752710819e-03,2.363844029605388641e-02,8.946050703525543213e-02,6.356195360422134399e-02,-1.235969066619873047e-01,9.846116900444030762e-01,9.896756410598754883e-01,-9.079369902610778809e-02,-1.707490086555480957e-01,-5.212715268135070801e-02,1.222827136516571045e-01,9.862876683473587036e-02,-7.954363226890563965e-01,9.778773188591003418e-01,1.374796926975250244e-01,-1.037252321839332581e-01,-1.087893545627593994e-01
-8.325430750846862793e-02,-2.452424526214599609e+00,8.197219371795654297e-01,-9.499435313045978546e-03,-1.702679693698883057e-02,-7.133308053016662598e-01,7.005562186241149902e-01,1.075519323348999023e-01,-2.827525697648525238e-02,1.131313741207122803e-01,8.349286764860153198e-02,-1.642452031373977661e-01,-3.851883113384246826e-03,7.927125692367553711e-02,-9.462294168770313263e-03,-1.267156749963760376e-01,2.240077257156372070e-01,-3.004496097564697266e-01,-3.690387308597564697e-02,4.656346980482339859e-03,2.193269878625869751e-02,8.857420086860656738e-02,5.136486515402793884e-02,-7.817505300045013428e-02,9.644270539283752441e-01,9.895809888839721680e-01,-8.892083168029785156e-02,-1.680295765399932861e-01,-5.477482825517654419e-02,1.279074549674987793e-01,7.963550090789794922e-02,-7.438884973526000977e-01,9.655553102493286133e-01,1.331803798675537109e-01,-9.917116910219192505e-02,-1.105943992733955383e-01
-8.391434699296951294e-02,-2.450665473937988281e+00,8.204460144042968750e-01,-7.845059037208557129e-03,-1.457229349762201309e-02,-7.135173678398132324e-01,7.004420757293701172e-01,1.039114743471145630e-01,-2.646780386567115784e-02,1.113731637597084045e-01,7.243516296148300171e-02,-1.575524061918258667e-01,-6.496055983006954193e-03,7.667163014411926270e-02,-6.513336207717657089e-03,-1.271565407514572144e-01,2.108456492424011230e-01,-2.926769256591796875e-01,-3.461323678493499756e-02,7.355964276939630508e-03,2.049800194799900055e-02,8.942825347185134888e-02,3.976055979728698730e-02,-3.704161942005157471e-02,9.475014805793762207e-01,9.877852201461791992e-01,-8.683145046234130859e-02,-1.658550202846527100e-01,-6.104021519422531128e-02,1.327432245016098022e-01,6.093536689877510071e-02,-6.944328546524047852e-01,9.532459974288940430e-01,1.287695914506912231e-01,-9.280597418546676636e-02,-1.111257001757621765e-01
-8.446223288774490356e-02,-2.448828935623168945e+00,8.213937282562255859e-01,-6.801923271268606186e-03,-1.246348209679126740e-02,-7.141895294189453125e-01,6.998083591461181641e-01,1.018732115626335144e-01,-2.459226362407207489e-02,1.085165739059448242e-01,6.140473484992980957e-02,-1.507693827152252197e-01,-8.915936574339866638e-03,7.520291209220886230e-02,-2.576155588030815125e-03,-1.250485181808471680e-01,1.971563696861267090e-01,-2.824362516403198242e-01,-3.351176157593727112e-02,1.008845213800668716e-02,1.959107816219329834e-02,9.007536619901657104e-02,2.689227834343910217e-02,1.302195130847394466e-03,9.399231076240539551e-01,9.927000403404235840e-01,-8.651996403932571411e-02,-1.688636392354965210e-01,-7.124656438827514648e-02,1.361394822597503662e-01,4.276126623153686523e-02,-6.486411690711975098e-01,9.449120163917541504e-01,1.236196309328079224e-01,-8.757692575454711914e-02,-1.121253594756126404e-01
-8.505616337060928345e-02,-2.446620941162109375e+00,8.227237462997436523e-01,-5.986688658595085144e-03,-1.035769563168287277e-02,-7.151133418083190918e-01,6.989061236381530762e-01,9.918657690286636353e-02,-2.185160294175148010e-02,1.082331016659736633e-01,5.083170533180236816e-02,-1.408371329307556152e-01,-8.740011602640151978e-03,7.244989275932312012e-02,1.142435707151889801e-03,-1.242779567837715149e-01,1.846801191568374634e-01,-2.705026268959045410e-01,-3.384019806981086731e-02,1.376560702919960022e-02,1.907703280448913574e-02,9.065033495426177979e-02,1.274577807635068893e-02,3.326525166630744934e-02,9.399775862693786621e-01,9.974233508110046387e-01,-8.981601148843765259e-02,-1.717918664216995239e-01,-8.238719403743743896e-02,1.360288262367248535e-01,2.929738350212574005e-02,-6.150650382041931152e-01,9.378763437271118164e-01,1.207165941596031189e-01,-8.096764236688613892e-02,-1.127261519432067871e-01
-8.560726046562194824e-02,-2.444324731826782227e+00,8.240838646888732910e-01,-4.941160790622234344e-03,-7.953573949635028839e-03,-7.162154316902160645e-01,6.978164315223693848e-01,9.581875801086425781e-02,-1.918284967541694641e-02,1.099387928843498230e-01,3.994785249233245850e-02,-1.297259777784347534e-01,-7.014777977019548416e-03,6.855490803718566895e-02,4.826285410672426224e-03,-1.236392706632614136e-01,1.724088191986083984e-01,-2.592227458953857422e-01,-3.267344832420349121e-02,1.733145490288734436e-02,1.878329925239086151e-02,8.952443301677703857e-02,6.286309217102825642e-04,6.003949046134948730e-02,9.428887367248535156e-01,1.002163767814636230e+00,-9.503600001335144043e-02,-1.731728017330169678e-01,-9.162501245737075806e-02,1.332587301731109619e-01,2.105012349784374237e-02,-5.951917767524719238e-01,9.332380890846252441e-01,1.203881502151489258e-01,-7.426826655864715576e-02,-1.127317026257514954e-01
-8.616006374359130859e-02,-2.442229270935058594e+00,8.251478672027587891e-01,-3.647494129836559296e-03,-5.637045949697494507e-03,-7.173162102699279785e-01,6.967154145240783691e-01,9.320393949747085571e-02,-1.674626767635345459e-02,1.123566329479217529e-01,2.781899273395538330e-02,-1.192944943904876709e-01,-8.126980625092983246e-03,6.533733755350112915e-02,8.074024692177772522e-03,-1.232670471072196960e-01,1.592494547367095947e-01,-2.487947940826416016e-01,-3.183803334832191467e-02,2.070427872240543365e-02,1.798496954143047333e-02,8.731865882873535156e-02,-7.361751049757003784e-03,8.373369276523590088e-02,9.417997002601623535e-01,1.006997942924499512e+00,-9.976679831743240356e-02,-1.732941269874572754e-01,-9.861802309751510620e-02,1.304505616426467896e-01,1.677652262151241302e-02,-5.822731256484985352e-01,9.310099482536315918e-01,1.216375455260276794e-01,-6.809458136558532715e-02,-1.127465888857841492e-01
-8.675564080476760864e-02,-2.440473318099975586e+00,8.259739875793457031e-01,-1.920483307912945747e-03,-2.883071079850196838e-03,-7.183188199996948242e-01,6.957054734230041504e-01,9.146125614643096924e-02,-1.439715176820755005e-02,1.141099482774734497e-01,1.174262817949056625e-02,-1.107265800237655640e-01,-1.273787114769220352e-02,6.312473863363265991e-02,1.151225436478853226e-02,-1.224464252591133118e-01,1.426253914833068848e-01,-2.396681755781173706e-01,-3.239350765943527222e-02,2.385684661567211151e-02,1.705102995038032532e-02,8.353041857481002808e-02,-9.961943142116069794e-03,1.039779260754585266e-01,9.337925314903259277e-01,1.010216593742370605e+00,-1.043622493743896484e-01,-1.708385795354843140e-01,-1.017301604151725769e-01,1.314679980278015137e-01,1.408403739333152771e-02,-5.663798451423645020e-01,9.276446104049682617e-01,1.246685609221458435e-01,-6.133551523089408875e-02,-1.127806380391120911e-01
-8.739560842514038086e-02,-2.439028739929199219e+00,8.264086842536926270e-01,-4.508362617343664169e-04,-3.102163609582930803e-04,-7.192175984382629395e-01,6.947846412658691406e-01,8.986107259988784790e-02,-1.176842395216226578e-02,1.163509190082550049e-01,-1.961088040843605995e-03,-1.037577688694000244e-01,-1.367832813411951065e-02,6.357794255018234253e-02,1.502543315291404724e-02,-1.222150027751922607e-01,1.250117123126983643e-01,-2.417582422494888306e-01,-3.117831423878669739e-02,2.596916630864143372e-02,1.641897484660148621e-02,8.067787438631057739e-02,-7.106575183570384979e-03,1.198918819427490234e-01,9.245899915695190430e-01,1.009443640708923340e+00,-1.082524657249450684e-01,-1.673235595226287842e-01,-1.016348153352737427e-01,1.362548768520355225e-01,1.470127981156110764e-02,-5.500412583351135254e-01,9.206637740135192871e-01,1.315895020961761475e-01,-5.579746887087821960e-02,-1.124774515628814697e-01
-8.795064687728881836e-02,-2.437755107879638672e+00,8.263715505599975586e-01,5.982904694974422455e-04,1.599417766556143761e-03,-7.197626233100891113e-01,6.942181587219238281e-01,8.870499581098556519e-02,-9.736718609929084778e-03,1.179499626159667969e-01,-1.244051847606897354e-02,-9.862003475427627563e-02,-1.352656725794076920e-02,6.608184427022933960e-02,1.780921779572963715e-02,-1.232738941907882690e-01,1.087978407740592957e-01,-2.527033686637878418e-01,-2.584881521761417389e-02,2.747679501771926880e-02,1.560869067907333374e-02,7.881599664688110352e-02,-3.774924669414758682e-03,1.305518001317977905e-01,9.219312667846679688e-01,1.008297324180603027e+00,-1.102545261383056641e-01,-1.633233129978179932e-01,-9.956251829862594604e-02,1.432197391986846924e-01,1.676523312926292419e-02,-5.359326004981994629e-01,9.135406017303466797e-01,1.353602111339569092e-01,-5.281003937125205994e-02,-1.105742976069450378e-01
-8.829186856746673584e-02,-2.436558961868286133e+00,8.261501193046569824e-01,1.270465552806854248e-03,3.084067022427916527e-03,-7.200683951377868652e-01,6.938951015472412109e-01,8.857412636280059814e-02,-8.218067698180675507e-03,1.186091676354408264e-01,-2.219090983271598816e-02,-9.602249413728713989e-02,-1.483865641057491302e-02,6.768073886632919312e-02,1.960301958024501801e-02,-1.266704648733139038e-01,9.727665781974792480e-02,-2.602992653846740723e-01,-2.109676040709018707e-02,2.766026929020881653e-02,1.518274005502462387e-02,7.816349714994430542e-02,7.122654351405799389e-04,1.365717500448226929e-01,9.212786555290222168e-01,1.007492303848266602e+00,-1.119397506117820740e-01,-1.567801982164382935e-01,-9.600419551134109497e-02,1.498550325632095337e-01,1.956333778798580170e-02,-5.253895521163940430e-01,9.073742032051086426e-01,1.347655653953552246e-01,-4.995181411504745483e-02,-1.098811179399490356e-01
-8.856780081987380981e-02,-2.435466766357421875e+00,8.258736729621887207e-01,1.682773581705987453e-03,4.450058098882436752e-03,-7.203062176704406738e-01,6.936399340629577637e-01,8.914626389741897583e-02,-6.683598738163709641e-03,1.187589094042778015e-01,-3.145774081349372864e-02,-9.536258131265640259e-02,-1.639411039650440216e-02,6.817109882831573486e-02,2.116514742374420166e-02,-1.303378641605377197e-01,8.995652943849563599e-02,-2.677336335182189941e-01,-1.817716844379901886e-02,2.760392799973487854e-02,1.505493465811014175e-02,7.761535048484802246e-02,7.764299400150775909e-03,1.383492797613143921e-01,9.159846305847167969e-01,1.005136251449584961e+00,-1.127291843295097351e-01,-1.498265713453292847e-01,-9.247212111949920654e-02,1.551757007837295532e-01,2.343411184847354889e-02,-5.205585956573486328e-01,9.038101434707641602e-01,1.315392553806304932e-01,-4.611124843358993530e-02,-1.113591641187667847e-01
-8.871842175722122192e-02,-2.434591770172119141e+00,8.255743384361267090e-01,1.661333255469799042e-03,5.545581690967082977e-03,-7.209896445274353027e-01,6.929216980934143066e-01,9.146767109632492065e-02,-5.362666212022304535e-03,1.192666068673133850e-01,-4.054615646600723267e-02,-9.688047319650650024e-02,-1.573886349797248840e-02,7.023669779300689697e-02,2.220069430768489838e-02,-1.359734535217285156e-01,8.408457040786743164e-02,-2.819736003875732422e-01,-1.536079589277505875e-02,2.853827737271785736e-02,1.545292790979146957e-02,7.834640145301818848e-02,1.968436315655708313e-02,1.353656202554702759e-01,9.028111100196838379e-01,9.998396039009094238e-01,-1.088825836777687073e-01,-1.472267061471939087e-01,-8.906279504299163818e-02,1.605554521083831787e-01,2.628675289452075958e-02,-5.158759355545043945e-01,9.023952484130859375e-01,1.280687600374221802e-01,-4.434937983751296997e-02,-1.135014519095420837e-01
-8.870543539524078369e-02,-2.433910846710205078e+00,8.251973390579223633e-01,1.938752015121281147e-03,6.999232806265354156e-03,-7.214004397392272949e-01,6.924800872802734375e-01,9.265337884426116943e-02,-3.728844458237290382e-03,1.210217848420143127e-01,-4.820486158132553101e-02,-1.041672527790069580e-01,-1.524743158370256424e-02,7.107153534889221191e-02,2.257239818572998047e-02,-1.442188471555709839e-01,8.020944893360137939e-02,-3.002040684223175049e-01,-1.372384652495384216e-02,2.860200405120849609e-02,1.608381420373916626e-02,7.985496520996093750e-02,3.621361032128334045e-02,1.271274387836456299e-01,8.836454749107360840e-01,9.891640543937683105e-01,-1.016925126314163208e-01,-1.445472985506057739e-01,-8.798769116401672363e-02,1.695112287998199463e-01,2.742072008550167084e-02,-5.041794180870056152e-01,8.977835178375244141e-01,1.242992058396339417e-01,-4.253965988755226135e-02,-1.154879629611968994e-01
-8.861580491065979004e-02,-2.433637380599975586e+00,8.248457312583923340e-01,2.362355822697281837e-03,8.281324058771133423e-03,-7.208781242370605469e-01,6.930083632469177246e-01,9.441018104553222656e-02,-2.751950640231370926e-03,1.232392564415931702e-01,-5.507290363311767578e-02,-1.234944909811019897e-01,-1.289150025695562363e-02,7.191482931375503540e-02,2.299705147743225098e-02,-1.514569967985153198e-01,7.688281685113906860e-02,-3.184378147125244141e-01,-1.564150117337703705e-02,2.535117976367473602e-02,1.609548367559909821e-02,8.163116872310638428e-02,5.917498841881752014e-02,1.146865338087081909e-01,8.599149584770202637e-01,9.721367359161376953e-01,-9.443720430135726929e-02,-1.420731246471405029e-01,-8.782671391963958740e-02,1.824900060892105103e-01,2.800763212144374847e-02,-4.878960847854614258e-01,8.879331946372985840e-01,1.189900338649749756e-01,-3.847728297114372253e-02,-1.160445362329483032e-01
-8.859981596469879150e-02,-2.433116912841796875e+00,8.245983719825744629e-01,3.586366772651672363e-03,9.989590384066104889e-03,-7.197107672691345215e-01,6.941928863525390625e-01,9.328168630599975586e-02,-1.627534045837819576e-03,1.281493455171585083e-01,-6.162614375352859497e-02,-1.410715579986572266e-01,-1.200250908732414246e-02,6.855277717113494873e-02,2.321464940905570984e-02,-1.573414057493209839e-01,7.415069639682769775e-02,-3.233931362628936768e-01,-1.638213358819484711e-02,2.062578313052654266e-02,1.613052189350128174e-02,8.093793690204620361e-02,7.683973759412765503e-02,1.031450182199478149e-01,8.432893753051757812e-01,9.629768729209899902e-01,-8.767330646514892578e-02,-1.346575319766998291e-01,-8.909850567579269409e-02,1.905530840158462524e-01,3.121705912053585052e-02,-4.843162596225738525e-01,8.813324570655822754e-01,1.135835126042366028e-01,-3.298523649573326111e-02,-1.133266985416412354e-01
-8.858310431241989136e-02,-2.432561635971069336e+00,8.243966102600097656e-01,4.492548760026693344e-03,1.055179722607135773e-02,-7.181097865104675293e-01,6.958353519439697266e-01,9.402423352003097534e-02,-1.372882165014743805e-03,1.336868852376937866e-01,-6.662761420011520386e-02,-1.600753664970397949e-01,-1.312639098614454269e-02,6.537187844514846802e-02,2.216961607336997986e-02,-1.616459041833877563e-01,7.355818152427673340e-02,-3.161419332027435303e-01,-1.709709875285625458e-02,1.556803472340106964e-02,1.533643808215856552e-02,8.163052052259445190e-02,9.132087975740432739e-02,9.183678776025772095e-02,8.302539587020874023e-01,9.576041698455810547e-01,-8.067546039819717407e-02,-1.281935721635818481e-01,-8.874963968992233276e-02,1.944128274917602539e-01,3.694739565253257751e-02,-4.941379725933074951e-01,8.787229061126708984e-01,1.114264279603958130e-01,-3.029470331966876984e-02,-1.096841394901275635e-01
-8.847558498382568359e-02,-2.431975841522216797e+00,8.242936730384826660e-01,5.111936014145612717e-03,1.056405436247587204e-02,-7.166441679000854492e-01,6.973401904106140137e-01,9.395897388458251953e-02,-1.724734553135931492e-03,1.381938606500625610e-01,-6.864078342914581299e-02,-1.733791977167129517e-01,-1.339277531951665878e-02,6.184866279363632202e-02,2.043803967535495758e-02,-1.652632653713226318e-01,7.521261274814605713e-02,-3.011110723018646240e-01,-2.065783925354480743e-02,1.122078299522399902e-02,1.450439542531967163e-02,8.269574493169784546e-02,1.014409139752388000e-01,8.033178746700286865e-02,8.239256143569946289e-01,9.560477137565612793e-01,-7.465440779924392700e-02,-1.197336912155151367e-01,-8.863544464111328125e-02,1.939456909894943237e-01,4.369756206870079041e-02,-5.147275924682617188e-01,8.795977234840393066e-01,1.151795312762260437e-01,-2.944132126867771149e-02,-1.072384342551231384e-01
-8.842580765485763550e-02,-2.431409120559692383e+00,8.241211175918579102e-01,5.416072439402341843e-03,9.859483689069747925e-03,-7.153429388999938965e-01,6.986830234527587891e-01,9.331478923559188843e-02,-3.167348448187112808e-03,1.393869221210479736e-01,-6.760412454605102539e-02,-1.825242638587951660e-01,-1.226096134632825851e-02,5.975343286991119385e-02,1.851974986493587494e-02,-1.675402969121932983e-01,7.717614620923995972e-02,-2.850993871688842773e-01,-2.762369066476821899e-02,7.018069270998239517e-03,1.329180970788002014e-02,8.470106869935989380e-02,1.111249029636383057e-01,6.979175657033920288e-02,8.171623945236206055e-01,9.560743570327758789e-01,-7.099653780460357666e-02,-1.138677969574928284e-01,-8.853827416896820068e-02,1.888150870800018311e-01,5.235530063509941101e-02,-5.447482466697692871e-01,8.837542533874511719e-01,1.230212002992630005e-01,-3.166793286800384521e-02,-1.074005141854286194e-01
-8.829841762781143188e-02,-2.430912256240844727e+00,8.238572478294372559e-01,4.978477954864501953e-03,8.419222198426723480e-03,-7.140259742736816406e-01,7.000508904457092285e-01,9.257045388221740723e-02,-4.763427656143903732e-03,1.383220702409744263e-01,-6.346168369054794312e-02,-1.860801875591278076e-01,-1.056912355124950409e-02,5.996346473693847656e-02,1.625992730259895325e-02,-1.700851172208786011e-01,7.947268337011337280e-02,-2.653755843639373779e-01,-2.956037782132625580e-02,3.937750589102506638e-03,1.224981527775526047e-02,8.787171542644500732e-02,1.163457557559013367e-01,5.819397792220115662e-02,8.166337013244628906e-01,9.585278034210205078e-01,-6.921851634979248047e-02,-1.116126701235771179e-01,-8.579722046852111816e-02,1.810365319252014160e-01,6.052917614579200745e-02,-5.790024995803833008e-01,8.911427855491638184e-01,1.323642432689666748e-01,-3.712465614080429077e-02,-1.084478124976158142e-01
-8.810067921876907349e-02,-2.430531024932861328e+00,8.236897587776184082e-01,4.279880318790674210e-03,6.790583487600088120e-03,-7.128127217292785645e-01,7.013084888458251953e-01,9.175752103328704834e-02,-6.356691010296344757e-03,1.363348662853240967e-01,-5.888685956597328186e-02,-1.826570183038711548e-01,-9.061023592948913574e-03,6.194256618618965149e-02,1.368647068738937378e-02,-1.726767271757125854e-01,8.065863698720932007e-02,-2.428792566061019897e-01,-2.822211198508739471e-02,1.599363400600850582e-03,1.084659807384014130e-02,9.079798310995101929e-02,1.186897754669189453e-01,4.717214405536651611e-02,8.200844526290893555e-01,9.637000560760498047e-01,-6.989404559135437012e-02,-1.108022406697273254e-01,-8.173574507236480713e-02,1.719286292791366577e-01,6.700295209884643555e-02,-6.124617457389831543e-01,9.011929631233215332e-01,1.422294974327087402e-01,-4.351542145013809204e-02,-1.099190115928649902e-01
-8.790522068738937378e-02,-2.430419683456420898e+00,8.235521912574768066e-01,3.708870848640799522e-03,5.401594564318656921e-03,-7.118861079216003418e-01,7.022643685340881348e-01,9.144500643014907837e-02,-7.905343547463417053e-03,1.353054493665695190e-01,-5.548387020826339722e-02,-1.723873019218444824e-01,-7.735231425613164902e-03,6.510507315397262573e-02,1.136151794344186783e-02,-1.749728769063949585e-01,7.958083599805831909e-02,-2.260389178991317749e-01,-2.892483957111835480e-02,1.301497570239007473e-03,9.558448567986488342e-03,9.293003380298614502e-02,1.214188039302825928e-01,3.736757114529609680e-02,8.199990391731262207e-01,9.687389731407165527e-01,-7.246491312980651855e-02,-1.118164360523223877e-01,-7.767207175493240356e-02,1.645513325929641724e-01,7.124353200197219849e-02,-6.398831009864807129e-01,9.103846549987792969e-01,1.509721130132675171e-01,-4.902085289359092712e-02,-1.119932457804679871e-01
-8.762785047292709351e-02,-2.430665731430053711e+00,8.234503865242004395e-01,3.366719931364059448e-03,4.762726835906505585e-03,-7.115578651428222656e-01,7.026032805442810059e-01,9.210756421089172363e-02,-8.890793658792972565e-03,1.348890513181686401e-01,-5.439609289169311523e-02,-1.617448478937149048e-01,-6.408955901861190796e-03,6.865210831165313721e-02,1.011092215776443481e-02,-1.768009811639785767e-01,7.535564154386520386e-02,-2.172288000583648682e-01,-2.934061363339424133e-02,3.122522728517651558e-03,8.781542070209980011e-03,9.410309791564941406e-02,1.262030899524688721e-01,2.730411663651466370e-02,8.154438734054565430e-01,9.706484079360961914e-01,-7.454462349414825439e-02,-1.144040673971176147e-01,-7.531885802745819092e-02,1.625621020793914795e-01,7.153210043907165527e-02,-6.493988037109375000e-01,9.169224500656127930e-01,1.577979922294616699e-01,-5.365286394953727722e-02,-1.137284860014915466e-01
-8.699737489223480225e-02,-2.431666135787963867e+00,8.233059048652648926e-01,3.165353788062930107e-03,4.760582465678453445e-03,-7.121278047561645508e-01,7.020265460014343262e-01,9.582109004259109497e-02,-1.004296261817216873e-02,1.348402947187423706e-01,-5.734320729970932007e-02,-1.592068374156951904e-01,-3.068770049139857292e-03,7.326617836952209473e-02,9.693882428109645844e-03,-1.767485439777374268e-01,6.908887624740600586e-02,-2.115475237369537354e-01,-2.522853761911392212e-02,7.696274202316999435e-03,8.600086905062198639e-03,9.613389521837234497e-02,1.383144110441207886e-01,1.644095033407211304e-02,7.977194786071777344e-01,9.645500183105468750e-01,-7.482158392667770386e-02,-1.186987981200218201e-01,-7.369121909141540527e-02,1.735731512308120728e-01,6.610190123319625854e-02,-6.252588629722595215e-01,9.146654009819030762e-01,1.575798541307449341e-01,-6.209762394428253174e-02,-1.147146299481391907e-01
-8.614046871662139893e-02,-2.433932781219482422e+00,8.229854702949523926e-01,3.135571023449301720e-03,5.100980401039123535e-03,-7.141726016998291016e-01,6.999440193176269531e-01,1.034643724560737610e-01,-1.159080956131219864e-02,1.374953985214233398e-01,-6.356429308652877808e-02,-1.636695265769958496e-01,-1.224361330969259143e-04,7.975687086582183838e-02,9.464296512305736542e-03,-1.732274293899536133e-01,6.117496266961097717e-02,-2.052397131919860840e-01,-1.486368849873542786e-02,1.671265810728073120e-02,8.103779517114162445e-03,9.947801381349563599e-02,1.660349667072296143e-01,-1.627508609090000391e-04,7.641319632530212402e-01,9.375097751617431641e-01,-7.475112378597259521e-02,-1.268971860408782959e-01,-7.286132872104644775e-02,2.061494439840316772e-01,5.788807943463325500e-02,-5.652722716331481934e-01,8.896869421005249023e-01,1.512947678565979004e-01,-6.723013520240783691e-02,-1.161728352308273315e-01
-8.517990261316299438e-02,-2.436537265777587891e+00,8.225601911544799805e-01,4.854318685829639435e-03,7.572203408926725388e-03,-7.165400385856628418e-01,6.974879503250122070e-01,1.046707481145858765e-01,-1.234734430909156799e-02,1.406292468309402466e-01,-6.878908723592758179e-02,-1.635905206203460693e-01,1.732485252432525158e-03,7.880889624357223511e-02,9.378815069794654846e-03,-1.693958491086959839e-01,5.629242956638336182e-02,-1.989563703536987305e-01,-5.906070582568645477e-03,2.555374428629875183e-02,7.908352650701999664e-03,9.700070321559906006e-02,1.981808841228485107e-01,-1.462463662028312683e-02,7.262418270111083984e-01,9.060875177383422852e-01,-7.172846794128417969e-02,-1.243862882256507874e-01,-7.626269012689590454e-02,2.427843362092971802e-01,4.570578411221504211e-02,-4.970396161079406738e-01,8.576309084892272949e-01,1.395568996667861938e-01,-5.482173338532447815e-02,-1.124575361609458923e-01
-8.420047163963317871e-02,-2.439015388488769531e+00,8.219822049140930176e-01,6.451077759265899658e-03,9.953876957297325134e-03,-7.188192605972290039e-01,6.950958371162414551e-01,1.046951189637184143e-01,-1.258246041834354401e-02,1.443255692720413208e-01,-7.204916328191757202e-02,-1.597395539283752441e-01,1.204721047542989254e-03,7.760693877935409546e-02,9.737485088407993317e-03,-1.651491224765777588e-01,5.240334942936897278e-02,-1.977122426033020020e-01,-2.390195149928331375e-03,3.262815997004508972e-02,7.849727757275104523e-03,9.449160099029541016e-02,2.282237112522125244e-01,-2.628764510154724121e-02,6.912345290184020996e-01,8.773664236068725586e-01,-6.766375899314880371e-02,-1.173393055796623230e-01,-7.936950027942657471e-02,2.737917602062225342e-01,3.319390863180160522e-02,-4.375100135803222656e-01,8.286790251731872559e-01,1.282643228769302368e-01,-4.090133309364318848e-02,-1.049781516194343567e-01
-8.325526863336563110e-02,-2.441641569137573242e+00,8.213425278663635254e-01,7.816508412361145020e-03,1.206330116838216782e-02,-7.206001281738281250e-01,6.932018399238586426e-01,1.051731854677200317e-01,-1.286808308213949203e-02,1.474285870790481567e-01,-7.488720118999481201e-02,-1.524754911661148071e-01,2.793056955852080137e-05,7.757541537284851074e-02,9.973754175007343292e-03,-1.617634594440460205e-01,4.880330339074134827e-02,-1.982720047235488892e-01,-4.438926043803803623e-05,3.768483176827430725e-02,8.012267760932445526e-03,9.164175391197204590e-02,2.572761178016662598e-01,-3.562868759036064148e-02,6.578736901283264160e-01,8.500465154647827148e-01,-6.426507979631423950e-02,-1.089323908090591431e-01,-8.071237057447433472e-02,3.039816617965698242e-01,2.083211392164230347e-02,-3.831917941570281982e-01,7.998970150947570801e-01,1.157327443361282349e-01,-2.949186973273754120e-02,-9.706991910934448242e-02
-8.223645389080047607e-02,-2.444308996200561523e+00,8.206877708435058594e-01,8.898197673261165619e-03,1.396031863987445831e-02,-7.220301628112792969e-01,6.916635036468505859e-01,1.087103188037872314e-01,-1.371520105749368668e-02,1.498012244701385498e-01,-8.226205408573150635e-02,-1.378479003906250000e-01,-5.314440932124853134e-04,8.013697713613510132e-02,1.023247558623552322e-02,-1.590534597635269165e-01,4.202544316649436951e-02,-1.985579282045364380e-01,3.054917789995670319e-03,4.226258397102355957e-02,8.796534501016139984e-03,8.872303366661071777e-02,2.834873199462890625e-01,-4.277560859918594360e-02,6.262700557708740234e-01,8.250524401664733887e-01,-6.245198100805282593e-02,-9.959779679775238037e-02,-7.987059652805328369e-02,3.343409001827239990e-01,7.288967724889516830e-03,-3.307599127292633057e-01,7.679235339164733887e-01,1.095227003097534180e-01,-1.340764947235584259e-02,-9.277277439832687378e-02
-8.144575357437133789e-02,-2.446609258651733398e+00,8.200898766517639160e-01,9.588319808244705200e-03,1.515802741050720215e-02,-7.226769328117370605e-01,6.909531950950622559e-01,1.119544506072998047e-01,-1.452386006712913513e-02,1.509148478507995605e-01,-8.665202558040618896e-02,-1.311047524213790894e-01,-1.220147358253598213e-03,8.441678434610366821e-02,1.037364639341831207e-02,-1.578887999057769775e-01,3.469805791974067688e-02,-1.996194422245025635e-01,6.627733819186687469e-03,4.462312161922454834e-02,9.574372321367263794e-03,8.577919751405715942e-02,3.047419190406799316e-01,-4.677673801779747009e-02,5.993968844413757324e-01,8.064298629760742188e-01,-6.578178703784942627e-02,-9.658882021903991699e-02,-8.068457990884780884e-02,3.576976954936981201e-01,-1.553372567286714911e-05,-2.969641089439392090e-01,7.438312172889709473e-01,1.102484390139579773e-01,-8.013965561985969543e-03,-9.039694815874099731e-02
-8.057587593793869019e-02,-2.448664426803588867e+00,8.195536136627197266e-01,9.999522008001804352e-03,1.596469990909099579e-02,-7.228030562400817871e-01,6.907972693443298340e-01,1.139654442667961121e-01,-1.551265269517898560e-02,1.510555595159530640e-01,-8.699605613946914673e-02,-1.292339563369750977e-01,-1.962718321010470390e-03,8.923037350177764893e-02,1.015500817447900772e-02,-1.574597507715225220e-01,2.778349444270133972e-02,-1.996085941791534424e-01,9.766305796802043915e-03,4.471402615308761597e-02,1.043705176562070847e-02,8.293500542640686035e-02,3.225903809070587158e-01,-5.044480040669441223e-02,5.767348408699035645e-01,7.901186943054199219e-01,-7.391114532947540283e-02,-9.785836189985275269e-02,-7.981073111295700073e-02,3.783954977989196777e-01,-6.414149887859821320e-03,-2.675634026527404785e-01,7.232744693756103516e-01,1.153907999396324158e-01,-9.587588720023632050e-03,-8.999925106763839722e-02
-7.964240014553070068e-02,-2.450700521469116211e+00,8.190058469772338867e-01,1.043885760009288788e-02,1.662509702146053314e-02,-7.226319909095764160e-01,6.909541487693786621e-01,1.160084009170532227e-01,-1.686360500752925873e-02,1.502403616905212402e-01,-8.726699650287628174e-02,-1.304022967815399170e-01,-2.071536378934979439e-03,9.380912780761718750e-02,9.565106593072414398e-03,-1.570421904325485229e-01,2.191037125885486603e-02,-1.997193992137908936e-01,1.249342598021030426e-02,4.406064003705978394e-02,1.139253471046686172e-02,7.969086617231369019e-02,3.390561938285827637e-01,-5.413237959146499634e-02,5.555622577667236328e-01,7.736404538154602051e-01,-7.995688170194625854e-02,-1.014615893363952637e-01,-7.780908048152923584e-02,3.998647630214691162e-01,-1.320957485586404800e-02,-2.381094545125961304e-01,7.029075026512145996e-01,1.201231703162193298e-01,-1.359551865607500076e-02,-8.922304213047027588e-02
-7.868202030658721924e-02,-2.452460289001464844e+00,8.185735344886779785e-01,1.105018611997365952e-02,1.744448021054267883e-02,-7.220523357391357422e-01,6.915301680564880371e-01,1.166641712188720703e-01,-1.831318251788616180e-02,1.488293707370758057e-01,-8.726699650287628174e-02,-1.331606060266494751e-01,-1.395702944137156010e-03,9.698630124330520630e-02,8.804931305348873138e-03,-1.569129228591918945e-01,1.730055548250675201e-02,-2.004191428422927856e-01,1.521504484117031097e-02,4.253590479493141174e-02,1.241922657936811447e-02,7.592038810253143311e-02,3.519427478313446045e-01,-5.820558592677116394e-02,5.381440520286560059e-01,7.582818865776062012e-01,-8.520849794149398804e-02,-1.059009358286857605e-01,-7.766477018594741821e-02,4.193790853023529053e-01,-2.041422203183174133e-02,-2.115425169467926025e-01,6.842063069343566895e-01,1.194413974881172180e-01,-1.636235229671001434e-02,-8.614546060562133789e-02
-7.769353687763214111e-02,-2.453812599182128906e+00,8.182411193847656250e-01,1.156058255583047867e-02,1.825161278247833252e-02,-7.213035225868225098e-01,6.922820806503295898e-01,1.166412234306335449e-01,-1.952238753437995911e-02,1.471155285835266113e-01,-8.726699650287628174e-02,-1.346158236265182495e-01,-1.246534637175500393e-03,9.850553423166275024e-02,8.111092261970043182e-03,-1.567623317241668701e-01,1.519047934561967850e-02,-2.013521492481231689e-01,1.656357012689113617e-02,3.929096087813377380e-02,1.369317900389432907e-02,7.210332155227661133e-02,3.606840968132019043e-01,-6.228422746062278748e-02,5.256238579750061035e-01,7.465298175811767578e-01,-9.190686792135238647e-02,-1.124579012393951416e-01,-7.901363074779510498e-02,4.322559237480163574e-01,-2.590812742710113525e-02,-1.927855312824249268e-01,6.715064048767089844e-01,1.154815182089805603e-01,-1.521682459861040115e-02,-8.176968991756439209e-02
-7.680279016494750977e-02,-2.454875946044921875e+00,8.180058598518371582e-01,1.190564315766096115e-02,1.886795088648796082e-02,-7.203428149223327637e-01,6.932592988014221191e-01,1.165128350257873535e-01,-2.059966884553432465e-02,1.449702531099319458e-01,-8.726699650287628174e-02,-1.359649747610092163e-01,3.306488797534257174e-04,9.878575056791305542e-02,7.386961951851844788e-03,-1.570021659135818481e-01,1.602799631655216217e-02,-2.033963054418563843e-01,1.726799458265304565e-02,3.565863892436027527e-02,1.524169370532035828e-02,6.862644106149673462e-02,3.659516870975494385e-01,-6.559208780527114868e-02,5.148087739944458008e-01,7.374778985977172852e-01,-1.008573099970817566e-01,-1.207518577575683594e-01,-8.071158081293106079e-02,4.404938817024230957e-01,-2.835827320814132690e-02,-1.826102584600448608e-01,6.632322072982788086e-01,1.105088144540786743e-01,-1.143345050513744354e-02,-8.148448169231414795e-02
-7.608786225318908691e-02,-2.455280542373657227e+00,8.181125521659851074e-01,1.199771743267774582e-02,1.898169890046119690e-02,-7.192865610122680664e-01,6.943504810333251953e-01,1.162576004862785339e-01,-2.176791429519653320e-02,1.430687159299850464e-01,-8.726699650287628174e-02,-1.353197842836380005e-01,1.322648371569812298e-03,9.844686836004257202e-02,6.495521869510412216e-03,-1.577368527650833130e-01,1.783015765249729156e-02,-2.048178464174270630e-01,1.642608083784580231e-02,3.185137361288070679e-02,1.671029068529605865e-02,6.609307229518890381e-02,3.608186841011047363e-01,-6.818785518407821655e-02,5.120362639427185059e-01,7.376598119735717773e-01,-1.058322042226791382e-01,-1.281000375747680664e-01,-8.022082597017288208e-02,4.374611973762512207e-01,-2.463719248771667480e-02,-1.888110637664794922e-01,6.664642095565795898e-01,1.047526299953460693e-01,-6.152820773422718048e-03,-8.147296309471130371e-02
-7.560493052005767822e-02,-2.455431699752807617e+00,8.183329701423645020e-01,1.203008461743593216e-02,1.875529065728187561e-02,-7.182493805885314941e-01,6.954289078712463379e-01,1.161828637123107910e-01,-2.283373288810253143e-02,1.415093392133712769e-01,-8.726699650287628174e-02,-1.344498246908187866e-01,1.595670124515891075e-03,9.832087904214859009e-02,5.507871508598327637e-03,-1.588741838932037354e-01,1.970637217164039612e-02,-2.055472433567047119e-01,1.531177293509244919e-02,2.745131962001323700e-02,1.771324686706066132e-02,6.412702798843383789e-02,3.530353307723999023e-01,-6.824125349521636963e-02,5.095422863960266113e-01,7.406309247016906738e-01,-1.073491200804710388e-01,-1.343318223953247070e-01,-7.981748878955841064e-02,4.295410215854644775e-01,-1.668647117912769318e-02,-2.031632959842681885e-01,6.744248867034912109e-01,1.054527759552001953e-01,-3.562337718904018402e-03,-8.194241672754287720e-02
-7.497239857912063599e-02,-2.455605506896972656e+00,8.185106515884399414e-01,1.174260582774877548e-02,1.825106889009475708e-02,-7.171680927276611328e-01,6.965622305870056152e-01,1.171304360032081604e-01,-2.414649538695812225e-02,1.396547406911849976e-01,-8.726699650287628174e-02,-1.350544244050979614e-01,1.664601266384124756e-03,9.930825978517532349e-02,4.288709722459316254e-03,-1.599729359149932861e-01,2.161320298910140991e-02,-2.070324718952178955e-01,1.479335967451334000e-02,2.245237864553928375e-02,1.909853518009185791e-02,6.334789097309112549e-02,3.473483920097351074e-01,-6.916265934705734253e-02,5.052358508110046387e-01,7.403615713119506836e-01,-1.085161119699478149e-01,-1.393655687570571899e-01,-8.145975321531295776e-02,4.234319329261779785e-01,-9.862277656793594360e-03,-2.150534540414810181e-01,6.797469258308410645e-01,1.104367822408676147e-01,-4.840434063225984573e-03,-8.377198874950408936e-02
-7.425267249345779419e-02,-2.455817461013793945e+00,8.186327219009399414e-01,1.151055842638015747e-02,1.794984750449657440e-02,-7.162355184555053711e-01,6.975328326225280762e-01,1.178360879421234131e-01,-2.527692168951034546e-02,1.380133330821990967e-01,-8.726699650287628174e-02,-1.351252347230911255e-01,2.761364215984940529e-03,9.982561320066452026e-02,3.082627896219491959e-03,-1.612298637628555298e-01,2.336656861007213593e-02,-2.077966183423995972e-01,1.354740932583808899e-02,1.858222112059593201e-02,2.078983560204505920e-02,6.212355569005012512e-02,3.409654498100280762e-01,-7.008133828639984131e-02,5.011430978775024414e-01,7.405443191528320312e-01,-1.089034005999565125e-01,-1.413284987211227417e-01,-8.361383527517318726e-02,4.193156361579895020e-01,-4.623691085726022720e-03,-2.232566624879837036e-01,6.826963424682617188e-01,1.122729927301406860e-01,-7.121252361685037613e-03,-8.642184734344482422e-02
-7.362441718578338623e-02,-2.456076145172119141e+00,8.187332749366760254e-01,1.136573124676942825e-02,1.752050220966339111e-02,-7.153533697128295898e-01,6.984506845474243164e-01,1.185918673872947693e-01,-2.676200866699218750e-02,1.365809738636016846e-01,-8.726699650287628174e-02,-1.350514739751815796e-01,3.316263202577829361e-03,1.010187417268753052e-01,1.701508183032274246e-03,-1.625041514635086060e-01,2.431318350136280060e-02,-2.084500491619110107e-01,1.326308492571115494e-02,1.386809628456830978e-02,2.225855179131031036e-02,6.070119515061378479e-02,3.356323838233947754e-01,-6.957016885280609131e-02,4.966529309749603271e-01,7.418429255485534668e-01,-1.099096015095710754e-01,-1.419968158006668091e-01,-8.775284886360168457e-02,4.156205952167510986e-01,3.648556594271212816e-04,-2.301760613918304443e-01,6.846062541007995605e-01,1.118778735399246216e-01,-8.196172304451465607e-03,-8.738327026367187500e-02
-7.307053357362747192e-02,-2.456070661544799805e+00,8.189249038696289062e-01,1.117770932614803314e-02,1.693155243992805481e-02,-7.147474884986877441e-01,6.990882754325866699e-01,1.193769946694374084e-01,-2.817415632307529449e-02,1.355902999639511108e-01,-8.726699650287628174e-02,-1.344413608312606812e-01,3.230712609365582466e-03,1.022224575281143188e-01,2.045582805294543505e-04,-1.635544598102569580e-01,2.482010051608085632e-02,-2.086639255285263062e-01,1.363808289170265198e-02,9.999130852520465851e-03,2.363767102360725403e-02,5.986236035823822021e-02,3.271930813789367676e-01,-6.868717819452285767e-02,4.956238567829132080e-01,7.472459673881530762e-01,-1.116410121321678162e-01,-1.436638534069061279e-01,-9.091355651617050171e-02,4.087703824043273926e-01,7.006630767136812210e-03,-2.412394732236862183e-01,6.894603371620178223e-01,1.123601570725440979e-01,-1.019532792270183563e-02,-8.562201261520385742e-02
-7.249356061220169067e-02,-2.455911397933959961e+00,8.191203474998474121e-01,1.061887945979833603e-02,1.597753725945949554e-02,-7.144433259963989258e-01,6.994302272796630859e-01,1.211750656366348267e-01,-2.951000444591045380e-02,1.347703933715820312e-01,-8.726699650287628174e-02,-1.335579156875610352e-01,3.962208051234483719e-03,1.043626144528388977e-01,-1.264242804609239101e-03,-1.643312871456146240e-01,2.490607835352420807e-02,-2.091729640960693359e-01,1.382086053490638733e-02,6.797316018491983414e-03,2.480830810964107513e-02,6.007526069879531860e-02,3.166634440422058105e-01,-6.778796017169952393e-02,4.981956779956817627e-01,7.551787495613098145e-01,-1.131027415394783020e-01,-1.451757252216339111e-01,-9.296197444200515747e-02,3.995081484317779541e-01,1.434326730668544769e-02,-2.558866143226623535e-01,6.969292759895324707e-01,1.133484989404678345e-01,-1.440632715821266174e-02,-8.200078457593917847e-02
-7.202211022377014160e-02,-2.455821990966796875e+00,8.193561434745788574e-01,9.943415410816669464e-03,1.490497961640357971e-02,-7.148963212966918945e-01,6.990008950233459473e-01,1.236572265625000000e-01,-3.081607818603515625e-02,1.352939009666442871e-01,-8.726699650287628174e-02,-1.321140229701995850e-01,4.535424523055553436e-03,1.068896725773811340e-01,-2.471034880727529526e-03,-1.639349758625030518e-01,2.405583299696445465e-02,-2.081030607223510742e-01,1.348903123289346695e-02,5.196238867938518524e-03,2.592626400291919708e-02,6.000502035021781921e-02,3.063594996929168701e-01,-6.659540534019470215e-02,5.023598074913024902e-01,7.634321451187133789e-01,-1.117629483342170715e-01,-1.446973532438278198e-01,-9.350635856389999390e-02,3.892736434936523438e-01,2.224159426987171173e-02,-2.723206579685211182e-01,7.052714228630065918e-01,1.141995862126350403e-01,-1.881825923919677734e-02,-8.105135709047317505e-02
-7.145279645919799805e-02,-2.455406665802001953e+00,8.196595907211303711e-01,9.318991564214229584e-03,1.407583709806203842e-02,-7.157816886901855469e-01,6.981199979782104492e-01,1.253090053796768188e-01,-3.198425844311714172e-02,1.366909146308898926e-01,-8.726699650287628174e-02,-1.297538578510284424e-01,5.242159590125083923e-03,1.074801906943321228e-01,-3.777360543608665466e-03,-1.630311906337738037e-01,2.457609400153160095e-02,-2.053322494029998779e-01,1.405635755509138107e-02,4.489935003221035004e-03,2.713559567928314209e-02,5.977156385779380798e-02,2.939713597297668457e-01,-6.647887825965881348e-02,5.103670358657836914e-01,7.734426259994506836e-01,-1.065354794263839722e-01,-1.427400857210159302e-01,-9.197984635829925537e-02,3.758818507194519043e-01,2.923762612044811249e-02,-2.906740307807922363e-01,7.170486450195312500e-01,1.150610819458961487e-01,-2.224639058113098145e-02,-8.232702314853668213e-02
-7.095168530941009521e-02,-2.455128908157348633e+00,8.198454380035400391e-01,8.585410192608833313e-03,1.320756599307060242e-02,-7.170556783676147461e-01,6.968378424644470215e-01,1.277676522731781006e-01,-3.288152068853378296e-02,1.383304446935653687e-01,-8.726699650287628174e-02,-1.301668137311935425e-01,5.863355472683906555e-03,1.082284674048423767e-01,-4.831865895539522171e-03,-1.613867282867431641e-01,2.582423947751522064e-02,-2.046858668327331543e-01,1.392633840441703796e-02,4.680537153035402298e-03,2.818229421973228455e-02,5.963101610541343689e-02,2.866328954696655273e-01,-6.676903367042541504e-02,5.155372023582458496e-01,7.800052165985107422e-01,-1.013709083199501038e-01,-1.441421806812286377e-01,-9.133945405483245850e-02,3.655533790588378906e-01,3.502155467867851257e-02,-3.062482178211212158e-01,7.263396978378295898e-01,1.183099299669265747e-01,-2.657172270119190216e-02,-8.328418433666229248e-02
-7.062245905399322510e-02,-2.454429149627685547e+00,8.201271295547485352e-01,8.384044282138347626e-03,1.295569259673357010e-02,-7.182006239891052246e-01,6.956649422645568848e-01,1.273770779371261597e-01,-3.315569087862968445e-02,1.401904523372650146e-01,-8.726698905229568481e-02,-1.281021386384963989e-01,5.270058754831552505e-03,1.061445027589797974e-01,-5.701692774891853333e-03,-1.608180552721023560e-01,2.718243934214115143e-02,-2.027126103639602661e-01,1.334377843886613846e-02,3.889396553859114647e-03,2.903454191982746124e-02,5.796407908201217651e-02,2.750401496887207031e-01,-6.532339751720428467e-02,5.258529782295227051e-01,7.929781675338745117e-01,-9.969054162502288818e-02,-1.424582004547119141e-01,-9.369453787803649902e-02,3.483432233333587646e-01,4.324323311448097229e-02,-3.302884399890899658e-01,7.410663962364196777e-01,1.194942742586135864e-01,-2.738177031278610229e-02,-8.514000475406646729e-02
-7.040007412433624268e-02,-2.453457593917846680e+00,8.204540014266967773e-01,8.132640272378921509e-03,1.253069378435611725e-02,-7.193554639816284180e-01,6.944814920425415039e-01,1.268108487129211426e-01,-3.344371542334556580e-02,1.424505710601806641e-01,-8.726689964532852173e-02,-1.241532191634178162e-01,4.915788769721984863e-03,1.043190062046051025e-01,-6.569758988916873932e-03,-1.603360027074813843e-01,2.769301086664199829e-02,-1.984960287809371948e-01,1.307514589279890060e-02,2.916502999141812325e-03,2.967440895736217499e-02,5.670484900474548340e-02,2.623157501220703125e-01,-6.380156427621841431e-02,5.391600131988525391e-01,8.085263967514038086e-01,-1.002291068434715271e-01,-1.432782113552093506e-01,-9.629966318607330322e-02,3.284750282764434814e-01,5.279426276683807373e-02,-3.595274388790130615e-01,7.580749988555908203e-01,1.222722157835960388e-01,-2.676079981029033661e-02,-8.581965416669845581e-02
-7.012552767992019653e-02,-2.452572822570800781e+00,8.207532167434692383e-01,7.468068040907382965e-03,1.171831134706735611e-02,-7.205805182456970215e-01,6.932319998741149902e-01,1.278561204671859741e-01,-3.397214785218238831e-02,1.444437354803085327e-01,-8.726692944765090942e-02,-1.222597509622573853e-01,5.309558473527431488e-03,1.040814742445945740e-01,-7.381930015981197357e-03,-1.591353863477706909e-01,2.835457026958465576e-02,-1.957037448883056641e-01,1.337459590286016464e-02,2.328114118427038193e-03,3.020195849239826202e-02,5.663042515516281128e-02,2.524856925010681152e-01,-6.342314928770065308e-02,5.506528615951538086e-01,8.214475512504577637e-01,-1.015338823199272156e-01,-1.458896696567535400e-01,-9.532947838306427002e-02,3.127008080482482910e-01,6.017018854618072510e-02,-3.827940821647644043e-01,7.726615071296691895e-01,1.276301443576812744e-01,-3.116019070148468018e-02,-8.758448064327239990e-02
-6.975158303976058960e-02,-2.451918840408325195e+00,8.209134936332702637e-01,6.703857798129320145e-03,1.088576950132846832e-02,-7.218403220176696777e-01,6.919415593147277832e-01,1.296568512916564941e-01,-3.463413938879966736e-02,1.463488638401031494e-01,-8.726691454648971558e-02,-1.220497190952301025e-01,5.863365251570940018e-03,1.041533946990966797e-01,-8.261562325060367584e-03,-1.578373610973358154e-01,2.966297417879104614e-02,-1.950878947973251343e-01,1.363920606672763824e-02,1.710462849587202072e-03,3.061074018478393555e-02,5.708417296409606934e-02,2.451448142528533936e-01,-6.432145833969116211e-02,5.611333847045898438e-01,8.316843509674072266e-01,-1.025763526558876038e-01,-1.471956521272659302e-01,-9.293314069509506226e-02,3.005010783672332764e-01,6.543400138616561890e-02,-3.991684615612030029e-01,7.841346263885498047e-01,1.326304227113723755e-01,-3.530605137348175049e-02,-8.919949829578399658e-02
-6.941800564527511597e-02,-2.451441526412963867e+00,8.209655284881591797e-01,5.460155662149190903e-03,9.575690142810344696e-03,-7.231398820877075195e-01,6.906136870384216309e-01,1.334379166364669800e-01,-3.538440540432929993e-02,1.480410546064376831e-01,-8.726699650287628174e-02,-1.229782328009605408e-01,6.532926112413406372e-03,1.061602905392646790e-01,-8.955494500696659088e-03,-1.557129621505737305e-01,3.107418864965438843e-02,-1.960254311561584473e-01,1.380508765578269958e-02,1.600826974026858807e-03,3.073320910334587097e-02,5.918962880969047546e-02,2.405308336019515991e-01,-6.645039469003677368e-02,5.707604289054870605e-01,8.386524915695190430e-01,-1.041507199406623840e-01,-1.492186039686203003e-01,-9.106457233428955078e-02,2.937038540840148926e-01,7.010684907436370850e-02,-4.083065688610076904e-01,7.906508445739746094e-01,1.341737061738967896e-01,-4.091297462582588196e-02,-9.003415703773498535e-02
-6.923262029886245728e-02,-2.450793504714965820e+00,8.210555911064147949e-01,5.065222270786762238e-03,9.199230931699275970e-03,-7.241557240486145020e-01,6.895564794540405273e-01,1.336948871612548828e-01,-3.549681231379508972e-02,1.499693840742111206e-01,-8.726688474416732788e-02,-1.208756566047668457e-01,6.640250328928232193e-03,1.049829199910163879e-01,-9.445022791624069214e-03,-1.547948420047760010e-01,3.226700425148010254e-02,-1.935081928968429565e-01,1.385860331356525421e-02,1.056593260727822781e-03,3.083490021526813507e-02,5.889894440770149231e-02,2.343813180923461914e-01,-6.686529517173767090e-02,5.813493728637695312e-01,8.484006524085998535e-01,-1.047228798270225525e-01,-1.469586789608001709e-01,-9.213045239448547363e-02,2.857176065444946289e-01,7.552801817655563354e-02,-4.195922017097473145e-01,7.976999878883361816e-01,1.312799900770187378e-01,-4.100930318236351013e-02,-8.977121859788894653e-02
-6.910264492034912109e-02,-2.450850009918212891e+00,8.209597468376159668e-01,3.987322561442852020e-03,7.881445810198783875e-03,-7.249497771263122559e-01,6.887450814247131348e-01,1.380770206451416016e-01,-3.636552393436431885e-02,1.507831066846847534e-01,-8.726699650287628174e-02,-1.239925026893615723e-01,7.636922877281904221e-03,1.083952113986015320e-01,-1.003511436283588409e-02,-1.537692546844482422e-01,3.281142190098762512e-02,-1.954507976770401001e-01,1.292173191905021667e-02,-5.626606871373951435e-04,3.049072623252868652e-02,6.033409014344215393e-02,2.358549088239669800e-01,-6.696765124797821045e-02,5.836542844772338867e-01,8.530356287956237793e-01,-1.048015281558036804e-01,-1.486184000968933105e-01,-9.211400151252746582e-02,2.836183309555053711e-01,8.091578632593154907e-02,-4.269462823867797852e-01,8.004560470581054688e-01,1.316095292568206787e-01,-4.387564584612846375e-02,-8.900984376668930054e-02
-6.912841647863388062e-02,-2.450700521469116211e+00,8.208460807800292969e-01,3.529927227646112442e-03,7.317335344851016998e-03,-7.257573604583740234e-01,6.879028081893920898e-01,1.399002522230148315e-01,-3.665998205542564392e-02,1.516526937484741211e-01,-8.726699650287628174e-02,-1.261063814163208008e-01,7.912327535450458527e-03,1.093439236283302307e-01,-1.022455934435129166e-02,-1.528056710958480835e-01,3.305727243423461914e-02,-1.958579868078231812e-01,1.240712311118841171e-02,-1.667789416387677193e-03,3.009199164807796478e-02,6.097304448485374451e-02,2.397501468658447266e-01,-6.664022058248519897e-02,5.805916190147399902e-01,8.540988564491271973e-01,-1.041093841195106506e-01,-1.478016227483749390e-01,-9.049735963344573975e-02,2.837010324001312256e-01,8.648486435413360596e-02,-4.314460456371307373e-01,8.010308742523193359e-01,1.321162283420562744e-01,-4.700390622019767761e-02,-8.965253829956054688e-02
-6.909684091806411743e-02,-2.450742006301879883e+00,8.206067681312561035e-01,3.065409138798713684e-03,6.782297510653734207e-03,-7.264903783798217773e-01,6.871362924575805664e-01,1.420345008373260498e-01,-3.707215562462806702e-02,1.523854583501815796e-01,-8.726699650287628174e-02,-1.294513642787933350e-01,8.445588871836662292e-03,1.106956079602241516e-01,-1.043348386883735657e-02,-1.517983376979827881e-01,3.334971889853477478e-02,-1.973039507865905762e-01,1.279007364064455032e-02,-2.765232697129249573e-03,2.970272488892078400e-02,6.200918927788734436e-02,2.460051327943801880e-01,-6.752901524305343628e-02,5.755370855331420898e-01,8.523729443550109863e-01,-1.034836173057556152e-01,-1.467922478914260864e-01,-8.955292403697967529e-02,2.862969338893890381e-01,9.063535928726196289e-02,-4.322701692581176758e-01,7.995250225067138672e-01,1.329745054244995117e-01,-4.914125055074691772e-02,-8.976356685161590576e-02
-6.902918964624404907e-02,-2.450563192367553711e+00,8.204604387283325195e-01,2.918970305472612381e-03,6.656434852629899979e-03,-7.271329760551452637e-01,6.864581704139709473e-01,1.424848437309265137e-01,-3.725140541791915894e-02,1.531166285276412964e-01,-8.726699650287628174e-02,-1.311029791831970215e-01,9.050041437149047852e-03,1.104972809553146362e-01,-1.051332801580429077e-02,-1.512055099010467529e-01,3.347474336624145508e-02,-1.979289948940277100e-01,1.258439850062131882e-02,-3.548119449988007545e-03,2.946290001273155212e-02,6.205257773399353027e-02,2.485475689172744751e-01,-6.908050924539566040e-02,5.753664374351501465e-01,8.542113900184631348e-01,-1.017740964889526367e-01,-1.437726467847824097e-01,-8.815740048885345459e-02,2.861997783184051514e-01,9.384879469871520996e-02,-4.354155361652374268e-01,8.019467592239379883e-01,1.342100352048873901e-01,-4.805333912372589111e-02,-8.825903385877609253e-02
-6.902368366718292236e-02,-2.450313091278076172e+00,8.203436732292175293e-01,2.701439196243882179e-03,6.558932363986968994e-03,-7.276404500007629395e-01,6.859220266342163086e-01,1.428224742412567139e-01,-3.720818832516670227e-02,1.537543386220932007e-01,-8.726698160171508789e-02,-1.326670050621032715e-01,9.692152962088584900e-03,1.100480854511260986e-01,-1.034036278724670410e-02,-1.505817174911499023e-01,3.415523841977119446e-02,-2.002905607223510742e-01,1.178623363375663757e-02,-3.936716821044683456e-03,2.912510931491851807e-02,6.182470917701721191e-02,2.491031736135482788e-01,-7.119283825159072876e-02,5.785105228424072266e-01,8.573911190032958984e-01,-1.001350432634353638e-01,-1.399262249469757080e-01,-8.759872615337371826e-02,2.856385409832000732e-01,9.646160155534744263e-02,-4.393914043903350830e-01,8.054600954055786133e-01,1.347434669733047485e-01,-4.649490490555763245e-02,-8.845768868923187256e-02
-6.901262700557708740e-02,-2.449872255325317383e+00,8.202785253524780273e-01,2.425818005576729774e-03,6.476881913840770721e-03,-7.280947566032409668e-01,6.854416131973266602e-01,1.428365558385848999e-01,-3.694537281990051270e-02,1.544409096240997314e-01,-8.726664632558822632e-02,-1.334614008665084839e-01,9.963974356651306152e-03,1.089744865894317627e-01,-1.020262204110622406e-02,-1.499888896942138672e-01,3.555890545248985291e-02,-2.008954137563705444e-01,1.190688647329807281e-02,-3.847937099635601044e-03,2.893512509763240814e-02,6.155128031969070435e-02,2.460393160581588745e-01,-7.443899661302566528e-02,5.868226885795593262e-01,8.631728887557983398e-01,-9.875000268220901489e-02,-1.353671550750732422e-01,-8.678591996431350708e-02,2.823770940303802490e-01,9.942533820867538452e-02,-4.480463862419128418e-01,8.116399645805358887e-01,1.356104612350463867e-01,-4.398456588387489319e-02,-8.872646838426589966e-02
-6.907657533884048462e-02,-2.449360847473144531e+00,8.202684521675109863e-01,1.975473016500473022e-03,6.130691617727279663e-03,-7.286138534545898438e-01,6.848943829536437988e-01,1.435123533010482788e-01,-3.674455732107162476e-02,1.549964249134063721e-01,-8.726658672094345093e-02,-1.355202496051788330e-01,9.299525991082191467e-03,1.084386408329010010e-01,-1.016740407794713974e-02,-1.495363414287567139e-01,3.713386505842208862e-02,-2.003411054611206055e-01,1.330783218145370483e-02,-3.543235594406723976e-03,2.880542539060115814e-02,6.154884025454521179e-02,2.429954558610916138e-01,-7.729376107454299927e-02,5.936028957366943359e-01,8.694452643394470215e-01,-9.703902900218963623e-02,-1.335754543542861938e-01,-8.406905829906463623e-02,2.773793637752532959e-01,1.036975756287574768e-01,-4.606852829456329346e-01,8.192596435546875000e-01,1.361369192600250244e-01,-4.236517474055290222e-02,-8.958639949560165405e-02
-6.909741461277008057e-02,-2.448880910873413086e+00,8.202442526817321777e-01,1.275829970836639404e-03,5.620163865387439728e-03,-7.291329503059387207e-01,6.843478083610534668e-01,1.449221372604370117e-01,-3.656173869967460632e-02,1.557035744190216064e-01,-8.726650476455688477e-02,-1.382749527692794800e-01,1.002367585897445679e-02,1.084471046924591064e-01,-1.008145604282617569e-02,-1.491907685995101929e-01,3.890380635857582092e-02,-2.000612765550613403e-01,1.375343743711709976e-02,-2.929470734670758247e-03,2.856562845408916473e-02,6.216964125633239746e-02,2.402916252613067627e-01,-8.191905915737152100e-02,6.016314625740051270e-01,8.746557831764221191e-01,-9.523266553878784180e-02,-1.356292068958282471e-01,-8.199360966682434082e-02,2.719653844833374023e-01,1.071305051445960999e-01,-4.732979536056518555e-01,8.275279998779296875e-01,1.368463784456253052e-01,-4.201241210103034973e-02,-8.982740342617034912e-02
-6.916967034339904785e-02,-2.448493480682373047e+00,8.201914429664611816e-01,4.314707766752690077e-04,5.045338068157434464e-03,-7.296558618545532227e-01,6.837957501411437988e-01,1.467590630054473877e-01,-3.622645512223243713e-02,1.565774232149124146e-01,-8.726644515991210938e-02,-1.397091746330261230e-01,1.123070996254682541e-02,1.086223945021629333e-01,-9.837001562118530273e-03,-1.487223505973815918e-01,4.117128998041152954e-02,-1.993896514177322388e-01,1.350012607872486115e-02,-2.375390147790312767e-03,2.831134945154190063e-02,6.324773281812667847e-02,2.383019030094146729e-01,-8.606931567192077637e-02,6.092007160186767578e-01,8.791736960411071777e-01,-9.443396329879760742e-02,-1.377280801534652710e-01,-8.147799223661422729e-02,2.670011520385742188e-01,1.102266758680343628e-01,-4.842299818992614746e-01,8.345755338668823242e-01,1.353663206100463867e-01,-4.227579385042190552e-02,-9.197413176298141479e-02
-6.940727680921554565e-02,-2.448096752166748047e+00,8.201798200607299805e-01,-2.462077536620199680e-04,4.487133119255304337e-03,-7.301111817359924316e-01,6.833136081695556641e-01,1.482849270105361938e-01,-3.584484383463859558e-02,1.572623699903488159e-01,-8.726640045642852783e-02,-1.409903168678283691e-01,1.188757456839084625e-02,1.090494766831398010e-01,-9.433950297534465790e-03,-1.481954157352447510e-01,4.249637946486473083e-02,-1.991768479347229004e-01,1.229941286146640778e-02,-2.114969305694103241e-03,2.774684876203536987e-02,6.415330618619918823e-02,2.377182990312576294e-01,-8.896204829216003418e-02,6.136462688446044922e-01,8.836320638656616211e-01,-9.826916456222534180e-02,-1.405061334371566772e-01,-8.200541883707046509e-02,2.616126239299774170e-01,1.146927401423454285e-01,-4.961568415164947510e-01,8.404324650764465332e-01,1.342648565769195557e-01,-4.204041883349418640e-02,-9.482528269290924072e-02
-6.961659342050552368e-02,-2.447879076004028320e+00,8.201511502265930176e-01,-8.869868470355868340e-04,3.942647017538547516e-03,-7.306736111640930176e-01,6.827149987220764160e-01,1.500740796327590942e-01,-3.550901263952255249e-02,1.583179682493209839e-01,-8.726520091295242310e-02,-1.427296996116638184e-01,1.232609432190656662e-02,1.099591106176376343e-01,-9.049720130860805511e-03,-1.477603912353515625e-01,4.315869137644767761e-02,-2.001608759164810181e-01,1.118765864521265030e-02,-1.525611034594476223e-03,2.702424861490726471e-02,6.441535800695419312e-02,2.361306250095367432e-01,-9.261020272970199585e-02,6.209059953689575195e-01,8.884071707725524902e-01,-1.048668995499610901e-01,-1.433231085538864136e-01,-8.211634308099746704e-02,2.563496232032775879e-01,1.190186813473701477e-01,-5.076568126678466797e-01,8.459825515747070312e-01,1.328985840082168579e-01,-4.361432045698165894e-02,-9.749919176101684570e-02
-6.980718672275543213e-02,-2.447443485260009766e+00,8.201434612274169922e-01,-1.239529927261173725e-03,3.700092434883117676e-03,-7.310196757316589355e-01,6.823452115058898926e-01,1.502128094434738159e-01,-3.476346284151077271e-02,1.600026488304138184e-01,-8.719627559185028076e-02,-1.413554102182388306e-01,1.209723856300115585e-02,1.094461530447006226e-01,-8.931893855333328247e-03,-1.483775079250335693e-01,4.399829357862472534e-02,-1.979261934757232666e-01,1.117751561105251312e-02,-8.287022938020527363e-04,2.651705406606197357e-02,6.416402757167816162e-02,2.305502891540527344e-01,-9.653154015541076660e-02,6.329067945480346680e-01,8.948721289634704590e-01,-1.081087440252304077e-01,-1.416278034448623657e-01,-8.200077712535858154e-02,2.498193234205245972e-01,1.228431537747383118e-01,-5.202561020851135254e-01,8.519325852394104004e-01,1.335336714982986450e-01,-4.300453513860702515e-02,-9.651023894548416138e-02
-6.999748200178146362e-02,-2.447146177291870117e+00,8.201440572738647461e-01,-1.495709759183228016e-03,3.547472879290580750e-03,-7.312865257263183594e-01,6.820595264434814453e-01,1.502722203731536865e-01,-3.423370420932769775e-02,1.607952862977981567e-01,-8.716174960136413574e-02,-1.408204436302185059e-01,1.193773094564676285e-02,1.093638688325881958e-01,-8.634256199002265930e-03,-1.483783274888992310e-01,4.407367855310440063e-02,-1.957134753465652466e-01,1.188157778233289719e-02,-1.129469892475754023e-04,2.590734511613845825e-02,6.379143893718719482e-02,2.262185961008071899e-01,-9.932651370763778687e-02,6.414892077445983887e-01,9.008251428604125977e-01,-1.079842671751976013e-01,-1.397302448749542236e-01,-8.094935864210128784e-02,2.447597086429595947e-01,1.246358156204223633e-01,-5.284110307693481445e-01,8.573601841926574707e-01,1.338958293199539185e-01,-4.284779354929924011e-02,-9.491755813360214233e-02
-7.023401558399200439e-02,-2.447014331817626953e+00,8.201875090599060059e-01,-2.303676446899771690e-03,2.739456482231616974e-03,-7.316274046897888184e-01,6.816953420639038086e-01,1.529239565134048462e-01,-3.434640169143676758e-02,1.606021672487258911e-01,-8.724144846200942993e-02,-1.426349729299545288e-01,1.345431618392467499e-02,1.117910966277122498e-01,-8.152739144861698151e-03,-1.472067385911941528e-01,4.381491243839263916e-02,-1.971494108438491821e-01,1.159843523055315018e-02,6.411456270143389702e-04,2.512998878955841064e-02,6.508127599954605103e-02,2.249037325382232666e-01,-1.013670414686203003e-01,6.445595026016235352e-01,9.050819873809814453e-01,-1.071807444095611572e-01,-1.415190845727920532e-01,-7.841272652149200439e-02,2.411962300539016724e-01,1.265803277492523193e-01,-5.342838764190673828e-01,8.614417314529418945e-01,1.335689425468444824e-01,-4.642594605684280396e-02,-9.512253105640411377e-02
-7.044491171836853027e-02,-2.446943759918212891e+00,8.201091885566711426e-01,-2.958512399345636368e-03,2.100050915032625198e-03,-7.319603562355041504e-01,6.813375353813171387e-01,1.551225483417510986e-01,-3.416312858462333679e-02,1.611007601022720337e-01,-8.721769601106643677e-02,-1.434391587972640991e-01,1.393628027290105820e-02,1.134086474776268005e-01,-7.866120897233486176e-03,-1.467224955558776855e-01,4.430639743804931641e-02,-1.987645030021667480e-01,1.061586383730173111e-02,1.374542480334639549e-03,2.436405606567859650e-02,6.645978987216949463e-02,2.242190241813659668e-01,-1.038258597254753113e-01,6.469422578811645508e-01,9.070035219192504883e-01,-1.068700551986694336e-01,-1.423630565404891968e-01,-7.682779431343078613e-02,2.385936081409454346e-01,1.280401200056076050e-01,-5.372281074523925781e-01,8.633978962898254395e-01,1.337496191263198853e-01,-4.893859475851058960e-02,-9.564839303493499756e-02
-7.056654244661331177e-02,-2.447015047073364258e+00,8.200101256370544434e-01,-3.458490828052163124e-03,1.739999745041131973e-03,-7.323634624481201172e-01,6.809029579162597656e-01,1.567826867103576660e-01,-3.373320028185844421e-02,1.618785858154296875e-01,-8.720408380031585693e-02,-1.429444551467895508e-01,1.291733141988515854e-02,1.140931099653244019e-01,-7.611830718815326691e-03,-1.463647186756134033e-01,4.552708566188812256e-02,-1.989764869213104248e-01,9.919861331582069397e-03,2.577428240329027176e-03,2.397210150957107544e-02,6.722929328680038452e-02,2.230266183614730835e-01,-1.066537424921989441e-01,6.504311561584472656e-01,9.093050360679626465e-01,-1.055994182825088501e-01,-1.413468271493911743e-01,-7.710813730955123901e-02,2.363310307264328003e-01,1.290767937898635864e-01,-5.394736528396606445e-01,8.646106719970703125e-01,1.338173300027847290e-01,-5.063698440790176392e-02,-9.570767730474472046e-02
-7.069125771522521973e-02,-2.447061300277709961e+00,8.200111985206604004e-01,-3.726185066625475883e-03,1.586909522302448750e-03,-7.326291799545288086e-01,6.806159019470214844e-01,1.575748473405838013e-01,-3.335108608007431030e-02,1.623879224061965942e-01,-8.721338212490081787e-02,-1.433848291635513306e-01,1.192446984350681305e-02,1.144157424569129944e-01,-7.365175057202577591e-03,-1.460667103528976440e-01,4.610154777765274048e-02,-1.980426013469696045e-01,1.033843867480754852e-02,3.484042827039957047e-03,2.346996404230594635e-02,6.776542216539382935e-02,2.224234193563461304e-01,-1.091706827282905579e-01,6.518815755844116211e-01,9.102599024772644043e-01,-1.049145534634590149e-01,-1.401295363903045654e-01,-7.693371921777725220e-02,2.349214702844619751e-01,1.288269609212875366e-01,-5.380794405937194824e-01,8.651993274688720703e-01,1.334128677845001221e-01,-5.155292898416519165e-02,-9.544412791728973389e-02
-7.079856842756271362e-02,-2.447185277938842773e+00,8.200731873512268066e-01,-3.758911276236176491e-03,1.591974869370460510e-03,-7.328296899795532227e-01,6.803998947143554688e-01,1.579438298940658569e-01,-3.322339430451393127e-02,1.627550721168518066e-01,-8.722002804279327393e-02,-1.446029096841812134e-01,1.173533592373132706e-02,1.145946979522705078e-01,-7.167439907789230347e-03,-1.456650197505950928e-01,4.602993652224540710e-02,-1.987667828798294067e-01,1.024462003260850906e-02,4.164073150604963303e-03,2.314371243119239807e-02,6.778139621019363403e-02,2.223445773124694824e-01,-1.119546890258789062e-01,6.527851819992065430e-01,9.106583595275878906e-01,-1.045072302222251892e-01,-1.396655589342117310e-01,-7.675893604755401611e-02,2.339238822460174561e-01,1.284352093935012817e-01,-5.363591313362121582e-01,8.651693463325500488e-01,1.332745403051376343e-01,-5.190366134047508240e-02,-9.525611251592636108e-02
-7.089934498071670532e-02,-2.447275638580322266e+00,8.200621008872985840e-01,-3.802100662142038345e-03,1.597402733750641346e-03,-7.329006195068359375e-01,6.803231835365295410e-01,1.582189202308654785e-01,-3.306315466761589050e-02,1.629438102245330811e-01,-8.720981329679489136e-02,-1.449537426233291626e-01,1.246716827154159546e-02,1.147717162966728210e-01,-6.946366280317306519e-03,-1.455211937427520752e-01,4.597380757331848145e-02,-1.990333199501037598e-01,9.873474948108196259e-03,4.659363999962806702e-03,2.295004203915596008e-02,6.798736751079559326e-02,2.217435538768768311e-01,-1.149126887321472168e-01,6.544862389564514160e-01,9.111372232437133789e-01,-1.046617627143859863e-01,-1.401294916868209839e-01,-7.687450945377349854e-02,2.324862033128738403e-01,1.282057762145996094e-01,-5.352692008018493652e-01,8.650419712066650391e-01,1.330143511295318604e-01,-5.320562422275543213e-02,-9.471981972455978394e-02
-7.100379467010498047e-02,-2.447389602661132812e+00,8.199985623359680176e-01,-3.813600633293390274e-03,1.566581660881638527e-03,-7.328555583953857422e-01,6.803717613220214844e-01,1.583865582942962646e-01,-3.284348919987678528e-02,1.629432886838912964e-01,-8.720017224550247192e-02,-1.441989243030548096e-01,1.189701724797487259e-02,1.151562184095382690e-01,-6.847004871815443039e-03,-1.458079963922500610e-01,4.581868276000022888e-02,-1.982475668191909790e-01,1.029745675623416901e-02,5.090946797281503677e-03,2.269912511110305786e-02,6.824375689029693604e-02,2.207358479499816895e-01,-1.171595007181167603e-01,6.555745601654052734e-01,9.119947552680969238e-01,-1.049017682671546936e-01,-1.409526169300079346e-01,-7.687454670667648315e-02,2.304356247186660767e-01,1.283781081438064575e-01,-5.361664891242980957e-01,8.651612997055053711e-01,1.332387030124664307e-01,-5.423910543322563171e-02,-9.389044344425201416e-02
-7.111905515193939209e-02,-2.447571039199829102e+00,8.200331330299377441e-01,-3.711651545017957687e-03,1.586544560268521309e-03,-7.328803539276123047e-01,6.803455948829650879e-01,1.583832502365112305e-01,-3.278800845146179199e-02,1.628813147544860840e-01,-8.718805760145187378e-02,-1.451060622930526733e-01,1.093374006450176239e-02,1.154472902417182922e-01,-6.889410316944122314e-03,-1.460761725902557373e-01,4.539729654788970947e-02,-1.979497075080871582e-01,1.083307899534702301e-02,5.808014422655105591e-03,2.246093191206455231e-02,6.830362230539321899e-02,2.208220511674880981e-01,-1.186147332191467285e-01,6.538313627243041992e-01,9.121641516685485840e-01,-1.052077710628509521e-01,-1.424504220485687256e-01,-7.660195231437683105e-02,2.285573035478591919e-01,1.287302821874618530e-01,-5.377695560455322266e-01,8.651522994041442871e-01,1.342253088951110840e-01,-5.518703907728195190e-02,-9.463409334421157837e-02
-7.118029892444610596e-02,-2.447824478149414062e+00,8.200671672821044922e-01,-3.608013037592172623e-03,1.558916177600622177e-03,-7.328971624374389648e-01,6.803280711174011230e-01,1.586422920227050781e-01,-3.303004056215286255e-02,1.630746573209762573e-01,-8.716582506895065308e-02,-1.451700627803802490e-01,1.199331786483526230e-02,1.156338304281234741e-01,-7.053707726299762726e-03,-1.459935009479522705e-01,4.549638554453849792e-02,-1.996914893388748169e-01,1.043390948325395584e-02,6.686609238386154175e-03,2.234977856278419495e-02,6.830591708421707153e-02,2.208253294229507446e-01,-1.199539005756378174e-01,6.515576839447021484e-01,9.119324088096618652e-01,-1.057327762246131897e-01,-1.433226913213729858e-01,-7.596517354249954224e-02,2.260528802871704102e-01,1.290699988603591919e-01,-5.413658022880554199e-01,8.657174706459045410e-01,1.365193724632263184e-01,-5.586287006735801697e-02,-9.504532068967819214e-02
-7.120612263679504395e-02,-2.448127269744873047e+00,8.199834227561950684e-01,-3.607223043218255043e-03,1.412011566571891308e-03,-7.328652143478393555e-01,6.803628206253051758e-01,1.593222916126251221e-01,-3.318584710359573364e-02,1.632738709449768066e-01,-8.717075735330581665e-02,-1.437591761350631714e-01,1.131547428667545319e-02,1.161154359579086304e-01,-7.296403869986534119e-03,-1.459636390209197998e-01,4.598019272089004517e-02,-1.998420655727386475e-01,1.028730720281600952e-02,7.660090923309326172e-03,2.239344269037246704e-02,6.856945157051086426e-02,2.198038399219512939e-01,-1.212660521268844604e-01,6.507931947708129883e-01,9.123574495315551758e-01,-1.053066998720169067e-01,-1.435478925704956055e-01,-7.536298036575317383e-02,2.234354764223098755e-01,1.296540349721908569e-01,-5.455083250999450684e-01,8.668358325958251953e-01,1.381048560142517090e-01,-5.719233304262161255e-02,-9.458475559949874878e-02
-7.125708460807800293e-02,-2.448508977890014648e+00,8.199720978736877441e-01,-3.608883358538150787e-03,1.275804010219871998e-03,-7.327520251274108887e-01,6.804850101470947266e-01,1.599985212087631226e-01,-3.333056345582008362e-02,1.631846576929092407e-01,-8.719741553068161011e-02,-1.437209695577621460e-01,1.131990831345319748e-02,1.168256998062133789e-01,-7.536733988672494888e-03,-1.461765766143798828e-01,4.619039222598075867e-02,-1.985892355442047119e-01,1.083645224571228027e-02,8.199070580303668976e-03,2.245020866394042969e-02,6.885806471109390259e-02,2.188226282596588135e-01,-1.221948042511940002e-01,6.506639122962951660e-01,9.128951430320739746e-01,-1.042636260390281677e-01,-1.432405263185501099e-01,-7.551366835832595825e-02,2.211385667324066162e-01,1.296449750661849976e-01,-5.481660366058349609e-01,8.683537244796752930e-01,1.407991498708724976e-01,-5.782219767570495605e-02,-9.376285970211029053e-02
-7.132703065872192383e-02,-2.448819398880004883e+00,8.200981616973876953e-01,-3.374183550477027893e-03,1.291344407945871353e-03,-7.325670719146728516e-01,6.806852817535400391e-01,1.599140167236328125e-01,-3.368264064192771912e-02,1.630420088768005371e-01,-8.720779418945312500e-02,-1.433056592941284180e-01,1.231626980006694794e-02,1.172020509839057922e-01,-7.758923806250095367e-03,-1.462004929780960083e-01,4.559505730867385864e-02,-1.986627280712127686e-01,1.084728911519050598e-02,8.499957621097564697e-03,2.228602766990661621e-02,6.873027235269546509e-02,2.179942131042480469e-01,-1.226262003183364868e-01,6.497960090637207031e-01,9.131973981857299805e-01,-1.044893562793731689e-01,-1.432310342788696289e-01,-7.578737288713455200e-02,2.191201448440551758e-01,1.298202872276306152e-01,-5.496181845664978027e-01,8.691922426223754883e-01,1.428453773260116577e-01,-5.844834446907043457e-02,-9.344580769538879395e-02
-7.134299725294113159e-02,-2.449157238006591797e+00,8.201252222061157227e-01,-3.056115237995982170e-03,1.336638000793755054e-03,-7.322573065757751465e-01,6.810199022293090820e-01,1.596478968858718872e-01,-3.401399776339530945e-02,1.627926677465438843e-01,-8.719888329505920410e-02,-1.419545114040374756e-01,1.138001307845115662e-02,1.174203827977180481e-01,-8.061144500970840454e-03,-1.464243233203887939e-01,4.516865313053131104e-02,-1.992399096488952637e-01,1.016229670494794846e-02,8.788249455392360687e-03,2.231271192431449890e-02,6.840531527996063232e-02,2.164071202278137207e-01,-1.233507841825485229e-01,6.502751708030700684e-01,9.139276742935180664e-01,-1.055203899741172791e-01,-1.438838392496109009e-01,-7.590699940919876099e-02,2.174793779850006104e-01,1.301354616880416870e-01,-5.511073470115661621e-01,8.698829412460327148e-01,1.438171565532684326e-01,-5.884566158056259155e-02,-9.393765032291412354e-02
-7.123710960149765015e-02,-2.449498176574707031e+00,8.200974464416503906e-01,-2.876109676435589790e-03,1.418392756022512913e-03,-7.319171428680419922e-01,6.813861131668090820e-01,1.595089435577392578e-01,-3.421970084309577942e-02,1.623562723398208618e-01,-8.720222115516662598e-02,-1.407598406076431274e-01,1.090511679649353027e-02,1.178012043237686157e-01,-8.306064642965793610e-03,-1.468966901302337646e-01,4.473901912569999695e-02,-1.986092627048492432e-01,9.303602389991283417e-03,8.910381235182285309e-03,2.259736321866512299e-02,6.850586831569671631e-02,2.139416337013244629e-01,-1.248637288808822632e-01,6.531409621238708496e-01,9.144836068153381348e-01,-1.061078757047653198e-01,-1.443681865930557251e-01,-7.549933344125747681e-02,2.166110575199127197e-01,1.296660304069519043e-01,-5.503056049346923828e-01,8.699507713317871094e-01,1.428323984146118164e-01,-5.965561047196388245e-02,-9.571341425180435181e-02
-7.119128108024597168e-02,-2.449780225753784180e+00,8.201272487640380859e-01,-2.161256503313779831e-03,2.004253212362527847e-03,-7.315828204154968262e-01,6.817462444305419922e-01,1.573461145162582397e-01,-3.404872864484786987e-02,1.628734320402145386e-01,-8.710440248250961304e-02,-1.386636644601821899e-01,1.018957607448101044e-02,1.161502674221992493e-01,-8.758276700973510742e-03,-1.482007950544357300e-01,4.460357502102851868e-02,-1.966569423675537109e-01,9.614268317818641663e-03,9.355286136269569397e-03,2.293893322348594666e-02,6.719255447387695312e-02,2.105939686298370361e-01,-1.256505250930786133e-01,6.562889814376831055e-01,9.155345559120178223e-01,-1.050230711698532104e-01,-1.414385288953781128e-01,-7.591169327497482300e-02,2.145854234695434570e-01,1.299742460250854492e-01,-5.523554086685180664e-01,8.703855276107788086e-01,1.424447149038314819e-01,-5.646504834294319153e-02,-9.777171164751052856e-02
-7.110165804624557495e-02,-2.450150012969970703e+00,8.201986551284790039e-01,-1.745999092236161232e-03,2.235157880932092667e-03,-7.312496900558471680e-01,6.821039319038391113e-01,1.565583050251007080e-01,-3.442942351102828979e-02,1.624334901571273804e-01,-8.710779994726181030e-02,-1.388411670923233032e-01,9.159301407635211945e-03,1.159981563687324524e-01,-9.141930378973484039e-03,-1.485367119312286377e-01,4.402687400579452515e-02,-1.975330114364624023e-01,9.544366970658302307e-03,9.965159930288791656e-03,2.336113899946212769e-02,6.675521284341812134e-02,2.079896181821823120e-01,-1.262298673391342163e-01,6.575011014938354492e-01,9.169444441795349121e-01,-1.045514792203903198e-01,-1.413925439119338989e-01,-7.550467550754547119e-02,2.132440656423568726e-01,1.297105550765991211e-01,-5.541084408760070801e-01,8.714653849601745605e-01,1.424941718578338623e-01,-5.581291764974594116e-02,-9.782006591558456421e-02
-7.092240452766418457e-02,-2.450524806976318359e+00,8.201830983161926270e-01,-1.542009180411696434e-03,2.375536598265171051e-03,-7.309122085571289062e-01,6.824656128883361816e-01,1.564020663499832153e-01,-3.471967577934265137e-02,1.621766686439514160e-01,-8.711681514978408813e-02,-1.380534321069717407e-01,8.686655201017856598e-03,1.162367910146713257e-01,-9.485377930104732513e-03,-1.489741951227188110e-01,4.377093538641929626e-02,-1.976457238197326660e-01,9.623035788536071777e-03,1.048677135258913040e-02,2.394292689859867096e-02,6.698947399854660034e-02,2.051937878131866455e-01,-1.273311972618103027e-01,6.598028540611267090e-01,9.178069233894348145e-01,-1.041589304804801941e-01,-1.416548788547515869e-01,-7.479486614465713501e-02,2.124396413564682007e-01,1.287295222282409668e-01,-5.547559857368469238e-01,8.726210594177246094e-01,1.427698880434036255e-01,-5.532678961753845215e-02,-9.485486149787902832e-02
-7.072108238935470581e-02,-2.450931072235107422e+00,8.201920986175537109e-01,-1.363153336569666862e-03,2.511514117941260338e-03,-7.306491136550903320e-01,6.827471852302551270e-01,1.563358604907989502e-01,-3.502409905195236206e-02,1.618805527687072754e-01,-8.713465929031372070e-02,-1.366921812295913696e-01,8.518029935657978058e-03,1.165196672081947327e-01,-9.851089678704738617e-03,-1.493301093578338623e-01,4.357991367578506470e-02,-1.962580680847167969e-01,1.009845733642578125e-02,1.142765022814273834e-02,2.435261011123657227e-02,6.690663099288940430e-02,2.019546329975128174e-01,-1.283430606126785278e-01,6.630518436431884766e-01,9.187653660774230957e-01,-1.016106680035591125e-01,-1.405491977930068970e-01,-7.445711642503738403e-02,2.122303992509841919e-01,1.273441612720489502e-01,-5.540638566017150879e-01,8.739118576049804688e-01,1.439293622970581055e-01,-5.457465723156929016e-02,-9.303824603557586670e-02
-7.060499489307403564e-02,-2.451402187347412109e+00,8.202434182167053223e-01,-1.126740942709147930e-03,2.638901816681027412e-03,-7.303479313850402832e-01,6.830692887306213379e-01,1.561839431524276733e-01,-3.534461930394172668e-02,1.616621315479278564e-01,-8.714310079813003540e-02,-1.353494375944137573e-01,8.860209025442600250e-03,1.168150380253791809e-01,-1.024328637868165970e-02,-1.498113870620727539e-01,4.324305057525634766e-02,-1.949908882379531860e-01,1.096188463270664215e-02,1.221968606114387512e-02,2.452518232166767120e-02,6.668004393577575684e-02,1.999464333057403564e-01,-1.285410076379776001e-01,6.641240119934082031e-01,9.193795919418334961e-01,-9.918601065874099731e-02,-1.400068551301956177e-01,-7.481469959020614624e-02,2.120852768421173096e-01,1.268730461597442627e-01,-5.540497899055480957e-01,8.747640848159790039e-01,1.449850201606750488e-01,-5.408649519085884094e-02,-9.377297013998031616e-02
-7.046159356832504272e-02,-2.451854228973388672e+00,8.202490210533142090e-01,-8.400233928114175797e-04,2.790472935885190964e-03,-7.301570773124694824e-01,6.832730770111083984e-01,1.559772789478302002e-01,-3.573744744062423706e-02,1.616298258304595947e-01,-8.716811239719390869e-02,-1.326765865087509155e-01,9.090962819755077362e-03,1.169853657484054565e-01,-1.065101288259029388e-02,-1.499394625425338745e-01,4.285654425621032715e-02,-1.944214403629302979e-01,1.135717984288930893e-02,1.262879092246294022e-02,2.468897961080074310e-02,6.673599779605865479e-02,1.995668262243270874e-01,-1.283672153949737549e-01,6.632934808731079102e-01,9.194995760917663574e-01,-9.922969341278076172e-02,-1.406910121440887451e-01,-7.675485312938690186e-02,2.117860466241836548e-01,1.268599778413772583e-01,-5.542513132095336914e-01,8.751787543296813965e-01,1.457685083150863647e-01,-5.415707081556320190e-02,-9.383864700794219971e-02
-7.030165940523147583e-02,-2.452432870864868164e+00,8.202047348022460938e-01,-1.159602077677845955e-03,2.310404088348150253e-03,-7.298926115036010742e-01,6.835569143295288086e-01,1.582242697477340698e-01,-3.655969724059104919e-02,1.605965346097946167e-01,-8.726344257593154907e-02,-1.323556900024414062e-01,9.723885916173458099e-03,1.197092905640602112e-01,-1.087087206542491913e-02,-1.492792963981628418e-01,4.234485700726509094e-02,-1.971580833196640015e-01,1.098599936813116074e-02,1.300191879272460938e-02,2.481321431696414948e-02,6.828614324331283569e-02,2.000936865806579590e-01,-1.281472146511077881e-01,6.616147756576538086e-01,9.194893836975097656e-01,-1.024720817804336548e-01,-1.450619697570800781e-01,-7.843316346406936646e-02,2.132120430469512939e-01,1.264982819557189941e-01,-5.526075959205627441e-01,8.753298521041870117e-01,1.468287110328674316e-01,-5.783593282103538513e-02,-9.403270483016967773e-02
-7.017387449741363525e-02,-2.452850580215454102e+00,8.201622962951660156e-01,-1.055066706612706184e-03,2.258926397189497948e-03,-7.296374440193176270e-01,6.838296651840209961e-01,1.585772037506103516e-01,-3.699648380279541016e-02,1.603006273508071899e-01,-8.726453036069869995e-02,-1.307650953531265259e-01,9.867973625659942627e-03,1.205008551478385925e-01,-1.126454025506973267e-02,-1.495913714170455933e-01,4.202875494956970215e-02,-1.977893114089965820e-01,1.100998930633068085e-02,1.309035718441009521e-02,2.506952732801437378e-02,6.903794407844543457e-02,1.998704671859741211e-01,-1.281795650720596313e-01,6.613538861274719238e-01,9.190661907196044922e-01,-1.055246815085411072e-01,-1.471359133720397949e-01,-7.852773368358612061e-02,2.132852226495742798e-01,1.273525208234786987e-01,-5.533883571624755859e-01,8.745892047882080078e-01,1.474188417196273804e-01,-5.885424837470054626e-02,-9.560830891132354736e-02
-7.000736147165298462e-02,-2.453147411346435547e+00,8.201665878295898438e-01,-3.521254984661936760e-04,2.897515427321195602e-03,-7.293805480003356934e-01,6.841019988059997559e-01,1.564614474773406982e-01,-3.695595636963844299e-02,1.608953475952148438e-01,-8.723710477352142334e-02,-1.268588602542877197e-01,8.640924468636512756e-03,1.187167391180992126e-01,-1.180960517376661301e-02,-1.506277173757553101e-01,4.194948077201843262e-02,-1.962371468544006348e-01,1.172962691634893417e-02,1.364263892173767090e-02,2.541782893240451813e-02,6.790542602539062500e-02,1.982234269380569458e-01,-1.281992644071578979e-01,6.625189781188964844e-01,9.187412858009338379e-01,-1.067500039935112000e-01,-1.450887620449066162e-01,-7.849913835525512695e-02,2.121222019195556641e-01,1.280202418565750122e-01,-5.562004446983337402e-01,8.745321631431579590e-01,1.475212275981903076e-01,-5.602570623159408569e-02,-9.555462002754211426e-02
-6.990001350641250610e-02,-2.453303337097167969e+00,8.202062249183654785e-01,-2.935102929768618196e-05,3.104157280176877975e-03,-7.289295792579650879e-01,6.845816373825073242e-01,1.555151790380477905e-01,-3.714235872030258179e-02,1.604725569486618042e-01,-8.725073188543319702e-02,-1.242458224296569824e-01,7.758385036140680313e-03,1.181550696492195129e-01,-1.214324589818716049e-02,-1.510817557573318481e-01,4.210184141993522644e-02,-1.949971318244934082e-01,1.212487183511257172e-02,1.405766885727643967e-02,2.548045851290225983e-02,6.785780936479568481e-02,1.948754191398620605e-01,-1.286811083555221558e-01,6.667568087577819824e-01,9.196228981018066406e-01,-1.055216416716575623e-01,-1.452661007642745972e-01,-7.698658108711242676e-02,2.110074013471603394e-01,1.289162635803222656e-01,-5.586139559745788574e-01,8.754484653472900391e-01,1.482988148927688599e-01,-5.616190284490585327e-02,-9.459461271762847900e-02
-6.961064785718917847e-02,-2.453637599945068359e+00,8.202259540557861328e-01,6.780274270568042994e-05,3.237252822145819664e-03,-7.287686467170715332e-01,6.847523450851440430e-01,1.554380357265472412e-01,-3.742847219109535217e-02,1.604165285825729370e-01,-8.725669980049133301e-02,-1.226160824298858643e-01,7.652178406715393066e-03,1.182207912206649780e-01,-1.256628055125474930e-02,-1.515291333198547363e-01,4.210957884788513184e-02,-1.937265694141387939e-01,1.227965205907821655e-02,1.432013511657714844e-02,2.583552338182926178e-02,6.762679666280746460e-02,1.908614635467529297e-01,-1.300693303346633911e-01,6.746431589126586914e-01,9.221078157424926758e-01,-1.034438833594322205e-01,-1.447765827178955078e-01,-7.612194120883941650e-02,2.096008509397506714e-01,1.290643513202667236e-01,-5.608953833580017090e-01,8.773429989814758301e-01,1.491729617118835449e-01,-5.717033892869949341e-02,-9.423800557851791382e-02
-6.941431015729904175e-02,-2.453800439834594727e+00,8.202615380287170410e-01,1.914296881295740604e-04,3.263282822445034981e-03,-7.285013794898986816e-01,6.850365400314331055e-01,1.551501303911209106e-01,-3.784321993589401245e-02,1.602494120597839355e-01,-8.725766092538833618e-02,-1.206084489822387695e-01,7.779284380376338959e-03,1.184303238987922668e-01,-1.294712629169225693e-02,-1.517404764890670776e-01,4.166213795542716980e-02,-1.936309635639190674e-01,1.269306242465972900e-02,1.478290185332298279e-02,2.617994509637355804e-02,6.800714135169982910e-02,1.866444647312164307e-01,-1.299647688865661621e-01,6.797202825546264648e-01,9.254910349845886230e-01,-1.032631546258926392e-01,-1.436718851327896118e-01,-7.671125233173370361e-02,2.076422721147537231e-01,1.300206631422042847e-01,-5.645346641540527344e-01,8.791699409484863281e-01,1.493304967880249023e-01,-5.824592337012290955e-02,-9.458714723587036133e-02
-6.920566409826278687e-02,-2.453930139541625977e+00,8.202742338180541992e-01,2.304621739313006401e-04,3.305908758193254471e-03,-7.281460762023925781e-01,6.854139566421508789e-01,1.549153178930282593e-01,-3.809378296136856079e-02,1.599235236644744873e-01,-8.725807815790176392e-02,-1.187421306967735291e-01,7.738875690847635269e-03,1.186692118644714355e-01,-1.319609768688678741e-02,-1.520695984363555908e-01,4.145154729485511780e-02,-1.934695988893508911e-01,1.326098199933767319e-02,1.507111079990863800e-02,2.648658491671085358e-02,6.897806376218795776e-02,1.827809661626815796e-01,-1.305149346590042114e-01,6.843862533569335938e-01,9.279604554176330566e-01,-1.042038947343826294e-01,-1.439096033573150635e-01,-7.686810195446014404e-02,2.062142044305801392e-01,1.305046826601028442e-01,-5.664843320846557617e-01,8.808008432388305664e-01,1.493581086397171021e-01,-5.958189815282821655e-02,-9.496553242206573486e-02
-6.895763427019119263e-02,-2.454101800918579102e+00,8.202788829803466797e-01,3.516304714139550924e-04,3.470757743343710899e-03,-7.278190851211547852e-01,6.857603192329406738e-01,1.544760167598724365e-01,-3.832634538412094116e-02,1.596634685993194580e-01,-8.725892752408981323e-02,-1.176795139908790588e-01,7.973851636052131653e-03,1.186748743057250977e-01,-1.341560296714305878e-02,-1.524169892072677612e-01,4.124315455555915833e-02,-1.929848492145538330e-01,1.289442926645278931e-02,1.504983287304639816e-02,2.655287273228168488e-02,6.975285708904266357e-02,1.806196719408035278e-01,-1.310166120529174805e-01,6.868333816528320312e-01,9.295406937599182129e-01,-1.049446910619735718e-01,-1.449856162071228027e-01,-7.699228078126907349e-02,2.059475779533386230e-01,1.306662857532501221e-01,-5.664379596710205078e-01,8.819365501403808594e-01,1.494049280881881714e-01,-6.121562793850898743e-02,-9.456529468297958374e-02
-6.879211217164993286e-02,-2.454121351242065430e+00,8.202963471412658691e-01,5.697292508557438850e-04,3.641125746071338654e-03,-7.272914052009582520e-01,6.863189339637756348e-01,1.535770148038864136e-01,-3.856492787599563599e-02,1.587203741073608398e-01,-8.725906908512115479e-02,-1.168119013309478760e-01,8.060475811362266541e-03,1.185090541839599609e-01,-1.362546626478433609e-02,-1.530187875032424927e-01,4.079100862145423889e-02,-1.929326504468917847e-01,1.291134860366582870e-02,1.478705741465091705e-02,2.654797770082950592e-02,7.051889598369598389e-02,1.784620434045791626e-01,-1.316224038600921631e-01,6.886190176010131836e-01,9.305394291877746582e-01,-1.058848425745964050e-01,-1.458107382059097290e-01,-7.800218462944030762e-02,2.052244395017623901e-01,1.321650296449661255e-01,-5.687019824981689453e-01,8.828387260437011719e-01,1.513048261404037476e-01,-6.219559907913208008e-02,-9.453006833791732788e-02
-6.850259751081466675e-02,-2.454234838485717773e+00,8.202689886093139648e-01,7.277512340806424618e-04,3.896021516993641853e-03,-7.268180847167968750e-01,6.868185997009277344e-01,1.528549939393997192e-01,-3.882203996181488037e-02,1.580793410539627075e-01,-8.725886791944503784e-02,-1.152769178152084351e-01,7.961937226355075836e-03,1.183710545301437378e-01,-1.384091097861528397e-02,-1.536945551633834839e-01,4.042530804872512817e-02,-1.927866488695144653e-01,1.391135435551404953e-02,1.444338262081146240e-02,2.689644694328308105e-02,7.136811316013336182e-02,1.769798547029495239e-01,-1.328692138195037842e-01,6.900882720947265625e-01,9.310365319252014160e-01,-1.066437736153602600e-01,-1.467921435832977295e-01,-7.819546759128570557e-02,2.051964700222015381e-01,1.328253895044326782e-01,-5.687192082405090332e-01,8.831521272659301758e-01,1.520460695028305054e-01,-6.383647024631500244e-02,-9.523703157901763916e-02
-6.815944612026214600e-02,-2.454474925994873047e+00,8.202337622642517090e-01,8.905800641514360905e-04,4.191511310636997223e-03,-7.265657782554626465e-01,6.870835423469543457e-01,1.522491872310638428e-01,-3.908063471317291260e-02,1.580907553434371948e-01,-8.726017922163009644e-02,-1.141458377242088318e-01,8.172243833541870117e-03,1.180233582854270935e-01,-1.416324358433485031e-02,-1.541268527507781982e-01,4.052328690886497498e-02,-1.922069191932678223e-01,1.419953349977731705e-02,1.425284985452890396e-02,2.718573994934558868e-02,7.196080684661865234e-02,1.763511896133422852e-01,-1.344544142484664917e-01,6.915774941444396973e-01,9.314348101615905762e-01,-1.063050851225852966e-01,-1.484744995832443237e-01,-7.696490734815597534e-02,2.056605815887451172e-01,1.333439201116561890e-01,-5.678073167800903320e-01,8.835689425468444824e-01,1.524655222892761230e-01,-6.480722129344940186e-02,-9.538095444440841675e-02
-6.793104857206344604e-02,-2.454689741134643555e+00,8.202867507934570312e-01,1.190606853924691677e-03,4.477913025766611099e-03,-7.264944911003112793e-01,6.871566176414489746e-01,1.514974087476730347e-01,-3.943445160984992981e-02,1.579008400440216064e-01,-8.726229518651962280e-02,-1.141993552446365356e-01,9.568528272211551666e-03,1.171937286853790283e-01,-1.455912739038467407e-02,-1.541530489921569824e-01,4.085001349449157715e-02,-1.913913339376449585e-01,1.398816984146833420e-02,1.510775089263916016e-02,2.712338417768478394e-02,7.245394587516784668e-02,1.763560324907302856e-01,-1.353851854801177979e-01,6.910706758499145508e-01,9.314764142036437988e-01,-1.058531478047370911e-01,-1.497941613197326660e-01,-7.619738578796386719e-02,2.068420946598052979e-01,1.345809102058410645e-01,-5.667473077774047852e-01,8.832715749740600586e-01,1.522613465785980225e-01,-6.525897234678268433e-02,-9.740327298641204834e-02
-6.775407493114471436e-02,-2.454726457595825195e+00,8.202658891677856445e-01,1.491197966970503330e-03,4.798606038093566895e-03,-7.263749837875366211e-01,6.872802376747131348e-01,1.505113542079925537e-01,-3.968116268515586853e-02,1.577045768499374390e-01,-8.726290613412857056e-02,-1.139453351497650146e-01,9.648990817368030548e-03,1.161278337240219116e-01,-1.473940443247556686e-02,-1.541654169559478760e-01,4.109314456582069397e-02,-1.916964948177337646e-01,1.435173861682415009e-02,1.518758758902549744e-02,2.708066441118717194e-02,7.304684072732925415e-02,1.764360964298248291e-01,-1.361283063888549805e-01,6.906828880310058594e-01,9.314178228378295898e-01,-1.060458347201347351e-01,-1.507105976343154907e-01,-7.675581425428390503e-02,2.069054991006851196e-01,1.367279142141342163e-01,-5.673763155937194824e-01,8.829842805862426758e-01,1.519087553024291992e-01,-6.553809344768524170e-02,-9.966773539781570435e-02
-6.755867600440979004e-02,-2.454779386520385742e+00,8.201946020126342773e-01,1.643148949369788170e-03,5.058438517153263092e-03,-7.262433171272277832e-01,6.874171495437622070e-01,1.498842090368270874e-01,-3.969950601458549500e-02,1.575112044811248779e-01,-8.726310729980468750e-02,-1.133286356925964355e-01,8.805349469184875488e-03,1.154229044914245605e-01,-1.479583233594894409e-02,-1.541744619607925415e-01,4.149983078241348267e-02,-1.921652555465698242e-01,1.475589256733655930e-02,1.539082080125808716e-02,2.704769186675548553e-02,7.402566075325012207e-02,1.760589480400085449e-01,-1.367049515247344971e-01,6.910219788551330566e-01,9.317201375961303711e-01,-1.064830198884010315e-01,-1.505751460790634155e-01,-7.749263197183609009e-02,2.071290910243988037e-01,1.381078362464904785e-01,-5.672865509986877441e-01,8.830763101577758789e-01,1.516857147216796875e-01,-6.559129804372787476e-02,-9.988469630479812622e-02
-6.732655316591262817e-02,-2.455005645751953125e+00,8.201115131378173828e-01,1.735807862132787704e-03,5.291105248034000397e-03,-7.258827090263366699e-01,6.877959370613098145e-01,1.495010107755661011e-01,-3.975566476583480835e-02,1.569185853004455566e-01,-8.726335316896438599e-02,-1.133705452084541321e-01,9.075376205146312714e-03,1.151666939258575439e-01,-1.496587693691253662e-02,-1.546694636344909668e-01,4.201955348253250122e-02,-1.919344812631607056e-01,1.481185108423233032e-02,1.491594873368740082e-02,2.722336724400520325e-02,7.479510456323623657e-02,1.762706041336059570e-01,-1.373137086629867554e-01,6.912611722946166992e-01,9.321377873420715332e-01,-1.064812839031219482e-01,-1.501480787992477417e-01,-7.785892486572265625e-02,2.083711624145507812e-01,1.389014124870300293e-01,-5.660871267318725586e-01,8.828929066658020020e-01,1.511825770139694214e-01,-6.602137535810470581e-02,-9.866481274366378784e-02
