-6.254780983986131873e-03,-1.083285246191061611e-02,8.961279264098722663e-01,1.939974063656956307e-02,1.434244291075778034e-02,1.208216807267503828e-01,9.923810084140812782e-01,-3.656129297778958759e-02,3.038858125842914051e-02,1.888339744099122863e-01,5.479465788551952932e-02,-8.625551271363543493e-02,2.501531999492013700e-02,-2.004537424865349138e-01,-1.179656159389064485e-01,4.679812457465461206e-02,2.321367101180901449e-01,-1.054067333072119528e-01,1.602666662665917785e-01,-1.040970358208962304e-01,0.000000000000000000e+00,0.000000000000000000e+00,-1.216516140308481105e-02,1.924516025818343024e-01,-4.526021891521143092e-01,1.251273447258534510e+00,0.000000000000000000e+00,0.000000000000000000e+00,0.000000000000000000e+00,-6.324443273224716888e-02,-3.009043849804787785e-01,4.947685073543716117e-01,1.082512510391158811e+00,0.000000000000000000e+00,0.000000000000000000e+00,0.000000000000000000e+00
-6.904228254869684486e-03,-1.076547275345787931e-02,8.955983396422253495e-01,2.120618546949309610e-02,1.648282053103250488e-02,1.205854741247624762e-01,9.923395375350525516e-01,-5.015215528961534941e-02,2.708699483494423146e-02,1.909158520928058711e-01,7.255912117388410576e-02,-9.218597075283022080e-02,2.752707532826558987e-02,-2.200143143487812147e-01,-1.220457090661348498e-01,5.081900494510162986e-02,2.612989443332363049e-01,-1.179792056885745066e-01,1.610723691268924063e-01,-1.089237170502298790e-01,0.000000000000000000e+00,0.000000000000000000e+00,-2.204777950502988942e-02,1.868221000941363841e-01,-4.494812868693009444e-01,1.259509317699718300e+00,0.000000000000000000e+00,0.000000000000000000e+00,0.000000000000000000e+00,-7.675004480721538125e-02,-3.000435817857166620e-01,4.949161691044065003e-01,1.090277477038834375e+00,0.000000000000000000e+00,0.000000000000000000e+00,0.000000000000000000e+00
-7.275432015155077793e-03,-1.068517000856461507e-02,8.952857704597683153e-01,2.224297771638013635e-02,1.795360934749771695e-02,1.204836704885976495e-01,9.923036848663325804e-01,-5.955105512536354451e-02,2.525140320930930118e-02,1.908783397571883200e-01,8.547898476006443591e-02,-9.911652811683652198e-02,2.544449508948823727e-02,-2.299684486224997937e-01,-1.242562234847153085e-01,5.329522981045176772e-02,2.744361614738070054e-01,-1.240677754745022482e-01,1.581131263349660199e-01,-1.116865603262398171e-01,0.000000000000000000e+00,0.000000000000000000e+00,-2.438208650989954693e-02,1.839461402987061789e-01,-4.539701921303077037e-01,1.262683210202210526e+00,0.000000000000000000e+00,0.000000000000000000e+00,0.000000000000000000e+00,-8.115245151391087264e-02,-3.009557036278039943e-01,4.968769957232616052e-01,1.088714724342406015e+00,0.000000000000000000e+00,0.000000000000000000e+00,0.000000000000000000e+00
-7.745249506465518886e-03,-1.052787309689727328e-02,8.951570961926748060e-01,2.214117596123179460e-02,1.770629510715800853e-02,1.217803609086041128e-01,9.921521048395771647e-01,-6.404718538261118532e-02,2.544256030956857859e-02,1.888160912228558641e-01,9.419758320845469934e-02,-1.040498816995556464e-01,2.641816803116858389e-02,-2.316530939605347672e-01,-1.255932836467830993e-01,5.033888060486415433e-02,2.791217642887217631e-01,-1.253496521346639525e-01,1.616006973357679288e-01,-1.123953189711076606e-01,0.000000000000000000e+00,0.000000000000000000e+00,-2.581309870623693659e-02,1.842136765402983267e-01,-4.490983240778650964e-01,1.259755218493262330e+00,0.000000000000000000e+00,0.000000000000000000e+00,0.000000000000000000e+00,-8.275452454620117748e-02,-2.993970561737865910e-01,4.893369405451438170e-01,1.094746731495647607e+00,0.000000000000000000e+00,0.000000000000000000e+00,0.000000000000000000e+00
-8.225764382407966396e-03,-1.031547950698316618e-02,8.951021944273869213e-01,2.206204225033878141e-02,1.682628352375053690e-02,1.228431774903178814e-01,9.920381526023109853e-01,-6.700543148672934157e-02,2.632511438773445234e-02,1.898220020853468026e-01,1.030344252348663059e-01,-1.080666934156091497e-01,2.700043086246493168e-02,-2.302303703754569331e-01,-1.260175628662087155e-01,4.984714454177503751e-02,2.795475303873843353e-01,-1.235482057839499132e-01,1.620588441110854538e-01,-1.135241400646028048e-01,0.000000000000000000e+00,0.000000000000000000e+00,-2.724645859153122796e-02,1.827781080067847896e-01,-4.532093735480237640e-01,1.261446272937052582e+00,0.000000000000000000e+00,0.000000000000000000e+00,0.000000000000000000e+00,-8.425454439344928770e-02,-2.998972470330085738e-01,4.955962433588316229e-01,1.098705529864021369e+00,0.000000000000000000e+00,0.000000000000000000e+00,0.000000000000000000e+00
-8.573840568378759963e-03,-1.003121964068234319e-02,8.951268416530417937e-01,2.187773788841511705e-02,1.739332969363916945e-02,1.233212610973388607e-01,9.919731363441337546e-01,-6.871216946907295064e-02,2.575888769530027683e-02,1.884942446116884274e-01,1.032475525039592973e-01,-1.102996621949821343e-01,2.696576139386491419e-02,-2.311386682838074413e-01,-1.256438127600507104e-01,5.207076194604619290e-02,2.783102480030016923e-01,-1.223053611307762800e-01,1.622781569660797785e-01,-1.147792336139813602e-01,0.000000000000000000e+00,0.000000000000000000e+00,-2.661192065617758173e-02,1.829795212164304630e-01,-4.542239313227854347e-01,1.257523719975391252e+00,0.000000000000000000e+00,0.000000000000000000e+00,0.000000000000000000e+00,-8.571116826219726814e-02,-3.000146217098041967e-01,4.911996419690126681e-01,1.099750036528469366e+00,0.000000000000000000e+00,0.000000000000000000e+00,0.000000000000000000e+00
-9.039308443895738981e-03,-9.833323417926965321e-03,8.951194548203342816e-01,2.209802304602676015e-02,1.695298752566424053e-02,1.248971858863091727e-01,9.917786882914423341e-01,-7.051519420934122817e-02,2.485015560877313137e-02,1.866790946619272529e-01,1.068723623941848500e-01,-1.106872116996922006e-01,2.735208806592410655e-02,-2.308014590637138541e-01,-1.274396549978686899e-01,4.938681206516273847e-02,2.798665563062534556e-01,-1.216118404780956869e-01,1.600764392439043560e-01,-1.147240880273542318e-01,0.000000000000000000e+00,0.000000000000000000e+00,-2.734311924626538909e-02,1.830557071703410033e-01,-4.552812587041064063e-01,1.255568257120351250e+00,0.000000000000000000e+00,0.000000000000000000e+00,0.000000000000000000e+00,-8.453870296392956840e-02,-3.007219273339806209e-01,4.923447106624488923e-01,1.100525423577916495e+00,0.000000000000000000e+00,0.000000000000000000e+00,0.000000000000000000e+00
-9.431618707816542477e-03,-9.619546586238361327e-03,8.950988723919017787e-01,2.195264279068177143e-02,1.639716729783273139e-02,1.275171325174562498e-01,9.914578131688901452e-01,-7.296925467633361140e-02,2.474571427436544208e-02,1.841547385799924830e-01,1.119402395474254075e-01,-1.125984100252217374e-01,2.738001918166131296e-02,-2.291989459175679256e-01,-1.283381880836715616e-01,4.770937281961340481e-02,2.801272251246322842e-01,-1.200324485340596992e-01,1.592790391592176780e-01,-1.156154185563858794e-01,0.000000000000000000e+00,0.000000000000000000e+00,-2.832802314022953016e-02,1.829357616654560537e-01,-4.558828179567528949e-01,1.252740600581385699e+00,0.000000000000000000e+00,0.000000000000000000e+00,0.000000000000000000e+00,-8.363320468417770326e-02,-3.011659254220531157e-01,4.922912051085412410e-01,1.103737969898414883e+00,0.000000000000000000e+00,0.000000000000000000e+00,0.000000000000000000e+00
-9.789015733442131550e-03,-9.419070242457432476e-03,8.950904691234857768e-01,2.161809871723019763e-02,1.597431127845068063e-02,1.295475720963514543e-01,9.912088103679126405e-01,-7.608764573057175129e-02,2.545908591138320784e-02,1.826692471735499312e-01,1.179953942548273294e-01,-1.141370286563676562e-01,2.699752909681600935e-02,-2.270248258171000399e-01,-1.292520901716792125e-01,4.434112749022929567e-02,2.782956997918921149e-01,-1.179820789826905442e-01,1.603101511609580365e-01,-1.145201256154704528e-01,0.000000000000000000e+00,0.000000000000000000e+00,-3.048815789177989483e-02,1.837439633055646393e-01,-4.583832566484695170e-01,1.249635604910509734e+00,0.000000000000000000e+00,0.000000000000000000e+00,0.000000000000000000e+00,-8.249007651070408564e-02,-3.017612986941217712e-01,4.919529399892676458e-01,1.105184959029981817e+00,0.000000000000000000e+00,0.000000000000000000e+00,0.000000000000000000e+00
-1.000530378139100583e-02,-9.227443246451635245e-03,8.950463996832628277e-01,2.122853912107681637e-02,1.631367687633537844e-02,1.317132204019939301e-01,9.909262538881973281e-01,-7.940390533025681874e-02,2.601171728352982132e-02,1.821473909759043774e-01,1.217803120722715238e-01,-1.168174136278766762e-01,2.656476842195331506e-02,-2.270961310429782942e-01,-1.311125773777716552e-01,3.826879500328735778e-02,2.784465378980444106e-01,-1.179497356409214964e-01,1.631382938704941110e-01,-1.123269827549917138e-01,0.000000000000000000e+00,0.000000000000000000e+00,-3.185198096956017716e-02,1.844873830835296047e-01,-4.611607733349615268e-01,1.244283920169072966e+00,0.000000000000000000e+00,0.000000000000000000e+00,0.000000000000000000e+00,-8.125957906098801864e-02,-3.025022645673304256e-01,4.913510767526191869e-01,1.109320849547621224e+00,0.000000000000000000e+00,0.000000000000000000e+00,0.000000000000000000e+00
-1.006705365548045406e-02,-9.257399142887368093e-03,8.950717358564865833e-01,2.101128687218888069e-02,1.808763613775807647e-02,1.357618605077785534e-01,9.903535128803199195e-01,-8.495956057492556890e-02,2.444069079642824383e-02,1.750547709659263096e-01,1.220296089646312476e-01,-1.175357857237957493e-01,2.338650130535781940e-02,-2.302351193547446662e-01,-1.322950571808982900e-01,3.577499364340316901e-02,2.807470100504696475e-01,-1.205610616728641921e-01,1.585729265711992853e-01,-1.121027988329199587e-01,0.000000000000000000e+00,0.000000000000000000e+00,-3.589550789957379751e-02,1.869887994038906265e-01,-4.657133072503764071e-01,1.240526674998853940e+00,0.000000000000000000e+00,0.000000000000000000e+00,0.000000000000000000e+00,-7.826949186866898056e-02,-3.022528457270308166e-01,4.905569569697312837e-01,1.106986588637791424e+00,0.000000000000000000e+00,0.000000000000000000e+00,0.000000000000000000e+00
-1.023842708997330271e-02,-9.276215799251658761e-03,8.950483197975909189e-01,2.072515335092415048e-02,1.796524885458692863e-02,1.388477475295594732e-01,9.899338467080220916e-01,-8.612494602798925758e-02,2.471782661049793869e-02,1.734324622494080592e-01,1.227394420011822390e-01,-1.185970832562640992e-01,2.158246073398925602e-02,-2.298270957558827543e-01,-1.343533207433383336e-01,2.857509740210967264e-02,2.829984453242971876e-01,-1.214047670391925626e-01,1.589287227247488388e-01,-1.108906873939321247e-01,0.000000000000000000e+00,0.000000000000000000e+00,-3.895968311025659048e-02,1.860834454152834327e-01,-4.670275719951396121e-01,1.239706399218222010e+00,0.000000000000000000e+00,0.000000000000000000e+00,0.000000000000000000e+00,-7.577406475020265209e-02,-3.026026805449012480e-01,4.922564044665226901e-01,1.109173891862413663e+00,0.000000000000000000e+00,0.000000000000000000e+00,0.000000000000000000e+00
-1.033008102075725146e-02,-9.479849573717087988e-03,8.950333710591835690e-01,2.062665972720457291e-02,1.894366144467426669e-02,1.441757296387259912e-01,9.891557195824676185e-01,-8.911474608151721821e-02,2.328546362343377960e-02,1.675019409987665853e-01,1.204757187220141940e-01,-1.174120960672040276e-01,1.822081399464902871e-02,-2.314740350269526570e-01,-1.369702104473221604e-01,2.194265384475013042e-02,2.866654742127888733e-01,-1.237625865616750337e-01,1.548020423293023917e-01,-1.121289123306672825e-01,0.000000000000000000e+00,0.000000000000000000e+00,-4.391869157808989121e-02,1.875034539549810253e-01,-4.748103569150732284e-01,1.238978221802709001e+00,0.000000000000000000e+00,0.000000000000000000e+00,0.000000000000000000e+00,-7.202948591413313451e-02,-3.024835931605082684e-01,4.946121771948621126e-01,1.107142711125296941e+00,0.000000000000000000e+00,0.000000000000000000e+00,0.000000000000000000e+00
-1.049123367775022832e-02,-9.593630939707482527e-03,8.949400912851878109e-01,1.999738102690760966e-02,1.986511215718200080e-02,1.482465332470148389e-01,9.885486570985213550e-01,-9.478978882482053114e-02,2.338517823895837344e-02,1.615644010190719904e-01,1.247727953799159795e-01,-1.213886754951730013e-01,1.605583991339942437e-02,-2.335977318776528422e-01,-1.375977428852546147e-01,1.824485030150154591e-02,2.900568773407324330e-01,-1.260818547241958076e-01,1.553445326892028966e-01,-1.129824408189253754e-01,0.000000000000000000e+00,0.000000000000000000e+00,-4.743000137821428569e-02,1.898557141007565230e-01,-4.760957511040800894e-01,1.235619287732329097e+00,0.000000000000000000e+00,0.000000000000000000e+00,0.000000000000000000e+00,-7.046024296549963095e-02,-3.045058026495276460e-01,4.954399894541847149e-01,1.107724630602872518e+00,0.000000000000000000e+00,0.000000000000000000e+00,0.000000000000000000e+00
-1.074914824449271777e-02,-9.967432577821301251e-03,8.949039678966085321e-01,1.995832113231022983e-02,2.035850720017673768e-02,1.527511992676465202e-01,9.878533634727659773e-01,-9.876566917670542844e-02,2.228086916394690295e-02,1.546061409726392499e-01,1.262675849733228828e-01,-1.205504468197421825e-01,1.251738178398076155e-02,-2.338870632467358324e-01,-1.403043117101175907e-01,1.032934338072533792e-02,2.920103025655872986e-01,-1.278080120644303208e-01,1.515162638236543236e-01,-1.119003365933529115e-01,0.000000000000000000e+00,0.000000000000000000e+00,-5.175443221250555781e-02,1.920780092410947215e-01,-4.829349707525423807e-01,1.232879449447062958e+00,0.000000000000000000e+00,0.000000000000000000e+00,0.000000000000000000e+00,-6.545787061859401068e-02,-3.020584430542050391e-01,4.947865827433853281e-01,1.106360173970988514e+00,0.000000000000000000e+00,0.000000000000000000e+00,0.000000000000000000e+00
-1.102138896935703910e-02,-1.023054868776297754e-02,8.951822787623568978e-01,1.854192838725066128e-02,2.029735375892380636e-02,1.587210146506963515e-01,9.869406536516370787e-01,-9.706342823487242033e-02,2.346285773959825086e-02,1.475795909235935732e-01,1.175133084649603032e-01,-1.180576626303135868e-01,7.926385049330134797e-03,-2.267013224514677350e-01,-1.385027441766965295e-01,6.002934036757827385e-03,2.811892586293445184e-01,-1.227182710199751087e-01,1.478480938073701290e-01,-1.111520149095291676e-01,0.000000000000000000e+00,0.000000000000000000e+00,-5.722654088763370200e-02,1.969120291179076998e-01,-4.891244384431732151e-01,1.229046868214603627e+00,0.000000000000000000e+00,0.000000000000000000e+00,0.000000000000000000e+00,-5.689515150503061947e-02,-3.045062246115637361e-01,4.952572365199530147e-01,1.097121545179416735e+00,0.000000000000000000e+00,0.000000000000000000e+00,0.000000000000000000e+00
-1.165315528777364010e-02,-1.060863813626661614e-02,8.951482324715612782e-01,1.829281390065129465e-02,1.996455662681112520e-02,1.646437453083337832e-01,9.859813520392440855e-01,-1.026129986673851857e-01,2.264870222915157244e-02,1.392464445401168094e-01,1.240006811164189038e-01,-1.189979473452159320e-01,7.991292526085614842e-03,-2.276283521695802170e-01,-1.393860615494719735e-01,2.584835827630770078e-03,2.875814740718588558e-01,-1.228387140962038659e-01,1.414394610799022678e-01,-1.096351514462448329e-01,0.000000000000000000e+00,0.000000000000000000e+00,-6.492422460688954122e-02,1.981961201757629631e-01,-4.951429630257727088e-01,1.228225306678135675e+00,0.000000000000000000e+00,0.000000000000000000e+00,0.000000000000000000e+00,-5.363986302050605809e-02,-3.061573422325898908e-01,4.998150938115939468e-01,1.097884628950367869e+00,0.000000000000000000e+00,0.000000000000000000e+00,0.000000000000000000e+00
-1.224598908225808629e-02,-1.109733736790892954e-02,8.950995728100076265e-01,1.750927447109253479e-02,2.152433782092161296e-02,1.702582386130421233e-01,9.850087615718204903e-01,-1.090077003812607997e-01,2.104427362221027858e-02,1.262768264675347141e-01,1.235455664496301342e-01,-1.197520384022143225e-01,5.586225865151592078e-03,-2.299634553141941817e-01,-1.407003019896900520e-01,-4.259628384697275449e-03,2.890842470975967249e-01,-1.270649385740205695e-01,1.408436877301080803e-01,-1.071579155661412930e-01,0.000000000000000000e+00,0.000000000000000000e+00,-7.185998438390005238e-02,2.024285385920171210e-01,-4.975614952156973692e-01,1.222739245006169817e+00,0.000000000000000000e+00,0.000000000000000000e+00,0.000000000000000000e+00,-4.863680621497072643e-02,-3.055542700492516195e-01,5.002821630425369204e-01,1.096944367643909901e+00,0.000000000000000000e+00,0.000000000000000000e+00,0.000000000000000000e+00
-1.311415065789555204e-02,-1.168739227327148834e-02,8.951498863117802740e-01,1.686566236818537456e-02,2.206208818125754423e-02,1.764610535653247103e-01,9.839158044632582145e-01,-1.145114013801946246e-01,2.059754490494822982e-02,1.187404041244941172e-01,1.250406380018242725e-01,-1.186204861221567264e-01,4.312702051996789541e-03,-2.301865713651193579e-01,-1.414087166440147203e-01,-9.328799326632455924e-03,2.897023769597990572e-01,-1.261621714650241199e-01,1.370453166551239277e-01,-1.032262323266226606e-01,0.000000000000000000e+00,0.000000000000000000e+00,-7.981383826632076905e-02,2.048161555652581733e-01,-5.071987298403128896e-01,1.218336284020381743e+00,0.000000000000000000e+00,0.000000000000000000e+00,0.000000000000000000e+00,-4.327902160506828799e-02,-3.065794400228255001e-01,5.050329702027309686e-01,1.095646420517421893e+00,0.000000000000000000e+00,0.000000000000000000e+00,0.000000000000000000e+00
-1.424686057881617909e-02,-1.258869480289287815e-02,8.951384728910841693e-01,1.618147408325468217e-02,2.042391451126148588e-02,1.855162651217638348e-01,9.822956474441902897e-01,-1.190614018173293542e-01,1.966471917369734534e-02,1.031747408417544587e-01,1.310199203377338528e-01,-1.188278262638854943e-01,2.188932789202838701e-03,-2.250916180615286366e-01,-1.427457575921625144e-01,-1.937470342540651563e-02,2.911409274059879038e-01,-1.260664307572592346e-01,1.317569771258317868e-01,-9.677462228332341099e-02,0.000000000000000000e+00,0.000000000000000000e+00,-9.212319611933250663e-02,2.079177077428867315e-01,-5.139258108302159345e-01,1.215506704266538618e+00,0.000000000000000000e+00,0.000000000000000000e+00,0.000000000000000000e+00,-3.562659391382978075e-02,-3.053458381928240151e-01,5.063795337527134954e-01,1.101620444766581608e+00,0.000000000000000000e+00,0.000000000000000000e+00,0.000000000000000000e+00
-1.541080813268033353e-02,-1.362644943704702759e-02,8.949670779648488672e-01,1.576044670192351324e-02,2.022839274151048625e-02,1.935787127227854565e-01,9.807495615229405717e-01,-1.276988670809464377e-01,1.776000378811772029e-02,8.816597550043420162e-02,1.397521261198128861e-01,-1.218681355789693888e-01,1.438134805384108888e-04,-2.256284343184989383e-01,-1.454498966403377225e-01,-3.007122229570504540e-02,2.973639586507502153e-01,-1.305671222068553183e-01,1.285427799593726883e-01,-9.260093670564294166e-02,0.000000000000000000e+00,0.000000000000000000e+00,-1.015948864829294418e-01,2.129569828221122008e-01,-5.238536124287829221e-01,1.209532977532887354e+00,0.000000000000000000e+00,0.000000000000000000e+00,0.000000000000000000e+00,-2.940063021081082764e-02,-3.047836330522890602e-01,5.101580255610050907e-01,1.103144915805059911e+00,0.000000000000000000e+00,0.000000000000000000e+00,0.000000000000000000e+00
-1.674055914900552181e-02,-1.484305507437532617e-02,8.948515552249377558e-01,1.524094866476375862e-02,1.944432820844700649e-02,2.013436069306777931e-01,9.792090601768678182e-01,-1.353790271934206257e-01,1.697075017907235389e-02,7.520894482137162329e-02,1.484594538654928075e-01,-1.226593713350394438e-01,-4.517479252516546327e-03,-2.236307337854387678e-01,-1.471386459580384387e-01,-4.017380471686959192e-02,2.992520796529335447e-01,-1.297205289049684351e-01,1.234576375124852715e-01,-8.793597909181985472e-02,0.000000000000000000e+00,0.000000000000000000e+00,-1.135491240337227203e-01,2.157007357122375235e-01,-5.356969787134653327e-01,1.209533971007922704e+00,0.000000000000000000e+00,0.000000000000000000e+00,0.000000000000000000e+00,-2.557272313458279489e-02,-3.027156280343017425e-01,5.131295062902038184e-01,1.106859283966782126e+00,0.000000000000000000e+00,0.000000000000000000e+00,0.000000000000000000e+00
-1.807632999190952536e-02,-1.617625135137456746e-02,8.946885098391981206e-01,1.453132276272641604e-02,1.908600505071895992e-02,2.083475484723865123e-01,9.777606374340889195e-01,-1.419943603886636985e-01,1.660426568136426362e-02,6.390157758510091324e-02,1.536110510003803054e-01,-1.235455181971288341e-01,-8.283834350550359910e-03,-2.237922083433374065e-01,-1.483480906205191241e-01,-4.978119653097158592e-02,3.035888290896591735e-01,-1.332419356397946675e-01,1.210984433867046128e-01,-8.022551652943531175e-02,0.000000000000000000e+00,0.000000000000000000e+00,-1.225819896182838986e-01,2.195208569188426828e-01,-5.452244017778750118e-01,1.199750769863673572e+00,0.000000000000000000e+00,0.000000000000000000e+00,0.000000000000000000e+00,-1.973553991526166146e-02,-3.011807267645982833e-01,5.158853127946525507e-01,1.107768527589320762e+00,0.000000000000000000e+00,0.000000000000000000e+00,0.000000000000000000e+00
-1.938367638458970282e-02,-1.769095258384487113e-02,8.949060241693121975e-01,1.330234084126741094e-02,1.834443514526694352e-02,2.181733092664677187e-01,9.756469323228879054e-01,-1.439014114192721516e-01,1.573155164729748978e-02,4.581762315276365766e-02,1.469461869960429212e-01,-1.144286326764548944e-01,-1.412254863673055062e-02,-2.158024357156770046e-01,-1.492747132201089899e-01,-6.466639138586877111e-02,2.941261438612913781e-01,-1.263367351016606854e-01,1.178865232792170453e-01,-7.287970625122455748e-02,0.000000000000000000e+00,0.000000000000000000e+00,-1.358246238597564659e-01,2.261544554053170619e-01,-5.651119892670283251e-01,1.195087269770912286e+00,0.000000000000000000e+00,0.000000000000000000e+00,0.000000000000000000e+00,-1.131352077786584864e-02,-3.009272542975282572e-01,5.216289740773765171e-01,1.106444032572910130e+00,0.000000000000000000e+00,0.000000000000000000e+00,0.000000000000000000e+00
-2.076929241692192576e-02,-1.930809388391274695e-02,8.945835982333533165e-01,1.351845765771285401e-02,1.823850355461134956e-02,2.262068672318212903e-01,9.738146956725443060e-01,-1.528629446106117562e-01,1.266360938484964276e-02,3.306396857825912722e-02,1.548160655023358423e-01,-1.132361436421761708e-01,-1.757546487032077970e-02,-2.197167102163757324e-01,-1.528763597050262490e-01,-7.304296211538263695e-02,3.053443156256653856e-01,-1.301090647249024401e-01,1.142647030110907347e-01,-6.545848313684335396e-02,0.000000000000000000e+00,0.000000000000000000e+00,-1.486790236784949204e-01,2.253835991171556086e-01,-5.775780812384470053e-01,1.194010870101318345e+00,0.000000000000000000e+00,0.000000000000000000e+00,0.000000000000000000e+00,-6.834108447575848108e-03,-2.971529397213781842e-01,5.248283430765399160e-01,1.112053994798629875e+00,0.000000000000000000e+00,0.000000000000000000e+00,0.000000000000000000e+00
-2.213913206372250184e-02,-2.090956660490289609e-02,8.943238440352588858e-01,1.269815024128788730e-02,1.800335274299189742e-02,2.347923727261306825e-01,9.717958520080721696e-01,-1.619539089821155353e-01,1.204747080813220114e-02,2.170945558350972915e-02,1.624676904039817904e-01,-1.131174404665044597e-01,-2.090381911579616489e-02,-2.204201416627447896e-01,-1.555475917986566814e-01,-8.675020555139782708e-02,3.109243041130009266e-01,-1.313614717396265064e-01,1.134606077969717297e-01,-6.098006844238235136e-02,0.000000000000000000e+00,0.000000000000000000e+00,-1.589846976379694909e-01,2.291664103005817688e-01,-5.913378300587885938e-01,1.186044946223384411e+00,0.000000000000000000e+00,0.000000000000000000e+00,0.000000000000000000e+00,-1.479763591193568317e-03,-2.962379719004105683e-01,5.308360057055762082e-01,1.111223302297118076e+00,0.000000000000000000e+00,0.000000000000000000e+00,0.000000000000000000e+00
-2.326649562461206161e-02,-2.256527293396710931e-02,8.941020300168976975e-01,1.174713832973960440e-02,1.790806870270945927e-02,2.437034975367721457e-01,9.696132791503763171e-01,-1.718062533003375247e-01,1.064258089905160964e-02,6.567659494505953544e-03,1.711558246856201282e-01,-1.132234429621620520e-01,-2.446182787470774569e-02,-2.208512435288588205e-01,-1.570267534745696247e-01,-9.836053726423074628e-02,3.156066271558588543e-01,-1.323726542856499544e-01,1.096630691319139261e-01,-5.244379770991298984e-02,0.000000000000000000e+00,0.000000000000000000e+00,-1.709074236783252598e-01,2.317806839917641026e-01,-6.041414223007262052e-01,1.181345932309658675e+00,0.000000000000000000e+00,0.000000000000000000e+00,0.000000000000000000e+00,6.076121073111783420e-03,-2.925257712728903670e-01,5.342157329895661499e-01,1.116127047964681651e+00,0.000000000000000000e+00,0.000000000000000000e+00,0.000000000000000000e+00
-2.421332860799963599e-02,-2.440578997578867967e-02,8.942032281810411432e-01,1.025385975890609133e-02,1.582756951655304306e-02,2.533468383475642183e-01,9.671916696821456494e-01,-1.741665220239722867e-01,1.184053133801402959e-02,-9.404620008612321613e-03,1.719750254866881101e-01,-1.099093863027798823e-01,-3.269147830684741851e-02,-2.086645680830437055e-01,-1.570625097227409672e-01,-1.185313073379121590e-01,3.046095798287581924e-01,-1.272841325955713088e-01,1.054953211529746360e-01,-4.263070347784327085e-02,0.000000000000000000e+00,0.000000000000000000e+00,-1.804206044467559222e-01,2.367602530818037898e-01,-6.174779691630942757e-01,1.176649806965556655e+00,0.000000000000000000e+00,0.000000000000000000e+00,0.000000000000000000e+00,1.584841554752043635e-02,-2.860865892412180478e-01,5.380171235858467460e-01,1.121708938007671463e+00,0.000000000000000000e+00,0.000000000000000000e+00,0.000000000000000000e+00
-2.505395336043002297e-02,-2.607106008713027182e-02,8.939598054909807523e-01,9.309350659510844464e-03,1.738856107940285264e-02,2.619181286506696571e-01,9.648885261096317167e-01,-1.858359323230509841e-01,9.627580645203007506e-03,-2.355870756329582483e-02,1.779606325319642024e-01,-1.096637740320513810e-01,-3.964123484366211675e-02,-2.118295919120354309e-01,-1.610102300052614899e-01,-1.357175849840169812e-01,3.098899447373835159e-01,-1.332634461729116093e-01,1.026785370823090071e-01,-3.090087320213281280e-02,0.000000000000000000e+00,0.000000000000000000e+00,-1.889326290396775021e-01,2.372315135355290150e-01,-6.289332898979224096e-01,1.170068309503486503e+00,0.000000000000000000e+00,0.000000000000000000e+00,0.000000000000000000e+00,2.206559797043228938e-02,-2.818977597841308969e-01,5.458424669091133108e-01,1.128257132467629820e+00,0.000000000000000000e+00,0.000000000000000000e+00,0.000000000000000000e+00
-2.576391628687564953e-02,-2.788411964478028707e-02,8.939478702710257352e-01,7.816391893534876956e-03,1.601262504162737077e-02,2.716723118779137969e-01,9.622248462890322651e-01,-1.917384248951890802e-01,9.935989789600014818e-03,-3.985995459385979767e-02,1.831876678161706296e-01,-1.075534160730290817e-01,-4.791232364073777505e-02,-2.026939183958616497e-01,-1.611592672623188560e-01,-1.548981840221759221e-01,3.025809387593123012e-01,-1.304285462727769185e-01,9.890866507047670064e-02,-1.942851171231076840e-02,0.000000000000000000e+00,0.000000000000000000e+00,-1.922324507501748658e-01,2.443313131417252926e-01,-6.416780720356662915e-01,1.158899494358573312e+00,0.000000000000000000e+00,0.000000000000000000e+00,0.000000000000000000e+00,3.405185530503355290e-02,-2.778161566407043592e-01,5.499009268894972102e-01,1.125399292582865751e+00,0.000000000000000000e+00,0.000000000000000000e+00,0.000000000000000000e+00
-2.647846596987661963e-02,-2.955479449177527904e-02,8.935660322638554476e-01,7.031487242406563032e-03,1.625438773748995661e-02,2.805333152463405644e-01,9.596808907669964750e-01,-2.011872090902546428e-01,8.662661084491173058e-03,-5.055745833468909545e-02,1.901141983644448474e-01,-1.066992140863894656e-01,-5.566371678070541895e-02,-2.031614095314415724e-01,-1.657857992821558102e-01,-1.752423426131013429e-01,3.089756502859969389e-01,-1.355645005492874255e-01,9.458975562517132896e-02,-7.814427644770451098e-03,0.000000000000000000e+00,0.000000000000000000e+00,-1.896632862185446133e-01,2.472354522217558026e-01,-6.500189215074624327e-01,1.151340227544144446e+00,0.000000000000000000e+00,0.000000000000000000e+00,0.000000000000000000e+00,4.041849484409276716e-02,-2.739210331244654739e-01,5.554614310023097135e-01,1.129300901754809461e+00,0.000000000000000000e+00,0.000000000000000000e+00,0.000000000000000000e+00
-2.704848870332049807e-02,-3.107032068407650574e-02,8.936134180120115511e-01,4.532725218473839315e-03,1.431752098592151481e-02,2.906758774626991837e-01,9.567037144571983731e-01,-2.027512702071839201e-01,1.205218801685923984e-02,-6.261153187976120638e-02,1.887307981555973180e-01,-1.059746391460854031e-01,-6.168228757101107407e-02,-1.893612505843438321e-01,-1.625256407133807979e-01,-1.947362271036935932e-01,2.942808821061413393e-01,-1.306112250254082285e-01,9.219219395827697727e-02,3.890730656065259641e-03,0.000000000000000000e+00,0.000000000000000000e+00,-1.669712991997359675e-01,2.597965004220168517e-01,-6.489788462228501809e-01,1.135991577925439477e+00,0.000000000000000000e+00,0.000000000000000000e+00,0.000000000000000000e+00,4.661694389120375065e-02,-2.718144182818814647e-01,5.591725342900990547e-01,1.131246834431728576e+00,0.000000000000000000e+00,0.000000000000000000e+00,0.000000000000000000e+00
-2.753911925536966024e-02,-3.242382191942357050e-02,8.935026310276418249e-01,3.219100581053588837e-03,1.671656094552997907e-02,3.004459541028102199e-01,9.536469066928570104e-01,-2.149131034491315873e-01,9.206814412078899446e-03,-7.621049393499945701e-02,1.914469023126679215e-01,-1.017679059411488313e-01,-7.391111796378942167e-02,-1.925035349684942054e-01,-1.679333505117857339e-01,-2.171891228559964526e-01,2.986088010461463438e-01,-1.348180427705261142e-01,8.738271279945009073e-02,1.801269215423959708e-02,0.000000000000000000e+00,0.000000000000000000e+00,-1.440634224394728991e-01,2.637276759026918049e-01,-6.509400026751939183e-01,1.135645322521413370e+00,0.000000000000000000e+00,0.000000000000000000e+00,0.000000000000000000e+00,4.276067223016216667e-02,-2.697879206856257372e-01,5.594062878984771281e-01,1.136762756784436945e+00,0.000000000000000000e+00,0.000000000000000000e+00,0.000000000000000000e+00
-2.819314160161424943e-02,-3.360788240680712829e-02,8.932274826540730350e-01,7.245972919295350177e-04,1.629791342874426993e-02,3.112124722488359141e-01,9.502003210341494199e-01,-2.235108089072934956e-01,1.035344388184255247e-02,-8.814931476263200560e-02,1.969598653050758097e-01,-1.027709475947760492e-01,-8.077183158326642354e-02,-1.852499459113032820e-01,-1.673133023262134422e-01,-2.376199602128452326e-01,2.918022858130497887e-01,-1.343816477405168908e-01,8.520481460568624099e-02,3.026627795596277884e-02,0.000000000000000000e+00,0.000000000000000000e+00,-1.328602946128008833e-01,2.702447966470289398e-01,-6.529967651740897772e-01,1.135495021276857752e+00,0.000000000000000000e+00,0.000000000000000000e+00,0.000000000000000000e+00,2.922625462092963769e-02,-2.749649707046329383e-01,5.642056206451681044e-01,1.136411448382883771e+00,0.000000000000000000e+00,0.000000000000000000e+00,0.000000000000000000e+00
-2.880945349751059745e-02,-3.466863775016200411e-02,8.931110241175458375e-01,-1.007005908062034473e-03,1.643870176663282320e-02,3.184438477870584205e-01,9.477986446655750630e-01,-2.292530612227822728e-01,9.858303125693516911e-03,-1.002831609077348973e-01,1.984158887385880921e-01,-1.043323099072757387e-01,-8.405374507632756842e-02,-1.804701648964622540e-01,-1.680513494439945799e-01,-2.564459171519773983e-01,2.867246078955320576e-01,-1.369537100896753012e-01,8.650205221044675319e-02,4.262079708397109590e-02,0.000000000000000000e+00,0.000000000000000000e+00,-1.281901038080456579e-01,2.735639251135434935e-01,-6.532324124370276763e-01,1.132376174740443942e+00,0.000000000000000000e+00,0.000000000000000000e+00,0.000000000000000000e+00,2.268201916234391380e-03,-2.848819503106448381e-01,5.622142776834440081e-01,1.130863928109982375e+00,0.000000000000000000e+00,0.000000000000000000e+00,0.000000000000000000e+00
-2.962849594550186205e-02,-3.580513685916571209e-02,8.928899401054818386e-01,-2.699887534257428869e-03,1.479374276867593575e-02,3.282636596739208490e-01,9.444664237121828121e-01,-2.355190041938684808e-01,1.019743470615753350e-02,-1.105067692151557035e-01,2.060585086036230973e-01,-1.058949784405554678e-01,-9.235924622326427413e-02,-1.713674618530389437e-01,-1.685383801374761847e-01,-2.782193236173726714e-01,2.822254032461622431e-01,-1.378635447714855744e-01,8.172451315128670402e-02,5.467044898845072748e-02,0.000000000000000000e+00,0.000000000000000000e+00,-1.279654008844314794e-01,2.780828097368969187e-01,-6.444840042728349205e-01,1.132760045776210145e+00,0.000000000000000000e+00,0.000000000000000000e+00,0.000000000000000000e+00,-2.278635337049607704e-02,-2.945201402616093311e-01,5.617922327181356090e-01,1.130341091028331135e+00,0.000000000000000000e+00,0.000000000000000000e+00,0.000000000000000000e+00
-3.042044562207813635e-02,-3.670930805863695245e-02,8.926409238324345408e-01,-5.349761855001831240e-03,1.419929043597420448e-02,3.371174008360895424e-01,9.413403307267401710e-01,-2.447627608941755073e-01,1.225875065050897710e-02,-1.184198145627108484e-01,2.146393141282124661e-01,-1.083377012420278784e-01,-9.900320849368283993e-02,-1.643404895533892573e-01,-1.661090438112372836e-01,-2.960666389541872778e-01,2.741980516444720850e-01,-1.362445449110632756e-01,7.920272027393217285e-02,6.363425329236220562e-02,0.000000000000000000e+00,0.000000000000000000e+00,-1.240397781580840908e-01,2.824195279001772141e-01,-6.374009004835979875e-01,1.132569685738741727e+00,0.000000000000000000e+00,0.000000000000000000e+00,0.000000000000000000e+00,-3.958079332782481197e-02,-2.994206576706138212e-01,5.630959327801514647e-01,1.123925369561678655e+00,0.000000000000000000e+00,0.000000000000000000e+00,0.000000000000000000e+00
-3.128885290256225304e-02,-3.767516698231228311e-02,8.922651411801852950e-01,-7.379326144582982160e-03,1.317730044261887154e-02,3.453034267573413807e-01,9.383695688631072951e-01,-2.521728836354146797e-01,1.351556984970752121e-02,-1.251701137207468784e-01,2.228388399202212711e-01,-1.125475384294176429e-01,-1.034804450643364154e-01,-1.598777481864248340e-01,-1.661357064403148898e-01,-3.145525904221219138e-01,2.739963118302746747e-01,-1.378955059210244805e-01,7.802390382230037225e-02,7.235092080683737381e-02,0.000000000000000000e+00,0.000000000000000000e+00,-1.232636839904521081e-01,2.861531246541055840e-01,-6.306298542448809386e-01,1.136061795329857071e+00,0.000000000000000000e+00,0.000000000000000000e+00,0.000000000000000000e+00,-4.904524510743399346e-02,-3.016779089565665983e-01,5.670750113714873031e-01,1.126890978344962102e+00,0.000000000000000000e+00,0.000000000000000000e+00,0.000000000000000000e+00
-3.204057384055260943e-02,-3.854807591053956151e-02,8.919515281181367161e-01,-9.282271246261524986e-03,1.241413625500851006e-02,3.525480344071105776e-01,9.356653312468274919e-01,-2.620278419175257612e-01,1.354714899091886970e-02,-1.339521736171311594e-01,2.362144101352655068e-01,-1.179357972161445695e-01,-1.077908559628133062e-01,-1.551144752690063466e-01,-1.649407644595956568e-01,-3.294696283370022183e-01,2.712209207454638338e-01,-1.397364907423042923e-01,7.614989127613779052e-02,8.148042728655646716e-02,0.000000000000000000e+00,0.000000000000000000e+00,-1.202701794093312543e-01,2.889614403811879839e-01,-6.251242468443787281e-01,1.144109156246776449e+00,0.000000000000000000e+00,0.000000000000000000e+00,0.000000000000000000e+00,-5.330531072725023384e-02,-3.024512520474256227e-01,5.698648524509879465e-01,1.123882031977860407e+00,0.000000000000000000e+00,0.000000000000000000e+00,0.000000000000000000e+00
-3.283298421158393349e-02,-3.960872530292985222e-02,8.915861232648560897e-01,-1.053620866546602780e-02,9.648752444838313777e-03,3.596415388562188009e-01,9.329811645538972353e-01,-2.667115031433839323e-01,1.478634092559566460e-02,-1.409660164965407803e-01,2.473491146414983910e-01,-1.201617685624729315e-01,-1.150463042570251254e-01,-1.466517089808995478e-01,-1.649342877989796174e-01,-3.488938017321516760e-01,2.711972679104411310e-01,-1.418877905374197890e-01,7.399896813271568397e-02,9.009056659141062573e-02,0.000000000000000000e+00,0.000000000000000000e+00,-1.174665602621007832e-01,2.951179151097084730e-01,-6.198776841776995061e-01,1.151848181559270046e+00,0.000000000000000000e+00,0.000000000000000000e+00,0.000000000000000000e+00,-5.670168965031586322e-02,-3.031941214861659240e-01,5.688248131990895073e-01,1.125221677238090967e+00,0.000000000000000000e+00,0.000000000000000000e+00,0.000000000000000000e+00
-3.342920063961458965e-02,-4.047866723922907695e-02,8.912805169929799431e-01,-1.237135070870019199e-02,8.215480338547100775e-03,3.671672500957818275e-01,9.300363788699612666e-01,-2.725232857510941908e-01,1.588086778617726555e-02,-1.485545807268291163e-01,2.555446548984683930e-01,-1.243258299276622791e-01,-1.194528548403306217e-01,-1.418867918548168128e-01,-1.633237805196808279e-01,-3.624722505331604561e-01,2.716285452585577853e-01,-1.439042170135755583e-01,7.135115675807143787e-02,9.660349893863046100e-02,0.000000000000000000e+00,0.000000000000000000e+00,-1.119194510604717002e-01,2.959784747492011925e-01,-6.108200164192093551e-01,1.162722922475016185e+00,0.000000000000000000e+00,0.000000000000000000e+00,0.000000000000000000e+00,-6.012447156670576442e-02,-3.028252283796166178e-01,5.700612961399337264e-01,1.123708673979423533e+00,0.000000000000000000e+00,0.000000000000000000e+00,0.000000000000000000e+00
-3.381666157124568750e-02,-4.127746695034881924e-02,8.910412398463988248e-01,-1.429032364017333336e-02,8.531591994300076129e-03,3.734844865908665268e-01,9.274871087321151508e-01,-2.790759266590623899e-01,1.740390226730309520e-02,-1.524788176424847208e-01,2.586984459425861749e-01,-1.269976743163126198e-01,-1.228097563516044738e-01,-1.387559031469863258e-01,-1.630258770429577342e-01,-3.795402777129868732e-01,2.681400922663108033e-01,-1.458114869125405610e-01,7.247025328645224918e-02,1.035625737906228916e-01,0.000000000000000000e+00,0.000000000000000000e+00,-1.071211537618765308e-01,3.001268164506609715e-01,-6.022091147856085680e-01,1.172493694663565567e+00,0.000000000000000000e+00,0.000000000000000000e+00,0.000000000000000000e+00,-6.389460347049874533e-02,-3.029489469423990444e-01,5.661446273982120303e-01,1.117849483974431291e+00,0.000000000000000000e+00,0.000000000000000000e+00,0.000000000000000000e+00
-3.418984483766852878e-02,-4.215765373043066366e-02,8.909448781127263794e-01,-1.551573029289131204e-02,6.733071765291116263e-03,3.823433033192431552e-01,9.238655347316570010e-01,-2.800766571044962516e-01,1.617245880162025695e-02,-1.648797178942979780e-01,2.590361792770335403e-01,-1.271688712960213907e-01,-1.252171684083058234e-01,-1.312641736898160771e-01,-1.624250999110350979e-01,-3.954642053689811365e-01,2.669220406359154030e-01,-1.447179173593733659e-01,6.779628801608206246e-02,1.090212522040645837e-01,0.000000000000000000e+00,0.000000000000000000e+00,-1.032273681246155955e-01,3.053406269668939021e-01,-5.939384824507435434e-01,1.181267482182623896e+00,0.000000000000000000e+00,0.000000000000000000e+00,0.000000000000000000e+00,-6.668917162794762987e-02,-3.063008682149084283e-01,5.649359440245957931e-01,1.112111061529168277e+00,0.000000000000000000e+00,0.000000000000000000e+00,0.000000000000000000e+00
-3.441675339568320280e-02,-4.300771342448320850e-02,8.907566545048370976e-01,-1.637766814749203742e-02,4.414186572060970273e-03,3.897460091379888469e-01,9.207661675495946163e-01,-2.814924615544754372e-01,1.634249048935987325e-02,-1.727534850553253121e-01,2.636127813821557697e-01,-1.268999191496371359e-01,-1.315820985195384762e-01,-1.224813092757725819e-01,-1.617115332863006405e-01,-4.110266280450500798e-01,2.651378034536839845e-01,-1.449971324086264113e-01,6.491161274495609035e-02,1.160660551062337870e-01,0.000000000000000000e+00,0.000000000000000000e+00,-9.887455388861857153e-02,3.082199642740883205e-01,-5.833075560121164793e-01,1.191901951521078029e+00,0.000000000000000000e+00,0.000000000000000000e+00,0.000000000000000000e+00,-6.983225627107592093e-02,-3.077341332475603819e-01,5.657535851636057433e-01,1.110862155605078616e+00,0.000000000000000000e+00,0.000000000000000000e+00,0.000000000000000000e+00
-3.429802194655851011e-02,-4.365021822038626237e-02,8.909994355916289743e-01,-1.711673296902436678e-02,3.088637019120164633e-03,3.955338651152644491e-01,9.182866868907613167e-01,-2.767109347589836732e-01,1.749748580624664943e-02,-1.784749418392317100e-01,2.540658387255377848e-01,-1.229960919524885482e-01,-1.313105863764304215e-01,-1.141902417483535437e-01,-1.590492743415599097e-01,-4.210457215170483325e-01,2.580782314845634362e-01,-1.438708141222979353e-01,6.174016197438928627e-02,1.205474694911201072e-01,0.000000000000000000e+00,0.000000000000000000e+00,-9.014967299394223421e-02,3.119852506263590675e-01,-5.673355101783601473e-01,1.202694893718025293e+00,0.000000000000000000e+00,0.000000000000000000e+00,0.000000000000000000e+00,-7.169804812508871750e-02,-3.086321441140933985e-01,5.654388673583687908e-01,1.105950280536078356e+00,0.000000000000000000e+00,0.000000000000000000e+00,0.000000000000000000e+00
-3.425666312291420629e-02,-4.422024806161119204e-02,8.909699031011277803e-01,-1.779081260957299931e-02,2.735697106082680442e-03,4.032174896822225962e-01,9.149271331436188426e-01,-2.757516573623545186e-01,1.545026511596699417e-02,-1.883213402234736045e-01,2.468560239521979394e-01,-1.211230791455420591e-01,-1.331079013286513291e-01,-1.091996872270397378e-01,-1.600890425349571211e-01,-4.347713036800244790e-01,2.566271055791861100e-01,-1.439077027603755110e-01,5.908116722967531736e-02,1.252372670149752842e-01,0.000000000000000000e+00,0.000000000000000000e+00,-8.478006426779668980e-02,3.149610177936608135e-01,-5.583289215535111039e-01,1.210681775258392268e+00,0.000000000000000000e+00,0.000000000000000000e+00,0.000000000000000000e+00,-7.686197725282381543e-02,-3.101951092358011808e-01,5.651661887983414623e-01,1.102778531501870551e+00,0.000000000000000000e+00,0.000000000000000000e+00,0.000000000000000000e+00
-3.405160247518713990e-02,-4.465584127099834350e-02,8.909219190431163504e-01,-1.879305144363105015e-02,2.041242700140912230e-03,4.101864146399917255e-01,9.118057686757989888e-01,-2.748939958345567591e-01,1.504800168738983264e-02,-1.961920896711297768e-01,2.414780584729142865e-01,-1.196526744408842879e-01,-1.339233505394084034e-01,-1.023335433657539539e-01,-1.594848126071670980e-01,-4.492850521594567437e-01,2.524341183374226860e-01,-1.444052766503068908e-01,5.987629127193520862e-02,1.300366280214587944e-01,0.000000000000000000e+00,0.000000000000000000e+00,-7.880471386537896139e-02,3.158591773472120279e-01,-5.456352021197904412e-01,1.217429997825179244e+00,0.000000000000000000e+00,0.000000000000000000e+00,0.000000000000000000e+00,-8.116835076306824770e-02,-3.119751341948618362e-01,5.612647455970070087e-01,1.100650855720340049e+00,0.000000000000000000e+00,0.000000000000000000e+00,0.000000000000000000e+00
-3.368578253577196591e-02,-4.494766285146840901e-02,8.907858591569729478e-01,-1.994858987430419422e-02,8.692430396212504117e-04,4.167009333668519888e-01,9.088243121251539103e-01,-2.783788022893566860e-01,1.436913590374609521e-02,-2.057622271078558829e-01,2.471125901546403769e-01,-1.189662321246586774e-01,-1.402309418592008194e-01,-9.622606094320712566e-02,-1.589662745973048352e-01,-4.651511579521218076e-01,2.521339427915780251e-01,-1.437421780881045219e-01,5.642450100124342394e-02,1.375335833379378592e-01,0.000000000000000000e+00,0.000000000000000000e+00,-7.366765260697547002e-02,3.206095979310541466e-01,-5.373445673852730309e-01,1.225444790236177806e+00,0.000000000000000000e+00,0.000000000000000000e+00,0.000000000000000000e+00,-8.527950573080789187e-02,-3.135563771928568944e-01,5.621488137164053489e-01,1.096066651348755139e+00,0.000000000000000000e+00,0.000000000000000000e+00,0.000000000000000000e+00
-3.316089448800180889e-02,-4.511706081823702030e-02,8.908836978654736116e-01,-2.078987879105675951e-02,3.589706792114893659e-04,4.224009421072748571e-01,9.061705668287795001e-01,-2.783314827334993913e-01,1.358238035001320398e-02,-2.136217974895948113e-01,2.450335458771514818e-01,-1.178706866036942774e-01,-1.392833026689285769e-01,-9.057713734075865941e-02,-1.570803821671925837e-01,-4.741134691417037694e-01,2.480899453945294153e-01,-1.429800615686527554e-01,5.447568144484515873e-02,1.408524671087768854e-01,0.000000000000000000e+00,0.000000000000000000e+00,-6.647921182985612465e-02,3.224736641527781722e-01,-5.249682653959093503e-01,1.235854577783735309e+00,0.000000000000000000e+00,0.000000000000000000e+00,0.000000000000000000e+00,-9.010570695196974678e-02,-3.133646765304864412e-01,5.579798359409986475e-01,1.095225405900680737e+00,0.000000000000000000e+00,0.000000000000000000e+00,0.000000000000000000e+00
-3.256951414298582537e-02,-4.513246618687128536e-02,8.908415357035354143e-01,-2.144633430037854935e-02,-1.005846684078655177e-03,4.288256102251542523e-01,9.031321271179257870e-01,-2.775729755398543830e-01,1.234308082150676125e-02,-2.228318636994595925e-01,2.452544818871418841e-01,-1.187565722005477636e-01,-1.387629166721866536e-01,-8.246301110579437599e-02,-1.560770571041713017e-01,-4.876072875095372461e-01,2.454919963010536443e-01,-1.442810342872568041e-01,5.230664640900651446e-02,1.464650078792447130e-01,0.000000000000000000e+00,0.000000000000000000e+00,-6.047642274186315614e-02,3.299189018157466236e-01,-5.136501725940259000e-01,1.241320564329559506e+00,0.000000000000000000e+00,0.000000000000000000e+00,0.000000000000000000e+00,-9.355483529756279670e-02,-3.145066965909196766e-01,5.546618079782623667e-01,1.093433339841253016e+00,0.000000000000000000e+00,0.000000000000000000e+00,0.000000000000000000e+00
-3.196971749514673777e-02,-4.496537836472200289e-02,8.907846306653336432e-01,-2.246223345804109275e-02,-2.255131496941641979e-03,4.346546985578489952e-01,9.003141981950488759e-01,-2.771411807275563910e-01,1.093120900013060462e-02,-2.345725563765214960e-01,2.459001721600615475e-01,-1.204499623616015203e-01,-1.356435728896455417e-01,-7.589039658302720870e-02,-1.539081322934605089e-01,-4.974722466393839415e-01,2.431179221382658018e-01,-1.424574329760977809e-01,5.043568255293047475e-02,1.504469390175882659e-01,0.000000000000000000e+00,0.000000000000000000e+00,-5.431337204124226520e-02,3.336119682384314777e-01,-5.037045049080984827e-01,1.249317573578095253e+00,0.000000000000000000e+00,0.000000000000000000e+00,0.000000000000000000e+00,-9.712632628940587320e-02,-3.149705880181561390e-01,5.520489562472740142e-01,1.092439088291964122e+00,0.000000000000000000e+00,0.000000000000000000e+00,0.000000000000000000e+00
-3.124448569858875521e-02,-4.468062308170544367e-02,8.908238102511349954e-01,-2.310503940710181489e-02,-2.914260567316879786e-03,4.394863250238004726e-01,8.979473449798806017e-01,-2.754769645228895558e-01,9.650078466149389356e-03,-2.440123669454872801e-01,2.432888168855240063e-01,-1.201579687378758893e-01,-1.350800000807773626e-01,-7.075377090573360672e-02,-1.530607518321790983e-01,-5.069841438939149958e-01,2.424263111086167877e-01,-1.444227473942379936e-01,4.887455018718301486e-02,1.550577474750556850e-01,0.000000000000000000e+00,0.000000000000000000e+00,-4.904315946362124840e-02,3.374331006354089335e-01,-4.880985996090731471e-01,1.256582778405609835e+00,0.000000000000000000e+00,0.000000000000000000e+00,0.000000000000000000e+00,-1.004347860679674076e-01,-3.167341082408345332e-01,5.481357012637170234e-01,1.086909165099164465e+00,0.000000000000000000e+00,0.000000000000000000e+00,0.000000000000000000e+00
-3.040035892665829062e-02,-4.415563723956456715e-02,8.911139117801970544e-01,-2.425630826716693167e-02,-3.444705278682857769e-03,4.439472496229882603e-01,8.957179271773987317e-01,-2.688983263079177677e-01,1.196776139095746469e-02,-2.498123363608072689e-01,2.296069175896241488e-01,-1.181745840822317067e-01,-1.351530329918100848e-01,-6.027157192790792012e-02,-1.468040752382204495e-01,-5.133735562699555111e-01,2.262497755292821600e-01,-1.391107307917752167e-01,5.076966770496646464e-02,1.570973144307422353e-01,0.000000000000000000e+00,0.000000000000000000e+00,-4.224465556928425070e-02,3.417818742868272142e-01,-4.713581918435993945e-01,1.264594907347396102e+00,0.000000000000000000e+00,0.000000000000000000e+00,0.000000000000000000e+00,-1.033555176841049611e-01,-3.197507591695200602e-01,5.476253179790073755e-01,1.079756189032019975e+00,0.000000000000000000e+00,0.000000000000000000e+00,0.000000000000000000e+00
-2.965823654155701899e-02,-4.365636812915832388e-02,8.912491686851722328e-01,-2.543092545319308381e-02,-3.060004295647761764e-03,4.500472643274120443e-01,8.926373083597378688e-01,-2.680745178622588876e-01,1.078812619983434383e-02,-2.595118843530279662e-01,2.221908691018722737e-01,-1.142865616594448269e-01,-1.379064932700923563e-01,-5.389394961460164390e-02,-1.451203366219618041e-01,-5.258694419276164211e-01,2.182506183103522512e-01,-1.348619086331224737e-01,5.197991926169821808e-02,1.600933768927886858e-01,0.000000000000000000e+00,0.000000000000000000e+00,-3.939571207409327952e-02,3.456056958594047046e-01,-4.574988150430924216e-01,1.269750310018373352e+00,0.000000000000000000e+00,0.000000000000000000e+00,0.000000000000000000e+00,-1.071347018347704877e-01,-3.204964395365705876e-01,5.436685434429451291e-01,1.073114359883459823e+00,0.000000000000000000e+00,0.000000000000000000e+00,0.000000000000000000e+00
-2.890726917690428222e-02,-4.311797505931551366e-02,8.914913500098692323e-01,-2.618361900030110809e-02,-3.683905881155824426e-03,4.523839589621437840e-01,8.914312091279080752e-01,-2.627608153320967754e-01,1.303479038428100728e-02,-2.631448244334160802e-01,2.131928390332882839e-01,-1.129660054646266232e-01,-1.369907092768242463e-01,-4.589713802446655777e-02,-1.392084787580827043e-01,-5.279927873389616000e-01,2.058153401640698266e-01,-1.319234410738289731e-01,4.956287068849744848e-02,1.615629930781938284e-01,0.000000000000000000e+00,0.000000000000000000e+00,-3.191519255642835673e-02,3.486818335557279602e-01,-4.459470906047389716e-01,1.271359856265547261e+00,0.000000000000000000e+00,0.000000000000000000e+00,0.000000000000000000e+00,-1.078704138605678375e-01,-3.215592607824384053e-01,5.462903920288069148e-01,1.063777370532445588e+00,0.000000000000000000e+00,0.000000000000000000e+00,0.000000000000000000e+00
-2.830294360653334146e-02,-4.269191327340157716e-02,8.916124441661156252e-01,-2.687276720237658303e-02,-4.100914869383652517e-03,4.577611465182798156e-01,8.886595352655546343e-01,-2.609879276549370575e-01,1.099418625572599895e-02,-2.746241024637419703e-01,2.085805642529349191e-01,-1.110381280844207341e-01,-1.374704780759130884e-01,-3.871650039665390508e-02,-1.373350509984411494e-01,-5.385126363152109574e-01,1.987056033748361428e-01,-1.270118288315428834e-01,4.914368272842204594e-02,1.642583865349722672e-01,0.000000000000000000e+00,0.000000000000000000e+00,-3.184279958589210369e-02,3.506148106479453630e-01,-4.340715670789489500e-01,1.271274169368779239e+00,0.000000000000000000e+00,0.000000000000000000e+00,0.000000000000000000e+00,-1.100615961884836430e-01,-3.222636880617875121e-01,5.431009483224822354e-01,1.062287507684932741e+00,0.000000000000000000e+00,0.000000000000000000e+00,0.000000000000000000e+00
-2.769836273421106762e-02,-4.229096437332505176e-02,8.915562054243840739e-01,-2.713901381686999875e-02,-4.826408922894989510e-03,4.610390740233599738e-01,8.869516063064772915e-01,-2.607927010464440865e-01,1.051046532165328395e-02,-2.780958626982170112e-01,2.103475590518296412e-01,-1.115775581474964251e-01,-1.387235764753344813e-01,-3.431925984230936588e-02,-1.357974729193059671e-01,-5.421659114529169265e-01,1.968518983391895349e-01,-1.271028141486568730e-01,4.769199393375160578e-02,1.649616964222600235e-01,0.000000000000000000e+00,0.000000000000000000e+00,-3.124509282508952657e-02,3.525381906831311918e-01,-4.264443482597177759e-01,1.271342283952942243e+00,0.000000000000000000e+00,0.000000000000000000e+00,0.000000000000000000e+00,-1.115135351993081780e-01,-3.228807772792905428e-01,5.426931127539222910e-01,1.059063889092189292e+00,0.000000000000000000e+00,0.000000000000000000e+00,0.000000000000000000e+00
-2.710473954792916654e-02,-4.181644819986168188e-02,8.915674736893337560e-01,-2.805984525601386628e-02,-4.829485356004324659e-03,4.627223491044297754e-01,8.860459067083845675e-01,-2.633920186768629046e-01,1.062806977326430195e-02,-2.823550444140213167e-01,2.143648503617364420e-01,-1.111579388765183557e-01,-1.403765438881587335e-01,-3.111906624968775389e-02,-1.337150619226041837e-01,-5.490767414609322161e-01,1.928542379280663854e-01,-1.258932276271925443e-01,4.740750170948470482e-02,1.690084203150821196e-01,0.000000000000000000e+00,0.000000000000000000e+00,-3.077144122433530388e-02,3.531308931589647315e-01,-4.204088526655194724e-01,1.268016315277393113e+00,0.000000000000000000e+00,0.000000000000000000e+00,0.000000000000000000e+00,-1.113028189132080903e-01,-3.215515434722047150e-01,5.409354051531928276e-01,1.053532794720779098e+00,0.000000000000000000e+00,0.000000000000000000e+00,0.000000000000000000e+00
-2.657350527234906418e-02,-4.123258855232020403e-02,8.915709441645142119e-01,-2.920202045453823558e-02,-4.467104556868629721e-03,4.670793847706533608e-01,8.837217521938222076e-01,-2.647529403602519871e-01,9.644341536108103075e-03,-2.887754092823742180e-01,2.130117498116265440e-01,-1.118378901683027976e-01,-1.383766143930754700e-01,-2.875017765889687285e-02,-1.305395584134871056e-01,-5.497987822337769837e-01,1.882382427305491213e-01,-1.225651305819027981e-01,4.734010850717187968e-02,1.697504890172178149e-01,0.000000000000000000e+00,0.000000000000000000e+00,-3.371468298120397500e-02,3.544028086754117957e-01,-4.140097577421967268e-01,1.268034400531178996e+00,0.000000000000000000e+00,0.000000000000000000e+00,0.000000000000000000e+00,-1.098844261899876579e-01,-3.233410536047069406e-01,5.444646058059233740e-01,1.049585551940099615e+00,0.000000000000000000e+00,0.000000000000000000e+00,0.000000000000000000e+00
-2.607070140234954772e-02,-4.071527093127059321e-02,8.916348657622177321e-01,-2.910286721964527173e-02,-4.729879917592856933e-03,4.690398623751993457e-01,8.826846882429848495e-01,-2.626075756164338304e-01,9.497539654587050517e-03,-2.898351619962262760e-01,2.104397082404338426e-01,-1.112914042231228778e-01,-1.406341042879189207e-01,-2.609216142829168250e-02,-1.299028699867121328e-01,-5.497934530834140965e-01,1.869377709827872991e-01,-1.215501844476564730e-01,4.616625822664833373e-02,1.692024979172382648e-01,0.000000000000000000e+00,0.000000000000000000e+00,-3.131241260083435923e-02,3.555514213164925885e-01,-4.058759804240633651e-01,1.264947044936439280e+00,0.000000000000000000e+00,0.000000000000000000e+00,0.000000000000000000e+00,-1.105879005056053244e-01,-3.230949682382657784e-01,5.434103794256442965e-01,1.045456877679199037e+00,0.000000000000000000e+00,0.000000000000000000e+00,0.000000000000000000e+00
-2.559174789304262398e-02,-4.002807509171018435e-02,8.916552208562533721e-01,-2.933126950784463102e-02,-5.124813742142137439e-03,4.707617020611144509e-01,8.817578084631227942e-01,-2.615499761497748210e-01,1.037137067756866045e-02,-2.888675160525141505e-01,2.101022113704694994e-01,-1.111647418122821002e-01,-1.434312815100141913e-01,-2.210053140846107711e-02,-1.282400500416534250e-01,-5.512774393137953588e-01,1.831379787826932226e-01,-1.200200902419894106e-01,4.746220438085620164e-02,1.691116934798407856e-01,0.000000000000000000e+00,0.000000000000000000e+00,-3.088156745351405830e-02,3.566676848785483300e-01,-4.011792854575317313e-01,1.267119625455225940e+00,0.000000000000000000e+00,0.000000000000000000e+00,0.000000000000000000e+00,-1.110348106037946786e-01,-3.229178333683045965e-01,5.447680147230701264e-01,1.043807772504571352e+00,0.000000000000000000e+00,0.000000000000000000e+00,0.000000000000000000e+00
-2.510350901748787875e-02,-3.934837486430711045e-02,8.917669616099893615e-01,-2.932675144009883397e-02,-5.293659777592223288e-03,4.726686326238292990e-01,8.807362162132595929e-01,-2.597040166475075296e-01,9.167024870785311225e-03,-2.924410354179833305e-01,2.083132814632251972e-01,-1.106778482889648058e-01,-1.406912514506627188e-01,-1.991504011916605740e-02,-1.278780948057735012e-01,-5.520847044318949459e-01,1.828909304889264897e-01,-1.201144435116243414e-01,4.477898119989612985e-02,1.685175219398218904e-01,0.000000000000000000e+00,0.000000000000000000e+00,-2.963577026926512287e-02,3.577364107966663487e-01,-3.960136608889445187e-01,1.264457508900634020e+00,0.000000000000000000e+00,0.000000000000000000e+00,0.000000000000000000e+00,-1.110326927533184793e-01,-3.212662964595144888e-01,5.412345327851062482e-01,1.046084593747847125e+00,0.000000000000000000e+00,0.000000000000000000e+00,0.000000000000000000e+00
-2.463686464238495910e-02,-3.850294501080868403e-02,8.917974624848191700e-01,-2.958422994728722791e-02,-4.648512797738564052e-03,4.746191184884394620e-01,8.796816793775191767e-01,-2.589157293058289566e-01,8.062140622097660470e-03,-2.944875928687273325e-01,2.051951388305125468e-01,-1.114666006567965051e-01,-1.386331795748242668e-01,-1.745240136628353061e-02,-1.267130391053721827e-01,-5.517233325293539048e-01,1.777771825436955666e-01,-1.196502485434816632e-01,4.664526976891800875e-02,1.688103428730413080e-01,0.000000000000000000e+00,0.000000000000000000e+00,-2.936813450065820646e-02,3.580525447393460015e-01,-3.916872107467097575e-01,1.264681832856861421e+00,0.000000000000000000e+00,0.000000000000000000e+00,0.000000000000000000e+00,-1.096674197108665622e-01,-3.224055308615199622e-01,5.461111190124577908e-01,1.044171195551958586e+00,0.000000000000000000e+00,0.000000000000000000e+00,0.000000000000000000e+00
-2.425281598695562882e-02,-3.761736969734560954e-02,8.918479201196439776e-01,-2.951592878109124754e-02,-4.901863719771762384e-03,4.771610344427973383e-01,8.783063980694565398e-01,-2.570698467280801980e-01,7.084630609684840555e-03,-2.959035089060106927e-01,2.031924326594624353e-01,-1.109479244277558341e-01,-1.395780911073083164e-01,-1.433380112064897363e-02,-1.264804457360601542e-01,-5.525323725463764379e-01,1.766518463520772575e-01,-1.178267610778591518e-01,4.498562890940698000e-02,1.671091940082189142e-01,0.000000000000000000e+00,0.000000000000000000e+00,-2.736538463966681212e-02,3.597617738312953173e-01,-3.867432555539315753e-01,1.261216137738876863e+00,0.000000000000000000e+00,0.000000000000000000e+00,0.000000000000000000e+00,-1.096138373796769622e-01,-3.226779378416158583e-01,5.462926672129601036e-01,1.045069634503320133e+00,0.000000000000000000e+00,0.000000000000000000e+00,0.000000000000000000e+00
-2.399554328335844894e-02,-3.669520080592716255e-02,8.918721621308580705e-01,-2.937538170308563734e-02,-5.144263165885830727e-03,4.785096478219107441e-01,8.775757177860095126e-01,-2.554308487641661074e-01,6.420219502706231256e-03,-2.954379563751733939e-01,2.025169637798138744e-01,-1.112509726526354353e-01,-1.383856507016484882e-01,-1.343951795652255018e-02,-1.268726314407583600e-01,-5.500292747622306244e-01,1.787375901063543160e-01,-1.174875909260451323e-01,4.273424648641867968e-02,1.656027738587385889e-01,0.000000000000000000e+00,0.000000000000000000e+00,-2.366969555137254586e-02,3.597116230152516136e-01,-3.823397199424805049e-01,1.258932471051085633e+00,0.000000000000000000e+00,0.000000000000000000e+00,0.000000000000000000e+00,-1.084406433493396577e-01,-3.232750360876498474e-01,5.485309273805289987e-01,1.040089968018761635e+00,0.000000000000000000e+00,0.000000000000000000e+00,0.000000000000000000e+00
-2.371964522005658507e-02,-3.558711623951191227e-02,8.920315308716630920e-01,-2.932909049615748873e-02,-4.180916727780566514e-03,4.800941455443494821e-01,8.767165652592776581e-01,-2.522010220281176163e-01,5.150684115537843173e-03,-2.953580680488917531e-01,1.941508567979053634e-01,-1.097568088972466216e-01,-1.331518231606560743e-01,-1.225098738605204240e-02,-1.274120291728515209e-01,-5.480522549967083989e-01,1.753709847071235894e-01,-1.157581394662890173e-01,4.646129958237933677e-02,1.633134750167672955e-01,0.000000000000000000e+00,0.000000000000000000e+00,-2.237787751552132789e-02,3.588667237429965517e-01,-3.771750752457067035e-01,1.258068037963243624e+00,0.000000000000000000e+00,0.000000000000000000e+00,0.000000000000000000e+00,-1.101798750257196591e-01,-3.220443217634366140e-01,5.441266991865967295e-01,1.044964784051498619e+00,0.000000000000000000e+00,0.000000000000000000e+00,0.000000000000000000e+00
-2.365167112643154490e-02,-3.445849971641832404e-02,8.919157974372183828e-01,-2.924875236677894341e-02,-4.838968901135660798e-03,4.825791816111008048e-01,8.753504602960585634e-01,-2.526109960812731314e-01,3.292890201137556403e-03,-2.964733549873644347e-01,1.986830034882856311e-01,-1.117876132958509489e-01,-1.353616623111885964e-01,-1.068398162101891549e-02,-1.274038358953064609e-01,-5.437140693734781038e-01,1.776489718960228281e-01,-1.130575100907122571e-01,4.313516879452571756e-02,1.600798450436127229e-01,0.000000000000000000e+00,0.000000000000000000e+00,-2.081857452064777431e-02,3.587031208800746662e-01,-3.763463895049655172e-01,1.258328986729999155e+00,0.000000000000000000e+00,0.000000000000000000e+00,0.000000000000000000e+00,-1.106666585656905510e-01,-3.213340086539670515e-01,5.440266693703734724e-01,1.049396465309272219e+00,0.000000000000000000e+00,0.000000000000000000e+00,0.000000000000000000e+00
-2.348619937687642517e-02,-3.327952559383935000e-02,8.920683490837549856e-01,-2.930999120954153048e-02,-3.792734126809019744e-03,4.829873673248820110e-01,8.751284149127600553e-01,-2.516177585438969522e-01,1.759881517434672398e-03,-2.960673715185786481e-01,1.951183525607035896e-01,-1.105108758399650087e-01,-1.296454009450327127e-01,-1.262461680541939434e-02,-1.291674785983075724e-01,-5.407774433082914722e-01,1.797650560705727485e-01,-1.128577638998256444e-01,4.440347340102012569e-02,1.584103587154105652e-01,0.000000000000000000e+00,0.000000000000000000e+00,-1.996358348260135473e-02,3.560491829542553055e-01,-3.712379413918477367e-01,1.260848985198359085e+00,0.000000000000000000e+00,0.000000000000000000e+00,0.000000000000000000e+00,-1.126150109432798030e-01,-3.204120221056297457e-01,5.461626731648867583e-01,1.053657746079130986e+00,0.000000000000000000e+00,0.000000000000000000e+00,0.000000000000000000e+00
-2.340997550540535946e-02,-3.219246647848958420e-02,8.920258084143252164e-01,-2.907136721527430259e-02,-3.521843054132555838e-03,4.847056003685732972e-01,8.741870127158591908e-01,-2.513475712724073108e-01,-4.549250426963726002e-04,-2.958170999585476024e-01,1.952712238532984812e-01,-1.106298326231094364e-01,-1.274162021784460419e-01,-1.382620025387950105e-02,-1.314399082218734582e-01,-5.379940476288864737e-01,1.851179053795423968e-01,-1.140571602274530472e-01,4.238102264798267876e-02,1.567027148717765050e-01,0.000000000000000000e+00,0.000000000000000000e+00,-1.989921785292733322e-02,3.555237158663084873e-01,-3.689176239703900184e-01,1.260567383196298685e+00,0.000000000000000000e+00,0.000000000000000000e+00,0.000000000000000000e+00,-1.128266696684944448e-01,-3.200610928040679148e-01,5.450153028529235444e-01,1.058066461276039538e+00,0.000000000000000000e+00,0.000000000000000000e+00,0.000000000000000000e+00
-2.336186433750613023e-02,-3.110860634699685184e-02,8.920007872832478313e-01,-2.902806902199715419e-02,-3.078181219998521716e-03,4.855230329569942271e-01,8.737363907251844974e-01,-2.503508114045895905e-01,-1.919689425661985291e-03,-2.962627109332801600e-01,1.934009273232393245e-01,-1.105422295428551416e-01,-1.267577774174435401e-01,-1.609996164537940561e-02,-1.331560642193969635e-01,-5.332897086494943206e-01,1.903749245976785187e-01,-1.156954193470407094e-01,4.135686272188014712e-02,1.535931210159032223e-01,0.000000000000000000e+00,0.000000000000000000e+00,-1.832869103712763195e-02,3.538180014025579800e-01,-3.681658160223466592e-01,1.258412133572809344e+00,0.000000000000000000e+00,0.000000000000000000e+00,0.000000000000000000e+00,-1.142997001713927235e-01,-3.196030087040467871e-01,5.494363596242081149e-01,1.061914184560569963e+00,0.000000000000000000e+00,0.000000000000000000e+00,0.000000000000000000e+00
-2.326719877672138448e-02,-3.005477206205848378e-02,8.919714849567438320e-01,-2.863953695163213437e-02,-2.619745303792801825e-03,4.875061717860114108e-01,8.726457736838509893e-01,-2.489034326879787096e-01,-3.683875092277082326e-03,-2.944098745139956952e-01,1.906149522724794043e-01,-1.099304534435104203e-01,-1.274098466772733973e-01,-1.800640205979663067e-02,-1.357786842039401531e-01,-5.285298676440003396e-01,1.964673128180635386e-01,-1.165274368881122208e-01,4.097128888225263360e-02,1.501886541053901181e-01,0.000000000000000000e+00,0.000000000000000000e+00,-1.877355983834269604e-02,3.523313234202106736e-01,-3.676487558662243638e-01,1.257121395480774284e+00,0.000000000000000000e+00,0.000000000000000000e+00,0.000000000000000000e+00,-1.133642096569884850e-01,-3.188031200814418487e-01,5.484117946057847082e-01,1.063723806491327029e+00,0.000000000000000000e+00,0.000000000000000000e+00,0.000000000000000000e+00
-2.317406862507786353e-02,-2.913485479368356848e-02,8.920825484849034259e-01,-2.786782546595390972e-02,-2.095613715077389739e-03,4.880214180928974521e-01,8.723841402670919898e-01,-2.446242550720564013e-01,-5.913926447228901387e-03,-2.950466377873112167e-01,1.833501908823605420e-01,-1.068856710135335925e-01,-1.237944503168203203e-01,-2.026682308141115191e-02,-1.398211309914744460e-01,-5.254612303755548108e-01,2.031340265139011669e-01,-1.175526550673254844e-01,4.316380038784616013e-02,1.496735720588443508e-01,0.000000000000000000e+00,0.000000000000000000e+00,-1.895116211401747658e-02,3.496747718007734429e-01,-3.673857423610874529e-01,1.253629727102817393e+00,0.000000000000000000e+00,0.000000000000000000e+00,0.000000000000000000e+00,-1.128000594374084509e-01,-3.186105770788698610e-01,5.497081689226074319e-01,1.067392655629741061e+00,0.000000000000000000e+00,0.000000000000000000e+00,0.000000000000000000e+00
-2.309930029457725117e-02,-2.826901014093688783e-02,8.920354371270537985e-01,-2.731096743584454992e-02,-1.903577145567420361e-03,4.892941774348633643e-01,8.716889900532809321e-01,-2.422247094017498104e-01,-7.115901803451475487e-03,-2.925692126329259013e-01,1.797413071526110795e-01,-1.059197097848253999e-01,-1.245663573092627985e-01,-2.083744019665032324e-02,-1.414823289859635236e-01,-5.202974343164648019e-01,2.066325998994649471e-01,-1.192250329235235023e-01,4.178112336482307787e-02,1.463863217224284641e-01,0.000000000000000000e+00,0.000000000000000000e+00,-1.890425068733187636e-02,3.490196595681354097e-01,-3.699629141634270812e-01,1.250008379402699488e+00,0.000000000000000000e+00,0.000000000000000000e+00,0.000000000000000000e+00,-1.128065133842078432e-01,-3.187143724066675010e-01,5.521107610641725616e-01,1.068960823295398432e+00,0.000000000000000000e+00,0.000000000000000000e+00,0.000000000000000000e+00
-2.295215344581825676e-02,-2.753986103721562870e-02,8.919543345043841054e-01,-2.697925036225582232e-02,-1.994092446713488075e-03,4.908637150312595288e-01,8.708162589840146017e-01,-2.414096598796154070e-01,-8.531904602019246830e-03,-2.926881678134821141e-01,1.795893916511500654e-01,-1.046945254172111373e-01,-1.265452565079958624e-01,-2.017715352341041199e-02,-1.432665980970908581e-01,-5.209904833149558989e-01,2.100062480595260295e-01,-1.204026182691248087e-01,4.094562712161759627e-02,1.461592458796487359e-01,0.000000000000000000e+00,0.000000000000000000e+00,-2.292592465398137630e-02,3.483041704083270629e-01,-3.744363537421896426e-01,1.250527309656297881e+00,0.000000000000000000e+00,0.000000000000000000e+00,0.000000000000000000e+00,-1.122532084344416009e-01,-3.180669054810493224e-01,5.528530185295432720e-01,1.074359897779864736e+00,0.000000000000000000e+00,0.000000000000000000e+00,0.000000000000000000e+00
-2.286157351291177864e-02,-2.678929401385599790e-02,8.920461461378007550e-01,-2.663836115540880317e-02,-1.833147227537046094e-03,4.910908733209619070e-01,8.706990245929130401e-01,-2.395754080935508790e-01,-1.006856249975873752e-02,-2.935371566175328240e-01,1.779549639684895879e-01,-1.049948000998816022e-01,-1.222209131927977921e-01,-2.071997153850246159e-02,-1.439014637023844356e-01,-5.160223364452648509e-01,2.116134958307314962e-01,-1.201533084395860762e-01,3.958324175040912885e-02,1.439138365537455111e-01,0.000000000000000000e+00,0.000000000000000000e+00,-2.228096802021910239e-02,3.480539638986476225e-01,-3.717053766458630615e-01,1.247867671501283526e+00,0.000000000000000000e+00,0.000000000000000000e+00,0.000000000000000000e+00,-1.122842749174276927e-01,-3.167754963686830738e-01,5.518811410698278852e-01,1.077291562816723225e+00,0.000000000000000000e+00,0.000000000000000000e+00,0.000000000000000000e+00
-2.270533011369699553e-02,-2.618155485511180700e-02,8.920062739368437299e-01,-2.577304122488118659e-02,-1.598644974099312690e-03,4.909179700235035693e-01,8.708230252974876739e-01,-2.380695707565829988e-01,-1.251803789566980490e-02,-2.938591025555351566e-01,1.780904800500601182e-01,-1.062225595466135541e-01,-1.194966805860626091e-01,-2.299769579493054356e-02,-1.466485861671037449e-01,-5.107554029814446173e-01,2.182387907018943085e-01,-1.250777838833061484e-01,3.759881338648209809e-02,1.429480343010880172e-01,0.000000000000000000e+00,0.000000000000000000e+00,-2.182677003015989423e-02,3.459214003498303214e-01,-3.732920448030974669e-01,1.247940466172448470e+00,0.000000000000000000e+00,0.000000000000000000e+00,0.000000000000000000e+00,-1.128272125238166251e-01,-3.166610695933398389e-01,5.562738714287931430e-01,1.079707417605988873e+00,0.000000000000000000e+00,0.000000000000000000e+00,0.000000000000000000e+00
-2.261246615586785455e-02,-2.555425110165562841e-02,8.918710806212968301e-01,-2.573920115911773610e-02,-1.543952510228780144e-03,4.918295910791293246e-01,8.703095788702270852e-01,-2.391227911307952647e-01,-1.348830340730563897e-02,-2.931145932963264422e-01,1.808592911519863455e-01,-1.074293160813061115e-01,-1.201939579366186756e-01,-2.439558676771221013e-02,-1.477563632309668307e-01,-5.084283622019937221e-01,2.230229122499624295e-01,-1.263987873546698060e-01,3.732336675452944952e-02,1.407168091956432499e-01,0.000000000000000000e+00,0.000000000000000000e+00,-2.267496140728591375e-02,3.456415149541769982e-01,-3.767101447384729740e-01,1.246289952586454142e+00,0.000000000000000000e+00,0.000000000000000000e+00,0.000000000000000000e+00,-1.129249908930005097e-01,-3.172300837948750507e-01,5.579505277665138818e-01,1.081671854629952412e+00,0.000000000000000000e+00,0.000000000000000000e+00,0.000000000000000000e+00
-2.244488396203421846e-02,-2.496025694278415988e-02,8.918251315144977154e-01,-2.509765576463544173e-02,-2.067096102822617645e-03,4.935186979967604026e-01,8.693705363746824233e-01,-2.368221391386947927e-01,-1.469180456370216756e-02,-2.926656465776718008e-01,1.802959113270632963e-01,-1.080177850353121888e-01,-1.217185194747915505e-01,-2.264334363816639800e-02,-1.479688318630668076e-01,-5.039909441220730146e-01,2.247248550255347976e-01,-1.275725331714626654e-01,3.687497137074736975e-02,1.376360429987379674e-01,0.000000000000000000e+00,0.000000000000000000e+00,-2.411374183133412064e-02,3.461758233338566026e-01,-3.779448023164705961e-01,1.244247285843233408e+00,0.000000000000000000e+00,0.000000000000000000e+00,0.000000000000000000e+00,-1.131729010372989619e-01,-3.174043374434157849e-01,5.593159923425556901e-01,1.085147037861278418e+00,0.000000000000000000e+00,0.000000000000000000e+00,0.000000000000000000e+00
-2.226874457015098549e-02,-2.424097376478286797e-02,8.918053068640799941e-01,-2.459125714652974845e-02,-1.723426801065436331e-03,4.928720277633492075e-01,8.697525303903737015e-01,-2.364928371316611377e-01,-1.577610427607860355e-02,-2.896743773358886886e-01,1.817240737770194348e-01,-1.093364204518890159e-01,-1.186664618692307577e-01,-2.495942024335679257e-02,-1.502164635404671655e-01,-4.999995874211429769e-01,2.299691555379385632e-01,-1.294185534248090963e-01,3.630000983334577547e-02,1.357296365624906243e-01,0.000000000000000000e+00,0.000000000000000000e+00,-2.256258832194153047e-02,3.438293574273513231e-01,-3.796855406597641203e-01,1.246892340930116028e+00,0.000000000000000000e+00,0.000000000000000000e+00,0.000000000000000000e+00,-1.130521652166714963e-01,-3.161180695181008415e-01,5.607646482368140450e-01,1.086034673155922503e+00,0.000000000000000000e+00,0.000000000000000000e+00,0.000000000000000000e+00
-2.208094866227338499e-02,-2.346288459241726090e-02,8.919028206859169750e-01,-2.470831520525269831e-02,-1.621030070718008139e-03,4.922653046662575083e-01,8.700929497720710781e-01,-2.334019394784654367e-01,-1.381224046208325007e-02,-2.857429237628457686e-01,1.766105014349725888e-01,-1.081766386112023443e-01,-1.209071605185931542e-01,-2.451424818135725797e-02,-1.486665142764525549e-01,-4.943220307112412004e-01,2.279120582191604960e-01,-1.281622820624113146e-01,3.713672929492582014e-02,1.352356932864697270e-01,0.000000000000000000e+00,0.000000000000000000e+00,-2.201810727066592227e-02,3.428184405776953381e-01,-3.753940710892231802e-01,1.245378481173850416e+00,0.000000000000000000e+00,0.000000000000000000e+00,0.000000000000000000e+00,-1.108130690479609687e-01,-3.181549969831247160e-01,5.668295671386213153e-01,1.081197816071883588e+00,0.000000000000000000e+00,0.000000000000000000e+00,0.000000000000000000e+00
-2.194568822275029182e-02,-2.272315373307060710e-02,8.918302387628869177e-01,-2.498607929994653767e-02,-1.122570896638678704e-03,4.942613293010237330e-01,8.689534935963970641e-01,-2.363963263230142720e-01,-1.616707341868368550e-02,-2.880183900184694612e-01,1.812449700242862172e-01,-1.103127080196083659e-01,-1.200808255588766693e-01,-2.331591762974257950e-02,-1.482486212727078256e-01,-4.937561055388446363e-01,2.255533738153979728e-01,-1.276900037008853184e-01,3.776962454717910228e-02,1.337478948101430420e-01,0.000000000000000000e+00,0.000000000000000000e+00,-2.363823679063049854e-02,3.426435775022520502e-01,-3.784857446877524789e-01,1.244140811207989472e+00,0.000000000000000000e+00,0.000000000000000000e+00,0.000000000000000000e+00,-1.094908849974366438e-01,-3.167481220963387356e-01,5.656438824417071576e-01,1.085558871096486744e+00,0.000000000000000000e+00,0.000000000000000000e+00,0.000000000000000000e+00
-2.180521507389960451e-02,-2.204745533107616007e-02,8.918497316403226627e-01,-2.511491914294588373e-02,-7.453849403772172619e-04,4.945550227362658369e-01,8.687830653989896401e-01,-2.369046356592940383e-01,-1.703058749667420851e-02,-2.883590063183554264e-01,1.819812115897140870e-01,-1.100111659575528922e-01,-1.177372298628693720e-01,-2.478718101739955243e-02,-1.493562451660937485e-01,-4.931364096963652965e-01,2.284043357221108850e-01,-1.259351996463976830e-01,3.773759952288320563e-02,1.324325298460501399e-01,0.000000000000000000e+00,0.000000000000000000e+00,-2.488960225389469025e-02,3.408332446100937330e-01,-3.790883231100430351e-01,1.246445483124555942e+00,0.000000000000000000e+00,0.000000000000000000e+00,0.000000000000000000e+00,-1.087996853911337020e-01,-3.169707033950917019e-01,5.660556256898131577e-01,1.084992932609903482e+00,0.000000000000000000e+00,0.000000000000000000e+00,0.000000000000000000e+00
-2.166375609766999638e-02,-2.137412396942317550e-02,8.918013473080971254e-01,-2.533477636665651400e-02,-5.503626175960409182e-04,4.955796825535014882e-01,8.681927346203784923e-01,-2.377223693148333428e-01,-1.697132785762861876e-02,-2.862699561557922046e-01,1.834918468612800890e-01,-1.120642128922003794e-01,-1.200662349295963105e-01,-2.458991384103138486e-02,-1.481682184483450182e-01,-4.890964321977813167e-01,2.277446228189560773e-01,-1.259000326081384236e-01,3.567515281723029202e-02,1.302381373202121662e-01,0.000000000000000000e+00,0.000000000000000000e+00,-2.400156838166082884e-02,3.413842626184420692e-01,-3.818847496629126370e-01,1.243307201007947338e+00,0.000000000000000000e+00,0.000000000000000000e+00,0.000000000000000000e+00,-1.079517746690488028e-01,-3.182406697438542875e-01,5.692491458447196395e-01,1.084806638960216896e+00,0.000000000000000000e+00,0.000000000000000000e+00,0.000000000000000000e+00
-2.141621316533567562e-02,-2.082572201537752701e-02,8.919094132107504569e-01,-2.548510768284822231e-02,-1.607632574771301849e-04,4.964153941112335322e-01,8.677109195642045414e-01,-2.371880306324410381e-01,-1.764733198849524273e-02,-2.877054216841296030e-01,1.819197647795804951e-01,-1.121980903703567456e-01,-1.184433820104978385e-01,-2.374030558690362613e-02,-1.470369222937321640e-01,-4.866252559470446437e-01,2.253485325258001160e-01,-1.256527800336969258e-01,3.591554899514484006e-02,1.295586949267398813e-01,0.000000000000000000e+00,0.000000000000000000e+00,-2.508210312766767300e-02,3.423004718693006265e-01,-3.824009955776380143e-01,1.242511306465534204e+00,0.000000000000000000e+00,0.000000000000000000e+00,0.000000000000000000e+00,-1.076412879294049302e-01,-3.176719664601531101e-01,5.702282000253552363e-01,1.086981185856436882e+00,0.000000000000000000e+00,0.000000000000000000e+00,0.000000000000000000e+00
-2.118205028981732380e-02,-2.041006233404578374e-02,8.919818829430374851e-01,-2.494661377470945920e-02,-1.129560706927957518e-03,4.954489321932180057e-01,8.682780350454484264e-01,-2.318504388283827433e-01,-1.498897928254089296e-02,-2.822530289550768123e-01,1.770422928350315617e-01,-1.103375946411805780e-01,-1.212053285386445051e-01,-2.133019078702020829e-02,-1.455175803768439524e-01,-4.812580656941402579e-01,2.241715234724994121e-01,-1.252537412578061948e-01,3.554487473142289161e-02,1.281750828804273101e-01,0.000000000000000000e+00,0.000000000000000000e+00,-2.329749086240056472e-02,3.437333414853008806e-01,-3.804250757710779807e-01,1.242561446468813946e+00,0.000000000000000000e+00,0.000000000000000000e+00,0.000000000000000000e+00,-1.083305446336056133e-01,-3.173070950885873986e-01,5.738312837795382926e-01,1.088188539358465601e+00,0.000000000000000000e+00,0.000000000000000000e+00,0.000000000000000000e+00
-2.096589335452595307e-02,-2.002164544016766037e-02,8.919877689459331238e-01,-2.540466639615381744e-02,9.963630458759565722e-05,4.975842004123293139e-01,8.670435724333179772e-01,-2.342778440085544756e-01,-1.712335153938275567e-02,-2.860453789824530246e-01,1.763440668239618925e-01,-1.098373185495318954e-01,-1.208118155140260469e-01,-2.196520646304732718e-02,-1.453590283942731154e-01,-4.819546180904312749e-01,2.225412132582706426e-01,-1.267419323020481658e-01,3.434640492898757835e-02,1.261499946761364122e-01,0.000000000000000000e+00,0.000000000000000000e+00,-2.510193461960025935e-02,3.442088312651365722e-01,-3.852687031348155933e-01,1.241443004707558417e+00,0.000000000000000000e+00,0.000000000000000000e+00,0.000000000000000000e+00,-1.071551983354031706e-01,-3.175086974551791230e-01,5.748051812492182000e-01,1.086728915300240184e+00,0.000000000000000000e+00,0.000000000000000000e+00,0.000000000000000000e+00
-2.088104826792339455e-02,-1.983878395034971084e-02,8.919352859276697965e-01,-2.535137097371194248e-02,-2.751777332307268247e-04,4.979901642329964129e-01,8.668119914919047986e-01,-2.335852275390035149e-01,-1.640640198647499645e-02,-2.838768242828609845e-01,1.764694681402207144e-01,-1.094898086246864632e-01,-1.206732092783339011e-01,-2.275513372791359429e-02,-1.448230137272419338e-01,-4.776721694991258316e-01,2.251658124988686616e-01,-1.261885168867928064e-01,3.386200003215998622e-02,1.241953193713535020e-01,0.000000000000000000e+00,0.000000000000000000e+00,-2.460746233723106607e-02,3.440451450043320869e-01,-3.874019514216748838e-01,1.240583885197274139e+00,0.000000000000000000e+00,0.000000000000000000e+00,0.000000000000000000e+00,-1.065583588229773171e-01,-3.179959330034348164e-01,5.774621639659391903e-01,1.085989973225885086e+00,0.000000000000000000e+00,0.000000000000000000e+00,0.000000000000000000e+00
-2.069183885024619002e-02,-1.972129381136009801e-02,8.919122766044688122e-01,-2.511318983490510443e-02,-4.422125017359711707e-04,4.977335560882212850e-01,8.669662273054199453e-01,-2.328259467009638206e-01,-1.595532801284867130e-02,-2.823356049564068604e-01,1.766644123512934872e-01,-1.099690487883722562e-01,-1.225350255079339229e-01,-2.257649985142904520e-02,-1.447006067054641965e-01,-4.761882540073494874e-01,2.261289351631237676e-01,-1.277672849101207375e-01,3.263999648136162168e-02,1.239398875662798272e-01,0.000000000000000000e+00,0.000000000000000000e+00,-2.427014919852007319e-02,3.444493863425183711e-01,-3.864736469316221168e-01,1.240446188813032702e+00,0.000000000000000000e+00,0.000000000000000000e+00,0.000000000000000000e+00,-1.068165213612428388e-01,-3.187043986729030109e-01,5.793086768717830015e-01,1.083220034116477493e+00,0.000000000000000000e+00,0.000000000000000000e+00,0.000000000000000000e+00
-2.044413464338554198e-02,-1.961057109744922602e-02,8.920084125693316102e-01,-2.566606467230787142e-02,-7.353865995875319504e-04,4.977412263851834218e-01,8.669454330506388695e-01,-2.319860730761977574e-01,-1.301242307550021238e-02,-2.789283154135275833e-01,1.748845829369727045e-01,-1.092675451275641196e-01,-1.232501304564536104e-01,-2.126942527522134377e-02,-1.402264045594293629e-01,-4.696974968305400178e-01,2.210765800822241667e-01,-1.246247976487647041e-01,3.147629630014352892e-02,1.230445995525220604e-01,0.000000000000000000e+00,0.000000000000000000e+00,-2.493893164609016500e-02,3.482020220697653601e-01,-3.863516272451945066e-01,1.238741410621210015e+00,0.000000000000000000e+00,0.000000000000000000e+00,0.000000000000000000e+00,-1.053917671550310131e-01,-3.205304607074051515e-01,5.840229811491596257e-01,1.078589048875555401e+00,0.000000000000000000e+00,0.000000000000000000e+00,0.000000000000000000e+00
-2.026590480454576806e-02,-1.961328658787167556e-02,8.920291402858431251e-01,-2.577318730201201558e-02,-7.181985156809317372e-04,4.993235902168371432e-01,8.660318581092474322e-01,-2.321624780831879065e-01,-1.375016319984102148e-02,-2.821286930623871925e-01,1.744853603967444211e-01,-1.092226419015685929e-01,-1.248015101798458509e-01,-1.855792723194818472e-02,-1.388751592014450253e-01,-4.711340432548457580e-01,2.165592806190533570e-01,-1.237177962878595883e-01,3.202830973551502869e-02,1.211159971218714188e-01,0.000000000000000000e+00,0.000000000000000000e+00,-2.653012071671450450e-02,3.483912912719189237e-01,-3.884551815737161684e-01,1.240556103441774694e+00,0.000000000000000000e+00,0.000000000000000000e+00,0.000000000000000000e+00,-1.056630114828413791e-01,-3.198936806929280063e-01,5.839566585516784425e-01,1.079325619170780737e+00,0.000000000000000000e+00,0.000000000000000000e+00,0.000000000000000000e+00
-2.004937867170252658e-02,-1.966015063788023251e-02,8.919370286947266857e-01,-2.573386966809811452e-02,-8.954708507183750752e-04,4.988118988313096080e-01,8.663276837710799372e-01,-2.344195676599278300e-01,-1.296034712257575910e-02,-2.779487762243459392e-01,1.804651820723281452e-01,-1.121976039815746756e-01,-1.236379873281763242e-01,-1.934493534073022242e-02,-1.374031252259930169e-01,-4.657913801178460433e-01,2.171033222361049841e-01,-1.246960970256370260e-01,3.027682908508987081e-02,1.196454576267010350e-01,0.000000000000000000e+00,0.000000000000000000e+00,-2.504877766381759935e-02,3.504569221283049263e-01,-3.903424724221150610e-01,1.241183670739540057e+00,0.000000000000000000e+00,0.000000000000000000e+00,0.000000000000000000e+00,-1.055835448643580865e-01,-3.193115112336668004e-01,5.861370297344594693e-01,1.076438921411741134e+00,0.000000000000000000e+00,0.000000000000000000e+00,0.000000000000000000e+00
-1.977625207816811545e-02,-1.974748324723749754e-02,8.919378904209585013e-01,-2.599844749142119632e-02,-1.130075904279003590e-03,4.992714609268793513e-01,8.660547395866071696e-01,-2.355569723533532667e-01,-1.250642625180832176e-02,-2.791236839033351957e-01,1.836790594605538507e-01,-1.153398780398549039e-01,-1.242418600318934974e-01,-1.759647301737931463e-02,-1.351002924208535294e-01,-4.651572548077054226e-01,2.137885670585094045e-01,-1.242179831482432134e-01,2.983051002195260051e-02,1.191939073858542808e-01,0.000000000000000000e+00,0.000000000000000000e+00,-2.714552275251648494e-02,3.510650215086559278e-01,-3.913828910072822409e-01,1.244419941461754275e+00,0.000000000000000000e+00,0.000000000000000000e+00,0.000000000000000000e+00,-1.069118456861457012e-01,-3.182335643043533446e-01,5.883522554481546152e-01,1.080850459552358478e+00,0.000000000000000000e+00,0.000000000000000000e+00,0.000000000000000000e+00
-1.948628297145996863e-02,-1.993541011487053385e-02,8.918815123113654764e-01,-2.597062388869118138e-02,-1.558224259111295334e-03,4.993736658437177289e-01,8.659959818000296794e-01,-2.373928706441214564e-01,-1.262076473492345502e-02,-2.803369625531992870e-01,1.894836748349500444e-01,-1.177958256984246860e-01,-1.245486040158232388e-01,-1.665610717251292741e-02,-1.330048870641813430e-01,-4.619052999005252569e-01,2.123920900819639135e-01,-1.243206443398566646e-01,2.768784413145577994e-02,1.188225901212615898e-01,0.000000000000000000e+00,0.000000000000000000e+00,-2.835141896536809425e-02,3.533582173008938399e-01,-3.928387844206930879e-01,1.246686126891366708e+00,0.000000000000000000e+00,0.000000000000000000e+00,0.000000000000000000e+00,-1.081383177002862572e-01,-3.174086967510859614e-01,5.912960425094654360e-01,1.081781516868447257e+00,0.000000000000000000e+00,0.000000000000000000e+00,0.000000000000000000e+00
-1.926855460766154632e-02,-2.017032011666775385e-02,8.918824815019935626e-01,-2.653301309857420895e-02,-1.812620535564593138e-03,4.987096654256775174e-01,8.663610005267514680e-01,-2.398213227642650991e-01,-1.007519532747460506e-02,-2.767953718330845581e-01,1.941852025073602661e-01,-1.197182336431174277e-01,-1.263108370521017210e-01,-1.613082805978248782e-02,-1.293977946838424931e-01,-4.580164240596989456e-01,2.085122806078240909e-01,-1.219070179067159310e-01,2.688100965139179552e-02,1.170882719579289383e-01,0.000000000000000000e+00,0.000000000000000000e+00,-2.732668137617871168e-02,3.550547449095098340e-01,-3.934624440684365010e-01,1.246157239911918513e+00,0.000000000000000000e+00,0.000000000000000000e+00,0.000000000000000000e+00,-1.098787559311698026e-01,-3.153375147515818933e-01,5.920526600355786595e-01,1.080048559355551996e+00,0.000000000000000000e+00,0.000000000000000000e+00,0.000000000000000000e+00
-1.894889517329335915e-02,-2.050026830739401507e-02,8.918106228429669713e-01,-2.685310568038255796e-02,-1.820799390441207909e-03,4.994856528774836435e-01,8.659039657920798438e-01,-2.422626461430919531e-01,-9.735707012485717016e-03,-2.778656254491334021e-01,1.981988025448424562e-01,-1.222149451853169339e-01,-1.273835102137293451e-01,-1.566048223808757731e-02,-1.270236743687234438e-01,-4.562502099158771141e-01,2.063298340748327964e-01,-1.221986000006284739e-01,2.527283845381785021e-02,1.165346212548513533e-01,0.000000000000000000e+00,0.000000000000000000e+00,-2.895163954024959629e-02,3.574275977651920067e-01,-3.969775315054143716e-01,1.247364336195527557e+00,0.000000000000000000e+00,0.000000000000000000e+00,0.000000000000000000e+00,-1.102638147574466071e-01,-3.145428266308611387e-01,5.951088128854457038e-01,1.081283715542497026e+00,0.000000000000000000e+00,0.000000000000000000e+00,0.000000000000000000e+00
-1.870759224090539144e-02,-2.088907245315841515e-02,8.917613461077239512e-01,-2.711788780262942844e-02,-2.196012626220662355e-03,5.004993932576506932e-01,8.653092828800533765e-01,-2.433820863605956064e-01,-9.086926658453710337e-03,-2.790712717976038815e-01,1.999890185867102543e-01,-1.218931550687095272e-01,-1.262460914067091433e-01,-1.614959979951694630e-02,-1.253415007347326027e-01,-4.547629175037227744e-01,2.077754756272602032e-01,-1.217514600905684058e-01,2.404695713891623343e-02,1.154308951747756579e-01,0.000000000000000000e+00,0.000000000000000000e+00,-3.085692747110903994e-02,3.585997047629533863e-01,-3.976912240558204692e-01,1.248721826969900306e+00,0.000000000000000000e+00,0.000000000000000000e+00,0.000000000000000000e+00,-1.106030910949719337e-01,-3.139133216487976497e-01,5.953428355297042396e-01,1.081767680504370999e+00,0.000000000000000000e+00,0.000000000000000000e+00,0.000000000000000000e+00
-1.852703845159210660e-02,-2.131130292424924383e-02,8.916584240553766527e-01,-2.728866024638721896e-02,-2.526676820451526431e-03,5.005668658826530892e-01,8.652639815146699886e-01,-2.457173675982812222e-01,-8.186269686776074736e-03,-2.785809407970940565e-01,2.049976324674933625e-01,-1.240801642866971449e-01,-1.285102461500324533e-01,-1.620739570619628492e-02,-1.237368000335761359e-01,-4.536297800808229974e-01,2.081381306144776400e-01,-1.232904973339431776e-01,2.341784508941566201e-02,1.152579501308362564e-01,0.000000000000000000e+00,0.000000000000000000e+00,-3.089708782339314896e-02,3.619022921024575568e-01,-4.013660044522576742e-01,1.247167138151728860e+00,0.000000000000000000e+00,0.000000000000000000e+00,0.000000000000000000e+00,-1.114278327143638780e-01,-3.140097630821752084e-01,5.969792230150328116e-01,1.078677798027340540e+00,0.000000000000000000e+00,0.000000000000000000e+00,0.000000000000000000e+00
-1.827456877342733751e-02,-2.167192491304128360e-02,8.916464202704826869e-01,-2.753667459502181017e-02,-2.549823404379076338e-03,5.002013607273390061e-01,8.654674047469214093e-01,-2.480007101397498914e-01,-7.314838353166493168e-03,-2.777307627836397841e-01,2.093810762186215368e-01,-1.265336039888562969e-01,-1.269640407166425511e-01,-1.654891043580521831e-02,-1.214080878219912507e-01,-4.504403744822712552e-01,2.065712324050326676e-01,-1.249432484691055389e-01,2.151415770355161530e-02,1.158497494545845385e-01,0.000000000000000000e+00,0.000000000000000000e+00,-3.161968298636526342e-02,3.629721807620059360e-01,-4.004244958775866614e-01,1.247872756682055106e+00,0.000000000000000000e+00,0.000000000000000000e+00,0.000000000000000000e+00,-1.108305615306140607e-01,-3.131588830162553294e-01,5.979951584739897630e-01,1.077054658205762516e+00,0.000000000000000000e+00,0.000000000000000000e+00,0.000000000000000000e+00
-1.798194646172015729e-02,-2.202750661021209491e-02,8.916301600176151920e-01,-2.810007922647417972e-02,-2.825108429717125384e-03,5.000729051243967271e-01,8.655226709164071108e-01,-2.491001961851919966e-01,-4.406022656467982294e-03,-2.753557143161896037e-01,2.108373856771565136e-01,-1.269419277785827360e-01,-1.299546457830869084e-01,-1.537022046415834932e-02,-1.169006602266718237e-01,-4.452120548235719566e-01,2.014882799137256708e-01,-1.235302931101380230e-01,2.100144795389111141e-02,1.157960873391356005e-01,0.000000000000000000e+00,0.000000000000000000e+00,-3.317596934295617694e-02,3.671712066343080783e-01,-3.977869525247071936e-01,1.248217713735909840e+00,0.000000000000000000e+00,0.000000000000000000e+00,0.000000000000000000e+00,-1.113771827796114083e-01,-3.134297054005155680e-01,5.988970551419396937e-01,1.076915192368111063e+00,0.000000000000000000e+00,0.000000000000000000e+00,0.000000000000000000e+00
-1.791111959662495048e-02,-2.244805382118889719e-02,8.916061104812201821e-01,-2.863734905744447570e-02,-2.698440211996099795e-03,5.017920015349280893e-01,8.645099235144465544e-01,-2.520427068003295856e-01,-4.680831779763612935e-03,-2.780600808222697951e-01,2.135820684917908996e-01,-1.279445469713043348e-01,-1.298597766635436745e-01,-1.431794708299698182e-02,-1.152284988926770559e-01,-4.477610872677517118e-01,1.981524001602237017e-01,-1.220016320888429318e-01,2.049901131386184031e-02,1.147646335963262432e-01,0.000000000000000000e+00,0.000000000000000000e+00,-3.582576863134245143e-02,3.673336729805578571e-01,-3.999820884651406616e-01,1.249374851217426530e+00,0.000000000000000000e+00,0.000000000000000000e+00,0.000000000000000000e+00,-1.122213610092349101e-01,-3.109801952978611395e-01,5.985237924077955185e-01,1.079220703933183145e+00,0.000000000000000000e+00,0.000000000000000000e+00,0.000000000000000000e+00
-1.778197198214116065e-02,-2.285806083917361203e-02,8.916395761107041018e-01,-2.901223821901505184e-02,-3.220387732474559641e-03,5.010934199997204574e-01,8.649007478140822158e-01,-2.509174925196930306e-01,-1.165668744784332210e-03,-2.743052750107326521e-01,2.114595290934491723e-01,-1.266966852311698921e-01,-1.290934237472352863e-01,-1.359646068543928984e-02,-1.118981415951716407e-01,-4.441345630403302769e-01,1.950876658139577557e-01,-1.202044297799329947e-01,1.985565640022031106e-02,1.136273975448368057e-01,0.000000000000000000e+00,0.000000000000000000e+00,-3.636704919489787413e-02,3.701806453240928385e-01,-3.979171539480893527e-01,1.250613385805765310e+00,0.000000000000000000e+00,0.000000000000000000e+00,0.000000000000000000e+00,-1.149631914840432978e-01,-3.111318833057371003e-01,6.003495070270860046e-01,1.080591235776613424e+00,0.000000000000000000e+00,0.000000000000000000e+00,0.000000000000000000e+00
-1.771431356917881408e-02,-2.336959888119436932e-02,8.916306049025000124e-01,-2.886255038842489018e-02,-3.784886586283603589e-03,5.010205317002354164e-01,8.649456946152268566e-01,-2.499956023868827037e-01,6.043722679120767938e-04,-2.720062359352968251e-01,2.108372088018871660e-01,-1.258891841523425981e-01,-1.313393961293951584e-01,-1.318036092662942804e-02,-1.108059772989533065e-01,-4.431683255609658589e-01,1.955054817029849568e-01,-1.208617141100607612e-01,1.757218230987606447e-02,1.124729185832684109e-01,0.000000000000000000e+00,0.000000000000000000e+00,-3.620117441861222390e-02,3.716169851207948294e-01,-3.998921476677153031e-01,1.250594772989497283e+00,0.000000000000000000e+00,0.000000000000000000e+00,0.000000000000000000e+00,-1.167378983069794207e-01,-3.100226346218733497e-01,6.020909171793320525e-01,1.081349105727249515e+00,0.000000000000000000e+00,0.000000000000000000e+00,0.000000000000000000e+00
-1.765227500050902884e-02,-2.376232759199663203e-02,8.916195749928420566e-01,-2.957558597903200623e-02,-2.819725838616666484e-03,5.025611828879193999e-01,8.640310129355809332e-01,-2.537994879246613933e-01,3.867740368297054032e-04,-2.733264863927491461e-01,2.115480228223343140e-01,-1.261199058491818126e-01,-1.317392439221149736e-01,-1.291490260008280183e-02,-1.092884552457626113e-01,-4.458399831155846482e-01,1.900596677391983291e-01,-1.202603565518350348e-01,1.736037042832873356e-02,1.120188533572011313e-01,0.000000000000000000e+00,0.000000000000000000e+00,-3.903965207922455161e-02,3.723705101405096474e-01,-4.014054427092257904e-01,1.251668145182587732e+00,0.000000000000000000e+00,0.000000000000000000e+00,0.000000000000000000e+00,-1.168310235313476109e-01,-3.093373502066923408e-01,6.012366988035158233e-01,1.079589237219301889e+00,0.000000000000000000e+00,0.000000000000000000e+00,0.000000000000000000e+00
-1.761106952473733694e-02,-2.423152657644407973e-02,8.916564910738996597e-01,-2.959440581125410627e-02,-3.837335758824931588e-03,5.014925404851667823e-01,8.646471406514250058e-01,-2.510388826113758021e-01,3.870439575845767595e-03,-2.701584076941399570e-01,2.089490572311041849e-01,-1.251549482426509985e-01,-1.323317844897953233e-01,-1.067627796237936508e-02,-1.063594242950663959e-01,-4.429229111794685814e-01,1.864346966656057758e-01,-1.180453709445659222e-01,1.872637542470097921e-02,1.117918294745219865e-01,0.000000000000000000e+00,0.000000000000000000e+00,-3.789551876677743625e-02,3.752705055114597954e-01,-3.993979926380537004e-01,1.250045386104460698e+00,0.000000000000000000e+00,0.000000000000000000e+00,0.000000000000000000e+00,-1.175521521127381730e-01,-3.107428934208633642e-01,6.033845080553283946e-01,1.075528821988451567e+00,0.000000000000000000e+00,0.000000000000000000e+00,0.000000000000000000e+00
-1.752440427175453244e-02,-2.468196128553547600e-02,8.916393477532237322e-01,-3.001158027510572590e-02,-4.379280545947002168e-03,5.027109011135292294e-01,8.639223789513228446e-01,-2.522461004133182416e-01,5.636146380117387084e-03,-2.693301223539258382e-01,2.104095973554174215e-01,-1.240285607392030698e-01,-1.352202764986831229e-01,-7.884717265420922508e-03,-1.029555566743293182e-01,-4.425364113094402696e-01,1.809580586699481020e-01,-1.150879453788053175e-01,1.669810761062703874e-02,1.114512831457508818e-01,0.000000000000000000e+00,0.000000000000000000e+00,-3.836671773790634177e-02,3.780527504093247337e-01,-4.020770196260849971e-01,1.245948335673614293e+00,0.000000000000000000e+00,0.000000000000000000e+00,0.000000000000000000e+00,-1.165454763114662368e-01,-3.109419470895984361e-01,6.050519028080352246e-01,1.074624318435689396e+00,0.000000000000000000e+00,0.000000000000000000e+00,0.000000000000000000e+00
-1.745151953072612491e-02,-2.512040998469932188e-02,8.916012650805394957e-01,-3.010652836158193846e-02,-4.286013059848289494e-03,5.043569535582842489e-01,8.629596111287418658e-01,-2.541050664073373766e-01,4.238084334589324598e-03,-2.735242602797292588e-01,2.121308245694587535e-01,-1.237086827962934621e-01,-1.346506401944704001e-01,-7.768011285612465983e-03,-1.028285260487270814e-01,-4.446862759815658483e-01,1.805763105606019436e-01,-1.143635576946313848e-01,1.589967771737772068e-02,1.102531584340832593e-01,0.000000000000000000e+00,0.000000000000000000e+00,-3.976258166918870962e-02,3.779396312442347416e-01,-4.033645603875367636e-01,1.245323211072697056e+00,0.000000000000000000e+00,0.000000000000000000e+00,0.000000000000000000e+00,-1.168970586641141229e-01,-3.090294792578164862e-01,6.034351810553557627e-01,1.076530449568178449e+00,0.000000000000000000e+00,0.000000000000000000e+00,0.000000000000000000e+00
-1.718459566482375203e-02,-2.545559240671093140e-02,8.916425361124131754e-01,-2.969255192279394995e-02,-5.066344300874504533e-03,5.041202404508094981e-01,8.631080278178127063e-01,-2.509269858069390069e-01,6.398434207831704690e-03,-2.703889339836345052e-01,2.091950320530428509e-01,-1.222718745138282465e-01,-1.351526143564288074e-01,-6.809861377646419731e-03,-1.007988823114439880e-01,-4.383819003921511914e-01,1.801100592449183246e-01,-1.136761269965633897e-01,1.513965698196527779e-02,1.089192066411685256e-01,0.000000000000000000e+00,0.000000000000000000e+00,-3.970913485074081123e-02,3.805816064071680938e-01,-3.988544798409697223e-01,1.245047915935662441e+00,0.000000000000000000e+00,0.000000000000000000e+00,0.000000000000000000e+00,-1.177536829531076884e-01,-3.096684661310808440e-01,6.057576301311766720e-01,1.077206427726099536e+00,0.000000000000000000e+00,0.000000000000000000e+00,0.000000000000000000e+00
-1.702587045273968452e-02,-2.577403421401082764e-02,8.914843491443774637e-01,-2.993534403962233581e-02,-5.108721876927492522e-03,5.055897191065401586e-01,8.622394169091217586e-01,-2.551792979464142519e-01,5.644870206817996505e-03,-2.720151705581985158e-01,2.160496050507525190e-01,-1.237294115372571529e-01,-1.363988703527363455e-01,-7.313455503788699949e-03,-1.004169743785457147e-01,-4.401247195418793723e-01,1.816258143736240727e-01,-1.136985578442430006e-01,1.270301087453545689e-02,1.075783352693074901e-01,0.000000000000000000e+00,0.000000000000000000e+00,-3.973802796292698336e-02,3.807511571252655269e-01,-4.050294421495367891e-01,1.244656747930174223e+00,0.000000000000000000e+00,0.000000000000000000e+00,0.000000000000000000e+00,-1.173993150204772767e-01,-3.075527790509698378e-01,6.056420597035013786e-01,1.077090554966818825e+00,0.000000000000000000e+00,0.000000000000000000e+00,0.000000000000000000e+00
-1.667648744756313264e-02,-2.606448324908648695e-02,8.914753581650018965e-01,-2.968332775764792597e-02,-5.646561440733058150e-03,5.063275881222465413e-01,8.618116905121651072e-01,-2.554629947022780678e-01,5.906791442422690275e-03,-2.721221381129364514e-01,2.190016006434974682e-01,-1.245634764088128232e-01,-1.366429572755062383e-01,-6.419224866429540377e-03,-1.001714756147891461e-01,-4.418336730106802168e-01,1.833982295997865775e-01,-1.143011869564547617e-01,1.094983895023795943e-02,1.075964757464885208e-01,0.000000000000000000e+00,0.000000000000000000e+00,-4.201833021763846931e-02,3.821923973864431168e-01,-4.054573806950569348e-01,1.248163274419174407e+00,0.000000000000000000e+00,0.000000000000000000e+00,0.000000000000000000e+00,-1.184445220309068569e-01,-3.074049403840774519e-01,6.065860229492956446e-01,1.079520146639469935e+00,0.000000000000000000e+00,0.000000000000000000e+00,0.000000000000000000e+00
-1.620748148805993549e-02,-2.626952771027081524e-02,8.915350523764657975e-01,-2.845207617390646884e-02,-6.287885745925595599e-03,5.040980816581766000e-01,8.631547172568690973e-01,-2.514624043575875434e-01,6.488960093303749489e-03,-2.692665435850336575e-01,2.185695109189376983e-01,-1.258311788553061195e-01,-1.319826755895991688e-01,-9.136546347028543652e-03,-1.010830027390333952e-01,-4.325237017621820779e-01,1.914760175283201638e-01,-1.189467984133122241e-01,9.983053592458095149e-03,1.066295427954739583e-01,0.000000000000000000e+00,0.000000000000000000e+00,-3.908811497391498357e-02,3.834102583391593155e-01,-4.028672942755250341e-01,1.250122967817415054e+00,0.000000000000000000e+00,0.000000000000000000e+00,0.000000000000000000e+00,-1.203530382924927339e-01,-3.060335895503089043e-01,6.061315390909759460e-01,1.080881646395925877e+00,0.000000000000000000e+00,0.000000000000000000e+00,0.000000000000000000e+00
-1.585609157295381558e-02,-2.635644293777133010e-02,8.914035007279934586e-01,-2.872309665121883238e-02,-5.882277041448164337e-03,5.057299760679141443e-01,8.621934665966323186e-01,-2.545637134628097042e-01,6.219271228236252121e-03,-2.692242542098856051e-01,2.218912550895949243e-01,-1.262784740261745087e-01,-1.333368083286617101e-01,-9.368528403714056207e-03,-1.009480182495563344e-01,-4.344327025578400003e-01,1.914794012832780334e-01,-1.193953611790168762e-01,1.088135528662196976e-02,1.056034607335390174e-01,0.000000000000000000e+00,0.000000000000000000e+00,-3.957582011686811008e-02,3.834882650362832490e-01,-4.038660073473630541e-01,1.248688596712974608e+00,0.000000000000000000e+00,0.000000000000000000e+00,0.000000000000000000e+00,-1.204687949180078960e-01,-3.042822316608759237e-01,6.050148361960283605e-01,1.083634615637774523e+00,0.000000000000000000e+00,0.000000000000000000e+00,0.000000000000000000e+00
-1.537202638077603094e-02,-2.644024774016080076e-02,8.913739547658654505e-01,-2.885808634281000762e-02,-5.573737636546661350e-03,5.053768073833218022e-01,8.623980675189558687e-01,-2.576683573450548326e-01,6.715975814888333791e-03,-2.681186184428988595e-01,2.277732183301230673e-01,-1.278674930220022044e-01,-1.356849296007048289e-01,-1.000281582072948955e-02,-9.991659357638613126e-02,-4.331626891491241471e-01,1.910698144089379713e-01,-1.201172258335505560e-01,8.921234835131040819e-03,1.057617834845160365e-01,0.000000000000000000e+00,0.000000000000000000e+00,-3.955814283169478696e-02,3.857604323337568419e-01,-4.054630642287535003e-01,1.249960891324798817e+00,0.000000000000000000e+00,0.000000000000000000e+00,0.000000000000000000e+00,-1.211613121092811191e-01,-3.030863190552713915e-01,6.063514719597419278e-01,1.082102653501626044e+00,0.000000000000000000e+00,0.000000000000000000e+00,0.000000000000000000e+00
-1.496635122794712919e-02,-2.660210245722811895e-02,8.911818280920563717e-01,-2.855439642831053906e-02,-6.634913833069346241e-03,5.053707336119386273e-01,8.624042242310577810e-01,-2.591031246639979857e-01,7.648526712879678141e-03,-2.660838953492222769e-01,2.361044556813061135e-01,-1.323294332550442598e-01,-1.343592966835117086e-01,-9.222245510553832293e-03,-9.871796899411446058e-02,-4.305445788891822945e-01,1.939281503930399553e-01,-1.215075684672831113e-01,7.447264109367067800e-03,1.051185688157887238e-01,0.000000000000000000e+00,0.000000000000000000e+00,-3.913466740300163699e-02,3.867496195831516270e-01,-4.050158185757735674e-01,1.251069968754441764e+00,0.000000000000000000e+00,0.000000000000000000e+00,0.000000000000000000e+00,-1.217024539579188158e-01,-3.017129234453166386e-01,6.069456406503883628e-01,1.083353335247145166e+00,0.000000000000000000e+00,0.000000000000000000e+00,0.000000000000000000e+00
-1.432347356957938689e-02,-2.665853531634369833e-02,8.914503469153552961e-01,-2.794453657124761417e-02,-6.265636383501970406e-03,5.038891766073474443e-01,8.632934277373461862e-01,-2.514974071493453200e-01,1.028005706561760726e-02,-2.624673051308971661e-01,2.222114357446129118e-01,-1.289298286029632590e-01,-1.322707970627135798e-01,-9.474959353781410229e-03,-9.837021251079414164e-02,-4.258868351255230555e-01,1.933317754769000862e-01,-1.237757962249305954e-01,8.647456080919782573e-03,1.042150021261500220e-01,0.000000000000000000e+00,0.000000000000000000e+00,-3.599902966016223227e-02,3.898218870274046122e-01,-4.024397853992879859e-01,1.248417406767789561e+00,0.000000000000000000e+00,0.000000000000000000e+00,0.000000000000000000e+00,-1.217991328009568608e-01,-3.041985645851970621e-01,6.099170088682492885e-01,1.077579048508195747e+00,0.000000000000000000e+00,0.000000000000000000e+00,0.000000000000000000e+00
-1.386169410262086052e-02,-2.676210299391929698e-02,8.914895374801500294e-01,-2.647963719018248813e-02,-6.889940637112203052e-03,5.037530823076800113e-01,8.634142630266217200e-01,-2.445172651402691966e-01,1.046699746747705925e-02,-2.601673240451816693e-01,2.138001319004857459e-01,-1.251419716604068033e-01,-1.316726392812286872e-01,-1.040701167208800057e-02,-1.008065736429453602e-01,-4.220683564343251648e-01,2.010852206063931669e-01,-1.274976130625613546e-01,6.904293216343843596e-03,1.030020809622658601e-01,0.000000000000000000e+00,0.000000000000000000e+00,-3.269706331836749053e-02,3.889621912825344530e-01,-3.964257913323507854e-01,1.248296328518611498e+00,0.000000000000000000e+00,0.000000000000000000e+00,0.000000000000000000e+00,-1.223206504947358525e-01,-3.041546027283466014e-01,6.097719085701676089e-01,1.079385346643833010e+00,0.000000000000000000e+00,0.000000000000000000e+00,0.000000000000000000e+00
-1.347396384111317243e-02,-2.683975831913705881e-02,8.913570287331122888e-01,-2.627959505571331525e-02,-6.786308821079209408e-03,5.055421359749175947e-01,8.623749055081612047e-01,-2.462859531594263907e-01,9.372657582819330507e-03,-2.611917473426625391e-01,2.165938225426289887e-01,-1.255412981659299598e-01,-1.339208174146055697e-01,-1.027060712384590853e-02,-1.017398662442442758e-01,-4.248166509497117715e-01,2.033789285736851415e-01,-1.296479939515033375e-01,5.979009673026908049e-03,1.015992437927770164e-01,0.000000000000000000e+00,0.000000000000000000e+00,-3.272116342332063998e-02,3.890657154862376399e-01,-3.970377888329080229e-01,1.247277529196040957e+00,0.000000000000000000e+00,0.000000000000000000e+00,0.000000000000000000e+00,-1.214442004145995652e-01,-3.039498850176435840e-01,6.109714718608841855e-01,1.077838259663596032e+00,0.000000000000000000e+00,0.000000000000000000e+00,0.000000000000000000e+00
-1.294674770514221175e-02,-2.683658889508605885e-02,8.913618575101533992e-01,-2.604156325621115667e-02,-6.720285819686813537e-03,5.049589110808000436e-01,8.627242739495430968e-01,-2.446084596438501679e-01,1.015560236583281858e-02,-2.602401238324036914e-01,2.144906933034291252e-01,-1.241619335956744702e-01,-1.313927490731996439e-01,-1.324620920787068085e-02,-1.022107121467926427e-01,-4.211005767739758876e-01,2.094302289416958840e-01,-1.315006059458273258e-01,6.570346751260526356e-03,1.024883498048456965e-01,0.000000000000000000e+00,0.000000000000000000e+00,-3.165810246199150801e-02,3.903251759301319956e-01,-3.950166142972411643e-01,1.245308789139806693e+00,0.000000000000000000e+00,0.000000000000000000e+00,0.000000000000000000e+00,-1.203217419814178180e-01,-3.046234509238139321e-01,6.121800549629734522e-01,1.078043071381926676e+00,0.000000000000000000e+00,0.000000000000000000e+00,0.000000000000000000e+00
-1.252598523194143991e-02,-2.684217127731314267e-02,8.915339761547250719e-01,-2.589914009657855870e-02,-6.751933360412788049e-03,5.041330109676696036e-01,8.632111869008795013e-01,-2.415366113941909698e-01,1.157896676573180392e-02,-2.598277732247849525e-01,2.098094545922677134e-01,-1.229613643606540241e-01,-1.313670745523179695e-01,-9.536413162484193295e-03,-1.008608634884898547e-01,-4.231253193972233095e-01,2.026315835411506838e-01,-1.303949081836343615e-01,7.979022122972861605e-03,1.028620680392619280e-01,0.000000000000000000e+00,0.000000000000000000e+00,-3.127349900089145679e-02,3.917140070422910347e-01,-3.969773715786790724e-01,1.246054366914035816e+00,0.000000000000000000e+00,0.000000000000000000e+00,0.000000000000000000e+00,-1.223218418263241070e-01,-3.050121528725335818e-01,6.127312080036041442e-01,1.077713750754788924e+00,0.000000000000000000e+00,0.000000000000000000e+00,0.000000000000000000e+00
-1.212840603455557845e-02,-2.677250466915132368e-02,8.916342946012122406e-01,-2.593403370847199504e-02,-6.320373617956042897e-03,5.041243494937613923e-01,8.632184654074706032e-01,-2.405199500997078077e-01,1.234141449519094748e-02,-2.582424919135378749e-01,2.067411383196181840e-01,-1.217436568131043673e-01,-1.290277851846603763e-01,-1.069284337942683939e-02,-9.957535296264889702e-02,-4.176972946325751002e-01,2.019283892840429140e-01,-1.290538452184610829e-01,6.327433882322803724e-03,1.012178676223975116e-01,0.000000000000000000e+00,0.000000000000000000e+00,-3.031875879746277064e-02,3.918458214474983548e-01,-3.936342065333064411e-01,1.247261433978618550e+00,0.000000000000000000e+00,0.000000000000000000e+00,0.000000000000000000e+00,-1.224992038707853476e-01,-3.053650809549480760e-01,6.130743518571024619e-01,1.076820386135956431e+00,0.000000000000000000e+00,0.000000000000000000e+00,0.000000000000000000e+00
-1.168715067012917122e-02,-2.672093801997272450e-02,8.918044872118214839e-01,-2.683800255449722907e-02,-4.902417568075415760e-03,5.042943870720215660e-01,8.631007236056094101e-01,-2.413198350955371441e-01,1.357504110114574405e-02,-2.590705080683505246e-01,2.011571744924885163e-01,-1.192908198407749698e-01,-1.303120455004667111e-01,-8.835643021410460873e-03,-9.679118500343972253e-02,-4.192142320479493312e-01,1.909184642431738799e-01,-1.268877757353412961e-01,8.141682545825222606e-03,1.013209950967099288e-01,0.000000000000000000e+00,0.000000000000000000e+00,-3.226093206902368171e-02,3.923417384891509929e-01,-3.942271042931850822e-01,1.248416423863462965e+00,0.000000000000000000e+00,0.000000000000000000e+00,0.000000000000000000e+00,-1.219972882762106747e-01,-3.055885357448787643e-01,6.132371312079881731e-01,1.072923542526605489e+00,0.000000000000000000e+00,0.000000000000000000e+00,0.000000000000000000e+00
-1.150155009615271354e-02,-2.682928502541059163e-02,8.917893782714970685e-01,-2.644230333552997914e-02,-5.865657470611818428e-03,5.040110931255884497e-01,8.632723884516971813e-01,-2.398725799949544546e-01,1.442700710863989433e-02,-2.578859209625443683e-01,2.029284280338149726e-01,-1.191286649051637031e-01,-1.284733283920885538e-01,-7.493199189472622354e-03,-9.597058790136260564e-02,-4.170825186770454329e-01,1.920123999297737027e-01,-1.264418991923773605e-01,7.243845336906665384e-03,1.008651233134270908e-01,0.000000000000000000e+00,0.000000000000000000e+00,-3.059140246219343301e-02,3.928021921297496499e-01,-3.920766467216222906e-01,1.248786331415226103e+00,0.000000000000000000e+00,0.000000000000000000e+00,0.000000000000000000e+00,-1.222059851665612540e-01,-3.050461345507584632e-01,6.154255455873220981e-01,1.073300395215002201e+00,0.000000000000000000e+00,0.000000000000000000e+00,0.000000000000000000e+00
-1.139357703205327865e-02,-2.702585428150746857e-02,8.916562779758017143e-01,-2.622212814075557119e-02,-6.190308335452711017e-03,5.048353151966100683e-01,8.627951000143779803e-01,-2.425129943098210672e-01,1.350477177398815010e-02,-2.583582189052813227e-01,2.095313899349548481e-01,-1.211809881897789182e-01,-1.296129214574859578e-01,-7.413125734224580016e-03,-9.685542452784873246e-02,-4.197959332466153493e-01,1.947660015263857347e-01,-1.277514091709160415e-01,5.387333488326559103e-03,1.005938556223897190e-01,0.000000000000000000e+00,0.000000000000000000e+00,-3.068664043568147121e-02,3.924001709622804701e-01,-3.937846616930180121e-01,1.248619165197645042e+00,0.000000000000000000e+00,0.000000000000000000e+00,0.000000000000000000e+00,-1.224328726827875469e-01,-3.032290916320725116e-01,6.145437664475970063e-01,1.074708748230908339e+00,0.000000000000000000e+00,0.000000000000000000e+00,0.000000000000000000e+00
-1.119958573233017889e-02,-2.716553500219459280e-02,8.917027033915460033e-01,-2.535797363942959154e-02,-6.920620459755355038e-03,5.033934923056583299e-01,8.636573800354320207e-01,-2.390237415684008659e-01,1.469624062003438598e-02,-2.539701295371522560e-01,2.085492059425097522e-01,-1.218237641614896560e-01,-1.263959620921288884e-01,-9.065118201398856407e-03,-9.690389893109775665e-02,-4.116998441767317773e-01,2.002634063248309726e-01,-1.294887732770426680e-01,4.442752262807493982e-03,1.014909711463626296e-01,0.000000000000000000e+00,0.000000000000000000e+00,-2.909487431168463617e-02,3.938105949160750630e-01,-3.899694942687338961e-01,1.248525044142633655e+00,0.000000000000000000e+00,0.000000000000000000e+00,0.000000000000000000e+00,-1.226603007994826189e-01,-3.039335543162327014e-01,6.158001728232386229e-01,1.074718872952527438e+00,0.000000000000000000e+00,0.000000000000000000e+00,0.000000000000000000e+00
-1.118636599745556973e-02,-2.730599403148825655e-02,8.916134379992997072e-01,-2.607866213244940806e-02,-5.684796110335038621e-03,5.045393519197172161e-01,8.629760302806772643e-01,-2.427343399008018709e-01,1.309903023328299471e-02,-2.592237215205404066e-01,2.087532532740335733e-01,-1.218398216413745794e-01,-1.271573573651416378e-01,-1.141595244293229158e-02,-9.768661093737544820e-02,-4.161143827954345564e-01,2.001406135544032405e-01,-1.304158528636539527e-01,4.676952367084639441e-03,1.013223986468848731e-01,0.000000000000000000e+00,0.000000000000000000e+00,-3.033936323916769373e-02,3.931452762991397565e-01,-3.932018918288018861e-01,1.247907309273238008e+00,0.000000000000000000e+00,0.000000000000000000e+00,0.000000000000000000e+00,-1.220736051683426748e-01,-3.039412108653891664e-01,6.167769918712282529e-01,1.072031576105878736e+00,0.000000000000000000e+00,0.000000000000000000e+00,0.000000000000000000e+00
-1.115858585386483512e-02,-2.738234842680026607e-02,8.917086658439075109e-01,-2.673235219719292954e-02,-5.550915682692934318e-03,5.039130612542095378e-01,8.633227643115287675e-01,-2.425159147958390049e-01,1.512581058419053444e-02,-2.585248389081055143e-01,2.067010584012387298e-01,-1.221801932959621362e-01,-1.257923179353022392e-01,-9.985119905457924550e-03,-9.454409836415997304e-02,-4.139570984894052064e-01,1.932833942260934745e-01,-1.271071392115258880e-01,6.345079856904806657e-03,1.017834859237243539e-01,0.000000000000000000e+00,0.000000000000000000e+00,-3.194181724032930242e-02,3.946099631059487023e-01,-3.925614812387634434e-01,1.249214175252916670e+00,0.000000000000000000e+00,0.000000000000000000e+00,0.000000000000000000e+00,-1.226466410687110514e-01,-3.050790042764482402e-01,6.174933119820592564e-01,1.072073919182170876e+00,0.000000000000000000e+00,0.000000000000000000e+00,0.000000000000000000e+00
-1.123103939708933879e-02,-2.753745330467161426e-02,8.916710876768367822e-01,-2.694679373867605796e-02,-6.236745694027560384e-03,5.031107954137765681e-01,8.637791968139020282e-01,-2.428755043823031812e-01,1.759684649430202225e-02,-2.548441138946290763e-01,2.089036944859920530e-01,-1.210137637025058416e-01,-1.279433008059872312e-01,-8.560918304998086509e-03,-9.238263230320714614e-02,-4.121254081378115663e-01,1.909955745133977700e-01,-1.262480869239296088e-01,5.523425354677487242e-03,1.009415759820980474e-01,0.000000000000000000e+00,0.000000000000000000e+00,-3.028017976922584009e-02,3.953247982326883458e-01,-3.921866523600407439e-01,1.247864708958627444e+00,0.000000000000000000e+00,0.000000000000000000e+00,0.000000000000000000e+00,-1.239813645296547889e-01,-3.033839962225334252e-01,6.169171513110686123e-01,1.072039859868949785e+00,0.000000000000000000e+00,0.000000000000000000e+00,0.000000000000000000e+00
-1.134905458890867781e-02,-2.764533821969194019e-02,8.915692561110674097e-01,-2.692922078612751055e-02,-6.220557365358178430e-03,5.039283730597303723e-01,8.633031429105820775e-01,-2.443525740668817114e-01,1.685440411411064446e-02,-2.558892050903694426e-01,2.109884967115778220e-01,-1.214198975558091476e-01,-1.300346518966696563e-01,-8.847567976618276459e-03,-9.333475407832915460e-02,-4.145815265816710227e-01,1.923537549596959495e-01,-1.269864549560404121e-01,4.974354946888709210e-03,1.006161049469528057e-01,0.000000000000000000e+00,0.000000000000000000e+00,-2.970203042131972643e-02,3.937982643317184950e-01,-3.902548295014169333e-01,1.247755371677545799e+00,0.000000000000000000e+00,0.000000000000000000e+00,0.000000000000000000e+00,-1.245229961479103475e-01,-3.026439593988992649e-01,6.162616135703190556e-01,1.073643125663006792e+00,0.000000000000000000e+00,0.000000000000000000e+00,0.000000000000000000e+00
-1.133571196211344626e-02,-2.758162668672204873e-02,8.916931186081085148e-01,-2.787003588513883509e-02,-5.821320441949727302e-03,5.039789897671513863e-01,8.632465182098065792e-01,-2.459928068906909737e-01,1.809707554036037863e-02,-2.567337725948315996e-01,2.109821651630138795e-01,-1.208356838790834720e-01,-1.285053814991898025e-01,-7.883283330042907544e-03,-9.010750004478468300e-02,-4.129448744528851911e-01,1.854494484225475692e-01,-1.223227565323107002e-01,6.157416663481063250e-03,1.026259621953974632e-01,0.000000000000000000e+00,0.000000000000000000e+00,-3.286256131999411301e-02,3.956270653721308816e-01,-3.907724589247975056e-01,1.248056713231961989e+00,0.000000000000000000e+00,0.000000000000000000e+00,0.000000000000000000e+00,-1.227020744500820076e-01,-3.036906158588651428e-01,6.169465739331707610e-01,1.073600125824210494e+00,0.000000000000000000e+00,0.000000000000000000e+00,0.000000000000000000e+00
-1.153118532275904454e-02,-2.761439170369482318e-02,8.915996201664638798e-01,-2.778030039962659653e-02,-6.241736277468986488e-03,5.047588144066970095e-01,8.627907248670987350e-01,-2.479155095806158948e-01,1.741281827461628115e-02,-2.567246505636355258e-01,2.159528801659681418e-01,-1.218194150457344860e-01,-1.289210175702264205e-01,-6.969484450114749041e-03,-9.032470286462677966e-02,-4.143569728825535758e-01,1.856090568351828896e-01,-1.209873050020548180e-01,3.988271927542211270e-03,1.028315295234284998e-01,0.000000000000000000e+00,0.000000000000000000e+00,-3.355498618941438888e-02,3.959201714554865248e-01,-3.920031668232646926e-01,1.247565186627237921e+00,0.000000000000000000e+00,0.000000000000000000e+00,0.000000000000000000e+00,-1.239637726390297318e-01,-3.026467394652352927e-01,6.153508458253130753e-01,1.076468488839583904e+00,0.000000000000000000e+00,0.000000000000000000e+00,0.000000000000000000e+00
-1.161028955712696542e-02,-2.751848198481612190e-02,8.915246316466444165e-01,-2.841360144246839886e-02,-6.054011507110664859e-03,5.052348633868465333e-01,8.624927530224318906e-01,-2.516632690190588884e-01,1.753978037824840963e-02,-2.566830128131450395e-01,2.215442456004964034e-01,-1.240159729766816682e-01,-1.276617681874411270e-01,-7.725899794914222601e-03,-8.919551649390144998e-02,-4.137774653191299001e-01,1.849585494223394133e-01,-1.197547229494825977e-01,4.939456551842473682e-03,1.030012712671114217e-01,0.000000000000000000e+00,0.000000000000000000e+00,-3.420952403540040987e-02,3.962610156847475862e-01,-3.949972213109965713e-01,1.245985339885962828e+00,0.000000000000000000e+00,0.000000000000000000e+00,0.000000000000000000e+00,-1.224294984083068027e-01,-3.028476013318631699e-01,6.163942863440582398e-01,1.073985510426183732e+00,0.000000000000000000e+00,0.000000000000000000e+00,0.000000000000000000e+00
-1.162658782050159621e-02,-2.745223956089659287e-02,8.914370852771682507e-01,-2.844850288950496672e-02,-6.042994063124415734e-03,5.051908144119848787e-01,8.625174815271010598e-01,-2.538983756161342642e-01,1.739156808437982218e-02,-2.558307203737223978e-01,2.263614536054956716e-01,-1.261029590831916902e-01,-1.292099281246443798e-01,-8.270553786244097538e-03,-8.885766958016377837e-02,-4.118761310678500376e-01,1.858158496193338671e-01,-1.212201559761054703e-01,3.486933709808455288e-03,1.041427630893883571e-01,0.000000000000000000e+00,0.000000000000000000e+00,-3.387317177272025637e-02,3.972892401092300574e-01,-3.946869905413824542e-01,1.244327903640413568e+00,0.000000000000000000e+00,0.000000000000000000e+00,0.000000000000000000e+00,-1.212981100877332796e-01,-3.033964372618793703e-01,6.173935611020204828e-01,1.071221098683283079e+00,0.000000000000000000e+00,0.000000000000000000e+00,0.000000000000000000e+00
-1.156758224435265256e-02,-2.728047012802398835e-02,8.915123872893475632e-01,-2.853917504910884542e-02,-6.002584219700362982e-03,5.041710585536103295e-01,8.631112490213140864e-01,-2.515316004564704944e-01,1.902292062009204587e-02,-2.532262154496807138e-01,2.225056394998920772e-01,-1.261184300092124400e-01,-1.257327372011544653e-01,-9.459171386203300835e-03,-8.820587983032879276e-02,-4.082438724315037293e-01,1.867201944793467627e-01,-1.215375265528250703e-01,3.910803535649853488e-03,1.055931177315254377e-01,0.000000000000000000e+00,0.000000000000000000e+00,-3.354406886674288213e-02,3.982047247052347139e-01,-3.922857515809045070e-01,1.243590835291689567e+00,0.000000000000000000e+00,0.000000000000000000e+00,0.000000000000000000e+00,-1.202816665364368209e-01,-3.055586199502625111e-01,6.183230384126281454e-01,1.070857549005992837e+00,0.000000000000000000e+00,0.000000000000000000e+00,0.000000000000000000e+00
-1.158143499491145860e-02,-2.713579069676643266e-02,8.916358106094709468e-01,-2.808724758094714030e-02,-5.970561956796098177e-03,5.042402537585505273e-01,8.630858737128990210e-01,-2.482497131322688733e-01,1.891893666224991194e-02,-2.520987517251595533e-01,2.171431269352765980e-01,-1.242741599859864543e-01,-1.246839343725461152e-01,-9.621132815652076384e-03,-8.967033412624464406e-02,-4.087757138066127061e-01,1.885723937102579684e-01,-1.218189206178202505e-01,2.805752224483814249e-03,1.050754811843537806e-01,0.000000000000000000e+00,0.000000000000000000e+00,-3.270605041937252322e-02,3.969182823021843998e-01,-3.913518909961104519e-01,1.243891101201227700e+00,0.000000000000000000e+00,0.000000000000000000e+00,0.000000000000000000e+00,-1.202933633722834961e-01,-3.056328571327613930e-01,6.196158857107270101e-01,1.071649423489841269e+00,0.000000000000000000e+00,0.000000000000000000e+00,0.000000000000000000e+00
-1.162746945991825070e-02,-2.694319109894575612e-02,8.915499036826131096e-01,-2.839169487095538624e-02,-5.742678245712770635e-03,5.057678694921388107e-01,8.621831565846681533e-01,-2.506209747695542500e-01,1.777017686967607979e-02,-2.545228818628950673e-01,2.195413323191679200e-01,-1.240583544940574295e-01,-1.269410855481848954e-01,-8.727777053953528208e-03,-8.992683294100481395e-02,-4.126050274117216143e-01,1.872711609367687102e-01,-1.211363688847089948e-01,2.036615585189354306e-03,1.045937356978437066e-01,0.000000000000000000e+00,0.000000000000000000e+00,-3.424500361752721989e-02,3.965072552681082052e-01,-3.947336150286329115e-01,1.244008735408622446e+00,0.000000000000000000e+00,0.000000000000000000e+00,0.000000000000000000e+00,-1.199212487969719271e-01,-3.061299013901561672e-01,6.202381298316307356e-01,1.070498329661540682e+00,0.000000000000000000e+00,0.000000000000000000e+00,0.000000000000000000e+00
-1.156078675102609719e-02,-2.675450414455134499e-02,8.916405318992052242e-01,-2.775991427873575682e-02,-6.059835818587947821e-03,5.049824672512652768e-01,8.626617954435635838e-01,-2.457679543905275377e-01,1.833431435735372733e-02,-2.525775366979243208e-01,2.136071333044017584e-01,-1.230054555213982020e-01,-1.241720141877478839e-01,-9.680864273334730680e-03,-9.072021734704753537e-02,-4.077981882421766735e-01,1.908808044970257134e-01,-1.217441444354471769e-01,2.765970512001524051e-03,1.042176436638657389e-01,0.000000000000000000e+00,0.000000000000000000e+00,-3.175324672741543230e-02,3.965260835385072125e-01,-3.903850267617219871e-01,1.242993549814912502e+00,0.000000000000000000e+00,0.000000000000000000e+00,0.000000000000000000e+00,-1.189434951722072864e-01,-3.078833265824758025e-01,6.197058546116049893e-01,1.070052186758560619e+00,0.000000000000000000e+00,0.000000000000000000e+00,0.000000000000000000e+00
-1.153761192144251053e-02,-2.648401697319009013e-02,8.917537026351306517e-01,-2.754197591084673116e-02,-5.402982153841886029e-03,5.041895846642020507e-01,8.631367852564910681e-01,-2.434510576384772973e-01,1.804250777211203333e-02,-2.518877452462443545e-01,2.082359231826219625e-01,-1.215249421242586697e-01,-1.224737015639380533e-01,-1.168785663189613432e-02,-9.217396069743219456e-02,-4.058178834454116424e-01,1.925921358174269293e-01,-1.220757760282107640e-01,3.186147634555385084e-03,1.029371867584201461e-01,0.000000000000000000e+00,0.000000000000000000e+00,-2.930448900278072311e-02,3.959984265762352962e-01,-3.902189462289550881e-01,1.243198748122931185e+00,0.000000000000000000e+00,0.000000000000000000e+00,0.000000000000000000e+00,-1.197365165276765564e-01,-3.086012694245253707e-01,6.204477443952749471e-01,1.069381060739900580e+00,0.000000000000000000e+00,0.000000000000000000e+00,0.000000000000000000e+00
-1.146445629804921339e-02,-2.620160089961980424e-02,8.919611164815173243e-01,-2.774969192198767365e-02,-4.787079869735785635e-03,5.047790479385935170e-01,8.627891696276449585e-01,-2.402840596097285397e-01,1.850191634735468341e-02,-2.523488748378134305e-01,1.987325644685796200e-01,-1.165295053203636855e-01,-1.229308201037273701e-01,-9.662163698968096598e-03,-9.163396075933663565e-02,-4.073828706101954023e-01,1.864547139180595670e-01,-1.188121404491880168e-01,4.994776613716429489e-03,1.030636947288209593e-01,0.000000000000000000e+00,0.000000000000000000e+00,-3.097473686638731183e-02,3.959361012525353107e-01,-3.946951707624518080e-01,1.243933610527662381e+00,0.000000000000000000e+00,0.000000000000000000e+00,0.000000000000000000e+00,-1.189214370265380405e-01,-3.107841781768656553e-01,6.235104654041586647e-01,1.067666148171046547e+00,0.000000000000000000e+00,0.000000000000000000e+00,0.000000000000000000e+00
-1.136156340296457824e-02,-2.606463928026619969e-02,8.919582418074334385e-01,-2.669371185525101081e-02,-5.081342253360936374e-03,5.047463826841314116e-01,8.628399126579484602e-01,-2.362027825734772379e-01,1.723928689839225592e-02,-2.516373292499340386e-01,1.949577510982739847e-01,-1.166925963485510309e-01,-1.195699925573104755e-01,-1.022882085704361968e-02,-9.411540254471512101e-02,-4.054043090398448124e-01,1.917503949876706859e-01,-1.227790693232159169e-01,5.419072546720615433e-03,1.021640846024602645e-01,0.000000000000000000e+00,0.000000000000000000e+00,-2.950538464539586431e-02,3.941910292631094492e-01,-3.893282515559132739e-01,1.244502803662513202e+00,0.000000000000000000e+00,0.000000000000000000e+00,0.000000000000000000e+00,-1.177729516842608293e-01,-3.096487219077515007e-01,6.209382849207286670e-01,1.069025434812390873e+00,0.000000000000000000e+00,0.000000000000000000e+00,0.000000000000000000e+00
-1.125797627702143644e-02,-2.585618286579678682e-02,8.920276939644189440e-01,-2.630143342132633053e-02,-5.221201590167010714e-03,5.045695783687482727e-01,8.629545261708294612e-01,-2.341746466154483175e-01,1.753668785463851146e-02,-2.497466911119875510e-01,1.927703419050235123e-01,-1.151967879894602309e-01,-1.213523695745872266e-01,-9.701273999694903089e-03,-9.462129198184998646e-02,-4.045401486428691906e-01,1.925459963753615167e-01,-1.227190450098445962e-01,3.720585161169736189e-03,1.018618407355907501e-01,0.000000000000000000e+00,0.000000000000000000e+00,-2.865184732489526459e-02,3.937584551617485107e-01,-3.890274754855795325e-01,1.246562158511711260e+00,0.000000000000000000e+00,0.000000000000000000e+00,0.000000000000000000e+00,-1.177867523697609942e-01,-3.096824868494997274e-01,6.222950881283858537e-01,1.069933444639532105e+00,0.000000000000000000e+00,0.000000000000000000e+00,0.000000000000000000e+00
-1.126511715283182169e-02,-2.575164854098016196e-02,8.919354046750627152e-01,-2.559118618294389108e-02,-5.329473657741043424e-03,5.055948238408169981e-01,8.623749544169598824e-01,-2.337519643214756859e-01,1.448038262451934940e-02,-2.533673380025458499e-01,1.942361039466712902e-01,-1.166081591236441395e-01,-1.174262322344222786e-01,-1.108237625531717160e-02,-9.759657749454431208e-02,-4.054352053078872364e-01,1.989635433856824231e-01,-1.251518130288163111e-01,3.901867081208731415e-03,1.006937797740155016e-01,0.000000000000000000e+00,0.000000000000000000e+00,-2.859951998914411070e-02,3.919813180096770044e-01,-3.894096767810970028e-01,1.247403234848554421e+00,0.000000000000000000e+00,0.000000000000000000e+00,0.000000000000000000e+00,-1.183290765875883443e-01,-3.092773075491114798e-01,6.218638492932913042e-01,1.071496264835336332e+00,0.000000000000000000e+00,0.000000000000000000e+00,0.000000000000000000e+00
-1.112242269057318877e-02,-2.552205444104701723e-02,8.919845370507335502e-01,-2.499946584993058274e-02,-5.644667515820580607e-03,5.053041129412783050e-01,8.625606748979925964e-01,-2.297750969443582425e-01,1.477811711768869940e-02,-2.520889408089828088e-01,1.891324688255747177e-01,-1.138040768740123249e-01,-1.175130433231601629e-01,-1.186649647474038137e-02,-9.836702974686112322e-02,-4.018155492035907494e-01,2.028109386375238354e-01,-1.249819410287004717e-01,2.635374184086564792e-03,9.910718719294209222e-02,0.000000000000000000e+00,0.000000000000000000e+00,-2.716430344870245095e-02,3.918547686385605577e-01,-3.862495494733868551e-01,1.247248959769183152e+00,0.000000000000000000e+00,0.000000000000000000e+00,0.000000000000000000e+00,-1.181725596070551249e-01,-3.102182844904429748e-01,6.216592256498575386e-01,1.071639683227308293e+00,0.000000000000000000e+00,0.000000000000000000e+00,0.000000000000000000e+00
-1.109596621342767014e-02,-2.535026266870237313e-02,8.920270695314241882e-01,-2.506844668411242066e-02,-4.871410999827601417e-03,5.054731124707629863e-01,8.624643615273818176e-01,-2.314232294212956176e-01,1.292667760302363550e-02,-2.551839953366971114e-01,1.901238644801687416e-01,-1.142068918288712820e-01,-1.171804160588000299e-01,-1.234561560572489808e-02,-9.969343669390931528e-02,-4.049681699699683168e-01,2.021164594964129646e-01,-1.259327305027502231e-01,2.324920390519417870e-03,9.899466060709030679e-02,0.000000000000000000e+00,0.000000000000000000e+00,-2.676065888844972318e-02,3.902620699087758771e-01,-3.880117480584672762e-01,1.248146855721682602e+00,0.000000000000000000e+00,0.000000000000000000e+00,0.000000000000000000e+00,-1.184707626761681704e-01,-3.094859901789021595e-01,6.205550619486798203e-01,1.071136205234669569e+00,0.000000000000000000e+00,0.000000000000000000e+00,0.000000000000000000e+00
-1.098230257357451362e-02,-2.510658695683868485e-02,8.920234893424257017e-01,-2.553083212974722321e-02,-4.865561437154401238e-03,5.062026218803150623e-01,8.620228584696333352e-01,-2.317838331593660983e-01,1.417404222775816777e-02,-2.534321260738386372e-01,1.895134314288994537e-01,-1.128556250370279929e-01,-1.174554790305454566e-01,-1.189876609889607001e-02,-9.864055247941602711e-02,-4.055622966551690745e-01,2.010581975868700744e-01,-1.237871447795044905e-01,3.663542075791512923e-03,9.954560852222138490e-02,0.000000000000000000e+00,0.000000000000000000e+00,-2.832106700721381473e-02,3.913723699165465586e-01,-3.897576745438596779e-01,1.248279212067224142e+00,0.000000000000000000e+00,0.000000000000000000e+00,0.000000000000000000e+00,-1.170980792197583997e-01,-3.108387269886195847e-01,6.220100731101467773e-01,1.073807520296661489e+00,0.000000000000000000e+00,0.000000000000000000e+00,0.000000000000000000e+00
-1.097015160615974136e-02,-2.500149699797163394e-02,8.920367844232268695e-01,-2.517931031551704987e-02,-4.257030444631455975e-03,5.067835683817790704e-01,8.616950126593848625e-01,-2.315028069688888357e-01,1.207384536307813672e-02,-2.552643853595562007e-01,1.877229748106244156e-01,-1.123756839926211004e-01,-1.145257697990784973e-01,-1.374277653689250263e-02,-1.008337797697275162e-01,-4.056432569346619110e-01,2.044493154688938885e-01,-1.263660667830744100e-01,4.351468218424618499e-03,9.968429904037687250e-02,0.000000000000000000e+00,0.000000000000000000e+00,-2.876332741347996380e-02,3.900008487450908334e-01,-3.872537081718437912e-01,1.248268630026682091e+00,0.000000000000000000e+00,0.000000000000000000e+00,0.000000000000000000e+00,-1.174194754673694996e-01,-3.094508298694178539e-01,6.168740302166105804e-01,1.075447782105298566e+00,0.000000000000000000e+00,0.000000000000000000e+00,0.000000000000000000e+00
-1.095248016669698142e-02,-2.486407830322907159e-02,8.918870138416031823e-01,-2.542650000776337446e-02,-4.025121074169633537e-03,5.077881589483004277e-01,8.610972518418509303e-01,-2.335677479932318223e-01,1.117652704547346734e-02,-2.569487527189612819e-01,1.901234704552958732e-01,-1.132811463868279855e-01,-1.141842904946669540e-01,-1.522024139207424701e-02,-1.016665445780515903e-01,-4.075453144542561246e-01,2.079126218151161054e-01,-1.291086330909844149e-01,4.827819077339875510e-03,1.007220662062264238e-01,0.000000000000000000e+00,0.000000000000000000e+00,-2.978046799312666221e-02,3.898045344614834984e-01,-3.881784982113438698e-01,1.246956209778401936e+00,0.000000000000000000e+00,0.000000000000000000e+00,0.000000000000000000e+00,-1.157405201022530805e-01,-3.104286664676579877e-01,6.182392140256380841e-01,1.076005519021383972e+00,0.000000000000000000e+00,0.000000000000000000e+00,0.000000000000000000e+00
-1.084981639619048491e-02,-2.473640539538841596e-02,8.919076980375865160e-01,-2.494490679795301896e-02,-4.176281569690780231e-03,5.071049499117572523e-01,8.615131340102050173e-01,-2.301655961359171942e-01,1.160752208861304605e-02,-2.553455789689337285e-01,1.855633037422575182e-01,-1.116716085209153025e-01,-1.121967363911026971e-01,-1.773446070482407808e-02,-1.025828157564486198e-01,-4.026432560736701305e-01,2.137512447460697684e-01,-1.302482949644988286e-01,4.633289792938578150e-03,9.962600965735168845e-02,0.000000000000000000e+00,0.000000000000000000e+00,-2.843566936808789719e-02,3.901757793432294452e-01,-3.865933332584423621e-01,1.246342252775351822e+00,0.000000000000000000e+00,0.000000000000000000e+00,0.000000000000000000e+00,-1.150109288954935249e-01,-3.117250232083252914e-01,6.169083795666729930e-01,1.073313179494464809e+00,0.000000000000000000e+00,0.000000000000000000e+00,0.000000000000000000e+00
-1.081529417796139522e-02,-2.463271223582648439e-02,8.918101962690959672e-01,-2.523819944403203966e-02,-3.358151810221724539e-03,5.093022445882869897e-01,8.602110088592072046e-01,-2.328364953418759487e-01,9.614488771720476612e-03,-2.586531940724391410e-01,1.858962684531899889e-01,-1.105267400062772687e-01,-1.139179696408891135e-01,-1.861042871946377505e-02,-1.038590436435050807e-01,-4.065737130999937943e-01,2.145492056081758636e-01,-1.312930677836318949e-01,4.682947166404194915e-03,9.905919444831441656e-02,0.000000000000000000e+00,0.000000000000000000e+00,-3.037157286503096992e-02,3.890764271385817041e-01,-3.878803771482194906e-01,1.245601632750680254e+00,0.000000000000000000e+00,0.000000000000000000e+00,0.000000000000000000e+00,-1.131625044256601986e-01,-3.120338535387591761e-01,6.169372659565881545e-01,1.072295895664320042e+00,0.000000000000000000e+00,0.000000000000000000e+00,0.000000000000000000e+00
-1.062630121440139019e-02,-2.456085672630379385e-02,8.919724974851377386e-01,-2.442906722708736503e-02,-4.000656480614205555e-03,5.087879522767926321e-01,8.605358999136097919e-01,-2.268957179756327658e-01,1.063930349513086439e-02,-2.568781459361990649e-01,1.785413455501503599e-01,-1.066622074960280192e-01,-1.157813940295789046e-01,-1.577867176382159731e-02,-1.040468037397325185e-01,-4.064521527017999625e-01,2.130642229153152656e-01,-1.306835100346277201e-01,3.401685393557560017e-03,1.000939055393505750e-01,0.000000000000000000e+00,0.000000000000000000e+00,-3.090221573772178321e-02,3.886138947607357674e-01,-3.837728970179902777e-01,1.247075279230516420e+00,0.000000000000000000e+00,0.000000000000000000e+00,0.000000000000000000e+00,-1.132014796270011531e-01,-3.124433691469253871e-01,6.170664371567280426e-01,1.074667447969009038e+00,0.000000000000000000e+00,0.000000000000000000e+00,0.000000000000000000e+00
-1.062373141160115157e-02,-2.448741052388636943e-02,8.919974799582423008e-01,-2.426696314732733686e-02,-4.031342262650591639e-03,5.090297198703117587e-01,8.603973541730119967e-01,-2.234858507360446278e-01,1.113001594378855777e-02,-2.562763400478685893e-01,1.719197835258116369e-01,-1.046497118006322613e-01,-1.133849498500053288e-01,-1.675104174885644337e-02,-1.048548113715283281e-01,-4.055750715910906301e-01,2.158365346999584489e-01,-1.313323016632956530e-01,5.253233572001038930e-03,9.908960585231155194e-02,0.000000000000000000e+00,0.000000000000000000e+00,-2.974626673462300169e-02,3.878726579937260555e-01,-3.835074173647540219e-01,1.245873890708697695e+00,0.000000000000000000e+00,0.000000000000000000e+00,0.000000000000000000e+00,-1.130831458467041889e-01,-3.123951839261230878e-01,6.167954298054206808e-01,1.075500703560788196e+00,0.000000000000000000e+00,0.000000000000000000e+00,0.000000000000000000e+00
-1.059404859073925266e-02,-2.448100285903477905e-02,8.919206755753132931e-01,-2.397804980399002861e-02,-4.129981022265538822e-03,5.107786273593417636e-01,8.593679015516346720e-01,-2.241404812624485932e-01,9.563294248254920055e-03,-2.581862682298700085e-01,1.731609380561231759e-01,-1.043540957139032221e-01,-1.153392641074222347e-01,-1.509076099507919086e-02,-1.064288509638948443e-01,-4.111137418798962440e-01,2.163308423444075257e-01,-1.321893394126814614e-01,4.208964659695228934e-03,9.914649643525322298e-02,0.000000000000000000e+00,0.000000000000000000e+00,-3.100630211124159180e-02,3.869465436170892447e-01,-3.844279067800280836e-01,1.245296030322447178e+00,0.000000000000000000e+00,0.000000000000000000e+00,0.000000000000000000e+00,-1.116437727306435063e-01,-3.118988041477679385e-01,6.163871124385300604e-01,1.075267523048687224e+00,0.000000000000000000e+00,0.000000000000000000e+00,0.000000000000000000e+00
-1.039131763180503251e-02,-2.437450827537268258e-02,8.919583577255607576e-01,-2.357927597460858157e-02,-4.183156988202252173e-03,5.096752865869192961e-01,8.600335000362877569e-01,-2.213453812047789238e-01,1.003582496333081317e-02,-2.572628379810135701e-01,1.699335450149368487e-01,-1.032651773993321365e-01,-1.146180133219339980e-01,-1.581254014698846647e-02,-1.066515373460200644e-01,-4.078094614495152426e-01,2.181530525037672641e-01,-1.340285813632328404e-01,5.195309137588341279e-03,1.002915959881777175e-01,0.000000000000000000e+00,0.000000000000000000e+00,-3.029641833517369987e-02,3.877515318326322791e-01,-3.806278311712605333e-01,1.245351998129793580e+00,0.000000000000000000e+00,0.000000000000000000e+00,0.000000000000000000e+00,-1.110050613054057445e-01,-3.136663919770166231e-01,6.170864857624637212e-01,1.074449658902099758e+00,0.000000000000000000e+00,0.000000000000000000e+00,0.000000000000000000e+00
-1.034448602883115617e-02,-2.430888618394499295e-02,8.919317621683918729e-01,-2.383297278099206357e-02,-3.443077445232318578e-03,5.105518789314079653e-01,8.595096936892194783e-01,-2.233710125382964706e-01,8.420303359835311363e-03,-2.601148702680018965e-01,1.708590960333917774e-01,-1.046220319076186928e-01,-1.119381298021911164e-01,-1.627039891398727664e-02,-1.074898240904052504e-01,-4.106196299306001940e-01,2.170586283269047845e-01,-1.345793101009624682e-01,7.008962781177569337e-03,1.007214469530724466e-01,0.000000000000000000e+00,0.000000000000000000e+00,-3.081933122847698575e-02,3.869436815776903238e-01,-3.814945559493472249e-01,1.243260763906389510e+00,0.000000000000000000e+00,0.000000000000000000e+00,0.000000000000000000e+00,-1.102640244157638699e-01,-3.126901505614092525e-01,6.145457362086995667e-01,1.075009480039457843e+00,0.000000000000000000e+00,0.000000000000000000e+00,0.000000000000000000e+00
-1.011492044833990113e-02,-2.431579933053623979e-02,8.919124086377914207e-01,-2.298104188398184325e-02,-4.024792832118572090e-03,5.099752464931854856e-01,8.598726188923571101e-01,-2.201145589094474497e-01,8.597537810348479873e-03,-2.580992751015518394e-01,1.690302733931387247e-01,-1.038836640003685530e-01,-1.113704913515909112e-01,-1.621360782385900326e-02,-1.079921675705217687e-01,-4.066227488253331690e-01,2.204263447635656514e-01,-1.368239629236223109e-01,6.814232603615292226e-03,1.014437334268627755e-01,0.000000000000000000e+00,0.000000000000000000e+00,-3.008021679099961987e-02,3.878162256585234724e-01,-3.777436390875719141e-01,1.242457480533149861e+00,0.000000000000000000e+00,0.000000000000000000e+00,0.000000000000000000e+00,-1.098088334189483151e-01,-3.133637768912486132e-01,6.141080435093038137e-01,1.074946300095992235e+00,0.000000000000000000e+00,0.000000000000000000e+00,0.000000000000000000e+00
-1.005084598415764870e-02,-2.429346177526540973e-02,8.919329262587751828e-01,-2.364413165125540950e-02,-2.848757875329431272e-03,5.112866607722869050e-01,8.590802000589650156e-01,-2.231924420846547741e-01,7.582899743304173136e-03,-2.602499285758093084e-01,1.686341155484747945e-01,-1.032947706669081062e-01,-1.105311823759571876e-01,-1.747955295131142783e-02,-1.083090007747467692e-01,-4.099953043238241390e-01,2.183467780110574241e-01,-1.356089928039458936e-01,6.951485355298657118e-03,9.990536034379599029e-02,0.000000000000000000e+00,0.000000000000000000e+00,-3.097131095461874012e-02,3.867877786243703042e-01,-3.803823890061195367e-01,1.243129831891655046e+00,0.000000000000000000e+00,0.000000000000000000e+00,0.000000000000000000e+00,-1.093949606659351675e-01,-3.131989174672202836e-01,6.140192856887218831e-01,1.073723231038731019e+00,0.000000000000000000e+00,0.000000000000000000e+00,0.000000000000000000e+00
-9.978951512336487265e-03,-2.446796936845195558e-02,8.917946775541487625e-01,-2.352597978512574808e-02,-3.500740392217313330e-03,5.115797445734652227e-01,8.589065362622438915e-01,-2.251251241038945694e-01,8.154585969535046650e-03,-2.582136854941331494e-01,1.747601299012227216e-01,-1.056588559290903007e-01,-1.136550845287193079e-01,-1.602222138108320634e-02,-1.077296871766516562e-01,-4.113079503476970711e-01,2.188316679058667225e-01,-1.375936805940761454e-01,5.817814501763505890e-03,1.004984657599962278e-01,0.000000000000000000e+00,0.000000000000000000e+00,-3.197889871774602794e-02,3.880549684895229778e-01,-3.826804239550093967e-01,1.243374728523469974e+00,0.000000000000000000e+00,0.000000000000000000e+00,0.000000000000000000e+00,-1.093212448960675931e-01,-3.122863369445160187e-01,6.153479666943205695e-01,1.074438322492095921e+00,0.000000000000000000e+00,0.000000000000000000e+00,0.000000000000000000e+00
-9.840809762366559479e-03,-2.457638563877379001e-02,8.918021777623382773e-01,-2.333853706441612469e-02,-3.763571173245448646e-03,5.105501856075963518e-01,8.595229236010908380e-01,-2.251467963141003392e-01,8.301972212482661151e-03,-2.592389745464995232e-01,1.774148220357852357e-01,-1.078754615385284221e-01,-1.153676933875182747e-01,-1.561586343706203653e-02,-1.072610835730750944e-01,-4.103114308875153160e-01,2.187531052588976288e-01,-1.391888291176260894e-01,5.428966266255680177e-03,1.022503035318473447e-01,0.000000000000000000e+00,0.000000000000000000e+00,-3.089948057458442865e-02,3.873715436175013682e-01,-3.796686243591964605e-01,1.243827476505864338e+00,0.000000000000000000e+00,0.000000000000000000e+00,0.000000000000000000e+00,-1.095877212458142985e-01,-3.115731530021572659e-01,6.147903509970720215e-01,1.073986180306726546e+00,0.000000000000000000e+00,0.000000000000000000e+00,0.000000000000000000e+00
-9.751714656420409216e-03,-2.473150793646237966e-02,8.917335445681281447e-01,-2.343697495374379505e-02,-3.901239265583908086e-03,5.110874416756845395e-01,8.592002767100433980e-01,-2.262951964921999237e-01,8.156523910181271222e-03,-2.602615722525333242e-01,1.798327664680569038e-01,-1.095096238921654808e-01,-1.146476629652379425e-01,-1.597069220565294420e-02,-1.065009804390853743e-01,-4.088942704862964517e-01,2.194798607823568448e-01,-1.394309542301558069e-01,6.009691687251563982e-03,1.014047951403886649e-01,0.000000000000000000e+00,0.000000000000000000e+00,-3.116571677855054651e-02,3.885407324238584481e-01,-3.812642554916160775e-01,1.242275593551234181e+00,0.000000000000000000e+00,0.000000000000000000e+00,0.000000000000000000e+00,-1.092202908785880333e-01,-3.115570421979789728e-01,6.151409825353149063e-01,1.072789203604470609e+00,0.000000000000000000e+00,0.000000000000000000e+00,0.000000000000000000e+00
-9.816784911196689556e-03,-2.484386177081655822e-02,8.916897080551378085e-01,-2.378366606758298279e-02,-4.275780456359472639e-03,5.104442225879357586e-01,8.595712597315441350e-01,-2.282934844838481747e-01,9.085843092344791233e-03,-2.597213961194077547e-01,1.846829207412464258e-01,-1.108265932684852073e-01,-1.138322113073347852e-01,-1.707293807255715057e-02,-1.055092436215583906e-01,-4.078607140771102202e-01,2.212733329821822970e-01,-1.383603478451045921e-01,4.774629895844326524e-03,1.018210369980486335e-01,0.000000000000000000e+00,0.000000000000000000e+00,-3.085554286007284250e-02,3.886098853428845423e-01,-3.826050143180862451e-01,1.243170013752696645e+00,0.000000000000000000e+00,0.000000000000000000e+00,0.000000000000000000e+00,-1.100027445855257524e-01,-3.109513645446437269e-01,6.165423290255028776e-01,1.073967067386743857e+00,0.000000000000000000e+00,0.000000000000000000e+00,0.000000000000000000e+00
-9.726737163573990347e-03,-2.493272337150743631e-02,8.916548604949324774e-01,-2.384667053100694017e-02,-4.132896829883710849e-03,5.106631736907243369e-01,8.594401541145821888e-01,-2.301997769997830567e-01,9.088080769769442749e-03,-2.586998796991215599e-01,1.877386209674955508e-01,-1.120968483309212477e-01,-1.148419697423076619e-01,-1.709967178444858626e-02,-1.054862498322345910e-01,-4.091726958389906299e-01,2.211710877706215550e-01,-1.393962484440299521e-01,3.856845607760017898e-03,1.024319896337608643e-01,0.000000000000000000e+00,0.000000000000000000e+00,-3.234101834331931657e-02,3.893695197429023480e-01,-3.830972627370201056e-01,1.244696258998121197e+00,0.000000000000000000e+00,0.000000000000000000e+00,0.000000000000000000e+00,-1.107976359981050207e-01,-3.105232892425307534e-01,6.166955610504553098e-01,1.074771606876367969e+00,0.000000000000000000e+00,0.000000000000000000e+00,0.000000000000000000e+00
-9.753554294521477736e-03,-2.503253504768329987e-02,8.916280084789938165e-01,-2.369184877218506041e-02,-4.377803064903283692e-03,5.101913914346101198e-01,8.597233713515630704e-01,-2.294311209276629904e-01,9.504661635914133169e-03,-2.581916711099331296e-01,1.875583515784899069e-01,-1.120466810795338192e-01,-1.148036635552263651e-01,-1.793659442315159724e-02,-1.061079284586104315e-01,-4.094372289321527303e-01,2.240630345915048949e-01,-1.411386651101952383e-01,4.018845976255709142e-03,1.025109200307308399e-01,0.000000000000000000e+00,0.000000000000000000e+00,-3.258637475274519385e-02,3.892166228767454661e-01,-3.836388019435039154e-01,1.246034658554892260e+00,0.000000000000000000e+00,0.000000000000000000e+00,0.000000000000000000e+00,-1.112111900634232264e-01,-3.112435878748576745e-01,6.176330417613462576e-01,1.073344970844998247e+00,0.000000000000000000e+00,0.000000000000000000e+00,0.000000000000000000e+00
-9.748534556206341073e-03,-2.490566144460806819e-02,8.917809624149681813e-01,-2.419902068370077819e-02,-4.202686221088517901e-03,5.092467032289238471e-01,8.602700390441071487e-01,-2.290883785905267755e-01,1.136739511727834391e-02,-2.556495216742107890e-01,1.859546544503467014e-01,-1.110545500649256501e-01,-1.121370188983363964e-01,-1.857613374185085320e-02,-1.041937553032734609e-01,-4.056767815264509802e-01,2.213891505501780765e-01,-1.371255299897900515e-01,5.802781964496120035e-03,1.027845595170247261e-01,0.000000000000000000e+00,0.000000000000000000e+00,-3.260665254275321029e-02,3.898636488228262031e-01,-3.846195704627412004e-01,1.246756652151276734e+00,0.000000000000000000e+00,0.000000000000000000e+00,0.000000000000000000e+00,-1.113938301728205488e-01,-3.107098701450858869e-01,6.163925930888698446e-01,1.075268700446586845e+00,0.000000000000000000e+00,0.000000000000000000e+00,0.000000000000000000e+00
-9.757820549810664393e-03,-2.482820427584204320e-02,8.917583791673986404e-01,-2.451457155059004467e-02,-3.887902525815489178e-03,5.093904833599408599e-01,8.601774557950042643e-01,-2.285931801435626964e-01,1.200759168509975446e-02,-2.559095579950549371e-01,1.823827050633993474e-01,-1.083516158720587014e-01,-1.128601345443659837e-01,-2.013442290725580425e-02,-1.039844349593805062e-01,-4.048262467305216994e-01,2.225066906428544156e-01,-1.367557190427105274e-01,4.858493115049359115e-03,1.023551710903387868e-01,0.000000000000000000e+00,0.000000000000000000e+00,-3.285231864116461287e-02,3.895801263310152418e-01,-3.862447418944844890e-01,1.247168546168478942e+00,0.000000000000000000e+00,0.000000000000000000e+00,0.000000000000000000e+00,-1.104195793889015953e-01,-3.126466015177237767e-01,6.194932263161162522e-01,1.070823078031121645e+00,0.000000000000000000e+00,0.000000000000000000e+00,0.000000000000000000e+00
-9.696071332915424945e-03,-2.467977879687568293e-02,8.919048041436117291e-01,-2.454072833869314074e-02,-3.377295159539800851e-03,5.093083728533611687e-01,8.602274861171741449e-01,-2.270307497678908659e-01,1.220064261503440127e-02,-2.551768199879356214e-01,1.777560557309918465e-01,-1.064705299490066315e-01,-1.117389864987219789e-01,-1.970588401229089390e-02,-1.035847585389488013e-01,-4.033629434839277605e-01,2.191973031116982995e-01,-1.353073129285545795e-01,5.805499142463003623e-03,1.012378465439081054e-01,0.000000000000000000e+00,0.000000000000000000e+00,-3.213004031470310246e-02,3.887877070062502605e-01,-3.849529340347050965e-01,1.247564355594013241e+00,0.000000000000000000e+00,0.000000000000000000e+00,0.000000000000000000e+00,-1.107879772976187172e-01,-3.131795987689124927e-01,6.194943120319320595e-01,1.070285978368789248e+00,0.000000000000000000e+00,0.000000000000000000e+00,0.000000000000000000e+00
-9.713058852618510625e-03,-2.462639857872681026e-02,8.917900302911526689e-01,-2.447944819594573274e-02,-3.325954034822115567e-03,5.111009451533183867e-01,8.591655943467267909e-01,-2.276884014335283091e-01,1.021389552213222175e-02,-2.598444817561626485e-01,1.777954019863193236e-01,-1.049346297979495690e-01,-1.121779622016497863e-01,-2.042303919819116881e-02,-1.053630027517834800e-01,-4.069022362614663768e-01,2.227934805366625082e-01,-1.352404944518112162e-01,5.826093628452513190e-03,1.002067950447817213e-01,0.000000000000000000e+00,0.000000000000000000e+00,-3.323433916326353627e-02,3.874649061687946983e-01,-3.876103285309527857e-01,1.247773842049936466e+00,0.000000000000000000e+00,0.000000000000000000e+00,0.000000000000000000e+00,-1.102757146576001934e-01,-3.122048072915099004e-01,6.190687683584334966e-01,1.072954955780537345e+00,0.000000000000000000e+00,0.000000000000000000e+00,0.000000000000000000e+00
-9.506264605575711485e-03,-2.449360177479613376e-02,8.919351648526907539e-01,-2.434331283586874117e-02,-3.381448545191515203e-03,5.107418945577559821e-01,8.593827354965101195e-01,-2.243493596561003389e-01,1.139769867509800826e-02,-2.585265916471549130e-01,1.727162810393861325e-01,-1.043114758036813722e-01,-1.126168534680290628e-01,-1.910795142760002285e-02,-1.043044527705173918e-01,-4.047694978626370510e-01,2.202396708271887049e-01,-1.348324176377830863e-01,6.339173493854419195e-03,1.015954249898776696e-01,0.000000000000000000e+00,0.000000000000000000e+00,-3.289421399050543315e-02,3.887342339341774977e-01,-3.856509327538996668e-01,1.244718660794940535e+00,0.000000000000000000e+00,0.000000000000000000e+00,0.000000000000000000e+00,-1.087337530379268308e-01,-3.137867395915051039e-01,6.193353581240453876e-01,1.071106290859602517e+00,0.000000000000000000e+00,0.000000000000000000e+00,0.000000000000000000e+00
-9.268017013288771047e-03,-2.439243589228198839e-02,8.920745769691137417e-01,-2.432777236362651876e-02,-2.728618462230536328e-03,5.110625807184482339e-01,8.591948281516305075e-01,-2.204292150265073358e-01,1.177626093639966634e-02,-2.597852976237056688e-01,1.618862299405642580e-01,-9.887052878380718501e-02,-1.127422744584930109e-01,-1.904371467898961084e-02,-1.043498363301254284e-01,-4.047177096754016601e-01,2.183110457117349301e-01,-1.348605127787892433e-01,6.703683685162515477e-03,1.000799409783339755e-01,0.000000000000000000e+00,0.000000000000000000e+00,-3.240390426241927802e-02,3.889438778135109742e-01,-3.852690070595091720e-01,1.245104649990972590e+00,0.000000000000000000e+00,0.000000000000000000e+00,0.000000000000000000e+00,-1.083785226687326575e-01,-3.149099584079395608e-01,6.176641895768035795e-01,1.067503810588433355e+00,0.000000000000000000e+00,0.000000000000000000e+00,0.000000000000000000e+00
-9.238706709117614629e-03,-2.436692650132471494e-02,8.920070203162010491e-01,-2.417272511842041491e-02,-2.738374987071402929e-03,5.114883695324836665e-01,8.589457657476284869e-01,-2.210606585341244601e-01,1.146370333489345542e-02,-2.588723643510150163e-01,1.632284736721021090e-01,-9.804969226093897261e-02,-1.141416055011494068e-01,-1.960355427971998896e-02,-1.058355679538026672e-01,-4.070305747732613777e-01,2.208229096299075822e-01,-1.347726577710820772e-01,6.892513773643061357e-03,9.941875278314954434e-02,0.000000000000000000e+00,0.000000000000000000e+00,-3.227041492738064871e-02,3.873626281387578252e-01,-3.857253174899041848e-01,1.247704957757127087e+00,0.000000000000000000e+00,0.000000000000000000e+00,0.000000000000000000e+00,-1.091569787878401421e-01,-3.131852598970867319e-01,6.175498452666974281e-01,1.071357198339343508e+00,0.000000000000000000e+00,0.000000000000000000e+00,0.000000000000000000e+00
-9.121172786731560414e-03,-2.440662386105815762e-02,8.919252976893146112e-01,-2.366610154280955614e-02,-3.512950449561790933e-03,5.107070434139158177e-01,8.594218350870079792e-01,-2.223458564333429255e-01,1.103244729612010838e-02,-2.576453455734244447e-01,1.710684516303690450e-01,-1.017136763368673841e-01,-1.113182326432719527e-01,-2.015275603706685736e-02,-1.060884337672306776e-01,-4.043898718470760878e-01,2.252131220921485544e-01,-1.360127192711710620e-01,5.228601244259830499e-03,9.886311290978927468e-02,0.000000000000000000e+00,0.000000000000000000e+00,-3.059438087231653586e-02,3.870975912695082677e-01,-3.849173212312188563e-01,1.247838729350963183e+00,0.000000000000000000e+00,0.000000000000000000e+00,0.000000000000000000e+00,-1.099672273382415189e-01,-3.108345739006354580e-01,6.158530031012362516e-01,1.072759254160673636e+00,0.000000000000000000e+00,0.000000000000000000e+00,0.000000000000000000e+00
-8.945102014206989666e-03,-2.442518480014677779e-02,8.917770162970988235e-01,-2.349406497772134339e-02,-4.378695970249008029e-03,5.110563783008514882e-01,8.592148940343380392e-01,-2.251546114402451504e-01,1.064734617224755500e-02,-2.577019520765805316e-01,1.810948571015956743e-01,-1.060431921281290990e-01,-1.114080572960293170e-01,-1.965516361976501342e-02,-1.057124005539952644e-01,-4.039374468258636330e-01,2.283876500986507518e-01,-1.360618465642227382e-01,5.050737132833050570e-03,9.917030271736099190e-02,0.000000000000000000e+00,0.000000000000000000e+00,-3.160872772528540431e-02,3.873285350779497316e-01,-3.848812335076233770e-01,1.250650013213179479e+00,0.000000000000000000e+00,0.000000000000000000e+00,0.000000000000000000e+00,-1.091709358975024163e-01,-3.099625245390101869e-01,6.164205089731518150e-01,1.074172692103935622e+00,0.000000000000000000e+00,0.000000000000000000e+00,0.000000000000000000e+00
-8.692561006550771768e-03,-2.442199467903088950e-02,8.916879832443854736e-01,-2.370362659261977464e-02,-4.557833164531069174e-03,5.105259314349311905e-01,8.595234944873215710e-01,-2.299335618998757380e-01,1.041374093457277800e-02,-2.579716276799975394e-01,1.927782954850613129e-01,-1.124841092546536442e-01,-1.128712232899337919e-01,-1.915819923856990764e-02,-1.036968923294556977e-01,-4.013401477156950947e-01,2.270704549994533861e-01,-1.370972311940065469e-01,3.462903131905223971e-03,9.965002866807394499e-02,0.000000000000000000e+00,0.000000000000000000e+00,-3.098055048175205051e-02,3.896158719546524152e-01,-3.879509439873857213e-01,1.250580294812365434e+00,0.000000000000000000e+00,0.000000000000000000e+00,0.000000000000000000e+00,-1.086241045402071004e-01,-3.097974150787303760e-01,6.178933118921088319e-01,1.070483857674271899e+00,0.000000000000000000e+00,0.000000000000000000e+00,0.000000000000000000e+00
-8.360127275606015623e-03,-2.435589337641956911e-02,8.916826611856899509e-01,-2.415140439878500633e-02,-4.077838289786810295e-03,5.105266936170487213e-01,8.595129876883135234e-01,-2.329512949719131087e-01,1.039387152114940732e-02,-2.587303467934582435e-01,1.974210163175667554e-01,-1.156706582381607784e-01,-1.121348961232733060e-01,-1.883031976897132573e-02,-1.020275585075129804e-01,-4.002007734766026559e-01,2.233163425171733607e-01,-1.363330462511900820e-01,4.568215842740253052e-03,1.010031208278171777e-01,0.000000000000000000e+00,0.000000000000000000e+00,-3.177703286275058991e-02,3.906409915355134599e-01,-3.866888908616474829e-01,1.252256944255901061e+00,0.000000000000000000e+00,0.000000000000000000e+00,0.000000000000000000e+00,-1.075904102465905232e-01,-3.084788193926136790e-01,6.178946700662596436e-01,1.072076754992578707e+00,0.000000000000000000e+00,0.000000000000000000e+00,0.000000000000000000e+00
-8.139339198833934336e-03,-2.436775747169331666e-02,8.915708313872522384e-01,-2.454194426963916473e-02,-4.326194345298198241e-03,5.105256852184547611e-01,8.595013099153357983e-01,-2.360880908944580914e-01,1.089100970603361883e-02,-2.594066395441372297e-01,2.043069080872969012e-01,-1.179774222539912432e-01,-1.136235485529136641e-01,-1.879349020998341904e-02,-1.010016535040063057e-01,-4.015938541631953740e-01,2.239856509934860795e-01,-1.367777486228252404e-01,4.301335035632550610e-03,1.020801566380806769e-01,0.000000000000000000e+00,0.000000000000000000e+00,-3.209633555698157559e-02,3.910228857675955849e-01,-3.883791090843467519e-01,1.251920493547265201e+00,0.000000000000000000e+00,0.000000000000000000e+00,0.000000000000000000e+00,-1.069143333840892607e-01,-3.085473294060477323e-01,6.196253118793793035e-01,1.071069732584889467e+00,0.000000000000000000e+00,0.000000000000000000e+00,0.000000000000000000e+00
-7.832858631686609105e-03,-2.439469731748795597e-02,8.916352850782397477e-01,-2.447895770883295324e-02,-4.339460063860655324e-03,5.087950310038856783e-01,8.605286550380508714e-01,-2.332220494703365066e-01,1.340208807286173698e-02,-2.553602885857952920e-01,2.001446163809421086e-01,-1.180303665853031092e-01,-1.120904783851429942e-01,-1.996864620114981170e-02,-9.943406093376488952e-02,-3.953073556224963037e-01,2.244499674751191665e-01,-1.387098792491725796e-01,5.684989057157223066e-03,1.018581621776565305e-01,0.000000000000000000e+00,0.000000000000000000e+00,-2.947245426578359168e-02,3.925971596833252031e-01,-3.856312852271505109e-01,1.250376027825599312e+00,0.000000000000000000e+00,0.000000000000000000e+00,0.000000000000000000e+00,-1.074982479118136713e-01,-3.085700475469347892e-01,6.203044922278865281e-01,1.069184090302560453e+00,0.000000000000000000e+00,0.000000000000000000e+00,0.000000000000000000e+00
-7.725027618526543981e-03,-2.445973326784709259e-02,8.916249283618402632e-01,-2.459286005047770646e-02,-4.024653591199863802e-03,5.098354375141536110e-01,8.599109372794130346e-01,-2.351582093928058781e-01,1.216184655437943171e-02,-2.577784391976497558e-01,2.023251436669374348e-01,-1.179699371357705723e-01,-1.117881035561803654e-01,-1.903117826397133019e-02,-9.994662818737681809e-02,-3.993001436065859999e-01,2.223546557171461879e-01,-1.378076191648112958e-01,6.652307750443411938e-03,1.029508028630302663e-01,0.000000000000000000e+00,0.000000000000000000e+00,-3.099781580069261439e-02,3.917775642902041056e-01,-3.858170389974435732e-01,1.250066054855109021e+00,0.000000000000000000e+00,0.000000000000000000e+00,0.000000000000000000e+00,-1.072643139024477416e-01,-3.067220400359566557e-01,6.185521702823083556e-01,1.072683249469207345e+00,0.000000000000000000e+00,0.000000000000000000e+00,0.000000000000000000e+00
-7.631612916213741452e-03,-2.460979059126161897e-02,8.915324264467687776e-01,-2.461833371287412003e-02,-4.221369843060695896e-03,5.096491231901643104e-01,8.600197026309019943e-01,-2.362619040420743666e-01,1.283050474360060075e-02,-2.566147661311903305e-01,2.049225481600642218e-01,-1.185504628402899996e-01,-1.126410176161902615e-01,-2.029434023926461259e-02,-9.991773029087439029e-02,-3.987327323990532690e-01,2.254516361277776049e-01,-1.389038128895307977e-01,6.643492016506557379e-03,1.016145171168610084e-01,0.000000000000000000e+00,0.000000000000000000e+00,-2.982693777123345685e-02,3.913793798505840194e-01,-3.856850197830268279e-01,1.251175575856697364e+00,0.000000000000000000e+00,0.000000000000000000e+00,0.000000000000000000e+00,-1.078728604926238732e-01,-3.065758506317398657e-01,6.189795031646959655e-01,1.069621037925949647e+00,0.000000000000000000e+00,0.000000000000000000e+00,0.000000000000000000e+00
-7.398402080757475463e-03,-2.475179163816000963e-02,8.916353394840431656e-01,-2.470074425568110493e-02,-4.314893544352086177e-03,5.082859969215348661e-01,8.608232108048645692e-01,-2.342057664679099427e-01,1.534201825308523226e-02,-2.539303124023092884e-01,2.015558072664037914e-01,-1.172870770452770078e-01,-1.157540453400116992e-01,-1.901455983558537205e-02,-9.766997107345948281e-02,-3.961846508377775411e-01,2.213263481957510881e-01,-1.388377353778088297e-01,6.024683168013840982e-03,1.019126291194426548e-01,0.000000000000000000e+00,0.000000000000000000e+00,-2.949104693036414329e-02,3.938398840239200061e-01,-3.859647418893711879e-01,1.252488833704944904e+00,0.000000000000000000e+00,0.000000000000000000e+00,0.000000000000000000e+00,-1.092820710564402220e-01,-3.081284518328607502e-01,6.231970743339900753e-01,1.067298435869538764e+00,0.000000000000000000e+00,0.000000000000000000e+00,0.000000000000000000e+00
-7.440613687381109065e-03,-2.499621749153630237e-02,8.915346082170720887e-01,-2.449946649581819999e-02,-4.290151698251068804e-03,5.095668435941614893e-01,8.600715101951166286e-01,-2.350105445069969046e-01,1.415480331591502383e-02,-2.550693248690956705e-01,2.021053020911255660e-01,-1.163771463971083331e-01,-1.142427463061701232e-01,-2.145663983566603247e-02,-9.906362018639565392e-02,-3.956712592350112301e-01,2.266805326410656907e-01,-1.388494323967967292e-01,5.520406188836672265e-03,1.001147611102461976e-01,0.000000000000000000e+00,0.000000000000000000e+00,-2.913317709925972512e-02,3.925312298584598403e-01,-3.861313023609845296e-01,1.252148565787945866e+00,0.000000000000000000e+00,0.000000000000000000e+00,0.000000000000000000e+00,-1.091657650023517279e-01,-3.068883319443470037e-01,6.225264315057101872e-01,1.068853916846497221e+00,0.000000000000000000e+00,0.000000000000000000e+00,0.000000000000000000e+00
-7.298671462602018822e-03,-2.522262001187297251e-02,8.914414819213735131e-01,-2.400241384493371349e-02,-3.864770774109886012e-03,5.094644806562320660e-01,8.601481794587226837e-01,-2.343892571422465654e-01,1.272968093553821997e-02,-2.566853718861282219e-01,2.000507527081843984e-01,-1.149540922842769847e-01,-1.124563858519904702e-01,-2.505397085866700388e-02,-1.016825804719855841e-01,-3.958689796247950587e-01,2.342412901906489597e-01,-1.449585070689214661e-01,5.599593090075593617e-03,9.927542936204272750e-02,0.000000000000000000e+00,0.000000000000000000e+00,-2.892711890752975787e-02,3.923000806921306260e-01,-3.864129860335319133e-01,1.253013342714064393e+00,0.000000000000000000e+00,0.000000000000000000e+00,0.000000000000000000e+00,-1.103832066380603660e-01,-3.071495957565390511e-01,6.211383482188592708e-01,1.069038222476120792e+00,0.000000000000000000e+00,0.000000000000000000e+00,0.000000000000000000e+00
-7.161559074709040670e-03,-2.552696662670719471e-02,8.914468570091372834e-01,-2.373565579025198671e-02,-4.232507974183269579e-03,5.078237291512800455e-01,8.611235478323314707e-01,-2.324626018878606926e-01,1.506583452764352106e-02,-2.524439352091553124e-01,1.988457377586003716e-01,-1.158609856898611123e-01,-1.151490809271916715e-01,-2.457059825392590713e-02,-9.966573424467793652e-02,-3.904291030519571049e-01,2.324662296992713040e-01,-1.468091080666329984e-01,4.924105867178029707e-03,1.000319822927138724e-01,0.000000000000000000e+00,0.000000000000000000e+00,-2.735858029528000224e-02,3.938752657461848661e-01,-3.829149345847283614e-01,1.250245835784514314e+00,0.000000000000000000e+00,0.000000000000000000e+00,0.000000000000000000e+00,-1.121570725444504257e-01,-3.070466690685493827e-01,6.241173029267552685e-01,1.067791553110233993e+00,0.000000000000000000e+00,0.000000000000000000e+00,0.000000000000000000e+00
-7.132930277499744537e-03,-2.580322624165151679e-02,8.913619345536011318e-01,-2.418651228933138900e-02,-3.473216229669736678e-03,5.099909177109037683e-01,8.598326658395161193e-01,-2.366313468548060794e-01,1.325628067321653510e-02,-2.559798531065486382e-01,2.016551897027708540e-01,-1.158315533486778126e-01,-1.144377129917167890e-01,-2.682700751868615993e-02,-1.003706682056221544e-01,-3.932189944101921464e-01,2.348764898577508364e-01,-1.479784710029206085e-01,5.820133546566673768e-03,9.991792734668313025e-02,0.000000000000000000e+00,0.000000000000000000e+00,-2.936152674495640102e-02,3.938217526266228896e-01,-3.852575464090671198e-01,1.248663853290685299e+00,0.000000000000000000e+00,0.000000000000000000e+00,0.000000000000000000e+00,-1.104710005231004377e-01,-3.064795950233911714e-01,6.223797877615633301e-01,1.067948536106825941e+00,0.000000000000000000e+00,0.000000000000000000e+00,0.000000000000000000e+00
-7.108222595007969088e-03,-2.616212548065831658e-02,8.911824979977170935e-01,-2.446427970740290211e-02,-3.440355713717633580e-03,5.111367842450077470e-01,8.591442549203436307e-01,-2.404771417991531934e-01,1.265668793230244511e-02,-2.574990854929878892e-01,2.072840402477236499e-01,-1.172776217318060171e-01,-1.155747671083174888e-01,-2.820924248467395618e-02,-9.991146454043202396e-02,-3.934316302419348377e-01,2.368669234190512729e-01,-1.488262520760975649e-01,5.376254064170914691e-03,1.004627633090768857e-01,0.000000000000000000e+00,0.000000000000000000e+00,-3.194223797976379620e-02,3.942755211450158503e-01,-3.863009340017670157e-01,1.248227840009914935e+00,0.000000000000000000e+00,0.000000000000000000e+00,0.000000000000000000e+00,-1.095138468006109228e-01,-3.065928460016567048e-01,6.230964590104985934e-01,1.066592726252125312e+00,0.000000000000000000e+00,0.000000000000000000e+00,0.000000000000000000e+00
-7.050128768100074987e-03,-2.664035233815800069e-02,8.910530702618069121e-01,-2.442145246725769062e-02,-3.761624974865604345e-03,5.114752973000330494e-01,8.589426424906261293e-01,-2.418923078262281978e-01,1.340747550536217428e-02,-2.557018207594098924e-01,2.103448870809149218e-01,-1.187464403274208075e-01,-1.159262191983103929e-01,-2.904063876854902707e-02,-1.000589567139159586e-01,-3.949737900745334818e-01,2.398637228208771732e-01,-1.512048623154698956e-01,5.084881323021598482e-03,9.995650282430901257e-02,0.000000000000000000e+00,0.000000000000000000e+00,-3.282139224619430584e-02,3.951371922727484609e-01,-3.861165728532586217e-01,1.246959817977461693e+00,0.000000000000000000e+00,0.000000000000000000e+00,0.000000000000000000e+00,-1.100802909942631830e-01,-3.054468415339197662e-01,6.215435394372944566e-01,1.067944868062248753e+00,0.000000000000000000e+00,0.000000000000000000e+00,0.000000000000000000e+00
-7.081032835267380560e-03,-2.713807974423582819e-02,8.909518638862605755e-01,-2.438974242680327226e-02,-4.481324170019280843e-03,5.115651694658875925e-01,8.588865673576304705e-01,-2.430453233124525991e-01,1.459517481867819710e-02,-2.547721529672278273e-01,2.140215006536065612e-01,-1.185086152211950600e-01,-1.203789447815558633e-01,-2.947904833336673081e-02,-9.921593584395811682e-02,-3.941009786164606510e-01,2.422738560864097779e-01,-1.503074840366175891e-01,3.962715560048638008e-03,1.000044676392178311e-01,0.000000000000000000e+00,0.000000000000000000e+00,-3.293502265148643554e-02,3.958518940917839513e-01,-3.887024066985652060e-01,1.246135832754983630e+00,0.000000000000000000e+00,0.000000000000000000e+00,0.000000000000000000e+00,-1.110639942979339684e-01,-3.054056003453752277e-01,6.241182105973140937e-01,1.066805055480344988e+00,0.000000000000000000e+00,0.000000000000000000e+00,0.000000000000000000e+00
-6.958828288359746039e-03,-2.767088584341113877e-02,8.907560574094124384e-01,-2.449796311062973214e-02,-4.444502993214858796e-03,5.123142656548096419e-01,8.584370619929834190e-01,-2.462527824210627991e-01,1.374108958440998021e-02,-2.575140994092802171e-01,2.190039097144646507e-01,-1.204328967522107358e-01,-1.207567507171898730e-01,-3.209029002157384736e-02,-9.917726170819138320e-02,-3.938290227589344994e-01,2.472432995649458953e-01,-1.549319167483253490e-01,2.266402843325256242e-03,1.008732620219958132e-01,0.000000000000000000e+00,0.000000000000000000e+00,-3.463122553132805259e-02,3.962720722344061919e-01,-3.876590953930444949e-01,1.246615669848787800e+00,0.000000000000000000e+00,0.000000000000000000e+00,0.000000000000000000e+00,-1.094033294360029496e-01,-3.050840972840911380e-01,6.251795180302140986e-01,1.065215280031298617e+00,0.000000000000000000e+00,0.000000000000000000e+00,0.000000000000000000e+00
-6.956605943608633325e-03,-2.824081345663357820e-02,8.904321057478773449e-01,-2.431402952984651825e-02,-5.296494231174076958e-03,5.118836533850804615e-01,8.586942998029174490e-01,-2.508671274180653277e-01,1.352035690548315100e-02,-2.578314978643433397e-01,2.315779002284598376e-01,-1.250062057564926554e-01,-1.233834880389692995e-01,-3.336254961854706602e-02,-9.915011754745024775e-02,-3.940554055875099548e-01,2.528959344633395778e-01,-1.594941599896298745e-01,5.217471719914797915e-04,1.018182616865334345e-01,0.000000000000000000e+00,0.000000000000000000e+00,-3.523993683046326708e-02,3.973922389613365747e-01,-3.890635795352598847e-01,1.247163939914856856e+00,0.000000000000000000e+00,0.000000000000000000e+00,0.000000000000000000e+00,-1.109176390871918078e-01,-3.043444143803223367e-01,6.271629579529596210e-01,1.065401281208966822e+00,0.000000000000000000e+00,0.000000000000000000e+00,0.000000000000000000e+00
-6.805291064786490179e-03,-2.871048553842322701e-02,8.904336672619119764e-01,-2.494696401902947100e-02,-5.548934684694315292e-03,5.116207315781950982e-01,8.588312321576864194e-01,-2.504162899373408302e-01,1.721888974791748253e-02,-2.545680046838288413e-01,2.289561105456975887e-01,-1.238468260257840070e-01,-1.249342920906316712e-01,-3.306955305277362728e-02,-9.587368320726827320e-02,-3.920546418686109424e-01,2.498927460514794863e-01,-1.591686797357841354e-01,1.459290786632268244e-03,1.025493393591168784e-01,0.000000000000000000e+00,0.000000000000000000e+00,-3.615147136706856057e-02,4.005056152928385682e-01,-3.852315960250383697e-01,1.243145760713307624e+00,0.000000000000000000e+00,0.000000000000000000e+00,0.000000000000000000e+00,-1.104408399367117904e-01,-3.049448287060318452e-01,6.272263450629759207e-01,1.063637433862940629e+00,0.000000000000000000e+00,0.000000000000000000e+00,0.000000000000000000e+00
-6.813938860084039865e-03,-2.903973323610790219e-02,8.904056590580394781e-01,-2.564351621091295191e-02,-4.926948872067229632e-03,5.125445777188459839e-01,8.582634741745460705e-01,-2.557738742528007370e-01,1.662401389804678969e-02,-2.559228636516686639e-01,2.350670559659466252e-01,-1.258759754134421704e-01,-1.229186524951918907e-01,-3.367589001486842593e-02,-9.509285188155576496e-02,-3.947606932166334293e-01,2.474088675139934079e-01,-1.589352364072779966e-01,2.046069131442407058e-03,1.021907503355498903e-01,0.000000000000000000e+00,0.000000000000000000e+00,-3.735635697137089373e-02,3.997633172870620477e-01,-3.851619308557241994e-01,1.244177597443509864e+00,0.000000000000000000e+00,0.000000000000000000e+00,0.000000000000000000e+00,-1.105485094387190226e-01,-3.024321637964121900e-01,6.240521083791168433e-01,1.065405710730619848e+00,0.000000000000000000e+00,0.000000000000000000e+00,0.000000000000000000e+00
-6.698637122685651042e-03,-2.942037875773384839e-02,8.903292891526317643e-01,-2.599334884483452818e-02,-5.731666716176854644e-03,5.118346387700135613e-01,8.586715299622168507e-01,-2.568004209516510650e-01,1.938648188908261016e-02,-2.537762646646929410e-01,2.390903289547013366e-01,-1.276518824438772348e-01,-1.251267749664441431e-01,-3.253800197260880989e-02,-9.167620352800570638e-02,-3.921654987208657017e-01,2.451619319778292061e-01,-1.585250963916509659e-01,-1.111619066769204203e-03,1.034711960884381055e-01,0.000000000000000000e+00,0.000000000000000000e+00,-3.811246763418824762e-02,4.022302605236935391e-01,-3.847506429249302196e-01,1.243330872935634268e+00,0.000000000000000000e+00,0.000000000000000000e+00,0.000000000000000000e+00,-1.102852881426184956e-01,-3.033073915929744291e-01,6.272677972069546914e-01,1.061718426235769286e+00,0.000000000000000000e+00,0.000000000000000000e+00,0.000000000000000000e+00
-6.663458604803587995e-03,-2.971880730930244463e-02,8.902400445377588456e-01,-2.618723424484878382e-02,-5.644927219491687950e-03,5.136925837163203168e-01,8.575559999172898129e-01,-2.593572651456170219e-01,1.861374470738212661e-02,-2.553855261520737718e-01,2.418439579241064008e-01,-1.285391946719106337e-01,-1.252695107939924002e-01,-3.214804837263648962e-02,-9.187537148163107958e-02,-3.961005648052807193e-01,2.451530367087110807e-01,-1.590780485260966659e-01,-1.802648160347914211e-03,1.029589569019215278e-01,0.000000000000000000e+00,0.000000000000000000e+00,-4.065042235542929566e-02,4.026613397179303888e-01,-3.870070783792706748e-01,1.243664847313287192e+00,0.000000000000000000e+00,0.000000000000000000e+00,0.000000000000000000e+00,-1.105191009104918576e-01,-3.018645058647100865e-01,6.236409665670027413e-01,1.064048749839606289e+00,0.000000000000000000e+00,0.000000000000000000e+00,0.000000000000000000e+00
-6.535567596603632755e-03,-2.989738068398348214e-02,8.903137020738653984e-01,-2.666622399654908562e-02,-6.074385076706728497e-03,5.121655992307072580e-01,8.584511711846840587e-01,-2.581738082112565169e-01,2.263701864592696650e-02,-2.514362779382137703e-01,2.400433025870462311e-01,-1.266069253241320913e-01,-1.275077289907945166e-01,-3.007668004353258179e-02,-8.880051567603475249e-02,-3.954782285731422986e-01,2.398905785075780006e-01,-1.583069173257529438e-01,-9.344163490325654159e-04,1.040590168029047607e-01,0.000000000000000000e+00,0.000000000000000000e+00,-4.018444958668335176e-02,4.045386658787324397e-01,-3.866042503176665424e-01,1.243487536404790594e+00,0.000000000000000000e+00,0.000000000000000000e+00,0.000000000000000000e+00,-1.115241865076870842e-01,-3.013314306751962435e-01,6.249233420861100008e-01,1.063635831953956945e+00,0.000000000000000000e+00,0.000000000000000000e+00,0.000000000000000000e+00
-6.408539375407890093e-03,-3.004881472904892895e-02,8.902754320588710524e-01,-2.711836691214622799e-02,-5.666347954302108220e-03,5.137500126695294655e-01,8.574925137626199234e-01,-2.601141973767020499e-01,2.205364871682131273e-02,-2.541004318105454240e-01,2.403404024565990449e-01,-1.266008933786041679e-01,-1.258821634009834045e-01,-3.115541921533111422e-02,-8.784396812136979760e-02,-3.950789101581533291e-01,2.397701501995517792e-01,-1.574076723844763104e-01,-1.815225283821929672e-03,1.032897997899518694e-01,0.000000000000000000e+00,0.000000000000000000e+00,-4.268816265632877083e-02,4.047200458296599801e-01,-3.888353352462743939e-01,1.244030317646484418e+00,0.000000000000000000e+00,0.000000000000000000e+00,0.000000000000000000e+00,-1.102212389468680831e-01,-3.009406821610596805e-01,6.233776270942673614e-01,1.063949183669520293e+00,0.000000000000000000e+00,0.000000000000000000e+00,0.000000000000000000e+00
-6.327381212826740584e-03,-3.007175501613374227e-02,8.905331129127742606e-01,-2.799688768528937888e-02,-4.576917019479863694e-03,5.135362236618412624e-01,8.575988415906756757e-01,-2.594899203065746396e-01,2.343695708319039686e-02,-2.551026807005852826e-01,2.331802945237638203e-01,-1.243220000911647999e-01,-1.237495059345783133e-01,-2.956004636201300939e-02,-8.601223440443626911e-02,-3.979671735404821109e-01,2.299308597277470723e-01,-1.536772853086842694e-01,4.616215192066478942e-04,1.031923527689690145e-01,0.000000000000000000e+00,0.000000000000000000e+00,-4.514000278052381077e-02,4.037835739799264800e-01,-3.890733580084409504e-01,1.248067130256681256e+00,0.000000000000000000e+00,0.000000000000000000e+00,0.000000000000000000e+00,-1.119154269397796969e-01,-3.002389825159202386e-01,6.228781878918869808e-01,1.064710310225848389e+00,0.000000000000000000e+00,0.000000000000000000e+00,0.000000000000000000e+00
-6.264308586506994563e-03,-3.018344705081252299e-02,8.906034495911171467e-01,-2.828884053136015986e-02,-4.929580800891513945e-03,5.136741952175992720e-01,8.575046716502887634e-01,-2.584336931775690349e-01,2.619944773289699380e-02,-2.513862546453202729e-01,2.306865586250406996e-01,-1.217744211621651501e-01,-1.257525272217993872e-01,-2.664486458195641436e-02,-8.341999957101868535e-02,-3.973997162568156383e-01,2.237502006501281004e-01,-1.510220328748371477e-01,4.494936247358537890e-04,1.025440340869821221e-01,0.000000000000000000e+00,0.000000000000000000e+00,-4.545198289569092609e-02,4.040342889242698465e-01,-3.878302121918475454e-01,1.247752765838935796e+00,0.000000000000000000e+00,0.000000000000000000e+00,0.000000000000000000e+00,-1.124864097230938997e-01,-2.996374554486641584e-01,6.226254843315172094e-01,1.063862333813847316e+00,0.000000000000000000e+00,0.000000000000000000e+00,0.000000000000000000e+00
-6.223447549694244990e-03,-3.040434370362818731e-02,8.904718084595492078e-01,-2.788979451857363095e-02,-5.368527316760617410e-03,5.147937899797039307e-01,8.568434466543423111e-01,-2.585378473992028803e-01,2.518635506254764816e-02,-2.532947384569661509e-01,2.323021565579073133e-01,-1.209957278863240115e-01,-1.265090549648594520e-01,-2.579357425891089586e-02,-8.482587618010359320e-02,-4.013551028527891917e-01,2.260685634261070664e-01,-1.524982070500950082e-01,-1.830073697698794341e-04,1.016783659419526753e-01,0.000000000000000000e+00,0.000000000000000000e+00,-4.633816983311388193e-02,4.040946901295921490e-01,-3.876940149037537142e-01,1.247686705352056835e+00,0.000000000000000000e+00,0.000000000000000000e+00,0.000000000000000000e+00,-1.132722845309142023e-01,-2.982319242645842250e-01,6.192276049869351873e-01,1.066322138650940943e+00,0.000000000000000000e+00,0.000000000000000000e+00,0.000000000000000000e+00
-6.083758223995806153e-03,-3.048645597494449924e-02,8.906079936444980527e-01,-2.796502427473052110e-02,-5.436693948264990223e-03,5.144398286563467426e-01,8.570531269812009523e-01,-2.556103211187670254e-01,2.747663841344984148e-02,-2.505030355759244598e-01,2.261704989799999399e-01,-1.179005876280240089e-01,-1.258449893603508785e-01,-2.527509221566763553e-02,-8.355020354174819142e-02,-3.995697473053412274e-01,2.239286797777300109e-01,-1.504287929766984222e-01,7.177327441527186179e-04,1.019653939464655323e-01,0.000000000000000000e+00,0.000000000000000000e+00,-4.527415154889304766e-02,4.050808084763340977e-01,-3.859115211627385245e-01,1.245769820386257276e+00,0.000000000000000000e+00,0.000000000000000000e+00,0.000000000000000000e+00,-1.130797478078473250e-01,-2.985110680085411583e-01,6.189865855316279974e-01,1.066903989410710407e+00,0.000000000000000000e+00,0.000000000000000000e+00,0.000000000000000000e+00
-5.945766431056721465e-03,-3.064464492606037288e-02,8.907370356697389413e-01,-2.779672746758693469e-02,-5.085836599889334217e-03,5.147757354471074187e-01,8.568590423185489247e-01,-2.517684969039170051e-01,2.820814566665177589e-02,-2.504292684547753112e-01,2.166256806518947198e-01,-1.132118353570949060e-01,-1.264772601999296642e-01,-2.527804113490833213e-02,-8.377019941625302168e-02,-3.997681688730833072e-01,2.231460376607853346e-01,-1.512707336180178219e-01,4.850984100677455980e-04,1.006786412184985519e-01,0.000000000000000000e+00,0.000000000000000000e+00,-4.533185217171750020e-02,4.048998226848520843e-01,-3.859519320485999549e-01,1.244967871458507291e+00,0.000000000000000000e+00,0.000000000000000000e+00,0.000000000000000000e+00,-1.140129458355987890e-01,-2.983779694940421057e-01,6.187210078863030205e-01,1.066970919864784983e+00,0.000000000000000000e+00,0.000000000000000000e+00,0.000000000000000000e+00
-5.866690491467579233e-03,-3.091500343459988726e-02,8.907668467260638767e-01,-2.681997452015426331e-02,-5.491875883900080961e-03,5.144444312115177276e-01,8.570866090783774149e-01,-2.469956829698416734e-01,2.796349877456612634e-02,-2.505238337599015042e-01,2.103977049570062430e-01,-1.101257607720785986e-01,-1.263210139430914758e-01,-2.558902357083263357e-02,-8.574425284848073703e-02,-3.994609669270996477e-01,2.274515278856736877e-01,-1.539147655611737275e-01,5.881670435585895779e-05,1.001746460682765433e-01,0.000000000000000000e+00,0.000000000000000000e+00,-4.371822248489158624e-02,4.049650151752785532e-01,-3.851550336804299701e-01,1.243847239975737873e+00,0.000000000000000000e+00,0.000000000000000000e+00,0.000000000000000000e+00,-1.146874524984183297e-01,-2.984957631888891516e-01,6.181775230476227456e-01,1.066504959886930282e+00,0.000000000000000000e+00,0.000000000000000000e+00,0.000000000000000000e+00
-5.755463435814447623e-03,-3.104456355107131429e-02,8.907257780794617386e-01,-2.701847953921842488e-02,-5.082606153854895767e-03,5.161120241067795877e-01,8.560797553093262291e-01,-2.465351900837060573e-01,2.839195298322765015e-02,-2.500525623017512133e-01,2.053127432979974243e-01,-1.067318958090256176e-01,-1.282119322591315780e-01,-2.719495428546477717e-02,-8.632223981810871472e-02,-4.010190057060948332e-01,2.300303063342819809e-01,-1.546159455216367939e-01,-1.153000628166464536e-04,9.938452523404653349e-02,0.000000000000000000e+00,0.000000000000000000e+00,-4.516655619645607717e-02,4.050647911322565187e-01,-3.860529094232649783e-01,1.241966255224531190e+00,0.000000000000000000e+00,0.000000000000000000e+00,0.000000000000000000e+00,-1.129877427789046512e-01,-2.988070784822501325e-01,6.171564753402474235e-01,1.066199621265929265e+00,0.000000000000000000e+00,0.000000000000000000e+00,0.000000000000000000e+00
-5.835785089175041067e-03,-3.132474689413049934e-02,8.906122005501955208e-01,-2.566357297949361377e-02,-5.978155881396648996e-03,5.148976027985694426e-01,8.568466031364480040e-01,-2.448940937229869552e-01,2.748433698368773700e-02,-2.474504524481920265e-01,2.087861856774719249e-01,-1.068714429447587960e-01,-1.258322727241549255e-01,-2.838206860902443146e-02,-8.925426309403672320e-02,-3.991803232073671825e-01,2.379877043206875264e-01,-1.581500852313201810e-01,-1.881507953360684812e-03,9.791971526528830960e-02,0.000000000000000000e+00,0.000000000000000000e+00,-4.272331597717785034e-02,4.022310540948380586e-01,-3.821912696368610085e-01,1.246165894741398494e+00,0.000000000000000000e+00,0.000000000000000000e+00,0.000000000000000000e+00,-1.160697223889119306e-01,-2.962659497980001944e-01,6.134553892291947363e-01,1.068487539835156097e+00,0.000000000000000000e+00,0.000000000000000000e+00,0.000000000000000000e+00
-5.835785089175041067e-03,-3.132474689413049934e-02,8.906122005501955208e-01,-2.566357297949361377e-02,-5.978155881396648996e-03,5.148976027985694426e-01,8.568466031364480040e-01,-2.414218803772336386e-01,2.753274105493342533e-02,-2.401790453338902842e-01,2.062196602142727098e-01,-1.065278441075733912e-01,-1.233181461788370042e-01,-3.124992984031627064e-02,-8.973278564145120706e-02,-3.917473490776667844e-01,2.378901877506442164e-01,-1.572710293659183578e-01,8.209616169718562430e-04,9.455276941385189204e-02,0.000000000000000000e+00,0.000000000000000000e+00,-4.221401340094296101e-02,3.987347299029546654e-01,-3.833647849621151793e-01,1.246251020616683913e+00,0.000000000000000000e+00,0.000000000000000000e+00,0.000000000000000000e+00,-1.151893008946341806e-01,-2.963432570510414754e-01,6.114772745312809787e-01,1.068721289344422676e+00,0.000000000000000000e+00,0.000000000000000000e+00,0.000000000000000000e+00
-5.835785089175041067e-03,-3.132474689413049934e-02,8.906122005501955208e-01,-2.566357297949361377e-02,-5.978155881396648996e-03,5.148976027985694426e-01,8.568466031364480040e-01,-2.379496670314803775e-01,2.758114512617911712e-02,-2.329076382195885420e-01,2.036531347510734946e-01,-1.061842452703880141e-01,-1.208040196335190830e-01,-3.411779107160811675e-02,-9.021130818886571867e-02,-3.843143749479664417e-01,2.377926711806009619e-01,-1.563919735005165901e-01,3.523431187304397298e-03,9.118582356241548836e-02,0.000000000000000000e+00,0.000000000000000000e+00,-4.170471082470807861e-02,3.952384057110712723e-01,-3.845383002873694611e-01,1.246336146491969554e+00,0.000000000000000000e+00,0.000000000000000000e+00,0.000000000000000000e+00,-1.143088794003564307e-01,-2.964205643040828120e-01,6.094991598333673322e-01,1.068955038853689476e+00,0.000000000000000000e+00,0.000000000000000000e+00,0.000000000000000000e+00
-5.835785089175041067e-03,-3.132474689413049934e-02,8.906122005501955208e-01,-2.566357297949361377e-02,-5.978155881396648996e-03,5.148976027985694426e-01,8.568466031364480040e-01,-2.344774536857270886e-01,2.762954919742480892e-02,-2.256362311052867997e-01,2.010866092878743072e-01,-1.058406464332026231e-01,-1.182898930882011618e-01,-3.698565230289995592e-02,-9.068983073628020253e-02,-3.768814008182660436e-01,2.376951546105576241e-01,-1.555129176351147391e-01,6.225900757636938787e-03,8.781887771097908468e-02,0.000000000000000000e+00,0.000000000000000000e+00,-4.119540824847320315e-02,3.917420815191878791e-01,-3.857118156126236874e-01,1.246421272367255417e+00,0.000000000000000000e+00,0.000000000000000000e+00,0.000000000000000000e+00,-1.134284579060786807e-01,-2.964978715571241485e-01,6.075210451354534635e-01,1.069188788362956055e+00,0.000000000000000000e+00,0.000000000000000000e+00,0.000000000000000000e+00
-5.835785089175041067e-03,-3.132474689413049934e-02,8.906122005501955208e-01,-2.566357297949361377e-02,-5.978155881396648996e-03,5.148976027985694426e-01,8.568466031364480040e-01,-2.310052403399737997e-01,2.767795326867050071e-02,-2.183648239909850575e-01,1.985200838246750921e-01,-1.054970475960172460e-01,-1.157757665428832544e-01,-3.985351353419179510e-02,-9.116835328369471414e-02,-3.694484266885657564e-01,2.375976380405143695e-01,-1.546338617697129714e-01,8.928370327969479409e-03,8.445193185954268100e-02,0.000000000000000000e+00,0.000000000000000000e+00,-4.068610567223831381e-02,3.882457573273044860e-01,-3.868853309378779137e-01,1.246506398242541058e+00,0.000000000000000000e+00,0.000000000000000000e+00,0.000000000000000000e+00,-1.125480364118009446e-01,-2.965751788101654296e-01,6.055429304375398170e-01,1.069422537872223078e+00,0.000000000000000000e+00,0.000000000000000000e+00,0.000000000000000000e+00
-5.835785089175041067e-03,-3.132474689413049934e-02,8.906122005501955208e-01,-2.566357297949361377e-02,-5.978155881396648996e-03,5.148976027985694426e-01,8.568466031364480040e-01,-2.275330269942204831e-01,2.772635733991618556e-02,-2.110934168766833430e-01,1.959535583614758769e-01,-1.051534487588318412e-01,-1.132616399975653332e-01,-4.272137476548364121e-02,-9.164687583110919800e-02,-3.620154525588653582e-01,2.375001214704710595e-01,-1.537548059043111481e-01,1.163083989830202003e-02,8.108498600810626344e-02,0.000000000000000000e+00,0.000000000000000000e+00,-4.017680309600343141e-02,3.847494331354210928e-01,-3.880588462631320845e-01,1.246591524117826477e+00,0.000000000000000000e+00,0.000000000000000000e+00,0.000000000000000000e+00,-1.116676149175231947e-01,-2.966524860632067662e-01,6.035648157396260594e-01,1.069656287381489657e+00,0.000000000000000000e+00,0.000000000000000000e+00,0.000000000000000000e+00
-5.835785089175041067e-03,-3.132474689413049934e-02,8.906122005501955208e-01,-2.566357297949361377e-02,-5.978155881396648996e-03,5.148976027985694426e-01,8.568466031364480040e-01,-2.240608136484672219e-01,2.777476141116187736e-02,-2.038220097623816007e-01,1.933870328982766895e-01,-1.048098499216464502e-01,-1.107475134522474119e-01,-4.558923599677548039e-02,-9.212539837852369573e-02,-3.545824784291650156e-01,2.374026049004278049e-01,-1.528757500389093804e-01,1.433330946863456065e-02,7.771804015666985976e-02,0.000000000000000000e+00,0.000000000000000000e+00,-3.966750051976854902e-02,3.812531089435376996e-01,-3.892323615883863663e-01,1.246676649993112118e+00,0.000000000000000000e+00,0.000000000000000000e+00,0.000000000000000000e+00,-1.107871934232454586e-01,-2.967297933162480472e-01,6.015867010417124128e-01,1.069890036890756457e+00,0.000000000000000000e+00,0.000000000000000000e+00,0.000000000000000000e+00
-5.835785089175041067e-03,-3.132474689413049934e-02,8.906122005501955208e-01,-2.566357297949361377e-02,-5.978155881396648996e-03,5.148976027985694426e-01,8.568466031364480040e-01,-2.205886003027139330e-01,2.782316548240756568e-02,-1.965506026480798585e-01,1.908205074350774744e-01,-1.044662510844610731e-01,-1.082333869069294907e-01,-4.845709722806731956e-02,-9.260392092593819346e-02,-3.471495042994646174e-01,2.373050883303844949e-01,-1.519966941735075294e-01,1.703577903896710474e-02,7.435109430523344221e-02,0.000000000000000000e+00,0.000000000000000000e+00,-3.915819794353365968e-02,3.777567847516542510e-01,-3.904058769136405371e-01,1.246761775868397537e+00,0.000000000000000000e+00,0.000000000000000000e+00,0.000000000000000000e+00,-1.099067719289677086e-01,-2.968071005692893283e-01,5.996085863437987662e-01,1.070123786400023036e+00,0.000000000000000000e+00,0.000000000000000000e+00,0.000000000000000000e+00
-5.835785089175041067e-03,-3.132474689413049934e-02,8.906122005501955208e-01,-2.566357297949361377e-02,-5.978155881396648996e-03,5.148976027985694426e-01,8.568466031364480040e-01,-2.171163869569606442e-01,2.787156955365325747e-02,-1.892791955337781440e-01,1.882539819718782870e-01,-1.041226522472756821e-01,-1.057192603616115972e-01,-5.132495845935916567e-02,-9.308244347335269120e-02,-3.397165301697642747e-01,2.372075717603412404e-01,-1.511176383081057617e-01,1.973824860929964189e-02,7.098414845379705240e-02,0.000000000000000000e+00,0.000000000000000000e+00,-3.864889536729877728e-02,3.742604605597709133e-01,-3.915793922388948189e-01,1.246846901743683400e+00,0.000000000000000000e+00,0.000000000000000000e+00,0.000000000000000000e+00,-1.090263504346899587e-01,-2.968844078223306648e-01,5.976304716458848976e-01,1.070357535909289837e+00,0.000000000000000000e+00,0.000000000000000000e+00,0.000000000000000000e+00
-5.835785089175041067e-03,-3.132474689413049934e-02,8.906122005501955208e-01,-2.566357297949361377e-02,-5.978155881396648996e-03,5.148976027985694426e-01,8.568466031364480040e-01,-2.136441736112073553e-01,2.791997362489894580e-02,-1.820077884194763740e-01,1.856874565086790441e-01,-1.037790534100902912e-01,-1.032051338162936760e-01,-5.419281969065100485e-02,-9.356096602076717506e-02,-3.322835560400638766e-01,2.371100551902979026e-01,-1.502385824427039385e-01,2.244071817963218599e-02,6.761720260236063484e-02,0.000000000000000000e+00,0.000000000000000000e+00,-3.813959279106389488e-02,3.707641363678874646e-01,-3.927529075641489342e-01,1.246932027618968819e+00,0.000000000000000000e+00,0.000000000000000000e+00,0.000000000000000000e+00,-1.081459289404122087e-01,-2.969617150753719459e-01,5.956523569479712510e-01,1.070591285418556415e+00,0.000000000000000000e+00,0.000000000000000000e+00,0.000000000000000000e+00
-5.835785089175041067e-03,-3.132474689413049934e-02,8.906122005501955208e-01,-2.566357297949361377e-02,-5.978155881396648996e-03,5.148976027985694426e-01,8.568466031364480040e-01,-2.101719602654540664e-01,2.796837769614463759e-02,-1.747363813051746595e-01,1.831209310454798567e-01,-1.034354545729049002e-01,-1.006910072709757548e-01,-5.706068092194284402e-02,-9.403948856818167279e-02,-3.248505819103635894e-01,2.370125386202546203e-01,-1.493595265773021707e-01,2.514318774996472314e-02,6.425025675092421729e-02,0.000000000000000000e+00,0.000000000000000000e+00,-3.763029021482901249e-02,3.672678121760041270e-01,-3.939264228894032716e-01,1.247017153494254460e+00,0.000000000000000000e+00,0.000000000000000000e+00,0.000000000000000000e+00,-1.072655074461344726e-01,-2.970390223284132825e-01,5.936742422500576044e-01,1.070825034927823216e+00,0.000000000000000000e+00,0.000000000000000000e+00,0.000000000000000000e+00
-5.835785089175041067e-03,-3.132474689413049934e-02,8.906122005501955208e-01,-2.566357297949361377e-02,-5.978155881396648996e-03,5.148976027985694426e-01,8.568466031364480040e-01,-2.066997469197007775e-01,2.801678176739032938e-02,-1.674649741908728895e-01,1.805544055822806693e-01,-1.030918557357195231e-01,-9.817688072565783353e-02,-5.992854215323469014e-02,-9.451801111559617052e-02,-3.174176077806631913e-01,2.369150220502113380e-01,-1.484804707119003198e-01,2.784565732029726723e-02,6.088331089948780667e-02,0.000000000000000000e+00,0.000000000000000000e+00,-3.712098763859413009e-02,3.637714879841206783e-01,-3.950999382146574423e-01,1.247102279369540101e+00,0.000000000000000000e+00,0.000000000000000000e+00,0.000000000000000000e+00,-1.063850859518567227e-01,-2.971163295814546190e-01,5.916961275521438468e-01,1.071058784437090017e+00,0.000000000000000000e+00,0.000000000000000000e+00,0.000000000000000000e+00
-5.835785089175041067e-03,-3.132474689413049934e-02,8.906122005501955208e-01,-2.566357297949361377e-02,-5.978155881396648996e-03,5.148976027985694426e-01,8.568466031364480040e-01,-2.032275335739474886e-01,2.806518583863602118e-02,-1.601935670765711750e-01,1.779878801190814541e-01,-1.027482568985341321e-01,-9.566275418033992617e-02,-6.279640338452652237e-02,-9.499653366301066826e-02,-3.099846336509628486e-01,2.368175054801680557e-01,-1.476014148464985520e-01,3.054812689062980785e-02,5.751636504805139605e-02,0.000000000000000000e+00,0.000000000000000000e+00,-3.661168506235924075e-02,3.602751637922373407e-01,-3.962734535399116687e-01,1.247187405244825742e+00,0.000000000000000000e+00,0.000000000000000000e+00,0.000000000000000000e+00,-1.055046644575789866e-01,-2.971936368344959556e-01,5.897180128542300892e-01,1.071292533946356818e+00,0.000000000000000000e+00,0.000000000000000000e+00,0.000000000000000000e+00
-5.835785089175041067e-03,-3.132474689413049934e-02,8.906122005501955208e-01,-2.566357297949361377e-02,-5.978155881396648996e-03,5.148976027985694426e-01,8.568466031364480040e-01,-1.997553202281941997e-01,2.811358990988170603e-02,-1.529221599622694050e-01,1.754213546558822390e-01,-1.024046580613487273e-01,-9.314862763502199106e-02,-6.566426461581836849e-02,-9.547505621042516599e-02,-3.025516595212624504e-01,2.367199889101247734e-01,-1.467223589810967288e-01,3.325059646096235194e-02,5.414941919661499237e-02,0.000000000000000000e+00,0.000000000000000000e+00,-3.610238248612435835e-02,3.567788396003539475e-01,-3.974469688651658394e-01,1.247272531120111383e+00,0.000000000000000000e+00,0.000000000000000000e+00,0.000000000000000000e+00,-1.046242429633012366e-01,-2.972709440875372366e-01,5.877398981563164426e-01,1.071526283455623396e+00,0.000000000000000000e+00,0.000000000000000000e+00,0.000000000000000000e+00
-5.835785089175041067e-03,-3.132474689413049934e-02,8.906122005501955208e-01,-2.566357297949361377e-02,-5.978155881396648996e-03,5.148976027985694426e-01,8.568466031364480040e-01,-1.962831068824408831e-01,2.816199398112739435e-02,-1.456507528479676628e-01,1.728548291926830238e-01,-1.020610592241633363e-01,-9.063450108970406982e-02,-6.853212584711021460e-02,-9.595357875783964985e-02,-2.951186853915620523e-01,2.366224723400814356e-01,-1.458433031156949333e-01,3.595306603129488909e-02,5.078247334517857481e-02,0.000000000000000000e+00,0.000000000000000000e+00,-3.559307990988946901e-02,3.532825154084704988e-01,-3.986204841904200658e-01,1.247357656995396802e+00,0.000000000000000000e+00,0.000000000000000000e+00,0.000000000000000000e+00,-1.037438214690234867e-01,-2.973482513405785177e-01,5.857617834584025740e-01,1.071760032964889975e+00,0.000000000000000000e+00,0.000000000000000000e+00,0.000000000000000000e+00
-5.835785089175041067e-03,-3.132474689413049934e-02,8.906122005501955208e-01,-2.566357297949361377e-02,-5.978155881396648996e-03,5.148976027985694426e-01,8.568466031364480040e-01,-1.928108935366875942e-01,2.821039805237308615e-02,-1.383793457336659483e-01,1.702883037294838087e-01,-1.017174603869779592e-01,-8.812037454438616246e-02,-7.139998707840206071e-02,-9.643210130525414758e-02,-2.876857112618617096e-01,2.365249557700381811e-01,-1.449642472502931101e-01,3.865553560162743318e-02,4.741552749374217113e-02,0.000000000000000000e+00,0.000000000000000000e+00,-3.508377733365459356e-02,3.497861912165871612e-01,-3.997939995156743476e-01,1.247442782870682443e+00,0.000000000000000000e+00,0.000000000000000000e+00,0.000000000000000000e+00,-1.028633999747457367e-01,-2.974255585936198543e-01,5.837836687604889274e-01,1.071993782474156776e+00,0.000000000000000000e+00,0.000000000000000000e+00,0.000000000000000000e+00
-5.835785089175041067e-03,-3.132474689413049934e-02,8.906122005501955208e-01,-2.566357297949361377e-02,-5.978155881396648996e-03,5.148976027985694426e-01,8.568466031364480040e-01,-1.893386801909343609e-01,2.825880212361878141e-02,-1.311079386193642338e-01,1.677217782662846490e-01,-1.013738615497925821e-01,-8.560624799906825511e-02,-7.426784830969389295e-02,-9.691062385266865919e-02,-2.802527371321614225e-01,2.364274391999948988e-01,-1.440851913848913424e-01,4.135800517195997034e-02,4.404858164230576745e-02,0.000000000000000000e+00,0.000000000000000000e+00,-3.457447475741971116e-02,3.462898670247037125e-01,-4.009675148409285739e-01,1.247527908745968084e+00,0.000000000000000000e+00,0.000000000000000000e+00,0.000000000000000000e+00,-1.019829784804680006e-01,-2.975028658466611908e-01,5.818055540625752808e-01,1.072227531983423576e+00,0.000000000000000000e+00,0.000000000000000000e+00,0.000000000000000000e+00
-5.835785089175041067e-03,-3.132474689413049934e-02,8.906122005501955208e-01,-2.566357297949361377e-02,-5.978155881396648996e-03,5.148976027985694426e-01,8.568466031364480040e-01,-1.858664668451810442e-01,2.830720619486446626e-02,-1.238365315050624915e-01,1.651552528030854061e-01,-1.010302627126071773e-01,-8.309212145375031999e-02,-7.713570954098573906e-02,-9.738914640008314305e-02,-2.728197630024610243e-01,2.363299226299516165e-01,-1.432061355194895191e-01,4.406047474229250749e-02,4.068163579086934989e-02,0.000000000000000000e+00,0.000000000000000000e+00,-3.406517218118482182e-02,3.427935428328203193e-01,-4.021410301661828002e-01,1.247613034621253725e+00,0.000000000000000000e+00,0.000000000000000000e+00,0.000000000000000000e+00,-1.011025569861902507e-01,-2.975801730997024719e-01,5.798274393646615232e-01,1.072461281492690155e+00,0.000000000000000000e+00,0.000000000000000000e+00,0.000000000000000000e+00
-5.835785089175041067e-03,-3.132474689413049934e-02,8.906122005501955208e-01,-2.566357297949361377e-02,-5.978155881396648996e-03,5.148976027985694426e-01,8.568466031364480040e-01,-1.823942534994277276e-01,2.835561026611015806e-02,-1.165651243907607215e-01,1.625887273398861910e-01,-1.006866638754217863e-01,-8.057799490843239876e-02,-8.000357077227757130e-02,-9.786766894749762691e-02,-2.653867888727606261e-01,2.362324060599083064e-01,-1.423270796540876959e-01,4.676294431262505158e-02,3.731468993943294621e-02,0.000000000000000000e+00,0.000000000000000000e+00,-3.355586960494993942e-02,3.392972186409368707e-01,-4.033145454914369710e-01,1.247698160496539366e+00,0.000000000000000000e+00,0.000000000000000000e+00,0.000000000000000000e+00,-1.002221354919124868e-01,-2.976574803527437529e-01,5.778493246667477656e-01,1.072695031001956734e+00,0.000000000000000000e+00,0.000000000000000000e+00,0.000000000000000000e+00
-5.835785089175041067e-03,-3.132474689413049934e-02,8.906122005501955208e-01,-2.566357297949361377e-02,-5.978155881396648996e-03,5.148976027985694426e-01,8.568466031364480040e-01,-1.789220401536744387e-01,2.840401433735584985e-02,-1.092937172764590070e-01,1.600222018766869758e-01,-1.003430650382363953e-01,-7.806386836311449140e-02,-8.287143200356941741e-02,-9.834619149491213852e-02,-2.579538147430602835e-01,2.361348894898650519e-01,-1.414480237886859004e-01,4.946541388295759567e-02,3.394774408799654253e-02,0.000000000000000000e+00,0.000000000000000000e+00,-3.304656702871505702e-02,3.358008944490535330e-01,-4.044880608166911973e-01,1.247783286371825007e+00,0.000000000000000000e+00,0.000000000000000000e+00,0.000000000000000000e+00,-9.934171399763475074e-02,-2.977347876057850895e-01,5.758712099688341191e-01,1.072928780511223534e+00,0.000000000000000000e+00,0.000000000000000000e+00,0.000000000000000000e+00
-5.835785089175041067e-03,-3.132474689413049934e-02,8.906122005501955208e-01,-2.566357297949361377e-02,-5.978155881396648996e-03,5.148976027985694426e-01,8.568466031364480040e-01,-1.754498268079212053e-01,2.845241840860154164e-02,-1.020223101621572787e-01,1.574556764134878162e-01,-9.999946620105101824e-02,-7.554974181779658404e-02,-8.573929323486126353e-02,-9.882471404232663625e-02,-2.505208406133599408e-01,2.360373729198217418e-01,-1.405689679232841049e-01,5.216788345329013282e-02,3.058079823656013885e-02,0.000000000000000000e+00,0.000000000000000000e+00,-3.253726445248017463e-02,3.323045702571701954e-01,-4.056615761419454236e-01,1.247868412247110648e+00,0.000000000000000000e+00,0.000000000000000000e+00,0.000000000000000000e+00,-9.846129250335702854e-02,-2.978120948588264261e-01,5.738930952709203615e-01,1.073162530020490335e+00,0.000000000000000000e+00,0.000000000000000000e+00,0.000000000000000000e+00
-5.835785089175041067e-03,-3.132474689413049934e-02,8.906122005501955208e-01,-2.566357297949361377e-02,-5.978155881396648996e-03,5.148976027985694426e-01,8.568466031364480040e-01,-1.719776134621678887e-01,2.850082247984722997e-02,-9.475090304785552253e-02,1.548891509502886010e-01,-9.965586736386562727e-02,-7.303561527247864893e-02,-8.860715446615309576e-02,-9.930323658974113399e-02,-2.430878664836595704e-01,2.359398563497784318e-01,-1.396899120578823095e-01,5.487035302362266997e-02,2.721385238512372129e-02,0.000000000000000000e+00,0.000000000000000000e+00,-3.202796187624528529e-02,3.288082460652867467e-01,-4.068350914671996499e-01,1.247953538122396067e+00,0.000000000000000000e+00,0.000000000000000000e+00,0.000000000000000000e+00,-9.758087100907926470e-02,-2.978894021118677071e-01,5.719149805730066038e-01,1.073396279529756914e+00,0.000000000000000000e+00,0.000000000000000000e+00,0.000000000000000000e+00
-5.835785089175041067e-03,-3.132474689413049934e-02,8.906122005501955208e-01,-2.566357297949361377e-02,-5.978155881396648996e-03,5.148976027985694426e-01,8.568466031364480040e-01,-1.685054001164145721e-01,2.854922655109291482e-02,-8.747949593355376641e-02,1.523226254870893581e-01,-9.931226852668022242e-02,-7.052148872716072769e-02,-9.147501569744494188e-02,-9.978175913715561784e-02,-2.356548923539591722e-01,2.358423397797351495e-01,-1.388108561924804862e-01,5.757282259395521407e-02,2.384690653368731067e-02,0.000000000000000000e+00,0.000000000000000000e+00,-3.151865930001040289e-02,3.253119218734033535e-01,-4.080086067924538762e-01,1.248038663997681708e+00,0.000000000000000000e+00,0.000000000000000000e+00,0.000000000000000000e+00,-9.670044951480151474e-02,-2.979667093649089882e-01,5.699368658750928462e-01,1.073630029039023714e+00,0.000000000000000000e+00,0.000000000000000000e+00,0.000000000000000000e+00
-5.835785089175041067e-03,-3.132474689413049934e-02,8.906122005501955208e-01,-2.566357297949361377e-02,-5.978155881396648996e-03,5.148976027985694426e-01,8.568466031364480040e-01,-1.650331867706613109e-01,2.859763062233860662e-02,-8.020808881925203804e-02,1.497561000238901707e-01,-9.896866968949484533e-02,-6.800736218184283421e-02,-9.434287692873678799e-02,-1.002602816845701156e-01,-2.282219182242588573e-01,2.357448232096918672e-01,-1.379318003270786908e-01,6.027529216428775816e-02,2.047996068225090699e-02,0.000000000000000000e+00,0.000000000000000000e+00,-3.100935672377552049e-02,3.218155976815199604e-01,-4.091821221177081025e-01,1.248123789872967349e+00,0.000000000000000000e+00,0.000000000000000000e+00,0.000000000000000000e+00,-9.582002802052377866e-02,-2.980440166179503247e-01,5.679587511771791997e-01,1.073863778548290515e+00,0.000000000000000000e+00,0.000000000000000000e+00,0.000000000000000000e+00
-5.835785089175041067e-03,-3.132474689413049934e-02,8.906122005501955208e-01,-2.566357297949361377e-02,-5.978155881396648996e-03,5.148976027985694426e-01,8.568466031364480040e-01,-1.615609734249079943e-01,2.864603469358429841e-02,-7.293668170495028191e-02,1.471895745606909833e-01,-9.862507085230945436e-02,-6.549323563652489910e-02,-9.721073816002862023e-02,-1.007388042319846133e-01,-2.207889440945584592e-01,2.356473066396485849e-01,-1.370527444616768953e-01,6.297776173462030225e-02,1.711301483081448943e-02,0.000000000000000000e+00,0.000000000000000000e+00,-3.050005414754063462e-02,3.183192734896365117e-01,-4.103556374429623288e-01,1.248208915748252767e+00,0.000000000000000000e+00,0.000000000000000000e+00,0.000000000000000000e+00,-9.493960652624601482e-02,-2.981213238709916613e-01,5.659806364792654421e-01,1.074097528057557094e+00,0.000000000000000000e+00,0.000000000000000000e+00,0.000000000000000000e+00
-5.835785089175041067e-03,-3.132474689413049934e-02,8.906122005501955208e-01,-2.566357297949361377e-02,-5.978155881396648996e-03,5.148976027985694426e-01,8.568466031364480040e-01,-1.580887600791547054e-01,2.869443876482998673e-02,-6.566527459064855354e-02,1.446230490974917404e-01,-9.828147201512404951e-02,-6.297910909120697787e-02,-1.000785993913204663e-01,-1.012173267793990972e-01,-2.133559699648580610e-01,2.355497900696052471e-01,-1.361736885962750720e-01,6.568023130495284634e-02,1.374606897937807187e-02,0.000000000000000000e+00,0.000000000000000000e+00,-2.999075157130574876e-02,3.148229492977531185e-01,-4.115291527682165551e-01,1.248294041623538408e+00,0.000000000000000000e+00,0.000000000000000000e+00,0.000000000000000000e+00,-9.405918503196827873e-02,-2.981986311240329424e-01,5.640025217813517955e-01,1.074331277566823895e+00,0.000000000000000000e+00,0.000000000000000000e+00,0.000000000000000000e+00
-5.835785089175041067e-03,-3.132474689413049934e-02,8.906122005501955208e-01,-2.566357297949361377e-02,-5.978155881396648996e-03,5.148976027985694426e-01,8.568466031364480040e-01,-1.546165467334014165e-01,2.874284283607567853e-02,-5.839386747634682517e-02,1.420565236342925530e-01,-9.793787317793867242e-02,-6.046498254588907051e-02,-1.029464606226123125e-01,-1.016958493268136088e-01,-2.059229958351577183e-01,2.354522734995619926e-01,-1.352946327308732766e-01,6.838270087528539043e-02,1.037912312794166819e-02,0.000000000000000000e+00,0.000000000000000000e+00,-2.948144899507086636e-02,3.113266251058697809e-01,-4.127026680934707814e-01,1.248379167498824049e+00,0.000000000000000000e+00,0.000000000000000000e+00,0.000000000000000000e+00,-9.317876353769052877e-02,-2.982759383770742234e-01,5.620244070834380379e-01,1.074565027076090473e+00,0.000000000000000000e+00,0.000000000000000000e+00,0.000000000000000000e+00
-5.835785089175041067e-03,-3.132474689413049934e-02,8.906122005501955208e-01,-2.566357297949361377e-02,-5.978155881396648996e-03,5.148976027985694426e-01,8.568466031364480040e-01,-1.511443333876481554e-01,2.879124690732137032e-02,-5.112246036204509680e-02,1.394899981710933656e-01,-9.759427434075329533e-02,-5.795085600057115621e-02,-1.058143218539041447e-01,-1.021743718742281065e-01,-1.984900217054574034e-01,2.353547569295187103e-01,-1.344155768654714811e-01,7.108517044561793452e-02,7.012177276505271450e-03,0.000000000000000000e+00,0.000000000000000000e+00,-2.897214641883598396e-02,3.078303009139863877e-01,-4.138761834187250077e-01,1.248464293374109690e+00,0.000000000000000000e+00,0.000000000000000000e+00,0.000000000000000000e+00,-9.229834204341279269e-02,-2.983532456301155600e-01,5.600462923855242803e-01,1.074798776585357274e+00,0.000000000000000000e+00,0.000000000000000000e+00,0.000000000000000000e+00
-5.835785089175041067e-03,-3.132474689413049934e-02,8.906122005501955208e-01,-2.566357297949361377e-02,-5.978155881396648996e-03,5.148976027985694426e-01,8.568466031364480040e-01,-1.476721200418948388e-01,2.883965097856705864e-02,-4.385105324774335456e-02,1.369234727078941227e-01,-9.725067550356789048e-02,-5.543672945525322804e-02,-1.086821830851959908e-01,-1.026528944216426043e-01,-1.910570475757570053e-01,2.352572403594754280e-01,-1.335365210000696856e-01,7.378764001595046473e-02,3.645231425068853892e-03,0.000000000000000000e+00,0.000000000000000000e+00,-2.846284384260110156e-02,3.043339767221029390e-01,-4.150496987439792340e-01,1.248549419249395331e+00,0.000000000000000000e+00,0.000000000000000000e+00,0.000000000000000000e+00,-9.141792054913504273e-02,-2.984305528831568965e-01,5.580681776876106337e-01,1.075032526094624075e+00,0.000000000000000000e+00,0.000000000000000000e+00,0.000000000000000000e+00
-5.835785089175041067e-03,-3.132474689413049934e-02,8.906122005501955208e-01,-2.566357297949361377e-02,-5.978155881396648996e-03,5.148976027985694426e-01,8.568466031364480040e-01,-1.441999066961415499e-01,2.888805504981274697e-02,-3.657964613344159843e-02,1.343569472446949353e-01,-9.690707666638249951e-02,-5.292260290993530680e-02,-1.115500443164878230e-01,-1.031314169690570881e-01,-1.836240734460566071e-01,2.351597237894321180e-01,-1.326574651346678624e-01,7.649010958628300882e-02,2.782855736324432727e-04,0.000000000000000000e+00,0.000000000000000000e+00,-2.795354126636621223e-02,3.008376525302195459e-01,-4.162232140692334603e-01,1.248634545124680972e+00,0.000000000000000000e+00,0.000000000000000000e+00,0.000000000000000000e+00,-9.053749905485729277e-02,-2.985078601361981776e-01,5.560900629896968761e-01,1.075266275603890653e+00,0.000000000000000000e+00,0.000000000000000000e+00,0.000000000000000000e+00
-5.835785089175041067e-03,-3.132474689413049934e-02,8.906122005501955208e-01,-2.566357297949361377e-02,-5.978155881396648996e-03,5.148976027985694426e-01,8.568466031364480040e-01,-1.407276933503882610e-01,2.893645912105843876e-02,-2.930823901913987006e-02,1.317904217814957202e-01,-9.656347782919710854e-02,-5.040847636461739251e-02,-1.144179055477796692e-01,-1.036099395164715858e-01,-1.761910993163562922e-01,2.350622072193888357e-01,-1.317784092692660669e-01,7.919257915661555292e-02,-3.088660277803960408e-03,0.000000000000000000e+00,0.000000000000000000e+00,-2.744423869013132983e-02,2.973413283383361527e-01,-4.173967293944876866e-01,1.248719670999966613e+00,0.000000000000000000e+00,0.000000000000000000e+00,0.000000000000000000e+00,-8.965707756057955669e-02,-2.985851673892394587e-01,5.541119482917831185e-01,1.075500025113157454e+00,0.000000000000000000e+00,0.000000000000000000e+00,0.000000000000000000e+00
-5.835785089175041067e-03,-3.132474689413049934e-02,8.906122005501955208e-01,-2.566357297949361377e-02,-5.978155881396648996e-03,5.148976027985694426e-01,8.568466031364480040e-01,-1.372554800046349999e-01,2.898486319230413055e-02,-2.203683190483815557e-02,1.292238963182965328e-01,-9.621987899201173144e-02,-4.789434981929948515e-02,-1.172857667790715014e-01,-1.040884620638860836e-01,-1.687581251866559495e-01,2.349646906493455534e-01,-1.308993534038642714e-01,8.189504872694806925e-02,-6.455606129240357149e-03,0.000000000000000000e+00,0.000000000000000000e+00,-2.693493611389644743e-02,2.938450041464528151e-01,-4.185702447197418574e-01,1.248804796875252254e+00,0.000000000000000000e+00,0.000000000000000000e+00,0.000000000000000000e+00,-8.877665606630180672e-02,-2.986624746422807952e-01,5.521338335938694719e-01,1.075733774622424033e+00,0.000000000000000000e+00,0.000000000000000000e+00,0.000000000000000000e+00
-5.835785089175041067e-03,-3.132474689413049934e-02,8.906122005501955208e-01,-2.566357297949361377e-02,-5.978155881396648996e-03,5.148976027985694426e-01,8.568466031364480040e-01,-1.337832666588816832e-01,2.903326726354982235e-02,-1.476542479053638557e-02,1.266573708550973176e-01,-9.587628015482634047e-02,-4.538022327398155698e-02,-1.201536280103633614e-01,-1.045669846113005813e-01,-1.613251510569555514e-01,2.348671740793022433e-01,-1.300202975384624482e-01,8.459751829728062722e-02,-9.822551980676774708e-03,0.000000000000000000e+00,0.000000000000000000e+00,-2.642563353766156156e-02,2.903486799545694219e-01,-4.197437600449961392e-01,1.248889922750537895e+00,0.000000000000000000e+00,0.000000000000000000e+00,0.000000000000000000e+00,-8.789623457202405676e-02,-2.987397818953221318e-01,5.501557188959557143e-01,1.075967524131690833e+00,0.000000000000000000e+00,0.000000000000000000e+00,0.000000000000000000e+00
-5.835785089175041067e-03,-3.132474689413049934e-02,8.906122005501955208e-01,-2.566357297949361377e-02,-5.978155881396648996e-03,5.148976027985694426e-01,8.568466031364480040e-01,-1.303110533131283943e-01,2.908167133479550720e-02,-7.494017676234643321e-03,1.240908453918981025e-01,-9.553268131764094950e-02,-4.286609672866363574e-02,-1.230214892416552075e-01,-1.050455071587150652e-01,-1.538921769272551809e-01,2.347696575092589610e-01,-1.291412416730606527e-01,8.729998786761317131e-02,-1.318949783211319920e-02,0.000000000000000000e+00,0.000000000000000000e+00,-2.591633096142667569e-02,2.868523557626859732e-01,-4.209172753702503655e-01,1.248975048625823314e+00,0.000000000000000000e+00,0.000000000000000000e+00,0.000000000000000000e+00,-8.701581307774630680e-02,-2.988170891483634128e-01,5.481776041980419567e-01,1.076201273640957634e+00,0.000000000000000000e+00,0.000000000000000000e+00,0.000000000000000000e+00
-5.835785089175041067e-03,-3.132474689413049934e-02,8.906122005501955208e-01,-2.566357297949361377e-02,-5.978155881396648996e-03,5.148976027985694426e-01,8.568466031364480040e-01,-1.268388399673751055e-01,2.913007540604119899e-02,-2.226105619329288299e-04,1.215243199286989012e-01,-9.518908248045555853e-02,-4.035197018334572838e-02,-1.258893504729470258e-01,-1.055240297061295629e-01,-1.464592027975548383e-01,2.346721409392156787e-01,-1.282621858076588572e-01,9.000245743794570152e-02,-1.655644368354958901e-02,0.000000000000000000e+00,0.000000000000000000e+00,-2.540702838519179330e-02,2.833560315708025801e-01,-4.220907906955045363e-01,1.249060174501108733e+00,0.000000000000000000e+00,0.000000000000000000e+00,0.000000000000000000e+00,-8.613539158346855684e-02,-2.988943964014046939e-01,5.461994895001283101e-01,1.076435023150224435e+00,0.000000000000000000e+00,0.000000000000000000e+00,0.000000000000000000e+00
-5.835785089175041067e-03,-3.132474689413049934e-02,8.906122005501955208e-01,-2.566357297949361377e-02,-5.978155881396648996e-03,5.148976027985694426e-01,8.568466031364480040e-01,-1.233666266216218166e-01,2.917847947728689079e-02,7.048796552368841173e-03,1.189577944654996722e-01,-9.484548364327016756e-02,-3.783784363802780021e-02,-1.287572117042388997e-01,-1.060025522535440606e-01,-1.390262286678544401e-01,2.345746243691723965e-01,-1.273831299422570340e-01,9.270492700827825949e-02,-1.992338953498601350e-02,0.000000000000000000e+00,0.000000000000000000e+00,-2.489772580895691090e-02,2.798597073789191869e-01,-4.232643060207588181e-01,1.249145300376394374e+00,0.000000000000000000e+00,0.000000000000000000e+00,0.000000000000000000e+00,-8.525497008919082076e-02,-2.989717036544460305e-01,5.442213748022145525e-01,1.076668772659491013e+00,0.000000000000000000e+00,0.000000000000000000e+00,0.000000000000000000e+00
-5.835785089175041067e-03,-3.132474689413049934e-02,8.906122005501955208e-01,-2.566357297949361377e-02,-5.978155881396648996e-03,5.148976027985694426e-01,8.568466031364480040e-01,-1.198944132758685277e-01,2.922688354853257911e-02,1.432020366667055566e-02,1.163912690023004848e-01,-9.450188480608479047e-02,-3.532371709270989285e-02,-1.316250729355307181e-01,-1.064810748009585584e-01,-1.315932545381541252e-01,2.344771077991290864e-01,-1.265040740768552385e-01,9.540739657861078971e-02,-2.329033538642241025e-02,0.000000000000000000e+00,0.000000000000000000e+00,-2.438842323272202503e-02,2.763633831870357938e-01,-4.244378213460129334e-01,1.249230426251680015e+00,0.000000000000000000e+00,0.000000000000000000e+00,0.000000000000000000e+00,-8.437454859491307080e-02,-2.990490109074873670e-01,5.422432601043009059e-01,1.076902522168757592e+00,0.000000000000000000e+00,0.000000000000000000e+00,0.000000000000000000e+00
-5.835785089175041067e-03,-3.132474689413049934e-02,8.906122005501955208e-01,-2.566357297949361377e-02,-5.978155881396648996e-03,5.148976027985694426e-01,8.568466031364480040e-01,-1.164221999301152388e-01,2.927528761977826743e-02,2.159161078097231179e-02,1.138247435391012696e-01,-9.415828596889938562e-02,-3.280959054739196468e-02,-1.344929341668225642e-01,-1.069595973483730561e-01,-1.241602804084537270e-01,2.343795912290858041e-01,-1.256250182114534431e-01,9.810986614894334767e-02,-2.665728123785882780e-02,0.000000000000000000e+00,0.000000000000000000e+00,-2.387912065648714263e-02,2.728670589951524006e-01,-4.256113366712672152e-01,1.249315552126965656e+00,0.000000000000000000e+00,0.000000000000000000e+00,0.000000000000000000e+00,-8.349412710063533472e-02,-2.991263181605286481e-01,5.402651454063871483e-01,1.077136271678024393e+00,0.000000000000000000e+00,0.000000000000000000e+00,0.000000000000000000e+00
-5.835785089175041067e-03,-3.132474689413049934e-02,8.906122005501955208e-01,-2.566357297949361377e-02,-5.978155881396648996e-03,5.148976027985694426e-01,8.568466031364480040e-01,-1.129499865843619638e-01,2.932369169102395923e-02,2.886301789527402628e-02,1.112582180759020822e-01,-9.381468713171400853e-02,-3.029546400207405732e-02,-1.373607953981144103e-01,-1.074381198957875538e-01,-1.167273062787533983e-01,2.342820746590425218e-01,-1.247459623460516337e-01,1.008123357192758640e-01,-3.002422708929523149e-02,0.000000000000000000e+00,0.000000000000000000e+00,-2.336981808025226023e-02,2.693707348032690074e-01,-4.267848519965214416e-01,1.249400678002251297e+00,0.000000000000000000e+00,0.000000000000000000e+00,0.000000000000000000e+00,-8.261370560635758475e-02,-2.992036254135699291e-01,5.382870307084735018e-01,1.077370021187291194e+00,0.000000000000000000e+00,0.000000000000000000e+00,0.000000000000000000e+00
-5.835785089175041067e-03,-3.132474689413049934e-02,8.906122005501955208e-01,-2.566357297949361377e-02,-5.978155881396648996e-03,5.148976027985694426e-01,8.568466031364480040e-01,-1.094777732386086611e-01,2.937209576226965102e-02,3.613442500957578241e-02,1.086916926127028671e-01,-9.347108829452860368e-02,-2.778133745675612915e-02,-1.402286566294062564e-01,-1.079166424432020377e-01,-1.092943321490530001e-01,2.341845580889992395e-01,-1.238669064806498382e-01,1.035148052896084220e-01,-3.339117294073164210e-02,0.000000000000000000e+00,0.000000000000000000e+00,-2.286051550401737437e-02,2.658744106113856143e-01,-4.279583673217756123e-01,1.249485803877536938e+00,0.000000000000000000e+00,0.000000000000000000e+00,0.000000000000000000e+00,-8.173328411207983479e-02,-2.992809326666112657e-01,5.363089160105597442e-01,1.077603770696557772e+00,0.000000000000000000e+00,0.000000000000000000e+00,0.000000000000000000e+00
-5.835785089175041067e-03,-3.132474689413049934e-02,8.906122005501955208e-01,-2.566357297949361377e-02,-5.978155881396648996e-03,5.148976027985694426e-01,8.568466031364480040e-01,-1.060055598928553861e-01,2.942049983351534281e-02,4.340583212387749690e-02,1.061251671495036797e-01,-9.312748945734322659e-02,-2.526721091143822179e-02,-1.430965178606980748e-01,-1.083951649906165354e-01,-1.018613580193526713e-01,2.340870415189559295e-01,-1.229878506152480289e-01,1.062172748599409522e-01,-3.675811879216804579e-02,0.000000000000000000e+00,0.000000000000000000e+00,-2.235121292778249197e-02,2.623780864195022211e-01,-4.291318826470298387e-01,1.249570929752822579e+00,0.000000000000000000e+00,0.000000000000000000e+00,0.000000000000000000e+00,-8.085286261780208483e-02,-2.993582399196526023e-01,5.343308013126459866e-01,1.077837520205824573e+00,0.000000000000000000e+00,0.000000000000000000e+00,0.000000000000000000e+00
-5.835785089175041067e-03,-3.132474689413049934e-02,8.906122005501955208e-01,-2.566357297949361377e-02,-5.978155881396648996e-03,5.148976027985694426e-01,8.568466031364480040e-01,-1.025333465471020833e-01,2.946890390476102767e-02,5.067723923817926690e-02,1.035586416863044507e-01,-9.278389062015782174e-02,-2.275308436612029361e-02,-1.459643790919899209e-01,-1.088736875380310332e-01,-9.442838388965227314e-02,2.339895249489126750e-01,-1.221087947498462195e-01,1.089197444302734963e-01,-4.012506464360446334e-02,0.000000000000000000e+00,0.000000000000000000e+00,-2.184191035154760610e-02,2.588817622276188279e-01,-4.303053979722841205e-01,1.249656055628108220e+00,0.000000000000000000e+00,0.000000000000000000e+00,0.000000000000000000e+00,-7.997244112352433487e-02,-2.994355471726938833e-01,5.323526866147322290e-01,1.078071269715091374e+00,0.000000000000000000e+00,0.000000000000000000e+00,0.000000000000000000e+00
-5.835785089175041067e-03,-3.132474689413049934e-02,8.906122005501955208e-01,-2.566357297949361377e-02,-5.978155881396648996e-03,5.148976027985694426e-01,8.568466031364480040e-01,-9.906113320134880829e-02,2.951730797600671946e-02,5.794864635248098139e-02,1.009921162231052494e-01,-9.244029178297244465e-02,-2.023895782080238973e-02,-1.488322403232817670e-01,-1.093522100854455309e-01,-8.699540975995195824e-02,2.338920083788693649e-01,-1.212297388844444240e-01,1.116222140006060265e-01,-4.349201049504086702e-02,0.000000000000000000e+00,0.000000000000000000e+00,-2.133260777531272370e-02,2.553854380357354348e-01,-4.314789132975382913e-01,1.249741181503393639e+00,0.000000000000000000e+00,0.000000000000000000e+00,0.000000000000000000e+00,-7.909201962924659879e-02,-2.995128544257352199e-01,5.303745719168185824e-01,1.078305019224357952e+00,0.000000000000000000e+00,0.000000000000000000e+00,0.000000000000000000e+00
-5.835785089175041067e-03,-3.132474689413049934e-02,8.906122005501955208e-01,-2.566357297949361377e-02,-5.978155881396648996e-03,5.148976027985694426e-01,8.568466031364480040e-01,-9.558891985559550553e-02,2.956571204725241125e-02,6.522005346678273752e-02,9.842559075990603423e-02,-9.209669294578705367e-02,-1.772483127548446502e-02,-1.517001015545736131e-01,-1.098307326328600286e-01,-7.956243563025156007e-02,2.337944918088260549e-01,-1.203506830190426147e-01,1.143246835709385845e-01,-4.685895634647727764e-02,0.000000000000000000e+00,0.000000000000000000e+00,-2.082330519907783783e-02,2.518891138438520416e-01,-4.326524286227925176e-01,1.249826307378679280e+00,0.000000000000000000e+00,0.000000000000000000e+00,0.000000000000000000e+00,-7.821159813496886271e-02,-2.995901616787765009e-01,5.283964572189048248e-01,1.078538768733624753e+00,0.000000000000000000e+00,0.000000000000000000e+00,0.000000000000000000e+00
-5.835785089175041067e-03,-3.132474689413049934e-02,8.906122005501955208e-01,-2.566357297949361377e-02,-5.978155881396648996e-03,5.148976027985694426e-01,8.568466031364480040e-01,-9.211670650984223052e-02,2.961411611849809958e-02,7.249146058108445201e-02,9.585906529670684684e-02,-9.175309410860166270e-02,-1.521070473016655419e-02,-1.545679627858654592e-01,-1.103092551802745264e-01,-7.212946150055123129e-02,2.336969752387828003e-01,-1.194716271536408192e-01,1.170271531412711147e-01,-5.022590219791367439e-02,0.000000000000000000e+00,0.000000000000000000e+00,-2.031400262284295544e-02,2.483927896519686485e-01,-4.338259439480467439e-01,1.249911433253964921e+00,0.000000000000000000e+00,0.000000000000000000e+00,0.000000000000000000e+00,-7.733117664069111274e-02,-2.996674689318178375e-01,5.264183425209910672e-01,1.078772518242891332e+00,0.000000000000000000e+00,0.000000000000000000e+00,0.000000000000000000e+00
-5.835785089175041067e-03,-3.132474689413049934e-02,8.906122005501955208e-01,-2.566357297949361377e-02,-5.978155881396648996e-03,5.148976027985694426e-01,8.568466031364480040e-01,-8.864449316408892776e-02,2.966252018974379137e-02,7.976286769538619426e-02,9.329253983350763169e-02,-9.140949527141628561e-02,-1.269657818484862949e-02,-1.574358240171573053e-01,-1.107877777276890241e-01,-6.469648737085083312e-02,2.335994586687394903e-01,-1.185925712882390098e-01,1.197296227116036588e-01,-5.359284804935009194e-02,0.000000000000000000e+00,0.000000000000000000e+00,-1.980470004660807304e-02,2.448964654600852275e-01,-4.349994592733009702e-01,1.249996559129250562e+00,0.000000000000000000e+00,0.000000000000000000e+00,0.000000000000000000e+00,-7.645075514641336278e-02,-2.997447761848591186e-01,5.244402278230774206e-01,1.079006267752158132e+00,0.000000000000000000e+00,0.000000000000000000e+00,0.000000000000000000e+00
-5.835785089175041067e-03,-3.132474689413049934e-02,8.906122005501955208e-01,-2.566357297949361377e-02,-5.978155881396648996e-03,5.148976027985694426e-01,8.568466031364480040e-01,-8.517227981833565276e-02,2.971092426098947969e-02,8.703427480968793650e-02,9.072601437030843041e-02,-9.106589643423088076e-02,-1.018245163953071866e-02,-1.603036852484491237e-01,-1.112663002751035080e-01,-5.726351324115050434e-02,2.335019420986962080e-01,-1.177135154228372005e-01,1.224320922819361890e-01,-5.695979390078649562e-02,0.000000000000000000e+00,0.000000000000000000e+00,-1.929539747037319064e-02,2.414001412682018621e-01,-4.361729745985551965e-01,1.250081685004536203e+00,0.000000000000000000e+00,0.000000000000000000e+00,0.000000000000000000e+00,-7.557033365213561282e-02,-2.998220834379004551e-01,5.224621131251636630e-01,1.079240017261424933e+00,0.000000000000000000e+00,0.000000000000000000e+00,0.000000000000000000e+00
-5.835785089175041067e-03,-3.132474689413049934e-02,8.906122005501955208e-01,-2.566357297949361377e-02,-5.978155881396648996e-03,5.148976027985694426e-01,8.568466031364480040e-01,-8.170006647258235000e-02,2.975932833223517149e-02,9.430568192398966487e-02,8.815948890710921526e-02,-9.072229759704550367e-02,-7.668325094212797427e-03,-1.631715464797409698e-01,-1.117448228225180057e-01,-4.983053911145011311e-02,2.334044255286528979e-01,-1.168344595574354050e-01,1.251345618522687331e-01,-6.032673975222290624e-02,0.000000000000000000e+00,0.000000000000000000e+00,-1.878609489413830130e-02,2.379038170763184690e-01,-4.373464899238094228e-01,1.250166810879821622e+00,0.000000000000000000e+00,0.000000000000000000e+00,0.000000000000000000e+00,-7.468991215785786286e-02,-2.998993906909417362e-01,5.204839984272500164e-01,1.079473766770691512e+00,0.000000000000000000e+00,0.000000000000000000e+00,0.000000000000000000e+00
-5.835785089175041067e-03,-3.132474689413049934e-02,8.906122005501955208e-01,-2.566357297949361377e-02,-5.978155881396648996e-03,5.148976027985694426e-01,8.568466031364480040e-01,-7.822785312682904724e-02,2.980773240348086328e-02,1.015770890382914349e-01,8.559296344391000011e-02,-9.037869875986009882e-02,-5.154198548894869253e-03,-1.660394077110328159e-01,-1.122233453699325034e-01,-4.239756498174972188e-02,2.333069089586096156e-01,-1.159554036920335957e-01,1.278370314226012772e-01,-6.369368560365933074e-02,0.000000000000000000e+00,0.000000000000000000e+00,-1.827679231790341891e-02,2.344074928844350203e-01,-4.385200052490636491e-01,1.250251936755107263e+00,0.000000000000000000e+00,0.000000000000000000e+00,0.000000000000000000e+00,-7.380949066358011290e-02,-2.999766979439830727e-01,5.185058837293362588e-01,1.079707516279958313e+00,0.000000000000000000e+00,0.000000000000000000e+00,0.000000000000000000e+00
-5.835785089175041067e-03,-3.132474689413049934e-02,8.906122005501955208e-01,-2.566357297949361377e-02,-5.978155881396648996e-03,5.148976027985694426e-01,8.568466031364480040e-01,-7.475563978107577223e-02,2.985613647472654814e-02,1.088484961525931494e-01,8.302643798071079884e-02,-9.003509992267472173e-02,-2.640072003576958426e-03,-1.689072689423246620e-01,-1.127018679173470012e-01,-3.496459085204939310e-02,2.332093923885663334e-01,-1.150763478266318002e-01,1.305395009929338213e-01,-6.706063145509572054e-02,0.000000000000000000e+00,0.000000000000000000e+00,-1.776748974166853651e-02,2.309111686925516549e-01,-4.396935205743178754e-01,1.250337062630392904e+00,0.000000000000000000e+00,0.000000000000000000e+00,0.000000000000000000e+00,-7.292906916930237682e-02,-3.000540051970243538e-01,5.165277690314225012e-01,1.079941265789224891e+00,0.000000000000000000e+00,0.000000000000000000e+00,0.000000000000000000e+00
-5.835785089175041067e-03,-3.132474689413049934e-02,8.906122005501955208e-01,-2.566357297949361377e-02,-5.978155881396648996e-03,5.148976027985694426e-01,8.568466031364480040e-01,-7.128342643532248335e-02,2.990454054597223993e-02,1.161199032668949194e-01,8.045991251751158368e-02,-8.969150108548933076e-02,-1.259454582590337213e-04,-1.717751301736165082e-01,-1.131803904647614989e-01,-2.753161672234900187e-02,2.331118758185230511e-01,-1.141972919612299908e-01,1.332419705632663653e-01,-7.042757730653215198e-02,0.000000000000000000e+00,0.000000000000000000e+00,-1.725818716543364717e-02,2.274148445006682617e-01,-4.408670358995721017e-01,1.250422188505678545e+00,0.000000000000000000e+00,0.000000000000000000e+00,0.000000000000000000e+00,-7.204864767502462686e-02,-3.001313124500656904e-01,5.145496543335088546e-01,1.080175015298491692e+00,0.000000000000000000e+00,0.000000000000000000e+00,0.000000000000000000e+00
-5.835785089175041067e-03,-3.132474689413049934e-02,8.906122005501955208e-01,-2.566357297949361377e-02,-5.978155881396648996e-03,5.148976027985694426e-01,8.568466031364480040e-01,-6.781121308956919447e-02,2.995294461721792825e-02,1.233913103811966339e-01,7.789338705431239629e-02,-8.934790224830393979e-02,2.388181087058873636e-03,-1.746429914049083543e-01,-1.136589130121759966e-01,-2.009864259264866615e-02,2.330143592484797410e-01,-1.133182360958281815e-01,1.359444401335989094e-01,-7.379452315796854178e-02,0.000000000000000000e+00,0.000000000000000000e+00,-1.674888458919876824e-02,2.239185203087848686e-01,-4.420405512248263280e-01,1.250507314380964186e+00,0.000000000000000000e+00,0.000000000000000000e+00,0.000000000000000000e+00,-7.116822618074687690e-02,-3.002086197031069714e-01,5.125715396355950970e-01,1.080408764807758493e+00,0.000000000000000000e+00,0.000000000000000000e+00,0.000000000000000000e+00
-5.835785089175041067e-03,-3.132474689413049934e-02,8.906122005501955208e-01,-2.566357297949361377e-02,-5.978155881396648996e-03,5.148976027985694426e-01,8.568466031364480040e-01,-6.433899974381590559e-02,3.000134868846362005e-02,1.306627174954984039e-01,7.532686159111318114e-02,-8.900430341111854882e-02,4.902307632376798341e-03,-1.775108526362001726e-01,-1.141374355595904805e-01,-1.266566846294827492e-02,2.329168426784364865e-01,-1.124391802304263860e-01,1.386469097039314813e-01,-7.716146900940495934e-02,0.000000000000000000e+00,0.000000000000000000e+00,-1.623958201296388237e-02,2.204221961169014754e-01,-4.432140665500805543e-01,1.250592440256249827e+00,0.000000000000000000e+00,0.000000000000000000e+00,0.000000000000000000e+00,-7.028780468646914081e-02,-3.002859269561483080e-01,5.105934249376813394e-01,1.080642514317025071e+00,0.000000000000000000e+00,0.000000000000000000e+00,0.000000000000000000e+00
-5.835785089175041067e-03,-3.132474689413049934e-02,8.906122005501955208e-01,-2.566357297949361377e-02,-5.978155881396648996e-03,5.148976027985694426e-01,8.568466031364480040e-01,-6.086678639806261670e-02,3.004975275970931184e-02,1.379341246098001184e-01,7.276033612791397986e-02,-8.866070457393315785e-02,7.416434177694709168e-03,-1.803787138674920187e-01,-1.146159581070049782e-01,-5.232694333247946139e-03,2.328193261083931764e-01,-1.115601243650245766e-01,1.413493792742639976e-01,-8.052841486084136302e-02,0.000000000000000000e+00,0.000000000000000000e+00,-1.573027943672899998e-02,2.169258719250180822e-01,-4.443875818753347251e-01,1.250677566131535245e+00,0.000000000000000000e+00,0.000000000000000000e+00,0.000000000000000000e+00,-6.940738319219139085e-02,-3.003632342091896446e-01,5.086153102397675818e-01,1.080876263826291872e+00,0.000000000000000000e+00,0.000000000000000000e+00,0.000000000000000000e+00
-5.835785089175041067e-03,-3.132474689413049934e-02,8.906122005501955208e-01,-2.566357297949361377e-02,-5.978155881396648996e-03,5.148976027985694426e-01,8.568466031364480040e-01,-5.739457305230932088e-02,3.009815683095500016e-02,1.452055317241018884e-01,7.019381066471476471e-02,-8.831710573674778075e-02,9.930560723012632138e-03,-1.832465750987838649e-01,-1.150944806544194760e-01,2.200279796452445091e-03,2.327218095383498664e-01,-1.106810684996227812e-01,1.440518488445965417e-01,-8.389536071227778058e-02,0.000000000000000000e+00,0.000000000000000000e+00,-1.522097686049411411e-02,2.134295477331346613e-01,-4.455610972005890069e-01,1.250762692006820886e+00,0.000000000000000000e+00,0.000000000000000000e+00,0.000000000000000000e+00,-6.852696169791364089e-02,-3.004405414622309256e-01,5.066371955418539352e-01,1.081110013335558673e+00,0.000000000000000000e+00,0.000000000000000000e+00,0.000000000000000000e+00
-5.835785089175041067e-03,-3.132474689413049934e-02,8.906122005501955208e-01,-2.566357297949361377e-02,-5.978155881396648996e-03,5.148976027985694426e-01,8.568466031364480040e-01,-5.392235970655603894e-02,3.014656090220069196e-02,1.524769388384035751e-01,6.762728520151556344e-02,-8.797350689956238978e-02,1.244468726833054296e-02,-1.861144363300757110e-01,-1.155730032018339737e-01,9.633253926152780811e-03,2.326242929683066119e-01,-1.098020126342209718e-01,1.467543184149290580e-01,-8.726230656371417038e-02,0.000000000000000000e+00,0.000000000000000000e+00,-1.471167428425923171e-02,2.099332235412512959e-01,-4.467346125258432332e-01,1.250847817882106527e+00,0.000000000000000000e+00,0.000000000000000000e+00,0.000000000000000000e+00,-6.764654020363589093e-02,-3.005178487152722067e-01,5.046590808439402887e-01,1.081343762844825251e+00,0.000000000000000000e+00,0.000000000000000000e+00,0.000000000000000000e+00
-5.835785089175041067e-03,-3.132474689413049934e-02,8.906122005501955208e-01,-2.566357297949361377e-02,-5.978155881396648996e-03,5.148976027985694426e-01,8.568466031364480040e-01,-5.045014636080273618e-02,3.019496497344638375e-02,1.597483459527053173e-01,6.506075973831634829e-02,-8.762990806237698493e-02,1.495881381364846940e-02,-1.889822975613675571e-01,-1.160515257492484714e-01,1.706622805585316510e-02,2.325267763982633018e-01,-1.089229567688191624e-01,1.494567879852616299e-01,-9.062925241515060182e-02,0.000000000000000000e+00,0.000000000000000000e+00,-1.420237170802434584e-02,2.064368993493678750e-01,-4.479081278510974040e-01,1.250932943757391946e+00,0.000000000000000000e+00,0.000000000000000000e+00,0.000000000000000000e+00,-6.676611870935815485e-02,-3.005951559683135432e-01,5.026809661460265310e-01,1.081577512354092052e+00,0.000000000000000000e+00,0.000000000000000000e+00,0.000000000000000000e+00
-5.835785089175041067e-03,-3.132474689413049934e-02,8.906122005501955208e-01,-2.566357297949361377e-02,-5.978155881396648996e-03,5.148976027985694426e-01,8.568466031364480040e-01,-4.697793301504946117e-02,3.024336904469206860e-02,1.670197530670070318e-01,6.249423427511715395e-02,-8.728630922519160784e-02,1.747294035896637676e-02,-1.918501587926594032e-01,-1.165300482966629692e-01,2.449920218555350429e-02,2.324292598282200195e-01,-1.080439009034173670e-01,1.521592575555941462e-01,-9.399619826658700550e-02,0.000000000000000000e+00,0.000000000000000000e+00,-1.369306913178946518e-02,2.029405751574844818e-01,-4.490816431763516303e-01,1.251018069632677587e+00,0.000000000000000000e+00,0.000000000000000000e+00,0.000000000000000000e+00,-6.588569721508040489e-02,-3.006724632213548243e-01,5.007028514481127734e-01,1.081811261863358853e+00,0.000000000000000000e+00,0.000000000000000000e+00,0.000000000000000000e+00
-5.835785089175041067e-03,-3.132474689413049934e-02,8.906122005501955208e-01,-2.566357297949361377e-02,-5.978155881396648996e-03,5.148976027985694426e-01,8.568466031364480040e-01,-4.350571966929616535e-02,3.029177311593776040e-02,1.742911601813088018e-01,5.992770881191793880e-02,-8.694271038800621687e-02,1.998706690428430494e-02,-1.947180200239512216e-01,-1.170085708440774530e-01,3.193217631525389205e-02,2.323317432581767095e-01,-1.071648450380155576e-01,1.548617271259266903e-01,-9.736314411802340918e-02,0.000000000000000000e+00,0.000000000000000000e+00,-1.318376655555457931e-02,1.994442509656010887e-01,-4.502551585016058566e-01,1.251103195507963450e+00,0.000000000000000000e+00,0.000000000000000000e+00,0.000000000000000000e+00,-6.500527572080266880e-02,-3.007497704743961608e-01,4.987247367501990714e-01,1.082045011372625432e+00,0.000000000000000000e+00,0.000000000000000000e+00,0.000000000000000000e+00
-5.835785089175041067e-03,-3.132474689413049934e-02,8.906122005501955208e-01,-2.566357297949361377e-02,-5.978155881396648996e-03,5.148976027985694426e-01,8.568466031364480040e-01,-4.003350632354289035e-02,3.034017718718344872e-02,1.815625672956105163e-01,5.736118334871874447e-02,-8.659911155082082590e-02,2.250119344960221229e-02,-1.975858812552430677e-01,-1.174870933914919507e-01,3.936515044495422777e-02,2.322342266881334549e-01,-1.062857891726137621e-01,1.575641966962592344e-01,-1.007300899694598129e-01,0.000000000000000000e+00,0.000000000000000000e+00,-1.267446397931969691e-02,1.959479267737176955e-01,-4.514286738268600829e-01,1.251188321383249091e+00,0.000000000000000000e+00,0.000000000000000000e+00,0.000000000000000000e+00,-6.412485422652491884e-02,-3.008270777274374974e-01,4.967466220522853693e-01,1.082278760881892010e+00,0.000000000000000000e+00,0.000000000000000000e+00,0.000000000000000000e+00
-5.835785089175041067e-03,-3.132474689413049934e-02,8.906122005501955208e-01,-2.566357297949361377e-02,-5.978155881396648996e-03,5.148976027985694426e-01,8.568466031364480040e-01,-3.656129297778958759e-02,3.038858125842914051e-02,1.888339744099122863e-01,5.479465788551952932e-02,-8.625551271363543493e-02,2.501531999492013700e-02,-2.004537424865349138e-01,-1.179656159389064485e-01,4.679812457465461206e-02,2.321367101180901449e-01,-1.054067333072119528e-01,1.602666662665917785e-01,-1.040970358208962304e-01,0.000000000000000000e+00,0.000000000000000000e+00,-1.216516140308481105e-02,1.924516025818343024e-01,-4.526021891521143092e-01,1.251273447258534510e+00,0.000000000000000000e+00,0.000000000000000000e+00,0.000000000000000000e+00,-6.324443273224716888e-02,-3.009043849804787785e-01,4.947685073543716117e-01,1.082512510391158811e+00,0.000000000000000000e+00,0.000000000000000000e+00,0.000000000000000000e+00
