-3.270781318890536755e-03,-1.101176652538625456e-02,9.079115919606913776e-01,1.521675210718866512e-03,1.202735205580262624e-02,4.093993889887256876e-01,9.122747215629384288e-01,-7.896449953576238634e-02,2.377941103773452414e-02,1.800849072354255287e-01,2.329367232653556663e-01,-2.975260748587690296e-01,8.226515517913550457e-02,-7.733965976886537919e-02,-1.242370199163516514e-01,-1.952403999404728197e-01,2.209776648712550307e-01,-2.697031021153947217e-01,1.094763775288810914e-01,-3.697950081716111503e-03,0.000000000000000000e+00,0.000000000000000000e+00,-9.995546607396220418e-02,2.896824398320581029e-01,-6.108984899801449542e-01,1.133902952118091001e+00,0.000000000000000000e+00,0.000000000000000000e+00,0.000000000000000000e+00,-1.227656247425660402e-01,-3.423632923997969590e-01,8.016690155407453222e-01,1.047842631657160517e+00,0.000000000000000000e+00,0.000000000000000000e+00,0.000000000000000000e+00
-3.586287982007877427e-03,-1.100102319032796906e-02,9.075835746971523399e-01,7.319344909469632614e-04,1.365967367159224774e-02,4.092427708614189141e-01,9.123229867129045711e-01,-9.009958240954042685e-02,2.463944103840771949e-02,1.798087251194532832e-01,2.476485545635331575e-01,-3.046351617800657774e-01,8.536438608996647914e-02,-8.860700189622636169e-02,-1.254471331034415493e-01,-1.925176761157949001e-01,2.352268963079707786e-01,-2.742416150513729556e-01,1.100510552501532263e-01,-7.293188357237820850e-03,0.000000000000000000e+00,0.000000000000000000e+00,-1.069665524315097510e-01,2.821334147860930508e-01,-6.087685420178553519e-01,1.146462831469162280e+00,0.000000000000000000e+00,0.000000000000000000e+00,0.000000000000000000e+00,-1.328233710340316065e-01,-3.318126970840916123e-01,8.023574908360671110e-01,1.064168383839036114e+00,0.000000000000000000e+00,0.000000000000000000e+00,0.000000000000000000e+00
-3.797980110039871592e-03,-1.105378361743619697e-02,9.074495735496251880e-01,6.205906587883001360e-04,1.429976384755286475e-02,4.089384061527644998e-01,9.124497309958367053e-01,-9.423955389695315432e-02,2.469612021101845814e-02,1.799131101395462506e-01,2.530097220008214465e-01,-3.069543642308589226e-01,8.446522002222794923e-02,-9.268845261801283986e-02,-1.263924792330515801e-01,-1.923919403287086827e-01,2.402515844381965526e-01,-2.764809588350928271e-01,1.079587834014941461e-01,-8.111954696286366451e-03,0.000000000000000000e+00,0.000000000000000000e+00,-1.097234114331719634e-01,2.809636924086382770e-01,-6.093491715267551623e-01,1.149135916858259998e+00,0.000000000000000000e+00,0.000000000000000000e+00,0.000000000000000000e+00,-1.382128035364546537e-01,-3.283929136526612669e-01,8.042089569851943454e-01,1.069714721355015774e+00,0.000000000000000000e+00,0.000000000000000000e+00,0.000000000000000000e+00
-3.945411308040199481e-03,-1.105363954675404534e-02,9.075200766411356534e-01,1.983975995578144249e-04,1.498092820113009274e-02,4.092876490635645736e-01,9.122823865189139125e-01,-9.590730637044686535e-02,2.432937674029479053e-02,1.786860773549434067e-01,2.520322254734866929e-01,-3.057500624286350055e-01,8.581992246074254815e-02,-9.552939122658224425e-02,-1.263904227961545335e-01,-1.921227831916841045e-01,2.421504312075406784e-01,-2.752810345130971004e-01,1.070396138580950590e-01,-9.105926858442501409e-03,0.000000000000000000e+00,0.000000000000000000e+00,-1.111431003779078108e-01,2.808530879708686090e-01,-6.077744939031534122e-01,1.150084100977021739e+00,0.000000000000000000e+00,0.000000000000000000e+00,0.000000000000000000e+00,-1.388290526831396088e-01,-3.271101133792078119e-01,8.010773897004664912e-01,1.071861813587329681e+00,0.000000000000000000e+00,0.000000000000000000e+00,0.000000000000000000e+00
-4.029621395991816318e-03,-1.118815312203559620e-02,9.073822676366142259e-01,7.153048984660745910e-04,1.427585334651705097e-02,4.105893051955168405e-01,9.117083474495519813e-01,-9.619147145659398546e-02,2.410517038406331802e-02,1.779886247796146626e-01,2.554222071471665689e-01,-3.064832927557584186e-01,8.548061223506743522e-02,-9.478367015847713462e-02,-1.276503200653330838e-01,-1.940823027900992481e-01,2.457345171512978488e-01,-2.783908965772984301e-01,1.065543196005133419e-01,-7.460175861198103595e-03,0.000000000000000000e+00,0.000000000000000000e+00,-1.134237075026210406e-01,2.807867782452337924e-01,-6.099052388847002737e-01,1.149630909413716928e+00,0.000000000000000000e+00,0.000000000000000000e+00,0.000000000000000000e+00,-1.377538207004319060e-01,-3.266316927299700579e-01,8.028293286431851250e-01,1.074470232423832883e+00,0.000000000000000000e+00,0.000000000000000000e+00,0.000000000000000000e+00
-4.048912411017740673e-03,-1.115665420979543819e-02,9.073703664665814239e-01,3.405915644278320609e-04,1.454445816754425073e-02,4.109025215576229129e-01,9.115631961151048346e-01,-9.732708973761891591e-02,2.447327550565332049e-02,1.776933467543083678e-01,2.558907333301150833e-01,-3.073424970228278985e-01,8.637771633530487436e-02,-9.549943715727182703e-02,-1.271873470335438960e-01,-1.942297338787531413e-01,2.455760673280963924e-01,-2.782625654453479425e-01,1.069170147546625038e-01,-7.715743512075397444e-03,0.000000000000000000e+00,0.000000000000000000e+00,-1.138864060406086509e-01,2.805991510123944654e-01,-6.074253938859746071e-01,1.149345948529514105e+00,0.000000000000000000e+00,0.000000000000000000e+00,0.000000000000000000e+00,-1.368805868953706650e-01,-3.258086344788951871e-01,7.997627031035277057e-01,1.075850129804845956e+00,0.000000000000000000e+00,0.000000000000000000e+00,0.000000000000000000e+00
-3.898459398729679434e-03,-1.116725115149590740e-02,9.072998845065682882e-01,5.478679903366028220e-04,1.507057508205889886e-02,4.093458408505650792e-01,9.122546575302887817e-01,-9.744375909148303427e-02,2.358461995220648491e-02,1.772028408601050709e-01,2.551570414397044684e-01,-3.077423546127304732e-01,8.502479177714836189e-02,-9.648981313503060542e-02,-1.277366397286566202e-01,-1.941030853018643199e-01,2.456463110281278672e-01,-2.818658610958418298e-01,1.052456634344204750e-01,-6.654251063309612677e-03,0.000000000000000000e+00,0.000000000000000000e+00,-1.133855434983172400e-01,2.809031170982680958e-01,-6.099851792777311044e-01,1.149896444109292037e+00,0.000000000000000000e+00,0.000000000000000000e+00,0.000000000000000000e+00,-1.390301295125263847e-01,-3.257808917074549449e-01,8.011914279882867973e-01,1.073843097869540353e+00,0.000000000000000000e+00,0.000000000000000000e+00,0.000000000000000000e+00
-3.820346364734052494e-03,-1.123250188629441697e-02,9.072679847713991386e-01,4.386495808685955677e-04,1.453010481972559151e-02,4.111167063060890969e-01,9.114668054496035676e-01,-9.694752902824581298e-02,2.434137196667859881e-02,1.767593562288645170e-01,2.556696715221898342e-01,-3.089092352790017704e-01,8.540870041629153309e-02,-9.565782610181636225e-02,-1.276457037318346754e-01,-1.959350423726245460e-01,2.472257484864869292e-01,-2.809139797660616389e-01,1.069357563545072498e-01,-6.292756488820232599e-03,0.000000000000000000e+00,0.000000000000000000e+00,-1.158946749012081390e-01,2.808521502434074280e-01,-6.078028987399795025e-01,1.150533657601405357e+00,0.000000000000000000e+00,0.000000000000000000e+00,0.000000000000000000e+00,-1.368142691270627653e-01,-3.255593784418812087e-01,7.991603757733746205e-01,1.076953517831748419e+00,0.000000000000000000e+00,0.000000000000000000e+00,0.000000000000000000e+00
-3.547993363924687414e-03,-1.131922283326450458e-02,9.071666546113477114e-01,5.248518860497676346e-04,1.434056856672138308e-02,4.116246978786595734e-01,9.112404626222339044e-01,-9.817399753033748122e-02,2.440905827644228310e-02,1.746295240617730116e-01,2.591287366704044248e-01,-3.108678436093025854e-01,8.561317836767372291e-02,-9.532518758013135141e-02,-1.277218131866191819e-01,-1.974304977242482273e-01,2.486920471613766892e-01,-2.830092670469673832e-01,1.056690557414033255e-01,-5.641550173823684129e-03,0.000000000000000000e+00,0.000000000000000000e+00,-1.170512700054848615e-01,2.809330536518387933e-01,-6.081077136125967453e-01,1.152155800242938621e+00,0.000000000000000000e+00,0.000000000000000000e+00,0.000000000000000000e+00,-1.357430845460347590e-01,-3.237306743642864304e-01,7.963967109276107736e-01,1.078803816513699276e+00,0.000000000000000000e+00,0.000000000000000000e+00,0.000000000000000000e+00
-3.252504715780027509e-03,-1.145833161403322746e-02,9.071712203020715348e-01,5.717689365516427213e-04,1.370723632464648442e-02,4.122073344290409502e-01,9.109867716907462665e-01,-9.786999184320981093e-02,2.528589673819322745e-02,1.740391264124427906e-01,2.611862207111085299e-01,-3.113643814545626332e-01,8.689839377663630127e-02,-9.433636182543837789e-02,-1.267523727441812742e-01,-1.971426799743260239e-01,2.497388547508522239e-01,-2.823189283830127017e-01,1.037314707448327572e-01,-4.507797000074954819e-03,0.000000000000000000e+00,0.000000000000000000e+00,-1.183487367530696444e-01,2.801826867708580027e-01,-6.073837692992237747e-01,1.154564071488910937e+00,0.000000000000000000e+00,0.000000000000000000e+00,0.000000000000000000e+00,-1.341082943527485694e-01,-3.221361461790555603e-01,7.948725950940603857e-01,1.080944389780432058e+00,0.000000000000000000e+00,0.000000000000000000e+00,0.000000000000000000e+00
-2.751801536072713029e-03,-1.165135450152081018e-02,9.071001375966953884e-01,7.015304238868470777e-04,1.365420024222913260e-02,4.128288354870941479e-01,9.107060026491420324e-01,-9.932987467024836925e-02,2.543404442083279163e-02,1.713530247513433691e-01,2.644609829802792023e-01,-3.116488803411295860e-01,8.585600014031503913e-02,-9.427935346375652947e-02,-1.259811788861971427e-01,-1.964837030080377744e-01,2.512452795778617465e-01,-2.845857225757774667e-01,9.920989157340731612e-02,-3.557439900397669098e-03,0.000000000000000000e+00,0.000000000000000000e+00,-1.199549876336431786e-01,2.802285456146899056e-01,-6.090032288476165956e-01,1.158446460463064209e+00,0.000000000000000000e+00,0.000000000000000000e+00,0.000000000000000000e+00,-1.333087725969906989e-01,-3.196162586969641395e-01,7.942303611703929178e-01,1.083918080652004123e+00,0.000000000000000000e+00,0.000000000000000000e+00,0.000000000000000000e+00
-2.304901463789294121e-03,-1.190776401242286432e-02,9.070316824241141385e-01,2.143424517441990299e-04,1.363056802763703071e-02,4.139387680409447601e-01,9.102026466591394138e-01,-1.006664031939355497e-01,2.735400989548306128e-02,1.710736107483099011e-01,2.665829107805207099e-01,-3.138492024891820220e-01,8.446048455524743370e-02,-9.327199908317017341e-02,-1.252536605246982182e-01,-2.011530027282601718e-01,2.504283977420175833e-01,-2.855840912215040772e-01,9.970974612747174337e-02,-7.111921837088641240e-04,0.000000000000000000e+00,0.000000000000000000e+00,-1.228694084170514345e-01,2.813930564555309211e-01,-6.093168300585460884e-01,1.157763236980105415e+00,0.000000000000000000e+00,0.000000000000000000e+00,0.000000000000000000e+00,-1.318382596153219732e-01,-3.203150704746424160e-01,7.953432348092893678e-01,1.082842319455262103e+00,0.000000000000000000e+00,0.000000000000000000e+00,0.000000000000000000e+00
-1.773924778212665389e-03,-1.232069675194954854e-02,9.069761325258797191e-01,1.732660350442313422e-04,1.317488158255330707e-02,4.153572285591590751e-01,9.095629528283466492e-01,-1.023671586650424514e-01,2.887301506035214876e-02,1.693682324289386976e-01,2.708864048013484571e-01,-3.138678209241571038e-01,8.364088814018710849e-02,-9.172212972127430364e-02,-1.244391868953877989e-01,-2.039073110841342906e-01,2.504012245331656561e-01,-2.855048250873171156e-01,9.785576225365247294e-02,1.872159360844289537e-03,0.000000000000000000e+00,0.000000000000000000e+00,-1.252384075608546921e-01,2.815057008715798892e-01,-6.065679954745636371e-01,1.158760420594260765e+00,0.000000000000000000e+00,0.000000000000000000e+00,0.000000000000000000e+00,-1.283695572081461900e-01,-3.181926120822216042e-01,7.921784183813492808e-01,1.083766384651840609e+00,0.000000000000000000e+00,0.000000000000000000e+00,0.000000000000000000e+00
-1.167823139228177506e-03,-1.275741695032753253e-02,9.069385631418660498e-01,1.571420432703392778e-04,1.298936930296527500e-02,4.161844248864109974e-01,9.091874262622952063e-01,-1.032209683286636898e-01,2.968665463012217301e-02,1.669278689777650149e-01,2.729357818804789559e-01,-3.142211598036783737e-01,8.276921055345067002e-02,-9.202197444051907205e-02,-1.234702296616292383e-01,-2.049204245779416289e-01,2.528987095977225374e-01,-2.869923509052970112e-01,9.417116663432030521e-02,3.469171025861108020e-03,0.000000000000000000e+00,0.000000000000000000e+00,-1.261589458449526024e-01,2.839766262311359535e-01,-6.057126220803663585e-01,1.158103887795514098e+00,0.000000000000000000e+00,0.000000000000000000e+00,0.000000000000000000e+00,-1.265952652206099871e-01,-3.177594092919383550e-01,7.922449432340192832e-01,1.082688778511234684e+00,0.000000000000000000e+00,0.000000000000000000e+00,0.000000000000000000e+00
-5.454230762913965525e-04,-1.312378436404806545e-02,9.069022657015270994e-01,-7.924098591611513981e-04,1.319595338091756991e-02,4.175523244315426097e-01,9.085567099872188246e-01,-1.062957578290911476e-01,3.214094874156536025e-02,1.645713250408575301e-01,2.764684428011145445e-01,-3.172984480657789486e-01,8.232138660259832874e-02,-9.102456016688634244e-02,-1.214666114747535303e-01,-2.091571781782988748e-01,2.500443395501465993e-01,-2.861339903007841801e-01,9.599988853416660528e-02,5.493637831550101346e-03,0.000000000000000000e+00,0.000000000000000000e+00,-1.302373741885853031e-01,2.860799819156897295e-01,-6.109841588831071979e-01,1.158576853200649293e+00,0.000000000000000000e+00,0.000000000000000000e+00,0.000000000000000000e+00,-1.240586564162740324e-01,-3.165821327391384887e-01,7.935255915016315997e-01,1.082775976111261418e+00,0.000000000000000000e+00,0.000000000000000000e+00,0.000000000000000000e+00
1.565421311410647703e-04,-1.372865040838215644e-02,9.067910787605506506e-01,-1.559443573069697582e-03,1.357920637534923598e-02,4.187047262439159701e-01,9.080195622953093348e-01,-1.104555894949207639e-01,3.426923266837515747e-02,1.611821789838973062e-01,2.814310998942183284e-01,-3.210659842127548402e-01,8.068582743408612978e-02,-9.051917215758875646e-02,-1.190314536742497209e-01,-2.117172125156107365e-01,2.474720969317314723e-01,-2.878444357896823291e-01,9.330904701159987991e-02,7.982597266338382902e-03,0.000000000000000000e+00,0.000000000000000000e+00,-1.325115188149227352e-01,2.890012289049511685e-01,-6.166260282854487684e-01,1.156160682186700539e+00,0.000000000000000000e+00,0.000000000000000000e+00,0.000000000000000000e+00,-1.224474965742876342e-01,-3.177376173199668585e-01,7.994140295077941660e-01,1.076043274274279371e+00,0.000000000000000000e+00,0.000000000000000000e+00,0.000000000000000000e+00
8.768318007079329082e-04,-1.445709091075985178e-02,9.067337419149561484e-01,-2.048645417548895179e-03,1.274832649833047837e-02,4.201299389600451906e-01,9.073720943542806783e-01,-1.132206498760215951e-01,3.772291558184207028e-02,1.592597528167238874e-01,2.885850907795948772e-01,-3.231273454645861021e-01,7.983288281206218917e-02,-8.801003030325790788e-02,-1.167790052350994867e-01,-2.169357673437496969e-01,2.461368163063182291e-01,-2.863770976228482423e-01,9.115713451678049417e-02,1.087455633944635174e-02,0.000000000000000000e+00,0.000000000000000000e+00,-1.342915488913705713e-01,2.939663351198227303e-01,-6.218172242316677423e-01,1.150738763424313582e+00,0.000000000000000000e+00,0.000000000000000000e+00,0.000000000000000000e+00,-1.228683757421134837e-01,-3.187364814090574150e-01,8.066787699105536502e-01,1.072627512863681298e+00,0.000000000000000000e+00,0.000000000000000000e+00,0.000000000000000000e+00
1.807824290627793725e-03,-1.530319936895888251e-02,9.065393079915491370e-01,-2.255733755594352928e-03,1.206934508110832013e-02,4.220995780845175904e-01,9.064663197027285069e-01,-1.164137923010993558e-01,4.038548483006708378e-02,1.554048178518247503e-01,2.963627329961138201e-01,-3.259366270600972393e-01,7.663108217505333608e-02,-8.627347717869530974e-02,-1.149774872017957916e-01,-2.217517511491412519e-01,2.475122643609296014e-01,-2.895603590732855337e-01,8.732963955604272632e-02,1.420028688785509099e-02,0.000000000000000000e+00,0.000000000000000000e+00,-1.365525961498070540e-01,2.965886984674449001e-01,-6.205527734765278192e-01,1.149532503862405797e+00,0.000000000000000000e+00,0.000000000000000000e+00,0.000000000000000000e+00,-1.295819269956443864e-01,-3.197377868650717048e-01,8.075354381827973826e-01,1.066835631463470602e+00,0.000000000000000000e+00,0.000000000000000000e+00,0.000000000000000000e+00
2.833986567965225342e-03,-1.608620988169710830e-02,9.064967889085495667e-01,-2.886086512083505320e-03,1.200870317432738317e-02,4.234750773382371936e-01,9.058235592134318281e-01,-1.195653248871993285e-01,4.318885313441214041e-02,1.523390536820269925e-01,3.011972420604140943e-01,-3.277888099564449376e-01,7.538849322561694266e-02,-8.561252072752750797e-02,-1.125279848411023520e-01,-2.257122637920253028e-01,2.470825641392588867e-01,-2.905279233512591541e-01,8.509877583779709709e-02,1.609357527910618493e-02,0.000000000000000000e+00,0.000000000000000000e+00,-1.377715346643157701e-01,2.989220276189065717e-01,-6.223311935950656126e-01,1.147801796813381348e+00,0.000000000000000000e+00,0.000000000000000000e+00,0.000000000000000000e+00,-1.452386599262827926e-01,-3.230785882316297708e-01,8.129321690549649038e-01,1.057311936770867877e+00,0.000000000000000000e+00,0.000000000000000000e+00,0.000000000000000000e+00
3.963444698260253432e-03,-1.699400818634148533e-02,9.064285967282990075e-01,-3.107011630723104621e-03,1.102252758784758729e-02,4.261010582540639136e-01,9.046030834123155451e-01,-1.229144938512962970e-01,4.677941046113616441e-02,1.492831905203025333e-01,3.099374319702722369e-01,-3.283328252256000335e-01,7.279141291095186928e-02,-8.116331286193310957e-02,-1.099319180075818830e-01,-2.313558375093181241e-01,2.446979463259782162e-01,-2.914835427627487929e-01,8.346053533953975978e-02,2.030692382970953822e-02,0.000000000000000000e+00,0.000000000000000000e+00,-1.418218236747795791e-01,2.996765086157362479e-01,-6.261085917490998298e-01,1.147443943655472642e+00,0.000000000000000000e+00,0.000000000000000000e+00,0.000000000000000000e+00,-1.611873859349405580e-01,-3.253606414965213300e-01,8.172728744228030529e-01,1.049710965754085956e+00,0.000000000000000000e+00,0.000000000000000000e+00,0.000000000000000000e+00
5.129715638964806382e-03,-1.793211446159704431e-02,9.062935840115714514e-01,-3.297190175424518851e-03,1.009638003803416638e-02,4.277938148811755159e-01,9.038139430195163415e-01,-1.254027108798824175e-01,5.011079362771883594e-02,1.456730706600015135e-01,3.173491534451968743e-01,-3.298141974141776678e-01,6.840576373783679998e-02,-7.897580994174908942e-02,-1.077241840583929855e-01,-2.366732185658315668e-01,2.457844427658320841e-01,-2.919033472803836404e-01,7.957342490088649412e-02,2.295018040222290140e-02,0.000000000000000000e+00,0.000000000000000000e+00,-1.449114648068206834e-01,3.020351549974724104e-01,-6.271505229039723295e-01,1.145318713245329967e+00,0.000000000000000000e+00,0.000000000000000000e+00,0.000000000000000000e+00,-1.756477352372408651e-01,-3.270832470635645084e-01,8.216184955735057471e-01,1.046370398453870809e+00,0.000000000000000000e+00,0.000000000000000000e+00,0.000000000000000000e+00
6.442721537408385366e-03,-1.880751705101610036e-02,9.061127428213688884e-01,-3.548821711247734934e-03,9.231835047570460459e-03,4.299610187677367357e-01,9.027932772381098703e-01,-1.273107430479806235e-01,5.322148247764047629e-02,1.424941375197625593e-01,3.240630132072331304e-01,-3.343702727142023878e-01,6.816484583313643653e-02,-7.464057814193886253e-02,-1.042520192603111073e-01,-2.392498185806424260e-01,2.429151277880757798e-01,-2.954871127342725279e-01,8.022248766078310389e-02,2.674475275316218550e-02,0.000000000000000000e+00,0.000000000000000000e+00,-1.533757588256586535e-01,3.028302842200173428e-01,-6.245774443056644198e-01,1.147422412871279773e+00,0.000000000000000000e+00,0.000000000000000000e+00,0.000000000000000000e+00,-1.932537129966644396e-01,-3.280173294175672272e-01,8.208226003030676399e-01,1.043026136287445560e+00,0.000000000000000000e+00,0.000000000000000000e+00,0.000000000000000000e+00
7.753164929267887355e-03,-1.978620941355343013e-02,9.059558235307215712e-01,-3.606465157235264844e-03,7.859745859062853418e-03,4.313473259598218923e-01,9.021445018351617051e-01,-1.286127408511743564e-01,5.711144953494404208e-02,1.405437907488114591e-01,3.317861723488669257e-01,-3.371256440301453883e-01,6.726984878313627125e-02,-7.014709634384606873e-02,-1.016215207986272406e-01,-2.449403790621806909e-01,2.415616600735436825e-01,-2.968298611599000103e-01,8.033927382680851326e-02,2.991266245000762450e-02,0.000000000000000000e+00,0.000000000000000000e+00,-1.630035756897946775e-01,3.056846702062219201e-01,-6.285414948025540571e-01,1.142119064037570020e+00,0.000000000000000000e+00,0.000000000000000000e+00,0.000000000000000000e+00,-2.087133893033290832e-01,-3.297403206567480205e-01,8.197962583227759170e-01,1.039730316328602466e+00,0.000000000000000000e+00,0.000000000000000000e+00,0.000000000000000000e+00
9.206255652291769204e-03,-2.093602119874276787e-02,9.057191648888410773e-01,-3.216512804265430660e-03,5.882521809250973455e-03,4.347450386249163135e-01,9.005286232949865077e-01,-1.301167089931267451e-01,6.029071901317811788e-02,1.355055393245059303e-01,3.420821954204152360e-01,-3.418964607878444140e-01,6.454789735113081184e-02,-6.433904357492638282e-02,-9.897115062776028205e-02,-2.503278102056680776e-01,2.422699857148629676e-01,-3.004637624980794897e-01,7.828158098635049078e-02,3.522586770808749934e-02,0.000000000000000000e+00,0.000000000000000000e+00,-1.810963357714484023e-01,3.089161427493067880e-01,-6.299300694044819293e-01,1.139167191487318709e+00,0.000000000000000000e+00,0.000000000000000000e+00,0.000000000000000000e+00,-2.331663316099294447e-01,-3.309814211254344940e-01,8.159713210901358149e-01,1.032629205936224315e+00,0.000000000000000000e+00,0.000000000000000000e+00,0.000000000000000000e+00
1.074008920935618644e-02,-2.221596282488985663e-02,9.055236989399705338e-01,-2.645804038952434024e-03,4.494205941811933377e-03,4.376597794952344911e-01,8.991255303049302539e-01,-1.312303134099576662e-01,6.313237268178446826e-02,1.317369272444875727e-01,3.493882389759222495e-01,-3.437502237647310777e-01,5.868475482370978658e-02,-5.926277526399881257e-02,-9.710166775129898398e-02,-2.569814247715689892e-01,2.424250152307934059e-01,-3.045380804014479748e-01,7.356584934268596554e-02,3.938144378202838858e-02,0.000000000000000000e+00,0.000000000000000000e+00,-2.000179258755985789e-01,3.145676053442589271e-01,-6.292958340929222238e-01,1.137345985495316958e+00,0.000000000000000000e+00,0.000000000000000000e+00,0.000000000000000000e+00,-2.566956224566398492e-01,-3.305928114405400908e-01,8.128609291562737260e-01,1.032174120369565351e+00,0.000000000000000000e+00,0.000000000000000000e+00,0.000000000000000000e+00
1.223821599592485147e-02,-2.362463329518216248e-02,9.054443471751617567e-01,-2.257394024319068267e-03,3.740281688357494951e-03,4.398966273770258950e-01,8.980377896767084422e-01,-1.321247959749335399e-01,6.513985274712075224e-02,1.277477598693912975e-01,3.536765596623320795e-01,-3.464405361958643459e-01,5.494990700208032819e-02,-5.475816077788756703e-02,-9.439131174250185718e-02,-2.608954996788883096e-01,2.394044417922336077e-01,-3.082308871234777925e-01,7.051459406985068068e-02,4.368588107194403686e-02,0.000000000000000000e+00,0.000000000000000000e+00,-2.187493618979898247e-01,3.217764627950662204e-01,-6.276581204055554641e-01,1.132918166791242909e+00,0.000000000000000000e+00,0.000000000000000000e+00,0.000000000000000000e+00,-2.833122439885101262e-01,-3.303551157580636444e-01,8.114459112786339690e-01,1.031630810772418139e+00,0.000000000000000000e+00,0.000000000000000000e+00,0.000000000000000000e+00
1.354308051453180853e-02,-2.546046306014660907e-02,9.051701166654093633e-01,-1.161153033301111706e-03,7.809082347446580363e-04,4.450573307601482509e-01,8.955009850595441190e-01,-1.326883960187724976e-01,6.805634662462339834e-02,1.211908397525428283e-01,3.639961893775650048e-01,-3.484914356320620854e-01,4.975702437804697259e-02,-4.711726167046678682e-02,-9.178823441026395802e-02,-2.671625553930293551e-01,2.411808264331991303e-01,-3.114029268801412065e-01,6.591857173683474125e-02,5.115024647144776615e-02,0.000000000000000000e+00,0.000000000000000000e+00,-2.434535826680831738e-01,3.332902787678027612e-01,-6.215765281505150064e-01,1.122613924081585335e+00,0.000000000000000000e+00,0.000000000000000000e+00,0.000000000000000000e+00,-3.195792671826087616e-01,-3.300582065812580068e-01,8.054386343894618383e-01,1.031905312653468298e+00,0.000000000000000000e+00,0.000000000000000000e+00,0.000000000000000000e+00
1.477199324721566870e-02,-2.735180089632279626e-02,9.051105265434178371e-01,-3.904898576649407441e-04,-5.250142995242381740e-04,4.478679479261803431e-01,8.940994760640722516e-01,-1.336439401169816910e-01,6.932155606098289180e-02,1.150197903922314246e-01,3.687116587480136487e-01,-3.489810705497014554e-01,4.645644859158643003e-02,-4.177090196312468334e-02,-8.948652274448656851e-02,-2.720848023733191123e-01,2.381174374780107850e-01,-3.134323825790679696e-01,6.434720992799153327e-02,5.604201399331831812e-02,0.000000000000000000e+00,0.000000000000000000e+00,-2.690512346319310355e-01,3.434032564506607210e-01,-6.192438753216715774e-01,1.118452087426334174e+00,0.000000000000000000e+00,0.000000000000000000e+00,0.000000000000000000e+00,-3.508548874899199976e-01,-3.279028561231510652e-01,7.987088023260846548e-01,1.038485634043905259e+00,0.000000000000000000e+00,0.000000000000000000e+00,0.000000000000000000e+00
1.549455929986956124e-02,-2.974389102400791171e-02,9.049621704896926300e-01,8.727752369992856528e-04,-3.483891650401959965e-03,4.502927549446173461e-01,8.928737512138769095e-01,-1.333216284842045074e-01,7.233739684188608687e-02,1.110596661590053935e-01,3.768540495899886378e-01,-3.477907250610061674e-01,4.134066153497939489e-02,-3.552246401603634252e-02,-8.645270362417643850e-02,-2.746277690124279136e-01,2.383728116231631777e-01,-3.144205859729639618e-01,5.983938302244144747e-02,6.389490142877031487e-02,0.000000000000000000e+00,0.000000000000000000e+00,-2.973255008329672155e-01,3.529969204307824571e-01,-6.083268288897724085e-01,1.115224788925188726e+00,0.000000000000000000e+00,0.000000000000000000e+00,0.000000000000000000e+00,-3.857913786834561987e-01,-3.255129035245171165e-01,7.921568191599959174e-01,1.049643903937516054e+00,0.000000000000000000e+00,0.000000000000000000e+00,0.000000000000000000e+00
1.606632987464391010e-02,-3.233593486348185220e-02,9.050474557978054335e-01,2.212759657825125442e-03,-6.884613260164020900e-03,4.547460760208988373e-01,8.905917763703801171e-01,-1.309874812483186879e-01,7.504013689149618971e-02,1.060371269485986256e-01,3.806193292444686183e-01,-3.451775295153272083e-01,3.663328195222727984e-02,-2.413128463203199903e-02,-8.316147568749679420e-02,-2.822798573377923725e-01,2.306138233491354106e-01,-3.108806517331222374e-01,5.842399699731849749e-02,7.214809827297540001e-02,0.000000000000000000e+00,0.000000000000000000e+00,-3.334462963525706147e-01,3.670586998923400235e-01,-6.033939645044015254e-01,1.106486875480453547e+00,0.000000000000000000e+00,0.000000000000000000e+00,0.000000000000000000e+00,-4.238983252782168587e-01,-3.212991612740340175e-01,7.758792750525753679e-01,1.059532796873467575e+00,0.000000000000000000e+00,0.000000000000000000e+00,0.000000000000000000e+00
1.634495548804512643e-02,-3.518236850783438424e-02,9.050654245559612843e-01,3.777771531648468819e-03,-9.351541072299743990e-03,4.569613388367735896e-01,8.894293743352144066e-01,-1.276802271825683566e-01,7.618018552409430710e-02,1.020687901231771694e-01,3.800521640683385272e-01,-3.439823891989486904e-01,2.973716683701493543e-02,-1.664248184032405750e-02,-8.070317553686476297e-02,-2.845889396711175912e-01,2.250988635064036236e-01,-3.113714727661174297e-01,5.928091135484852420e-02,7.802605561198891482e-02,0.000000000000000000e+00,0.000000000000000000e+00,-3.674889649138665115e-01,3.806446628936472898e-01,-5.971785541209500003e-01,1.102265437252603064e+00,0.000000000000000000e+00,0.000000000000000000e+00,0.000000000000000000e+00,-4.609349935579357682e-01,-3.184615791706675858e-01,7.641024581867383869e-01,1.073828992914647618e+00,0.000000000000000000e+00,0.000000000000000000e+00,0.000000000000000000e+00
1.637015610224145518e-02,-3.841704309372604570e-02,9.050786000958345179e-01,5.600101543173149378e-03,-1.311871610794236760e-02,4.618534301342940851e-01,8.868415570007823767e-01,-1.265079321636150000e-01,7.797142190732031519e-02,9.566274261699107828e-02,3.856420264874840242e-01,-3.395430649420250191e-01,2.260224661098182014e-02,-7.526737693477868370e-03,-7.870395750259798207e-02,-2.914010756497951160e-01,2.220938441713816436e-01,-3.075355292814616615e-01,5.872139747033597312e-02,8.524931655187194257e-02,0.000000000000000000e+00,0.000000000000000000e+00,-4.070045872303855172e-01,3.953436474954132862e-01,-5.956281486802437186e-01,1.093697212638242267e+00,0.000000000000000000e+00,0.000000000000000000e+00,0.000000000000000000e+00,-5.016604917199138924e-01,-3.128142505722954492e-01,7.427769883722417088e-01,1.087545422990622956e+00,0.000000000000000000e+00,0.000000000000000000e+00,0.000000000000000000e+00
1.629649347120362343e-02,-4.197888614733626816e-02,9.049426139786846957e-01,7.800653896858286696e-03,-1.740727292975117677e-02,4.663744848678096910e-01,8.843816916423674623e-01,-1.256633521849882251e-01,8.043054977992533661e-02,9.018749893070453216e-02,3.940285462362848601e-01,-3.339437376933970802e-01,1.337863658235743936e-02,1.819483311667082978e-03,-7.681830906580625062e-02,-2.987432992683731192e-01,2.214015920409843630e-01,-3.081248961772063422e-01,5.453283039642809610e-02,9.331849938989086879e-02,0.000000000000000000e+00,0.000000000000000000e+00,-4.505369613999885559e-01,4.096473307390466334e-01,-5.936287401333187885e-01,1.088531125579695003e+00,0.000000000000000000e+00,0.000000000000000000e+00,0.000000000000000000e+00,-5.413852424759608706e-01,-3.117442294121997581e-01,7.239148558256033317e-01,1.096543806924760611e+00,0.000000000000000000e+00,0.000000000000000000e+00,0.000000000000000000e+00
1.616738781460749091e-02,-4.568213195603403748e-02,9.047348191733408651e-01,9.249869598625847650e-03,-2.101658873262625057e-02,4.712409176113436793e-01,8.817055860542510892e-01,-1.295191051400113869e-01,8.362723676176074539e-02,8.407949059120667368e-02,4.065770736082144343e-01,-3.279778322307542737e-01,6.455842554592433440e-03,9.224002027365911863e-03,-7.468961296830520236e-02,-3.087445922931694176e-01,2.201352166875040761e-01,-3.065295318941477776e-01,5.237427290107553313e-02,1.019333908435810926e-01,0.000000000000000000e+00,0.000000000000000000e+00,-4.942665226944564782e-01,4.220506033417404934e-01,-5.954954941461625406e-01,1.086279746131689095e+00,0.000000000000000000e+00,0.000000000000000000e+00,0.000000000000000000e+00,-5.822949257255443101e-01,-3.105115189992755931e-01,6.995430553343270352e-01,1.109867703565151853e+00,0.000000000000000000e+00,0.000000000000000000e+00,0.000000000000000000e+00
1.603136301768290362e-02,-4.947003058486480753e-02,9.044698277148299770e-01,1.115990364658747680e-02,-2.478062305480130748e-02,4.756836911100057463e-01,8.791964531795921634e-01,-1.289767565608996580e-01,8.720296739263974639e-02,8.215913939439706271e-02,4.130129594432280227e-01,-3.256193072560006341e-01,-1.753856735259137246e-03,1.579314296915058230e-02,-7.309525773576291963e-02,-3.155121269388768690e-01,2.217461208590068567e-01,-3.085203700973975227e-01,5.243386817245585668e-02,1.086532769759438466e-01,0.000000000000000000e+00,0.000000000000000000e+00,-5.428563318963605111e-01,4.368233529811327842e-01,-5.911843603350993570e-01,1.073409020515331713e+00,0.000000000000000000e+00,0.000000000000000000e+00,0.000000000000000000e+00,-6.211421156405363408e-01,-3.096488987008651494e-01,6.790450736089312933e-01,1.115766196998825288e+00,0.000000000000000000e+00,0.000000000000000000e+00,0.000000000000000000e+00
1.605150957797732425e-02,-5.333587839911942824e-02,9.041946515496996906e-01,1.395920768635160181e-02,-2.889094488977455438e-02,4.820082711657366348e-01,8.755789401030397157e-01,-1.270041918666426906e-01,8.765727398670916659e-02,7.506040971608474166e-02,4.183396803248427553e-01,-3.237275133929351512e-01,-1.019472219431312270e-02,2.349678225114356506e-02,-7.257497347055985593e-02,-3.228933596915118387e-01,2.255969205725969762e-01,-3.115819302517160994e-01,4.646580716056365745e-02,1.116300316289476346e-01,0.000000000000000000e+00,0.000000000000000000e+00,-5.917615479248473642e-01,4.485716509679067987e-01,-5.954361866981691120e-01,1.071211502112372260e+00,0.000000000000000000e+00,0.000000000000000000e+00,0.000000000000000000e+00,-6.644129587945587501e-01,-3.070959436542421983e-01,6.588786683773478758e-01,1.120750429861871345e+00,0.000000000000000000e+00,0.000000000000000000e+00,0.000000000000000000e+00
1.616964091214068491e-02,-5.698469374588441966e-02,9.040231021803937228e-01,1.713161042807787027e-02,-3.170461897249201438e-02,4.857324953230450215e-01,8.733643386623919369e-01,-1.218998555897363167e-01,8.500222935812110081e-02,6.841025689118893083e-02,4.158175198970673336e-01,-3.229706770356944867e-01,-1.561183295518432657e-02,2.662619472153236397e-02,-7.422782545532571885e-02,-3.246685291163993736e-01,2.332676553116340978e-01,-3.181907554327723098e-01,4.572238687244299660e-02,1.145416014630409596e-01,0.000000000000000000e+00,0.000000000000000000e+00,-6.399180499127865573e-01,4.644119885909080425e-01,-5.910677942448192557e-01,1.064703590851970416e+00,0.000000000000000000e+00,0.000000000000000000e+00,0.000000000000000000e+00,-6.987549971512997393e-01,-3.066882355889785083e-01,6.336474942762290175e-01,1.127655717982696260e+00,0.000000000000000000e+00,0.000000000000000000e+00,0.000000000000000000e+00
1.628631455492323202e-02,-6.056039324740252611e-02,9.036113647566760276e-01,1.977204743948595897e-02,-3.559096177416232881e-02,4.919567891103874824e-01,8.696671013831893671e-01,-1.219758654967106476e-01,8.465372915403741871e-02,6.024652530592569666e-02,4.241695261067048861e-01,-3.205576710456243261e-01,-1.811533944060280191e-02,3.116855555631915103e-02,-7.496101726637116602e-02,-3.322531925466756797e-01,2.428119429781580296e-01,-3.211860057330195861e-01,4.118108343818757677e-02,1.183854791474545642e-01,0.000000000000000000e+00,0.000000000000000000e+00,-6.896564084732179634e-01,4.753547847490595668e-01,-5.973507983692027956e-01,1.062764730306942296e+00,0.000000000000000000e+00,0.000000000000000000e+00,0.000000000000000000e+00,-7.358476681866584768e-01,-3.071607150254032081e-01,6.005467309166613310e-01,1.133581136399806955e+00,0.000000000000000000e+00,0.000000000000000000e+00,0.000000000000000000e+00
1.665772186090190565e-02,-6.394029350087931940e-02,9.032790590283619192e-01,2.140076276946419054e-02,-3.850765337250735415e-02,4.986579488132030780e-01,8.656785882012082434e-01,-1.233824275141975346e-01,8.510912914778515082e-02,5.093327283187269044e-02,4.295399743881366805e-01,-3.195004652424270342e-01,-2.388198693689283156e-02,3.714017408397732312e-02,-7.369081926294751561e-02,-3.418517465805949729e-01,2.443568928991329825e-01,-3.226765350240307084e-01,3.981049310549089615e-02,1.216668992273893524e-01,0.000000000000000000e+00,0.000000000000000000e+00,-7.405319484319591306e-01,4.879778670875624669e-01,-6.074806065056609361e-01,1.059914352897602940e+00,0.000000000000000000e+00,0.000000000000000000e+00,0.000000000000000000e+00,-7.706133001114454650e-01,-3.122097727993803917e-01,5.697167261519774373e-01,1.130408637201083089e+00,0.000000000000000000e+00,0.000000000000000000e+00,0.000000000000000000e+00
1.710591834964429736e-02,-6.711541496847497901e-02,9.030683209494869690e-01,2.222059886506277254e-02,-3.983288556332677255e-02,5.020858697320838004e-01,8.636141300541313459e-01,-1.263242809675132750e-01,8.660000940961332105e-02,4.606286612647936957e-02,4.328077784677503703e-01,-3.155952188721768414e-01,-2.937051405375647878e-02,3.771060491667744402e-02,-7.200070765763494363e-02,-3.453752093107562704e-01,2.462918525164738692e-01,-3.236676753193481471e-01,4.156167989936545432e-02,1.261670199105228707e-01,0.000000000000000000e+00,0.000000000000000000e+00,-7.823243515537070536e-01,4.983581308439277713e-01,-5.961541893555863947e-01,1.048548122981264319e+00,0.000000000000000000e+00,0.000000000000000000e+00,0.000000000000000000e+00,-7.999765859844907290e-01,-3.122004793436773951e-01,5.326235408786129666e-01,1.124010063859274711e+00,0.000000000000000000e+00,0.000000000000000000e+00,0.000000000000000000e+00
1.777752659670484361e-02,-7.015791433051614401e-02,9.027655154274636384e-01,2.289083544913625423e-02,-4.230658089361447050e-02,5.067728242246400949e-01,8.607365842654270960e-01,-1.297317641271806821e-01,8.942822338292719109e-02,3.868482088329427276e-02,4.401195132657540476e-01,-3.111720228631199014e-01,-3.700631254696203770e-02,4.149102684086680704e-02,-6.737248733355476193e-02,-3.476003887181573493e-01,2.459440552231870192e-01,-3.230429392942232858e-01,3.950889753443274227e-02,1.271766826411309392e-01,0.000000000000000000e+00,0.000000000000000000e+00,-8.240685103970956105e-01,5.085890631121682270e-01,-6.079478821900392571e-01,1.038305632710040394e+00,0.000000000000000000e+00,0.000000000000000000e+00,0.000000000000000000e+00,-8.280771549275289800e-01,-3.210550172033698746e-01,5.115344318943568780e-01,1.118077195339796770e+00,0.000000000000000000e+00,0.000000000000000000e+00,0.000000000000000000e+00
1.884825422934546454e-02,-7.314346858318274136e-02,9.025322912837685507e-01,2.319032975413166595e-02,-4.326665815448729052e-02,5.123222555756737906e-01,8.573891248085033778e-01,-1.377659285291132352e-01,9.131124218571695650e-02,3.085366672574185384e-02,4.490126125590739870e-01,-3.008834075704535094e-01,-4.308075431031582747e-02,4.109350293835955376e-02,-6.569442449193740874e-02,-3.571000281239545271e-01,2.499371451517534148e-01,-3.216386531137921945e-01,3.526905666853441534e-02,1.342322167202467387e-01,0.000000000000000000e+00,0.000000000000000000e+00,-8.670264986145312935e-01,5.134369984783255791e-01,-6.073577087800338115e-01,1.027695615481164060e+00,0.000000000000000000e+00,0.000000000000000000e+00,0.000000000000000000e+00,-8.540891190008428335e-01,-3.264669647697450161e-01,4.851478194338386674e-01,1.105772466448775582e+00,0.000000000000000000e+00,0.000000000000000000e+00,0.000000000000000000e+00
2.015661877527660448e-02,-7.599320049623035922e-02,9.024787908585837348e-01,2.452927244805128137e-02,-4.412695142251552710e-02,5.182940818258862103e-01,8.537109415344200647e-01,-1.405143609172278263e-01,9.047003525668761981e-02,2.253055399275702766e-02,4.510704566999429455e-01,-2.953142206976829276e-01,-4.909962841728693350e-02,4.281698672534187816e-02,-6.575496683297230027e-02,-3.660872559662025072e-01,2.522542506889635661e-01,-3.203099168877636682e-01,3.218526774027160448e-02,1.409376836507878483e-01,0.000000000000000000e+00,0.000000000000000000e+00,-9.099206226978280299e-01,5.162659447352181408e-01,-6.065927261230286138e-01,1.016275676595646660e+00,0.000000000000000000e+00,0.000000000000000000e+00,0.000000000000000000e+00,-8.841961257357116022e-01,-3.292837472302126978e-01,4.531096169170575338e-01,1.094257303301284345e+00,0.000000000000000000e+00,0.000000000000000000e+00,0.000000000000000000e+00
2.151249975377827334e-02,-7.861026810232454864e-02,9.023662272840068388e-01,2.515390356364038960e-02,-4.432649205517652513e-02,5.230975803372240884e-01,8.507475328691437300e-01,-1.459533046609417795e-01,9.209412163657780537e-02,1.889198026212499798e-02,4.561597657400759953e-01,-2.879750515109852915e-01,-5.608501022957048526e-02,4.044296185264978361e-02,-6.434916472736426640e-02,-3.692598225835548309e-01,2.576159853733004379e-01,-3.208379940603304781e-01,2.648156442740757371e-02,1.426600471810056947e-01,0.000000000000000000e+00,0.000000000000000000e+00,-9.410247108154657925e-01,5.224948441913648267e-01,-6.053769246788706093e-01,9.952628358381190310e-01,0.000000000000000000e+00,0.000000000000000000e+00,0.000000000000000000e+00,-9.056935245282555780e-01,-3.303350905638797186e-01,4.230127811607409249e-01,1.081824050232037537e+00,0.000000000000000000e+00,0.000000000000000000e+00,0.000000000000000000e+00
2.314800867186314962e-02,-8.092041588881859759e-02,9.026040948175946266e-01,2.576802649220681987e-02,-4.268211805823494270e-02,5.293037229630560558e-01,8.469662416331644739e-01,-1.510674843849957316e-01,9.051961680980587233e-02,1.350405934264739538e-02,4.553140038201811679e-01,-2.840725553722419083e-01,-6.252753478536868248e-02,3.940443945547166676e-02,-6.583020652736343292e-02,-3.805134104396716288e-01,2.561644306464812004e-01,-3.188196270541351351e-01,2.420581720398599229e-02,1.505069833365154652e-01,0.000000000000000000e+00,0.000000000000000000e+00,-9.707237342240403466e-01,5.231119871133373955e-01,-5.979794533739118956e-01,9.717721909518112211e-01,0.000000000000000000e+00,0.000000000000000000e+00,0.000000000000000000e+00,-9.250408568251277108e-01,-3.245891303528665173e-01,3.857074119027100179e-01,1.066987711803332184e+00,0.000000000000000000e+00,0.000000000000000000e+00,0.000000000000000000e+00
2.444636026847691462e-02,-8.314020059531818108e-02,9.027417043646855932e-01,2.591866324828314902e-02,-4.230636660293173035e-02,5.353512666621779159e-01,8.431710476074721905e-01,-1.577787246389407427e-01,9.330146663469089663e-02,1.137322376643565974e-02,4.610353516477417868e-01,-2.746555993025123210e-01,-7.293673088267221827e-02,4.011361724943419277e-02,-6.519257673388210994e-02,-3.917602264950602597e-01,2.537124176607767900e-01,-3.127415865898220404e-01,2.025196537460603741e-02,1.569437663484923029e-01,0.000000000000000000e+00,0.000000000000000000e+00,-9.954966074019852007e-01,5.214460889834607871e-01,-5.909464227100563738e-01,9.488300117967936043e-01,0.000000000000000000e+00,0.000000000000000000e+00,0.000000000000000000e+00,-9.372675188700254623e-01,-3.250795488936418232e-01,3.443638767111210641e-01,1.040663259256937367e+00,0.000000000000000000e+00,0.000000000000000000e+00,0.000000000000000000e+00
2.534404214605622332e-02,-8.485196074470700844e-02,9.030550877338064941e-01,2.487509599474983790e-02,-3.955180018458569202e-02,5.412709054628035421e-01,8.395491001727576341e-01,-1.634180645913697327e-01,9.515155220813933945e-02,1.533042725617998064e-02,4.605941132487616496e-01,-2.856415948928248127e-01,-6.205818402926868704e-02,3.508381164158539539e-02,-6.456214750133013047e-02,-3.950697181881877018e-01,2.497544572856878753e-01,-3.072364991535970202e-01,2.609838444638981625e-02,1.580076563792064126e-01,0.000000000000000000e+00,0.000000000000000000e+00,-1.014141886560838257e+00,5.206854076212257265e-01,-5.807205714461203261e-01,9.077002233387770902e-01,0.000000000000000000e+00,0.000000000000000000e+00,0.000000000000000000e+00,-9.433036149944945548e-01,-3.204054808230077378e-01,2.991406467341269360e-01,1.007308917208963761e+00,0.000000000000000000e+00,0.000000000000000000e+00,0.000000000000000000e+00
2.615061696022175086e-02,-8.662567588904031279e-02,9.031778026967993700e-01,2.429034429062609801e-02,-3.750187118425422905e-02,5.463390894682179644e-01,8.363714414965164323e-01,-1.683329583890863790e-01,9.591374264242934211e-02,1.569147407199655841e-02,4.592109863266757297e-01,-2.900231493629930601e-01,-6.301576305485571960e-02,3.086370853726343177e-02,-6.489254875556557667e-02,-4.012948425692143828e-01,2.488733352504870211e-01,-3.053373864544461913e-01,2.527092911278410944e-02,1.607866695055132078e-01,0.000000000000000000e+00,0.000000000000000000e+00,-1.034273233228403255e+00,5.193352816576970454e-01,-5.730060778004621991e-01,8.734972956488172846e-01,0.000000000000000000e+00,0.000000000000000000e+00,0.000000000000000000e+00,-9.462314971180313394e-01,-3.155641651574816464e-01,2.531885047183059512e-01,9.727859570259727029e-01,0.000000000000000000e+00,0.000000000000000000e+00,0.000000000000000000e+00
2.680066021424987177e-02,-8.851783345496776201e-02,9.034484410592955594e-01,2.419735481826701048e-02,-3.445444219655130480e-02,5.508925004933115099e-01,8.335135465803478194e-01,-1.704070539951490215e-01,9.441397918811242351e-02,1.743347288443548859e-02,4.519750501597183945e-01,-2.962376280895806513e-01,-6.217502677648414217e-02,2.452147835270682835e-02,-6.749864229366461799e-02,-4.055524229913522460e-01,2.489175966355276770e-01,-3.051919221870842969e-01,2.621224281846569470e-02,1.632280091865777882e-01,0.000000000000000000e+00,0.000000000000000000e+00,-1.052364730595825471e+00,5.204625242021956311e-01,-5.691844859686314706e-01,8.394084105911667759e-01,0.000000000000000000e+00,0.000000000000000000e+00,0.000000000000000000e+00,-9.478545485106834034e-01,-3.032231705722286952e-01,2.070494739126574335e-01,9.389735211774464796e-01,0.000000000000000000e+00,0.000000000000000000e+00,0.000000000000000000e+00
2.720286504471320504e-02,-9.072863846757976691e-02,9.037905704686886033e-01,2.332022192406218650e-02,-3.371798434893873153e-02,5.557561025753708916e-01,8.303339203182600325e-01,-1.728378421643574081e-01,9.696261560659968914e-02,1.822088660232690227e-02,4.482394479284034228e-01,-2.980378502011233333e-01,-6.099086772081507846e-02,2.186082995054816278e-02,-6.561656154050291012e-02,-4.112074579239964889e-01,2.461101026878307341e-01,-2.980333931318990270e-01,2.317519745874348225e-02,1.669766268749735272e-01,0.000000000000000000e+00,0.000000000000000000e+00,-1.077919306766194074e+00,5.178624877247144376e-01,-5.573282758430146977e-01,8.121410333052111463e-01,0.000000000000000000e+00,0.000000000000000000e+00,0.000000000000000000e+00,-9.579427225055511252e-01,-3.052725813281624845e-01,1.954953622098275223e-01,8.979551985922266111e-01,0.000000000000000000e+00,0.000000000000000000e+00,0.000000000000000000e+00
2.732476633925625537e-02,-9.370860485450774324e-02,9.040290984495245041e-01,2.351921465221159038e-02,-3.347430649042761747e-02,5.608594332664142978e-01,8.268996392931879935e-01,-1.720573061963721062e-01,9.929223938013610751e-02,2.275571380992067599e-02,4.415180222429608836e-01,-3.011530760059073497e-01,-6.097977233677821102e-02,2.070740269798370184e-02,-6.482549814211222006e-02,-4.151566163707600676e-01,2.423577071752794909e-01,-2.908157535413939954e-01,2.349240922879147070e-02,1.651707116101628903e-01,0.000000000000000000e+00,0.000000000000000000e+00,-1.092828703774785248e+00,5.073258106470429629e-01,-5.349051665828332691e-01,7.871101138088525406e-01,0.000000000000000000e+00,0.000000000000000000e+00,0.000000000000000000e+00,-9.708487367745443075e-01,-2.968788527145401202e-01,1.726032952302885282e-01,8.577762874375675084e-01,0.000000000000000000e+00,0.000000000000000000e+00,0.000000000000000000e+00
2.770767725059705699e-02,-9.677500464109679845e-02,9.042732110969236015e-01,2.309981850602512571e-02,-3.186345932777259748e-02,5.652988376025336326e-01,8.239468080828277197e-01,-1.765403961938563637e-01,9.906987728365659884e-02,2.126573978176398913e-02,4.352584626693131731e-01,-2.983266007610519965e-01,-6.597721018075614063e-02,1.504035847396088636e-02,-6.514935012417764904e-02,-4.210460738002356762e-01,2.418556076172342639e-01,-2.868253896943671055e-01,1.993315514428060237e-02,1.675627579893609609e-01,0.000000000000000000e+00,0.000000000000000000e+00,-1.116130568303725701e+00,5.001807730665526197e-01,-5.201343317276161393e-01,7.568102042415145725e-01,0.000000000000000000e+00,0.000000000000000000e+00,0.000000000000000000e+00,-9.925742402652951712e-01,-2.983452662194662208e-01,1.662022596891191417e-01,8.242325755222332795e-01,0.000000000000000000e+00,0.000000000000000000e+00,0.000000000000000000e+00
2.813169632182532104e-02,-1.005935353671885968e-01,9.045750376550777405e-01,2.290735953833723804e-02,-3.058052960747803875e-02,5.704555624112712664e-01,8.204392332171512869e-01,-1.814714791428521379e-01,9.942518537982483751e-02,2.121932908618043984e-02,4.301916202927216215e-01,-2.941958503525947122e-01,-6.817148297378319843e-02,8.971258923296730053e-03,-6.606923498933997552e-02,-4.298392483499459127e-01,2.426195681715913044e-01,-2.799022256634371986e-01,1.371609351379106390e-02,1.702613824696037337e-01,0.000000000000000000e+00,0.000000000000000000e+00,-1.131863468479476165e+00,4.951771474781134774e-01,-5.102078880869541644e-01,7.356486440257963277e-01,0.000000000000000000e+00,0.000000000000000000e+00,0.000000000000000000e+00,-1.010749952274063723e+00,-3.015401439704055719e-01,1.651263212323413609e-01,7.966778026885082964e-01,0.000000000000000000e+00,0.000000000000000000e+00,0.000000000000000000e+00
2.863516397278538517e-02,-1.047107336957798090e-01,9.047954245676590457e-01,2.313595531561922491e-02,-2.937327589925463334e-02,5.773687319098899096e-01,8.156269279807681905e-01,-1.846629677537993952e-01,9.929009220263557145e-02,2.327197506166710228e-02,4.238864476033390449e-01,-2.946682298785206489e-01,-6.866903753292068202e-02,5.242388300563439324e-03,-6.696928365666808547e-02,-4.377386259970227345e-01,2.395759030869352157e-01,-2.723408996740208643e-01,1.460452592381190906e-02,1.693111634213926020e-01,0.000000000000000000e+00,0.000000000000000000e+00,-1.157905415530025905e+00,4.944160215471986031e-01,-5.063930600044511676e-01,7.124861559650003118e-01,0.000000000000000000e+00,0.000000000000000000e+00,0.000000000000000000e+00,-1.033652222087851680e+00,-3.009839799215571210e-01,1.473081203417530571e-01,7.735531163092832507e-01,0.000000000000000000e+00,0.000000000000000000e+00,0.000000000000000000e+00
2.971889271290281340e-02,-1.092026051426200767e-01,9.050993345879266849e-01,2.302254523843100600e-02,-2.750515242209206068e-02,5.830767051450815863e-01,8.116249040770844303e-01,-1.929833760243639951e-01,9.907600051232047511e-02,2.271960501818397898e-02,4.250377872317169237e-01,-2.874392520689497132e-01,-7.169247800450807839e-02,-1.714458577392968808e-03,-6.736081180404948632e-02,-4.454278195613753932e-01,2.388493268246571488e-01,-2.661491096585902327e-01,7.225840507259603980e-03,1.720313901606813634e-01,0.000000000000000000e+00,0.000000000000000000e+00,-1.186586912877998001e+00,5.039372764222748158e-01,-5.271573385795718103e-01,6.870121151429269268e-01,0.000000000000000000e+00,0.000000000000000000e+00,0.000000000000000000e+00,-1.055706663761817543e+00,-3.125878500714908137e-01,1.589046903913503561e-01,7.519843496433575858e-01,0.000000000000000000e+00,0.000000000000000000e+00,0.000000000000000000e+00
3.108022152295721041e-02,-1.144020281381578075e-01,9.053005418053342579e-01,2.204671681081368101e-02,-2.559981046587651854e-02,5.872609500409428085e-01,8.086922582410340787e-01,-2.025538491150356835e-01,1.019619652081429351e-01,2.394326950049147432e-02,4.303720771916700882e-01,-2.853803486890280072e-01,-7.509664206233720996e-02,-1.130968711933516210e-02,-6.379680405540311128e-02,-4.470740568372968404e-01,2.364270528304418806e-01,-2.590982736506177719e-01,-1.166799302827080734e-03,1.732538026206276449e-01,0.000000000000000000e+00,0.000000000000000000e+00,-1.220010450977866645e+00,5.056618359050579770e-01,-5.273709305646476775e-01,6.726639971141081809e-01,0.000000000000000000e+00,0.000000000000000000e+00,0.000000000000000000e+00,-1.086310272970557156e+00,-3.216990084477467371e-01,1.736247431903493177e-01,7.378604860963495771e-01,0.000000000000000000e+00,0.000000000000000000e+00,0.000000000000000000e+00
3.270446343815232304e-02,-1.195661239074997662e-01,9.054735894985378453e-01,2.395221899484984568e-02,-2.516627316506640788e-02,5.920788369239969873e-01,8.051307973037235000e-01,-2.043191310520788007e-01,1.028749323417941786e-01,2.900030092250963087e-02,4.399387814866480007e-01,-2.901140267078320956e-01,-7.930636483154995808e-02,-1.462590968883956122e-02,-6.706035431535262159e-02,-4.579060120751967666e-01,2.389765279008437271e-01,-2.544964792531789755e-01,-7.708500537311794090e-03,1.732514558654398018e-01,0.000000000000000000e+00,0.000000000000000000e+00,-1.245341934260745242e+00,5.117108664309497623e-01,-5.381368100921201103e-01,6.539372544879318294e-01,0.000000000000000000e+00,0.000000000000000000e+00,0.000000000000000000e+00,-1.110667980709489466e+00,-3.383150822281523196e-01,1.984207788142783035e-01,7.190403949902256509e-01,0.000000000000000000e+00,0.000000000000000000e+00,0.000000000000000000e+00
3.477676068554640121e-02,-1.247055515601968034e-01,9.056646943912058934e-01,2.403323528652008892e-02,-2.306406516555881137e-02,5.974771988703130310e-01,8.011937651590810283e-01,-2.111821364281395719e-01,1.048992692285418138e-01,3.373170980879608427e-02,4.577279589508436719e-01,-3.046456061152628680e-01,-7.664793059184535351e-02,-2.006869597261851101e-02,-6.594931525070261980e-02,-4.657182843712620035e-01,2.332518921026555947e-01,-2.511690424199996552e-01,-1.033054796387015799e-02,1.733160633638042847e-01,0.000000000000000000e+00,0.000000000000000000e+00,-1.278516064017201970e+00,5.223218895587934396e-01,-5.500570748810853505e-01,6.471617757817839101e-01,0.000000000000000000e+00,0.000000000000000000e+00,0.000000000000000000e+00,-1.144754778704967668e+00,-3.630110101204582218e-01,2.195065648698448779e-01,7.212568016433034135e-01,0.000000000000000000e+00,0.000000000000000000e+00,0.000000000000000000e+00
3.744486834887773147e-02,-1.298476802861103230e-01,9.060962609301940196e-01,2.506042274354541508e-02,-2.074671872310304005e-02,6.047402552392088237e-01,7.957579861788096620e-01,-2.167888520966138599e-01,1.089937895563452275e-01,4.466987064148300601e-02,4.922625055174198461e-01,-3.266109611107362865e-01,-7.528260846949880181e-02,-2.353916808729116655e-02,-6.610739075661350994e-02,-4.748713138997168182e-01,2.268984720589684034e-01,-2.490529358536454907e-01,-2.074826359321369634e-02,1.725183683404761803e-01,0.000000000000000000e+00,0.000000000000000000e+00,-1.300943445570213131e+00,5.253517934652888188e-01,-5.569440177686836302e-01,6.407163649927410942e-01,0.000000000000000000e+00,0.000000000000000000e+00,0.000000000000000000e+00,-1.179228448457954936e+00,-3.994878176000188907e-01,2.855088689007108105e-01,7.225678026384037000e-01,0.000000000000000000e+00,0.000000000000000000e+00,0.000000000000000000e+00
4.012496808926464820e-02,-1.348767771647605140e-01,9.059826093718758022e-01,2.666874477044214875e-02,-1.905351234675928609e-02,6.148975505244703710e-01,7.879255955219541807e-01,-2.141075291430866723e-01,1.282102883512467872e-01,7.924926046127175883e-02,5.423151089282856052e-01,-3.523545245810157378e-01,-5.416675357315807460e-02,-2.614700384820681928e-02,-6.908706432086531013e-02,-4.889836046576709894e-01,2.258370533178952200e-01,-2.524226559653388602e-01,-2.737935449890065848e-02,1.650755624348473616e-01,0.000000000000000000e+00,0.000000000000000000e+00,-1.324165397425914881e+00,5.216803869632842261e-01,-5.569212519133995842e-01,6.433245481377413144e-01,0.000000000000000000e+00,0.000000000000000000e+00,0.000000000000000000e+00,-1.204830205478163219e+00,-4.172883194773296944e-01,3.080536792715136141e-01,7.267527576566693570e-01,0.000000000000000000e+00,0.000000000000000000e+00,0.000000000000000000e+00
4.286235097803387656e-02,-1.395180923944481510e-01,9.052971333744949112e-01,2.701504664775368145e-02,-1.924698089941448420e-02,6.241357398655780209e-01,7.806115033762464073e-01,-2.076739916741374981e-01,1.593318005053919184e-01,1.206209886606689485e-01,5.876293380675403633e-01,-3.542566748915794150e-01,-3.781424133409364008e-02,-3.025592416620377645e-02,-6.907254404608403897e-02,-5.033547515825260721e-01,2.313626417692373760e-01,-2.526964201897995976e-01,-3.608534722815861379e-02,1.569655176030760602e-01,0.000000000000000000e+00,0.000000000000000000e+00,-1.345239614144008611e+00,5.226218162773318410e-01,-5.635365397804587007e-01,6.313315997337831664e-01,0.000000000000000000e+00,0.000000000000000000e+00,0.000000000000000000e+00,-1.226892365818604835e+00,-4.387765628949651386e-01,3.356456807371834272e-01,7.103232679560856910e-01,0.000000000000000000e+00,0.000000000000000000e+00,0.000000000000000000e+00
4.594242954614370655e-02,-1.440684100426786463e-01,9.046448524847279238e-01,2.744100113866943316e-02,-1.928424347695793448e-02,6.321943040080846288e-01,7.740836333302499872e-01,-2.049178686649670567e-01,1.819746602601717278e-01,1.459474849258320939e-01,6.200175867024771970e-01,-3.504538016804498168e-01,-3.393984176347422665e-02,-3.430997391012124975e-02,-6.800178971257722638e-02,-5.142635425217928491e-01,2.357788561172238506e-01,-2.548623990755374269e-01,-4.506161067557051120e-02,1.510294299329683898e-01,0.000000000000000000e+00,0.000000000000000000e+00,-1.357980670120169098e+00,5.227358361341338799e-01,-5.664682308095653207e-01,6.208494820288325000e-01,0.000000000000000000e+00,0.000000000000000000e+00,0.000000000000000000e+00,-1.237596938152971671e+00,-4.576729846629752907e-01,3.497060220860386259e-01,6.878142985198765214e-01,0.000000000000000000e+00,0.000000000000000000e+00,0.000000000000000000e+00
4.915495566399986915e-02,-1.482975649955018682e-01,9.033687195733560715e-01,2.841756449646595101e-02,-2.121112309432880011e-02,6.371385546472901895e-01,7.699331090861898375e-01,-1.971229538282411597e-01,1.961686784237024472e-01,1.521466280340949828e-01,6.636373111560489590e-01,-3.366435487759417700e-01,-3.244090107205978291e-02,-3.882716644022453367e-02,-6.391837015888446327e-02,-5.139881733939990482e-01,2.472531396065557607e-01,-2.627243780533484729e-01,-5.752809933955985167e-02,1.452083672747481458e-01,0.000000000000000000e+00,0.000000000000000000e+00,-1.372981232307613375e+00,5.312268386395088138e-01,-5.853829905038225867e-01,6.083548551277007110e-01,0.000000000000000000e+00,0.000000000000000000e+00,0.000000000000000000e+00,-1.245990131470614104e+00,-4.683400235040657278e-01,3.591478418677633289e-01,6.704298979211517073e-01,0.000000000000000000e+00,0.000000000000000000e+00,0.000000000000000000e+00
5.242408997193243048e-02,-1.518918180712938715e-01,9.026419892334199835e-01,2.760814873217243282e-02,-2.143034897029185912e-02,6.415848161303270292e-01,7.662554756591345440e-01,-1.906673550875226109e-01,2.049305500839613547e-01,1.530788705229795821e-01,6.867987819469077992e-01,-3.251866569830582643e-01,-4.219680180940490327e-02,-4.468890207942978476e-02,-5.975822304509131877e-02,-5.204158204289903722e-01,2.519434354813236410e-01,-2.617530523693076261e-01,-6.351389863111774059e-02,1.396259236057237063e-01,0.000000000000000000e+00,0.000000000000000000e+00,-1.384506940800202202e+00,5.281587846308480882e-01,-5.878318813243099683e-01,6.014043572361057466e-01,0.000000000000000000e+00,0.000000000000000000e+00,0.000000000000000000e+00,-1.254019651098642330e+00,-4.765859116972605003e-01,3.649965112462112971e-01,6.478781747943566094e-01,0.000000000000000000e+00,0.000000000000000000e+00,0.000000000000000000e+00
5.600458488191809719e-02,-1.555549228460553213e-01,9.009963531337499276e-01,2.805059494712100476e-02,-2.429787179356092744e-02,6.478883642392129216e-01,7.608307597835746172e-01,-1.739312992481699405e-01,2.203459483456828016e-01,1.557861589030058447e-01,7.325222923458410973e-01,-2.896675999849033789e-01,-4.789654602632038155e-02,-4.558574246520770423e-02,-5.410679257153545862e-02,-5.269473449096462314e-01,2.605614723248294573e-01,-2.689869018001887491e-01,-7.444153956188644117e-02,1.317063142384108376e-01,0.000000000000000000e+00,0.000000000000000000e+00,-1.397739830011786477e+00,5.365214298565650353e-01,-6.072039595386031774e-01,5.834784426128385437e-01,0.000000000000000000e+00,0.000000000000000000e+00,0.000000000000000000e+00,-1.261523147641952391e+00,-4.915911334830190271e-01,3.773784607355574749e-01,6.263248614146720294e-01,0.000000000000000000e+00,0.000000000000000000e+00,0.000000000000000000e+00
5.941646837514553969e-02,-1.584974239631527226e-01,9.000406607430911921e-01,2.653833947240804084e-02,-2.440860170027699463e-02,6.521505309622303015e-01,7.572315508923038729e-01,-1.590790469772926929e-01,2.277162338611804226e-01,1.566097161767505130e-01,7.495017879658378845e-01,-2.720628733400538013e-01,-5.714514817914823075e-02,-5.153887975591405629e-02,-4.787111182694316763e-02,-5.309151094184166864e-01,2.645811602922254480e-01,-2.737752080606420946e-01,-7.714410917787251076e-02,1.240013347742467825e-01,0.000000000000000000e+00,0.000000000000000000e+00,-1.397959064631756343e+00,5.322323198835540170e-01,-6.020831269632560545e-01,5.705918332038261154e-01,0.000000000000000000e+00,0.000000000000000000e+00,0.000000000000000000e+00,-1.262594276031249629e+00,-4.926944920242357084e-01,3.700710112072465030e-01,6.009975095183155425e-01,0.000000000000000000e+00,0.000000000000000000e+00,0.000000000000000000e+00
6.293409985287010122e-02,-1.613635036642101783e-01,8.986174097250071435e-01,2.708459117660354590e-02,-2.637785470271658897e-02,6.567575711184905352e-01,7.531534548022850162e-01,-1.434751899823646371e-01,2.359491040487981528e-01,1.520721861154286647e-01,7.809153112332380964e-01,-2.312181677771620592e-01,-7.028773912410399283e-02,-5.372198921659814691e-02,-4.388430624402399338e-02,-5.362806922951295352e-01,2.740113362801400720e-01,-2.807429177795257580e-01,-8.974229876108737181e-02,1.172224108518245406e-01,0.000000000000000000e+00,0.000000000000000000e+00,-1.402590096207877224e+00,5.327080340036537409e-01,-6.035966448679538354e-01,5.463699308237561780e-01,0.000000000000000000e+00,0.000000000000000000e+00,0.000000000000000000e+00,-1.260639106357353212e+00,-4.960084849123007622e-01,3.614494918046201599e-01,5.733593131831539180e-01,0.000000000000000000e+00,0.000000000000000000e+00,0.000000000000000000e+00
6.629984606176053674e-02,-1.636446055582638504e-01,8.977273434499930538e-01,2.690686444620236581e-02,-2.811979307398674091e-02,6.633620907167495639e-01,7.472857783224907680e-01,-1.268664327457659780e-01,2.405832539287196536e-01,1.462973508351209651e-01,8.001411550486494662e-01,-1.955864077711939875e-01,-8.563150681826062205e-02,-5.384956547340392918e-02,-3.945564096802980925e-02,-5.461788307684523058e-01,2.779261212112064117e-01,-2.821618306999514880e-01,-1.000198268839502663e-01,1.087752907337409952e-01,0.000000000000000000e+00,0.000000000000000000e+00,-1.409079391634174172e+00,5.359200967888748668e-01,-6.150981537440216584e-01,5.277147691134986829e-01,0.000000000000000000e+00,0.000000000000000000e+00,0.000000000000000000e+00,-1.262014353581293991e+00,-5.114471579973983717e-01,3.679292391277415586e-01,5.484365392430090580e-01,0.000000000000000000e+00,0.000000000000000000e+00,0.000000000000000000e+00
6.931153606103356013e-02,-1.655675074292234927e-01,8.964927488445735282e-01,2.562583418359831028e-02,-2.908600199331128761e-02,6.683376411795407535e-01,7.428473049644893633e-01,-1.098750387653886496e-01,2.477562452233969259e-01,1.417247104748307340e-01,8.260916353202681917e-01,-1.575381103964945406e-01,-1.038234981756117614e-01,-5.797439493033033908e-02,-3.522360285922600254e-02,-5.556247492923506170e-01,2.857019588160780166e-01,-2.886633974270202407e-01,-1.100512767230904382e-01,1.004208714709471650e-01,0.000000000000000000e+00,0.000000000000000000e+00,-1.419217128223835278e+00,5.421869086251838166e-01,-6.163884836544891721e-01,4.985423667677353898e-01,0.000000000000000000e+00,0.000000000000000000e+00,0.000000000000000000e+00,-1.264523271430564755e+00,-5.225286957126817899e-01,3.690558494270428369e-01,5.139480125735315097e-01,0.000000000000000000e+00,0.000000000000000000e+00,0.000000000000000000e+00
7.203205874533871733e-02,-1.671658609459273637e-01,8.950983970650029375e-01,2.409900572552459500e-02,-3.013599182966575363e-02,6.748598557200935488e-01,7.369363846743749447e-01,-8.621932380654021011e-02,2.546107617513018173e-01,1.411120800965355027e-01,8.356696167627247762e-01,-1.133334581970757426e-01,-1.239604903190240082e-01,-6.287526859616683617e-02,-3.263561628229443706e-02,-5.681314431577814128e-01,2.961102008116178741e-01,-2.948024131456436492e-01,-1.202678889748008267e-01,8.845712352320321548e-02,0.000000000000000000e+00,0.000000000000000000e+00,-1.432662685317154461e+00,5.463912175765318624e-01,-6.285151458024633708e-01,4.901418300592775834e-01,0.000000000000000000e+00,0.000000000000000000e+00,0.000000000000000000e+00,-1.267842379497638339e+00,-5.297354401886525954e-01,3.692586939650017719e-01,4.902202122758707592e-01,0.000000000000000000e+00,0.000000000000000000e+00,0.000000000000000000e+00
7.418998580956474853e-02,-1.686426759494354111e-01,8.939292743076628911e-01,2.379446752104037721e-02,-3.240060857395989091e-02,6.792060083402584603e-01,7.328459743451689601e-01,-6.908873315284312644e-02,2.570223243714550576e-01,1.369549890670888337e-01,8.568986607704447422e-01,-7.830208532284202438e-02,-1.416356007166946762e-01,-6.363906936357120736e-02,-3.010979780874810385e-02,-5.781814441873012189e-01,3.053276288654479531e-01,-3.015651789207876021e-01,-1.281384499223467699e-01,8.067294915984049575e-02,0.000000000000000000e+00,0.000000000000000000e+00,-1.440515122190188180e+00,5.494659348920704067e-01,-6.394677781503214087e-01,4.776178790734139090e-01,0.000000000000000000e+00,0.000000000000000000e+00,0.000000000000000000e+00,-1.270808289704457472e+00,-5.417376908152927717e-01,3.767470219978302226e-01,4.689720393298083545e-01,0.000000000000000000e+00,0.000000000000000000e+00,0.000000000000000000e+00
7.593393287353372711e-02,-1.697540264374708952e-01,8.935046135160554792e-01,2.332600847143130249e-02,-3.279364470749110416e-02,6.844999239687600268e-01,7.279013176814228547e-01,-5.707384372466785261e-02,2.575110084881642170e-01,1.398774037881127530e-01,8.745538591784781657e-01,-5.049900318539618516e-02,-1.586311841099677378e-01,-6.719509688310716655e-02,-3.125610010007939116e-02,-5.888392625884186771e-01,3.140122099081157359e-01,-3.019012485204909946e-01,-1.393195608591722146e-01,7.387077176032741388e-02,0.000000000000000000e+00,0.000000000000000000e+00,-1.442442972240078891e+00,5.470014115373528218e-01,-6.335900174157624853e-01,4.593950286050855203e-01,0.000000000000000000e+00,0.000000000000000000e+00,0.000000000000000000e+00,-1.267352652671605684e+00,-5.530414046292733143e-01,3.722008743092214411e-01,4.432390015838388875e-01,0.000000000000000000e+00,0.000000000000000000e+00,0.000000000000000000e+00
7.685929600003477136e-02,-1.706296475385621070e-01,8.923680655320984645e-01,2.103790113569117479e-02,-3.516950226803512020e-02,6.893861593740124860e-01,7.232338737155306063e-01,-3.589337914851072064e-02,2.567528098604711650e-01,1.359108792523028575e-01,8.832514438036511706e-01,-7.094427446783594868e-03,-1.758259335206681651e-01,-6.885408438035353629e-02,-2.697849542446343479e-02,-6.004192463458495332e-01,3.199338994216383014e-01,-3.032482726251506944e-01,-1.429647499843449687e-01,6.724559877101328464e-02,0.000000000000000000e+00,0.000000000000000000e+00,-1.452867730929515266e+00,5.524660788752183693e-01,-6.401757135834219570e-01,4.459860463547970499e-01,0.000000000000000000e+00,0.000000000000000000e+00,0.000000000000000000e+00,-1.264541909590340740e+00,-5.674524135434706462e-01,3.704658813290176433e-01,4.213785700461304407e-01,0.000000000000000000e+00,0.000000000000000000e+00,0.000000000000000000e+00
7.770883873218471793e-02,-1.715683678014741087e-01,8.911953211708024680e-01,1.959980324473991828e-02,-3.597605793006004860e-02,6.945339842774578276e-01,7.182925000668322069e-01,-1.968237400184455477e-02,2.587268269334495607e-01,1.371107234824662791e-01,8.902005049500952838e-01,2.553689796622839181e-02,-1.956753939357408767e-01,-7.246229736968912150e-02,-2.742397168469392493e-02,-6.130116476351079591e-01,3.288703714939548717e-01,-3.108541526289840262e-01,-1.505778455965094687e-01,5.743076881669070821e-02,0.000000000000000000e+00,0.000000000000000000e+00,-1.460960853574112539e+00,5.583737012480499695e-01,-6.444050176029486598e-01,4.308616322243495889e-01,0.000000000000000000e+00,0.000000000000000000e+00,0.000000000000000000e+00,-1.267298061351392890e+00,-5.814221315111050004e-01,3.728901940589488540e-01,3.951994041558734572e-01,0.000000000000000000e+00,0.000000000000000000e+00,0.000000000000000000e+00
7.817332526838824402e-02,-1.726667597957739775e-01,8.901286443320096664e-01,1.797378637046376931e-02,-3.686608955572452662e-02,6.984773738597789272e-01,7.144558717305952156e-01,-2.597079338182367927e-03,2.559617715072908806e-01,1.388330210358999228e-01,8.887401923046494012e-01,5.515813414366155937e-02,-2.103536241265653028e-01,-7.732867581058118500e-02,-2.736947097602130535e-02,-6.226845963185959620e-01,3.389331220408738909e-01,-3.192375100043992608e-01,-1.569007102110026031e-01,4.842206703022820802e-02,0.000000000000000000e+00,0.000000000000000000e+00,-1.463488932849394963e+00,5.627956665188342811e-01,-6.430187120432374615e-01,4.164449193262909077e-01,0.000000000000000000e+00,0.000000000000000000e+00,0.000000000000000000e+00,-1.268072839912188332e+00,-5.919124389133475495e-01,3.758670555648357947e-01,3.688223388178759610e-01,0.000000000000000000e+00,0.000000000000000000e+00,0.000000000000000000e+00
7.817028626026882587e-02,-1.737961566443851080e-01,8.892967259261433943e-01,1.736398656297774221e-02,-3.655849760204133575e-02,7.015397921488927269e-01,7.114800687689083469e-01,1.489870102852419026e-02,2.581496785228602486e-01,1.479618501538526032e-01,8.923363112825495325e-01,7.346152376544652640e-02,-2.227952478441265760e-01,-8.486484995477072690e-02,-3.418400836072520155e-02,-6.331304367912512499e-01,3.553620067840176922e-01,-3.254854894907797669e-01,-1.618368624442662884e-01,4.040673539180691942e-02,0.000000000000000000e+00,0.000000000000000000e+00,-1.472428137063526821e+00,5.716171941553684910e-01,-6.420531160536637749e-01,4.034883257563741665e-01,0.000000000000000000e+00,0.000000000000000000e+00,0.000000000000000000e+00,-1.269097991239561019e+00,-6.036970788800136711e-01,3.819332204927901597e-01,3.427011389350574366e-01,0.000000000000000000e+00,0.000000000000000000e+00,0.000000000000000000e+00
7.788845100848178216e-02,-1.752528345768773477e-01,8.886693628879380746e-01,1.677551374623386174e-02,-3.674872645060124621e-02,7.057188771182232312e-01,7.073393667270351237e-01,2.728208381526902801e-02,2.560045458866664347e-01,1.550557034621595220e-01,8.839200145210162063e-01,8.370381630227040348e-02,-2.284484896382506791e-01,-9.019374150333961393e-02,-4.000250560909592024e-02,-6.442788913726591460e-01,3.670945447089654090e-01,-3.275096487913672361e-01,-1.665901269677747265e-01,3.295167195785790593e-02,0.000000000000000000e+00,0.000000000000000000e+00,-1.479630688461071264e+00,5.747987754835733876e-01,-6.487869267985210131e-01,3.933351203512751582e-01,0.000000000000000000e+00,0.000000000000000000e+00,0.000000000000000000e+00,-1.268827807106001293e+00,-6.122732078401456057e-01,3.831108064088188381e-01,3.232798930875692700e-01,0.000000000000000000e+00,0.000000000000000000e+00,0.000000000000000000e+00
7.727733616554069429e-02,-1.770893694998620371e-01,8.875862942754875196e-01,1.530188215185738533e-02,-3.780506689051114227e-02,7.091761400899646572e-01,7.038507168761809485e-01,4.194464254182560248e-02,2.560759569360479548e-01,1.603048692281929255e-01,8.684675835294424218e-01,1.089160541886605577e-01,-2.364940448129481398e-01,-9.381468966078537752e-02,-4.187203958957148864e-02,-6.564762126428533850e-01,3.745050351202290906e-01,-3.336910614778433870e-01,-1.710683364107019599e-01,2.313799400433186673e-02,0.000000000000000000e+00,0.000000000000000000e+00,-1.484871676603069623e+00,5.776144981562852943e-01,-6.493838538234434354e-01,3.873274555672490682e-01,0.000000000000000000e+00,0.000000000000000000e+00,0.000000000000000000e+00,-1.272438470356262785e+00,-6.208697976391320816e-01,3.841349582866621093e-01,3.056964041236066576e-01,0.000000000000000000e+00,0.000000000000000000e+00,0.000000000000000000e+00
7.621201351026796189e-02,-1.791539612735355003e-01,8.861109337638231054e-01,1.289148736410956203e-02,-3.985346756893223125e-02,7.130699618407230211e-01,6.998405105427546458e-01,5.824749667699172934e-02,2.526074203156715714e-01,1.636070281921454539e-01,8.440523666936533553e-01,1.245175795910638677e-01,-2.446261718410873143e-01,-9.896415399867458662e-02,-4.353679304791500948e-02,-6.712531657875829838e-01,3.860770948869619024e-01,-3.377504153459559566e-01,-1.748945102265770102e-01,1.128698673416148393e-02,0.000000000000000000e+00,0.000000000000000000e+00,-1.490146940396796404e+00,5.774696464507981242e-01,-6.472876157902127670e-01,3.778858441565123294e-01,0.000000000000000000e+00,0.000000000000000000e+00,0.000000000000000000e+00,-1.274892092508585151e+00,-6.326504722007209036e-01,3.870526679777415713e-01,2.888647152939158302e-01,0.000000000000000000e+00,0.000000000000000000e+00,0.000000000000000000e+00
7.543561013800513526e-02,-1.812008670252741038e-01,8.864967993305954419e-01,1.338107073635178348e-02,-3.830698059308376008e-02,7.163313142766009056e-01,6.965794788612053035e-01,6.415480406779190681e-02,2.546206449334445510e-01,1.768807219009854714e-01,8.313310809918338373e-01,1.227074307413812404e-01,-2.432574881296488134e-01,-1.024893207059123790e-01,-5.175385764475211314e-02,-6.793581875154419691e-01,3.885494690701480902e-01,-3.351354226732101704e-01,-1.758488748119978740e-01,5.070526333166808924e-03,0.000000000000000000e+00,0.000000000000000000e+00,-1.491565389782320672e+00,5.775103666079460796e-01,-6.459190667323941870e-01,3.708467687771350163e-01,0.000000000000000000e+00,0.000000000000000000e+00,0.000000000000000000e+00,-1.277698086555038470e+00,-6.421808883151097769e-01,3.923357370246339793e-01,2.653181063899319736e-01,0.000000000000000000e+00,0.000000000000000000e+00,0.000000000000000000e+00
7.418184950912386222e-02,-1.836137783119334843e-01,8.856107666576569226e-01,1.146079987045866763e-02,-3.775475774390080891e-02,7.187178254614529083e-01,6.941814717334294782e-01,7.455692081898476764e-02,2.588606452686957327e-01,1.839331374193942659e-01,8.101190739345008884e-01,1.303612449784465332e-01,-2.442207510574001816e-01,-1.084741784248379748e-01,-5.547918004549626247e-02,-6.909056094108170232e-01,3.936099940119249796e-01,-3.446669277050665725e-01,-1.760853291636120810e-01,-7.386442539408025199e-04,0.000000000000000000e+00,0.000000000000000000e+00,-1.495230862015001660e+00,5.806022612707877339e-01,-6.465169734934255175e-01,3.623573542422097726e-01,0.000000000000000000e+00,0.000000000000000000e+00,0.000000000000000000e+00,-1.281590175023014311e+00,-6.513063224243293980e-01,3.940804649246176794e-01,2.449061615249680246e-01,0.000000000000000000e+00,0.000000000000000000e+00,0.000000000000000000e+00
7.275136379875624115e-02,-1.862581886600231107e-01,8.852255269211466437e-01,9.843178991681137552e-03,-3.797594948708907237e-02,7.216015333110228358e-01,6.911961850379914063e-01,9.048807752536727755e-02,2.572956808071217849e-01,1.916341853164926778e-01,7.834923465251429908e-01,1.406240489238968217e-01,-2.475656537481469022e-01,-1.118137380822851190e-01,-5.882379882047236719e-02,-7.031452297107179117e-01,3.949439174006262321e-01,-3.447912284610979983e-01,-1.714534742726048222e-01,-7.687277074968114354e-03,0.000000000000000000e+00,0.000000000000000000e+00,-1.496031185926267826e+00,5.813383389999940976e-01,-6.345622702816374749e-01,3.582250825523008442e-01,0.000000000000000000e+00,0.000000000000000000e+00,0.000000000000000000e+00,-1.283444671063976417e+00,-6.588350927242618837e-01,3.910614558222541004e-01,2.306141358460168655e-01,0.000000000000000000e+00,0.000000000000000000e+00,0.000000000000000000e+00
7.126325533011480806e-02,-1.887272419146655000e-01,8.846143641698471782e-01,8.967555536269627980e-03,-3.670002720254758599e-02,7.248986970982757017e-01,6.878187042355415892e-01,9.488713745222501772e-02,2.573191833655758542e-01,2.006080311949761941e-01,7.697390678494483440e-01,1.340788257730626820e-01,-2.416160581028964083e-01,-1.213423726202640107e-01,-6.871605942682995627e-02,-7.112208561765577253e-01,4.065475800021803865e-01,-3.410887049523140258e-01,-1.765190623325460229e-01,-1.684823861389642824e-02,0.000000000000000000e+00,0.000000000000000000e+00,-1.500681079862234757e+00,5.873064038461931480e-01,-6.361942715000042936e-01,3.404877051358815576e-01,0.000000000000000000e+00,0.000000000000000000e+00,0.000000000000000000e+00,-1.286671870808357987e+00,-6.674918158997653617e-01,3.990268332748759805e-01,2.065269772554520766e-01,0.000000000000000000e+00,0.000000000000000000e+00,0.000000000000000000e+00
6.946135810851970793e-02,-1.916265318571578613e-01,8.839388670447458907e-01,7.556064391568083870e-03,-3.598353756591102237e-02,7.269524191101548460e-01,6.857027572243297175e-01,9.887284131764499662e-02,2.518451930238192471e-01,1.993350459984246092e-01,7.543944917013035711e-01,1.390961859358914310e-01,-2.406448962196883201e-01,-1.313186306175780083e-01,-7.506050528322627535e-02,-7.149069983591944677e-01,4.161016911821098230e-01,-3.412877067690819888e-01,-1.790658492207902186e-01,-2.195635875410721291e-02,0.000000000000000000e+00,0.000000000000000000e+00,-1.498317108749761095e+00,5.863867380348238845e-01,-6.313268945339189919e-01,3.346046442231083162e-01,0.000000000000000000e+00,0.000000000000000000e+00,0.000000000000000000e+00,-1.288424620952493882e+00,-6.696082932887542638e-01,4.000982392365699525e-01,1.928598260015250143e-01,0.000000000000000000e+00,0.000000000000000000e+00,0.000000000000000000e+00
6.788372363978327495e-02,-1.946052159057806985e-01,8.837226025823803344e-01,6.830212807063993329e-03,-3.415234873137351634e-02,7.296754589786127454e-01,6.829060622322026264e-01,1.087181190727458252e-01,2.501639574949928169e-01,2.081998853204476141e-01,7.306710530167004336e-01,1.298766289187706091e-01,-2.366144434483200276e-01,-1.389457325617028671e-01,-8.488043479903159549e-02,-7.241980655822044532e-01,4.221255965292929346e-01,-3.407056979954686815e-01,-1.771245245158917236e-01,-2.790483750305430485e-02,0.000000000000000000e+00,0.000000000000000000e+00,-1.501090954696113089e+00,5.911874532954509709e-01,-6.294265753646174355e-01,3.267639873550475249e-01,0.000000000000000000e+00,0.000000000000000000e+00,0.000000000000000000e+00,-1.294091810339327075e+00,-6.766097859601141185e-01,4.027787364532685044e-01,1.762416242709180514e-01,0.000000000000000000e+00,0.000000000000000000e+00,0.000000000000000000e+00
6.602208105580054109e-02,-1.977471410840949961e-01,8.837169266760772635e-01,5.808171075341695549e-03,-3.216249375211849282e-02,7.313060370206220240e-01,6.812659681516450849e-01,1.143255571491380851e-01,2.433375638344928427e-01,2.130695956491601706e-01,7.160788061099124802e-01,1.248736523891798705e-01,-2.313966833469458528e-01,-1.477654611243136851e-01,-9.357460552167505552e-02,-7.302885846720976737e-01,4.267911953816530546e-01,-3.353974097131704468e-01,-1.750544080993186313e-01,-3.227346796979770061e-02,0.000000000000000000e+00,0.000000000000000000e+00,-1.502102225414000181e+00,5.970371565083819609e-01,-6.308070091540627367e-01,3.177113441441855590e-01,0.000000000000000000e+00,0.000000000000000000e+00,0.000000000000000000e+00,-1.298187581989828754e+00,-6.818057887721131749e-01,4.064091536943061356e-01,1.623182194258569744e-01,0.000000000000000000e+00,0.000000000000000000e+00,0.000000000000000000e+00
6.416775958998244267e-02,-2.013539893849315143e-01,8.835848317663705931e-01,5.303796639782011602e-03,-3.152040298087965819e-02,7.335635376449993750e-01,6.788688166169376537e-01,1.166656964990559764e-01,2.387082019487288542e-01,2.181117549236696873e-01,7.080833111641011701e-01,1.267522360063441378e-01,-2.305617494681705404e-01,-1.531940887031829068e-01,-1.000527839449449896e-01,-7.363679124318839309e-01,4.285349367441193547e-01,-3.306960552234970985e-01,-1.741021383572514125e-01,-3.612401189692250603e-02,0.000000000000000000e+00,0.000000000000000000e+00,-1.502998918305013643e+00,5.976955254883775659e-01,-6.309088211137761082e-01,3.150105510958484678e-01,0.000000000000000000e+00,0.000000000000000000e+00,0.000000000000000000e+00,-1.300897812635249284e+00,-6.888811054224196484e-01,4.080081550117402589e-01,1.533774877577978313e-01,0.000000000000000000e+00,0.000000000000000000e+00,0.000000000000000000e+00
6.250258538136620190e-02,-2.051091659199505979e-01,8.841177417608342415e-01,4.965308913689093009e-03,-2.998439617496651000e-02,7.361441372629197177e-01,6.761420641158534250e-01,1.211087630970324180e-01,2.318008122254036074e-01,2.205837183679308922e-01,6.934864172902924784e-01,1.123891776939923287e-01,-2.218809562398421642e-01,-1.583608675292411117e-01,-1.087111353762309773e-01,-7.457561659448104230e-01,4.275380744292958668e-01,-3.182545687923705735e-01,-1.736395712231530164e-01,-3.949569672695962125e-02,0.000000000000000000e+00,0.000000000000000000e+00,-1.501689226208809513e+00,5.919246325275616671e-01,-6.332086456650738437e-01,3.093151046806439930e-01,0.000000000000000000e+00,0.000000000000000000e+00,0.000000000000000000e+00,-1.302394910388772198e+00,-6.883698954791137581e-01,4.150563696235963773e-01,1.437706852760602949e-01,0.000000000000000000e+00,0.000000000000000000e+00,0.000000000000000000e+00
6.096459655527204646e-02,-2.093985314360044814e-01,8.828762659497363385e-01,4.946053158645433330e-03,-2.944648304529479815e-02,7.387589881910729961e-01,6.733079522486856705e-01,1.243032332101746823e-01,2.338281444515054874e-01,2.312004490216577612e-01,6.840224184143435249e-01,1.052921894237822398e-01,-2.189150757011479320e-01,-1.658658731216990645e-01,-1.186630194798990318e-01,-7.546070690652126878e-01,4.375814675867178427e-01,-3.231727688886524841e-01,-1.783652741770853090e-01,-4.354022105500510165e-02,0.000000000000000000e+00,0.000000000000000000e+00,-1.502181513532652168e+00,5.922431085356321123e-01,-6.299826657689356901e-01,3.096032404769685775e-01,0.000000000000000000e+00,0.000000000000000000e+00,0.000000000000000000e+00,-1.309525282426571957e+00,-6.977522592603494500e-01,4.197863551109142222e-01,1.368988897975773888e-01,0.000000000000000000e+00,0.000000000000000000e+00,0.000000000000000000e+00
5.921471771709744397e-02,-2.137313341878574191e-01,8.827459248537132819e-01,5.548637992425673252e-03,-2.873156497796055045e-02,7.404354053276239744e-01,6.714902235533027897e-01,1.235409274213203484e-01,2.268354782524679980e-01,2.335254462013355015e-01,6.817582636056921386e-01,9.434708259330362723e-02,-2.078240223862712344e-01,-1.736998018331822879e-01,-1.292019729685909835e-01,-7.581949724323456818e-01,4.458903267406595927e-01,-3.131270111393109068e-01,-1.788059810117772208e-01,-4.357534744760212242e-02,0.000000000000000000e+00,0.000000000000000000e+00,-1.499143089672331453e+00,5.879373834976187041e-01,-6.325578681074036647e-01,3.095094376083672993e-01,0.000000000000000000e+00,0.000000000000000000e+00,0.000000000000000000e+00,-1.311394959664609949e+00,-7.009953389513713384e-01,4.321753656314139547e-01,1.358826040494695298e-01,0.000000000000000000e+00,0.000000000000000000e+00,0.000000000000000000e+00
5.732222237838875689e-02,-2.183440614496429955e-01,8.826694614708833209e-01,5.827575669074097110e-03,-2.785509639256463291e-02,7.417022276286600047e-01,6.701253155175278531e-01,1.274583879132376585e-01,2.207966979725333734e-01,2.384427606741784389e-01,6.721630599758979807e-01,7.352232674769670906e-02,-2.007425507405919407e-01,-1.794768767804755250e-01,-1.380974540048495180e-01,-7.641821827931711830e-01,4.478387466490673097e-01,-3.044526270930482670e-01,-1.768038544714852778e-01,-4.710979281703230048e-02,0.000000000000000000e+00,0.000000000000000000e+00,-1.502032386359576366e+00,5.868335247329901083e-01,-6.293748126950610144e-01,3.071498374242063178e-01,0.000000000000000000e+00,0.000000000000000000e+00,0.000000000000000000e+00,-1.320421066586323189e+00,-7.049940173424267265e-01,4.458511336770757949e-01,1.340713245515596508e-01,0.000000000000000000e+00,0.000000000000000000e+00,0.000000000000000000e+00
5.561261064496744039e-02,-2.233247765215863601e-01,8.825381199980597557e-01,6.646373788069294408e-03,-2.585559623637258969e-02,7.431045097877718719e-01,6.686426559768727795e-01,1.242638688610716441e-01,2.102416609236984757e-01,2.311705998765619663e-01,6.705630637468602551e-01,6.582139222325188166e-02,-1.980288079453502992e-01,-1.890889073611456694e-01,-1.493597296870962932e-01,-7.652592831928790584e-01,4.526812127453369028e-01,-2.948606336880396639e-01,-1.809091639303568311e-01,-4.558997323198620000e-02,0.000000000000000000e+00,0.000000000000000000e+00,-1.496998942038840985e+00,5.775524220673253772e-01,-6.220997007368122000e-01,3.039708045913474543e-01,0.000000000000000000e+00,0.000000000000000000e+00,0.000000000000000000e+00,-1.323809324398890430e+00,-6.956894524866621410e-01,4.481112686487329078e-01,1.343953431606969007e-01,0.000000000000000000e+00,0.000000000000000000e+00,0.000000000000000000e+00
5.374905087718126473e-02,-2.282967068623361628e-01,8.816346185697445659e-01,6.066331508500484235e-03,-2.530085552326756179e-02,7.442561263405945704e-01,6.673873573392843372e-01,1.247855319666150292e-01,2.054803231945553366e-01,2.318896227304351743e-01,6.702324613537584685e-01,4.689287968866253514e-02,-1.851000886321562677e-01,-1.994911126992753303e-01,-1.558430901582305572e-01,-7.641766098916061845e-01,4.590665418227081185e-01,-2.925324602559144505e-01,-1.767016708860157659e-01,-4.897289042687918981e-02,0.000000000000000000e+00,0.000000000000000000e+00,-1.499701852416437831e+00,5.822403729810738948e-01,-6.225651028420156052e-01,3.029697972883408918e-01,0.000000000000000000e+00,0.000000000000000000e+00,0.000000000000000000e+00,-1.328833253884878829e+00,-6.983023321073317247e-01,4.587886030716815111e-01,1.370455524027239802e-01,0.000000000000000000e+00,0.000000000000000000e+00,0.000000000000000000e+00
5.203574849965742627e-02,-2.335639906191105952e-01,8.807664782705645345e-01,6.830530598290174803e-03,-2.450578486880785473e-02,7.454422127746781479e-01,6.660846175774532973e-01,1.241655276712497757e-01,2.011036739158845177e-01,2.360637782174393740e-01,6.730744019834608016e-01,3.432543818299636090e-02,-1.806765942255772750e-01,-2.087031087450959277e-01,-1.661607841588322310e-01,-7.654289294106642050e-01,4.674364731769970471e-01,-2.882645790010889275e-01,-1.777432757105817940e-01,-5.158115572819109429e-02,0.000000000000000000e+00,0.000000000000000000e+00,-1.507690883312936547e+00,5.895152927633798834e-01,-6.333613243411713167e-01,3.042838043126239733e-01,0.000000000000000000e+00,0.000000000000000000e+00,0.000000000000000000e+00,-1.336244542318696160e+00,-7.018481378056683484e-01,4.688692813109560653e-01,1.449430472993811225e-01,0.000000000000000000e+00,0.000000000000000000e+00,0.000000000000000000e+00
5.034409725589420598e-02,-2.388280603981181027e-01,8.807100236567612095e-01,5.942303375658907968e-03,-2.165736067052151381e-02,7.454212189608645511e-01,6.662153211104339112e-01,1.252293392703985320e-01,1.897185742107689310e-01,2.288356930062869776e-01,6.566449921717629756e-01,1.048501612073412387e-02,-1.803705078151772723e-01,-2.212508752235034792e-01,-1.745683648063330318e-01,-7.665390258803725931e-01,4.680058369847032718e-01,-2.762807174768702745e-01,-1.749722643186097937e-01,-5.434177977110384722e-02,0.000000000000000000e+00,0.000000000000000000e+00,-1.508894173965310337e+00,5.835787935597179787e-01,-6.256131985518662564e-01,2.990632966144325944e-01,0.000000000000000000e+00,0.000000000000000000e+00,0.000000000000000000e+00,-1.343578203264049975e+00,-6.939189793319302524e-01,4.772788027704905622e-01,1.372645985297674676e-01,0.000000000000000000e+00,0.000000000000000000e+00,0.000000000000000000e+00
4.891390479062563551e-02,-2.444456678820107753e-01,8.790875677584728543e-01,7.411323167016706931e-03,-2.157997241122946649e-02,7.468929009003073549e-01,6.645527606325696279e-01,1.242629109708644902e-01,1.868207803038680892e-01,2.295101883039629420e-01,6.613832257311710316e-01,-1.676604713908908667e-02,-1.652827509754590807e-01,-2.302129050372928865e-01,-1.862972239529792629e-01,-7.679445440905513509e-01,4.817299779261096093e-01,-2.789562309206997659e-01,-1.753611063180461893e-01,-5.613482249271132402e-02,0.000000000000000000e+00,0.000000000000000000e+00,-1.507782584799904235e+00,5.805141230177384148e-01,-6.249833368633089803e-01,3.045670148447481296e-01,0.000000000000000000e+00,0.000000000000000000e+00,0.000000000000000000e+00,-1.351665844781601011e+00,-6.958738637051155029e-01,4.883910149700304015e-01,1.495462406404960976e-01,0.000000000000000000e+00,0.000000000000000000e+00,0.000000000000000000e+00
4.763250010470260892e-02,-2.497495535269793066e-01,8.783215328251871012e-01,7.871348927975880400e-03,-1.952051852223023881e-02,7.480985997597051629e-01,6.632537042944025574e-01,1.218996852738543635e-01,1.828999179929088892e-01,2.345175459208267699e-01,6.606758867101482080e-01,-5.021907431347084894e-02,-1.543414170225549664e-01,-2.410275959392960132e-01,-1.994581704895314611e-01,-7.728242568358774101e-01,4.897624203532157106e-01,-2.696107319590843598e-01,-1.757546137586410429e-01,-5.883812333177329545e-02,0.000000000000000000e+00,0.000000000000000000e+00,-1.508365720925185505e+00,5.762250875015603180e-01,-6.152638540132921996e-01,3.022143195739533383e-01,0.000000000000000000e+00,0.000000000000000000e+00,0.000000000000000000e+00,-1.363073132915424424e+00,-6.967767430867917167e-01,5.044611225913743224e-01,1.511626273326280856e-01,0.000000000000000000e+00,0.000000000000000000e+00,0.000000000000000000e+00
4.641077865692482679e-02,-2.550583393131772292e-01,8.781938456877423915e-01,8.817446190624283336e-03,-1.624862574530447010e-02,7.486187403118467198e-01,6.627429490066035767e-01,1.192432269001657968e-01,1.684611582365584670e-01,2.256448003918029299e-01,6.542133483296438401e-01,-8.263177479158087535e-02,-1.516827038383997961e-01,-2.542464651566654910e-01,-2.100646476688652897e-01,-7.660508925611402287e-01,4.933637010962231284e-01,-2.602474534816111018e-01,-1.743299568426410207e-01,-6.002470493378821159e-02,0.000000000000000000e+00,0.000000000000000000e+00,-1.507935429834144303e+00,5.721802895646540543e-01,-6.119474819513407438e-01,2.957647394123854023e-01,0.000000000000000000e+00,0.000000000000000000e+00,0.000000000000000000e+00,-1.369515949580565328e+00,-6.869484552710274361e-01,5.109317826164062604e-01,1.538627009383013444e-01,0.000000000000000000e+00,0.000000000000000000e+00,0.000000000000000000e+00
4.546030143325267142e-02,-2.602841445457881320e-01,8.772384393858366769e-01,1.003815467116334764e-02,-1.431919565378183927e-02,7.497915655702980242e-01,6.614429713030968161e-01,1.151253183424528481e-01,1.594647255702973387e-01,2.205751264376311360e-01,6.566999210083075411e-01,-1.224554608329839478e-01,-1.378443609385734958e-01,-2.661136291054050917e-01,-2.223259276702566622e-01,-7.637373385127322889e-01,5.030963437888665846e-01,-2.527552898970423789e-01,-1.766094112348040868e-01,-6.336212914193026235e-02,0.000000000000000000e+00,0.000000000000000000e+00,-1.503850189273774784e+00,5.663359662789830828e-01,-6.048431239693047301e-01,2.929204643064212688e-01,0.000000000000000000e+00,0.000000000000000000e+00,0.000000000000000000e+00,-1.374691324672414172e+00,-6.809917921876403879e-01,5.197372501562820268e-01,1.552374669582305411e-01,0.000000000000000000e+00,0.000000000000000000e+00,0.000000000000000000e+00
4.459348635697147484e-02,-2.654001133421771130e-01,8.762096059155851657e-01,1.217599064146872995e-02,-1.304675128449661603e-02,7.488958199011771510e-01,6.624474156243377321e-01,1.148110455555640952e-01,1.482293677164143730e-01,2.147213446288893657e-01,6.560039527103550538e-01,-1.532843516029054054e-01,-1.336624331046628311e-01,-2.753142447920849945e-01,-2.322895633713025487e-01,-7.594439920942662736e-01,5.109382155366030132e-01,-2.484550621344318866e-01,-1.737334454385110472e-01,-6.338217005918156399e-02,0.000000000000000000e+00,0.000000000000000000e+00,-1.509607276886236971e+00,5.781250738643289866e-01,-6.121897846361809004e-01,2.929188331572564752e-01,0.000000000000000000e+00,0.000000000000000000e+00,0.000000000000000000e+00,-1.386645335277729929e+00,-6.822248677465367894e-01,5.393570858887443142e-01,1.572848975112931535e-01,0.000000000000000000e+00,0.000000000000000000e+00,0.000000000000000000e+00
4.371819491342150005e-02,-2.702445489164051473e-01,8.737123211954603841e-01,1.401278828760025782e-02,-1.213664422951669410e-02,7.487404297257347352e-01,6.626040390198176810e-01,1.085204239421075079e-01,1.414658374809881769e-01,2.115543495569962573e-01,6.682938213925130322e-01,-1.863470919290507177e-01,-1.179173086172451423e-01,-2.920952164495766445e-01,-2.448452022245710680e-01,-7.489138512790860513e-01,5.350858286061398461e-01,-2.501472541350423517e-01,-1.804440903334292023e-01,-6.623041894579391464e-02,0.000000000000000000e+00,0.000000000000000000e+00,-1.513441794347086589e+00,5.829688119739452334e-01,-6.238865585002290048e-01,2.921353933904380917e-01,0.000000000000000000e+00,0.000000000000000000e+00,0.000000000000000000e+00,-1.396530098776697315e+00,-6.752334411288565263e-01,5.542811989578422249e-01,1.681508402668523416e-01,0.000000000000000000e+00,0.000000000000000000e+00,0.000000000000000000e+00
4.314050263199743773e-02,-2.752207986559571107e-01,8.710059971070751583e-01,1.719276732684058007e-02,-1.144550765887769085e-02,7.480724227984082431e-01,6.632956048057279119e-01,1.023735563653543901e-01,1.326226355910019028e-01,2.065728914094435709e-01,6.828524589586889570e-01,-2.172016650800614457e-01,-1.073816323294423669e-01,-3.039475685431559104e-01,-2.605375616753432544e-01,-7.467346246517299058e-01,5.588861159580698068e-01,-2.602801008848240616e-01,-1.854797608708314560e-01,-6.533449609070138275e-02,0.000000000000000000e+00,0.000000000000000000e+00,-1.515093565402221731e+00,5.815749265515551825e-01,-6.312324362515084886e-01,2.966100749381849755e-01,0.000000000000000000e+00,0.000000000000000000e+00,0.000000000000000000e+00,-1.407006950307787552e+00,-6.674288096744849241e-01,5.670046601831671973e-01,1.784251285960639366e-01,0.000000000000000000e+00,0.000000000000000000e+00,0.000000000000000000e+00
4.201508857276979592e-02,-2.795275815271472397e-01,8.694258345423584444e-01,1.835971853687666522e-02,-1.021348563195935942e-02,7.472615599362959493e-01,6.641978368589189774e-01,9.791410036406217321e-02,1.249053837789828730e-01,2.045975927671939698e-01,6.881319464881116010e-01,-2.532965915470269946e-01,-9.783322126040720768e-02,-3.189253754936153262e-01,-2.699521832325338933e-01,-7.359402838055058016e-01,5.745896357273382327e-01,-2.536997264478203506e-01,-1.839246571181712975e-01,-7.034734952538347630e-02,0.000000000000000000e+00,0.000000000000000000e+00,-1.512250641904573811e+00,5.803571615687144192e-01,-6.192614424767933778e-01,2.944668215170007652e-01,0.000000000000000000e+00,0.000000000000000000e+00,0.000000000000000000e+00,-1.415275175037428390e+00,-6.652567912506808234e-01,5.858907273748171773e-01,1.809738334223095768e-01,0.000000000000000000e+00,0.000000000000000000e+00,0.000000000000000000e+00
4.076090961481320524e-02,-2.836129375141843711e-01,8.673002408265025887e-01,1.997642689044864736e-02,-8.333587694083896200e-03,7.469297023185345052e-01,6.645506101714012681e-01,9.058265420893926723e-02,1.141689234134211500e-01,2.003498847821043594e-01,6.997138793705108828e-01,-2.918672375444880673e-01,-8.291176745691902772e-02,-3.346735899120747981e-01,-2.815769904705258120e-01,-7.242727955525608552e-01,5.927281690119740043e-01,-2.573875568516235668e-01,-1.837786117570715805e-01,-7.217225077695302304e-02,0.000000000000000000e+00,0.000000000000000000e+00,-1.514943122754194293e+00,5.860101616276566228e-01,-6.191009143503399814e-01,2.926268685915019985e-01,0.000000000000000000e+00,0.000000000000000000e+00,0.000000000000000000e+00,-1.418662999813700809e+00,-6.541070704439829742e-01,5.871930125220600205e-01,1.907080981010577936e-01,0.000000000000000000e+00,0.000000000000000000e+00,0.000000000000000000e+00
3.966726620213784082e-02,-2.877253037894608734e-01,8.662937903375713677e-01,2.275789517333202949e-02,-7.600536088703114049e-03,7.463789302085482857e-01,6.650885674849535967e-01,8.861533691313960848e-02,1.038240880113621423e-01,1.966848243774917127e-01,7.045239372674813039e-01,-3.184643850973761792e-01,-7.506278184063139292e-02,-3.433716117415819835e-01,-2.910811295283752820e-01,-7.157091762241665212e-01,6.027829519837289984e-01,-2.510894665754749844e-01,-1.850467192675039341e-01,-7.487766054188282894e-02,0.000000000000000000e+00,0.000000000000000000e+00,-1.508182942781374214e+00,5.854879224594816689e-01,-6.143380301919373343e-01,2.944846262242377666e-01,0.000000000000000000e+00,0.000000000000000000e+00,0.000000000000000000e+00,-1.423369704496738164e+00,-6.508880565938456320e-01,5.985914661288885830e-01,1.950641301512854309e-01,0.000000000000000000e+00,0.000000000000000000e+00,0.000000000000000000e+00
3.823953028958869405e-02,-2.914552511105733545e-01,8.660649477105119010e-01,2.443371433250494940e-02,-6.994713423360074921e-03,7.467750193029033534e-01,6.645909555005933278e-01,8.538590014206115519e-02,9.948367583017217464e-02,1.999125186131342768e-01,7.086826863660670162e-01,-3.351588315968673792e-01,-6.942569428247583052e-02,-3.479945018170936266e-01,-2.993005047992355339e-01,-7.129230015983849533e-01,6.038963466024984683e-01,-2.333555585280227274e-01,-1.802403990111682563e-01,-7.946804782923008736e-02,0.000000000000000000e+00,0.000000000000000000e+00,-1.510383463852595254e+00,5.867599456042490447e-01,-6.101457858580331406e-01,2.862446421982032807e-01,0.000000000000000000e+00,0.000000000000000000e+00,0.000000000000000000e+00,-1.427465857068566324e+00,-6.501506612841901900e-01,6.109024978966458574e-01,1.934957348213136585e-01,0.000000000000000000e+00,0.000000000000000000e+00,0.000000000000000000e+00
3.707479482014423844e-02,-2.953341851702031562e-01,8.642543886215724447e-01,2.592304602009456657e-02,-6.515833651869987198e-03,7.462190734847481410e-01,6.651636144321380062e-01,7.753585541411608939e-02,9.561655221696502283e-02,2.020192867267437686e-01,7.226784944717300485e-01,-3.515912370906509876e-01,-6.088790986010654549e-02,-3.579038771422697329e-01,-3.051204248902897320e-01,-7.042112172431445050e-01,6.144010958751429108e-01,-2.397643689808592882e-01,-1.823735993095608188e-01,-8.220349795731068943e-02,0.000000000000000000e+00,0.000000000000000000e+00,-1.514122521651708686e+00,5.937819325937283566e-01,-6.164960935262941977e-01,2.891563715383343447e-01,0.000000000000000000e+00,0.000000000000000000e+00,0.000000000000000000e+00,-1.431315271989130666e+00,-6.441090053867478682e-01,6.121672795909288700e-01,2.028550555481233308e-01,0.000000000000000000e+00,0.000000000000000000e+00,0.000000000000000000e+00
3.605615669855671834e-02,-2.989700186699620899e-01,8.640089252522388241e-01,2.668513717609076116e-02,-4.564347789316752432e-03,7.460340184409884889e-01,6.653572826023194109e-01,7.104504047052684346e-02,8.831192916505962998e-02,2.019141983259819806e-01,7.260359982315235383e-01,-3.715754832367736404e-01,-5.806756269730494607e-02,-3.652436351539817827e-01,-3.123397567200308922e-01,-7.030393199215170252e-01,6.151973428887890227e-01,-2.325046381241422100e-01,-1.808422448288231621e-01,-8.359697777294310128e-02,0.000000000000000000e+00,0.000000000000000000e+00,-1.516440415538076847e+00,5.926580101398313261e-01,-6.167436683090964378e-01,2.878421414600076944e-01,0.000000000000000000e+00,0.000000000000000000e+00,0.000000000000000000e+00,-1.432547337253091246e+00,-6.365249657395060101e-01,6.140105400215629672e-01,2.022275035602043858e-01,0.000000000000000000e+00,0.000000000000000000e+00,0.000000000000000000e+00
3.500406762525830329e-02,-3.026356381845420329e-01,8.640435238457191414e-01,2.776732122662495944e-02,-4.562891556467582425e-03,7.456631351097871008e-01,6.657286570599053599e-01,6.646499381824982899e-02,8.320505484673872132e-02,1.990957635619827748e-01,7.294326772254232649e-01,-3.768486436196663569e-01,-5.822272844080165349e-02,-3.682433612104075160e-01,-3.132062726923605656e-01,-6.978621852786164315e-01,6.096036468538245101e-01,-2.198501718005992922e-01,-1.808550606846388853e-01,-8.515486334096070142e-02,0.000000000000000000e+00,0.000000000000000000e+00,-1.515819943719846075e+00,5.924043144807631389e-01,-6.143003909289888043e-01,2.873497340467343064e-01,0.000000000000000000e+00,0.000000000000000000e+00,0.000000000000000000e+00,-1.434193590091044745e+00,-6.374846139491280317e-01,6.233557481969415059e-01,2.016230731926892394e-01,0.000000000000000000e+00,0.000000000000000000e+00,0.000000000000000000e+00
3.404825986151324702e-02,-3.062243728253218888e-01,8.634654893399746900e-01,2.849403034947775235e-02,-4.984515082566741764e-03,7.452118961696241328e-01,6.662000260065354951e-01,5.850524093772373202e-02,7.949988051066680939e-02,1.958638586570945472e-01,7.404329495838293251e-01,-3.796657032780402785e-01,-5.146214087065610621e-02,-3.707747985777710142e-01,-3.141099020417932874e-01,-6.963194198494030429e-01,6.071508537286327556e-01,-2.168870584287278525e-01,-1.793443937260792431e-01,-8.347486560140167378e-02,0.000000000000000000e+00,0.000000000000000000e+00,-1.520396454290569910e+00,5.966140486695150624e-01,-6.257637816259610242e-01,2.878210338249846401e-01,0.000000000000000000e+00,0.000000000000000000e+00,0.000000000000000000e+00,-1.433994223515503208e+00,-6.362371911975690519e-01,6.252714399942718160e-01,2.051328590167298960e-01,0.000000000000000000e+00,0.000000000000000000e+00,0.000000000000000000e+00
3.318866371232827295e-02,-3.097473037392514672e-01,8.633002303666591493e-01,2.950312557104208672e-02,-4.376304389901962411e-03,7.453000492113229791e-01,6.660617465273217519e-01,5.396860776570770735e-02,7.735280652112359878e-02,1.999085307229677144e-01,7.449464363363135222e-01,-3.925019382096939236e-01,-4.824686429883970340e-02,-3.733680346228301361e-01,-3.184276744105298818e-01,-6.974709563469835283e-01,6.042206165550019215e-01,-2.090168451007008155e-01,-1.811432981588299018e-01,-8.572934040418515866e-02,0.000000000000000000e+00,0.000000000000000000e+00,-1.520521923327397440e+00,5.923474725577020372e-01,-6.237946693861162739e-01,2.857177790290193475e-01,0.000000000000000000e+00,0.000000000000000000e+00,0.000000000000000000e+00,-1.437475411299122152e+00,-6.349517302168862232e-01,6.309695813335214343e-01,2.000486688637079236e-01,0.000000000000000000e+00,0.000000000000000000e+00,0.000000000000000000e+00
3.241447164535226494e-02,-3.129127306719270418e-01,8.636518256429200902e-01,3.034371795704243757e-02,-3.445798217325004263e-03,7.447373512929471584e-01,6.666585804175588770e-01,5.036034168788217774e-02,7.221552775250628109e-02,2.002557648002750712e-01,7.447298774883031047e-01,-3.974471412791511504e-01,-5.028629578553445167e-02,-3.751214875847794783e-01,-3.197329340304714829e-01,-6.958295832374072898e-01,5.958219618456818134e-01,-2.006079589373427896e-01,-1.784616482082086730e-01,-8.717553599647953622e-02,0.000000000000000000e+00,0.000000000000000000e+00,-1.523433267050879447e+00,5.934390211547427851e-01,-6.248029410979489828e-01,2.814197688735082248e-01,0.000000000000000000e+00,0.000000000000000000e+00,0.000000000000000000e+00,-1.439710417422242594e+00,-6.321317599244818952e-01,6.366235966220883391e-01,1.964829476240772810e-01,0.000000000000000000e+00,0.000000000000000000e+00,0.000000000000000000e+00
3.160612092010376545e-02,-3.157424054112983880e-01,8.638990755961911683e-01,3.123536337031181109e-02,-3.164461491568506743e-03,7.444817090344262311e-01,6.669042833658913594e-01,4.745627845602345268e-02,6.660047670620680704e-02,1.972023323071324663e-01,7.453264648920761015e-01,-4.059685537479620354e-01,-4.713356654210969221e-02,-3.766843646087595920e-01,-3.192114726810214576e-01,-6.900006188756711012e-01,5.866913537563456238e-01,-1.871347295121265075e-01,-1.777111231567159444e-01,-8.871797086821081590e-02,0.000000000000000000e+00,0.000000000000000000e+00,-1.527539759043174517e+00,6.011624845128239469e-01,-6.327532262876693903e-01,2.801546977006757477e-01,0.000000000000000000e+00,0.000000000000000000e+00,0.000000000000000000e+00,-1.446195036934178280e+00,-6.394361789768160387e-01,6.486062503969500792e-01,1.907782906048382243e-01,0.000000000000000000e+00,0.000000000000000000e+00,0.000000000000000000e+00
3.104995321532919364e-02,-3.187571579528346022e-01,8.619528104351836806e-01,3.294204958700269054e-02,-3.474540353680038302e-03,7.439835094782881741e-01,6.673764204425476354e-01,4.109715037039082808e-02,6.475448641886540069e-02,1.987021897980225937e-01,7.598116227088406172e-01,-4.148758492948624310e-01,-3.965131658090379624e-02,-3.852898957327822171e-01,-3.222555147207172843e-01,-6.789449505690060560e-01,5.989126059976398464e-01,-1.973343925845696678e-01,-1.797107877807717635e-01,-9.035004101135338250e-02,0.000000000000000000e+00,0.000000000000000000e+00,-1.535835178964296999e+00,6.109424186436236415e-01,-6.482278357266723079e-01,2.833473755618539092e-01,0.000000000000000000e+00,0.000000000000000000e+00,0.000000000000000000e+00,-1.446233853776166978e+00,-6.318676456112428674e-01,6.429478385196436552e-01,1.976322043429518671e-01,0.000000000000000000e+00,0.000000000000000000e+00,0.000000000000000000e+00
3.054558665300573239e-02,-3.211245538859201498e-01,8.618524648883602035e-01,3.236841484784758888e-02,-3.488837965236671682e-03,7.437276281990946591e-01,6.676895452103763784e-01,3.378815993898075243e-02,6.314973324059793003e-02,1.955916326069421229e-01,7.668858624177343764e-01,-4.184205347544279197e-01,-3.811752121576452573e-02,-3.893694949229953850e-01,-3.203011306147950932e-01,-6.750570951775168860e-01,5.952756302250600262e-01,-1.887016459728763640e-01,-1.753941442594385003e-01,-9.159840066639522715e-02,0.000000000000000000e+00,0.000000000000000000e+00,-1.541050518671809311e+00,6.141884745382327759e-01,-6.561064311894817536e-01,2.863149060361806497e-01,0.000000000000000000e+00,0.000000000000000000e+00,0.000000000000000000e+00,-1.449715740914358841e+00,-6.328959148562823822e-01,6.507292563346845915e-01,1.982696014160462150e-01,0.000000000000000000e+00,0.000000000000000000e+00,0.000000000000000000e+00
3.034244862382506555e-02,-3.236752926253730900e-01,8.612727414846339524e-01,3.292003474375268524e-02,-3.712535200784470961e-03,7.437027634308552848e-01,6.676890654040713580e-01,2.768905781525644177e-02,6.442645111439697370e-02,1.976426682271599788e-01,7.760071854351200393e-01,-4.167525496486825798e-01,-3.918304877300309713e-02,-3.912280694589257979e-01,-3.207812835394218132e-01,-6.742343722078285584e-01,5.935482294732095099e-01,-1.869237089157215204e-01,-1.765216161157721897e-01,-9.268888207441916549e-02,0.000000000000000000e+00,0.000000000000000000e+00,-1.551650567638410694e+00,6.227857390419864192e-01,-6.704682111958403246e-01,2.870283096629611119e-01,0.000000000000000000e+00,0.000000000000000000e+00,0.000000000000000000e+00,-1.456748157788507525e+00,-6.363855588822914244e-01,6.557990777193483112e-01,1.983806150774952703e-01,0.000000000000000000e+00,0.000000000000000000e+00,0.000000000000000000e+00
3.045988293555777771e-02,-3.260216026435431291e-01,8.619830704100367447e-01,3.242766276825154170e-02,-2.390046659865141532e-03,7.439124128334705377e-01,6.674856226141772098e-01,2.158820827892454774e-02,6.169421267838096079e-02,1.956440694648760026e-01,7.752265072602007034e-01,-4.171304642580955235e-01,-3.997481092491120269e-02,-3.934649306982085926e-01,-3.184472760139051006e-01,-6.716898863868752123e-01,5.814505433316593530e-01,-1.753498185181097957e-01,-1.731593615442358070e-01,-9.369229042007740094e-02,0.000000000000000000e+00,0.000000000000000000e+00,-1.555636914823860684e+00,6.216700387667594141e-01,-6.651907658302743664e-01,2.904542428782043162e-01,0.000000000000000000e+00,0.000000000000000000e+00,0.000000000000000000e+00,-1.455995265126666993e+00,-6.300780279233934023e-01,6.521301252618032507e-01,1.972634036435035598e-01,0.000000000000000000e+00,0.000000000000000000e+00,0.000000000000000000e+00
3.072213506634436861e-02,-3.284967204035475485e-01,8.611063703121705215e-01,3.255123147605988587e-02,-1.468000519052336389e-03,7.444353903368323699e-01,6.668989518044809994e-01,1.423351748315917521e-02,6.142790135149445163e-02,1.966652874945168383e-01,7.837247116030853222e-01,-4.299650150279771821e-01,-3.534603729825711721e-02,-3.981238950902666329e-01,-3.204446897379334969e-01,-6.705062495418601110e-01,5.817109204401177402e-01,-1.789964855301799662e-01,-1.710223795447055606e-01,-9.507401571619544800e-02,0.000000000000000000e+00,0.000000000000000000e+00,-1.564219885352428507e+00,6.296521755830417622e-01,-6.762288513650493993e-01,2.896081762479992827e-01,0.000000000000000000e+00,0.000000000000000000e+00,0.000000000000000000e+00,-1.460625387909054496e+00,-6.316561090987536931e-01,6.518678236898662881e-01,1.939389641999632041e-01,0.000000000000000000e+00,0.000000000000000000e+00,0.000000000000000000e+00
3.132988814912980591e-02,-3.313490116932107932e-01,8.607701598527300879e-01,3.350969510524250128e-02,-1.843891984281917536e-03,7.439668355329703830e-01,6.673732449112425025e-01,5.664311407750969272e-03,6.034124671227433789e-02,1.923870701676225203e-01,7.941111118844478289e-01,-4.080105418495196812e-01,-4.442124484058423972e-02,-3.997558699970200635e-01,-3.189967248444903203e-01,-6.692111885574055785e-01,5.796691227141945735e-01,-1.768569712496476376e-01,-1.766477496668262814e-01,-9.118546591327809925e-02,0.000000000000000000e+00,0.000000000000000000e+00,-1.561478813678321309e+00,6.216297946181087442e-01,-6.716705757616743266e-01,2.941534142021283715e-01,0.000000000000000000e+00,0.000000000000000000e+00,0.000000000000000000e+00,-1.455006876308271746e+00,-6.230426267751302261e-01,6.481037889710010713e-01,1.957642512904660403e-01,0.000000000000000000e+00,0.000000000000000000e+00,0.000000000000000000e+00
3.196548118305388153e-02,-3.340746041370348252e-01,8.606718293007826759e-01,3.440797244001929378e-02,-1.465020372884439509e-03,7.446303458438423561e-01,6.665880235920478292e-01,2.218976191239506977e-03,6.210679521206496911e-02,1.953461652853215325e-01,7.963723580318075035e-01,-4.116333551843504579e-01,-4.878085526998344329e-02,-4.002439453806023728e-01,-3.196810503909042200e-01,-6.694366952782218050e-01,5.744032540548397181e-01,-1.742816355251721738e-01,-1.762394691291415683e-01,-9.235371484128727937e-02,0.000000000000000000e+00,0.000000000000000000e+00,-1.564085974146419478e+00,6.213149310593260033e-01,-6.708482701443495566e-01,2.915710330547435780e-01,0.000000000000000000e+00,0.000000000000000000e+00,0.000000000000000000e+00,-1.461051393050587288e+00,-6.287080982953812125e-01,6.568409689473108104e-01,1.888056029715399209e-01,0.000000000000000000e+00,0.000000000000000000e+00,0.000000000000000000e+00
3.240434203060583301e-02,-3.371784579556901806e-01,8.597483883464840382e-01,3.551200588617284964e-02,-1.936160104727738772e-03,7.443138825195299013e-01,6.668822932202441711e-01,-7.141772605040433777e-03,6.048328945219612340e-02,1.906473137497223802e-01,8.099168391160779246e-01,-3.943169767828612060e-01,-5.181430717568939054e-02,-4.057878262471584785e-01,-3.178115620656762896e-01,-6.602237732246056812e-01,5.773696521572018181e-01,-1.743274582780581228e-01,-1.778970256902498714e-01,-8.937001077197603838e-02,0.000000000000000000e+00,0.000000000000000000e+00,-1.564940320990702238e+00,6.209989215426461318e-01,-6.713350734010002929e-01,2.919295248934751230e-01,0.000000000000000000e+00,0.000000000000000000e+00,0.000000000000000000e+00,-1.454981008843302837e+00,-6.215570794208916672e-01,6.479806167317029297e-01,1.914577877826314223e-01,0.000000000000000000e+00,0.000000000000000000e+00,0.000000000000000000e+00
3.271508729975555058e-02,-3.405324748772456389e-01,8.596992783792715143e-01,3.673210904296309726e-02,-2.107523060348065122e-03,7.445682877190468174e-01,6.665316012275277480e-01,-1.166078031642293726e-02,5.669940294584907559e-02,1.854330083335873347e-01,8.138066963325778502e-01,-3.989504501826505733e-01,-5.171008075679953131e-02,-4.065563349446105756e-01,-3.171452367271456740e-01,-6.571649613634138465e-01,5.712354142133817536e-01,-1.678535851542738988e-01,-1.776340875264018349e-01,-8.872802247735037118e-02,0.000000000000000000e+00,0.000000000000000000e+00,-1.566966765435277242e+00,6.222076192478024348e-01,-6.721247371728712450e-01,2.917303810793343000e-01,0.000000000000000000e+00,0.000000000000000000e+00,0.000000000000000000e+00,-1.451185874367984630e+00,-6.226420012876315857e-01,6.500735673567767936e-01,1.867848879556594510e-01,0.000000000000000000e+00,0.000000000000000000e+00,0.000000000000000000e+00
3.254518008948965174e-02,-3.442410534109247022e-01,8.586565230954641414e-01,3.791611649145590346e-02,-2.733059434813214436e-03,7.442878504175673982e-01,6.667761949988382231e-01,-1.825258387864798007e-02,5.486954746046068115e-02,1.838274356980502677e-01,8.254378544290031927e-01,-4.074870664836270362e-01,-4.784136031818710111e-02,-4.110992348149457021e-01,-3.166810010913126971e-01,-6.501483509027583541e-01,5.704872592047020019e-01,-1.589621988901575300e-01,-1.811362570220184376e-01,-8.989914407623268711e-02,0.000000000000000000e+00,0.000000000000000000e+00,-1.566999251566235873e+00,6.216302739264931709e-01,-6.658057863354861494e-01,2.906842323330935951e-01,0.000000000000000000e+00,0.000000000000000000e+00,0.000000000000000000e+00,-1.446442264939964861e+00,-6.176367425538350497e-01,6.455376996627003594e-01,1.851823716631779970e-01,0.000000000000000000e+00,0.000000000000000000e+00,0.000000000000000000e+00
3.221066824352401825e-02,-3.482902262746209732e-01,8.580772420758230323e-01,3.938223915968679101e-02,-3.385330979289021165e-03,7.439694544207197113e-01,6.670434990777336370e-01,-2.171931979759297512e-02,5.478147254290766793e-02,1.873790108487086437e-01,8.327000459416686873e-01,-4.230562411294981895e-01,-4.393070141937466255e-02,-4.106069783136893636e-01,-3.183327487392875188e-01,-6.521540319185630263e-01,5.654304840549811972e-01,-1.531679290451573028e-01,-1.761852678031573249e-01,-8.847785463557281127e-02,0.000000000000000000e+00,0.000000000000000000e+00,-1.574057803418425605e+00,6.302206057003711948e-01,-6.773164693469462261e-01,2.908580252502948049e-01,0.000000000000000000e+00,0.000000000000000000e+00,0.000000000000000000e+00,-1.450455529374979013e+00,-6.252870499670355464e-01,6.579084635817280535e-01,1.832135261498299417e-01,0.000000000000000000e+00,0.000000000000000000e+00,0.000000000000000000e+00
3.171234746020630546e-02,-3.526402737803784881e-01,8.576816120288146550e-01,4.075171650061224643e-02,-3.207856432982708964e-03,7.442057733224010097e-01,6.666984132371743810e-01,-2.570550912895868192e-02,5.241748949520148859e-02,1.900767388946171255e-01,8.376698822260333355e-01,-4.463455328662160326e-01,-3.869096164636748325e-02,-4.114539656825443870e-01,-3.214534548148334503e-01,-6.539968402211386866e-01,5.589731807110852602e-01,-1.434243580180747379e-01,-1.754006311003876717e-01,-9.032400505579971095e-02,0.000000000000000000e+00,0.000000000000000000e+00,-1.578241807109221684e+00,6.318429485801678736e-01,-6.726840651797235671e-01,2.906385238753265710e-01,0.000000000000000000e+00,0.000000000000000000e+00,0.000000000000000000e+00,-1.454953488708091047e+00,-6.263534234783784127e-01,6.633889375523446263e-01,1.777652011334662496e-01,0.000000000000000000e+00,0.000000000000000000e+00,0.000000000000000000e+00
3.113276489103043373e-02,-3.573226780627536958e-01,8.573615953833817471e-01,4.261597676446595567e-02,-3.346792152937668949e-03,7.442242817945621258e-01,6.665604967998502994e-01,-2.977521301643695772e-02,4.834896809270523843e-02,1.908521647809074961e-01,8.427884972652524009e-01,-4.617510283755323908e-01,-3.254095057548627573e-02,-4.101312779232216821e-01,-3.225308176351187606e-01,-6.539313121429473075e-01,5.479965462050427893e-01,-1.375245131867708914e-01,-1.735613377654522393e-01,-9.092156324328334871e-02,0.000000000000000000e+00,0.000000000000000000e+00,-1.583775222805882787e+00,6.367251003583386249e-01,-6.744746361661997369e-01,2.900877316280742191e-01,0.000000000000000000e+00,0.000000000000000000e+00,0.000000000000000000e+00,-1.455266805626800330e+00,-6.271868865311014396e-01,6.656186384330473604e-01,1.758654650762199734e-01,0.000000000000000000e+00,0.000000000000000000e+00,0.000000000000000000e+00
3.055814339886706033e-02,-3.617264710736929900e-01,8.571960261337439047e-01,4.375727441825046776e-02,-2.274762397635927275e-03,7.441472214156177323e-01,6.665771067558020624e-01,-3.454470064840357846e-02,3.912837325880462458e-02,1.863928329132645001e-01,8.448400163606771818e-01,-4.870421588816764569e-01,-2.588386110038746329e-02,-4.125509504717850828e-01,-3.257792520059893948e-01,-6.550035549916476407e-01,5.407918719838238353e-01,-1.290090491613221924e-01,-1.702224550149240012e-01,-9.165969801830743668e-02,0.000000000000000000e+00,0.000000000000000000e+00,-1.588597320457639572e+00,6.418878984820788336e-01,-6.799030479206287225e-01,2.908955420354905619e-01,0.000000000000000000e+00,0.000000000000000000e+00,0.000000000000000000e+00,-1.463152369735802427e+00,-6.297289264016385779e-01,6.703777449920202969e-01,1.668981929144079390e-01,0.000000000000000000e+00,0.000000000000000000e+00,0.000000000000000000e+00
2.982066587276544986e-02,-3.662003026498925062e-01,8.579133384251874661e-01,4.393160358908020091e-02,-3.122092604964802134e-04,7.454099383054934025e-01,6.651570796487624726e-01,-4.204526272600907222e-02,2.922239439469006411e-02,1.790635079074387459e-01,8.441981431963258009e-01,-5.035837105421446802e-01,-2.522120237980188945e-02,-4.137090693805223207e-01,-3.277278915730608144e-01,-6.562379207371593637e-01,5.235008188064027568e-01,-1.127691212087416073e-01,-1.659748526314252237e-01,-9.392432675814324505e-02,0.000000000000000000e+00,0.000000000000000000e+00,-1.592901409491316977e+00,6.412980964789720684e-01,-6.751152568617070360e-01,2.911066255189367347e-01,0.000000000000000000e+00,0.000000000000000000e+00,0.000000000000000000e+00,-1.461018354471112835e+00,-6.255665945641178949e-01,6.653334794585625822e-01,1.591897850537936920e-01,0.000000000000000000e+00,0.000000000000000000e+00,0.000000000000000000e+00
2.903945073751819719e-02,-3.707184323903706669e-01,8.578249809370287471e-01,4.541469517622889057e-02,3.489372851184216126e-04,7.455884540107984293e-01,6.648573087141396165e-01,-4.486880217434503770e-02,1.861612197705144606e-02,1.715252029646252285e-01,8.454753865788171563e-01,-5.279042090551199218e-01,-2.371335990647820829e-02,-4.152922419721222780e-01,-3.294430073448340046e-01,-6.531604606506578037e-01,5.134418144220918023e-01,-9.975869135581291736e-02,-1.651375810691738388e-01,-9.532155260486453729e-02,0.000000000000000000e+00,0.000000000000000000e+00,-1.597431088262271315e+00,6.467378829814208752e-01,-6.832157211596197044e-01,2.894808893758054058e-01,0.000000000000000000e+00,0.000000000000000000e+00,0.000000000000000000e+00,-1.462522951118480963e+00,-6.254147512047991686e-01,6.665440536769218216e-01,1.537206477022180495e-01,0.000000000000000000e+00,0.000000000000000000e+00,0.000000000000000000e+00
2.842013734692114268e-02,-3.751121677198630544e-01,8.576969515705413771e-01,4.612171946662635413e-02,1.259828273099586511e-03,7.467956709890737343e-01,6.634511478761212500e-01,-4.802157737585014546e-02,1.301207689855576888e-02,1.687700616343927595e-01,8.457964858255052620e-01,-5.588933951061280103e-01,-1.989288255581551576e-02,-4.123285979446343896e-01,-3.334557359438858337e-01,-6.632482518213062006e-01,4.977010709917414899e-01,-9.100451173047725828e-02,-1.635832925896587575e-01,-9.791753270084171956e-02,0.000000000000000000e+00,0.000000000000000000e+00,-1.604788103734398508e+00,6.448497515758497833e-01,-6.764003458037881611e-01,2.909243452916167594e-01,0.000000000000000000e+00,0.000000000000000000e+00,0.000000000000000000e+00,-1.469050053012039170e+00,-6.268998148322885156e-01,6.682689900289499052e-01,1.415621141789081272e-01,0.000000000000000000e+00,0.000000000000000000e+00,0.000000000000000000e+00
2.764554293546278921e-02,-3.792816137836749757e-01,8.576166401880207513e-01,4.662112754881658772e-02,1.354250413710086573e-03,7.472450038583979826e-01,6.629099038938524036e-01,-5.208867302413455053e-02,-1.362357190581174235e-04,1.519595614215694668e-01,8.487202303209325782e-01,-5.825917157908158117e-01,-1.556842347986983448e-02,-4.130337433272715519e-01,-3.309077393731660877e-01,-6.584255233435749588e-01,4.831765601249105591e-01,-7.603245112068812706e-02,-1.597839952112644624e-01,-9.988917321984636111e-02,0.000000000000000000e+00,0.000000000000000000e+00,-1.611263443823617525e+00,6.445825238007204527e-01,-6.752702769400995564e-01,2.884463052831664487e-01,0.000000000000000000e+00,0.000000000000000000e+00,0.000000000000000000e+00,-1.466748792190879502e+00,-6.258189003997873812e-01,6.670175513530691713e-01,1.343974204036403608e-01,0.000000000000000000e+00,0.000000000000000000e+00,0.000000000000000000e+00
2.679763961383927959e-02,-3.834600479146549334e-01,8.572424859541869502e-01,4.755842977690792617e-02,7.434976599105230094e-05,7.479268333706832195e-01,6.620752541466637942e-01,-5.705930547455224239e-02,-5.299908489302217543e-03,1.430799937196958471e-01,8.594230932886477436e-01,-5.818095515447061494e-01,-1.767947137790063655e-02,-4.138502318976683414e-01,-3.291435066095110828e-01,-6.528485465102019658e-01,4.761274621020337161e-01,-5.822248353556899042e-02,-1.578494568928799358e-01,-1.033932511581358016e-01,0.000000000000000000e+00,0.000000000000000000e+00,-1.615197134721323868e+00,6.471814434341042199e-01,-6.802749988965752781e-01,2.883524575556384306e-01,0.000000000000000000e+00,0.000000000000000000e+00,0.000000000000000000e+00,-1.464872804205542334e+00,-6.270636914979976773e-01,6.674946050512182705e-01,1.265407764544301261e-01,0.000000000000000000e+00,0.000000000000000000e+00,0.000000000000000000e+00
2.626156224028735817e-02,-3.874702080165425278e-01,8.569637424187129815e-01,4.824921400545300471e-02,6.617885149996418498e-04,7.489847395623012716e-01,6.608278408833944129e-01,-6.149275374147706447e-02,-1.719716337773439727e-02,1.264189425091571672e-01,8.632507083503339063e-01,-5.917141837422100759e-01,-1.992884891746773621e-02,-4.172938013457199169e-01,-3.289163586952866258e-01,-6.455572865587267950e-01,4.664865524823842424e-01,-4.416624769838676384e-02,-1.616520592707827442e-01,-1.067684967584021927e-01,0.000000000000000000e+00,0.000000000000000000e+00,-1.618245027710818240e+00,6.443373817438845519e-01,-6.758584363787212279e-01,2.890130193089228694e-01,0.000000000000000000e+00,0.000000000000000000e+00,0.000000000000000000e+00,-1.462704981957773764e+00,-6.221396484657065740e-01,6.623787440078240385e-01,1.140142782896501478e-01,0.000000000000000000e+00,0.000000000000000000e+00,0.000000000000000000e+00
2.558432532941276594e-02,-3.914343729700516250e-01,8.567539721755054183e-01,4.978353941162042690e-02,4.085213132798779651e-04,7.485641530519366871e-01,6.611906994805845095e-01,-5.939141178823541256e-02,-2.618838404633871964e-02,1.165192552107976870e-01,8.610619500870265730e-01,-6.090507944291000397e-01,-1.927776096863229385e-02,-4.161435774307142288e-01,-3.271519649459267987e-01,-6.412727973457140740e-01,4.530690160736890459e-01,-3.060036049518181575e-02,-1.598713688076737194e-01,-1.083467995002226347e-01,0.000000000000000000e+00,0.000000000000000000e+00,-1.619232651350266616e+00,6.455298596610892226e-01,-6.728882534992181030e-01,2.886821658115597544e-01,0.000000000000000000e+00,0.000000000000000000e+00,0.000000000000000000e+00,-1.465441675105096708e+00,-6.259041527380705405e-01,6.662088628823584768e-01,1.024432969913005864e-01,0.000000000000000000e+00,0.000000000000000000e+00,0.000000000000000000e+00
2.487422066865329143e-02,-3.950393355649420291e-01,8.566418254471607208e-01,5.056742759671892934e-02,2.532609978492467509e-04,7.494824010198275488e-01,6.600901466365572956e-01,-6.137844013131552728e-02,-3.488327695043802468e-02,1.032257771890721237e-01,8.632680217620195551e-01,-6.133071914968913907e-01,-1.638404267783559118e-02,-4.160644694026886525e-01,-3.245329615620734520e-01,-6.337073932015403477e-01,4.386604297915108752e-01,-1.199654405695393250e-02,-1.595600797113072566e-01,-1.109342762800656773e-01,0.000000000000000000e+00,0.000000000000000000e+00,-1.623070731306772485e+00,6.464917528626162868e-01,-6.772296955031978927e-01,2.936982033887439725e-01,0.000000000000000000e+00,0.000000000000000000e+00,0.000000000000000000e+00,-1.464686342635185934e+00,-6.241445975645925071e-01,6.664609366929175049e-01,9.818416271663039929e-02,0.000000000000000000e+00,0.000000000000000000e+00,0.000000000000000000e+00
2.428431814760878549e-02,-3.985922668605029195e-01,8.568914549248507484e-01,5.183620468131715231e-02,1.060130174370212119e-03,7.496128324530203502e-01,6.598427732649722044e-01,-5.617168802684978368e-02,-4.187122055831753176e-02,9.800294609799835299e-02,8.530877578496102176e-01,-6.350631930251859902e-01,-1.053746504210972303e-02,-4.110438078290211683e-01,-3.242192956112605051e-01,-6.364451308325589363e-01,4.157731413609276339e-01,7.315805380350048209e-03,-1.537835931242395593e-01,-1.148138312162298585e-01,0.000000000000000000e+00,0.000000000000000000e+00,-1.629287990962950294e+00,6.478964663005666313e-01,-6.805397598297173722e-01,2.954406944445936434e-01,0.000000000000000000e+00,0.000000000000000000e+00,0.000000000000000000e+00,-1.471631557058545647e+00,-6.262388895993792337e-01,6.778985984334195969e-01,9.076520669425590382e-02,0.000000000000000000e+00,0.000000000000000000e+00,0.000000000000000000e+00
2.378206230723256542e-02,-4.016737649197189564e-01,8.579229601590430132e-01,5.202380650282315000e-02,3.326568083322851456e-03,7.516320308419647267e-01,6.575193896107758285e-01,-5.582332788393704753e-02,-5.545066280828910010e-02,7.950370652465454935e-02,8.438201295481149167e-01,-6.404742063278974218e-01,-1.465813554906866129e-02,-4.123703994555821262e-01,-3.215541281731594259e-01,-6.228473692566891540e-01,3.933677617708126184e-01,3.325756262915412209e-02,-1.441036243414567097e-01,-1.204229308589302300e-01,0.000000000000000000e+00,0.000000000000000000e+00,-1.632688035766293400e+00,6.510739500478572861e-01,-6.849127105048783415e-01,3.004192308213831097e-01,0.000000000000000000e+00,0.000000000000000000e+00,0.000000000000000000e+00,-1.469479545926938968e+00,-6.231354161607692843e-01,6.724936422821601312e-01,9.170235072702044576e-02,0.000000000000000000e+00,0.000000000000000000e+00,0.000000000000000000e+00
2.321384371700158100e-02,-4.053283649283241363e-01,8.572343026331675775e-01,5.281653988922362097e-02,3.596705494691180768e-03,7.518188854068017513e-01,6.572410823810306280e-01,-5.812056366166875460e-02,-6.450014232093748134e-02,6.540225803667469584e-02,8.463510369101320263e-01,-6.435899684103912888e-01,-1.285510014004363419e-02,-4.159902447573861073e-01,-3.180583321978968092e-01,-6.093382111162087833e-01,3.824643920138738884e-01,4.882883914259758540e-02,-1.407945727606396136e-01,-1.262107207556698307e-01,0.000000000000000000e+00,0.000000000000000000e+00,-1.634895855202128434e+00,6.516050613267426739e-01,-6.852723884509059893e-01,3.094843424417941247e-01,0.000000000000000000e+00,0.000000000000000000e+00,0.000000000000000000e+00,-1.468348453109429741e+00,-6.173121113305297669e-01,6.701747958787521720e-01,9.132846590099460982e-02,0.000000000000000000e+00,0.000000000000000000e+00,0.000000000000000000e+00
2.284236709126560502e-02,-4.091872531230152932e-01,8.567156831257387584e-01,5.413153907312019675e-02,3.976047268992199089e-03,7.525702243009968484e-01,6.562713044322726619e-01,-5.991256453204211324e-02,-7.414872821677491455e-02,5.088351677104677173e-02,8.477892896155048152e-01,-6.479433326855090769e-01,-9.173232492886400011e-03,-4.185110506049951606e-01,-3.169022497465127097e-01,-5.976191865035186401e-01,3.719014542576367655e-01,6.570571282171724925e-02,-1.333870790999854561e-01,-1.284461240485011424e-01,0.000000000000000000e+00,0.000000000000000000e+00,-1.634270515311744498e+00,6.524513779025762350e-01,-6.907151478075829187e-01,3.166945897729947501e-01,0.000000000000000000e+00,0.000000000000000000e+00,0.000000000000000000e+00,-1.462186178131932301e+00,-6.110152802005204276e-01,6.686339723524941103e-01,9.562766350545168215e-02,0.000000000000000000e+00,0.000000000000000000e+00,0.000000000000000000e+00
2.240938970604119604e-02,-4.135335152842056772e-01,8.555844941707047013e-01,5.647549136462295949e-02,3.499931820988336738e-03,7.534972231291622302e-01,6.550116060719942679e-01,-6.120952593036137201e-02,-7.779656412608070004e-02,4.769751788199443759e-02,8.534329659352818398e-01,-6.528318769740030225e-01,-3.664796936798893345e-03,-4.209841018321468509e-01,-3.176642482251101351e-01,-5.853177071804268605e-01,3.659655848519635102e-01,8.418318444593023142e-02,-1.300321827482955050e-01,-1.337669371848551614e-01,0.000000000000000000e+00,0.000000000000000000e+00,-1.633559291846108152e+00,6.544548571817029314e-01,-6.937149336004512223e-01,3.221475616765174799e-01,0.000000000000000000e+00,0.000000000000000000e+00,0.000000000000000000e+00,-1.462281116472374576e+00,-6.107262143855451964e-01,6.708883931217741736e-01,9.416212338325788411e-02,0.000000000000000000e+00,0.000000000000000000e+00,0.000000000000000000e+00
2.191817993081658297e-02,-4.183191325816323913e-01,8.546090108609174507e-01,5.767745664227645619e-02,3.991570330869252843e-03,7.545936156534952532e-01,6.536404620099312002e-01,-6.400395669265875054e-02,-8.564341806622616238e-02,3.966706477971383010e-02,8.578870806255272097e-01,-6.722936866231576936e-01,6.946882577608580467e-03,-4.256394351113610974e-01,-3.161242419469340592e-01,-5.694539866389578542e-01,3.541824253878151918e-01,1.070445564757512430e-01,-1.202854620229073523e-01,-1.380234337151928781e-01,0.000000000000000000e+00,0.000000000000000000e+00,-1.629528440937930478e+00,6.540883178926344410e-01,-6.955976824076585130e-01,3.289690435138990510e-01,0.000000000000000000e+00,0.000000000000000000e+00,0.000000000000000000e+00,-1.466165499414253226e+00,-6.123042332771410079e-01,6.829680558472277507e-01,9.223008714866359758e-02,0.000000000000000000e+00,0.000000000000000000e+00,0.000000000000000000e+00
2.154104672002764634e-02,-4.240267181920372996e-01,8.534705788789267444e-01,5.995022027196830749e-02,4.893523197007982294e-03,7.568686881296786684e-01,6.507932186562189747e-01,-6.859185496944607274e-02,-9.733603339500362939e-02,2.956500661460512852e-02,8.622765891158412632e-01,-6.952942435915900887e-01,2.580637852862141535e-02,-4.302581772723704789e-01,-3.140076785250902613e-01,-5.423900954014525544e-01,3.379370771724891642e-01,1.313984051233463568e-01,-9.992769046063690319e-02,-1.432008210032821305e-01,0.000000000000000000e+00,0.000000000000000000e+00,-1.626265727126699812e+00,6.516075293045340278e-01,-6.893040802930955335e-01,3.330622787738950485e-01,0.000000000000000000e+00,0.000000000000000000e+00,0.000000000000000000e+00,-1.464981916834874998e+00,-6.037516926744231904e-01,6.825134139260623511e-01,9.223278212571528467e-02,0.000000000000000000e+00,0.000000000000000000e+00,0.000000000000000000e+00
2.126814091040024612e-02,-4.310689326501185858e-01,8.519882061803756290e-01,6.329759092778837470e-02,4.477146373953668802e-03,7.593368983443357090e-01,6.475962051740943304e-01,-7.898479742715963647e-02,-1.103371939772050669e-01,1.695871083069259641e-02,8.759432844680751229e-01,-7.009848395209727911e-01,3.768525908077688391e-02,-4.349674685457542989e-01,-3.100058259040667230e-01,-5.084593466774685044e-01,3.268881155435782726e-01,1.531157261694768013e-01,-6.663163967430890677e-02,-1.463117495866139428e-01,0.000000000000000000e+00,0.000000000000000000e+00,-1.610430615172143032e+00,6.420531192429448364e-01,-6.825321384344403830e-01,3.413490343874132638e-01,0.000000000000000000e+00,0.000000000000000000e+00,0.000000000000000000e+00,-1.458536070875961377e+00,-5.918231098635500231e-01,6.869032932112782985e-01,9.434046523850347921e-02,0.000000000000000000e+00,0.000000000000000000e+00,0.000000000000000000e+00
2.075872682677364078e-02,-4.385260475810651148e-01,8.501903643506814046e-01,6.660862065616453276e-02,5.295755807762314582e-03,7.632871080211857118e-01,6.425947691612202695e-01,-8.438559958710004083e-02,-1.225553969003340821e-01,1.116812784554666385e-02,8.810357578009703206e-01,-7.426630758575103464e-01,6.182894067635444357e-02,-4.400380005738251943e-01,-3.073491380837302667e-01,-4.636878261376538579e-01,3.083893968206594116e-01,1.831229894435515149e-01,-2.237529831408099218e-02,-1.554816985733840362e-01,0.000000000000000000e+00,0.000000000000000000e+00,-1.600765020380811476e+00,6.400294035080461574e-01,-6.710094313451844261e-01,3.370357589736142634e-01,0.000000000000000000e+00,0.000000000000000000e+00,0.000000000000000000e+00,-1.470195938999395713e+00,-5.992377701617215280e-01,7.083252807534615725e-01,8.672420740426810271e-02,0.000000000000000000e+00,0.000000000000000000e+00,0.000000000000000000e+00
2.058633409020253421e-02,-4.472995537200783467e-01,8.484893554120631620e-01,6.802883801691680943e-02,5.857977653917581864e-03,7.715066297985996302e-01,6.325466634744665306e-01,-1.040684034916879719e-01,-1.367546609683656933e-01,-6.727339135468465153e-03,9.000724019197434700e-01,-7.657082136345724210e-01,8.086433708986033586e-02,-4.513347901951956231e-01,-2.939975604839836221e-01,-3.814693818986795715e-01,2.964022876630712511e-01,1.974828672249562822e-01,5.058134573427822134e-02,-1.688050688529247889e-01,0.000000000000000000e+00,0.000000000000000000e+00,-1.585678500060138774e+00,6.323080116958755825e-01,-6.691788588211834421e-01,3.355924422811458196e-01,0.000000000000000000e+00,0.000000000000000000e+00,0.000000000000000000e+00,-1.462634732099099777e+00,-5.947123190332820331e-01,7.185416990080625288e-01,9.041192165014870497e-02,0.000000000000000000e+00,0.000000000000000000e+00,0.000000000000000000e+00
2.005921454785665470e-02,-4.568994170246096775e-01,8.482550894663900554e-01,6.903930326887455782e-02,6.181995796965437245e-03,7.763225586576981696e-01,6.265130824262800102e-01,-1.206032739858466096e-01,-1.484031230843118332e-01,-1.743337602830883487e-02,9.089990726624950224e-01,-7.832047759850453428e-01,9.763359843871272092e-02,-4.600951137848092176e-01,-2.763897076513762707e-01,-3.060535681597753022e-01,2.880869992878261066e-01,2.000679986146897404e-01,1.201166274125251010e-01,-1.809754922905104646e-01,0.000000000000000000e+00,0.000000000000000000e+00,-1.570132986540918596e+00,6.241910233265818286e-01,-6.608049294643093541e-01,3.370381171118329577e-01,0.000000000000000000e+00,0.000000000000000000e+00,0.000000000000000000e+00,-1.465992317691765967e+00,-5.912104122182189059e-01,7.310289410123609333e-01,8.815825481121043750e-02,0.000000000000000000e+00,0.000000000000000000e+00,0.000000000000000000e+00
1.918745739003597378e-02,-4.672006223834353489e-01,8.495221712563760796e-01,6.959941188518754818e-02,6.987046495796992232e-03,7.774174058883801530e-01,6.250834184877106514e-01,-1.335309765633520829e-01,-1.537969598271719529e-01,-1.341852792927511820e-02,9.059496661663744010e-01,-7.929988952492258436e-01,1.080691442300610178e-01,-4.686712746442449617e-01,-2.673546479482524219e-01,-2.658562547236755225e-01,2.932517041366952681e-01,1.908395987020907181e-01,1.600034788479046954e-01,-1.871354008429162441e-01,0.000000000000000000e+00,0.000000000000000000e+00,-1.558406847575481535e+00,6.225820649055773259e-01,-6.538006193412790878e-01,3.322064910627505752e-01,0.000000000000000000e+00,0.000000000000000000e+00,0.000000000000000000e+00,-1.469339738507931648e+00,-5.855884324228426419e-01,7.387643052975763069e-01,8.554762591174487618e-02,0.000000000000000000e+00,0.000000000000000000e+00,0.000000000000000000e+00
1.779118019047425114e-02,-4.780274170904205699e-01,8.535273639003314594e-01,6.584541446431667333e-02,6.396596478134758401e-03,7.760102757309873533e-01,6.272411951613464653e-01,-1.467641775043724839e-01,-1.486082608541292871e-01,-4.201108594651387432e-03,8.920886677501604911e-01,-7.912447972902091342e-01,1.216648034957159147e-01,-4.752939103283941868e-01,-2.627222777758536632e-01,-2.681860451256284916e-01,3.195604206009923787e-01,1.593985633303403315e-01,1.542799726534364313e-01,-1.869771121903494593e-01,0.000000000000000000e+00,0.000000000000000000e+00,-1.556615192889552413e+00,6.267674824559711366e-01,-6.516537875826647896e-01,3.251663002404731606e-01,0.000000000000000000e+00,0.000000000000000000e+00,0.000000000000000000e+00,-1.471406053481189691e+00,-5.854241364091371524e-01,7.327314084831079155e-01,8.971983744359378343e-02,0.000000000000000000e+00,0.000000000000000000e+00,0.000000000000000000e+00
1.685196408007868032e-02,-4.892437243931179736e-01,8.567888506642198365e-01,6.277187856300241176e-02,6.894206293981314064e-03,7.728348955248466323e-01,6.314573504523850467e-01,-1.600563745182182196e-01,-1.455099143834402697e-01,6.496136998556100231e-03,8.780434329822905948e-01,-7.945777468611455729e-01,1.283024778123436627e-01,-4.751306337987810102e-01,-2.659880767171037830e-01,-2.937305017075041991e-01,3.516899248409638412e-01,1.306124683148982557e-01,1.313918079237587910e-01,-1.771239387645004715e-01,0.000000000000000000e+00,0.000000000000000000e+00,-1.552710725927765489e+00,6.310745579124449334e-01,-6.440807816159144217e-01,3.215918459305851518e-01,0.000000000000000000e+00,0.000000000000000000e+00,0.000000000000000000e+00,-1.469870497617965510e+00,-5.826517055526559963e-01,7.280475119586320432e-01,8.546997081389431927e-02,0.000000000000000000e+00,0.000000000000000000e+00,0.000000000000000000e+00
1.551878152685873952e-02,-4.999489749938825223e-01,8.603764312341727338e-01,5.980410005651160682e-02,7.574369858176588019e-03,7.703079920318369744e-01,6.348162694430260489e-01,-1.690058339037078250e-01,-1.440414315672133572e-01,1.483105846396241476e-02,8.569935803758337300e-01,-7.947354130500906555e-01,1.346184626830330411e-01,-4.839702411961527284e-01,-2.736094159411243121e-01,-2.966341353406115044e-01,3.948502224936348837e-01,9.800701840691150579e-02,1.182975690006261849e-01,-1.716983572324398688e-01,0.000000000000000000e+00,0.000000000000000000e+00,-1.552669762842685097e+00,6.354389915013529677e-01,-6.374712850398264186e-01,3.238278012584000498e-01,0.000000000000000000e+00,0.000000000000000000e+00,0.000000000000000000e+00,-1.466488486017109238e+00,-5.816315429931961933e-01,7.209497935675606151e-01,8.587342575173458059e-02,0.000000000000000000e+00,0.000000000000000000e+00,0.000000000000000000e+00
1.407861498088412537e-02,-5.113263130976171134e-01,8.645112859583093945e-01,5.549524775288897788e-02,5.415595916005822019e-03,7.668147999237959755e-01,6.394419531244003307e-01,-1.809102267985681078e-01,-1.317206381435809259e-01,2.837714311332649800e-02,8.418922308055859505e-01,-7.827886354212628683e-01,1.351543096984369752e-01,-4.912928143428527683e-01,-2.753655143159337571e-01,-3.056013066003671064e-01,4.574887428020939506e-01,4.928133090724111376e-02,9.625891022347082826e-02,-1.650800571915813919e-01,0.000000000000000000e+00,0.000000000000000000e+00,-1.553433765546991197e+00,6.385558470505283690e-01,-6.317265712596347171e-01,3.087800585858781477e-01,0.000000000000000000e+00,0.000000000000000000e+00,0.000000000000000000e+00,-1.467158587206871756e+00,-5.796218321364039472e-01,7.051457759037301765e-01,8.318598413280826886e-02,0.000000000000000000e+00,0.000000000000000000e+00,0.000000000000000000e+00
1.289954663032782251e-02,-5.225551324743165083e-01,8.672734082140529654e-01,5.117810150555476834e-02,3.786742055705683181e-03,7.643839220848054339e-01,6.427158642581803916e-01,-1.976339693711149093e-01,-1.237683335329298195e-01,3.476526280606900138e-02,8.353649422437057215e-01,-7.747780734060896179e-01,1.383883780937272823e-01,-4.952678929683281828e-01,-2.700150636909399715e-01,-3.094380132127348970e-01,5.308921250914140355e-01,-3.956945470192065745e-03,6.652022014905374647e-02,-1.563611111326494163e-01,0.000000000000000000e+00,0.000000000000000000e+00,-1.552564298596450509e+00,6.410197431789086409e-01,-6.294419810945360849e-01,2.963517022283613245e-01,0.000000000000000000e+00,0.000000000000000000e+00,0.000000000000000000e+00,-1.464334462185620911e+00,-5.803696674720463244e-01,6.957181243780612423e-01,8.084471793162993636e-02,0.000000000000000000e+00,0.000000000000000000e+00,0.000000000000000000e+00
1.192549035350305361e-02,-5.336030044354456159e-01,8.696464570387494319e-01,4.751273264518322825e-02,2.258591129003183900e-03,7.610509935115032931e-01,6.469457661024240469e-01,-2.128659186271302517e-01,-1.158728300363610492e-01,4.298493694272623178e-02,8.287511522955216536e-01,-7.678625085716387355e-01,1.428888030748849680e-01,-5.015773119034261374e-01,-2.699998969356462442e-01,-3.068310849251552064e-01,6.031902580825170279e-01,-5.299376870597586470e-02,4.561657467393506749e-02,-1.475762632440452971e-01,0.000000000000000000e+00,0.000000000000000000e+00,-1.552158505541207711e+00,6.426564548828520573e-01,-6.215779721994644236e-01,2.853147792144697381e-01,0.000000000000000000e+00,0.000000000000000000e+00,0.000000000000000000e+00,-1.462113998203029119e+00,-5.776692869039103950e-01,6.902429777783251064e-01,7.830088743265604945e-02,0.000000000000000000e+00,0.000000000000000000e+00,0.000000000000000000e+00
1.139566529280509367e-02,-5.444467892993193336e-01,8.735544179171406132e-01,4.490596151627587740e-02,2.931149304419411634e-03,7.601868098989023048e-01,6.481441792068981522e-01,-2.214709335634773291e-01,-1.133902513430691400e-01,4.778811231354530148e-02,8.044879379705758282e-01,-7.567554025787442962e-01,1.414247021429769491e-01,-5.052179989703720064e-01,-2.754211442441688029e-01,-2.976390674100007905e-01,6.747734860263016055e-01,-9.683511989431620171e-02,2.410945486887966852e-02,-1.392723594806653253e-01,0.000000000000000000e+00,0.000000000000000000e+00,-1.545173006763518320e+00,6.340662421314090524e-01,-6.087770264573847401e-01,2.728254636444155667e-01,0.000000000000000000e+00,0.000000000000000000e+00,0.000000000000000000e+00,-1.455567347196347505e+00,-5.748561783924824864e-01,6.774370425712915589e-01,6.439889470696526230e-02,0.000000000000000000e+00,0.000000000000000000e+00,0.000000000000000000e+00
1.079885559757141726e-02,-5.552144754813592709e-01,8.757488741911209074e-01,4.463175289063271711e-02,2.974031544455945633e-04,7.593858849631085484e-01,6.491078461273360745e-01,-2.282058551366419608e-01,-1.081569474053540592e-01,5.421728203313897626e-02,7.948432579132287401e-01,-7.452544345640349510e-01,1.466942008348465498e-01,-5.009204889028375796e-01,-2.805431897715112699e-01,-2.893437095806399295e-01,7.429349267332474582e-01,-1.391756504182722343e-01,1.142140976760977478e-03,-1.325992797439185522e-01,0.000000000000000000e+00,0.000000000000000000e+00,-1.534248609718680045e+00,6.246783139228716530e-01,-5.976202188862215214e-01,2.646086948615989920e-01,0.000000000000000000e+00,0.000000000000000000e+00,0.000000000000000000e+00,-1.451689375432659856e+00,-5.787004304444726133e-01,6.742194577811637668e-01,5.563422481072140269e-02,0.000000000000000000e+00,0.000000000000000000e+00,0.000000000000000000e+00
1.055836950113605600e-02,-5.654604526978439516e-01,8.773098335908047218e-01,4.604992584037359560e-02,-9.811366072015254621e-04,7.578960901798826866e-01,6.507472306442042553e-01,-2.319585509407376400e-01,-1.075903055304843481e-01,6.080178336946075873e-02,7.826606027472321481e-01,-7.372036671528413576e-01,1.478276579165819227e-01,-4.919069814408136843e-01,-2.897283408848078112e-01,-2.828582413232328951e-01,8.115123272776125773e-01,-1.730312490284033888e-01,-2.059122769861221336e-02,-1.209957542854042389e-01,0.000000000000000000e+00,0.000000000000000000e+00,-1.526406288126517241e+00,6.186700431139099399e-01,-5.907550936087250237e-01,2.540665934922380353e-01,0.000000000000000000e+00,0.000000000000000000e+00,0.000000000000000000e+00,-1.448918476869962113e+00,-5.788638204790240716e-01,6.693281509939641438e-01,4.441685122365000848e-02,0.000000000000000000e+00,0.000000000000000000e+00,0.000000000000000000e+00
1.037165183589331546e-02,-5.751845846945058405e-01,8.791269696369510278e-01,4.696266492395380354e-02,-3.059283740753487510e-03,7.579358483044105199e-01,6.506292329286377241e-01,-2.350838314580989963e-01,-1.056855399342534474e-01,6.449623783956429102e-02,7.707885077216161118e-01,-7.262668278800773480e-01,1.495400151061046790e-01,-4.744441992682300602e-01,-2.956497244887360543e-01,-2.738263298980430638e-01,8.703833215340281981e-01,-1.941559637199748167e-01,-3.735045262146564904e-02,-1.162559975610415602e-01,0.000000000000000000e+00,0.000000000000000000e+00,-1.525287387403821526e+00,6.157499399469139600e-01,-5.795627531488406481e-01,2.377201734912659237e-01,0.000000000000000000e+00,0.000000000000000000e+00,0.000000000000000000e+00,-1.449310140800500468e+00,-5.811561628588222117e-01,6.675629054826597297e-01,3.053951853800834088e-02,0.000000000000000000e+00,0.000000000000000000e+00,0.000000000000000000e+00
1.049987807721424957e-02,-5.844767641542761849e-01,8.787120578308221797e-01,4.935511649876975215e-02,-4.148608600093441762e-03,7.574318474741030816e-01,6.510329161832318912e-01,-2.426102853700182194e-01,-1.097164012633411317e-01,6.564929428431366676e-02,7.712944795290556099e-01,-7.231660032570366159e-01,1.542667933685226422e-01,-4.564383374846671115e-01,-3.002354654780311494e-01,-2.627731643584539367e-01,9.245295364338540489e-01,-2.073706251997388117e-01,-5.195208576875481876e-02,-1.065205612697321669e-01,0.000000000000000000e+00,0.000000000000000000e+00,-1.520751994364889281e+00,6.177760862003399689e-01,-5.743707923274773419e-01,2.232438925491650461e-01,0.000000000000000000e+00,0.000000000000000000e+00,0.000000000000000000e+00,-1.442815399955869271e+00,-5.754226017850064823e-01,6.627395749110970291e-01,1.486830204769853427e-02,0.000000000000000000e+00,0.000000000000000000e+00,0.000000000000000000e+00
1.068371430911427972e-02,-5.932882488811974664e-01,8.794677003146369465e-01,5.098038246305534177e-02,-5.782365740887445392e-03,7.560834527744575428e-01,6.524610159166702728e-01,-2.462773683032601080e-01,-1.083355897174279742e-01,7.173867648814724607e-02,7.649584592163590768e-01,-7.159266881445551789e-01,1.583472224035400167e-01,-4.337709905852349945e-01,-3.075991455569000443e-01,-2.535707619396453394e-01,9.586903171502425547e-01,-2.156896190702360383e-01,-5.761054158868664926e-02,-9.932706528431559101e-02,0.000000000000000000e+00,0.000000000000000000e+00,-1.515688133673949389e+00,6.142636247079363843e-01,-5.621718964380497674e-01,2.034587830169838629e-01,0.000000000000000000e+00,0.000000000000000000e+00,0.000000000000000000e+00,-1.432745106161635862e+00,-5.660864370100373577e-01,6.551177506229463043e-01,-4.899646523143541196e-03,0.000000000000000000e+00,0.000000000000000000e+00,0.000000000000000000e+00
1.127675850818168381e-02,-6.013582818135062569e-01,8.797864820301887212e-01,5.187504894404390554e-02,-6.518125888225353125e-03,7.536086026976697161e-01,6.552408467670673975e-01,-2.514448825068713589e-01,-1.067597859756507506e-01,7.709402732470460595e-02,7.601601383052104532e-01,-7.163178788713746581e-01,1.584256326518630187e-01,-4.059282947633579552e-01,-3.102183975226013857e-01,-2.495691477051869001e-01,9.633054745997585711e-01,-2.149309398095811952e-01,-5.592050927447017594e-02,-9.019743683145350910e-02,0.000000000000000000e+00,0.000000000000000000e+00,-1.514153784124973035e+00,6.131410945649091726e-01,-5.479856561290750161e-01,1.923400617329823481e-01,0.000000000000000000e+00,0.000000000000000000e+00,0.000000000000000000e+00,-1.429275053399169160e+00,-5.643485565746136912e-01,6.513806486677041763e-01,-1.860813303995535739e-02,0.000000000000000000e+00,0.000000000000000000e+00,0.000000000000000000e+00
1.211249082535491815e-02,-6.088607002794896861e-01,8.798335757062777374e-01,5.368849826749193949e-02,-5.881466301419593402e-03,7.519259776644856563e-01,6.570314129638198386e-01,-2.567551498560661782e-01,-1.084853083943493612e-01,8.330500247659128332e-02,7.543485778405973896e-01,-7.121365054775571357e-01,1.612940446966310837e-01,-3.772726509840360620e-01,-3.119165029412199752e-01,-2.431651229731361386e-01,9.604919665165368992e-01,-2.104528220515429204e-01,-5.051722730647223436e-02,-7.943269071949539406e-02,0.000000000000000000e+00,0.000000000000000000e+00,-1.512822390376640236e+00,6.112751799609090764e-01,-5.437458264667882624e-01,1.781782229650159255e-01,0.000000000000000000e+00,0.000000000000000000e+00,0.000000000000000000e+00,-1.426026758813509598e+00,-5.590012746039551006e-01,6.490182658626717505e-01,-3.560902940851712328e-02,0.000000000000000000e+00,0.000000000000000000e+00,0.000000000000000000e+00
1.319941853311191494e-02,-6.161266926130509747e-01,8.796874578531099775e-01,5.654910919880677678e-02,-6.824710423625528211e-03,7.495547129629849259e-01,6.594871900586333213e-01,-2.595657658451146488e-01,-1.078273268990087158e-01,9.024145017861637252e-02,7.519779868964350245e-01,-7.040239942603344625e-01,1.617165102158094891e-01,-3.523234208470185091e-01,-3.157207372462003114e-01,-2.400284968849763778e-01,9.613607049421166728e-01,-2.064529316879174792e-01,-4.615190814124707497e-02,-6.789216831904386351e-02,0.000000000000000000e+00,0.000000000000000000e+00,-1.511377434063442937e+00,6.097785538199137489e-01,-5.363967343278505107e-01,1.687384510446149621e-01,0.000000000000000000e+00,0.000000000000000000e+00,0.000000000000000000e+00,-1.422828973736547375e+00,-5.570564481757815933e-01,6.476327680636055906e-01,-4.528655327254849094e-02,0.000000000000000000e+00,0.000000000000000000e+00,0.000000000000000000e+00
1.439652537027310414e-02,-6.226463390563401479e-01,8.797833622882289539e-01,5.757950689103785713e-02,-7.091995707942480923e-03,7.464329128027550331e-01,6.629270025182695258e-01,-2.645335911658210915e-01,-1.067291104634783966e-01,9.445026737194250899e-02,7.488755688494993512e-01,-7.001154462561981484e-01,1.656919602567099858e-01,-3.277472586031451862e-01,-3.073422890564709853e-01,-2.258427517145942809e-01,9.511037759014012716e-01,-2.090619620380524402e-01,-3.691318904923399785e-02,-5.775015395469926260e-02,0.000000000000000000e+00,0.000000000000000000e+00,-1.510965880798733174e+00,6.100255243188464904e-01,-5.284646032163153873e-01,1.587410819783241778e-01,0.000000000000000000e+00,0.000000000000000000e+00,0.000000000000000000e+00,-1.419267535618355058e+00,-5.505094016983664851e-01,6.494615893503035142e-01,-5.515126112282541654e-02,0.000000000000000000e+00,0.000000000000000000e+00,0.000000000000000000e+00
1.586750200653217965e-02,-6.288296862410515109e-01,8.802286982687987926e-01,5.929954508221860210e-02,-8.659809297068360445e-03,7.434159847777039865e-01,6.661390584802666659e-01,-2.662690525822616339e-01,-1.009644179445290252e-01,1.024694703288618891e-01,7.457022939358711744e-01,-6.900042637912512378e-01,1.642655690839789628e-01,-3.072408551171657010e-01,-2.999952752330208305e-01,-2.145566026883984900e-01,9.386797822165816596e-01,-2.144612287211977997e-01,-2.947096192059055556e-02,-4.941938987267088107e-02,0.000000000000000000e+00,0.000000000000000000e+00,-1.506915167887080464e+00,6.049953145357965800e-01,-5.174591986657987031e-01,1.528824550989169029e-01,0.000000000000000000e+00,0.000000000000000000e+00,0.000000000000000000e+00,-1.414717494664468500e+00,-5.407350746817199960e-01,6.460458077737001314e-01,-6.263962006687380513e-02,0.000000000000000000e+00,0.000000000000000000e+00,0.000000000000000000e+00
1.750563506040267794e-02,-6.341512671759423903e-01,8.804224987330162566e-01,6.006200306230139591e-02,-8.176717799975828649e-03,7.406243697922352265e-01,6.691795274393986803e-01,-2.703931454419320479e-01,-9.836236374961573881e-02,1.077565119210104894e-01,7.410427541506424687e-01,-6.857869700578085315e-01,1.605656086814626071e-01,-2.842623541493649042e-01,-2.914654758625659925e-01,-2.075541009841239126e-01,9.062669298206501578e-01,-2.224316767183231736e-01,-1.592345644408914990e-02,-3.968748413718946322e-02,0.000000000000000000e+00,0.000000000000000000e+00,-1.502627297637711745e+00,6.024071440158493829e-01,-5.093504862510930264e-01,1.510703006064834930e-01,0.000000000000000000e+00,0.000000000000000000e+00,0.000000000000000000e+00,-1.410575282091680149e+00,-5.368359415220116393e-01,6.436534911123686920e-01,-7.137793395981154032e-02,0.000000000000000000e+00,0.000000000000000000e+00,0.000000000000000000e+00
1.927701895256269879e-02,-6.390417305446564056e-01,8.809339076052065121e-01,6.165834206077671492e-02,-8.141134563785606265e-03,7.361721644887538885e-01,6.739306455521019146e-01,-2.704652388042051991e-01,-9.267035280522831209e-02,1.190595896589592417e-01,7.338105402807928446e-01,-6.777048341660019126e-01,1.567257261662396983e-01,-2.671075271088038661e-01,-2.857971384431812756e-01,-2.081783065145126899e-01,8.793482638109622052e-01,-2.400029275698498665e-01,-6.627743693342539807e-03,-2.877755943028913882e-02,0.000000000000000000e+00,0.000000000000000000e+00,-1.492795527983445503e+00,6.056847341567032084e-01,-5.044922279017306499e-01,1.494881141409633574e-01,0.000000000000000000e+00,0.000000000000000000e+00,0.000000000000000000e+00,-1.404024713436168526e+00,-5.354731983666020101e-01,6.407706280912190966e-01,-7.742162366348730174e-02,0.000000000000000000e+00,0.000000000000000000e+00,0.000000000000000000e+00
2.100490532004300678e-02,-6.431941995952893398e-01,8.818932919074016219e-01,6.129028118373385653e-02,-9.016404213989004032e-03,7.346655217218216460e-01,6.755951280764771472e-01,-2.720321647476955373e-01,-8.545003466598585784e-02,1.231615325750306800e-01,7.276426121277905779e-01,-6.711921053502196699e-01,1.499579348182196181e-01,-2.531452725386363900e-01,-2.731398825610757419e-01,-1.983255912810606703e-01,8.493423886593738370e-01,-2.730346923697670181e-01,5.145185112930109744e-03,-2.077368776678089821e-02,0.000000000000000000e+00,0.000000000000000000e+00,-1.484925490753691069e+00,5.985693504929268105e-01,-4.985991485771507636e-01,1.466893438543422079e-01,0.000000000000000000e+00,0.000000000000000000e+00,0.000000000000000000e+00,-1.396454864993412537e+00,-5.329126863496990163e-01,6.344207173226801277e-01,-8.479438326919266911e-02,0.000000000000000000e+00,0.000000000000000000e+00,0.000000000000000000e+00
2.267436219253765248e-02,-6.465565667897181790e-01,8.833589943186077598e-01,5.997007660807671808e-02,-8.415130489658058724e-03,7.318625683374655466e-01,6.787561834392016324e-01,-2.724162765355168658e-01,-8.048381783875412088e-02,1.256248465950116633e-01,7.147722756234182739e-01,-6.680720734397562754e-01,1.450077669066802410e-01,-2.348192787792764968e-01,-2.633624622825316841e-01,-1.989228684495673583e-01,8.047043887122620198e-01,-3.069693251218494345e-01,1.633097089423953333e-02,-8.304140104301603598e-03,0.000000000000000000e+00,0.000000000000000000e+00,-1.478585977206845925e+00,5.927346805011937114e-01,-4.971315178820237546e-01,1.467652941315022719e-01,0.000000000000000000e+00,0.000000000000000000e+00,0.000000000000000000e+00,-1.393586085859503720e+00,-5.321412915592881321e-01,6.359003968536334206e-01,-9.322239687382624651e-02,0.000000000000000000e+00,0.000000000000000000e+00,0.000000000000000000e+00
2.416100383206847002e-02,-6.497447093253602146e-01,8.850927596837167011e-01,5.868589037935382363e-02,-1.008253379169830183e-02,7.311751443252197946e-01,6.795860630587673423e-01,-2.719902279764395137e-01,-7.313454045933256986e-02,1.246357439133114198e-01,7.057044814028525792e-01,-6.575782011782964620e-01,1.384788164902948648e-01,-2.251278681270398596e-01,-2.444740002008704005e-01,-1.848836718547051117e-01,7.771091242846039915e-01,-3.256996389844900586e-01,2.633723573567068113e-02,-7.633687515256441791e-03,0.000000000000000000e+00,0.000000000000000000e+00,-1.469145576124769814e+00,5.846329227191039424e-01,-4.862443452100083663e-01,1.409482989929986552e-01,0.000000000000000000e+00,0.000000000000000000e+00,0.000000000000000000e+00,-1.382089971008170437e+00,-5.267064343015666061e-01,6.295834641341906401e-01,-9.778638024382932392e-02,0.000000000000000000e+00,0.000000000000000000e+00,0.000000000000000000e+00
2.574207667797982074e-02,-6.525870135513863746e-01,8.856435873812317228e-01,5.735453170794947708e-02,-1.124346959449961172e-02,7.299780397417638955e-01,6.809670356036406913e-01,-2.749796300677588845e-01,-6.317642320804016387e-02,1.302318139134166497e-01,7.047747749005414120e-01,-6.547996761736252225e-01,1.364745294053627545e-01,-2.176201691033953778e-01,-2.274345034229464102e-01,-1.739783554729399939e-01,7.639399351166163976e-01,-3.730419960545638403e-01,2.814380700741515168e-02,-3.923169475948468793e-03,0.000000000000000000e+00,0.000000000000000000e+00,-1.460647472339698494e+00,5.803680797619811260e-01,-4.834477797436706470e-01,1.314899152953313277e-01,0.000000000000000000e+00,0.000000000000000000e+00,0.000000000000000000e+00,-1.373561608282328317e+00,-5.239545421964711958e-01,6.200461314671358304e-01,-1.089565933297573369e-01,0.000000000000000000e+00,0.000000000000000000e+00,0.000000000000000000e+00
2.755956511542698509e-02,-6.553609520549390499e-01,8.854909547478546639e-01,5.710899016602268702e-02,-1.312260869058055196e-02,7.275937999645087917e-01,6.835010041225810795e-01,-2.779587758730913127e-01,-5.369795735142614268e-02,1.342920985216860541e-01,7.098703700286392859e-01,-6.532263459041073306e-01,1.340123486916788009e-01,-2.102531217828702836e-01,-2.167775703905802098e-01,-1.722661012634156552e-01,7.522308214186583797e-01,-4.172917277147195625e-01,2.532440095682209416e-02,3.861458298711659479e-03,0.000000000000000000e+00,0.000000000000000000e+00,-1.452777537492503823e+00,5.754717672852118771e-01,-4.816815167088520089e-01,1.289180419355697993e-01,0.000000000000000000e+00,0.000000000000000000e+00,0.000000000000000000e+00,-1.367274266102592062e+00,-5.210791704673475300e-01,6.176981907679802708e-01,-1.154010575743963651e-01,0.000000000000000000e+00,0.000000000000000000e+00,0.000000000000000000e+00
2.945411172349533466e-02,-6.578766142740648526e-01,8.852697255394847975e-01,5.672939147190888404e-02,-1.359957408051660002e-02,7.262744120419462046e-01,6.849250368771607755e-01,-2.816634610092628166e-01,-4.793834368125731576e-02,1.357101113410859872e-01,7.119723981936224577e-01,-6.542225903993676983e-01,1.280313288732977672e-01,-2.104069029531135671e-01,-2.094891595052254807e-01,-1.697577088692410752e-01,7.500330781750662590e-01,-4.417924245604497591e-01,2.316657208600312115e-02,1.110356972622495927e-02,0.000000000000000000e+00,0.000000000000000000e+00,-1.446447176753260733e+00,5.707948786809343700e-01,-4.760944008907942449e-01,1.250782646905711226e-01,0.000000000000000000e+00,0.000000000000000000e+00,0.000000000000000000e+00,-1.360681914294255668e+00,-5.152152137951783173e-01,6.081944436281866428e-01,-1.232169915401764848e-01,0.000000000000000000e+00,0.000000000000000000e+00,0.000000000000000000e+00
3.134942571969065450e-02,-6.603806198657884430e-01,8.851166229482557712e-01,5.597409348525481110e-02,-1.444402120844973103e-02,7.246788080380563990e-01,6.866577723221188867e-01,-2.865867501522552652e-01,-4.042907714848563427e-02,1.372590161789832286e-01,7.161370808499754048e-01,-6.522289435332510044e-01,1.225398467085098836e-01,-2.095656902719676140e-01,-2.002957969803432492e-01,-1.665286688705930329e-01,7.452756976401239131e-01,-4.663105778557919412e-01,2.262170555313025230e-02,1.663057518721379816e-02,0.000000000000000000e+00,0.000000000000000000e+00,-1.437647911762635067e+00,5.651729704446392111e-01,-4.688986613047184115e-01,1.185242967572598949e-01,0.000000000000000000e+00,0.000000000000000000e+00,0.000000000000000000e+00,-1.351346840344483491e+00,-5.076369766655552951e-01,6.020397762864402313e-01,-1.290003993292551943e-01,0.000000000000000000e+00,0.000000000000000000e+00,0.000000000000000000e+00
3.347269110272020620e-02,-6.629235560858554033e-01,8.858965108877414618e-01,5.610377122732690403e-02,-1.522872465919459899e-02,7.236340540432210089e-01,6.877312037622681506e-01,-2.864359977879019081e-01,-3.438264001511440182e-02,1.392611340578423507e-01,7.115116515815113063e-01,-6.447443179642492472e-01,1.173072699067579938e-01,-2.062896977618525751e-01,-1.936922505658674187e-01,-1.663731240649077014e-01,7.372015807477027005e-01,-4.779858619218193549e-01,2.054325471831993516e-02,2.141980730416607331e-02,0.000000000000000000e+00,0.000000000000000000e+00,-1.423061085648885005e+00,5.484811269102579656e-01,-4.543575186066332039e-01,1.112460384826501336e-01,0.000000000000000000e+00,0.000000000000000000e+00,0.000000000000000000e+00,-1.337358739753436998e+00,-4.936806206857800028e-01,5.949334488193187553e-01,-1.392276667250363920e-01,0.000000000000000000e+00,0.000000000000000000e+00,0.000000000000000000e+00
3.549966336667409461e-02,-6.651971314539658620e-01,8.860285427455316665e-01,5.543873568281718067e-02,-1.561753187402250068e-02,7.224514086869857632e-01,6.890185783926615626e-01,-2.894310781700948909e-01,-2.761700683805799056e-02,1.419332048963518333e-01,7.117306717918717718e-01,-6.430237089530617123e-01,1.146920128564026392e-01,-2.057990489016443825e-01,-1.858821605792343734e-01,-1.637161544763152676e-01,7.314030971977637519e-01,-4.938292797426680480e-01,1.958637265057445662e-02,2.324125061866726127e-02,0.000000000000000000e+00,0.000000000000000000e+00,-1.413739956754917371e+00,5.424409832686996058e-01,-4.460487948133710079e-01,9.688466761869357624e-02,0.000000000000000000e+00,0.000000000000000000e+00,0.000000000000000000e+00,-1.328518015812193864e+00,-4.887861968689638514e-01,5.919836367916240238e-01,-1.501358563683140024e-01,0.000000000000000000e+00,0.000000000000000000e+00,0.000000000000000000e+00
3.760627340659580820e-02,-6.675263678204130802e-01,8.857033393562147028e-01,5.409339696057895858e-02,-1.661348870649578813e-02,7.222709890499732222e-01,6.892913134336147163e-01,-2.963932241931770961e-01,-1.971341707448238251e-02,1.409267600449604085e-01,7.181313052444545653e-01,-6.402626147957717340e-01,1.090216054395502648e-01,-2.064023664014417170e-01,-1.766024719921867880e-01,-1.622548122694860706e-01,7.276101068819671447e-01,-5.070344256363112923e-01,2.078480619992753228e-02,2.574571846183116436e-02,0.000000000000000000e+00,0.000000000000000000e+00,-1.406499717193741006e+00,5.353654205741131822e-01,-4.341442097002378153e-01,8.802416289283816753e-02,0.000000000000000000e+00,0.000000000000000000e+00,0.000000000000000000e+00,-1.317678764388648727e+00,-4.795158899635345584e-01,5.812856613506922621e-01,-1.558115603080917899e-01,0.000000000000000000e+00,0.000000000000000000e+00,0.000000000000000000e+00
3.992467388405851469e-02,-6.698559787022385636e-01,8.853578286975095635e-01,5.364436311108571748e-02,-1.830619126981506556e-02,7.214847053495198059e-01,6.901065030952218127e-01,-3.012943543101311294e-01,-1.004304976283518919e-02,1.424027753252789796e-01,7.251716179142673191e-01,-6.346487346947049524e-01,1.034106764632938685e-01,-2.045544217589741476e-01,-1.663689623647120752e-01,-1.601934350908543470e-01,7.238275085134150411e-01,-5.233327427492590056e-01,1.267945467274799592e-02,2.945949274459067069e-02,0.000000000000000000e+00,0.000000000000000000e+00,-1.397498074442865557e+00,5.302566781114220751e-01,-4.275102551179970622e-01,7.783282108828200319e-02,0.000000000000000000e+00,0.000000000000000000e+00,0.000000000000000000e+00,-1.309911528572811790e+00,-4.760847739165167680e-01,5.772876707292657894e-01,-1.644468659586056924e-01,0.000000000000000000e+00,0.000000000000000000e+00,0.000000000000000000e+00
4.225930959203358372e-02,-6.719624769509489060e-01,8.869011932735224590e-01,5.141909401763972154e-02,-1.879766620697444213e-02,7.208672122290545881e-01,6.909075096195492760e-01,-3.033240223488717913e-01,-1.538047156220186812e-03,1.414004925303325999e-01,7.173875514360532613e-01,-6.240345859339263557e-01,9.532721959733704564e-02,-1.990267110031653519e-01,-1.555703077852101934e-01,-1.613888756235831723e-01,7.029995858538472531e-01,-5.313369689934255291e-01,1.526894267451241009e-02,3.208543190886486290e-02,0.000000000000000000e+00,0.000000000000000000e+00,-1.390810637903389546e+00,5.235111304297882517e-01,-4.151798616388242547e-01,7.066336587223293053e-02,0.000000000000000000e+00,0.000000000000000000e+00,0.000000000000000000e+00,-1.301911631460874075e+00,-4.727203734408079727e-01,5.694989787748475640e-01,-1.761241486064153150e-01,0.000000000000000000e+00,0.000000000000000000e+00,0.000000000000000000e+00
4.479689174014089836e-02,-6.741257275432543938e-01,8.877575884814681295e-01,5.056395289684120081e-02,-1.998318919497690457e-02,7.211519129294735597e-01,6.906401938022466158e-01,-3.047514228652454804e-01,4.919115007400470807e-03,1.389153948362224222e-01,7.137526780168619300e-01,-6.150737458571068350e-01,9.426877670951655519e-02,-1.941484189823809992e-01,-1.462939334134559233e-01,-1.624258515058799590e-01,6.897227735970752338e-01,-5.351351939185712281e-01,1.267515125875742256e-02,3.706941878797799517e-02,0.000000000000000000e+00,0.000000000000000000e+00,-1.379028393465120406e+00,5.108871275260958855e-01,-4.049391874446456319e-01,6.429218301527071799e-02,0.000000000000000000e+00,0.000000000000000000e+00,0.000000000000000000e+00,-1.288950586681949950e+00,-4.692543408389388548e-01,5.657809306603808208e-01,-1.848630016043106838e-01,0.000000000000000000e+00,0.000000000000000000e+00,0.000000000000000000e+00
4.741038056465930739e-02,-6.762385852532273312e-01,8.882862804990798722e-01,4.953262553045511413e-02,-2.030399028449640653e-02,7.212626264064003756e-01,6.905899584673442781e-01,-3.076957720411382935e-01,1.216609293078827099e-02,1.394797119023608034e-01,7.105800904049326405e-01,-6.072353864372835863e-01,8.719097647642790050e-02,-1.914474129741473574e-01,-1.383262317950240128e-01,-1.631182356575365255e-01,6.787742597560155744e-01,-5.447980663679996560e-01,1.196875279807673061e-02,4.019218982575947785e-02,0.000000000000000000e+00,0.000000000000000000e+00,-1.369385874875159503e+00,5.005137480569333830e-01,-4.012560174691343629e-01,5.597504705270256453e-02,0.000000000000000000e+00,0.000000000000000000e+00,0.000000000000000000e+00,-1.275465135773365510e+00,-4.572477267546568025e-01,5.581495133015182963e-01,-1.926445361951557300e-01,0.000000000000000000e+00,0.000000000000000000e+00,0.000000000000000000e+00
5.017342767303220596e-02,-6.783432755408321801e-01,8.887646461739142634e-01,4.924111170384379288e-02,-2.089109164385912973e-02,7.211665624635511529e-01,6.906936110842506471e-01,-3.088998936577525556e-01,1.751231961484207844e-02,1.379220755252459907e-01,7.070628917679913084e-01,-6.004387609232151313e-01,8.344371026393933299e-02,-1.897702248989069918e-01,-1.313387588996073607e-01,-1.631007968423373033e-01,6.714998658753842387e-01,-5.472857377762235798e-01,1.049991863974328310e-02,4.152465831473599323e-02,0.000000000000000000e+00,0.000000000000000000e+00,-1.362374823617123587e+00,4.975564160477484177e-01,-3.960152848973522710e-01,4.727807706735177862e-02,0.000000000000000000e+00,0.000000000000000000e+00,0.000000000000000000e+00,-1.265381442521826161e+00,-4.527146473624734102e-01,5.523684444896034273e-01,-2.021980341567343464e-01,0.000000000000000000e+00,0.000000000000000000e+00,0.000000000000000000e+00
5.295920744274027619e-02,-6.805038892314344556e-01,8.895042166381300630e-01,4.820451767618948863e-02,-2.060247209619223835e-02,7.209175091357586940e-01,6.910353157694798520e-01,-3.109207545861860100e-01,2.382851871613888076e-02,1.386999732398391527e-01,7.007411981636149090e-01,-5.938791220245699387e-01,7.585234062094774188e-02,-1.885966681952322421e-01,-1.245032093038808824e-01,-1.638761435002982214e-01,6.604150687805174780e-01,-5.519450010455043687e-01,8.661548614706089666e-03,4.246798021592618905e-02,0.000000000000000000e+00,0.000000000000000000e+00,-1.357493991064485206e+00,4.922403060225439275e-01,-3.949336335865940573e-01,3.724266362824501381e-02,0.000000000000000000e+00,0.000000000000000000e+00,0.000000000000000000e+00,-1.262396341274691469e+00,-4.515534008674311761e-01,5.533437520211291760e-01,-2.139985969001000909e-01,0.000000000000000000e+00,0.000000000000000000e+00,0.000000000000000000e+00
5.591044116386297697e-02,-6.829773945498713861e-01,8.895915696566701891e-01,4.786119325685740666e-02,-2.161067729272328486e-02,7.216447303387623080e-01,6.902689099048822108e-01,-3.134509051981846373e-01,3.090892053014464291e-02,1.380689921872418346e-01,6.996862963625691823e-01,-5.878080737830538860e-01,6.912752053128416729e-02,-1.880170509205981444e-01,-1.177128125682809362e-01,-1.661099881111173238e-01,6.556787760710651725e-01,-5.522876423829661263e-01,5.642984451024784555e-03,4.455869301071003347e-02,0.000000000000000000e+00,0.000000000000000000e+00,-1.351083353845374369e+00,4.791323724337068213e-01,-3.876732879389570008e-01,3.563184393963220176e-02,0.000000000000000000e+00,0.000000000000000000e+00,0.000000000000000000e+00,-1.255311164320421780e+00,-4.475694547607343421e-01,5.512642620176980701e-01,-2.183220908405421601e-01,0.000000000000000000e+00,0.000000000000000000e+00,0.000000000000000000e+00
5.884610657225430863e-02,-6.853201906224863915e-01,8.897850024112309297e-01,4.720762147919855406e-02,-2.181652758352334992e-02,7.215082968284275422e-01,6.904500396163475440e-01,-3.169003223375892464e-01,3.616340278401811159e-02,1.362280299596215494e-01,6.979147435091072049e-01,-5.823694632513406466e-01,6.802002815703274419e-02,-1.896807908050004432e-01,-1.105265205383764021e-01,-1.651483089342395405e-01,6.517797482259872766e-01,-5.528151954711771898e-01,2.289723164411368653e-03,4.413894368660119250e-02,0.000000000000000000e+00,0.000000000000000000e+00,-1.346743423047255028e+00,4.724934286398912997e-01,-3.827518912471463142e-01,2.696134490870353076e-02,0.000000000000000000e+00,0.000000000000000000e+00,0.000000000000000000e+00,-1.253152133245282851e+00,-4.518202020681015840e-01,5.546273604811492453e-01,-2.260977913493743829e-01,0.000000000000000000e+00,0.000000000000000000e+00,0.000000000000000000e+00
6.197852166301111299e-02,-6.880291746310249756e-01,8.893823964439420138e-01,4.734616612450590761e-02,-2.209404184767172277e-02,7.226779142994738114e-01,6.892073897252598558e-01,-3.211453687585265615e-01,4.089036692255720168e-02,1.351466249705904898e-01,6.984533904372229873e-01,-5.774255312116780559e-01,6.204258505189385459e-02,-1.946344795567130082e-01,-1.060081732811259392e-01,-1.656521665622104345e-01,6.559985623462940563e-01,-5.488456939245505151e-01,-3.014538240203050792e-03,4.386050841791709620e-02,0.000000000000000000e+00,0.000000000000000000e+00,-1.342745390721178156e+00,4.640104197365575445e-01,-3.773152402449533316e-01,2.247372302620487261e-02,0.000000000000000000e+00,0.000000000000000000e+00,0.000000000000000000e+00,-1.247491235282352839e+00,-4.451338957682464681e-01,5.548918573516499197e-01,-2.313099507555730905e-01,0.000000000000000000e+00,0.000000000000000000e+00,0.000000000000000000e+00
6.515304942650870790e-02,-6.907688199858657008e-01,8.890363719885602256e-01,4.719121269386655076e-02,-2.181719146027090786e-02,7.226575193558982813e-01,6.892482203964311882e-01,-3.262864582475910602e-01,4.357159797445479127e-02,1.307033399400865104e-01,6.987250596762543120e-01,-5.741198441481758508e-01,6.037273081319786266e-02,-1.988082906238315406e-01,-1.027086704751743601e-01,-1.686904354797757466e-01,6.572227688020941816e-01,-5.523921520978093413e-01,-6.687462761501538830e-03,4.635161732206621865e-02,0.000000000000000000e+00,0.000000000000000000e+00,-1.339850609195005093e+00,4.566186474985980404e-01,-3.719779058485435108e-01,2.098918132785667842e-02,0.000000000000000000e+00,0.000000000000000000e+00,0.000000000000000000e+00,-1.243936059763509405e+00,-4.414762817252524396e-01,5.528739982321072555e-01,-2.356710146250422799e-01,0.000000000000000000e+00,0.000000000000000000e+00,0.000000000000000000e+00
6.830935389925153756e-02,-6.936698027858201332e-01,8.884966432871137521e-01,4.668252380659913131e-02,-2.212586236120704999e-02,7.233962366214288231e-01,6.884976928267608765e-01,-3.333825400144762585e-01,4.988493518370343272e-02,1.293160114913997349e-01,7.018684769146465996e-01,-5.658575679436101957e-01,5.392890092799806911e-02,-2.035074567494490061e-01,-9.592275785459210280e-02,-1.677211192028765230e-01,6.590800768063462822e-01,-5.547764850774155043e-01,-1.032475422107449921e-02,4.593594803217749406e-02,0.000000000000000000e+00,0.000000000000000000e+00,-1.332551213889757058e+00,4.414191685867864812e-01,-3.627028194902851554e-01,1.397909042736621490e-02,0.000000000000000000e+00,0.000000000000000000e+00,0.000000000000000000e+00,-1.234953789894289278e+00,-4.360636503771410100e-01,5.508574889329095337e-01,-2.417803040683285665e-01,0.000000000000000000e+00,0.000000000000000000e+00,0.000000000000000000e+00
7.150187370532684605e-02,-6.966019884854666167e-01,8.878819671624635923e-01,4.645366862035302247e-02,-2.194738271944973382e-02,7.247927340285771347e-01,6.870486604039457434e-01,-3.403976342752962903e-01,5.158194646040063086e-02,1.225292977106075543e-01,7.037542623368453487e-01,-5.617753024905061121e-01,4.977789900810197787e-02,-2.081355609723455624e-01,-9.219104122562161996e-02,-1.701720939353806306e-01,6.612435797594030662e-01,-5.592256719957894306e-01,-1.353965465433890070e-02,4.667633495730136306e-02,0.000000000000000000e+00,0.000000000000000000e+00,-1.326900178697589583e+00,4.306770720717092993e-01,-3.589756391814607484e-01,9.068232757237486980e-03,0.000000000000000000e+00,0.000000000000000000e+00,0.000000000000000000e+00,-1.225173226426406803e+00,-4.276618251410681526e-01,5.449143173575015098e-01,-2.471418375800306377e-01,0.000000000000000000e+00,0.000000000000000000e+00,0.000000000000000000e+00
7.453138948615144199e-02,-6.995618830991701120e-01,8.873683733024068099e-01,4.603988789105525892e-02,-2.142644699991273424e-02,7.256382422007144894e-01,6.861999544941661533e-01,-3.457816270409198034e-01,5.653692009609032065e-02,1.232036343999219352e-01,7.023111019010539469e-01,-5.591653045687025037e-01,4.272668576325813067e-02,-2.156446982108947974e-01,-8.733011706688004194e-02,-1.685713288447854286e-01,6.654354868361626041e-01,-5.587437003925669332e-01,-1.852506439740928684e-02,4.346387289226015527e-02,0.000000000000000000e+00,0.000000000000000000e+00,-1.321501655938106534e+00,4.218612059906326484e-01,-3.537582881968871495e-01,2.351707217202052974e-03,0.000000000000000000e+00,0.000000000000000000e+00,0.000000000000000000e+00,-1.217278966646193838e+00,-4.219233465208335754e-01,5.442954291398903743e-01,-2.541225848791063280e-01,0.000000000000000000e+00,0.000000000000000000e+00,0.000000000000000000e+00
7.733245494915534646e-02,-7.023753773413083934e-01,8.879348628678204181e-01,4.410250926899394325e-02,-2.017818434478484829e-02,7.263115922082336029e-01,6.856524488227737635e-01,-3.514387772510156882e-01,6.011328805433033273e-02,1.199981442615039029e-01,6.944123421759319514e-01,-5.524837145433274532e-01,3.712200731385127683e-02,-2.192134970518320181e-01,-8.191382472345105914e-02,-1.700719190061468766e-01,6.555214087554945834e-01,-5.594899241548445534e-01,-1.611907247686191619e-02,4.116186509559885409e-02,0.000000000000000000e+00,0.000000000000000000e+00,-1.320737536827552461e+00,4.169700487567838398e-01,-3.512171485696443107e-01,-5.659989172616352454e-03,0.000000000000000000e+00,0.000000000000000000e+00,0.000000000000000000e+00,-1.212414316025055561e+00,-4.136231121796644095e-01,5.391043401376222066e-01,-2.616383782808724412e-01,0.000000000000000000e+00,0.000000000000000000e+00,0.000000000000000000e+00
8.022739851044337345e-02,-7.054186776685148486e-01,8.882753608611930751e-01,4.378393928489749537e-02,-1.907816750236774814e-02,7.271780997065631080e-01,6.847853689241608643e-01,-3.543569199952110171e-01,6.183813592043332225e-02,1.184287017891380300e-01,6.860165283490057275e-01,-5.445119182181764605e-01,3.248612979792037808e-02,-2.240267568136376786e-01,-7.960527640607231725e-02,-1.715550319088493536e-01,6.521119369643046948e-01,-5.537317410236015647e-01,-1.860250111558529179e-02,4.048738513130056837e-02,0.000000000000000000e+00,0.000000000000000000e+00,-1.317470545715134334e+00,4.107301915343730681e-01,-3.486826606497912540e-01,-9.314464689036889775e-03,0.000000000000000000e+00,0.000000000000000000e+00,0.000000000000000000e+00,-1.208018810757630845e+00,-4.075976744359815496e-01,5.388981261153531488e-01,-2.693007551046486814e-01,0.000000000000000000e+00,0.000000000000000000e+00,0.000000000000000000e+00
8.275399049130513496e-02,-7.085295684025878504e-01,8.891007340246153134e-01,4.298929559556979862e-02,-1.839233850889899005e-02,7.272919279524411307e-01,6.847335933657638929e-01,-3.564517984883617263e-01,6.618976426648838507e-02,1.191051648839768773e-01,6.758894125639398620e-01,-5.312619911012474994e-01,2.583911474345441592e-02,-2.258942161670312032e-01,-7.559400665089850702e-02,-1.729946456736505267e-01,6.418463308559760883e-01,-5.480584373719940006e-01,-2.015274489645625666e-02,4.104201825360982714e-02,0.000000000000000000e+00,0.000000000000000000e+00,-1.313368449909086300e+00,4.033258677529047986e-01,-3.463115690269552571e-01,-1.218757156585870485e-02,0.000000000000000000e+00,0.000000000000000000e+00,0.000000000000000000e+00,-1.205733685618997963e+00,-4.072091181460342768e-01,5.410068477612584026e-01,-2.764440916437302942e-01,0.000000000000000000e+00,0.000000000000000000e+00,0.000000000000000000e+00
8.525587132203533980e-02,-7.116770210824346909e-01,8.898802618618290028e-01,4.203530747989669275e-02,-1.800354497803603737e-02,7.286375674573156713e-01,6.833712026294198605e-01,-3.579405137883544530e-01,6.959783165021876661e-02,1.178192314013003505e-01,6.641250234576793199e-01,-5.210120863159616311e-01,2.258613315503538860e-02,-2.281851671899566281e-01,-7.186013298500845692e-02,-1.757623244783896310e-01,6.328777166923850173e-01,-5.378846432844683889e-01,-2.027768819962843388e-02,4.216345643577711078e-02,0.000000000000000000e+00,0.000000000000000000e+00,-1.310920063370089705e+00,3.902744428560934176e-01,-3.375091870421456641e-01,-1.582793683789653419e-02,0.000000000000000000e+00,0.000000000000000000e+00,0.000000000000000000e+00,-1.196668590578384705e+00,-3.989757220689641448e-01,5.371838598156997158e-01,-2.832679555825559081e-01,0.000000000000000000e+00,0.000000000000000000e+00,0.000000000000000000e+00
8.747126246760258961e-02,-7.149293704924029047e-01,8.905893522135291951e-01,4.095089948128276258e-02,-1.742075359606484741e-02,7.298073058193478291e-01,6.822029298885511350e-01,-3.588142664455082897e-01,7.210476795950607198e-02,1.156059307757351662e-01,6.505186732110909142e-01,-5.139847399017890561e-01,1.509840927052232516e-02,-2.302681609617437952e-01,-6.908003016619178316e-02,-1.799249835898194538e-01,6.229645025434554784e-01,-5.304750745068894657e-01,-2.159382315531532121e-02,3.907343879283815824e-02,0.000000000000000000e+00,0.000000000000000000e+00,-1.306227572282511629e+00,3.806664652323982767e-01,-3.310621944987614529e-01,-2.142380958880007319e-02,0.000000000000000000e+00,0.000000000000000000e+00,0.000000000000000000e+00,-1.190971075967045323e+00,-3.961857659434041001e-01,5.360619037786192864e-01,-2.898710248746197427e-01,0.000000000000000000e+00,0.000000000000000000e+00,0.000000000000000000e+00
8.984152666097910966e-02,-7.181424185022948770e-01,8.924060321390431261e-01,4.053019672133604395e-02,-1.573487864880754317e-02,7.315294019963987093e-01,6.804222591614916826e-01,-3.545845950723111040e-01,7.162687064286904493e-02,1.155258148269027174e-01,6.247029189367127033e-01,-4.956219989125313363e-01,4.439578587618107398e-03,-2.295546305303713119e-01,-6.693214366605254595e-02,-1.805396638170838897e-01,6.044685128938950269e-01,-5.165109495520047167e-01,-2.242262177249300728e-02,3.676072663910713578e-02,0.000000000000000000e+00,0.000000000000000000e+00,-1.309381769616802638e+00,3.796700021510922007e-01,-3.340736257594374981e-01,-2.006287686972578477e-02,0.000000000000000000e+00,0.000000000000000000e+00,0.000000000000000000e+00,-1.190864371120789356e+00,-3.966547498112922288e-01,5.431142619131387184e-01,-2.939773201503422251e-01,0.000000000000000000e+00,0.000000000000000000e+00,0.000000000000000000e+00
9.179897020738674029e-02,-7.214527042575273885e-01,8.922592529319942622e-01,4.159202976728182399e-02,-1.584619572078797486e-02,7.321784789474752309e-01,6.796570282923422024e-01,-3.531766376150133890e-01,7.315113387775562526e-02,1.156601343281151301e-01,6.179287576464889131e-01,-4.934811578942613908e-01,1.268118302687191654e-03,-2.320177349750000839e-01,-6.741456486071319143e-02,-1.832375580498383505e-01,6.051020210448790904e-01,-5.138228556094109889e-01,-2.500322594181223629e-02,3.370032678635737078e-02,0.000000000000000000e+00,0.000000000000000000e+00,-1.306890711632055613e+00,3.858463593281178938e-01,-3.334182742079894179e-01,-2.652273472175892266e-02,0.000000000000000000e+00,0.000000000000000000e+00,0.000000000000000000e+00,-1.190440301474190887e+00,-4.023842531525277377e-01,5.420200803016418378e-01,-2.949086807401572474e-01,0.000000000000000000e+00,0.000000000000000000e+00,0.000000000000000000e+00
9.379238464724240498e-02,-7.248381355605642007e-01,8.922539921739248703e-01,4.225785599945849902e-02,-1.573902104803474866e-02,7.341110254703353544e-01,6.775304857389599089e-01,-3.539758937969148533e-01,7.382517088085679968e-02,1.137887678568243327e-01,6.116848429470091997e-01,-4.845931581097881469e-01,-4.881567034554660199e-03,-2.344870262731410526e-01,-6.750462241665501628e-02,-1.859441609752875424e-01,6.036767836083700711e-01,-5.109704395424262691e-01,-2.627847330321703839e-02,3.486581232453121737e-02,0.000000000000000000e+00,0.000000000000000000e+00,-1.306078099625683331e+00,3.828049669961672841e-01,-3.383797131359547183e-01,-2.749966476262365872e-02,0.000000000000000000e+00,0.000000000000000000e+00,0.000000000000000000e+00,-1.187180715216651805e+00,-4.010678293229159030e-01,5.404515632210824538e-01,-2.989660228327060687e-01,0.000000000000000000e+00,0.000000000000000000e+00,0.000000000000000000e+00
9.543330960357096493e-02,-7.281176327101608337e-01,8.932843434122684778e-01,4.135602769907372606e-02,-1.505083747893499503e-02,7.349135506429697040e-01,6.767312792722672832e-01,-3.533733915915841517e-01,7.667819221448862743e-02,1.135120806413048161e-01,5.989163365037670772e-01,-4.738245116472075691e-01,-9.979116306595299177e-03,-2.353051741669376362e-01,-6.562672980991449134e-02,-1.889627618567559231e-01,5.910009999538702319e-01,-5.021877888857120276e-01,-2.375560001004731192e-02,3.304883492977021830e-02,0.000000000000000000e+00,0.000000000000000000e+00,-1.306503091608291811e+00,3.746744363947340228e-01,-3.313344260534621943e-01,-3.193439825610821375e-02,0.000000000000000000e+00,0.000000000000000000e+00,0.000000000000000000e+00,-1.184114241421269975e+00,-3.956510429932396100e-01,5.347517625007307540e-01,-3.063965536382043942e-01,0.000000000000000000e+00,0.000000000000000000e+00,0.000000000000000000e+00
9.704502091588154689e-02,-7.317127399144652822e-01,8.929124609761504017e-01,4.171980614239049340e-02,-1.518326364855876291e-02,7.367923486229822627e-01,6.746598856394604438e-01,-3.538310454185129017e-01,7.906790188031022348e-02,1.121540619379916837e-01,5.955614068103241010e-01,-4.716898380698483773e-01,-1.328720860158563895e-02,-2.394620884939776262e-01,-6.428991457886445993e-02,-1.892017586926716954e-01,5.914948497541200334e-01,-4.987312900822079009e-01,-2.826531837141606218e-02,3.101939544396915133e-02,0.000000000000000000e+00,0.000000000000000000e+00,-1.307879648326077282e+00,3.781159534475181383e-01,-3.350700943484148930e-01,-3.298552331292847750e-02,0.000000000000000000e+00,0.000000000000000000e+00,0.000000000000000000e+00,-1.183051165140276639e+00,-3.986182234784383382e-01,5.335532899515567085e-01,-3.088110199439410009e-01,0.000000000000000000e+00,0.000000000000000000e+00,0.000000000000000000e+00
9.846066230708315492e-02,-7.352002778303389219e-01,8.934182174093989737e-01,4.197303356317687306e-02,-1.497863914298630354e-02,7.377463436960621790e-01,6.736054016900552277e-01,-3.525582687392446180e-01,8.339926636081468336e-02,1.151777927878465668e-01,5.909944545885011946e-01,-4.622329619504078613e-01,-1.769741250407337943e-02,-2.419093499025161687e-01,-6.442161948752969658e-02,-1.909220582667164323e-01,5.859667144159037555e-01,-4.877784035278269759e-01,-2.508626009083511632e-02,2.882374219370767432e-02,0.000000000000000000e+00,0.000000000000000000e+00,-1.311435381967608782e+00,3.786357554550334736e-01,-3.375312321661381731e-01,-3.502608352978960060e-02,0.000000000000000000e+00,0.000000000000000000e+00,0.000000000000000000e+00,-1.181042626367389659e+00,-3.937569389319746094e-01,5.284210160527865741e-01,-3.141216794690313563e-01,0.000000000000000000e+00,0.000000000000000000e+00,0.000000000000000000e+00
9.990569379515908122e-02,-7.387441536415159105e-01,8.945100148865757772e-01,4.221737176216892873e-02,-1.496303705795529876e-02,7.385862399908479370e-01,6.726694337783446498e-01,-3.474322641787702670e-01,8.958566240178134077e-02,1.186560925340471723e-01,5.838733248935541464e-01,-4.523599663934588233e-01,-2.047266382854219177e-02,-2.404695716886079970e-01,-6.299782066296669147e-02,-1.925800409694068960e-01,5.730884502390382051e-01,-4.757574619007063910e-01,-2.606142676099686140e-02,2.798315476176439776e-02,0.000000000000000000e+00,0.000000000000000000e+00,-1.311891090781579505e+00,3.777747237143270764e-01,-3.343541865679081071e-01,-3.563839588893143867e-02,0.000000000000000000e+00,0.000000000000000000e+00,0.000000000000000000e+00,-1.184085976852826905e+00,-4.019616120087846634e-01,5.299976368240247870e-01,-3.196568367310432257e-01,0.000000000000000000e+00,0.000000000000000000e+00,0.000000000000000000e+00
1.011802078425722146e-01,-7.422749716755997484e-01,8.946411041801269892e-01,4.173750482278415497e-02,-1.437670615355294591e-02,7.397125990819346519e-01,6.714734259602470612e-01,-3.466997245338129807e-01,9.580035691465224601e-02,1.211859581359938931e-01,5.854302510723843334e-01,-4.534191630666724038e-01,-2.201990084042789592e-02,-2.443520505565044965e-01,-6.174991059503802393e-02,-1.928815843824237264e-01,5.675082916194433835e-01,-4.692975335399590664e-01,-2.677451989204519475e-02,2.450167682040176736e-02,0.000000000000000000e+00,0.000000000000000000e+00,-1.312640857495143587e+00,3.717148976477979705e-01,-3.261063908605346118e-01,-3.847234174564981291e-02,0.000000000000000000e+00,0.000000000000000000e+00,0.000000000000000000e+00,-1.182720678319090668e+00,-4.006179886518320687e-01,5.231043584116357170e-01,-3.228536547430414516e-01,0.000000000000000000e+00,0.000000000000000000e+00,0.000000000000000000e+00
1.024227329693135763e-01,-7.456499484330439964e-01,8.952120508929014564e-01,4.177456153292807839e-02,-1.384681118600255591e-02,7.413724307854407947e-01,6.696492146639148046e-01,-3.420401219050340780e-01,1.058122386797261533e-01,1.288090808892463635e-01,5.927315196986935320e-01,-4.539680062544056427e-01,-1.578855815660517789e-02,-2.457384603866775707e-01,-6.278972843007424309e-02,-1.968629399770899235e-01,5.599904544506674187e-01,-4.615048442990719590e-01,-2.847902141906897416e-02,1.998724894091403678e-02,0.000000000000000000e+00,0.000000000000000000e+00,-1.311589737353036078e+00,3.708049334863613988e-01,-3.267835294035027482e-01,-3.866566001547726283e-02,0.000000000000000000e+00,0.000000000000000000e+00,0.000000000000000000e+00,-1.185274082309732968e+00,-4.060488876620452214e-01,5.206199368569754959e-01,-3.260602456789733483e-01,0.000000000000000000e+00,0.000000000000000000e+00,0.000000000000000000e+00
1.037646714571482387e-01,-7.490194796432397828e-01,8.949908781339088737e-01,4.357208308137374558e-02,-1.350911499940458602e-02,7.424918073178651268e-01,6.683000025839693770e-01,-3.338865579573777609e-01,1.193468989063768138e-01,1.411170469041765074e-01,6.128160036740969430e-01,-4.635693231030619255e-01,-5.127146459548289140e-03,-2.482045718292532621e-01,-6.608440123847283965e-02,-1.987938543134648295e-01,5.612327325066774897e-01,-4.591530335242901550e-01,-3.127941632220102020e-02,1.948776716536594275e-02,0.000000000000000000e+00,0.000000000000000000e+00,-1.313389019490259324e+00,3.766443268907215813e-01,-3.295156518316714189e-01,-3.613451400557546322e-02,0.000000000000000000e+00,0.000000000000000000e+00,0.000000000000000000e+00,-1.187470341836261767e+00,-4.125707805267587180e-01,5.223955646944042908e-01,-3.293483341358738881e-01,0.000000000000000000e+00,0.000000000000000000e+00,0.000000000000000000e+00
1.046961130056703604e-01,-7.521264321334593106e-01,8.946767654236202905e-01,4.306208593660709044e-02,-1.299130827234687945e-02,7.433986101449858719e-01,6.673345406156233617e-01,-3.296170765864791519e-01,1.322202781482714751e-01,1.521774795245815493e-01,6.270387121287451793e-01,-4.783920916371108278e-01,1.161601385035377666e-03,-2.540742957474852459e-01,-6.642063352307890634e-02,-2.007445178817774400e-01,5.617444778003379824e-01,-4.566126734652425356e-01,-3.182638640428568644e-02,1.600657891682263564e-02,0.000000000000000000e+00,0.000000000000000000e+00,-1.312758516670505360e+00,3.691497869337670434e-01,-3.247837327934909313e-01,-3.931003974201931900e-02,0.000000000000000000e+00,0.000000000000000000e+00,0.000000000000000000e+00,-1.184800244545777259e+00,-4.090121523964344585e-01,5.182201091926603720e-01,-3.328100451966773954e-01,0.000000000000000000e+00,0.000000000000000000e+00,0.000000000000000000e+00
1.056424149809498253e-01,-7.551779498486397291e-01,8.942647442803114410e-01,4.471022793614650576e-02,-1.354086205267727300e-02,7.443932032023359291e-01,6.661053967646074492e-01,-3.203406908579386481e-01,1.405065550134762531e-01,1.572336773576497038e-01,6.446136384556374610e-01,-4.926386672498297425e-01,1.284390561458009089e-02,-2.556841590400598663e-01,-6.720828031452830142e-02,-2.003236562304566981e-01,5.642554718931621638e-01,-4.560099613502586191e-01,-3.787614521137087215e-02,1.216681779227103341e-02,0.000000000000000000e+00,0.000000000000000000e+00,-1.311706342937124514e+00,3.747059970033127518e-01,-3.264062293551919791e-01,-3.818707315011564407e-02,0.000000000000000000e+00,0.000000000000000000e+00,0.000000000000000000e+00,-1.188466026587276847e+00,-4.197706735476920969e-01,5.186393875726891256e-01,-3.323019390264124739e-01,0.000000000000000000e+00,0.000000000000000000e+00,0.000000000000000000e+00
1.062293692760114400e-01,-7.578416018692266665e-01,8.955106353851022272e-01,4.337746219052444202e-02,-1.358940657580122620e-02,7.454763736734070223e-01,6.649802253432617327e-01,-3.126888001966827701e-01,1.502369036855501772e-01,1.644491278085571107e-01,6.549414934119697218e-01,-4.938348938456508797e-01,1.817617746572581724e-02,-2.535297904831866345e-01,-6.201052343619380125e-02,-1.972737669175627095e-01,5.457439739008150825e-01,-4.430121675928244129e-01,-3.233557620303822988e-02,5.385017955097244971e-03,0.000000000000000000e+00,0.000000000000000000e+00,-1.314334123384965025e+00,3.723303828738058763e-01,-3.212238650812631602e-01,-3.783072016110007596e-02,0.000000000000000000e+00,0.000000000000000000e+00,0.000000000000000000e+00,-1.192740799787209482e+00,-4.200154880305687066e-01,5.156894995627533396e-01,-3.302633110880739409e-01,0.000000000000000000e+00,0.000000000000000000e+00,0.000000000000000000e+00
1.070152771921921986e-01,-7.606496726289568855e-01,8.948008641538052199e-01,4.416686128370825998e-02,-1.348523500833562899e-02,7.473415718098735949e-01,6.628333213152942660e-01,-3.033546628169154769e-01,1.616101783178319762e-01,1.744535321358193780e-01,6.760920162861706606e-01,-5.066572887397629010e-01,2.517060540197057703e-02,-2.579451234139542581e-01,-6.507723986235380842e-02,-1.997718378965306629e-01,5.509825206579807011e-01,-4.424979604566579017e-01,-3.348885219502117233e-02,1.460832490241004492e-03,0.000000000000000000e+00,0.000000000000000000e+00,-1.309259669417547789e+00,3.695627089177556668e-01,-3.208299776302199757e-01,-4.298864508388328814e-02,0.000000000000000000e+00,0.000000000000000000e+00,0.000000000000000000e+00,-1.186950554651549750e+00,-4.142508997153542816e-01,5.106688315753605822e-01,-3.330954688992274204e-01,0.000000000000000000e+00,0.000000000000000000e+00,0.000000000000000000e+00
1.075230713186816900e-01,-7.631943234366668216e-01,8.949892931776839422e-01,4.464895944934196143e-02,-1.415794959130987386e-02,7.479514109687787071e-01,6.620987159882391060e-01,-2.892357827240190637e-01,1.754685747805491969e-01,1.888232154412970432e-01,6.897125895536962981e-01,-5.098559002216207503e-01,3.141551769588051685e-02,-2.567608247313698522e-01,-6.417996374475511134e-02,-2.007432540126625198e-01,5.449903046959003738e-01,-4.388851864350837850e-01,-3.341796731493023448e-02,-2.876959774520421002e-03,0.000000000000000000e+00,0.000000000000000000e+00,-1.312710388659156457e+00,3.714805568451370887e-01,-3.209190243003028908e-01,-4.142742347450737578e-02,0.000000000000000000e+00,0.000000000000000000e+00,0.000000000000000000e+00,-1.190816571186432693e+00,-4.217990842404294449e-01,5.081820656805704495e-01,-3.321863311670500973e-01,0.000000000000000000e+00,0.000000000000000000e+00,0.000000000000000000e+00
1.080720433961382398e-01,-7.656281504451830644e-01,8.958122364732513665e-01,4.391671897558467597e-02,-1.426893630368464630e-02,7.492875399097083111e-01,6.606329554202081678e-01,-2.759474690571627198e-01,1.855585736758997573e-01,1.997159981350473124e-01,6.953467928769451190e-01,-5.149089405002419406e-01,3.431357210222082954e-02,-2.550423316042473298e-01,-6.234279579756487472e-02,-2.019200961671173133e-01,5.322127858438820969e-01,-4.287320308837221927e-01,-2.926198875850154896e-02,-7.600438893331117572e-03,0.000000000000000000e+00,0.000000000000000000e+00,-1.315686511297720074e+00,3.707885115334665360e-01,-3.190237126097153486e-01,-4.578988151545772961e-02,0.000000000000000000e+00,0.000000000000000000e+00,0.000000000000000000e+00,-1.190665537576393929e+00,-4.233393493594351242e-01,5.038010434510381552e-01,-3.361486249861864728e-01,0.000000000000000000e+00,0.000000000000000000e+00,0.000000000000000000e+00
1.087182848449107370e-01,-7.682492491823187386e-01,8.960127287255755801e-01,4.447904897427575055e-02,-1.530418212941201707e-02,7.503801018069528039e-01,6.593307963563367347e-01,-2.631976042115857228e-01,1.952474099398382457e-01,2.067799772324153684e-01,7.079080552321297404e-01,-5.174524287205993778e-01,3.757593854839599845e-02,-2.524777757172634307e-01,-6.093641886626147142e-02,-2.033231676060244797e-01,5.249618100505263341e-01,-4.227640896584494712e-01,-3.176164584765012872e-02,-1.395080870779414652e-02,0.000000000000000000e+00,0.000000000000000000e+00,-1.315003357946244122e+00,3.760673416389160306e-01,-3.211242501504270597e-01,-5.166257964533802621e-02,0.000000000000000000e+00,0.000000000000000000e+00,0.000000000000000000e+00,-1.195814034142703042e+00,-4.306521955316461314e-01,5.017084468003971676e-01,-3.361884757062982843e-01,0.000000000000000000e+00,0.000000000000000000e+00,0.000000000000000000e+00
1.095703055017780286e-01,-7.707614825063668906e-01,8.961341868565321223e-01,4.423791202706321701e-02,-1.552116863069265967e-02,7.516824689738352827e-01,6.578567977160553193e-01,-2.514039505425335053e-01,2.034973106624808903e-01,2.127645181182924172e-01,7.177399682868306208e-01,-5.199721167340140004e-01,4.068298973357747927e-02,-2.528447110500053330e-01,-5.962980467151183378e-02,-2.044275526963469924e-01,5.188424914588823933e-01,-4.184377673474541925e-01,-3.095171347201963047e-02,-1.744026170451440372e-02,0.000000000000000000e+00,0.000000000000000000e+00,-1.314886272662583844e+00,3.728256527068515847e-01,-3.157800624857947658e-01,-5.509823987255230843e-02,0.000000000000000000e+00,0.000000000000000000e+00,0.000000000000000000e+00,-1.197262263057480514e+00,-4.312391958263056546e-01,4.988974086644560879e-01,-3.390418053424511524e-01,0.000000000000000000e+00,0.000000000000000000e+00,0.000000000000000000e+00
1.103669469699125605e-01,-7.734594275338728675e-01,8.964523498888515851e-01,4.383198039818830827e-02,-1.634705607456246601e-02,7.531760488519675389e-01,6.561534658049185120e-01,-2.359834659836693160e-01,2.134876263541213848e-01,2.209165572107948672e-01,7.227575355265334345e-01,-5.196459318197118593e-01,3.875991615651865063e-02,-2.505189650527434031e-01,-5.838322729437778191e-02,-2.092852821469529112e-01,5.088361213443798325e-01,-4.114676598257240303e-01,-2.758269900451888745e-02,-2.307984005488515275e-02,0.000000000000000000e+00,0.000000000000000000e+00,-1.314922026027779411e+00,3.731247160172762034e-01,-3.125403300267506901e-01,-6.128613790136624995e-02,0.000000000000000000e+00,0.000000000000000000e+00,0.000000000000000000e+00,-1.201004064777143387e+00,-4.384336383722870489e-01,4.945204224679378702e-01,-3.427111925456112207e-01,0.000000000000000000e+00,0.000000000000000000e+00,0.000000000000000000e+00
1.115408550457447079e-01,-7.763952220594114717e-01,8.961066927717118435e-01,4.483616938140598529e-02,-1.614362830287836142e-02,7.546427258463905829e-01,6.544031307287198063e-01,-2.222866922618385865e-01,2.212848069452591215e-01,2.268542768573441060e-01,7.287844958501971115e-01,-5.199904430913762088e-01,3.866698554363703216e-02,-2.525501055502131220e-01,-6.106194704666546152e-02,-2.128823222559669270e-01,5.091296898484916067e-01,-4.106311387533070900e-01,-3.004343650013623079e-02,-2.716085642092723115e-02,0.000000000000000000e+00,0.000000000000000000e+00,-1.313837948131564293e+00,3.721569432759316842e-01,-3.137714213457354351e-01,-6.525671350246142755e-02,0.000000000000000000e+00,0.000000000000000000e+00,0.000000000000000000e+00,-1.200814613390808638e+00,-4.359637885960335191e-01,4.897357859720660733e-01,-3.455115338759195964e-01,0.000000000000000000e+00,0.000000000000000000e+00,0.000000000000000000e+00
1.127368749260726083e-01,-7.794403514623536866e-01,8.956087414659114065e-01,4.624596880443977015e-02,-1.748656654048956136e-02,7.559903797110074652e-01,6.527128588777540985e-01,-2.091841207968236083e-01,2.294265330217760690e-01,2.316798151959736374e-01,7.407709469491994270e-01,-5.106366501028291038e-01,3.846046781037411322e-02,-2.528778082414803730e-01,-6.167757761350461942e-02,-2.158364570637683055e-01,5.106064464394319824e-01,-4.070119409407778055e-01,-3.140127700557720364e-02,-3.159124203591341662e-02,0.000000000000000000e+00,0.000000000000000000e+00,-1.316561482191284105e+00,3.849994475276947714e-01,-3.228937858552604623e-01,-6.542184367072546858e-02,0.000000000000000000e+00,0.000000000000000000e+00,0.000000000000000000e+00,-1.205500826366551870e+00,-4.472357168393839011e-01,4.930835269059483106e-01,-3.434054719501396513e-01,0.000000000000000000e+00,0.000000000000000000e+00,0.000000000000000000e+00
1.139546126827813699e-01,-7.825447825708229388e-01,8.947194455695358650e-01,4.679962672670179985e-02,-1.810935286710845318e-02,7.575787498521121544e-01,6.508120189805094435e-01,-1.950488529210841204e-01,2.378790873762581803e-01,2.367225181838275572e-01,7.505467831585979077e-01,-5.021265414842992492e-01,3.952953698024815055e-02,-2.571522746611362154e-01,-6.223268160412226413e-02,-2.181624769008576603e-01,5.154366164986557974e-01,-4.067713192395876476e-01,-3.359749572940683854e-02,-3.606751198654111618e-02,0.000000000000000000e+00,0.000000000000000000e+00,-1.320259807852779410e+00,3.889789263890283122e-01,-3.254058081017475734e-01,-6.536933243336839894e-02,0.000000000000000000e+00,0.000000000000000000e+00,0.000000000000000000e+00,-1.209055716873701725e+00,-4.506153709872913748e-01,4.937434302431852329e-01,-3.419545743006430771e-01,0.000000000000000000e+00,0.000000000000000000e+00,0.000000000000000000e+00
1.150931383982571748e-01,-7.858231472203726087e-01,8.944480425998935225e-01,4.695074428928217719e-02,-1.896662499672151225e-02,7.594438194325873193e-01,6.485992444279906621e-01,-1.834818542734304725e-01,2.452872586458761384e-01,2.353506427997729133e-01,7.603250546795438103e-01,-4.898746751909729413e-01,3.577220431908902792e-02,-2.579757820532169177e-01,-6.166367704004817318e-02,-2.217434511440041778e-01,5.119518390279328424e-01,-4.026185457417785774e-01,-3.479942924063079979e-02,-4.239280898358369770e-02,0.000000000000000000e+00,0.000000000000000000e+00,-1.318871846652732271e+00,3.876605899252196230e-01,-3.241237122807510973e-01,-7.136919363667787453e-02,0.000000000000000000e+00,0.000000000000000000e+00,0.000000000000000000e+00,-1.212289412489673701e+00,-4.556634602483846663e-01,4.920844114646737433e-01,-3.434337564817878108e-01,0.000000000000000000e+00,0.000000000000000000e+00,0.000000000000000000e+00
1.161832067544273928e-01,-7.890665359405165669e-01,8.937930361800976442e-01,4.763322320871987703e-02,-2.060823556330756284e-02,7.612529834981953680e-01,6.463747146886335004e-01,-1.657423581665195267e-01,2.528968999580528121e-01,2.352725729821034117e-01,7.669335159864945073e-01,-4.744340639439160734e-01,3.122229368236695279e-02,-2.590015567845332933e-01,-6.065570103327586060e-02,-2.243437591246705831e-01,5.127577944135230936e-01,-3.979163173851620328e-01,-3.685216406221501761e-02,-4.747878157968723339e-02,0.000000000000000000e+00,0.000000000000000000e+00,-1.320808287428017369e+00,3.956915277778674245e-01,-3.227677191520053057e-01,-7.484637706595710649e-02,0.000000000000000000e+00,0.000000000000000000e+00,0.000000000000000000e+00,-1.214863179890027345e+00,-4.629968273997759343e-01,4.875116909274023191e-01,-3.455157041626932268e-01,0.000000000000000000e+00,0.000000000000000000e+00,0.000000000000000000e+00
1.172673453640582092e-01,-7.921314780662461752e-01,8.930268014135451793e-01,4.774553159132616242e-02,-2.195077705289794762e-02,7.636466681308117233e-01,6.434922640191922394e-01,-1.515385286601871606e-01,2.579294360683235254e-01,2.306974866139884783e-01,7.763288175889443421e-01,-4.536255497736906839e-01,2.741534954255917672e-02,-2.610192218094221084e-01,-6.039528141303186076e-02,-2.290532057243592212e-01,5.141013333971635735e-01,-3.949928499918249902e-01,-3.885681420762673172e-02,-5.238724232826483251e-02,0.000000000000000000e+00,0.000000000000000000e+00,-1.324167235734436066e+00,4.060109283006669845e-01,-3.306504932408504960e-01,-7.728220078969023910e-02,0.000000000000000000e+00,0.000000000000000000e+00,0.000000000000000000e+00,-1.220530278040030669e+00,-4.738253694260795013e-01,4.865595311644396181e-01,-3.495866811333587232e-01,0.000000000000000000e+00,0.000000000000000000e+00,0.000000000000000000e+00
1.182501412206494462e-01,-7.952695805055947087e-01,8.923581780055128698e-01,4.769447463129792425e-02,-2.326757049465724356e-02,7.651005148654516086e-01,6.417203903613643012e-01,-1.367005216770874887e-01,2.615175438542596265e-01,2.255602925737232867e-01,7.807592624886529054e-01,-4.340488605559752466e-01,2.378376402856321320e-02,-2.627728262809753135e-01,-5.936679873283492309e-02,-2.338567240879620701e-01,5.143652695169114164e-01,-3.937952073752051252e-01,-4.218764175823835894e-02,-5.520984225267636103e-02,0.000000000000000000e+00,0.000000000000000000e+00,-1.323807735822510434e+00,4.075421018919382354e-01,-3.322642067243669062e-01,-7.935542975821238687e-02,0.000000000000000000e+00,0.000000000000000000e+00,0.000000000000000000e+00,-1.225720064247106000e+00,-4.846682030857062951e-01,4.879547486530894651e-01,-3.520636624212230004e-01,0.000000000000000000e+00,0.000000000000000000e+00,0.000000000000000000e+00
1.190767431105172608e-01,-7.983371093617860348e-01,8.911162343746329428e-01,4.726964334234187715e-02,-2.391129276449223406e-02,7.668572655848073794e-01,6.396278332877727291e-01,-1.230878894617096209e-01,2.640616980766071764e-01,2.195680758364637608e-01,7.830585510716497888e-01,-4.199103356027620304e-01,1.759364595869115921e-02,-2.695645860969590468e-01,-5.983062226902929881e-02,-2.373495959841029901e-01,5.211253995632091351e-01,-3.936857240227733534e-01,-4.588799960878521544e-02,-6.099524378636191069e-02,0.000000000000000000e+00,0.000000000000000000e+00,-1.322876060258553643e+00,4.093463347411988584e-01,-3.325945387235592077e-01,-7.964485953417142772e-02,0.000000000000000000e+00,0.000000000000000000e+00,0.000000000000000000e+00,-1.226200731845180414e+00,-4.857291348235444062e-01,4.853622776381821824e-01,-3.516669923772225426e-01,0.000000000000000000e+00,0.000000000000000000e+00,0.000000000000000000e+00
1.198063013196789678e-01,-8.015552660168711041e-01,8.905791910633440445e-01,4.759737784255017173e-02,-2.492257546795599230e-02,7.688622674841535387e-01,6.371531750636445501e-01,-1.046536130599681758e-01,2.712545378668818064e-01,2.233294770919996841e-01,7.815711337724396968e-01,-4.005162587696058374e-01,9.546518432981166910e-03,-2.720647299774006100e-01,-6.128925218634032057e-02,-2.421523962739313418e-01,5.229024235338630699e-01,-3.885502603182479087e-01,-4.697525500107179591e-02,-6.814362423120320922e-02,0.000000000000000000e+00,0.000000000000000000e+00,-1.319083345988843803e+00,4.078023016243271792e-01,-3.265167492473112776e-01,-8.493647497917629352e-02,0.000000000000000000e+00,0.000000000000000000e+00,0.000000000000000000e+00,-1.228838442663072961e+00,-4.906224721310247783e-01,4.813100221160072634e-01,-3.514600142495396540e-01,0.000000000000000000e+00,0.000000000000000000e+00,0.000000000000000000e+00
1.206373805454730441e-01,-8.046052812242346919e-01,8.905132656958093529e-01,4.811060432805737419e-02,-2.503233979883751070e-02,7.715323058630247921e-01,6.338743193449851709e-01,-8.995278965417928541e-02,2.701947062540992484e-01,2.213664865430595430e-01,7.747531167076187053e-01,-3.889874207764921210e-01,1.556721407259739880e-03,-2.724365780876125687e-01,-6.564492082680978280e-02,-2.500613423012497671e-01,5.201257465933653013e-01,-3.843431831048065295e-01,-4.649987286262860509e-02,-7.089483970655324763e-02,0.000000000000000000e+00,0.000000000000000000e+00,-1.313066320779209040e+00,4.071164137507853886e-01,-3.261302659792241210e-01,-8.358514499782936091e-02,0.000000000000000000e+00,0.000000000000000000e+00,0.000000000000000000e+00,-1.230040387533223978e+00,-4.939629549348744653e-01,4.839583095031869120e-01,-3.559613928696793161e-01,0.000000000000000000e+00,0.000000000000000000e+00,0.000000000000000000e+00
1.212746702180268615e-01,-8.075882790486209606e-01,8.902456050813172261e-01,4.895586847104690942e-02,-2.548155146534596821e-02,7.727555488597120936e-01,6.322996719781605046e-01,-7.531429717573560889e-02,2.687432488252555762e-01,2.166035697778310731e-01,7.731016350320026875e-01,-3.728420515366799304e-01,-6.827179479545524010e-03,-2.738436716146818162e-01,-6.861595827146468873e-02,-2.547241996730811309e-01,5.203417137606349829e-01,-3.790615736546085746e-01,-4.761825426833569269e-02,-7.331123979960771364e-02,0.000000000000000000e+00,0.000000000000000000e+00,-1.309990487677725968e+00,4.072305993479666264e-01,-3.240676004910139629e-01,-8.696410816194222182e-02,0.000000000000000000e+00,0.000000000000000000e+00,0.000000000000000000e+00,-1.231518339884705604e+00,-4.982864387754120106e-01,4.876003316062859083e-01,-3.599222712719906681e-01,0.000000000000000000e+00,0.000000000000000000e+00,0.000000000000000000e+00
1.217750008556985342e-01,-8.105567290134753078e-01,8.896163003453551044e-01,4.960610256884596947e-02,-2.591378629938085806e-02,7.743957061295421163e-01,6.302213901445160582e-01,-5.899015858491611641e-02,2.672539740616974857e-01,2.149152490827244133e-01,7.681370850788800109e-01,-3.573239467834660732e-01,-1.497061915168487745e-02,-2.777243879904320312e-01,-7.110844283639167207e-02,-2.565483482394709247e-01,5.238274324718927843e-01,-3.736316694237069025e-01,-5.001450489668245875e-02,-8.119416391883271800e-02,0.000000000000000000e+00,0.000000000000000000e+00,-1.306973086675504936e+00,4.083583085657213618e-01,-3.173760244562641164e-01,-9.084960390872834357e-02,0.000000000000000000e+00,0.000000000000000000e+00,0.000000000000000000e+00,-1.231414184805080803e+00,-4.983918002976582273e-01,4.875994244824679025e-01,-3.620682072507316329e-01,0.000000000000000000e+00,0.000000000000000000e+00,0.000000000000000000e+00
1.220124809860799325e-01,-8.132983255679004930e-01,8.890602939161147411e-01,4.888109286650865748e-02,-2.510711656725909263e-02,7.766093341684462414e-01,6.275812405898504309e-01,-4.305787261776398284e-02,2.645305263168015730e-01,2.154928875843561409e-01,7.576971146312920791e-01,-3.587147427007201794e-01,-2.032381694156800214e-02,-2.848105001261347913e-01,-7.538216336993919242e-02,-2.602525732894431232e-01,5.280343346608254995e-01,-3.710677341286915398e-01,-4.775491336450227164e-02,-8.595960805137996263e-02,0.000000000000000000e+00,0.000000000000000000e+00,-1.302077493956945720e+00,3.971907130490802129e-01,-3.045079569586379709e-01,-1.013446337796773677e-01,0.000000000000000000e+00,0.000000000000000000e+00,0.000000000000000000e+00,-1.228383720397774104e+00,-4.893309946912632880e-01,4.774763747279460735e-01,-3.680071186557514196e-01,0.000000000000000000e+00,0.000000000000000000e+00,0.000000000000000000e+00
1.224337621670018444e-01,-8.162413687660099448e-01,8.879111553258498546e-01,5.128360734151377748e-02,-2.607374758317364261e-02,7.769015061139197265e-01,6.269881985356130505e-01,-3.099709350601888985e-02,2.630107369323863020e-01,2.151882458037698842e-01,7.578561648679732476e-01,-3.375923125919591539e-01,-2.668566319265408895e-02,-2.876745328899702470e-01,-7.971034614556410380e-02,-2.623714694985133100e-01,5.380703566717044417e-01,-3.723071618336856736e-01,-5.319801729849253646e-02,-8.682758576310835308e-02,0.000000000000000000e+00,0.000000000000000000e+00,-1.292159839358580031e+00,3.982414714791371324e-01,-3.004547522002234405e-01,-1.061282181867148622e-01,0.000000000000000000e+00,0.000000000000000000e+00,0.000000000000000000e+00,-1.225652916459376351e+00,-4.898556504785485100e-01,4.794200204549640687e-01,-3.675959485618214839e-01,0.000000000000000000e+00,0.000000000000000000e+00,0.000000000000000000e+00
1.227864221814966572e-01,-8.187480301973495411e-01,8.880580634419490416e-01,5.287628051293285364e-02,-2.647658589415247815e-02,7.791814619256594021e-01,6.240026752746330452e-01,-1.815659299608569921e-02,2.607205686119815069e-01,2.129357865102213809e-01,7.477591256257295482e-01,-3.234040136185964420e-01,-3.667054386576239916e-02,-2.863570135909935255e-01,-8.509147438869982261e-02,-2.671218467166720512e-01,5.370461308912187759e-01,-3.654550992431180312e-01,-5.194444163717654855e-02,-9.133328261538620207e-02,0.000000000000000000e+00,0.000000000000000000e+00,-1.291014644227102881e+00,4.035805441901725854e-01,-3.047258570992860127e-01,-1.119964633892106404e-01,0.000000000000000000e+00,0.000000000000000000e+00,0.000000000000000000e+00,-1.228255769890809423e+00,-4.963428275616720287e-01,4.839106738650187367e-01,-3.734252855578106267e-01,0.000000000000000000e+00,0.000000000000000000e+00,0.000000000000000000e+00
1.228992396040990281e-01,-8.211284032782718567e-01,8.873144696066649351e-01,5.369885063234666744e-02,-2.675768573303437953e-02,7.804107239087114678e-01,6.223821669225894082e-01,-8.352818789967481755e-03,2.562680947202594095e-01,2.028638921007473173e-01,7.427223947289269823e-01,-3.259159196767066335e-01,-3.709690674842751335e-02,-2.899333360260685222e-01,-8.715045027231384245e-02,-2.660924041974654375e-01,5.425642940723183205e-01,-3.664744777068679182e-01,-5.500771534996706097e-02,-9.316376392153004338e-02,0.000000000000000000e+00,0.000000000000000000e+00,-1.284822761658594992e+00,3.992850572220697503e-01,-3.033828621909688827e-01,-1.129796617979348938e-01,0.000000000000000000e+00,0.000000000000000000e+00,0.000000000000000000e+00,-1.233348579739471207e+00,-5.015788470879243288e-01,4.889680395376580502e-01,-3.748537785710163717e-01,0.000000000000000000e+00,0.000000000000000000e+00,0.000000000000000000e+00
1.229059701231995511e-01,-8.234245290685138219e-01,8.861631736157556949e-01,5.602367185837963531e-02,-2.801262805100806705e-02,7.816945383141445935e-01,6.205080898997342720e-01,4.249420956388139103e-04,2.544975981809310950e-01,1.960863319309616992e-01,7.435454758753491378e-01,-3.140574355281284813e-01,-4.237097868113644944e-02,-2.922225792300279790e-01,-9.141669991348552737e-02,-2.661603572527304062e-01,5.538526865547067635e-01,-3.674181436553704549e-01,-5.725506405439478863e-02,-9.563442413833346534e-02,0.000000000000000000e+00,0.000000000000000000e+00,-1.284547443089672392e+00,4.084469571043218838e-01,-3.092313240164853982e-01,-1.150852839138847838e-01,0.000000000000000000e+00,0.000000000000000000e+00,0.000000000000000000e+00,-1.235920320152146923e+00,-5.076504160086692252e-01,4.863124788577684599e-01,-3.713332438896784771e-01,0.000000000000000000e+00,0.000000000000000000e+00,0.000000000000000000e+00
1.226389173482203970e-01,-8.254217004096251475e-01,8.852023911415849433e-01,5.620242715635639930e-02,-2.791948074350644737e-02,7.824192860353558210e-01,6.195819966854038130e-01,7.423617890905799196e-03,2.521177627511764774e-01,1.921512846832303945e-01,7.419795062069814984e-01,-3.162363630259957259e-01,-4.724288837387577433e-02,-2.969774017709561065e-01,-9.566691378991859507e-02,-2.698465362928420541e-01,5.607589179745671171e-01,-3.713227615696386708e-01,-5.746724552896006338e-02,-9.749649318634330541e-02,0.000000000000000000e+00,0.000000000000000000e+00,-1.282692681515144484e+00,4.076872300210148681e-01,-3.070973573011610003e-01,-1.208608863669657640e-01,0.000000000000000000e+00,0.000000000000000000e+00,0.000000000000000000e+00,-1.238187453932962256e+00,-5.077601196785358484e-01,4.889048379378199138e-01,-3.759169956101432453e-01,0.000000000000000000e+00,0.000000000000000000e+00,0.000000000000000000e+00
1.222427773710345889e-01,-8.273690985702747414e-01,8.838200386155068422e-01,5.836252210528295598e-02,-2.951012713434314483e-02,7.843737982066537606e-01,6.168311868711671142e-01,1.486126820567054349e-02,2.535481517451461109e-01,1.917104029570385615e-01,7.445074455581708328e-01,-3.124460043088618244e-01,-4.645886981049489328e-02,-2.996478318422042264e-01,-1.011710290782790178e-01,-2.720084628471788890e-01,5.745921352584604236e-01,-3.710304068170675040e-01,-6.204872641704615305e-02,-1.011878489265412712e-01,0.000000000000000000e+00,0.000000000000000000e+00,-1.282522039947949333e+00,4.032171920619725958e-01,-3.105569750497209625e-01,-1.237670131883342739e-01,0.000000000000000000e+00,0.000000000000000000e+00,0.000000000000000000e+00,-1.241303572277649314e+00,-5.102112661474339506e-01,4.970379460534929406e-01,-3.775383610342739060e-01,0.000000000000000000e+00,0.000000000000000000e+00,0.000000000000000000e+00
1.214119598237899944e-01,-8.288731134979241411e-01,8.831909355259592864e-01,5.806185306916201300e-02,-2.967433575406874455e-02,7.849707958028669941e-01,6.160917989653352800e-01,2.348437547697926342e-02,2.538779631007138105e-01,1.906616858255951175e-01,7.393987402536285058e-01,-3.088358628415346918e-01,-5.095948157423978164e-02,-3.030869651803262954e-01,-1.033738558812030695e-01,-2.729759024267264245e-01,5.789664246237556933e-01,-3.735271502111912056e-01,-6.059263933060368701e-02,-1.052053859243590739e-01,0.000000000000000000e+00,0.000000000000000000e+00,-1.280047320342187378e+00,4.061226077918982935e-01,-3.027796748944594496e-01,-1.306528157671712209e-01,0.000000000000000000e+00,0.000000000000000000e+00,0.000000000000000000e+00,-1.244643601835092372e+00,-5.116060829667676835e-01,4.952101728200057895e-01,-3.807396432435099509e-01,0.000000000000000000e+00,0.000000000000000000e+00,0.000000000000000000e+00
1.205461656348203320e-01,-8.303461809504708580e-01,8.831838015837119027e-01,5.890037492632153870e-02,-3.013759371465429132e-02,7.867641517649689442e-01,6.136975156998583092e-01,2.847204236630240803e-02,2.541824617304253575e-01,1.875717251139503994e-01,7.373910484450306724e-01,-2.990150301973903968e-01,-5.564676022604868322e-02,-3.020734618475552913e-01,-1.070769446387669632e-01,-2.739848565412521531e-01,5.792999185325552469e-01,-3.715210359548913321e-01,-5.963686514295242491e-02,-1.059625433922905119e-01,0.000000000000000000e+00,0.000000000000000000e+00,-1.274660771933807668e+00,3.944741057216644697e-01,-2.958414934286381359e-01,-1.273629590280896673e-01,0.000000000000000000e+00,0.000000000000000000e+00,0.000000000000000000e+00,-1.242088604802501495e+00,-5.056014143948976969e-01,4.901782692728636759e-01,-3.813427235919472080e-01,0.000000000000000000e+00,0.000000000000000000e+00,0.000000000000000000e+00
1.193969943982753634e-01,-8.314960855483284341e-01,8.832494643187324135e-01,6.004893763642880911e-02,-3.153341316277411682e-02,7.882595582615632424e-01,6.115935233080276312e-01,3.631938903262218327e-02,2.531222394869152570e-01,1.832124957039022450e-01,7.354598796667547456e-01,-2.940745501226225689e-01,-5.674617357243379873e-02,-2.980890943389684078e-01,-1.096403345023568565e-01,-2.752534397564608826e-01,5.781520001936159003e-01,-3.687606780588261746e-01,-5.682163298361717768e-02,-1.069803433955437422e-01,0.000000000000000000e+00,0.000000000000000000e+00,-1.280118949997964162e+00,4.047087085456460009e-01,-3.065013483484540502e-01,-1.250711666194174732e-01,0.000000000000000000e+00,0.000000000000000000e+00,0.000000000000000000e+00,-1.246314771399207544e+00,-5.151072398886024084e-01,4.894304076855565122e-01,-3.819652633172901934e-01,0.000000000000000000e+00,0.000000000000000000e+00,0.000000000000000000e+00
1.179196921292408884e-01,-8.325966203632830798e-01,8.825822706776365045e-01,5.969940620089161931e-02,-3.269133442801083062e-02,7.891273661503150905e-01,6.104467688056374186e-01,4.179322609244674747e-02,2.528359705299662585e-01,1.772737310965741553e-01,7.354236407263895492e-01,-2.945852797214920660e-01,-5.793399033376989832e-02,-2.994504947363750835e-01,-1.098199254619969256e-01,-2.744168032526926315e-01,5.815419756699149456e-01,-3.697329782985480651e-01,-5.687020377284007777e-02,-1.116442521953832923e-01,0.000000000000000000e+00,0.000000000000000000e+00,-1.284822435725003320e+00,4.111574958011205427e-01,-3.103499027583957459e-01,-1.207062231886591730e-01,0.000000000000000000e+00,0.000000000000000000e+00,0.000000000000000000e+00,-1.248745447331558456e+00,-5.166554453266339886e-01,4.853047679681119497e-01,-3.787217801080833834e-01,0.000000000000000000e+00,0.000000000000000000e+00,0.000000000000000000e+00
1.164921809466005903e-01,-8.337426033352102195e-01,8.835005923827056185e-01,5.964181520046722002e-02,-3.275107983062293393e-02,7.910100370081604160e-01,6.080076825187904488e-01,4.674101195914280582e-02,2.532779814049777589e-01,1.778584662504292813e-01,7.295288720300121543e-01,-2.865241296157111650e-01,-6.219377767304373750e-02,-2.951921139173735442e-01,-1.144602141295820441e-01,-2.799202397939348774e-01,5.734966773499381443e-01,-3.636234623140069955e-01,-5.237195012005199657e-02,-1.113380066431029075e-01,0.000000000000000000e+00,0.000000000000000000e+00,-1.287293812338761834e+00,4.102108255004496273e-01,-3.134989876611996573e-01,-1.192317789848628823e-01,0.000000000000000000e+00,0.000000000000000000e+00,0.000000000000000000e+00,-1.247843185645072017e+00,-5.149482901803329460e-01,4.809336490147775867e-01,-3.829991151544375749e-01,0.000000000000000000e+00,0.000000000000000000e+00,0.000000000000000000e+00
1.148179091189887868e-01,-8.350194531393922981e-01,8.839357461238517288e-01,5.984927836604411744e-02,-3.360771947793134845e-02,7.917967645611020400e-01,6.069155367109393406e-01,5.275547639638997199e-02,2.538327117958337764e-01,1.781849981630561075e-01,7.259834475371015339e-01,-2.852329017878790784e-01,-6.286944510366204719e-02,-2.930057467830456397e-01,-1.152820855759007224e-01,-2.784650222603836101e-01,5.690023340817509379e-01,-3.547268914218145719e-01,-5.372819050400385460e-02,-1.154829580884850632e-01,0.000000000000000000e+00,0.000000000000000000e+00,-1.285682562280651142e+00,4.040977180091581134e-01,-3.062407828285160782e-01,-1.199788932578983308e-01,0.000000000000000000e+00,0.000000000000000000e+00,0.000000000000000000e+00,-1.247868456177108953e+00,-5.163587078717517542e-01,4.834072002144501612e-01,-3.848854137696008371e-01,0.000000000000000000e+00,0.000000000000000000e+00,0.000000000000000000e+00
1.129934506320841026e-01,-8.363367695594599027e-01,8.841170433276005491e-01,6.070456722743130390e-02,-3.501285875938994763e-02,7.941204657427796132e-01,6.037066681159787285e-01,6.181265799066865824e-02,2.566853122808055443e-01,1.806178326322318006e-01,7.193522877811139304e-01,-2.924653210017378324e-01,-6.228735656245579233e-02,-2.865558277717316638e-01,-1.215357102781924048e-01,-2.869266697940126565e-01,5.655997641844237034e-01,-3.542006729451374625e-01,-4.818839197006721808e-02,-1.154701723817127823e-01,0.000000000000000000e+00,0.000000000000000000e+00,-1.283620622442118275e+00,4.050684382994112487e-01,-3.096924744757437731e-01,-1.213997707820828886e-01,0.000000000000000000e+00,0.000000000000000000e+00,0.000000000000000000e+00,-1.250159751236695538e+00,-5.254882379829974859e-01,4.788077349045726239e-01,-3.950285740556035985e-01,0.000000000000000000e+00,0.000000000000000000e+00,0.000000000000000000e+00
1.111196639759451932e-01,-8.377425995774838707e-01,8.846088072394241442e-01,6.065225477251750402e-02,-3.492073053599924204e-02,7.943535148784350852e-01,6.034105898723670647e-01,6.544417032863313055e-02,2.531286679376476556e-01,1.779218020147094736e-01,7.146959975147363364e-01,-2.845649727584944610e-01,-6.585485212136087119e-02,-2.852024858292904752e-01,-1.234508029185821532e-01,-2.853201253226096412e-01,5.592137149893209314e-01,-3.490783907496150529e-01,-4.458782968319165846e-02,-1.150209790887849748e-01,0.000000000000000000e+00,0.000000000000000000e+00,-1.293351479851636565e+00,4.104916469639260934e-01,-3.151884350516460098e-01,-1.109126008230862381e-01,0.000000000000000000e+00,0.000000000000000000e+00,0.000000000000000000e+00,-1.252760526216472714e+00,-5.279213820388733991e-01,4.819987167245704529e-01,-3.904597803084023377e-01,0.000000000000000000e+00,0.000000000000000000e+00,0.000000000000000000e+00
1.090632139290282077e-01,-8.394073375262482983e-01,8.843467500979331763e-01,6.092212373538066772e-02,-3.479986352139158995e-02,7.955874865301185705e-01,6.017624245623450774e-01,7.012609672661250515e-02,2.516619432872801987e-01,1.778731635758041274e-01,7.091557936159611497e-01,-2.920174949661126229e-01,-6.429545392993753217e-02,-2.871608876546477562e-01,-1.284945203293776927e-01,-2.850616207300274429e-01,5.620121305502238096e-01,-3.475783065551209527e-01,-4.626126717150701173e-02,-1.188196624279890673e-01,0.000000000000000000e+00,0.000000000000000000e+00,-1.298371273339378407e+00,4.119656601814412622e-01,-3.167311516509381808e-01,-1.050969850957613055e-01,0.000000000000000000e+00,0.000000000000000000e+00,0.000000000000000000e+00,-1.257402703695247093e+00,-5.319451335894571642e-01,4.843688709070748666e-01,-3.858386106792547343e-01,0.000000000000000000e+00,0.000000000000000000e+00,0.000000000000000000e+00
1.067280950988907379e-01,-8.410830953819220523e-01,8.849295498117286662e-01,6.070805348694072873e-02,-3.440749852832143685e-02,7.966004714815779764e-01,6.004651073311240150e-01,7.578776235932320471e-02,2.487911019313132077e-01,1.814585078694412879e-01,7.003817506513135838e-01,-3.056362700934390775e-01,-5.867109687240747162e-02,-2.870316235456993326e-01,-1.333890475297228317e-01,-2.848543141156987812e-01,5.567426158401859171e-01,-3.375266475261973209e-01,-3.808584562197474266e-02,-1.206873679878250893e-01,0.000000000000000000e+00,0.000000000000000000e+00,-1.305875029234423446e+00,4.137216798412174379e-01,-3.219836356264624833e-01,-1.011468577099144533e-01,0.000000000000000000e+00,0.000000000000000000e+00,0.000000000000000000e+00,-1.261903473968621237e+00,-5.336434877519546927e-01,4.928667951275982895e-01,-3.829864499633597319e-01,0.000000000000000000e+00,0.000000000000000000e+00,0.000000000000000000e+00
1.044764505588809816e-01,-8.431798107811085963e-01,8.845487253166617325e-01,6.178239946660949583e-02,-3.394731817745883645e-02,7.971800729082278991e-01,5.996119128759366257e-01,7.967640166795116052e-02,2.435030132055779617e-01,1.802630994017199728e-01,6.945950497142923119e-01,-3.126765365570819966e-01,-5.977421758719086986e-02,-2.886070889678392648e-01,-1.404586151453400822e-01,-2.839705208519025526e-01,5.597940958861832295e-01,-3.393536541134052897e-01,-3.607270870813190922e-02,-1.179422301982537002e-01,0.000000000000000000e+00,0.000000000000000000e+00,-1.308192096360477397e+00,4.153474866968135393e-01,-3.160029839331075507e-01,-9.701853574314728279e-02,0.000000000000000000e+00,0.000000000000000000e+00,0.000000000000000000e+00,-1.264093097515643249e+00,-5.341938573907419885e-01,4.840284698588611656e-01,-3.826502846158283400e-01,0.000000000000000000e+00,0.000000000000000000e+00,0.000000000000000000e+00
1.019225161899897092e-01,-8.452011422037641886e-01,8.846295284916597668e-01,6.146574078476176733e-02,-3.364562711279747015e-02,7.979528985241916006e-01,5.986326972550107817e-01,8.152112543170365877e-02,2.383253012726961051e-01,1.792254598044333569e-01,6.906951351869965450e-01,-3.271791816835388222e-01,-5.468798742030132193e-02,-2.904585448831848993e-01,-1.460513665899753066e-01,-2.848330230281806430e-01,5.589800593471369039e-01,-3.343880799762662392e-01,-3.086461745202120216e-02,-1.210070241213150460e-01,0.000000000000000000e+00,0.000000000000000000e+00,-1.313123124208413151e+00,4.191753357607462815e-01,-3.201384256230779823e-01,-9.226452040200464055e-02,0.000000000000000000e+00,0.000000000000000000e+00,0.000000000000000000e+00,-1.268307959101579119e+00,-5.417018218066216306e-01,4.883161234023204456e-01,-3.770527384192807197e-01,0.000000000000000000e+00,0.000000000000000000e+00,0.000000000000000000e+00
9.932186636299494831e-02,-8.476019025520075134e-01,8.840096194208865166e-01,6.175214426452744348e-02,-3.382991068313519201e-02,7.987872320745367238e-01,5.974790102560973981e-01,8.373829862947407277e-02,2.361206428772163746e-01,1.832386893163069352e-01,6.887893494207401046e-01,-3.453173192958902682e-01,-4.867121111840891357e-02,-2.943714270846142789e-01,-1.515051600068383908e-01,-2.828398643184549255e-01,5.633933423803950680e-01,-3.294250056862726428e-01,-3.004470857808338308e-02,-1.253604796377978392e-01,0.000000000000000000e+00,0.000000000000000000e+00,-1.317005274040885743e+00,4.225940717314899953e-01,-3.213189697818390478e-01,-8.808217526791113638e-02,0.000000000000000000e+00,0.000000000000000000e+00,0.000000000000000000e+00,-1.273276128308252320e+00,-5.499531852296273282e-01,4.980172212753094518e-01,-3.770368678233932402e-01,0.000000000000000000e+00,0.000000000000000000e+00,0.000000000000000000e+00
9.680618820558742343e-02,-8.500030903012928407e-01,8.834258702566428756e-01,6.282923009674569459e-02,-3.237604759106385566e-02,7.994975203230449967e-01,5.964964328352143630e-01,8.805799656367456485e-02,2.267105902401297113e-01,1.821617212679668973e-01,6.819361809830880583e-01,-3.668216305659836585e-01,-4.864095013218028285e-02,-2.996738087870936540e-01,-1.611745381540943822e-01,-2.805883997620965964e-01,5.702834327796896252e-01,-3.319538134881028779e-01,-2.910067576400344330e-02,-1.275398832934871995e-01,0.000000000000000000e+00,0.000000000000000000e+00,-1.325581875315043678e+00,4.334935338574572583e-01,-3.290979259602381246e-01,-8.496943286777781934e-02,0.000000000000000000e+00,0.000000000000000000e+00,0.000000000000000000e+00,-1.279501851540872037e+00,-5.527911059609033062e-01,4.948812596696154920e-01,-3.732155346257808870e-01,0.000000000000000000e+00,0.000000000000000000e+00,0.000000000000000000e+00
9.395266094600193685e-02,-8.525525031617976479e-01,8.836065739110587902e-01,6.289618215108759569e-02,-3.195602118547280490e-02,8.011210331223123093e-01,5.943298522452420407e-01,9.136339683165552172e-02,2.217095104723011412e-01,1.842825667997835537e-01,6.741794824960160026e-01,-3.917383328476055082e-01,-4.509880150253662429e-02,-3.014415084138850065e-01,-1.678413137143466849e-01,-2.786534782836662116e-01,5.683596708264816444e-01,-3.227306520518014588e-01,-2.210865444588578851e-02,-1.316284068315006217e-01,0.000000000000000000e+00,0.000000000000000000e+00,-1.333443510728746784e+00,4.395052172180941574e-01,-3.327584245078302749e-01,-8.338317197104762324e-02,0.000000000000000000e+00,0.000000000000000000e+00,0.000000000000000000e+00,-1.285900815304541256e+00,-5.627186552565544009e-01,4.962343550060709929e-01,-3.762160496306553026e-01,0.000000000000000000e+00,0.000000000000000000e+00,0.000000000000000000e+00
9.105466216948257530e-02,-8.553755368384189373e-01,8.834332758976544131e-01,6.259478432431579698e-02,-3.126786048445293759e-02,8.009332953213527118e-01,5.946512173718282446e-01,9.075013703347055427e-02,2.138965708178370562e-01,1.832781612264250959e-01,6.745407665331604186e-01,-4.102285960066011095e-01,-4.066240710138305237e-02,-3.060137983065561174e-01,-1.721208578085987873e-01,-2.739864412829697282e-01,5.678626399184407703e-01,-3.170580587132437733e-01,-1.891912867607688231e-02,-1.324164884596717440e-01,0.000000000000000000e+00,0.000000000000000000e+00,-1.334267708127251595e+00,4.461030885742122698e-01,-3.253486266658118797e-01,-7.928168516815412015e-02,0.000000000000000000e+00,0.000000000000000000e+00,0.000000000000000000e+00,-1.289356554444551550e+00,-5.686985084049941408e-01,4.948032336928584463e-01,-3.779664278566017277e-01,0.000000000000000000e+00,0.000000000000000000e+00,0.000000000000000000e+00
8.832478352030033453e-02,-8.581750756697903437e-01,8.839395297453377376e-01,6.303280101092358090e-02,-2.991243024060602496e-02,8.028944573625907966e-01,5.920241573198264939e-01,9.276758588268563255e-02,2.046149468502005131e-01,1.817078674340802391e-01,6.669234348930683787e-01,-4.354512723039604682e-01,-3.643778367714441829e-02,-3.068687110566601373e-01,-1.816420521106312247e-01,-2.740186193381428104e-01,5.627093370225292324e-01,-3.067654564555933328e-01,-1.322369881293138441e-02,-1.336427540699509642e-01,0.000000000000000000e+00,0.000000000000000000e+00,-1.339889052530369717e+00,4.465977961950248210e-01,-3.302463017813450086e-01,-7.737228025773459916e-02,0.000000000000000000e+00,0.000000000000000000e+00,0.000000000000000000e+00,-1.295453310936498070e+00,-5.714739985446493087e-01,4.990835831899378405e-01,-3.800802558508489803e-01,0.000000000000000000e+00,0.000000000000000000e+00,0.000000000000000000e+00
8.550710696592402071e-02,-8.612418054195614125e-01,8.830346502643959816e-01,6.436151354537286706e-02,-2.948923187011671596e-02,8.038940677349553088e-01,5.905440784889878225e-01,9.364311883125492342e-02,1.973581074117946588e-01,1.827959732993543196e-01,6.677042336062958272e-01,-4.642994008958101215e-01,-2.799218292860520055e-02,-3.112744692779961797e-01,-1.908596720171735206e-01,-2.717699774547915892e-01,5.704924424634034708e-01,-3.069815703235869719e-01,-1.138483432127782372e-02,-1.347018759708698554e-01,0.000000000000000000e+00,0.000000000000000000e+00,-1.343517012217324336e+00,4.519092224512596401e-01,-3.304145964689009229e-01,-7.165795575918325333e-02,0.000000000000000000e+00,0.000000000000000000e+00,0.000000000000000000e+00,-1.306112629711873696e+00,-5.855153789310232337e-01,5.053193696988839134e-01,-3.764025030167498231e-01,0.000000000000000000e+00,0.000000000000000000e+00,0.000000000000000000e+00
8.256045254162615310e-02,-8.645534265408608698e-01,8.822724061249620497e-01,6.522072259714375986e-02,-2.897703195553946037e-02,8.046207069440419746e-01,5.894846112663379989e-01,9.150641347094116973e-02,1.892542118646358684e-01,1.818743138652439417e-01,6.713453506977565821e-01,-4.893945668612876831e-01,-1.831305434719173938e-02,-3.166327723504634983e-01,-1.992156719678910837e-01,-2.688812301167112229e-01,5.759035865407021726e-01,-3.025750793624248924e-01,-1.112914857057185382e-02,-1.386967723102268402e-01,0.000000000000000000e+00,0.000000000000000000e+00,-1.343452162996791044e+00,4.509615197533997644e-01,-3.260122405509279786e-01,-7.105935184365273771e-02,0.000000000000000000e+00,0.000000000000000000e+00,0.000000000000000000e+00,-1.309269089303551237e+00,-5.894112888020638374e-01,5.078822307147101700e-01,-3.772397765712512951e-01,0.000000000000000000e+00,0.000000000000000000e+00,0.000000000000000000e+00
7.946529817587173750e-02,-8.677457329601752090e-01,8.825857620767291190e-01,6.418683245907279289e-02,-2.721144426986639095e-02,8.063727232226995945e-01,5.872841042306762294e-01,8.972114972219630280e-02,1.813027802639830544e-01,1.834773099840481536e-01,6.651292455486332855e-01,-5.220306034908760440e-01,-1.142867507132801566e-02,-3.212700829526515256e-01,-2.076139281443936391e-01,-2.678682557093773342e-01,5.714537171494288303e-01,-2.925446721897247415e-01,-2.661508965942840400e-03,-1.405505674490135082e-01,0.000000000000000000e+00,0.000000000000000000e+00,-1.344393278811255366e+00,4.438528539683921914e-01,-3.183660070662026054e-01,-6.974769757779548940e-02,0.000000000000000000e+00,0.000000000000000000e+00,0.000000000000000000e+00,-1.311136914130014652e+00,-5.937352889873985795e-01,5.091692276228829694e-01,-3.805901208494875676e-01,0.000000000000000000e+00,0.000000000000000000e+00,0.000000000000000000e+00
7.646968939854242864e-02,-8.712262478085440742e-01,8.828292187259638713e-01,6.430407674231095050e-02,-2.585023427519834646e-02,8.073300406758843195e-01,5.860161742857553646e-01,8.859079856004456466e-02,1.715655851047616365e-01,1.836243118771863914e-01,6.612223065192138760e-01,-5.444598448290556281e-01,-4.079106986034775409e-03,-3.246970362720990599e-01,-2.156309317276309812e-01,-2.646601468528360090e-01,5.674080936418461896e-01,-2.795763621065065485e-01,4.439269388007901877e-03,-1.433709465642233616e-01,0.000000000000000000e+00,0.000000000000000000e+00,-1.341546476054535475e+00,4.460615382434053866e-01,-3.188166382389858167e-01,-6.448560388642567143e-02,0.000000000000000000e+00,0.000000000000000000e+00,0.000000000000000000e+00,-1.314725961131598009e+00,-6.038082582354962202e-01,5.136288438659192268e-01,-3.753469562470297394e-01,0.000000000000000000e+00,0.000000000000000000e+00,0.000000000000000000e+00
7.369984546063922115e-02,-8.749728699042823576e-01,8.830988989314575432e-01,6.530231974350043933e-02,-2.459214752403449805e-02,8.087454400118400111e-01,5.840048343775340323e-01,8.846457870058109518e-02,1.618264907609961445e-01,1.840522605915986820e-01,6.564535822320540781e-01,-5.651204248275204511e-01,3.224389877145815431e-04,-3.256736052475365795e-01,-2.245749690220350536e-01,-2.614700310860320620e-01,5.615671010994942591e-01,-2.689644050553764432e-01,1.112364732972427432e-02,-1.433303373367241784e-01,0.000000000000000000e+00,0.000000000000000000e+00,-1.344646873099353268e+00,4.510687373935010069e-01,-3.242793445889506354e-01,-5.585682718347545483e-02,0.000000000000000000e+00,0.000000000000000000e+00,0.000000000000000000e+00,-1.316561814151730347e+00,-6.041457078231785571e-01,5.112112093099447918e-01,-3.697874491093995908e-01,0.000000000000000000e+00,0.000000000000000000e+00,0.000000000000000000e+00
7.083854912336109977e-02,-8.788588769130573075e-01,8.830426994332449819e-01,6.486597637819979667e-02,-2.372502423987729592e-02,8.097845569602658555e-01,5.826478350101250703e-01,8.618035860454792418e-02,1.549086063484015063e-01,1.857715413184811148e-01,6.542342472797884056e-01,-5.920734296532808028e-01,5.902561469788623547e-03,-3.304067119649780060e-01,-2.304460404406420415e-01,-2.569912423074944274e-01,5.581648998106069071e-01,-2.539639141275525369e-01,1.857790337478906068e-02,-1.471127181529947592e-01,0.000000000000000000e+00,0.000000000000000000e+00,-1.348327559183535973e+00,4.549538346984496884e-01,-3.202225279602734509e-01,-5.016693200713469997e-02,0.000000000000000000e+00,0.000000000000000000e+00,0.000000000000000000e+00,-1.318167589709880572e+00,-6.109142487478831374e-01,5.103958029258628404e-01,-3.676270172038077488e-01,0.000000000000000000e+00,0.000000000000000000e+00,0.000000000000000000e+00
6.838812375579537972e-02,-8.832373472340671050e-01,8.828799503594776388e-01,6.583873534711336128e-02,-2.306875032902687764e-02,8.095278226614509576e-01,5.829217769333719934e-01,8.330878998577737060e-02,1.468291158471398961e-01,1.883082170837198088e-01,6.564279829111486775e-01,-6.083486951193899372e-01,1.290965210548901398e-02,-3.324204045493952542e-01,-2.359990599216135743e-01,-2.524423254530091532e-01,5.519187365553398505e-01,-2.440871082234775669e-01,2.375322470460415961e-02,-1.456049486517762837e-01,0.000000000000000000e+00,0.000000000000000000e+00,-1.342518792219129731e+00,4.490112021657398089e-01,-3.173355159755172350e-01,-4.645229985344151435e-02,0.000000000000000000e+00,0.000000000000000000e+00,0.000000000000000000e+00,-1.319976803748186267e+00,-6.120732368900025921e-01,5.170134393856844479e-01,-3.709717979722881309e-01,0.000000000000000000e+00,0.000000000000000000e+00,0.000000000000000000e+00
6.602618502498981690e-02,-8.877642414916792069e-01,8.825590812675396801e-01,6.762767332795383002e-02,-2.384372254454261014e-02,8.090933567995964859e-01,5.832888775540189252e-01,8.134592914152974363e-02,1.413096824051451317e-01,1.918056206860087320e-01,6.632315299294578859e-01,-6.209919428762867843e-01,2.356854557105214631e-02,-3.335799071400569749e-01,-2.402183584411453632e-01,-2.475310357707830311e-01,5.501817501787693576e-01,-2.292831521270930206e-01,2.732523555901917797e-02,-1.473590376333572816e-01,0.000000000000000000e+00,0.000000000000000000e+00,-1.340885468013026882e+00,4.501489496111636401e-01,-3.194910460828282450e-01,-3.849279337699357956e-02,0.000000000000000000e+00,0.000000000000000000e+00,0.000000000000000000e+00,-1.325889001195017736e+00,-6.178619608145842212e-01,5.246444660679826510e-01,-3.670990969134619308e-01,0.000000000000000000e+00,0.000000000000000000e+00,0.000000000000000000e+00
6.400538456696915068e-02,-8.922882721214269175e-01,8.829832817793233923e-01,6.883534307318729673e-02,-2.332793214919142571e-02,8.103009511087705397e-01,5.814893565301613165e-01,7.887722247229699002e-02,1.334327523527336079e-01,1.911202414339907563e-01,6.613900623027173520e-01,-6.322277690533338879e-01,2.884096179818407962e-02,-3.331658946099640972e-01,-2.476186628925106381e-01,-2.469240972541622836e-01,5.424599902859846834e-01,-2.135304218397031661e-01,3.103789655420828922e-02,-1.477258791925567527e-01,0.000000000000000000e+00,0.000000000000000000e+00,-1.340038959586733025e+00,4.450667876911035270e-01,-3.159155687973423943e-01,-3.099220112736884164e-02,0.000000000000000000e+00,0.000000000000000000e+00,0.000000000000000000e+00,-1.327110043526370964e+00,-6.197607237192348517e-01,5.287917081358518567e-01,-3.673693551733462903e-01,0.000000000000000000e+00,0.000000000000000000e+00,0.000000000000000000e+00
6.183785281847718057e-02,-8.966728077977557110e-01,8.833772975428419993e-01,6.940024368746185168e-02,-2.229027115046673668e-02,8.116926583415866592e-01,5.795185746656683623e-01,7.691071302357857520e-02,1.247152971514486897e-01,1.912166675668932614e-01,6.565757993759717692e-01,-6.497079595546987330e-01,3.711741852051846091e-02,-3.347541455878139671e-01,-2.537335777370708367e-01,-2.414985965262326784e-01,5.344727868825843720e-01,-1.952033991739229035e-01,4.055197744763724271e-02,-1.494789422095127440e-01,0.000000000000000000e+00,0.000000000000000000e+00,-1.338559874836023456e+00,4.453543980575641048e-01,-3.224307510197750859e-01,-2.778578948112142566e-02,0.000000000000000000e+00,0.000000000000000000e+00,0.000000000000000000e+00,-1.332017577390715690e+00,-6.272410844091906856e-01,5.354962353822867449e-01,-3.613028856923867771e-01,0.000000000000000000e+00,0.000000000000000000e+00,0.000000000000000000e+00
5.995180010267434773e-02,-9.009594967294588530e-01,8.837959535029217273e-01,7.018990824420905106e-02,-1.992823181530898116e-02,8.123008860087456151e-01,5.786566451245434006e-01,7.443528870338150805e-02,1.133631204664023867e-01,1.921195846045289091e-01,6.501082103926472122e-01,-6.611783465831834183e-01,4.022749714881224126e-02,-3.369373571534118317e-01,-2.614459360877661731e-01,-2.367532162929767980e-01,5.240507918309336155e-01,-1.815745541023358056e-01,4.586634839998056379e-02,-1.500490079196055426e-01,0.000000000000000000e+00,0.000000000000000000e+00,-1.342889761308246666e+00,4.459053144638746025e-01,-3.256574139400846279e-01,-2.809504004915881759e-02,0.000000000000000000e+00,0.000000000000000000e+00,0.000000000000000000e+00,-1.337225258307630282e+00,-6.264624115691473927e-01,5.411925877318161104e-01,-3.634157755198768602e-01,0.000000000000000000e+00,0.000000000000000000e+00,0.000000000000000000e+00
5.780633716214429729e-02,-9.050936216059857209e-01,8.840849326033660693e-01,7.072159478401129906e-02,-1.843598195954177649e-02,8.122209329169325365e-01,5.787535975974067437e-01,7.354641189873883933e-02,1.050151697635955950e-01,1.971800420661250497e-01,6.444739420093228421e-01,-6.734677352063631606e-01,4.457982076053487730e-02,-3.406170397406544925e-01,-2.673548292773055834e-01,-2.311987868923274791e-01,5.180399568385157805e-01,-1.644553778656021314e-01,5.640189625238813814e-02,-1.518972204907468038e-01,0.000000000000000000e+00,0.000000000000000000e+00,-1.344497883211832612e+00,4.553130252395562461e-01,-3.195168237544667167e-01,-2.526499066349584613e-02,0.000000000000000000e+00,0.000000000000000000e+00,0.000000000000000000e+00,-1.337062346356937104e+00,-6.301606043498014786e-01,5.395231235579428519e-01,-3.593406956209978520e-01,0.000000000000000000e+00,0.000000000000000000e+00,0.000000000000000000e+00
5.583910602409714041e-02,-9.091746484431380004e-01,8.844943837633482131e-01,7.180619510123473215e-02,-1.773820362317798591e-02,8.123773592478059635e-01,5.784222096867194240e-01,7.100317513664766711e-02,9.664009437856546647e-02,1.973265183190474614e-01,6.431880285823952104e-01,-6.769524187958144701e-01,5.052896220005903549e-02,-3.399707964659313131e-01,-2.722371434614425101e-01,-2.275018988175921686e-01,5.081458552419264585e-01,-1.489025822180007619e-01,6.194307663194311558e-02,-1.527666694165205619e-01,0.000000000000000000e+00,0.000000000000000000e+00,-1.344003686699429823e+00,4.554522796300308207e-01,-3.181457172563180169e-01,-1.959236552087570069e-02,0.000000000000000000e+00,0.000000000000000000e+00,0.000000000000000000e+00,-1.341964636813249179e+00,-6.342197306581895955e-01,5.479374255656752624e-01,-3.586549627370242410e-01,0.000000000000000000e+00,0.000000000000000000e+00,0.000000000000000000e+00
5.364397261536769934e-02,-9.131002005024314583e-01,8.851931439520325240e-01,7.197655338429932714e-02,-1.711170931219634442e-02,8.135944624952600179e-01,5.767066982135555797e-01,6.835099090886399831e-02,8.987040583093361401e-02,1.971307191942721082e-01,6.389359601764532659e-01,-6.822137223901675318e-01,5.476362261544930748e-02,-3.393547680681744949e-01,-2.754180009257114481e-01,-2.210931599957948190e-01,4.968070277159971626e-01,-1.292307903488260634e-01,6.919070468617166680e-02,-1.562071945181166543e-01,0.000000000000000000e+00,0.000000000000000000e+00,-1.345155143250524432e+00,4.525514738938368753e-01,-3.222808339306142411e-01,-1.315459752143670162e-02,0.000000000000000000e+00,0.000000000000000000e+00,0.000000000000000000e+00,-1.345252158131793552e+00,-6.373305037587724264e-01,5.523244517111011165e-01,-3.544714545753643309e-01,0.000000000000000000e+00,0.000000000000000000e+00,0.000000000000000000e+00
5.161944198101199588e-02,-9.168400487228498541e-01,8.861360280620581564e-01,7.239612127185959811e-02,-1.612636166668033472e-02,8.146953464687338720e-01,5.751262770265112012e-01,6.708351139051486889e-02,8.310427321021802982e-02,1.991976653476128511e-01,6.319281881744318596e-01,-6.831091831553589566e-01,5.744638899699827661e-02,-3.364837419118664186e-01,-2.803544829182434417e-01,-2.186755397895274178e-01,4.825499929366768859e-01,-1.112576745665805195e-01,7.651938712973556378e-02,-1.562057520620040996e-01,0.000000000000000000e+00,0.000000000000000000e+00,-1.349583427636626975e+00,4.546501810216159734e-01,-3.317114089677444255e-01,-7.547685944287658641e-03,0.000000000000000000e+00,0.000000000000000000e+00,0.000000000000000000e+00,-1.349355746200506800e+00,-6.418239182853282543e-01,5.558166551000071065e-01,-3.522133000376891365e-01,0.000000000000000000e+00,0.000000000000000000e+00,0.000000000000000000e+00
4.959236917171833819e-02,-9.206037007501255420e-01,8.862830400157515331e-01,7.253609948465496171e-02,-1.579679625517491776e-02,8.147357867687861077e-01,5.750604953027742550e-01,6.315537359842782195e-02,7.781020482545843164e-02,2.006141730250325383e-01,6.328856565834461989e-01,-6.870548231866957511e-01,6.021351767769726748e-02,-3.364673775431173963e-01,-2.817480783976453740e-01,-2.124356387478418262e-01,4.733467211526027896e-01,-9.955484882212731201e-02,8.332573533938100740e-02,-1.583412972999226065e-01,0.000000000000000000e+00,0.000000000000000000e+00,-1.354161872367994235e+00,4.597533371931346036e-01,-3.332873897981633582e-01,-2.876147995391521717e-04,0.000000000000000000e+00,0.000000000000000000e+00,0.000000000000000000e+00,-1.350056601613712992e+00,-6.422560047504825009e-01,5.550699545881349062e-01,-3.471641517671786858e-01,0.000000000000000000e+00,0.000000000000000000e+00,0.000000000000000000e+00
4.780484271709978944e-02,-9.242291937592990170e-01,8.865561979071627796e-01,7.270662190553908721e-02,-1.530580276682463187e-02,8.153977221679488130e-01,5.741132590491784260e-01,5.925515402702412338e-02,7.136485313082609194e-02,1.990067636046651822e-01,6.324322322986388745e-01,-6.923852736052987789e-01,6.565604480642411866e-02,-3.352758005404269936e-01,-2.852072784505486069e-01,-2.106043871822352864e-01,4.639132944239214296e-01,-8.926420590047649817e-02,8.951817023162288167e-02,-1.587541530922606248e-01,0.000000000000000000e+00,0.000000000000000000e+00,-1.357676743565316535e+00,4.617931771421375231e-01,-3.354443306239263123e-01,1.085464435859938293e-02,0.000000000000000000e+00,0.000000000000000000e+00,0.000000000000000000e+00,-1.355587284864610220e+00,-6.488482061717258942e-01,5.598024399368657367e-01,-3.428052450792797301e-01,0.000000000000000000e+00,0.000000000000000000e+00,0.000000000000000000e+00
4.603703390863803091e-02,-9.279053687297865727e-01,8.863469648664574763e-01,7.315957487362154121e-02,-1.517668196553451435e-02,8.158908737169642267e-01,5.733580269902892601e-01,5.520849774086805661e-02,6.643063843676350055e-02,1.997319003376826219e-01,6.355903961913190736e-01,-7.013240073312512202e-01,7.096511156272859722e-02,-3.367765709082062853e-01,-2.884681393334564969e-01,-2.066160952661999228e-01,4.616059876366531145e-01,-8.127732949279738162e-02,9.589766020006647296e-02,-1.595174774075723556e-01,0.000000000000000000e+00,0.000000000000000000e+00,-1.360566261055821347e+00,4.615029454139862874e-01,-3.399893497125267006e-01,2.348449248095051817e-02,0.000000000000000000e+00,0.000000000000000000e+00,0.000000000000000000e+00,-1.361294052197818738e+00,-6.580153222548605907e-01,5.647580669679529430e-01,-3.360371910498128334e-01,0.000000000000000000e+00,0.000000000000000000e+00,0.000000000000000000e+00
4.427927775232621405e-02,-9.314004794985762947e-01,8.865577535920020624e-01,7.277943980337746310e-02,-1.555591787457227294e-02,8.161851633439716203e-01,5.729772645560738953e-01,4.917681819206701221e-02,6.350345556583149309e-02,1.995401425771206605e-01,6.401657565401923655e-01,-7.029636700414675365e-01,7.644165118015205929e-02,-3.382251711574855713e-01,-2.876113257823121327e-01,-1.991874121568757150e-01,4.558173626194438333e-01,-6.423800742458164736e-02,1.018124639374230339e-01,-1.609496202379153140e-01,0.000000000000000000e+00,0.000000000000000000e+00,-1.366511472065650379e+00,4.627419213322394032e-01,-3.443135978715763379e-01,3.194477330454954800e-02,0.000000000000000000e+00,0.000000000000000000e+00,0.000000000000000000e+00,-1.361952033444762566e+00,-6.611158304483439885e-01,5.707185834613789366e-01,-3.326471975180225749e-01,0.000000000000000000e+00,0.000000000000000000e+00,0.000000000000000000e+00
4.304520019918599283e-02,-9.350035528624709436e-01,8.864769322832162235e-01,7.373839345803211154e-02,-1.522469530812702726e-02,8.166022182058328971e-01,5.722688836589987504e-01,4.514138451993467832e-02,6.008697910030294520e-02,2.029449688806685970e-01,6.433400448967867558e-01,-7.046602091220145470e-01,7.651976334243404398e-02,-3.380377194086075510e-01,-2.898151788143518703e-01,-1.923172397876610207e-01,4.498107611718361043e-01,-5.557891604597683249e-02,1.077667246151608194e-01,-1.614935339372909895e-01,0.000000000000000000e+00,0.000000000000000000e+00,-1.366079760954176603e+00,4.630784419277761965e-01,-3.398247490333282661e-01,3.997708831032110999e-02,0.000000000000000000e+00,0.000000000000000000e+00,0.000000000000000000e+00,-1.365803896349696789e+00,-6.645244491814294996e-01,5.685978202479465837e-01,-3.323064840654587071e-01,0.000000000000000000e+00,0.000000000000000000e+00,0.000000000000000000e+00
4.179883991490881273e-02,-9.382019459359167701e-01,8.868309960224242117e-01,7.370677790653905326e-02,-1.484241448368543020e-02,8.169613422409903736e-01,5.717702151273099664e-01,4.190927974521938687e-02,5.671136383816825083e-02,2.051708481307452092e-01,6.421707801680215377e-01,-7.067938110060930645e-01,7.970486012821191568e-02,-3.377406525607242749e-01,-2.908553962187634956e-01,-1.877100037231714535e-01,4.413334199719772810e-01,-4.379887178446725815e-02,1.129298675963529425e-01,-1.623844111048969030e-01,0.000000000000000000e+00,0.000000000000000000e+00,-1.369613930519415490e+00,4.645952531012335074e-01,-3.475638147445784254e-01,4.438789821347575298e-02,0.000000000000000000e+00,0.000000000000000000e+00,0.000000000000000000e+00,-1.373911192562245365e+00,-6.753915165919071040e-01,5.773997746419369248e-01,-3.318303279992075860e-01,0.000000000000000000e+00,0.000000000000000000e+00,0.000000000000000000e+00
4.089689610859828517e-02,-9.412868700602980976e-01,8.864044496699070574e-01,7.438349246230192835e-02,-1.416658528499889665e-02,8.167454474029582911e-01,5.720081101322039840e-01,3.758425843328666582e-02,5.230265927713945856e-02,2.072262061310905235e-01,6.462131952182548211e-01,-7.116683832759872486e-01,8.263338520354968075e-02,-3.399513233520564115e-01,-2.920571764564066086e-01,-1.800223366372116773e-01,4.387803424149678277e-01,-4.270952403192449648e-02,1.154205626052823008e-01,-1.615727418053268527e-01,0.000000000000000000e+00,0.000000000000000000e+00,-1.373764493580140744e+00,4.726904215804000886e-01,-3.500861780456930861e-01,5.065547342756057669e-02,0.000000000000000000e+00,0.000000000000000000e+00,0.000000000000000000e+00,-1.376435001727239982e+00,-6.750701057551093953e-01,5.762173346046399747e-01,-3.275493614750782378e-01,0.000000000000000000e+00,0.000000000000000000e+00,0.000000000000000000e+00
4.002298850838175576e-02,-9.439279768974460083e-01,8.864491679652112266e-01,7.441308557359155307e-02,-1.389346974632705428e-02,8.177195492516645681e-01,5.706175627909468862e-01,3.359849740264458928e-02,4.896955213470002843e-02,2.059395962050857842e-01,6.478585943612346076e-01,-7.165647075699707047e-01,8.698432075674487896e-02,-3.409822395127090067e-01,-2.943139027316957201e-01,-1.774013078832665791e-01,4.360432161358344660e-01,-3.321150856665622264e-02,1.195725810588816607e-01,-1.633137012032685464e-01,0.000000000000000000e+00,0.000000000000000000e+00,-1.377806914833892504e+00,4.720733976498628914e-01,-3.509342305348716051e-01,5.922472526511596280e-02,0.000000000000000000e+00,0.000000000000000000e+00,0.000000000000000000e+00,-1.377342733883588632e+00,-6.732783134399542568e-01,5.746657437365111365e-01,-3.223596019758143139e-01,0.000000000000000000e+00,0.000000000000000000e+00,0.000000000000000000e+00
3.927636452487150154e-02,-9.462732916315865772e-01,8.864082850936905178e-01,7.507362220235512529e-02,-1.363002873934545528e-02,8.176551738464781227e-01,5.706296436814940476e-01,3.172003215254311226e-02,4.649521266273176634e-02,2.093660004877127279e-01,6.489076348062140509e-01,-7.180035607902163219e-01,8.921123135486827560e-02,-3.419246657635876541e-01,-2.968307818680547272e-01,-1.755006830133235551e-01,4.349537311761697000e-01,-2.715048876083892351e-02,1.251491681655342303e-01,-1.631362354619987354e-01,0.000000000000000000e+00,0.000000000000000000e+00,-1.386247634257770533e+00,4.842453080121728037e-01,-3.614834990906207746e-01,6.623717844419098333e-02,0.000000000000000000e+00,0.000000000000000000e+00,0.000000000000000000e+00,-1.383702026166790944e+00,-6.794290715051212182e-01,5.805795165744745967e-01,-3.168333257709728401e-01,0.000000000000000000e+00,0.000000000000000000e+00,0.000000000000000000e+00
3.867567771298332374e-02,-9.483620347791671401e-01,8.862561259739789588e-01,7.478849879732599182e-02,-1.278057589821054475e-02,8.177819561461305842e-01,5.705050477683447641e-01,2.789295585323461890e-02,4.411359095035272126e-02,2.120044190973364717e-01,6.498544604436518046e-01,-7.217533415027895805e-01,9.211615345475084038e-02,-3.446951860082174690e-01,-2.986871315452325204e-01,-1.730709586705431180e-01,4.326337665563027013e-01,-2.280277147186911962e-02,1.288479365224075024e-01,-1.645864416293150723e-01,0.000000000000000000e+00,0.000000000000000000e+00,-1.394065207900203607e+00,4.944966195391686248e-01,-3.673581403197699324e-01,7.212488504684416712e-02,0.000000000000000000e+00,0.000000000000000000e+00,0.000000000000000000e+00,-1.386437554182847753e+00,-6.808923611042970725e-01,5.829809213220327191e-01,-3.120413016649634108e-01,0.000000000000000000e+00,0.000000000000000000e+00,0.000000000000000000e+00
3.816292897480549895e-02,-9.503061759921932472e-01,8.861150621748641321e-01,7.509053866873556526e-02,-1.274349493895184787e-02,8.177163225949872771e-01,5.705602773598171806e-01,2.484888206989903717e-02,4.259948136917846712e-02,2.131307504604168512e-01,6.530459570711775186e-01,-7.228401419156603724e-01,9.315837807309670926e-02,-3.464706302056828058e-01,-2.996185598957806784e-01,-1.706114717136575365e-01,4.328998626825393270e-01,-1.755954418256283622e-02,1.311220817361069546e-01,-1.654708710959764129e-01,0.000000000000000000e+00,0.000000000000000000e+00,-1.397776850154916373e+00,4.980550212485026496e-01,-3.675444315800814321e-01,7.864492181857241082e-02,0.000000000000000000e+00,0.000000000000000000e+00,0.000000000000000000e+00,-1.390233868357804159e+00,-6.780897964779352138e-01,5.850414177046519004e-01,-3.066173415458673945e-01,0.000000000000000000e+00,0.000000000000000000e+00,0.000000000000000000e+00
3.781297867475948843e-02,-9.520571577521758089e-01,8.856157000700848325e-01,7.570565375016849452e-02,-1.256658307647190269e-02,8.172098854746323582e-01,5.712081390023961980e-01,2.185974374318888636e-02,3.921692371392364318e-02,2.118579763327833598e-01,6.576675640240717824e-01,-7.270266817141942672e-01,9.704678691433088478e-02,-3.476653029414154550e-01,-2.992131453808770658e-01,-1.658565767140515457e-01,4.317701745369882937e-01,-2.012441733745962483e-02,1.263654158241176440e-01,-1.661283968954239965e-01,0.000000000000000000e+00,0.000000000000000000e+00,-1.396756329250352424e+00,4.972804977234300261e-01,-3.647880390775171122e-01,8.190007649083673458e-02,0.000000000000000000e+00,0.000000000000000000e+00,0.000000000000000000e+00,-1.397478096005338788e+00,-6.782888033722906940e-01,5.933750778655563218e-01,-3.057662650706999830e-01,0.000000000000000000e+00,0.000000000000000000e+00,0.000000000000000000e+00
3.735141124886667136e-02,-9.534629512081850278e-01,8.852507052405097498e-01,7.520089347822926651e-02,-1.131565253359677337e-02,8.171012130269643681e-01,5.714563756733131994e-01,1.728677143925765394e-02,3.656104490668860008e-02,2.133713285065813037e-01,6.599743283222748724e-01,-7.313161645907855224e-01,9.778797508128700411e-02,-3.517165523591063159e-01,-3.015286113156212533e-01,-1.645500789784798967e-01,4.325127625431993694e-01,-2.460442887207624219e-02,1.310263093457220418e-01,-1.641233779212147026e-01,0.000000000000000000e+00,0.000000000000000000e+00,-1.400820443140659677e+00,5.012500967221255044e-01,-3.630579538308176812e-01,8.131833872941497676e-02,0.000000000000000000e+00,0.000000000000000000e+00,0.000000000000000000e+00,-1.397943427001873129e+00,-6.758198977842344579e-01,5.860550239700196284e-01,-3.044111627638558248e-01,0.000000000000000000e+00,0.000000000000000000e+00,0.000000000000000000e+00
3.690498626549068573e-02,-9.548534411560143376e-01,8.854990572321259634e-01,7.611603752084913910e-02,-1.216680292495118249e-02,8.177797747996267130e-01,5.703459982040568477e-01,1.706888240407677948e-02,3.625619969075006416e-02,2.138173625377654541e-01,6.616746886270223893e-01,-7.285249480287666612e-01,1.026953326345079742e-01,-3.482523547689371224e-01,-3.022060432163541366e-01,-1.633314514669781392e-01,4.288561237337362164e-01,-1.562285094962220268e-02,1.336208181202249434e-01,-1.647713794079408434e-01,0.000000000000000000e+00,0.000000000000000000e+00,-1.403322039565265689e+00,5.026535535672683741e-01,-3.694215641885689738e-01,8.662695862133684699e-02,0.000000000000000000e+00,0.000000000000000000e+00,0.000000000000000000e+00,-1.401757745588493087e+00,-6.841308334271034575e-01,5.939519723491522019e-01,-3.046103561460425935e-01,0.000000000000000000e+00,0.000000000000000000e+00,0.000000000000000000e+00
3.647358871125956636e-02,-9.559961885309504748e-01,8.852295736258243286e-01,7.610241513752288856e-02,-1.104711549028194496e-02,8.178303057970420786e-01,5.702981453323316963e-01,1.556836017411946174e-02,3.295758717088540651e-02,2.154200946832313113e-01,6.605784628302200368e-01,-7.344818299890543134e-01,1.047041405473401326e-01,-3.503783915299454321e-01,-3.036789106116745685e-01,-1.592479487285788087e-01,4.271209054434469965e-01,-1.780803415946134380e-02,1.332659408669818468e-01,-1.636141758263267021e-01,0.000000000000000000e+00,0.000000000000000000e+00,-1.409104300815521738e+00,5.096396716009690131e-01,-3.733429814959346449e-01,8.280636017788393921e-02,0.000000000000000000e+00,0.000000000000000000e+00,0.000000000000000000e+00,-1.403735619886813391e+00,-6.825770546314784415e-01,5.910240817408248803e-01,-3.081565509132288549e-01,0.000000000000000000e+00,0.000000000000000000e+00,0.000000000000000000e+00
3.612042902974521574e-02,-9.569501394021951990e-01,8.856385342174406539e-01,7.568977233060106280e-02,-9.967089319040446996e-03,8.172127552447673304e-01,5.712574097202629542e-01,1.503104220007600231e-02,3.019180977649150652e-02,2.176677849256883901e-01,6.556949051728885314e-01,-7.323948276068291685e-01,1.037357825577697873e-01,-3.508845248803911243e-01,-3.047123566681465556e-01,-1.591509187831166294e-01,4.205014339948920932e-01,-1.272711586715108423e-02,1.377995135564976104e-01,-1.625977082949548735e-01,0.000000000000000000e+00,0.000000000000000000e+00,-1.409271068119248627e+00,5.069151969202896346e-01,-3.659915976194315634e-01,8.315797923621152943e-02,0.000000000000000000e+00,0.000000000000000000e+00,0.000000000000000000e+00,-1.403014471374246508e+00,-6.789790794021133280e-01,5.921505220680893800e-01,-3.114800718862237860e-01,0.000000000000000000e+00,0.000000000000000000e+00,0.000000000000000000e+00
3.584595563310461613e-02,-9.577205250067770681e-01,8.859398798600245373e-01,7.583947812875270478e-02,-8.909430157677113854e-03,8.170118447505408943e-01,5.715423353949751206e-01,1.470435288696893272e-02,2.644307355996057193e-02,2.179135859039731393e-01,6.517228245923091245e-01,-7.294214183275872232e-01,1.049704741212158926e-01,-3.514212085111426687e-01,-3.061117097997723691e-01,-1.567059872003042920e-01,4.155877470650185534e-01,-5.027281264486341446e-03,1.375724946535039350e-01,-1.645222186302943979e-01,0.000000000000000000e+00,0.000000000000000000e+00,-1.412121420875643407e+00,5.132011789476268460e-01,-3.641970231469350838e-01,8.024289923931013369e-02,0.000000000000000000e+00,0.000000000000000000e+00,0.000000000000000000e+00,-1.402324754950154073e+00,-6.786697509081162094e-01,5.957795048270114746e-01,-3.120820636271656734e-01,0.000000000000000000e+00,0.000000000000000000e+00,0.000000000000000000e+00
3.571236688995801933e-02,-9.586713789516791984e-01,8.849109860915590486e-01,7.714859480778596401e-02,-9.846018304591658971e-03,8.158124734068656903e-01,5.730629620526019874e-01,1.358726910091761705e-02,2.747419771674346201e-02,2.215980240167288451e-01,6.614970360495885382e-01,-7.333766922928643961e-01,1.092007369468292605e-01,-3.510720819090056288e-01,-3.050719912058811323e-01,-1.539073190501425992e-01,4.181323269105607365e-01,-1.352761627848336236e-02,1.388892648576382227e-01,-1.647204702659947895e-01,0.000000000000000000e+00,0.000000000000000000e+00,-1.418616164390197554e+00,5.276393623019268730e-01,-3.691280949567324332e-01,8.367246760533351979e-02,0.000000000000000000e+00,0.000000000000000000e+00,0.000000000000000000e+00,-1.402179488608540359e+00,-6.779383191267650544e-01,5.912891707446336076e-01,-3.014898792933696225e-01,0.000000000000000000e+00,0.000000000000000000e+00,0.000000000000000000e+00
3.571035931448571926e-02,-9.592079216031773603e-01,8.843429629430713534e-01,7.657332538690393708e-02,-9.863152985195428740e-03,8.150984021317269068e-01,5.741548910308853504e-01,9.894618870173534780e-03,2.906756557942359598e-02,2.235038752265439410e-01,6.676062262643945866e-01,-7.378652683844791893e-01,1.073163691471495512e-01,-3.541770791645610927e-01,-3.040492283824434705e-01,-1.543922510942219162e-01,4.210097170995206195e-01,-2.003939714823199311e-02,1.394208572170027860e-01,-1.632987575849822737e-01,0.000000000000000000e+00,0.000000000000000000e+00,-1.422505285414924714e+00,5.359193610098283989e-01,-3.736904172906460597e-01,8.240121736088039384e-02,0.000000000000000000e+00,0.000000000000000000e+00,0.000000000000000000e+00,-1.406433261101639243e+00,-6.834188373603392597e-01,5.972174627434569949e-01,-3.005354335231691376e-01,0.000000000000000000e+00,0.000000000000000000e+00,0.000000000000000000e+00
3.571147144469042495e-02,-9.596508025887876547e-01,8.843004228369047981e-01,7.639980299684526188e-02,-9.681280442752548607e-03,8.150883158072539381e-01,5.741954199969960815e-01,8.433895222994324675e-03,2.925684788921251861e-02,2.243681884022459827e-01,6.687681366835955821e-01,-7.389770061997188444e-01,1.073117736400262812e-01,-3.552575288286419775e-01,-3.039223182410967228e-01,-1.536172078512546557e-01,4.209184275559627597e-01,-1.930934835080446235e-02,1.390637652197239671e-01,-1.657131398944234335e-01,0.000000000000000000e+00,0.000000000000000000e+00,-1.424679334129448138e+00,5.374233599385865867e-01,-3.768742660772461672e-01,8.192720048586658865e-02,0.000000000000000000e+00,0.000000000000000000e+00,0.000000000000000000e+00,-1.409291148260293225e+00,-6.852753041192440886e-01,5.976254867729178244e-01,-2.976596614455568335e-01,0.000000000000000000e+00,0.000000000000000000e+00,0.000000000000000000e+00
3.576225728834462464e-02,-9.600334789762019483e-01,8.838465893208098390e-01,7.597101520915763850e-02,-9.498347769623136788e-03,8.146673926126586363e-01,5.748523511750036619e-01,4.811112714705911841e-03,2.882604116460957960e-02,2.233631433337782690e-01,6.735655365884437584e-01,-7.415514828550670012e-01,1.112876741866706265e-01,-3.572308265433959407e-01,-3.025256593602531074e-01,-1.519683572069375488e-01,4.214562867603573459e-01,-2.584030595750221732e-02,1.367343895064404014e-01,-1.655769200097803873e-01,0.000000000000000000e+00,0.000000000000000000e+00,-1.427018548286927535e+00,5.376980451075720202e-01,-3.774480341450202059e-01,8.335334800733444627e-02,0.000000000000000000e+00,0.000000000000000000e+00,0.000000000000000000e+00,-1.411378428615649439e+00,-6.879904219549466404e-01,5.999001998483166620e-01,-3.005787065138455505e-01,0.000000000000000000e+00,0.000000000000000000e+00,0.000000000000000000e+00
3.578070340425957424e-02,-9.602793351564090640e-01,8.841799489121530131e-01,7.566362266283710447e-02,-9.391091327341678785e-03,8.152399816174021874e-01,5.740823947672277772e-01,3.327082960414007307e-03,2.834644923300534691e-02,2.212747055283756370e-01,6.730596189146381692e-01,-7.389606685324205948e-01,1.116504011830897758e-01,-3.550201696509600047e-01,-3.010441930840365155e-01,-1.492548542072280326e-01,4.158375351500920303e-01,-2.525668403692055489e-02,1.364096041833677553e-01,-1.662257093399872321e-01,0.000000000000000000e+00,0.000000000000000000e+00,-1.428188957343992982e+00,5.354695225364826117e-01,-3.797891377327949902e-01,8.526422430661063923e-02,0.000000000000000000e+00,0.000000000000000000e+00,0.000000000000000000e+00,-1.412130415572030895e+00,-6.907981990797538163e-01,6.012755132512335177e-01,-3.016519813852966969e-01,0.000000000000000000e+00,0.000000000000000000e+00,0.000000000000000000e+00
3.580186115504385008e-02,-9.603267426171747667e-01,8.846421627186605852e-01,7.530189893835477488e-02,-8.411553838140673617e-03,8.153911332544384605e-01,5.739304571011620837e-01,3.672239899276969616e-03,2.715624405543434761e-02,2.226192848136960833e-01,6.677713663110261821e-01,-7.371291211549062528e-01,1.082367656145684504e-01,-3.532251088401125450e-01,-3.028324718355760448e-01,-1.526644538091616599e-01,4.090275093142664020e-01,-2.415146418984032844e-02,1.364477060861611357e-01,-1.656955175604014341e-01,0.000000000000000000e+00,0.000000000000000000e+00,-1.432994634377212417e+00,5.356634715168634431e-01,-3.829168255186145009e-01,8.744814675213782862e-02,0.000000000000000000e+00,0.000000000000000000e+00,0.000000000000000000e+00,-1.415189982294846160e+00,-6.932594390139915630e-01,6.095324919283598986e-01,-3.054526016428205093e-01,0.000000000000000000e+00,0.000000000000000000e+00,0.000000000000000000e+00
3.577074722798997963e-02,-9.604485818137209474e-01,8.844805904154803278e-01,7.538259274909198115e-02,-7.907486760950425964e-03,8.146853813372173514e-01,5.749284005847888901e-01,4.484432763349487788e-03,2.818484422161554939e-02,2.293292245275183605e-01,6.670058840568445779e-01,-7.389409878602125614e-01,1.080086612697468695e-01,-3.537890693378152873e-01,-3.023128273870858695e-01,-1.497985698088075135e-01,4.078004402278021523e-01,-2.873695210351012372e-02,1.410292386704375400e-01,-1.643460736746243378e-01,0.000000000000000000e+00,0.000000000000000000e+00,-1.432800269641249846e+00,5.394778677520545296e-01,-3.825171115644290243e-01,8.846369654795105397e-02,0.000000000000000000e+00,0.000000000000000000e+00,0.000000000000000000e+00,-1.415950202977166450e+00,-6.988537204546554360e-01,6.116162886256174547e-01,-3.018848974676396346e-01,0.000000000000000000e+00,0.000000000000000000e+00,0.000000000000000000e+00
3.587607378065197500e-02,-9.603488637104767855e-01,8.843415503013289936e-01,7.484854020940555352e-02,-7.159424460679554569e-03,8.151734610477361365e-01,5.743158251984432638e-01,2.912644684839701265e-03,2.754188091945582867e-02,2.291013720447371282e-01,6.668816742868394210e-01,-7.431190000841927379e-01,1.095137144892078251e-01,-3.553963858121326203e-01,-3.037942145972949981e-01,-1.511828336680264839e-01,4.088799552412811233e-01,-3.443899552084935672e-02,1.404214269833643225e-01,-1.611412802304406089e-01,0.000000000000000000e+00,0.000000000000000000e+00,-1.433269887533497933e+00,5.342114758621590020e-01,-3.825516333308856542e-01,8.797100306523492064e-02,0.000000000000000000e+00,0.000000000000000000e+00,0.000000000000000000e+00,-1.413808968042799430e+00,-6.990470997592463931e-01,6.072781463979555205e-01,-2.996798831334915869e-01,0.000000000000000000e+00,0.000000000000000000e+00,0.000000000000000000e+00
3.603170388261232870e-02,-9.601904435045205410e-01,8.842014395502073576e-01,7.440632454940267204e-02,-7.722778268755788045e-03,8.157804220634966574e-01,5.735035837209433440e-01,1.104244173318842670e-03,2.954496207185541845e-02,2.273834041721632948e-01,6.706312389775566096e-01,-7.454234111074531377e-01,1.115589834483774467e-01,-3.536207725462803819e-01,-3.020783314881425041e-01,-1.514246279466808787e-01,4.070161371386657456e-01,-3.713004490746383418e-02,1.390798455750034690e-01,-1.619719391943364173e-01,0.000000000000000000e+00,0.000000000000000000e+00,-1.433357685694337968e+00,5.285370117271873669e-01,-3.826514603467174869e-01,8.963639356179510520e-02,0.000000000000000000e+00,0.000000000000000000e+00,0.000000000000000000e+00,-1.412060384156947679e+00,-7.005483101600532558e-01,6.059552184699333877e-01,-2.992283574106963107e-01,0.000000000000000000e+00,0.000000000000000000e+00,0.000000000000000000e+00
3.649322133832097470e-02,-9.597911838186392597e-01,8.841812621187371546e-01,7.444310598233679077e-02,-6.412624256800360939e-03,8.161651331620486394e-01,5.729673442984514198e-01,4.792077225067269131e-04,2.767325793366080464e-02,2.270689003684859542e-01,6.686020921049112831e-01,-7.453271455810470680e-01,1.099673328744309037e-01,-3.574035325234427574e-01,-3.053366747535053993e-01,-1.526621342210914833e-01,4.122385270784158506e-01,-3.749569928024227422e-02,1.364065938728519223e-01,-1.629128234274587195e-01,0.000000000000000000e+00,0.000000000000000000e+00,-1.434965093243556700e+00,5.328209413296728370e-01,-3.849566399895757440e-01,9.164974019716193299e-02,0.000000000000000000e+00,0.000000000000000000e+00,0.000000000000000000e+00,-1.411915538687261495e+00,-7.028225060337596197e-01,6.075502329316005978e-01,-2.939359821549322183e-01,0.000000000000000000e+00,0.000000000000000000e+00,0.000000000000000000e+00
3.696193107787973386e-02,-9.591776723271283611e-01,8.843790453763982207e-01,7.376005793887746576e-02,-5.213615632145006049e-03,8.160891195405746146e-01,5.731760820484265162e-01,-1.236341674629472254e-03,2.603297121000976502e-02,2.250348272722541565e-01,6.663312022697331916e-01,-7.421189547823019428e-01,1.095695366260089620e-01,-3.594329612056215151e-01,-3.058874832399360866e-01,-1.535611637719270228e-01,4.118871455746922483e-01,-4.032771952375380220e-02,1.354244186047026399e-01,-1.634206403765157967e-01,0.000000000000000000e+00,0.000000000000000000e+00,-1.436842866814449282e+00,5.346168803653050805e-01,-3.844189487905946834e-01,9.578663370144349654e-02,0.000000000000000000e+00,0.000000000000000000e+00,0.000000000000000000e+00,-1.413729460468060140e+00,-7.023924757609524283e-01,6.099926692093718961e-01,-2.885094874232481676e-01,0.000000000000000000e+00,0.000000000000000000e+00,0.000000000000000000e+00
3.756216683115512489e-02,-9.586215779013228522e-01,8.842496856997030807e-01,7.427951454870347636e-02,-4.328235998867525740e-03,8.169344700734646469e-01,5.719107375258272175e-01,-1.969461642672157287e-03,2.427609632601002154e-02,2.223174025157138023e-01,6.663697006464935901e-01,-7.391695723604332358e-01,1.079051623196937149e-01,-3.612792995609262481e-01,-3.079211253413187133e-01,-1.512916637962087307e-01,4.153151758058770682e-01,-3.878307874974315506e-02,1.296761753748122414e-01,-1.674245744468793873e-01,0.000000000000000000e+00,0.000000000000000000e+00,-1.440666275381517147e+00,5.405983479126805769e-01,-3.912039162956494343e-01,1.043051833642052451e-01,0.000000000000000000e+00,0.000000000000000000e+00,0.000000000000000000e+00,-1.418195653828277170e+00,-7.037817793095597629e-01,6.146406797689000223e-01,-2.790725869244126689e-01,0.000000000000000000e+00,0.000000000000000000e+00,0.000000000000000000e+00
3.818217274079505064e-02,-9.578927526436424866e-01,8.845195691688585438e-01,7.339913045373078204e-02,-2.209124976215450301e-03,8.173281622969323923e-01,5.714738511356368678e-01,-3.308200259818514649e-03,2.188378080137222750e-02,2.221823667883725262e-01,6.609950623035684147e-01,-7.384618957768005476e-01,1.077679652529167781e-01,-3.638465313113051769e-01,-3.098714346946586096e-01,-1.516357593250148572e-01,4.145377321401547688e-01,-4.689251826248457683e-02,1.305934047028664002e-01,-1.636060986592740851e-01,0.000000000000000000e+00,0.000000000000000000e+00,-1.442420358876338904e+00,5.342540348715623111e-01,-3.854255904157671275e-01,1.081592211959855887e-01,0.000000000000000000e+00,0.000000000000000000e+00,0.000000000000000000e+00,-1.415278711941777567e+00,-6.945401245117615030e-01,5.998852148537602291e-01,-2.763970007557674524e-01,0.000000000000000000e+00,0.000000000000000000e+00,0.000000000000000000e+00
3.855853923632792529e-02,-9.572413888334024845e-01,8.847291008068853824e-01,7.349117935381123401e-02,-2.462348442064820134e-03,8.169310844029297192e-01,5.720284841977627543e-01,-4.432977389269843194e-04,2.499029077052231443e-02,2.271149052984300920e-01,6.587185117846946492e-01,-7.371180234121118557e-01,1.061334527520040039e-01,-3.645146406525451854e-01,-3.092101201407421729e-01,-1.529689641238158038e-01,4.180883443527550480e-01,-4.469407260848098917e-02,1.308059184493284843e-01,-1.660207730924845582e-01,0.000000000000000000e+00,0.000000000000000000e+00,-1.442451595063944936e+00,5.409577864525518809e-01,-3.842698240898171358e-01,1.073935261862911245e-01,0.000000000000000000e+00,0.000000000000000000e+00,0.000000000000000000e+00,-1.413903235521471791e+00,-7.002277014302029645e-01,6.013970448674212932e-01,-2.728971244271346519e-01,0.000000000000000000e+00,0.000000000000000000e+00,0.000000000000000000e+00
3.912260649409270152e-02,-9.566012884214860623e-01,8.848039638818562258e-01,7.321035114044145697e-02,-1.457143240861166235e-03,8.177243354523047181e-01,5.709334746085189538e-01,-7.470713641529215521e-04,2.463206412462516995e-02,2.268058331563931329e-01,6.562496480405690669e-01,-7.373175647531569066e-01,1.052223226545235257e-01,-3.659219727803824651e-01,-3.099405320628478289e-01,-1.509708921143372296e-01,4.191412023829153011e-01,-4.700225071966611379e-02,1.293321075864555525e-01,-1.668908015908813214e-01,0.000000000000000000e+00,0.000000000000000000e+00,-1.439321955557414601e+00,5.360770170024004022e-01,-3.790861395144617396e-01,1.067219803886662877e-01,0.000000000000000000e+00,0.000000000000000000e+00,0.000000000000000000e+00,-1.411751939840455217e+00,-6.968589506733036121e-01,5.956745640190712621e-01,-2.732268609234580481e-01,0.000000000000000000e+00,0.000000000000000000e+00,0.000000000000000000e+00
3.965985407565462972e-02,-9.560440941067104292e-01,8.849011834229214557e-01,7.290183888991090544e-02,-6.042349289740516979e-04,8.178842503074598147e-01,5.707453984795894941e-01,-1.097967800688111339e-03,2.528381758440852514e-02,2.286361193468821051e-01,6.544675676948079612e-01,-7.361983772417499683e-01,1.025830127419303656e-01,-3.677777879738178268e-01,-3.101074742199920187e-01,-1.502779368386172321e-01,4.211162793369328528e-01,-5.183065390256943322e-02,1.269429557426596522e-01,-1.653390141036512606e-01,0.000000000000000000e+00,0.000000000000000000e+00,-1.431910359723264525e+00,5.289458383862661872e-01,-3.733179534897468899e-01,1.043846962294459613e-01,0.000000000000000000e+00,0.000000000000000000e+00,0.000000000000000000e+00,-1.413389033136064787e+00,-7.019791597421102258e-01,5.993004165815155604e-01,-2.794279178380599804e-01,0.000000000000000000e+00,0.000000000000000000e+00,0.000000000000000000e+00
4.017011754677906471e-02,-9.555973885830730818e-01,8.845293829673934738e-01,7.344424408401212245e-02,-1.566703267599171140e-05,8.170341585190505906e-01,5.718925830770493768e-01,-2.581624230486797428e-03,2.424197490199071769e-02,2.281645876607783785e-01,6.582670148807843180e-01,-7.321622317514618894e-01,1.025626503392622901e-01,-3.717524430596066964e-01,-3.102333657676458190e-01,-1.480806633365799874e-01,4.279838197329938754e-01,-5.593353896864738245e-02,1.217576044076588426e-01,-1.648631787838090168e-01,0.000000000000000000e+00,0.000000000000000000e+00,-1.428927955772800962e+00,5.325121030300410396e-01,-3.708885821687081252e-01,1.015883990451299790e-01,0.000000000000000000e+00,0.000000000000000000e+00,0.000000000000000000e+00,-1.410403921167947106e+00,-6.985195754130483214e-01,5.974556845140126526e-01,-2.781281500203601209e-01,0.000000000000000000e+00,0.000000000000000000e+00,0.000000000000000000e+00
4.049516209740489786e-02,-9.551361377849082457e-01,8.849272863269780354e-01,7.353469766606013369e-02,6.319669980704798601e-05,8.169541589417276262e-01,5.719952328762484273e-01,-7.364087973933536313e-04,2.563646983594953035e-02,2.312411830137877100e-01,6.555342589301909051e-01,-7.277989963204257728e-01,1.037186191910798166e-01,-3.697661091375952225e-01,-3.098981247488262203e-01,-1.489081286039541929e-01,4.252336659594902479e-01,-5.505076982534814339e-02,1.243630565208378308e-01,-1.669381853859423781e-01,0.000000000000000000e+00,0.000000000000000000e+00,-1.429201975041875183e+00,5.374691366882491383e-01,-3.788250082493518911e-01,1.004941303934463320e-01,0.000000000000000000e+00,0.000000000000000000e+00,0.000000000000000000e+00,-1.411737081769949054e+00,-7.000860527551652224e-01,6.015591871267234048e-01,-2.768182640717728460e-01,0.000000000000000000e+00,0.000000000000000000e+00,0.000000000000000000e+00
4.086507179581178040e-02,-9.546498984283039446e-01,8.848345728790860676e-01,7.351678349047431615e-02,3.255642871426451396e-04,8.171570559479000018e-01,5.717075497731959333e-01,-1.014648241741487877e-03,2.587215919607386075e-02,2.301866826851584058e-01,6.556760925847989752e-01,-7.267499336444389613e-01,1.016594106939429087e-01,-3.700653417714003801e-01,-3.105935244014580432e-01,-1.498625768015880155e-01,4.257138113581557803e-01,-5.320806675830734578e-02,1.252927155262882897e-01,-1.701632724664841889e-01,0.000000000000000000e+00,0.000000000000000000e+00,-1.431617748990912098e+00,5.399414314754700239e-01,-3.770385266459669871e-01,1.000701506562410026e-01,0.000000000000000000e+00,0.000000000000000000e+00,0.000000000000000000e+00,-1.413391070036534636e+00,-6.986117627195671531e-01,6.034885344448303046e-01,-2.751503864388097353e-01,0.000000000000000000e+00,0.000000000000000000e+00,0.000000000000000000e+00
4.110475672330640012e-02,-9.540350605124083838e-01,8.854004046965161523e-01,7.272311581549126269e-02,1.059846704090636194e-03,8.175854657162265893e-01,5.711954406336177126e-01,-1.132101733965152485e-03,2.583388092571087952e-02,2.299195873160908565e-01,6.512865955574932419e-01,-7.237241145934993902e-01,1.017610911134999852e-01,-3.682867439898468986e-01,-3.105275787029027623e-01,-1.517402615128805865e-01,4.196298230075411473e-01,-5.211148019937994480e-02,1.250133535262790141e-01,-1.714896280224975922e-01,0.000000000000000000e+00,0.000000000000000000e+00,-1.430023963612280458e+00,5.325667769902578952e-01,-3.740230975694799342e-01,9.718711764089804639e-02,0.000000000000000000e+00,0.000000000000000000e+00,0.000000000000000000e+00,-1.415211334129537812e+00,-6.976034059967197720e-01,6.014225752040306405e-01,-2.768985747366812245e-01,0.000000000000000000e+00,0.000000000000000000e+00,0.000000000000000000e+00
4.145349668370131024e-02,-9.534279171264038455e-01,8.853033734713096070e-01,7.332141185159060659e-02,1.300110957766030702e-03,8.174373412826962948e-01,5.713304414717148560e-01,-5.584033303591626196e-04,2.626480772296285737e-02,2.315755382900589188e-01,6.524697296977822747e-01,-7.192620307598637241e-01,1.012932277035477752e-01,-3.684905614339868962e-01,-3.099339337968159969e-01,-1.480745038625300436e-01,4.212469164597784643e-01,-5.305670392396887036e-02,1.219153941164975996e-01,-1.715656221948918814e-01,0.000000000000000000e+00,0.000000000000000000e+00,-1.431761384856966801e+00,5.371271969396220758e-01,-3.780633965725917478e-01,9.777032176879013603e-02,0.000000000000000000e+00,0.000000000000000000e+00,0.000000000000000000e+00,-1.415042572358935269e+00,-6.987649420933604860e-01,5.997139192463704083e-01,-2.721757762983044726e-01,0.000000000000000000e+00,0.000000000000000000e+00,0.000000000000000000e+00
4.183080061923787757e-02,-9.522905836377354438e-01,8.859496254940564253e-01,7.209230754782068595e-02,2.853028161178405332e-03,8.181365798192867800e-01,5.704797070749693111e-01,-2.478997892950106363e-04,2.507473054054039363e-02,2.299998083645626024e-01,6.443706763218506328e-01,-7.160316091266420990e-01,9.677044883218977045e-02,-3.694514144820816859e-01,-3.115575565608759145e-01,-1.508776763934506215e-01,4.193248808596797272e-01,-5.448442066503070974e-02,1.235847537034290983e-01,-1.724767921288025696e-01,0.000000000000000000e+00,0.000000000000000000e+00,-1.439019355962960045e+00,5.424716422503212954e-01,-3.846415954643072621e-01,9.203475857419682327e-02,0.000000000000000000e+00,0.000000000000000000e+00,0.000000000000000000e+00,-1.413254660417811115e+00,-6.945972720868344163e-01,5.946978832518529101e-01,-2.720418815964542048e-01,0.000000000000000000e+00,0.000000000000000000e+00,0.000000000000000000e+00
4.222436739215672946e-02,-9.512564060207555627e-01,8.860759208920693242e-01,7.144791061074322325e-02,3.422885884681809224e-03,8.176806659963239410e-01,5.712108265582758193e-01,-1.106622449287948673e-03,2.706205001667807281e-02,2.320903374731445035e-01,6.443120067540432094e-01,-7.104362389417890888e-01,9.193967541165416757e-02,-3.710031588814247661e-01,-3.107628036847310815e-01,-1.523687319539908103e-01,4.214167441140221348e-01,-6.047335432500443309e-02,1.221646541300309557e-01,-1.746919815325538028e-01,0.000000000000000000e+00,0.000000000000000000e+00,-1.440859964495498913e+00,5.479553349066837997e-01,-3.857532089146637477e-01,9.080815417550811008e-02,0.000000000000000000e+00,0.000000000000000000e+00,0.000000000000000000e+00,-1.415496073058723825e+00,-6.995574164781952486e-01,5.992867320165738976e-01,-2.734986257267226217e-01,0.000000000000000000e+00,0.000000000000000000e+00,0.000000000000000000e+00
4.261221622562390288e-02,-9.500938039841672067e-01,8.861374814758163909e-01,7.048245737349417839e-02,4.085305025192180819e-03,8.175223837382078473e-01,5.715528720708560328e-01,-2.178488180726596141e-03,2.876832608068919869e-02,2.332653971460570130e-01,6.439427574599742021e-01,-7.087313304186265706e-01,8.908850267889593944e-02,-3.722357881936329549e-01,-3.104726494134923964e-01,-1.549445703292499643e-01,4.215966848474437256e-01,-6.429739202981590851e-02,1.232946311383890520e-01,-1.760657221726056598e-01,0.000000000000000000e+00,0.000000000000000000e+00,-1.443269081360386341e+00,5.487295664234365100e-01,-3.824247138136332991e-01,8.950262978737878738e-02,0.000000000000000000e+00,0.000000000000000000e+00,0.000000000000000000e+00,-1.417477935885384399e+00,-7.019148248408109136e-01,6.000997631553437461e-01,-2.746063595012297465e-01,0.000000000000000000e+00,0.000000000000000000e+00,0.000000000000000000e+00
4.290085706502096835e-02,-9.489488360505061726e-01,8.863754075405958499e-01,6.908268385398706746e-02,4.586936144391064868e-03,8.165579012103089118e-01,5.730966208060852551e-01,-2.877496157265790888e-03,3.055007870734030573e-02,2.349703295193019681e-01,6.423325617576560731e-01,-7.071418136991518555e-01,9.020725943742124997e-02,-3.743420743540700757e-01,-3.071542953262331177e-01,-1.544510890888625421e-01,4.215102102373158854e-01,-6.838779577730086379e-02,1.250831447346859859e-01,-1.778849602209927050e-01,0.000000000000000000e+00,0.000000000000000000e+00,-1.444110722376056311e+00,5.502297182088713434e-01,-3.827884610587709013e-01,8.870816803638133241e-02,0.000000000000000000e+00,0.000000000000000000e+00,0.000000000000000000e+00,-1.419629570768320193e+00,-7.053797200697652370e-01,6.041763280777686651e-01,-2.733825024627716260e-01,0.000000000000000000e+00,0.000000000000000000e+00,0.000000000000000000e+00
4.332176290365634397e-02,-9.480713672397512726e-01,8.862922582232652946e-01,6.952891754564305415e-02,4.328654356817023333e-03,8.152427542040208142e-01,5.749141188857985751e-01,-2.486659438902152908e-03,3.211566340415566989e-02,2.368485815036055764e-01,6.453677440354356198e-01,-6.996906463816807697e-01,9.032110964825100508e-02,-3.745521559727698069e-01,-3.040512772676881026e-01,-1.510608059137434900e-01,4.226871801050233191e-01,-6.910073773467138858e-02,1.229536046373738978e-01,-1.774107292609441722e-01,0.000000000000000000e+00,0.000000000000000000e+00,-1.443630216634717023e+00,5.546188441929948976e-01,-3.829773334424896869e-01,9.053967401225888889e-02,0.000000000000000000e+00,0.000000000000000000e+00,0.000000000000000000e+00,-1.422813042269729822e+00,-7.067337137342383224e-01,6.089604399704224846e-01,-2.713016409294738418e-01,0.000000000000000000e+00,0.000000000000000000e+00,0.000000000000000000e+00
4.381869249085065809e-02,-9.472292276082713292e-01,8.863187961081544497e-01,6.924181473184787272e-02,4.802789676559096957e-03,8.161333351471680153e-01,5.736801230350627723e-01,-3.900975046648724048e-03,3.244095829012728915e-02,2.338015006612201296e-01,6.456032392320468771e-01,-6.964106836025076852e-01,8.690636471342792768e-02,-3.752912214134128677e-01,-3.060416740090248777e-01,-1.548025648927824349e-01,4.263479732962440205e-01,-7.374573932554864819e-02,1.217935979430701532e-01,-1.793884754714212826e-01,0.000000000000000000e+00,0.000000000000000000e+00,-1.445663408501341562e+00,5.522581183428189044e-01,-3.864671226782349645e-01,9.468435340471724471e-02,0.000000000000000000e+00,0.000000000000000000e+00,0.000000000000000000e+00,-1.425608456833634907e+00,-7.097232660807318849e-01,6.071440793846764050e-01,-2.714005037210327487e-01,0.000000000000000000e+00,0.000000000000000000e+00,0.000000000000000000e+00
4.400590413524738814e-02,-9.464670900265781395e-01,8.863998455100702278e-01,6.809071268299257684e-02,5.698569025197466192e-03,8.151307143534706201e-01,5.752330829107359378e-01,-4.737221164114888139e-03,3.179669290725085917e-02,2.338120382126469277e-01,6.431927476238386010e-01,-6.965213976011080943e-01,8.657989095989623851e-02,-3.790544730770641912e-01,-3.032802623927737806e-01,-1.511453543075094164e-01,4.270601159322850449e-01,-7.645411629791212804e-02,1.238255371775877356e-01,-1.800321291828111403e-01,0.000000000000000000e+00,0.000000000000000000e+00,-1.448266037266549899e+00,5.540710165866011838e-01,-3.847126343306856988e-01,9.404526205629033797e-02,0.000000000000000000e+00,0.000000000000000000e+00,0.000000000000000000e+00,-1.416957189486751645e+00,-7.004199633580868722e-01,5.966958329809008976e-01,-2.684764880698993217e-01,0.000000000000000000e+00,0.000000000000000000e+00,0.000000000000000000e+00
4.420390092988026737e-02,-9.459843148589964779e-01,8.862966813320811710e-01,6.789280538421287037e-02,5.289732050590572644e-03,8.138469730358922627e-01,5.770751165942015204e-01,-5.369653707330279691e-03,3.454697014648833164e-02,2.369661643861457057e-01,6.467675919723635536e-01,-6.924664782374919669e-01,8.685545122867474599e-02,-3.790886972927300369e-01,-2.993662815535178545e-01,-1.484295992052037938e-01,4.260745837103738221e-01,-7.806622887267605782e-02,1.241880733639129514e-01,-1.808350499555928526e-01,0.000000000000000000e+00,0.000000000000000000e+00,-1.449305045480247855e+00,5.572555125211199334e-01,-3.812591657371023346e-01,9.718009294443613610e-02,0.000000000000000000e+00,0.000000000000000000e+00,0.000000000000000000e+00,-1.414556629673441757e+00,-7.005359806918014520e-01,5.925681344571271936e-01,-2.677689241954844257e-01,0.000000000000000000e+00,0.000000000000000000e+00,0.000000000000000000e+00
4.420689924669413823e-02,-9.455253868310242726e-01,8.863624084514879486e-01,6.758913549944298160e-02,5.165440163164886425e-03,8.122249188344637938e-01,5.793925337926865149e-01,-4.585192789023986859e-03,3.588676173252504376e-02,2.403030416276539238e-01,6.470895476889115816e-01,-6.901713343034963088e-01,8.745088276849899422e-02,-3.799079021461476136e-01,-2.965127598340972503e-01,-1.478606163551980657e-01,4.251962524296232226e-01,-7.645474850449021642e-02,1.234859097746982826e-01,-1.814688497098378150e-01,0.000000000000000000e+00,0.000000000000000000e+00,-1.451633600697917137e+00,5.646231483262462714e-01,-3.868432446508605072e-01,9.492822931454145130e-02,0.000000000000000000e+00,0.000000000000000000e+00,0.000000000000000000e+00,-1.412183674994135885e+00,-6.986170773907599552e-01,5.927070733544795855e-01,-2.655728722327078128e-01,0.000000000000000000e+00,0.000000000000000000e+00,0.000000000000000000e+00
4.428607516046164511e-02,-9.453089940473282660e-01,8.866755775260040107e-01,6.784191298229542977e-02,4.996999003487634025e-03,8.117728016126021240e-01,5.799977787939265550e-01,-4.436988911381669135e-03,3.659046005909891153e-02,2.407883384458174014e-01,6.472006052403839194e-01,-6.818480721737820716e-01,8.425983214234766816e-02,-3.770284046869976646e-01,-2.955196792838120090e-01,-1.481942225239766264e-01,4.208852964042421041e-01,-7.630066731416702830e-02,1.252077128753761870e-01,-1.789019540544141418e-01,0.000000000000000000e+00,0.000000000000000000e+00,-1.448712301757157261e+00,5.581886064604767439e-01,-3.911088518216492282e-01,9.771015296785293125e-02,0.000000000000000000e+00,0.000000000000000000e+00,0.000000000000000000e+00,-1.411926731173118288e+00,-7.006940952545090973e-01,5.962621610365412828e-01,-2.670946150863396373e-01,0.000000000000000000e+00,0.000000000000000000e+00,0.000000000000000000e+00
4.413360286585223807e-02,-9.451168238781468833e-01,8.869954585332937569e-01,6.834790682958420682e-02,5.178859258607585066e-03,8.110460029298242057e-01,5.809527727624246296e-01,-1.993613447029050911e-03,3.635419450845869815e-02,2.439876058771391631e-01,6.441944527968017642e-01,-6.762816351870837295e-01,8.143614426935293082e-02,-3.752824986627023018e-01,-2.949760649850174388e-01,-1.463481088388340345e-01,4.177723571694672011e-01,-7.505000977419953867e-02,1.254504838801278610e-01,-1.785597527108096771e-01,0.000000000000000000e+00,0.000000000000000000e+00,-1.446488220965865379e+00,5.534490139878101012e-01,-3.821400804100177906e-01,9.666502239350344139e-02,0.000000000000000000e+00,0.000000000000000000e+00,0.000000000000000000e+00,-1.407809767602667961e+00,-6.959526810951185416e-01,5.879600975552896625e-01,-2.662121810551644763e-01,0.000000000000000000e+00,0.000000000000000000e+00,0.000000000000000000e+00
4.374448054342542497e-02,-9.448627663565899448e-01,8.874291505086494558e-01,6.857224994985219868e-02,5.648461718756645801e-03,8.103512265764699629e-01,5.818907380282293262e-01,7.581692709739476510e-05,3.519897288929858120e-02,2.466617775079832653e-01,6.398786065327390915e-01,-6.693520603507521205e-01,7.865261052642480433e-02,-3.742081604439085329e-01,-2.942802808347007582e-01,-1.429568871767696314e-01,4.139605528283925584e-01,-7.214425246340970543e-02,1.253926865677073843e-01,-1.795086252553297346e-01,0.000000000000000000e+00,0.000000000000000000e+00,-1.447171836496161879e+00,5.568455868267800923e-01,-3.862998884627902307e-01,9.038805805800699533e-02,0.000000000000000000e+00,0.000000000000000000e+00,0.000000000000000000e+00,-1.404411518712452844e+00,-6.922756550326246705e-01,5.845903325694759012e-01,-2.659052954307257743e-01,0.000000000000000000e+00,0.000000000000000000e+00,0.000000000000000000e+00
4.322032771047623623e-02,-9.448072340014510573e-01,8.879014301170131684e-01,6.880688599864588639e-02,4.678957107213657304e-03,8.082911713233569273e-01,5.847299395107746767e-01,1.678929952393336950e-03,3.875427271335702556e-02,2.540505873719401952e-01,6.410874290080876836e-01,-6.553009669014407956e-01,7.792213823075846979e-02,-3.703401670863359918e-01,-2.902498687301544034e-01,-1.421732032483099539e-01,4.073796774423238953e-01,-6.786377026594722639e-02,1.270674580621210803e-01,-1.797878478996137730e-01,0.000000000000000000e+00,0.000000000000000000e+00,-1.445651815412264396e+00,5.565184169338123210e-01,-3.870787630677298696e-01,8.952971825754058033e-02,0.000000000000000000e+00,0.000000000000000000e+00,0.000000000000000000e+00,-1.408151977945735434e+00,-6.981681435612672182e-01,5.908950050958134970e-01,-2.700838740591551268e-01,0.000000000000000000e+00,0.000000000000000000e+00,0.000000000000000000e+00
4.259489947518413366e-02,-9.448925930559974873e-01,8.878103138008197615e-01,6.858761018354790628e-02,4.461055084510951417e-03,8.082996353059330730e-01,5.847457039441492643e-01,4.164933960365303778e-04,3.638739448838616136e-02,2.494478814583169779e-01,6.424849001388671654e-01,-6.566107739341975336e-01,8.294545227396477038e-02,-3.698770713635409213e-01,-2.889304323810189534e-01,-1.386732188827049239e-01,4.065517149485095572e-01,-7.115955616410711559e-02,1.283855089858920162e-01,-1.747822987007475459e-01,0.000000000000000000e+00,0.000000000000000000e+00,-1.447946147091206281e+00,5.509726487725791211e-01,-3.905212886568024677e-01,9.080413770434142551e-02,0.000000000000000000e+00,0.000000000000000000e+00,0.000000000000000000e+00,-1.403742079951475930e+00,-6.969932365796402962e-01,5.844284427146059224e-01,-2.674622950784265596e-01,0.000000000000000000e+00,0.000000000000000000e+00,0.000000000000000000e+00
4.193911758662128425e-02,-9.450660802388370918e-01,8.878254799610758585e-01,6.834171022334904755e-02,4.153678758116121153e-03,8.076413328090171762e-01,5.856856111729202841e-01,-7.475519964683652319e-05,3.654704312135462208e-02,2.506194149845764052e-01,6.437622291176920974e-01,-6.554549817257944166e-01,8.300942958046898801e-02,-3.692840943118382291e-01,-2.868835951628374015e-01,-1.354271580346783910e-01,4.037915153323446971e-01,-7.016635102331417184e-02,1.305086347025685156e-01,-1.727078371078475949e-01,0.000000000000000000e+00,0.000000000000000000e+00,-1.451632991413961626e+00,5.493289966129715207e-01,-3.896805953717589199e-01,9.142962311122157515e-02,0.000000000000000000e+00,0.000000000000000000e+00,0.000000000000000000e+00,-1.399851910591157544e+00,-6.939796128765598482e-01,5.808357227317905158e-01,-2.674498017846688169e-01,0.000000000000000000e+00,0.000000000000000000e+00,0.000000000000000000e+00
4.127719660473695013e-02,-9.455157763657070502e-01,8.880612263053834221e-01,6.736222001677484583e-02,3.925887982593563238e-03,8.069925100230533888e-01,5.866941345238186889e-01,-1.989709847924275160e-03,3.701294189396815010e-02,2.509148265504151376e-01,6.439722352725540944e-01,-6.528981621408821434e-01,8.289270745818685948e-02,-3.690645501671507289e-01,-2.837557214255853610e-01,-1.328448731034247154e-01,3.985554140038650162e-01,-6.603932408367907403e-02,1.311078075295535050e-01,-1.723057812495739083e-01,0.000000000000000000e+00,0.000000000000000000e+00,-1.453745648993002071e+00,5.503371145995520353e-01,-3.878074656285254718e-01,8.901624436957519815e-02,0.000000000000000000e+00,0.000000000000000000e+00,0.000000000000000000e+00,-1.401782253956977975e+00,-6.989486978451685539e-01,5.786584501517645363e-01,-2.713213491423935864e-01,0.000000000000000000e+00,0.000000000000000000e+00,0.000000000000000000e+00
4.079051014470809478e-02,-9.465335975189710371e-01,8.877925592496748175e-01,6.801801230714550617e-02,3.331690084414636304e-03,8.063691734066976702e-01,5.874786855898399551e-01,-1.303080396686022435e-03,3.635083259039982584e-02,2.533804731593196635e-01,6.457104840438193660e-01,-6.581770339959481797e-01,8.957586279941928686e-02,-3.684937754322679671e-01,-2.837458726348808247e-01,-1.316708491723301566e-01,3.978232295027007148e-01,-6.363707132501206232e-02,1.347662266538782738e-01,-1.679998631243030116e-01,0.000000000000000000e+00,0.000000000000000000e+00,-1.456321121971159371e+00,5.482944248440972945e-01,-3.888699484644326243e-01,9.542949410314856273e-02,0.000000000000000000e+00,0.000000000000000000e+00,0.000000000000000000e+00,-1.400310232630711971e+00,-6.938881964376470979e-01,5.803834723147998087e-01,-2.661659864383085217e-01,0.000000000000000000e+00,0.000000000000000000e+00,0.000000000000000000e+00
4.053340456060956776e-02,-9.479933980623689305e-01,8.873683188176401115e-01,6.902540223594567925e-02,3.040211662034328528e-03,8.050128123075467323e-01,5.892203518038997556e-01,-3.500197293568051843e-03,3.567927019410596645e-02,2.559797120534880732e-01,6.515981269542829857e-01,-6.548657737085898933e-01,8.981270364702130526e-02,-3.708114056643418421e-01,-2.827495321543977980e-01,-1.271976600608147601e-01,4.008891435656048996e-01,-6.480824808679649940e-02,1.318621543364246473e-01,-1.669694540980765918e-01,0.000000000000000000e+00,0.000000000000000000e+00,-1.457016600607606405e+00,5.542712656399341187e-01,-3.894617240822185744e-01,1.024897779738246223e-01,0.000000000000000000e+00,0.000000000000000000e+00,0.000000000000000000e+00,-1.401887737122298416e+00,-6.922571971535474988e-01,5.798987072197763215e-01,-2.625116582760584905e-01,0.000000000000000000e+00,0.000000000000000000e+00,0.000000000000000000e+00
4.022692487139487710e-02,-9.498125298058979205e-01,8.873072449235416270e-01,6.921241269737476998e-02,2.763831106301747800e-03,8.047219132028513577e-01,5.895970196476298941e-01,-4.979376767089900915e-03,3.500053310718063970e-02,2.579074417573476996e-01,6.527776762078100203e-01,-6.587390342573741231e-01,9.354341501466020836e-02,-3.719695902780163488e-01,-2.816881984914921810e-01,-1.231739502100953065e-01,3.996544113477293325e-01,-6.101076157736819855e-02,1.345950498527306582e-01,-1.668019323662907616e-01,0.000000000000000000e+00,0.000000000000000000e+00,-1.461079445040577296e+00,5.610630705501463700e-01,-3.958988061538342151e-01,1.030893002916168505e-01,0.000000000000000000e+00,0.000000000000000000e+00,0.000000000000000000e+00,-1.404445058382674860e+00,-6.925425831303483326e-01,5.806030428665335252e-01,-2.636070692673344595e-01,0.000000000000000000e+00,0.000000000000000000e+00,0.000000000000000000e+00
4.017522000547100319e-02,-9.522662329963650363e-01,8.872017112354201318e-01,6.980601623811732992e-02,2.962226823064309077e-03,8.050490782555337343e-01,5.890792195529640507e-01,-8.802508482840348120e-03,3.079171605359378588e-02,2.539169464866996018e-01,6.545718385449884602e-01,-6.617124990883122004e-01,9.937789308754536866e-02,-3.740112001823813204e-01,-2.833795407320763293e-01,-1.216170663992622580e-01,3.996222535899816020e-01,-5.634846937381841198e-02,1.319794400998871853e-01,-1.672715252505067030e-01,0.000000000000000000e+00,0.000000000000000000e+00,-1.463313006335252853e+00,5.619127696146580808e-01,-4.029531285586388512e-01,1.085698462818383142e-01,0.000000000000000000e+00,0.000000000000000000e+00,0.000000000000000000e+00,-1.407710185438191042e+00,-6.916397182086883033e-01,5.852116041277127811e-01,-2.611087699969272258e-01,0.000000000000000000e+00,0.000000000000000000e+00,0.000000000000000000e+00
3.983512953245746391e-02,-9.553678125046790592e-01,8.865272409920401664e-01,7.005205857636503941e-02,2.416061354170146933e-03,8.035846003922558767e-01,5.910487811925224655e-01,-1.319162149432576321e-02,2.945493426681452739e-02,2.562648103566066982e-01,6.610780693207682912e-01,-6.709929879655112117e-01,1.074217073177052978e-01,-3.775968999199334486e-01,-2.812638606161326216e-01,-1.172961956702358866e-01,3.996052087125869789e-01,-5.419439088356770712e-02,1.366519451011014019e-01,-1.645616674951571601e-01,0.000000000000000000e+00,0.000000000000000000e+00,-1.464671919667919209e+00,5.645546271895789392e-01,-4.032555411610463936e-01,1.117491087288506046e-01,0.000000000000000000e+00,0.000000000000000000e+00,0.000000000000000000e+00,-1.412172281309996169e+00,-6.952916514345190979e-01,5.915054949042520827e-01,-2.568685280903096335e-01,0.000000000000000000e+00,0.000000000000000000e+00,0.000000000000000000e+00
3.961541059716542496e-02,-9.589058971321212654e-01,8.866365385509838992e-01,7.067174564321199171e-02,2.730503780709959364e-03,8.035978132562647813e-01,5.909556694428063084e-01,-1.616060921790537022e-02,2.581022314409129118e-02,2.567617027820066067e-01,6.598829830300939614e-01,-6.751412548207823550e-01,1.077773788379461500e-01,-3.807869117648305379e-01,-2.829148532980588771e-01,-1.139986152602449621e-01,3.991464630705550132e-01,-4.458924786355387276e-02,1.388859142152408244e-01,-1.616408001730408606e-01,0.000000000000000000e+00,0.000000000000000000e+00,-1.468650399361965064e+00,5.699289441583260674e-01,-4.157981363783244677e-01,1.079796812780939447e-01,0.000000000000000000e+00,0.000000000000000000e+00,0.000000000000000000e+00,-1.419653695073123556e+00,-7.009523835561810579e-01,5.985637239297507683e-01,-2.576251539785052169e-01,0.000000000000000000e+00,0.000000000000000000e+00,0.000000000000000000e+00
3.930089284652775461e-02,-9.633446988546655598e-01,8.860420045592598548e-01,7.131083486522726833e-02,2.747302247896520229e-03,8.027361464788914658e-01,5.920488968804892282e-01,-2.252843967498330963e-02,2.286905979503923644e-02,2.592954366475793138e-01,6.661802520140071016e-01,-6.829875509090813646e-01,1.146014567379414067e-01,-3.870224321291834135e-01,-2.849401701777264373e-01,-1.133481566640367755e-01,4.032563802586312529e-01,-3.862285775108455915e-02,1.424085479647096142e-01,-1.573930860481209670e-01,0.000000000000000000e+00,0.000000000000000000e+00,-1.469096920614960444e+00,5.716796177797032197e-01,-4.133231532349547210e-01,1.094070773116768702e-01,0.000000000000000000e+00,0.000000000000000000e+00,0.000000000000000000e+00,-1.416826410694069782e+00,-6.994348831030093860e-01,5.956907021937443147e-01,-2.548664024616864587e-01,0.000000000000000000e+00,0.000000000000000000e+00,0.000000000000000000e+00
3.902944110535113559e-02,-9.682526801630449986e-01,8.855418427958400285e-01,7.199540803026965863e-02,2.746433668357244496e-03,8.029926098706148263e-01,5.916181089333225618e-01,-2.946618556738844763e-02,1.981656379727005091e-02,2.604370931068758499e-01,6.716139273166186197e-01,-6.921398479927752811e-01,1.208483344994310538e-01,-3.920063504045854241e-01,-2.883777695414772579e-01,-1.141573845488371430e-01,4.076348381098040541e-01,-3.545863817347412461e-02,1.441972797766583603e-01,-1.538001191173254678e-01,0.000000000000000000e+00,0.000000000000000000e+00,-1.466187168524197393e+00,5.745137609070912754e-01,-4.144910994896165435e-01,1.067852545022985183e-01,0.000000000000000000e+00,0.000000000000000000e+00,0.000000000000000000e+00,-1.413898352812894554e+00,-7.028494893063641502e-01,5.945694011051201322e-01,-2.547681223769878156e-01,0.000000000000000000e+00,0.000000000000000000e+00,0.000000000000000000e+00
3.856214918669877839e-02,-9.732735324673013055e-01,8.856950302582837775e-01,7.203418120794849444e-02,2.585025573918956973e-03,8.021873514568396146e-01,5.927055318985520183e-01,-3.495133998029142930e-02,1.539598134358884443e-02,2.596463468016522724e-01,6.715939093316846131e-01,-6.989339211451220946e-01,1.262995702775082107e-01,-3.947829750730432741e-01,-2.877520575498559996e-01,-1.113314016974595727e-01,4.059635308194646797e-01,-2.614023140812941903e-02,1.513199556989852923e-01,-1.490846509593387603e-01,0.000000000000000000e+00,0.000000000000000000e+00,-1.462585943328702287e+00,5.701578827036456465e-01,-4.076914020836905350e-01,1.050414495297132267e-01,0.000000000000000000e+00,0.000000000000000000e+00,0.000000000000000000e+00,-1.414061207827599143e+00,-7.045775206063282781e-01,5.956909263690959300e-01,-2.544398991720909775e-01,0.000000000000000000e+00,0.000000000000000000e+00,0.000000000000000000e+00
3.812643201797866893e-02,-9.786757320879899691e-01,8.858981105326508843e-01,7.312316590231594804e-02,1.921526829520304666e-03,8.020769882059839428e-01,5.927240634000643382e-01,-4.058615688383098580e-02,1.207189570573868193e-02,2.601466993957691765e-01,6.744961606688885114e-01,-6.977182642266417378e-01,1.331368265765557335e-01,-3.947966781680075088e-01,-2.892530155525837587e-01,-1.112576410813192057e-01,4.066130311596352076e-01,-1.574736430165777842e-02,1.529098623601688189e-01,-1.457558876490623045e-01,0.000000000000000000e+00,0.000000000000000000e+00,-1.458107611161067130e+00,5.724951076558951746e-01,-4.059921067222100333e-01,9.492618731427748813e-02,0.000000000000000000e+00,0.000000000000000000e+00,0.000000000000000000e+00,-1.414342727271619804e+00,-7.077434145048465686e-01,6.002570470529181579e-01,-2.598660069145636298e-01,0.000000000000000000e+00,0.000000000000000000e+00,0.000000000000000000e+00
3.770890664138452919e-02,-9.840054092918678608e-01,8.867386211681688168e-01,7.366305306760340121e-02,2.377664064728092497e-03,8.020399369506837628e-01,5.927056949806518427e-01,-4.445890309679315089e-02,6.946078033209221458e-03,2.615797342483238697e-01,6.686158290038090035e-01,-6.949190023803317739e-01,1.358531996765347805e-01,-3.950804330612914250e-01,-2.908098372725733127e-01,-1.088182413835498130e-01,4.096505361335339157e-01,-5.469726301450029277e-03,1.563400177235950428e-01,-1.438083897459882243e-01,0.000000000000000000e+00,0.000000000000000000e+00,-1.455018049530031776e+00,5.745946377828542451e-01,-3.985277148981773432e-01,8.401168937421601979e-02,0.000000000000000000e+00,0.000000000000000000e+00,0.000000000000000000e+00,-1.414890005018575536e+00,-7.089574728856909980e-01,5.984561352313545468e-01,-2.653698309736245986e-01,0.000000000000000000e+00,0.000000000000000000e+00,0.000000000000000000e+00
3.735176251723306556e-02,-9.896031799965293585e-01,8.874706119686733841e-01,7.405621224386957357e-02,2.026551941535360661e-03,8.020559020926278926e-01,5.926363981681344040e-01,-4.876692293615247226e-02,2.771988368648628520e-03,2.612046076926423654e-01,6.646372001178691979e-01,-6.945797829608014728e-01,1.427434769945739867e-01,-3.898438621964839812e-01,-2.911539221152452672e-01,-1.114398031368829256e-01,4.252487161437198404e-01,-1.694680004017933006e-02,1.504232532182819548e-01,-1.377276116144989515e-01,0.000000000000000000e+00,0.000000000000000000e+00,-1.449638058580316580e+00,5.680167896381036474e-01,-3.977502631039243619e-01,7.239606819511952562e-02,0.000000000000000000e+00,0.000000000000000000e+00,0.000000000000000000e+00,-1.417043654577901712e+00,-7.118898431941188543e-01,6.004366874827502532e-01,-2.743930728982099665e-01,0.000000000000000000e+00,0.000000000000000000e+00,0.000000000000000000e+00
3.687002336709677836e-02,-9.950569281639868313e-01,8.890726216209650090e-01,7.237255795683017467e-02,1.483958102647207639e-03,8.009022982668622115e-01,5.944034987733437525e-01,-5.241837275398154861e-02,4.343947338405040881e-03,2.685167401051857250e-01,6.554713719545265382e-01,-6.922909166437827277e-01,1.450722970123324296e-01,-3.841341253786711429e-01,-2.888981916327277299e-01,-1.213276076888598620e-01,4.600567336510314465e-01,-5.147732118532789836e-02,1.458421451987117201e-01,-1.319363880609464579e-01,0.000000000000000000e+00,0.000000000000000000e+00,-1.450543998855638117e+00,5.762927646474750309e-01,-3.879220694246069412e-01,5.659029720944136477e-02,0.000000000000000000e+00,0.000000000000000000e+00,0.000000000000000000e+00,-1.411997304603922698e+00,-7.123089145203415073e-01,5.905137281910354252e-01,-2.753662342066730551e-01,0.000000000000000000e+00,0.000000000000000000e+00,0.000000000000000000e+00
3.660210408974542279e-02,-1.000307123286113153e+00,8.905772046080947524e-01,7.048128605824868775e-02,1.976946058894705344e-04,7.996425237335040848e-01,5.963255683513246641e-01,-5.594539567205890351e-02,6.562627792351879985e-03,2.719888165683019832e-01,6.471469380273842109e-01,-6.917780766968556483e-01,1.462608054602431429e-01,-3.765306348385875079e-01,-2.796401183963565518e-01,-1.213292818621255487e-01,5.136689435538781545e-01,-1.145779066718525668e-01,1.306063264756399667e-01,-1.245667715918127166e-01,0.000000000000000000e+00,0.000000000000000000e+00,-1.451055383982769786e+00,5.800972222717464266e-01,-3.847066961864825108e-01,4.155719889201166944e-02,0.000000000000000000e+00,0.000000000000000000e+00,0.000000000000000000e+00,-1.406589960768129810e+00,-7.109212202208293752e-01,5.789560847330121884e-01,-2.819434101408043736e-01,0.000000000000000000e+00,0.000000000000000000e+00,0.000000000000000000e+00
3.655670901647112975e-02,-1.005252933795073522e+00,8.927216154066182074e-01,6.851009174233829713e-02,-2.651203241348975073e-03,7.993847740966013582e-01,5.968947322546539480e-01,-5.804823725605857271e-02,1.268302237745084354e-02,2.737953502026020947e-01,6.383913273462533677e-01,-6.831669843093376437e-01,1.464372154428418837e-01,-3.669503765516556881e-01,-2.655464301066602917e-01,-1.154666897507158618e-01,5.865456263976368545e-01,-1.955017607006455937e-01,1.109987424344811291e-01,-1.197053395140099952e-01,0.000000000000000000e+00,0.000000000000000000e+00,-1.445910975152523203e+00,5.753258899530099280e-01,-3.819332996180535011e-01,3.205925230404544496e-02,0.000000000000000000e+00,0.000000000000000000e+00,0.000000000000000000e+00,-1.399156445387693681e+00,-7.134369663965213215e-01,5.701216578747216879e-01,-2.891995030282170087e-01,0.000000000000000000e+00,0.000000000000000000e+00,0.000000000000000000e+00
3.654816327911224877e-02,-1.009629088256059903e+00,8.939588591217503266e-01,6.847579962822269994e-02,-4.919564939198749556e-03,7.988595926739916475e-01,5.975869927791510605e-01,-5.642923334788683964e-02,1.578443290517672279e-02,2.776107021397801189e-01,6.306202774992963889e-01,-6.801879795603406054e-01,1.453886081187693025e-01,-3.611060654534801739e-01,-2.574240724835936134e-01,-1.123983932246518103e-01,6.563949520319485309e-01,-2.668442991097818573e-01,9.420164946984542487e-02,-1.139515006981890455e-01,0.000000000000000000e+00,0.000000000000000000e+00,-1.441055623166523025e+00,5.765416882124329012e-01,-3.769092197339343753e-01,2.414331828950362635e-02,0.000000000000000000e+00,0.000000000000000000e+00,0.000000000000000000e+00,-1.388874439971013341e+00,-7.120804875018917901e-01,5.598595869872441400e-01,-2.945473762289463893e-01,0.000000000000000000e+00,0.000000000000000000e+00,0.000000000000000000e+00
3.662549386478256702e-02,-1.013191536363722722e+00,8.946111596274265443e-01,6.955415024568402382e-02,-4.990502126666728280e-03,7.992448917096163230e-01,5.969463276947171160e-01,-5.609681266026279867e-02,1.068984908700352371e-02,2.748777987416216595e-01,6.230459939444057405e-01,-6.778640713184934663e-01,1.469068595673094224e-01,-3.571626322877605175e-01,-2.552275936839160098e-01,-1.122694021463756658e-01,6.969746610456497571e-01,-2.991180894090413322e-01,7.953601189675167660e-02,-1.089303767315258353e-01,0.000000000000000000e+00,0.000000000000000000e+00,-1.434882168989747520e+00,5.708463426472789592e-01,-3.649493776928375843e-01,1.392114549711363260e-02,0.000000000000000000e+00,0.000000000000000000e+00,0.000000000000000000e+00,-1.382394747433970617e+00,-7.098353247612640970e-01,5.507474728297694355e-01,-3.070274091551396523e-01,0.000000000000000000e+00,0.000000000000000000e+00,0.000000000000000000e+00
3.669426523845321225e-02,-1.016791670659080271e+00,8.946563090562589249e-01,7.160938830837831892e-02,-6.484699184322775811e-03,7.993609830055877774e-01,5.965333712634433017e-01,-5.514950894145860538e-02,9.890449151273988937e-03,2.766848411033932531e-01,6.231431288035003124e-01,-6.758632316618129465e-01,1.486071217176262171e-01,-3.565485913923557293e-01,-2.537428981536435924e-01,-1.097524171823628797e-01,7.276218084629579863e-01,-3.189867457253687810e-01,7.377068075428593052e-02,-1.070088817593543434e-01,0.000000000000000000e+00,0.000000000000000000e+00,-1.429488232659302360e+00,5.718220194748765417e-01,-3.597427071918492536e-01,7.871854809835947611e-03,0.000000000000000000e+00,0.000000000000000000e+00,0.000000000000000000e+00,-1.368164705492230793e+00,-7.035187386520456165e-01,5.474353518528638496e-01,-3.095960123468780023e-01,0.000000000000000000e+00,0.000000000000000000e+00,0.000000000000000000e+00
3.670417306901410659e-02,-1.019813361833987742e+00,8.950467154461522190e-01,7.182440013772087295e-02,-7.906448965792995873e-03,7.988316778938001628e-01,5.971990405241656141e-01,-5.719112513220750427e-02,1.078029271207640860e-02,2.760998425646600252e-01,6.236289318551121452e-01,-6.722805761648179557e-01,1.507848309396045694e-01,-3.513039756050501117e-01,-2.528092326499946085e-01,-1.156612509852273235e-01,7.446459532308626894e-01,-3.306778993554690960e-01,6.593765623932749953e-02,-1.038110228189680767e-01,0.000000000000000000e+00,0.000000000000000000e+00,-1.420399347199359230e+00,5.624448168261441117e-01,-3.449782414029194944e-01,-5.614857186961830574e-03,0.000000000000000000e+00,0.000000000000000000e+00,0.000000000000000000e+00,-1.362720765366666864e+00,-7.055058760016770236e-01,5.412981907886703636e-01,-3.189436560171457491e-01,0.000000000000000000e+00,0.000000000000000000e+00,0.000000000000000000e+00
3.680266491649239469e-02,-1.022391620685877411e+00,8.957775147628422863e-01,7.218054577517400705e-02,-9.037756449142269471e-03,7.986341999475164988e-01,5.974041366145319554e-01,-5.700302863863090930e-02,1.198465015121134153e-02,2.771407724268930006e-01,6.201955593320838123e-01,-6.659562676476221688e-01,1.484333533846326769e-01,-3.483820382966790752e-01,-2.508902448299022980e-01,-1.169438230374379301e-01,7.577347218634593595e-01,-3.342797502829553125e-01,6.362835832887817067e-02,-1.048245470003921348e-01,0.000000000000000000e+00,0.000000000000000000e+00,-1.411441286798452710e+00,5.599619854267676722e-01,-3.270605184248696062e-01,-1.948024647047747610e-02,0.000000000000000000e+00,0.000000000000000000e+00,0.000000000000000000e+00,-1.350115701862502071e+00,-6.993715550362034072e-01,5.276463207821291412e-01,-3.237585143194258164e-01,0.000000000000000000e+00,0.000000000000000000e+00,0.000000000000000000e+00
3.700558529894783233e-02,-1.024385220879571179e+00,8.961313014050479309e-01,7.322756571346654419e-02,-9.152103254704429397e-03,7.975124679313557730e-01,5.987719316398636415e-01,-5.413497575048425298e-02,8.290838290623922524e-03,2.772143479812185785e-01,6.134070739579673415e-01,-6.672992916710206446e-01,1.519091344085811424e-01,-3.436831103383540809e-01,-2.511393585379487203e-01,-1.178631853755710002e-01,7.684510809285373112e-01,-3.448759247970757946e-01,6.105821441155183382e-02,-9.743207965695527273e-02,0.000000000000000000e+00,0.000000000000000000e+00,-1.405222164847939492e+00,5.591796569380567128e-01,-3.224668239760146715e-01,-2.969172015600013773e-02,0.000000000000000000e+00,0.000000000000000000e+00,0.000000000000000000e+00,-1.341959754079562694e+00,-6.949804796882201874e-01,5.245216551812675876e-01,-3.363337909153142347e-01,0.000000000000000000e+00,0.000000000000000000e+00,0.000000000000000000e+00
3.709712997911497612e-02,-1.025839873860199924e+00,8.972114506926347488e-01,7.328644588972629825e-02,-1.038223509603892342e-02,7.981822280049155616e-01,5.978515174693227463e-01,-5.075175447850150540e-02,8.397124625227264660e-03,2.750777972463048782e-01,6.048177395062256378e-01,-6.633425947035709314e-01,1.519133393549978728e-01,-3.351742623966218471e-01,-2.483725236474605413e-01,-1.156949438210313763e-01,7.660772899653720547e-01,-3.476100082427351912e-01,6.374729247121371789e-02,-9.518972194614949700e-02,0.000000000000000000e+00,0.000000000000000000e+00,-1.400701257496701935e+00,5.521268337034983542e-01,-3.162470993356160109e-01,-3.863728603568800102e-02,0.000000000000000000e+00,0.000000000000000000e+00,0.000000000000000000e+00,-1.335492902256094183e+00,-6.978424492207071506e-01,5.185962979577537491e-01,-3.453339715738622528e-01,0.000000000000000000e+00,0.000000000000000000e+00,0.000000000000000000e+00
3.748134348999378196e-02,-1.026900034279550233e+00,8.972690286162520179e-01,7.415876030869683611e-02,-1.100448229715837029e-02,7.977427072187550650e-01,5.983192732297201166e-01,-4.929557775860089058e-02,8.310635251673567647e-03,2.757445956296068479e-01,6.040577074376322075e-01,-6.639747117379410923e-01,1.535219652797460976e-01,-3.293680764457705967e-01,-2.456816638852065138e-01,-1.143255249049396627e-01,7.678953209067282959e-01,-3.627075985450387563e-01,6.166314351178010800e-02,-8.986453319635631654e-02,0.000000000000000000e+00,0.000000000000000000e+00,-1.394215976961402648e+00,5.521824972132108877e-01,-3.183506101096097440e-01,-4.558337572080063682e-02,0.000000000000000000e+00,0.000000000000000000e+00,0.000000000000000000e+00,-1.331272636476964033e+00,-7.013559521730265978e-01,5.221871767248987828e-01,-3.529607383916980590e-01,0.000000000000000000e+00,0.000000000000000000e+00,0.000000000000000000e+00
3.807943674369312220e-02,-1.027356565521385434e+00,8.978181614860760718e-01,7.505672713062988555e-02,-1.108290850589048471e-02,7.971754745515077234e-01,5.989615343451254459e-01,-4.600806873877610892e-02,7.156918672490623912e-03,2.762883512388918383e-01,5.982338328426080043e-01,-6.582998979324767852e-01,1.542296386556972210e-01,-3.231772976966310607e-01,-2.436873962496078350e-01,-1.130596956488619659e-01,7.648206739489312733e-01,-3.697760274628236199e-01,6.132830083767117080e-02,-8.616825938745847902e-02,0.000000000000000000e+00,0.000000000000000000e+00,-1.392060947458412690e+00,5.566388916048458091e-01,-3.192703691003241917e-01,-5.407252894441001712e-02,0.000000000000000000e+00,0.000000000000000000e+00,0.000000000000000000e+00,-1.330978548927820526e+00,-7.032506895127478286e-01,5.258817410525098435e-01,-3.610824478600740406e-01,0.000000000000000000e+00,0.000000000000000000e+00,0.000000000000000000e+00
3.853922988275058914e-02,-1.027357523809345308e+00,8.986475473524897506e-01,7.346395056405792545e-02,-1.078597156450739405e-02,7.981174243895436948e-01,5.979090964943853947e-01,-4.613474485472052189e-02,7.558261646836816894e-03,2.733392985816566201e-01,5.906423793751500728e-01,-6.575708351408907637e-01,1.539881729634664242e-01,-3.171655278511286702e-01,-2.392941043637620835e-01,-1.119544221052590216e-01,7.545378924856509517e-01,-3.786301048970796557e-01,6.127553645788751807e-02,-8.498625835836885745e-02,0.000000000000000000e+00,0.000000000000000000e+00,-1.392083580246102681e+00,5.476692586088173220e-01,-3.120545301326861920e-01,-6.271119424817032939e-02,0.000000000000000000e+00,0.000000000000000000e+00,0.000000000000000000e+00,-1.324071668054314532e+00,-6.980109760103717642e-01,5.157934987670715898e-01,-3.701090901328038529e-01,0.000000000000000000e+00,0.000000000000000000e+00,0.000000000000000000e+00
3.916142119158945445e-02,-1.027125913933457646e+00,8.992682117059874747e-01,7.282475981198321957e-02,-1.139946527003804673e-02,7.970613618607922390e-01,5.993828425793514825e-01,-4.453594261698362589e-02,9.520097086422783794e-03,2.719559960540265386e-01,5.868723836247623504e-01,-6.551503685542069411e-01,1.532659924394348672e-01,-3.072327094631728261e-01,-2.338567896636172538e-01,-1.129813222291002894e-01,7.404802561314196563e-01,-3.980725069011792350e-01,6.009255758132521497e-02,-8.195269530457206797e-02,0.000000000000000000e+00,0.000000000000000000e+00,-1.389111146689743892e+00,5.485368229121648787e-01,-3.128140022163954925e-01,-6.940616030840834894e-02,0.000000000000000000e+00,0.000000000000000000e+00,0.000000000000000000e+00,-1.324468402364452846e+00,-6.991835682896716531e-01,5.119933578750147651e-01,-3.786146891900974976e-01,0.000000000000000000e+00,0.000000000000000000e+00,0.000000000000000000e+00
3.985699389758991240e-02,-1.026626704331837781e+00,8.997913804576250785e-01,7.255969775820347856e-02,-1.211679320483228031e-02,7.970707226462268036e-01,5.993884689280331024e-01,-4.176126639519490286e-02,1.317120464532062218e-02,2.739251810555931588e-01,5.832597736057617555e-01,-6.528354397469702253e-01,1.499276392816080439e-01,-3.005933857101154016e-01,-2.298271296571691436e-01,-1.133476343591465207e-01,7.319589873336862507e-01,-4.047509198892090820e-01,6.216636433927438116e-02,-7.939728233971922455e-02,0.000000000000000000e+00,0.000000000000000000e+00,-1.389317911236615188e+00,5.461447783089260488e-01,-3.136714269669179656e-01,-7.335432035687348973e-02,0.000000000000000000e+00,0.000000000000000000e+00,0.000000000000000000e+00,-1.321815973213778195e+00,-7.012777320264410585e-01,5.103322117982613815e-01,-3.866538011224245341e-01,0.000000000000000000e+00,0.000000000000000000e+00,0.000000000000000000e+00
4.065379933652752548e-02,-1.025901687156580921e+00,8.999871564101111776e-01,7.226141274152161897e-02,-1.207982803449226920e-02,7.962937212386292929e-01,6.004570554995527498e-01,-4.054937857315864952e-02,1.482304256152962990e-02,2.744078186687415877e-01,5.812774511145566425e-01,-6.522299958467555614e-01,1.471895849316593452e-01,-2.974596930301935949e-01,-2.258331098716413465e-01,-1.116602530508207514e-01,7.271634471918415610e-01,-4.156955895641615828e-01,6.053802693435351989e-02,-7.578918455660085818e-02,0.000000000000000000e+00,0.000000000000000000e+00,-1.389640302703534003e+00,5.440804236793446158e-01,-3.162587936333483007e-01,-7.871500761691700709e-02,0.000000000000000000e+00,0.000000000000000000e+00,0.000000000000000000e+00,-1.315891132119795470e+00,-6.919045457043978553e-01,5.044279891012538597e-01,-3.916865426726804933e-01,0.000000000000000000e+00,0.000000000000000000e+00,0.000000000000000000e+00
4.148205009448332342e-02,-1.024939438222664867e+00,9.001697877170118378e-01,7.132834684368254130e-02,-1.222651389872700389e-02,7.961644914510792592e-01,6.007369489609211133e-01,-4.061602699161995234e-02,1.793608753735329714e-02,2.745982409566394833e-01,5.809752113852469924e-01,-6.536469858887198336e-01,1.479125286795319183e-01,-2.947362718870608633e-01,-2.219871290874962655e-01,-1.127312085500876693e-01,7.238140076897722208e-01,-4.255365025858629524e-01,5.953418146226248375e-02,-7.266015557703098260e-02,0.000000000000000000e+00,0.000000000000000000e+00,-1.389852894660203786e+00,5.491357632456818072e-01,-3.189411136280979053e-01,-8.527381588155369396e-02,0.000000000000000000e+00,0.000000000000000000e+00,0.000000000000000000e+00,-1.313142263636125628e+00,-6.993071964546152541e-01,5.007646278927607719e-01,-3.997067377196284466e-01,0.000000000000000000e+00,0.000000000000000000e+00,0.000000000000000000e+00
4.228830565201432967e-02,-1.024044460600119777e+00,8.998875319449096688e-01,7.075634685559739623e-02,-1.324674754495665935e-02,7.954305975129213335e-01,6.017542917166175398e-01,-4.142354379496209632e-02,2.253495314752175863e-02,2.741042231838852206e-01,5.866956045142033283e-01,-6.587859677275811343e-01,1.479266039817978551e-01,-2.916826272252060481e-01,-2.166667749466507642e-01,-1.133613803133316084e-01,7.220915791537517725e-01,-4.383737592959032758e-01,5.640000075520332223e-02,-6.994178709817071293e-02,0.000000000000000000e+00,0.000000000000000000e+00,-1.388979549104165656e+00,5.467170578764438682e-01,-3.216048874598394502e-01,-8.704612728449831471e-02,0.000000000000000000e+00,0.000000000000000000e+00,0.000000000000000000e+00,-1.310213633831644131e+00,-6.996349067434349811e-01,4.986283253639752777e-01,-4.026967481174834607e-01,0.000000000000000000e+00,0.000000000000000000e+00,0.000000000000000000e+00
4.322748782612666207e-02,-1.023017511907051924e+00,8.995065766161777221e-01,7.006448344171853360e-02,-1.407471596251418100e-02,7.950011969472663420e-01,6.023835716410552710e-01,-4.232141273283782784e-02,2.788248145714387893e-02,2.746087837294756695e-01,5.922773131067171626e-01,-6.649298520584261407e-01,1.438613010393337277e-01,-2.898586239397775155e-01,-2.104221849488557006e-01,-1.115881288904839175e-01,7.216523461717458954e-01,-4.494383583392735915e-01,5.436639304523641775e-02,-6.698224860624003851e-02,0.000000000000000000e+00,0.000000000000000000e+00,-1.392102185427827932e+00,5.524837750110827006e-01,-3.242621209336215005e-01,-9.152415367280879177e-02,0.000000000000000000e+00,0.000000000000000000e+00,0.000000000000000000e+00,-1.310371383924778810e+00,-7.008584102638215629e-01,4.972661873558384960e-01,-4.076603022544838528e-01,0.000000000000000000e+00,0.000000000000000000e+00,0.000000000000000000e+00
4.428113722858308815e-02,-1.021884638347295038e+00,8.997791674502593207e-01,6.958114694888262175e-02,-1.431935358636577532e-02,7.944090487232774445e-01,6.032144588856646061e-01,-4.205253900337321132e-02,3.021544969986086904e-02,2.733998117992469945e-01,5.924475086554037428e-01,-6.631025924691129614e-01,1.466364507473306433e-01,-2.873233034847682554e-01,-2.071276646697888246e-01,-1.130241247387224479e-01,7.189464484713017356e-01,-4.555872701329843344e-01,5.581112016805619969e-02,-6.241351124046917720e-02,0.000000000000000000e+00,0.000000000000000000e+00,-1.393524136978899541e+00,5.554536894210868603e-01,-3.319301695929264828e-01,-9.206008633362489091e-02,0.000000000000000000e+00,0.000000000000000000e+00,0.000000000000000000e+00,-1.309602446401951337e+00,-6.972333790718859836e-01,4.972045795680208324e-01,-4.107860739158297192e-01,0.000000000000000000e+00,0.000000000000000000e+00,0.000000000000000000e+00
4.544495641581030448e-02,-1.020730362142180159e+00,8.998657953684419120e-01,6.845428672859024677e-02,-1.458344522492176394e-02,7.940626008458988583e-01,6.037929443871460355e-01,-4.261708958115438539e-02,3.489613459454807970e-02,2.732947320155227899e-01,5.934159963310200459e-01,-6.650622393331174775e-01,1.414750909102646115e-01,-2.831351928325855360e-01,-2.025483725112852129e-01,-1.162395704795935736e-01,7.128684578506444547e-01,-4.729557566116214251e-01,5.020016145034043864e-02,-6.027602077168968397e-02,0.000000000000000000e+00,0.000000000000000000e+00,-1.393059755498863295e+00,5.546886139444503483e-01,-3.262024004795819887e-01,-9.855019223038419263e-02,0.000000000000000000e+00,0.000000000000000000e+00,0.000000000000000000e+00,-1.313537722478825165e+00,-7.032703620646332254e-01,4.957968693005234684e-01,-4.212281545732529109e-01,0.000000000000000000e+00,0.000000000000000000e+00,0.000000000000000000e+00
4.665905064812863462e-02,-1.019680100330390582e+00,9.001205094842872345e-01,6.819257353679084033e-02,-1.542002481657721823e-02,7.943268686310877014e-01,6.034540757338684447e-01,-4.204887498419114522e-02,3.962315943069971702e-02,2.728659717714708721e-01,5.948051240331204692e-01,-6.614182643148511787e-01,1.399344991986816167e-01,-2.790458193115751273e-01,-1.981714720084835624e-01,-1.179947789293298160e-01,7.094239416590621961e-01,-4.769926585546968023e-01,4.585231042962054082e-02,-5.850197296543208081e-02,0.000000000000000000e+00,0.000000000000000000e+00,-1.389429206463811406e+00,5.466032227367463303e-01,-3.305100677947632182e-01,-9.991040287362720762e-02,0.000000000000000000e+00,0.000000000000000000e+00,0.000000000000000000e+00,-1.311055698647287215e+00,-7.009275050601824208e-01,4.990431302538511638e-01,-4.224799469078247549e-01,0.000000000000000000e+00,0.000000000000000000e+00,0.000000000000000000e+00
4.787662247485084677e-02,-1.018413737017960674e+00,9.006043574820350450e-01,6.718117103007396895e-02,-1.507461497384598829e-02,7.946232423965399194e-01,6.031859985822196624e-01,-4.058288487694729219e-02,4.300420272057484811e-02,2.741111351277558117e-01,5.900055378705985065e-01,-6.608167669571098912e-01,1.351450414185560167e-01,-2.764965474476341334e-01,-1.958903812383523402e-01,-1.213914228241385618e-01,7.044334193743222450e-01,-4.819213612361945009e-01,4.498194821175570401e-02,-5.651493995532819170e-02,0.000000000000000000e+00,0.000000000000000000e+00,-1.386167688837942613e+00,5.379352639201508968e-01,-3.262506832198702744e-01,-1.058898408024397525e-01,0.000000000000000000e+00,0.000000000000000000e+00,0.000000000000000000e+00,-1.305115464202589504e+00,-6.914092096094596185e-01,4.949639354578343475e-01,-4.296403572114999014e-01,0.000000000000000000e+00,0.000000000000000000e+00,0.000000000000000000e+00
4.894940868076313317e-02,-1.017220566378674196e+00,9.007290509195006178e-01,6.700032219534760025e-02,-1.577551493763102580e-02,7.935952327504945947e-01,6.045400702268310944e-01,-3.871242415238842355e-02,4.799020414113885913e-02,2.770419274086998174e-01,5.909932504861199476e-01,-6.582079132689544476e-01,1.331506290701446327e-01,-2.738729894258298270e-01,-1.905970903082688794e-01,-1.204417126823565803e-01,7.025583211955049867e-01,-4.864946876517376451e-01,3.994844562980121722e-02,-5.777917583958226688e-02,0.000000000000000000e+00,0.000000000000000000e+00,-1.382190929370405108e+00,5.381032301862177514e-01,-3.190158758988425602e-01,-1.154848920870666235e-01,0.000000000000000000e+00,0.000000000000000000e+00,0.000000000000000000e+00,-1.302345955151870793e+00,-6.890584968581925374e-01,4.883062211619347281e-01,-4.360997220516628081e-01,0.000000000000000000e+00,0.000000000000000000e+00,0.000000000000000000e+00
5.006364821234754459e-02,-1.015966445806185448e+00,9.008053976751163594e-01,6.600267577230560512e-02,-1.644448547924720269e-02,7.936764372154120339e-01,6.045253830049408528e-01,-3.881988723693156895e-02,5.331480965755993479e-02,2.768813283979774109e-01,5.927050188630293981e-01,-6.603256131675885321e-01,1.300852504394896525e-01,-2.705167491651159772e-01,-1.849514210203282716e-01,-1.215616020084217264e-01,6.984435583618463506e-01,-4.949716717401122512e-01,3.559083882031863211e-02,-5.757098007802657902e-02,0.000000000000000000e+00,0.000000000000000000e+00,-1.378322186120270576e+00,5.338508352747427521e-01,-3.115315382026585533e-01,-1.252191382661799191e-01,0.000000000000000000e+00,0.000000000000000000e+00,0.000000000000000000e+00,-1.300190224745542578e+00,-6.869481141113252809e-01,4.853085306795525966e-01,-4.445905573424215884e-01,0.000000000000000000e+00,0.000000000000000000e+00,0.000000000000000000e+00
5.110957892686435189e-02,-1.014528016986315340e+00,9.018645565780579743e-01,6.382090654171911071e-02,-1.618773264213177812e-02,7.936467352703769906e-01,6.048055131980641930e-01,-3.774242369702855010e-02,5.726014041211283795e-02,2.775522548613245100e-01,5.847488821913696677e-01,-6.564692615983352963e-01,1.295972476819916008e-01,-2.660637570018675735e-01,-1.794009034040833228e-01,-1.241408347986960592e-01,6.859728096873819458e-01,-5.006420919608738362e-01,3.613286917140915572e-02,-5.506176129216681231e-02,0.000000000000000000e+00,0.000000000000000000e+00,-1.375679904079925908e+00,5.298446384409913890e-01,-3.103232654418346947e-01,-1.318908075830141635e-01,0.000000000000000000e+00,0.000000000000000000e+00,0.000000000000000000e+00,-1.292619145929813529e+00,-6.811483140960274962e-01,4.778571987926663045e-01,-4.513010355303864740e-01,0.000000000000000000e+00,0.000000000000000000e+00,0.000000000000000000e+00
5.222608001047544107e-02,-1.013247429350922157e+00,9.021784356068054400e-01,6.289149561188719928e-02,-1.665381778366848559e-02,7.934034010520043534e-01,6.052093466991746995e-01,-3.655654043634942729e-02,6.229567480855549566e-02,2.786965089839701371e-01,5.835830571785711740e-01,-6.558910162523867715e-01,1.247101329825709287e-01,-2.620516928409792334e-01,-1.740771031653049750e-01,-1.251967603517622207e-01,6.798677953666509843e-01,-5.074419365994695674e-01,3.300401519552517704e-02,-5.551744143766124823e-02,0.000000000000000000e+00,0.000000000000000000e+00,-1.371818193268513619e+00,5.248562517351743617e-01,-3.028028841150652850e-01,-1.418671075921290048e-01,0.000000000000000000e+00,0.000000000000000000e+00,0.000000000000000000e+00,-1.288602141332398920e+00,-6.791033276816414999e-01,4.696802136196219779e-01,-4.603439453826543848e-01,0.000000000000000000e+00,0.000000000000000000e+00,0.000000000000000000e+00
5.363215299907606037e-02,-1.012117545972849086e+00,9.020932893677823250e-01,6.321352788183629001e-02,-1.745437939930243737e-02,7.931629986102040064e-01,6.054682916290400341e-01,-3.512503078176280186e-02,6.744277134080896297e-02,2.808939628142526623e-01,5.863964698027843703e-01,-6.538239980465545553e-01,1.214814225799864256e-01,-2.585023025423761056e-01,-1.708132014285101419e-01,-1.272826314825280802e-01,6.789607002773342392e-01,-5.130310707836118755e-01,2.917607110481092170e-02,-5.464578906144689635e-02,0.000000000000000000e+00,0.000000000000000000e+00,-1.369331658076071268e+00,5.288563824305830829e-01,-3.117953320233867176e-01,-1.445551219524305875e-01,0.000000000000000000e+00,0.000000000000000000e+00,0.000000000000000000e+00,-1.288380911107405824e+00,-6.846644689951832952e-01,4.798130542907483309e-01,-4.661216874657741482e-01,0.000000000000000000e+00,0.000000000000000000e+00,0.000000000000000000e+00
5.508086027393944289e-02,-1.010974320482326272e+00,9.019810714337480606e-01,6.293470349061765223e-02,-1.739834976293956267e-02,7.930797364007985406e-01,6.056080021206090569e-01,-3.611318684209382374e-02,7.049758016132570693e-02,2.798015658281478024e-01,5.891557581066169114e-01,-6.530876625268104974e-01,1.201497993643723672e-01,-2.565018130248398753e-01,-1.679198979309047546e-01,-1.285158372647096092e-01,6.778522155202174604e-01,-5.230909091638993313e-01,2.770565119322841025e-02,-5.439128204027613572e-02,0.000000000000000000e+00,0.000000000000000000e+00,-1.366435214589667657e+00,5.302735603083820193e-01,-3.126071603490301332e-01,-1.473668445544402683e-01,0.000000000000000000e+00,0.000000000000000000e+00,0.000000000000000000e+00,-1.288064934189342647e+00,-6.852859512149952481e-01,4.745379765839414787e-01,-4.683642810934701695e-01,0.000000000000000000e+00,0.000000000000000000e+00,0.000000000000000000e+00
5.653209086651685145e-02,-1.009783633049872176e+00,9.027505152259353016e-01,6.168016760404229637e-02,-1.709740399670623204e-02,7.935571187025154405e-01,6.051200996971374257e-01,-3.582729630417539474e-02,7.415261863345147531e-02,2.794384324612486092e-01,5.842332439814332812e-01,-6.481560749178087999e-01,1.154144853075701610e-01,-2.533031316527342702e-01,-1.626171883880390412e-01,-1.286152999367623784e-01,6.695956912253019366e-01,-5.263567268928329712e-01,2.301799331604637011e-02,-5.660109445758587654e-02,0.000000000000000000e+00,0.000000000000000000e+00,-1.364283906092696119e+00,5.280991001984779443e-01,-3.136630670164529122e-01,-1.564659760888600093e-01,0.000000000000000000e+00,0.000000000000000000e+00,0.000000000000000000e+00,-1.285648281838676743e+00,-6.890474541054639745e-01,4.723598092727253062e-01,-4.755454811124907866e-01,0.000000000000000000e+00,0.000000000000000000e+00,0.000000000000000000e+00
5.796180814638299955e-02,-1.008752970226518109e+00,9.032446618850042963e-01,6.062556749619611718e-02,-1.793817226204588722e-02,7.937303070915332492e-01,6.049751748179773569e-01,-3.484968468106632022e-02,7.989251950462353258e-02,2.798466894675682992e-01,5.822409853237751065e-01,-6.454188019640274554e-01,1.137165248557732711e-01,-2.494266243677860373e-01,-1.572880914678646547e-01,-1.312023391528651384e-01,6.628456425149396036e-01,-5.256715957473458989e-01,2.493190466700304780e-02,-5.534595578735700128e-02,0.000000000000000000e+00,0.000000000000000000e+00,-1.365830505926994842e+00,5.226174924340827310e-01,-3.216006026333250722e-01,-1.638213195526603827e-01,0.000000000000000000e+00,0.000000000000000000e+00,0.000000000000000000e+00,-1.279315933147987083e+00,-6.812579012537268719e-01,4.711640007477259640e-01,-4.792854092830379775e-01,0.000000000000000000e+00,0.000000000000000000e+00,0.000000000000000000e+00
5.978865943529083904e-02,-1.007860230483887287e+00,9.030369953210348744e-01,6.138098579742885114e-02,-1.833933217909352806e-02,7.928383781029066935e-01,6.060555664994038416e-01,-3.328159234824586143e-02,8.453189614548203834e-02,2.828185881926811307e-01,5.849591059175041075e-01,-6.427011689676912498e-01,1.077547792052254289e-01,-2.479290351768177747e-01,-1.544977587926509854e-01,-1.323892814010292629e-01,6.647728664882714966e-01,-5.295202011633372008e-01,1.620874618076678653e-02,-5.423834199795425637e-02,0.000000000000000000e+00,0.000000000000000000e+00,-1.365771675444148903e+00,5.291683222774928863e-01,-3.198030145844439898e-01,-1.679330425706440366e-01,0.000000000000000000e+00,0.000000000000000000e+00,0.000000000000000000e+00,-1.286232012220133170e+00,-6.868264624811518670e-01,4.704401712916508327e-01,-4.839113992114668639e-01,0.000000000000000000e+00,0.000000000000000000e+00,0.000000000000000000e+00
6.136191134405875880e-02,-1.006965382534230180e+00,9.031986353762965214e-01,6.009560139076369073e-02,-1.906320949997704350e-02,7.929805608375799508e-01,6.059760249966656964e-01,-3.513042947920336917e-02,9.018703320688496727e-02,2.815061356531593506e-01,5.874659445245725697e-01,-6.432098219813755513e-01,1.097025641199358831e-01,-2.457742811903373403e-01,-1.469007607131259663e-01,-1.312693930553573141e-01,6.598112492175370880e-01,-5.336410925093876267e-01,1.480684628592010381e-02,-5.480499391339835324e-02,0.000000000000000000e+00,0.000000000000000000e+00,-1.365846572135651416e+00,5.233285941822980458e-01,-3.189760691182854102e-01,-1.704385262182254446e-01,0.000000000000000000e+00,0.000000000000000000e+00,0.000000000000000000e+00,-1.285308009397521101e+00,-6.870399614443228886e-01,4.699326824792445789e-01,-4.864062235612719998e-01,0.000000000000000000e+00,0.000000000000000000e+00,0.000000000000000000e+00
6.329320974128593846e-02,-1.006284748971342902e+00,9.023119124809995117e-01,6.169581166546018319e-02,-1.963614244537897208e-02,7.926815707171698255e-01,6.061880699734740752e-01,-3.563228563466790122e-02,9.427238523650627311e-02,2.823980937057976592e-01,5.967744077292806981e-01,-6.428047648058706764e-01,1.054206157871006577e-01,-2.461576842239406870e-01,-1.456250591389833815e-01,-1.315667837442281163e-01,6.689602143156133662e-01,-5.389000193239171788e-01,8.280343891681507182e-03,-5.276647281313177201e-02,0.000000000000000000e+00,0.000000000000000000e+00,-1.362980451884214572e+00,5.295786325283379226e-01,-3.190801398298828140e-01,-1.743782886565445889e-01,0.000000000000000000e+00,0.000000000000000000e+00,0.000000000000000000e+00,-1.286667648984334500e+00,-6.877497406202960351e-01,4.677763799435831760e-01,-4.885840052869657169e-01,0.000000000000000000e+00,0.000000000000000000e+00,0.000000000000000000e+00
6.500784138430693027e-02,-1.005462237085980481e+00,9.022573580344467326e-01,6.094161043469360078e-02,-2.035163883694796755e-02,7.930429915758736570e-01,6.057678964972188496e-01,-3.853714543910061879e-02,1.007095610680807246e-01,2.815169773106473428e-01,6.024776949125039138e-01,-6.406373478398875720e-01,1.019458310981108951e-01,-2.441072491588436311e-01,-1.407549236911919965e-01,-1.336884600775579135e-01,6.666267400351969519e-01,-5.432956441339775733e-01,8.071596942340828959e-03,-5.220352123582611137e-02,0.000000000000000000e+00,0.000000000000000000e+00,-1.363085198317715463e+00,5.249095525795616224e-01,-3.182942878274325760e-01,-1.813735144051939474e-01,0.000000000000000000e+00,0.000000000000000000e+00,0.000000000000000000e+00,-1.284900584302182791e+00,-6.840997143528135815e-01,4.660453390841747257e-01,-4.935272575107122472e-01,0.000000000000000000e+00,0.000000000000000000e+00,0.000000000000000000e+00
6.683759079534139225e-02,-1.004586543341758231e+00,9.025353754854259503e-01,6.124389882283203662e-02,-2.096146542641782323e-02,7.927842481916619333e-01,6.060552265621816925e-01,-3.753628204621677761e-02,1.060471523292895735e-01,2.834338577024919648e-01,6.037937537057517234e-01,-6.332938497915481246e-01,9.694013273974888545e-02,-2.407647274617663591e-01,-1.372646082707593140e-01,-1.361883824730769910e-01,6.637746113117821700e-01,-5.434385448590047796e-01,1.278817917753336669e-03,-5.000345603026146168e-02,0.000000000000000000e+00,0.000000000000000000e+00,-1.359566558980764173e+00,5.215848852083209142e-01,-3.204769605932804577e-01,-1.905743182568419014e-01,0.000000000000000000e+00,0.000000000000000000e+00,0.000000000000000000e+00,-1.287132383602922037e+00,-6.829837717118354412e-01,4.693356181288931839e-01,-4.984241962622946720e-01,0.000000000000000000e+00,0.000000000000000000e+00,0.000000000000000000e+00
6.845514188563474323e-02,-1.003647495339627715e+00,9.021445353330886929e-01,6.067584601456232213e-02,-2.098545411331913940e-02,7.918495010318565841e-01,6.073322156296951935e-01,-3.817057611285546576e-02,1.105432281179338644e-01,2.854326490871773037e-01,6.069754426469915476e-01,-6.372471956687504324e-01,9.620087831136475698e-02,-2.418705810745559182e-01,-1.324010311347305624e-01,-1.340021006080557853e-01,6.653501995176647199e-01,-5.493427910542537651e-01,1.971172498745968338e-03,-4.998605013766689587e-02,0.000000000000000000e+00,0.000000000000000000e+00,-1.358813642524330012e+00,5.235897032798190187e-01,-3.137209608890910162e-01,-1.966812694469281253e-01,0.000000000000000000e+00,0.000000000000000000e+00,0.000000000000000000e+00,-1.282302244469003538e+00,-6.757244060100454641e-01,4.607777175737989284e-01,-5.021295247245594062e-01,0.000000000000000000e+00,0.000000000000000000e+00,0.000000000000000000e+00
7.018928111477094889e-02,-1.002722733822162482e+00,9.023805372694246874e-01,6.049652501288094175e-02,-2.174205377444252477e-02,7.914568513611306422e-01,6.078350976971963471e-01,-3.900585772024968423e-02,1.162747262647942093e-01,2.854965109248867039e-01,6.104477847568861026e-01,-6.287231719561161558e-01,9.333939878827324232e-02,-2.387996908764843940e-01,-1.281297513410720179e-01,-1.361631216555731216e-01,6.619280689385215188e-01,-5.489051742991229998e-01,1.050296942445294590e-04,-4.958474703023248165e-02,0.000000000000000000e+00,0.000000000000000000e+00,-1.354011345181480364e+00,5.181874770262316909e-01,-3.105499698929861663e-01,-1.993734680808472715e-01,0.000000000000000000e+00,0.000000000000000000e+00,0.000000000000000000e+00,-1.278859954320285652e+00,-6.670941611737515320e-01,4.541035151939233350e-01,-5.060669829738835279e-01,0.000000000000000000e+00,0.000000000000000000e+00,0.000000000000000000e+00
7.205385964029895063e-02,-1.001742247171096167e+00,9.022959075125479567e-01,6.052617892205545275e-02,-2.253807995432198508e-02,7.914076681667826518e-01,6.078671889351189295e-01,-3.924559572768346327e-02,1.219782531098557443e-01,2.858948364156269628e-01,6.143571900679807296e-01,-6.255331072648849799e-01,9.189698262681686436e-02,-2.363071106538910671e-01,-1.236717972455229908e-01,-1.373683147489713763e-01,6.610162709537278358e-01,-5.507261213228731300e-01,-1.803553387853503928e-03,-4.595655411993362222e-02,0.000000000000000000e+00,0.000000000000000000e+00,-1.349942885308596852e+00,5.164168182793692496e-01,-3.105883459839876570e-01,-2.071528067945685725e-01,0.000000000000000000e+00,0.000000000000000000e+00,0.000000000000000000e+00,-1.278443836903498942e+00,-6.670624610304032309e-01,4.573384354845879685e-01,-5.112714272481616584e-01,0.000000000000000000e+00,0.000000000000000000e+00,0.000000000000000000e+00
7.383419616629419147e-02,-1.000785591717932022e+00,9.018287257441597315e-01,6.033744153169677549e-02,-2.259423936177901854e-02,7.900610017375353511e-01,6.096330921386682311e-01,-4.059560168329736513e-02,1.274744943364726768e-01,2.886281129116898825e-01,6.201656059187434789e-01,-6.243539567441829252e-01,8.582575640763945302e-02,-2.369653197771320885e-01,-1.191269204498689172e-01,-1.361776750906581734e-01,6.634500870309361087e-01,-5.593722227979754935e-01,-6.435908078256672576e-03,-4.514044545866032626e-02,0.000000000000000000e+00,0.000000000000000000e+00,-1.346754164193239234e+00,5.156294970221050322e-01,-3.024825930358954196e-01,-2.197843399969376388e-01,0.000000000000000000e+00,0.000000000000000000e+00,0.000000000000000000e+00,-1.276091622712531848e+00,-6.600596800652035467e-01,4.475507480624695278e-01,-5.175453302757093699e-01,0.000000000000000000e+00,0.000000000000000000e+00,0.000000000000000000e+00
7.562793344606905110e-02,-9.998583898592993124e-01,9.023029000832977209e-01,5.953945329051375107e-02,-2.335314628329452843e-02,7.904794857490575755e-01,6.091402684689655178e-01,-4.121716989950284515e-02,1.335603495609535563e-01,2.879058194885964483e-01,6.202877184167697733e-01,-6.182187554903838533e-01,8.360316018937211102e-02,-2.331560163438081978e-01,-1.142107692560131726e-01,-1.390772242392159241e-01,6.569720040279771744e-01,-5.573108609976941130e-01,-4.382118101637244578e-03,-4.538616899977170049e-02,0.000000000000000000e+00,0.000000000000000000e+00,-1.340988670248595582e+00,5.062316325282063545e-01,-2.971818606252324413e-01,-2.280866889727451996e-01,0.000000000000000000e+00,0.000000000000000000e+00,0.000000000000000000e+00,-1.270103410063172067e+00,-6.582269077382709721e-01,4.447948355069755721e-01,-5.230598912958446256e-01,0.000000000000000000e+00,0.000000000000000000e+00,0.000000000000000000e+00
7.749121377436515856e-02,-9.990721111847088443e-01,9.021223278504506560e-01,6.021397464266478594e-02,-2.430647850061677315e-02,7.895216920826296780e-01,6.102777810895734234e-01,-4.085622936322944043e-02,1.393336841508095447e-01,2.895919968718752013e-01,6.256572376908202671e-01,-6.109855862766598866e-01,7.925088321437703809e-02,-2.311012912822549004e-01,-1.100020309550740066e-01,-1.389821180270008338e-01,6.576999878507874264e-01,-5.574068193106961333e-01,-7.161707691396982864e-03,-4.125527174615448156e-02,0.000000000000000000e+00,0.000000000000000000e+00,-1.337532011963064926e+00,4.980790636685936135e-01,-2.991005878276754015e-01,-2.322050846224026632e-01,0.000000000000000000e+00,0.000000000000000000e+00,0.000000000000000000e+00,-1.265466280151137823e+00,-6.516923791549591449e-01,4.452107773586450601e-01,-5.249662292016101794e-01,0.000000000000000000e+00,0.000000000000000000e+00,0.000000000000000000e+00
7.939135029462975057e-02,-9.983040329511707611e-01,9.018952803089681503e-01,6.091882645998026452e-02,-2.482348833998342802e-02,7.889659554956114373e-01,6.109054035431923380e-01,-4.070053751534308262e-02,1.442997779419802340e-01,2.914422800010376680e-01,6.300555730537845678e-01,-6.049437969676833005e-01,7.715898972160395441e-02,-2.294795467970730807e-01,-1.080644321195325108e-01,-1.416687413147312002e-01,6.595249563247573832e-01,-5.592944388337974804e-01,-1.089478905935906475e-02,-3.878419613759707951e-02,0.000000000000000000e+00,0.000000000000000000e+00,-1.334061976104381264e+00,4.966184807019043412e-01,-2.996742965264798664e-01,-2.342659007378632696e-01,0.000000000000000000e+00,0.000000000000000000e+00,0.000000000000000000e+00,-1.265332989395082652e+00,-6.537464935962539192e-01,4.465485927372432329e-01,-5.248991683952162202e-01,0.000000000000000000e+00,0.000000000000000000e+00,0.000000000000000000e+00
8.106983519860284926e-02,-9.975708212859732971e-01,9.022548487210181323e-01,6.009487551917094134e-02,-2.559263683475829915e-02,7.883964610868908762e-01,6.116899893098191043e-01,-4.173004550220451442e-02,1.504879996031457390e-01,2.912839049212960774e-01,6.313868225469811968e-01,-5.966275133609878489e-01,7.244629900058296990e-02,-2.263103362831962173e-01,-1.021846028979103982e-01,-1.429162038458974271e-01,6.532093717025651003e-01,-5.598794550611398968e-01,-1.121160132623764613e-02,-3.767743753925684169e-02,0.000000000000000000e+00,0.000000000000000000e+00,-1.330272643790727738e+00,4.872950765286906405e-01,-2.943299651233519110e-01,-2.399295201551660262e-01,0.000000000000000000e+00,0.000000000000000000e+00,0.000000000000000000e+00,-1.261197060974123207e+00,-6.479454352185936017e-01,4.454622695208259597e-01,-5.287929284128334295e-01,0.000000000000000000e+00,0.000000000000000000e+00,0.000000000000000000e+00
8.266681111706739027e-02,-9.969085061542665160e-01,9.026309116409514388e-01,5.984475314473711172e-02,-2.643182911254992468e-02,7.880735435746815121e-01,6.120948078920909197e-01,-4.117029460624262172e-02,1.565022712084791767e-01,2.928668462247137616e-01,6.318082009021198653e-01,-5.885465176280989530e-01,6.676818372810239266e-02,-2.216691599758430775e-01,-9.708903747230537840e-02,-1.437118054365912889e-01,6.462047500056311566e-01,-5.602017237188409160e-01,-1.014627703093213401e-02,-3.665685668461445695e-02,0.000000000000000000e+00,0.000000000000000000e+00,-1.329590024778866120e+00,4.915549109856075516e-01,-2.958697157278355472e-01,-2.459802578755267699e-01,0.000000000000000000e+00,0.000000000000000000e+00,0.000000000000000000e+00,-1.261995634733230176e+00,-6.498276100894573304e-01,4.436522319585785579e-01,-5.326807718722257334e-01,0.000000000000000000e+00,0.000000000000000000e+00,0.000000000000000000e+00
8.414950275371153865e-02,-9.964014983987380392e-01,9.020111376926990276e-01,6.039851511185148625e-02,-2.829076282932058845e-02,7.866261833654533131e-01,6.138166662405959428e-01,-4.075899940250949510e-02,1.651824990238571766e-01,2.964198892872959012e-01,6.417538708256288471e-01,-5.871100166077349858e-01,6.307088698697897733e-02,-2.199722003830539008e-01,-9.246979969212065775e-02,-1.443440227356057315e-01,6.498757079306419771e-01,-5.624719229773893492e-01,-9.918792786244037818e-03,-3.503494040266809384e-02,0.000000000000000000e+00,0.000000000000000000e+00,-1.322303594819861372e+00,4.874992561833483284e-01,-2.891129786708579452e-01,-2.539261818405147419e-01,0.000000000000000000e+00,0.000000000000000000e+00,0.000000000000000000e+00,-1.255918771201183448e+00,-6.457204174536634866e-01,4.388979967754248479e-01,-5.377898303902932664e-01,0.000000000000000000e+00,0.000000000000000000e+00,0.000000000000000000e+00
8.572160522713609399e-02,-9.960441532399182396e-01,9.012750561259242899e-01,6.103879901603163211e-02,-2.924756518714233255e-02,7.864258504206311784e-01,6.139651673633381712e-01,-4.356567016064150089e-02,1.706935402032704885e-01,2.959985160074298793e-01,6.520516113901858590e-01,-5.833893413822047735e-01,6.175447038843615011e-02,-2.200470963067685526e-01,-8.888682744059689389e-02,-1.438468311548733725e-01,6.551835987563319197e-01,-5.664311230382808038e-01,-1.449689738076726311e-02,-3.248492351411943341e-02,0.000000000000000000e+00,0.000000000000000000e+00,-1.316219523678272552e+00,4.866379432613627265e-01,-2.890556876049608648e-01,-2.597448886210985686e-01,0.000000000000000000e+00,0.000000000000000000e+00,0.000000000000000000e+00,-1.251413500007670265e+00,-6.435163700412906973e-01,4.330297947790880397e-01,-5.403565440659688912e-01,0.000000000000000000e+00,0.000000000000000000e+00,0.000000000000000000e+00
8.716002090801333591e-02,-9.958033098174000619e-01,9.006396335554773813e-01,6.114270308196827208e-02,-3.034471438070339769e-02,7.860772109539652108e-01,6.143479360979569037e-01,-4.682829612916677986e-02,1.763841521556900604e-01,2.941959983097784948e-01,6.613172656375152503e-01,-5.805490554912501322e-01,5.819785483842414286e-02,-2.197669468280420424e-01,-8.431960152900563887e-02,-1.435859394176282611e-01,6.582866770816965252e-01,-5.713552447733175610e-01,-1.759328172524401296e-02,-3.285469853577074884e-02,0.000000000000000000e+00,0.000000000000000000e+00,-1.312440403522963095e+00,4.888613487611812025e-01,-2.938879853337093007e-01,-2.664000714317822927e-01,0.000000000000000000e+00,0.000000000000000000e+00,0.000000000000000000e+00,-1.250112551883369783e+00,-6.477365928634541969e-01,4.328042229162125110e-01,-5.436462004800679537e-01,0.000000000000000000e+00,0.000000000000000000e+00,0.000000000000000000e+00
8.841988408467481297e-02,-9.955804390757235778e-01,9.002511506152444110e-01,5.979929265451705556e-02,-3.115611171534070703e-02,7.857316462443983962e-01,6.148813880667300946e-01,-5.151053433443360252e-02,1.830053485790379963e-01,2.941551683679948237e-01,6.686837433542305309e-01,-5.833749226704215696e-01,6.143475859427381669e-02,-2.219945070793168385e-01,-7.796816146474068454e-02,-1.422318439985471583e-01,6.591183650040571829e-01,-5.707329425199713091e-01,-1.801541005520767430e-02,-3.265151862973124375e-02,0.000000000000000000e+00,0.000000000000000000e+00,-1.305759337665682196e+00,4.797821047628935687e-01,-2.873239609240571535e-01,-2.653154118393226124e-01,0.000000000000000000e+00,0.000000000000000000e+00,0.000000000000000000e+00,-1.244344340437827601e+00,-6.451329878321417910e-01,4.299218994983773356e-01,-5.418182071147161771e-01,0.000000000000000000e+00,0.000000000000000000e+00,0.000000000000000000e+00
8.992045381043163588e-02,-9.955029258816819882e-01,8.997847115552409791e-01,5.977627391475892615e-02,-3.177740597136209655e-02,7.846005651005562020e-01,6.162945292556857302e-01,-5.406058686906146243e-02,1.869612003132990752e-01,2.926884104119056307e-01,6.749241466088731212e-01,-5.828839560080025795e-01,5.884434874177819907e-02,-2.227340255740807295e-01,-7.345819616947457664e-02,-1.407027246064609105e-01,6.609144900222844177e-01,-5.737155949313447190e-01,-1.973285534804407326e-02,-2.968320014800952117e-02,0.000000000000000000e+00,0.000000000000000000e+00,-1.299188463852209097e+00,4.823848671734903282e-01,-2.888234472514755735e-01,-2.666179635575902096e-01,0.000000000000000000e+00,0.000000000000000000e+00,0.000000000000000000e+00,-1.242674123328662894e+00,-6.465357663615334260e-01,4.310436758912140065e-01,-5.451082892519313328e-01,0.000000000000000000e+00,0.000000000000000000e+00,0.000000000000000000e+00
9.158497479077329362e-02,-9.955005594001670177e-01,8.990650570518760043e-01,6.031233901914848788e-02,-3.198980965904196783e-02,7.838653718778554325e-01,6.171662276978623352e-01,-5.876018398859180619e-02,1.910456435119108343e-01,2.927242506502609753e-01,6.847091204035662404e-01,-5.769787441427434160e-01,5.939807025757583986e-02,-2.259334607223236480e-01,-7.101048540270342435e-02,-1.395163416262775180e-01,6.676933951143427803e-01,-5.739709835831015017e-01,-2.516786023655242024e-02,-2.867587882803177349e-02,0.000000000000000000e+00,0.000000000000000000e+00,-1.293317611470354400e+00,4.856296225403810563e-01,-2.897932397096680823e-01,-2.659236412725592968e-01,0.000000000000000000e+00,0.000000000000000000e+00,0.000000000000000000e+00,-1.241607086533856652e+00,-6.470311550612117824e-01,4.332650437966953927e-01,-5.500154536223996748e-01,0.000000000000000000e+00,0.000000000000000000e+00,0.000000000000000000e+00
9.303336033926049020e-02,-9.955561713244513999e-01,8.994724372186951866e-01,5.970703141676021730e-02,-3.272721920705353588e-02,7.827962672954055234e-01,6.185418364433826754e-01,-6.044084674441170535e-02,1.957360401496655022e-01,2.925298877342946691e-01,6.860601520569401535e-01,-5.722844371118191997e-01,5.816421778862577302e-02,-2.240807775538392888e-01,-6.565188230819739290e-02,-1.392621224534262847e-01,6.618242403110173866e-01,-5.722864522379450536e-01,-2.507557028136282729e-02,-2.952828568026105022e-02,0.000000000000000000e+00,0.000000000000000000e+00,-1.288503164585357075e+00,4.774697998935178989e-01,-2.854900724730210504e-01,-2.662134373682901733e-01,0.000000000000000000e+00,0.000000000000000000e+00,0.000000000000000000e+00,-1.243454034931473551e+00,-6.440422254466284802e-01,4.302605546120440438e-01,-5.504236399347470776e-01,0.000000000000000000e+00,0.000000000000000000e+00,0.000000000000000000e+00
9.476566323454883867e-02,-9.955971889457420065e-01,9.004401366420816677e-01,5.829187574707721947e-02,-3.170526955606508407e-02,7.829112035717206153e-01,6.185845782317445085e-01,-6.505924823442806038e-02,1.966850409288918300e-01,2.892604201477992909e-01,6.806836368585840180e-01,-5.606842285234047152e-01,5.232653283326106630e-02,-2.240389540875592500e-01,-6.161982511261415718e-02,-1.390441728698377510e-01,6.509898638965584405e-01,-5.646540140789174655e-01,-2.753774680643266207e-02,-2.901461156693233706e-02,0.000000000000000000e+00,0.000000000000000000e+00,-1.287971685078698192e+00,4.686866927842799346e-01,-2.842497082826069277e-01,-2.671599072002071584e-01,0.000000000000000000e+00,0.000000000000000000e+00,0.000000000000000000e+00,-1.246662929356818106e+00,-6.403084991410507021e-01,4.353784359323849551e-01,-5.491365117504142246e-01,0.000000000000000000e+00,0.000000000000000000e+00,0.000000000000000000e+00
9.641058749762079771e-02,-9.955839906832627539e-01,9.012337066213010894e-01,5.744239760882029894e-02,-3.096160888640135667e-02,7.825248535068423106e-01,6.191902804277628070e-01,-6.609845348594645120e-02,1.964785400098002510e-01,2.865706261389950882e-01,6.743969032546346387e-01,-5.588987440177178856e-01,5.155799168031559299e-02,-2.226643640281370518e-01,-5.813941350013941689e-02,-1.380301911615758048e-01,6.414546208071942868e-01,-5.616595575258330753e-01,-2.516115695393782853e-02,-2.856294169804303451e-02,0.000000000000000000e+00,0.000000000000000000e+00,-1.283474030333251470e+00,4.646246337033443918e-01,-2.758268176284020545e-01,-2.708218462638617985e-01,0.000000000000000000e+00,0.000000000000000000e+00,0.000000000000000000e+00,-1.242613203726673721e+00,-6.363453178442326497e-01,4.327411066942178919e-01,-5.547311041524877195e-01,0.000000000000000000e+00,0.000000000000000000e+00,0.000000000000000000e+00
9.801265781654297515e-02,-9.955857738118097933e-01,9.005792178852973784e-01,5.852094873138068837e-02,-3.197268980690239071e-02,7.818135884808133929e-01,6.199359309903285098e-01,-6.739096749142320375e-02,2.014989411167778244e-01,2.868854691941890023e-01,6.829467627893868187e-01,-5.575711017844821038e-01,4.713853481178020832e-02,-2.231674699374238402e-01,-5.513780847717716926e-02,-1.364676330920291392e-01,6.476597542018664999e-01,-5.629383216633155884e-01,-2.779688292658185830e-02,-2.735341922006891482e-02,0.000000000000000000e+00,0.000000000000000000e+00,-1.272619783667906290e+00,4.620424485121116809e-01,-2.774556055425698164e-01,-2.794923530368970677e-01,0.000000000000000000e+00,0.000000000000000000e+00,0.000000000000000000e+00,-1.233444812121836875e+00,-6.336339829399136869e-01,4.322341329470583693e-01,-5.611114323057216913e-01,0.000000000000000000e+00,0.000000000000000000e+00,0.000000000000000000e+00
9.954563325068692403e-02,-9.955836128257229412e-01,9.005603271777964380e-01,5.903004569018169972e-02,-3.291537834909486621e-02,7.810313516744861184e-01,6.208236941962488320e-01,-6.895446343987154947e-02,2.070789143130411236e-01,2.879962469104228595e-01,6.878525325652766753e-01,-5.493518506397452317e-01,4.252334721173230830e-02,-2.219948351707388967e-01,-5.222460601014030507e-02,-1.376129493193126996e-01,6.475358919040982153e-01,-5.587737174385438710e-01,-3.032166415941751902e-02,-2.587141979493448249e-02,0.000000000000000000e+00,0.000000000000000000e+00,-1.266570518863617600e+00,4.554062321963232018e-01,-2.720269102824373064e-01,-2.830935160453663113e-01,0.000000000000000000e+00,0.000000000000000000e+00,0.000000000000000000e+00,-1.229529059428612348e+00,-6.295232466026164930e-01,4.280146552795176529e-01,-5.610169822925658023e-01,0.000000000000000000e+00,0.000000000000000000e+00,0.000000000000000000e+00
1.010009621395715623e-01,-9.954139558101898766e-01,8.999138403459365776e-01,5.865415025705279090e-02,-3.352173352184866645e-02,7.807200815912125336e-01,6.212182694025706331e-01,-7.321447952114153168e-02,2.098621239843105613e-01,2.827992432980188098e-01,6.949872258638484235e-01,-5.569217960828988234e-01,4.590018525544969918e-02,-2.228791415070025539e-01,-4.694432479079267001e-02,-1.354660581530692798e-01,6.497196195680855491e-01,-5.647879566512472582e-01,-3.203094988898248785e-02,-2.536640585561957678e-02,0.000000000000000000e+00,0.000000000000000000e+00,-1.264079397886376244e+00,4.543272316653853560e-01,-2.694902877408859587e-01,-2.865928778786409614e-01,0.000000000000000000e+00,0.000000000000000000e+00,0.000000000000000000e+00,-1.224576666166584449e+00,-6.286619167591714907e-01,4.216426213962696790e-01,-5.607570552130052288e-01,0.000000000000000000e+00,0.000000000000000000e+00,0.000000000000000000e+00
1.023820598061545711e-01,-9.952713699110639078e-01,8.994458121105356474e-01,5.877875195136428310e-02,-3.376495331966716806e-02,7.793126470987281618e-01,6.229580919438605369e-01,-7.488287736452410581e-02,2.125240763865758886e-01,2.821128304145453236e-01,6.994189236077337224e-01,-5.622730418218334636e-01,4.411885153999285658e-02,-2.248647298978628528e-01,-4.407075407218765534e-02,-1.342087023705547666e-01,6.533198351081237476e-01,-5.654950368972785357e-01,-3.202521094711666821e-02,-2.485175672396164326e-02,0.000000000000000000e+00,0.000000000000000000e+00,-1.262302797414804889e+00,4.504017920263147512e-01,-2.647459668120907272e-01,-2.928077854185643925e-01,0.000000000000000000e+00,0.000000000000000000e+00,0.000000000000000000e+00,-1.221288647635909275e+00,-6.195320676192641596e-01,4.184711802495921229e-01,-5.618971808452287720e-01,0.000000000000000000e+00,0.000000000000000000e+00,0.000000000000000000e+00
1.037763921301928099e-01,-9.949567735072203378e-01,8.994026375574366572e-01,5.827918003700093691e-02,-3.377595120120349681e-02,7.797221121142954292e-01,6.224918876376561716e-01,-7.909146331364420857e-02,2.155999023949720650e-01,2.786379940030606073e-01,7.027362526021400102e-01,-5.641534386014905866e-01,3.960701646055023173e-02,-2.253077607678351524e-01,-4.101821902564280892e-02,-1.344534957529351094e-01,6.526747357289471863e-01,-5.658971629628354316e-01,-3.365626189905544796e-02,-2.668176865792649261e-02,0.000000000000000000e+00,0.000000000000000000e+00,-1.260894466128807512e+00,4.442684643520407040e-01,-2.617968314489251269e-01,-2.991968321530799058e-01,0.000000000000000000e+00,0.000000000000000000e+00,0.000000000000000000e+00,-1.220023795306686587e+00,-6.172258455149811640e-01,4.171509756053557449e-01,-5.612978664054136813e-01,0.000000000000000000e+00,0.000000000000000000e+00,0.000000000000000000e+00
1.051427136675998214e-01,-9.948130705384364836e-01,8.992026446450696042e-01,5.886671193954711584e-02,-3.424583158766253410e-02,7.793501624288664553e-01,6.228765989876297038e-01,-8.129754844450760853e-02,2.176986173770828759e-01,2.750809454942527710e-01,7.071546311750530611e-01,-5.666799650494178664e-01,3.749009129857474448e-02,-2.237952665928480411e-01,-3.948375913331478998e-02,-1.359189210510327595e-01,6.530108288461029531e-01,-5.677824055378398738e-01,-3.448103448618083933e-02,-2.533114495779217185e-02,0.000000000000000000e+00,0.000000000000000000e+00,-1.259646759743219269e+00,4.418962199451511585e-01,-2.625955488346410904e-01,-3.038979018411939181e-01,0.000000000000000000e+00,0.000000000000000000e+00,0.000000000000000000e+00,-1.219880951704108929e+00,-6.137584325265242891e-01,4.124242206149848489e-01,-5.629627375850905224e-01,0.000000000000000000e+00,0.000000000000000000e+00,0.000000000000000000e+00
1.063380872485068657e-01,-9.944294374405452386e-01,8.994633248985089979e-01,5.844979557640683082e-02,-3.458916114401588970e-02,7.776561537136945645e-01,6.250104942476193415e-01,-8.344050180334987299e-02,2.204549867891262283e-01,2.723057029118035599e-01,7.096533866909046084e-01,-5.672426079116579256e-01,3.698096073423642188e-02,-2.236529780891353958e-01,-3.347439448850572652e-02,-1.308318118683732822e-01,6.501062902639023200e-01,-5.640991785433451255e-01,-3.525249948232379860e-02,-2.711518905828732770e-02,0.000000000000000000e+00,0.000000000000000000e+00,-1.256890035311818421e+00,4.405740735535329522e-01,-2.515577039034521678e-01,-3.062083242231818936e-01,0.000000000000000000e+00,0.000000000000000000e+00,0.000000000000000000e+00,-1.217072476965140648e+00,-6.095096644812282305e-01,4.121460070092174410e-01,-5.636262597983715539e-01,0.000000000000000000e+00,0.000000000000000000e+00,0.000000000000000000e+00
1.075384894124828267e-01,-9.942181515760752930e-01,8.988932438762183841e-01,5.879929782302038832e-02,-3.424353198871095405e-02,7.777174542723993556e-01,6.249204624690387622e-01,-8.723384035151281191e-02,2.203292716158481990e-01,2.665691551227369893e-01,7.152851787754894719e-01,-5.777941842964474661e-01,3.862514392982902695e-02,-2.250881203578258272e-01,-3.258919338558419199e-02,-1.303021065559132885e-01,6.539440911731765338e-01,-5.697879142070619851e-01,-3.694278140452249282e-02,-2.694856117097000486e-02,0.000000000000000000e+00,0.000000000000000000e+00,-1.254681883600172521e+00,4.405773577183000334e-01,-2.601137165413901498e-01,-3.110120127170566406e-01,0.000000000000000000e+00,0.000000000000000000e+00,0.000000000000000000e+00,-1.220351122448136483e+00,-6.065649881014014699e-01,4.114461568848868933e-01,-5.655391252704846661e-01,0.000000000000000000e+00,0.000000000000000000e+00,0.000000000000000000e+00
1.085436728352301705e-01,-9.940627697860590084e-01,8.998093652170615631e-01,5.885958764626347817e-02,-3.445340962912778193e-02,7.776318933777479625e-01,6.250097198514429353e-01,-8.887039483063133294e-02,2.228094446439914944e-01,2.635392453462990781e-01,7.151349515536787882e-01,-5.785656979557955992e-01,3.474237979653106712e-02,-2.213659640114234162e-01,-3.097300290984120186e-02,-1.313635649639816605e-01,6.464407094906968743e-01,-5.642847467329354938e-01,-3.532739500202002753e-02,-2.743878756548826306e-02,0.000000000000000000e+00,0.000000000000000000e+00,-1.253499610106004747e+00,4.384454653801999613e-01,-2.589508579414686595e-01,-3.103249439699769519e-01,0.000000000000000000e+00,0.000000000000000000e+00,0.000000000000000000e+00,-1.218931988148199252e+00,-6.043712536251710787e-01,4.089657849860517946e-01,-5.621357278175792560e-01,0.000000000000000000e+00,0.000000000000000000e+00,0.000000000000000000e+00
1.095510187348400361e-01,-9.940468031708888930e-01,9.003814761486949036e-01,5.941343570919131734e-02,-3.514431319095596279e-02,7.771391176250086463e-01,6.255315441802992149e-01,-9.125966198627531722e-02,2.265522678340287643e-01,2.589462747870197590e-01,7.202179553903947928e-01,-5.792886254566267379e-01,3.159794149182863082e-02,-2.162049866928742736e-01,-2.897485079149278442e-02,-1.323077154098056818e-01,6.390383090640118224e-01,-5.613358398437794383e-01,-3.432255393734244542e-02,-2.442071480750562448e-02,0.000000000000000000e+00,0.000000000000000000e+00,-1.249405094749631795e+00,4.372395404850240030e-01,-2.606234337058055406e-01,-3.120537824010456429e-01,0.000000000000000000e+00,0.000000000000000000e+00,0.000000000000000000e+00,-1.221065129310533681e+00,-6.054829489841627721e-01,4.145007097468298984e-01,-5.680976951545456677e-01,0.000000000000000000e+00,0.000000000000000000e+00,0.000000000000000000e+00
1.103896465111507824e-01,-9.939322194446432723e-01,9.008621034922063009e-01,6.048997316790847428e-02,-3.460780485304623677e-02,7.765858788035446825e-01,6.261450597364210946e-01,-9.181780667333420964e-02,2.263658453241264301e-01,2.540963995740603831e-01,7.220059411221833034e-01,-5.900163369514817013e-01,3.159227945043049934e-02,-2.147502543145901610e-01,-2.860824590217194222e-02,-1.287271083158349205e-01,6.368634038406475462e-01,-5.578297299259191711e-01,-3.668243278879315672e-02,-2.455804988183712956e-02,0.000000000000000000e+00,0.000000000000000000e+00,-1.250271975068846686e+00,4.409502754782963496e-01,-2.618447174126542487e-01,-3.138818461932645909e-01,0.000000000000000000e+00,0.000000000000000000e+00,0.000000000000000000e+00,-1.222447533761697791e+00,-6.079506298385453089e-01,4.171728627190790517e-01,-5.732550341549637052e-01,0.000000000000000000e+00,0.000000000000000000e+00,0.000000000000000000e+00
1.108680467305980244e-01,-9.940126318177199272e-01,9.008616844882463282e-01,6.119662121462757232e-02,-3.522921117279459446e-02,7.757156727438586641e-01,6.271196626574547794e-01,-9.387664238501405856e-02,2.292841485280733005e-01,2.476873467581378607e-01,7.299465598153342949e-01,-5.969765475207908789e-01,3.406390794341464245e-02,-2.125216970119172544e-01,-2.674413650303371012e-02,-1.268721468129084540e-01,6.355589192180061131e-01,-5.582092674929780562e-01,-3.699538505436580915e-02,-2.616479183761551836e-02,0.000000000000000000e+00,0.000000000000000000e+00,-1.251290510489430741e+00,4.448744235242720335e-01,-2.615168936368181263e-01,-3.159350022077151987e-01,0.000000000000000000e+00,0.000000000000000000e+00,0.000000000000000000e+00,-1.224329334941100189e+00,-6.164558203828984784e-01,4.229692671426401041e-01,-5.752361534406802424e-01,0.000000000000000000e+00,0.000000000000000000e+00,0.000000000000000000e+00
1.112530507048098416e-01,-9.940365583218138124e-01,9.015123093801633569e-01,6.237451943063230392e-02,-3.460339113705951375e-02,7.759644349618604053e-01,6.267305803309228818e-01,-9.566939280255666589e-02,2.305129108624325573e-01,2.399324866759447727e-01,7.363721996681515947e-01,-6.012375242986165436e-01,3.872066414114053168e-02,-2.096083723071632265e-01,-2.814114021789995007e-02,-1.249632100381425082e-01,6.316082068499069280e-01,-5.566995932505909295e-01,-3.821649037850090996e-02,-2.540989141103217053e-02,0.000000000000000000e+00,0.000000000000000000e+00,-1.247964465659029187e+00,4.414424806783177058e-01,-2.648054410416446625e-01,-3.182181256771284272e-01,0.000000000000000000e+00,0.000000000000000000e+00,0.000000000000000000e+00,-1.223758330252943782e+00,-6.138723412411725144e-01,4.247497691208720338e-01,-5.770698556762662301e-01,0.000000000000000000e+00,0.000000000000000000e+00,0.000000000000000000e+00
1.111935649003449322e-01,-9.940238141140651518e-01,9.023470986064282551e-01,6.237213096114427313e-02,-3.435432153864560745e-02,7.770541518074586262e-01,6.253929508954969574e-01,-9.399901784454997578e-02,2.347403151130816323e-01,2.391825511402896898e-01,7.382851456174246429e-01,-6.066679782911287289e-01,3.745028986036715024e-02,-2.056467687427859792e-01,-2.964011969928355764e-02,-1.271791056296646127e-01,6.236722138287280615e-01,-5.535466103290908046e-01,-3.431664829817349799e-02,-2.899553634322562384e-02,0.000000000000000000e+00,0.000000000000000000e+00,-1.246942083639821064e+00,4.403018886036015878e-01,-2.670508137247210034e-01,-3.221978489931860423e-01,0.000000000000000000e+00,0.000000000000000000e+00,0.000000000000000000e+00,-1.225643030272636436e+00,-6.228231205268432991e-01,4.263664216943715557e-01,-5.828954447186667220e-01,0.000000000000000000e+00,0.000000000000000000e+00,0.000000000000000000e+00
1.107660892130266500e-01,-9.940781116948416152e-01,9.024797402632112053e-01,6.369442711555492465e-02,-3.510747234577436121e-02,7.773084246118473484e-01,6.249016709590087260e-01,-9.106569188723352692e-02,2.347709482766758837e-01,2.323229086391408460e-01,7.438883654949679514e-01,-6.082970858052418883e-01,4.207048727873857752e-02,-2.017208537167688442e-01,-2.962737928400978327e-02,-1.247294200990460150e-01,6.225499683559044817e-01,-5.529620079098022112e-01,-3.647959004158152913e-02,-2.980070243855310885e-02,0.000000000000000000e+00,0.000000000000000000e+00,-1.247744290377131193e+00,4.438237354814895674e-01,-2.746826027393197145e-01,-3.240765103513295053e-01,0.000000000000000000e+00,0.000000000000000000e+00,0.000000000000000000e+00,-1.228998051122622170e+00,-6.300262724837835115e-01,4.240086064550422917e-01,-5.850822527922751037e-01,0.000000000000000000e+00,0.000000000000000000e+00,0.000000000000000000e+00
1.099533629961791659e-01,-9.942289665354563377e-01,9.028595752001264962e-01,6.364549058719411179e-02,-3.531074856852384203e-02,7.769704842178651871e-01,6.253153358248169091e-01,-8.740504371773791248e-02,2.346211030869398972e-01,2.301378407912855473e-01,7.426744880963958018e-01,-6.121310332790720343e-01,4.170788855453637367e-02,-2.007407187871862730e-01,-2.961410693460370461e-02,-1.228368373971140820e-01,6.197687090904870910e-01,-5.483129633411695236e-01,-3.351752583113869199e-02,-3.156555879347301696e-02,0.000000000000000000e+00,0.000000000000000000e+00,-1.247841581956944834e+00,4.352805705627054711e-01,-2.747680328602350452e-01,-3.247157096117316843e-01,0.000000000000000000e+00,0.000000000000000000e+00,0.000000000000000000e+00,-1.229589894916388815e+00,-6.296517313599286902e-01,4.277203520827706495e-01,-5.859715858077131356e-01,0.000000000000000000e+00,0.000000000000000000e+00,0.000000000000000000e+00
1.089264742256492169e-01,-9.944305872304739502e-01,9.043104346544429406e-01,6.286782439302394943e-02,-3.373996739447539944e-02,7.781845896335073398e-01,6.239695471040542785e-01,-8.312123616403843673e-02,2.294312138460343209e-01,2.276606195171327340e-01,7.290951820482350909e-01,-6.041747431261810242e-01,4.168450961252932047e-02,-1.978668847521693197e-01,-3.261881674458357028e-02,-1.232425773468842217e-01,6.066764868468883520e-01,-5.410286431799232743e-01,-3.195036075347069959e-02,-3.297837332455066245e-02,0.000000000000000000e+00,0.000000000000000000e+00,-1.249730793848736310e+00,4.238715377069112722e-01,-2.669284720928050691e-01,-3.187366022513520303e-01,0.000000000000000000e+00,0.000000000000000000e+00,0.000000000000000000e+00,-1.232660438627973143e+00,-6.307624299737152329e-01,4.263833802197088407e-01,-5.784567562870702728e-01,0.000000000000000000e+00,0.000000000000000000e+00,0.000000000000000000e+00
1.075009203201974795e-01,-9.947907879867421421e-01,9.049387941064677143e-01,6.343927483978721582e-02,-3.294134904415438325e-02,7.780307026814767823e-01,6.241462581926785491e-01,-7.606905107261568988e-02,2.244967479253374421e-01,2.272748431174511086e-01,7.188830130708239174e-01,-6.034372686862735646e-01,4.213309744524332268e-02,-1.966948933505286157e-01,-3.678520322078610710e-02,-1.221624585782895983e-01,6.037628298351472855e-01,-5.381631708499405864e-01,-3.186579853639984888e-02,-3.341812377696447289e-02,0.000000000000000000e+00,0.000000000000000000e+00,-1.246464390551421220e+00,4.181405248460077773e-01,-2.652727267076754880e-01,-3.168276595125826267e-01,0.000000000000000000e+00,0.000000000000000000e+00,0.000000000000000000e+00,-1.233388872546588466e+00,-6.324379704195515206e-01,4.231119911927607169e-01,-5.757446936605278287e-01,0.000000000000000000e+00,0.000000000000000000e+00,0.000000000000000000e+00
1.059132775875982480e-01,-9.951461496434240717e-01,9.049513175092243067e-01,6.475102335350321758e-02,-3.291272667844007821e-02,7.786376147813457438e-01,6.232555834044986032e-01,-6.878836966334088421e-02,2.202007608335649902e-01,2.255087733601757738e-01,7.124228781481993789e-01,-6.135470953907580238e-01,3.762925587917254067e-02,-1.953712418617939151e-01,-4.262643579718480846e-02,-1.233612707074788206e-01,6.071852543892662935e-01,-5.415717915995436060e-01,-2.810951986105607314e-02,-3.067294184452681871e-02,0.000000000000000000e+00,0.000000000000000000e+00,-1.242214572378599780e+00,4.233692021106019165e-01,-2.698819803987850818e-01,-3.246929301790381639e-01,0.000000000000000000e+00,0.000000000000000000e+00,0.000000000000000000e+00,-1.228146082704546505e+00,-6.389349170650269194e-01,4.220210144141366415e-01,-5.821451684082267208e-01,0.000000000000000000e+00,0.000000000000000000e+00,0.000000000000000000e+00
1.037597141096862075e-01,-9.956071096178196189e-01,9.064288785171165097e-01,6.585636255521107318e-02,-3.105646523398118697e-02,7.798378191883519328e-01,6.217325882095321443e-01,-5.837122881044847639e-02,2.092814646883522645e-01,2.277419163523921042e-01,6.901482451104109517e-01,-6.154520144671931092e-01,3.669860861420368853e-02,-1.914756601458879326e-01,-5.228800606899078329e-02,-1.254948892963154150e-01,5.982928897790585898e-01,-5.338550312466331382e-01,-2.312672605742018342e-02,-3.192681619062572029e-02,0.000000000000000000e+00,0.000000000000000000e+00,-1.255090458050967861e+00,4.326545379923696366e-01,-2.795421902185031282e-01,-3.253529661934081441e-01,0.000000000000000000e+00,0.000000000000000000e+00,0.000000000000000000e+00,-1.237000770647495695e+00,-6.466555298694488529e-01,4.252976027805674408e-01,-5.814697841537469492e-01,0.000000000000000000e+00,0.000000000000000000e+00,0.000000000000000000e+00
1.013174287386744282e-01,-9.963825506572637769e-01,9.070828832440590572e-01,6.669630207898487317e-02,-3.075479263576926317e-02,7.808439044424780873e-01,6.203938611188434260e-01,-5.276387705327825750e-02,2.025413076257697176e-01,2.271687462250703005e-01,6.794013711342573592e-01,-6.177127149060958056e-01,3.602924001202188059e-02,-1.884437979267180596e-01,-5.957471720793226788e-02,-1.281032707574500384e-01,5.943667385555805316e-01,-5.293005274915042468e-01,-1.776503450218818586e-02,-3.211790900780980840e-02,0.000000000000000000e+00,0.000000000000000000e+00,-1.262412456450141107e+00,4.296426141408025701e-01,-2.784524095687480050e-01,-3.214609788733708284e-01,0.000000000000000000e+00,0.000000000000000000e+00,0.000000000000000000e+00,-1.241468257346801662e+00,-6.419443667002930898e-01,4.237879537254712892e-01,-5.803694859951035179e-01,0.000000000000000000e+00,0.000000000000000000e+00,0.000000000000000000e+00
9.828821311219547441e-02,-9.971893659353554540e-01,9.081811457989602543e-01,6.667655773059513735e-02,-3.006508947036061474e-02,7.814975943776723000e-01,6.196061951160993786e-01,-4.568642194269742496e-02,1.947388903486046152e-01,2.296095269770496439e-01,6.630998634454555729e-01,-6.252573813984132478e-01,3.665485340890755478e-02,-1.857880531198863594e-01,-6.566055356162717183e-02,-1.282181361198339031e-01,5.861639565412032349e-01,-5.216678531300232846e-01,-1.184881962940324482e-02,-3.661975572644135535e-02,0.000000000000000000e+00,0.000000000000000000e+00,-1.263466462035157445e+00,4.236194425080361814e-01,-2.673758021421960285e-01,-3.217552442280106617e-01,0.000000000000000000e+00,0.000000000000000000e+00,0.000000000000000000e+00,-1.243609107604431774e+00,-6.481140226775697899e-01,4.217279876081616030e-01,-5.785370376552481098e-01,0.000000000000000000e+00,0.000000000000000000e+00,0.000000000000000000e+00
9.516336202204063455e-02,-9.979621910183748001e-01,9.088373791891078968e-01,6.751628742860087129e-02,-2.885282424218480954e-02,7.816390117576693664e-01,6.193944791194082589e-01,-4.038732885308739251e-02,1.835980993211034917e-01,2.291811231976034757e-01,6.516755294339006133e-01,-6.293858698810620433e-01,4.400706516288824255e-02,-1.848984817720848994e-01,-7.301792241028190467e-02,-1.260101634293372408e-01,5.840749430327086822e-01,-5.212471718699636103e-01,-1.337265873906076305e-02,-3.385097423828808266e-02,0.000000000000000000e+00,0.000000000000000000e+00,-1.258246603152883170e+00,4.210477159441079475e-01,-2.655785366172582207e-01,-3.261154904750862560e-01,0.000000000000000000e+00,0.000000000000000000e+00,0.000000000000000000e+00,-1.245295224858516292e+00,-6.503210138651140948e-01,4.268317910535047721e-01,-5.773010180503180822e-01,0.000000000000000000e+00,0.000000000000000000e+00,0.000000000000000000e+00
9.158081360391978620e-02,-9.988954262697889996e-01,9.099532713954727736e-01,6.769276642384670917e-02,-2.774649414118031399e-02,7.818475807551285017e-01,6.191624842511967985e-01,-3.348868068957532029e-02,1.734541276602615256e-01,2.317108364885837601e-01,6.353075946129893570e-01,-6.337790147557823550e-01,4.655473030168463811e-02,-1.830316920181614404e-01,-8.090267821854045527e-02,-1.248286454184821537e-01,5.766194087286106162e-01,-5.137235217928078912e-01,-3.677322731676551174e-03,-3.419183466511701436e-02,0.000000000000000000e+00,0.000000000000000000e+00,-1.257098810883137130e+00,4.243478195312799239e-01,-2.573964215658108845e-01,-3.260654262443155593e-01,0.000000000000000000e+00,0.000000000000000000e+00,0.000000000000000000e+00,-1.242393171505928873e+00,-6.465507997895658665e-01,4.248339351914851569e-01,-5.736983326909922409e-01,0.000000000000000000e+00,0.000000000000000000e+00,0.000000000000000000e+00
8.794963892927015747e-02,-9.998279515716278487e-01,9.112055450732090556e-01,6.743666245417864746e-02,-2.632160379477976875e-02,7.829195488142051129e-01,6.178967954402045937e-01,-2.879554323588235515e-02,1.618947421776029683e-01,2.299582111581225663e-01,6.189602696585875252e-01,-6.367237727732191210e-01,5.107249297461725901e-02,-1.804011269252600302e-01,-8.834421475098622190e-02,-1.238470434494059746e-01,5.663706330022059143e-01,-5.082467126505847421e-01,3.171918063792335263e-03,-3.524116554853638089e-02,0.000000000000000000e+00,0.000000000000000000e+00,-1.255718723310482066e+00,4.183495036528222522e-01,-2.520055271683444564e-01,-3.259700270436074465e-01,0.000000000000000000e+00,0.000000000000000000e+00,0.000000000000000000e+00,-1.241184871165520454e+00,-6.350132098476458653e-01,4.175320485358551825e-01,-5.735218865555210543e-01,0.000000000000000000e+00,0.000000000000000000e+00,0.000000000000000000e+00
8.421377034902934045e-02,-1.000988237494386368e+00,9.121896449604031121e-01,6.724487831701243812e-02,-2.448695509064142614e-02,7.833066670001614940e-01,6.175023731157781581e-01,-2.349087463304572881e-02,1.512821517448591779e-01,2.335457425226730166e-01,6.025778547055085088e-01,-6.416563275694929791e-01,5.347282548308925076e-02,-1.812337118916160228e-01,-9.785609132746375671e-02,-1.243992896584060759e-01,5.609829614411446785e-01,-5.011582446545711500e-01,7.822833152945032897e-03,-3.657740869142329931e-02,0.000000000000000000e+00,0.000000000000000000e+00,-1.254173022500487678e+00,4.117846306232285092e-01,-2.517472080026831316e-01,-3.301376356164130721e-01,0.000000000000000000e+00,0.000000000000000000e+00,0.000000000000000000e+00,-1.236431019399594433e+00,-6.370776790415546564e-01,4.168351208129021934e-01,-5.740095519579224703e-01,0.000000000000000000e+00,0.000000000000000000e+00,0.000000000000000000e+00
8.062329379718777278e-02,-1.002284001302737426e+00,9.135051019465610933e-01,6.761968662431361299e-02,-2.302058027749495292e-02,7.843892591022102456e-01,6.161421273290793588e-01,-1.587925738747747798e-02,1.394290821803851055e-01,2.353329250695828101e-01,5.819743062724801463e-01,-6.430041270120733232e-01,5.966119900207600413e-02,-1.789541807525487638e-01,-1.079913495269110291e-01,-1.262303103838812723e-01,5.521266180613991770e-01,-4.903608133608899911e-01,1.588673629861390990e-02,-3.688619664434113904e-02,0.000000000000000000e+00,0.000000000000000000e+00,-1.250631508444413287e+00,4.080560398340622452e-01,-2.466599178231288214e-01,-3.281496118533545614e-01,0.000000000000000000e+00,0.000000000000000000e+00,0.000000000000000000e+00,-1.233807538320792485e+00,-6.359853842834374271e-01,4.180641842994866630e-01,-5.712217750439333441e-01,0.000000000000000000e+00,0.000000000000000000e+00,0.000000000000000000e+00
7.719121772299600281e-02,-1.003788282395189801e+00,9.141233175937290012e-01,6.865957392882068855e-02,-2.140726153269553386e-02,7.847196683930139915e-01,6.156643843026353702e-01,-1.003937820710045815e-02,1.278142861343425918e-01,2.379529178095836917e-01,5.677896140073506182e-01,-6.455085159278428630e-01,6.280441280499250711e-02,-1.793370400680224519e-01,-1.193381924450604148e-01,-1.273214517463443773e-01,5.500300546668437374e-01,-4.843101531343836363e-01,2.286645187133382398e-02,-3.643817502777471629e-02,0.000000000000000000e+00,0.000000000000000000e+00,-1.249377938934763232e+00,4.052625883893728465e-01,-2.379741503801611480e-01,-3.229307160639214302e-01,0.000000000000000000e+00,0.000000000000000000e+00,0.000000000000000000e+00,-1.231274314535977910e+00,-6.287099529999895520e-01,4.128745301548600311e-01,-5.700679139935032058e-01,0.000000000000000000e+00,0.000000000000000000e+00,0.000000000000000000e+00
7.398300674286305278e-02,-1.005357837470841620e+00,9.149233087852121082e-01,6.921692875481547103e-02,-2.027149303304869726e-02,7.857899407791189006e-01,6.142737600730734382e-01,-5.791646040249412430e-03,1.179865620402612281e-01,2.386442950138620567e-01,5.547817719632108791e-01,-6.453980418714903022e-01,6.584710438479805805e-02,-1.782790825373771759e-01,-1.279920978224535766e-01,-1.278374310585122242e-01,5.450389344400227154e-01,-4.785551778614548502e-01,2.769617912773267299e-02,-3.778394910554198211e-02,0.000000000000000000e+00,0.000000000000000000e+00,-1.249820880020895864e+00,4.047778940957567628e-01,-2.395979691269057299e-01,-3.262872664943895495e-01,0.000000000000000000e+00,0.000000000000000000e+00,0.000000000000000000e+00,-1.229439576914783450e+00,-6.307840256632866183e-01,4.114121970710105658e-01,-5.741556495039408237e-01,0.000000000000000000e+00,0.000000000000000000e+00,0.000000000000000000e+00
7.112551089565040396e-02,-1.007033559586784977e+00,9.153844729185925955e-01,7.108324924975481518e-02,-1.937840228487411331e-02,7.860632323294595158e-01,6.137395571256146765e-01,-1.033601898984882507e-03,1.062710989096887076e-01,2.367675160494807640e-01,5.446802562302516248e-01,-6.428348355790114432e-01,7.200906844626424330e-02,-1.788536402612022069e-01,-1.375321115613770961e-01,-1.260742362859327559e-01,5.459278566046440462e-01,-4.683972622189555013e-01,3.378676285688927972e-02,-3.958306159179834222e-02,0.000000000000000000e+00,0.000000000000000000e+00,-1.254805649172536119e+00,4.063760500408439280e-01,-2.439304598185331741e-01,-3.207848575476704989e-01,0.000000000000000000e+00,0.000000000000000000e+00,0.000000000000000000e+00,-1.237016000203925437e+00,-6.302858417440792005e-01,4.148086322268124682e-01,-5.699783563660720809e-01,0.000000000000000000e+00,0.000000000000000000e+00,0.000000000000000000e+00
6.834930925037135951e-02,-1.008706267781965593e+00,9.158427007287375243e-01,7.135800593917926427e-02,-1.822791401302657766e-02,7.867878037692304094e-01,6.128137808332227987e-01,6.090569844517121703e-04,9.798186879852030517e-02,2.379624578108684718e-01,5.362471403411983584e-01,-6.438499025322983460e-01,7.726207936360826589e-02,-1.798217939239408480e-01,-1.452246434963329058e-01,-1.261454624507453715e-01,5.433670777656640638e-01,-4.639929771772565159e-01,3.992172330630099075e-02,-3.979205081504425673e-02,0.000000000000000000e+00,0.000000000000000000e+00,-1.255302308984978188e+00,4.077138689662125337e-01,-2.443234151562470036e-01,-3.161731179224930299e-01,0.000000000000000000e+00,0.000000000000000000e+00,0.000000000000000000e+00,-1.235696059423077697e+00,-6.279066118881476699e-01,4.106242897277176951e-01,-5.646919711955931120e-01,0.000000000000000000e+00,0.000000000000000000e+00,0.000000000000000000e+00
6.616500952631240717e-02,-1.010294673350432992e+00,9.156850581136565248e-01,7.298209848104535158e-02,-1.725337833267028692e-02,7.877681517841675918e-01,6.113896247663758166e-01,1.376763779694466575e-03,8.885351872909769133e-02,2.358728781294763821e-01,5.338522955079891830e-01,-6.465512432811697519e-01,8.182204760002304011e-02,-1.809178978372140145e-01,-1.549468984697512097e-01,-1.285693594560055053e-01,5.476589109840918068e-01,-4.661789734585614631e-01,3.957032922233907901e-02,-3.643088423936032688e-02,0.000000000000000000e+00,0.000000000000000000e+00,-1.259359679744747496e+00,4.101483950113606891e-01,-2.571242698876610167e-01,-3.112268662586081813e-01,0.000000000000000000e+00,0.000000000000000000e+00,0.000000000000000000e+00,-1.242520150986234917e+00,-6.307746335904677037e-01,4.136170086023776005e-01,-5.638863839417829205e-01,0.000000000000000000e+00,0.000000000000000000e+00,0.000000000000000000e+00
6.385342805523999687e-02,-1.011853266117917149e+00,9.159372823598500579e-01,7.246733955329032195e-02,-1.724976337023046216e-02,7.880255467763209731e-01,6.111191929481676333e-01,-6.979919094428094911e-04,8.522373309004499520e-02,2.350906309853185439e-01,5.332844694060000501e-01,-6.463631690867709390e-01,8.401702127813839849e-02,-1.804777741113756939e-01,-1.579989561153369027e-01,-1.287835757770034451e-01,5.425098425019388992e-01,-4.635992042845141214e-01,4.643168424736988931e-02,-3.711579483526177697e-02,0.000000000000000000e+00,0.000000000000000000e+00,-1.262900632791411626e+00,4.215080958868565597e-01,-2.600808002616015191e-01,-3.044160152890030835e-01,0.000000000000000000e+00,0.000000000000000000e+00,0.000000000000000000e+00,-1.244642445057501323e+00,-6.398287735100289808e-01,4.135123276770497625e-01,-5.612211658403056802e-01,0.000000000000000000e+00,0.000000000000000000e+00,0.000000000000000000e+00
6.182908224276682796e-02,-1.013488658327895475e+00,9.163451105058055823e-01,7.344298490916377486e-02,-1.646573271534415225e-02,7.881445686738790535e-01,6.108708099783821677e-01,2.652871261210601114e-03,7.904082896703973349e-02,2.382240248615501432e-01,5.245768186271962952e-01,-6.428978451148357198e-01,8.155830661200254295e-02,-1.823946536763144111e-01,-1.649545440128718232e-01,-1.283852763088251248e-01,5.432870777156346698e-01,-4.537717821361316739e-01,4.858200712783545400e-02,-4.222890777400104684e-02,0.000000000000000000e+00,0.000000000000000000e+00,-1.266922125438758151e+00,4.205817792853269732e-01,-2.642722948932444416e-01,-3.053199657938814870e-01,0.000000000000000000e+00,0.000000000000000000e+00,0.000000000000000000e+00,-1.250167242685450653e+00,-6.423530371784338389e-01,4.104477700917187888e-01,-5.625087732976122856e-01,0.000000000000000000e+00,0.000000000000000000e+00,0.000000000000000000e+00
6.001817032949015307e-02,-1.014912163572820436e+00,9.166537168007394820e-01,7.391368500338202363e-02,-1.598347129625334734e-02,7.881448277191485108e-01,6.108265108474717486e-01,3.460594844604664849e-03,7.383144500264192389e-02,2.388791998021366769e-01,5.202017116744078740e-01,-6.400858486741719533e-01,8.469435075715968375e-02,-1.824066451521476062e-01,-1.691040813092069273e-01,-1.272099904250374725e-01,5.404216945102278125e-01,-4.500743823063508287e-01,4.910815579058761676e-02,-4.193262312650573864e-02,0.000000000000000000e+00,0.000000000000000000e+00,-1.269032492019860792e+00,4.182678644451058858e-01,-2.689161838255039183e-01,-3.011812092770042026e-01,0.000000000000000000e+00,0.000000000000000000e+00,0.000000000000000000e+00,-1.255051125509807131e+00,-6.526170391752942335e-01,4.176604589315691118e-01,-5.648851136814837526e-01,0.000000000000000000e+00,0.000000000000000000e+00,0.000000000000000000e+00
5.816181542479958305e-02,-1.016278124778938752e+00,9.171623593885980252e-01,7.372180160715929853e-02,-1.568666462326239255e-02,7.882490758408591258e-01,6.107228659194151588e-01,3.619207413229005854e-03,6.927903705579918636e-02,2.381763038382083697e-01,5.149209483320499325e-01,-6.365248023145959611e-01,8.759548683510419431e-02,-1.829772682743947554e-01,-1.712882271082079577e-01,-1.240108781080421496e-01,5.362579280442272278e-01,-4.423614848580442183e-01,5.547534620102750891e-02,-4.246532290771906637e-02,0.000000000000000000e+00,0.000000000000000000e+00,-1.268868703024087941e+00,4.100762649192479792e-01,-2.669902708105932332e-01,-2.965483281335886123e-01,0.000000000000000000e+00,0.000000000000000000e+00,0.000000000000000000e+00,-1.255544031937506411e+00,-6.456307853970686406e-01,4.149386224621907093e-01,-5.609979288647846118e-01,0.000000000000000000e+00,0.000000000000000000e+00,0.000000000000000000e+00
5.655832873201709771e-02,-1.017634744378708156e+00,9.172450884865983589e-01,7.451452148571169332e-02,-1.543448734717810765e-02,7.880386430342918302e-01,6.109046241212757744e-01,4.525222900493737488e-03,6.462360299577094014e-02,2.386623807758628812e-01,5.126669076006573622e-01,-6.359087824572582370e-01,8.966229883043604076e-02,-1.847402245543228738e-01,-1.758264665868199683e-01,-1.230213067104252989e-01,5.380414730299417636e-01,-4.356361024218783351e-01,5.691802780161853148e-02,-4.314479613218137610e-02,0.000000000000000000e+00,0.000000000000000000e+00,-1.266386964093424661e+00,4.110146992138721256e-01,-2.660408873086732018e-01,-2.918615081403846401e-01,0.000000000000000000e+00,0.000000000000000000e+00,0.000000000000000000e+00,-1.255273604610901650e+00,-6.486076295909484202e-01,4.193490132170225038e-01,-5.575306023859850635e-01,0.000000000000000000e+00,0.000000000000000000e+00,0.000000000000000000e+00
5.499074899810943440e-02,-1.018656984177361835e+00,9.179949532093780729e-01,7.378519189628497676e-02,-1.453866053030352691e-02,7.892930736910882539e-01,6.093938107907620472e-01,4.501396386936417325e-03,6.078097392976426760e-02,2.389596870890022817e-01,5.043056501083907905e-01,-6.312139150716333802e-01,9.055469165803467502e-02,-1.825430683256831221e-01,-1.798447271353338928e-01,-1.260115370297693882e-01,5.284409298888358419e-01,-4.316264596443482593e-01,6.204759933230350605e-02,-4.141204085629106996e-02,0.000000000000000000e+00,0.000000000000000000e+00,-1.266748545561896311e+00,4.094274964874129452e-01,-2.624319204949315254e-01,-2.927397775377493239e-01,0.000000000000000000e+00,0.000000000000000000e+00,0.000000000000000000e+00,-1.253927704710681601e+00,-6.503485910853655794e-01,4.090120490321082491e-01,-5.591256181694300720e-01,0.000000000000000000e+00,0.000000000000000000e+00,0.000000000000000000e+00
5.356607365283093392e-02,-1.019796376650616176e+00,9.176057154476193745e-01,7.422125866212542222e-02,-1.449340823484965117e-02,7.892921790977184271e-01,6.093430904634290490e-01,3.417847087163075268e-03,5.781067481564861055e-02,2.397711778934163707e-01,5.070486719855697988e-01,-6.368433195077901621e-01,9.451628977625754768e-02,-1.845301249266134425e-01,-1.834627157305261935e-01,-1.258186413087987732e-01,5.317303213932340622e-01,-4.319433263729143824e-01,6.350519096978025912e-02,-4.021584138033327399e-02,0.000000000000000000e+00,0.000000000000000000e+00,-1.266552137287622726e+00,4.092933817158166399e-01,-2.678900543806076451e-01,-2.870188946422834175e-01,0.000000000000000000e+00,0.000000000000000000e+00,0.000000000000000000e+00,-1.251559836078772525e+00,-6.507121136560800601e-01,4.109603848975617590e-01,-5.577403113811681967e-01,0.000000000000000000e+00,0.000000000000000000e+00,0.000000000000000000e+00
5.221174945244201615e-02,-1.020756679196384464e+00,9.179686915464381203e-01,7.443018678515485320e-02,-1.432114192131049048e-02,7.907062204298880292e-01,6.074855760943442817e-01,3.172273776532353803e-03,5.379274276429819868e-02,2.363796475584147572e-01,5.036629709403219746e-01,-6.334454959862858558e-01,9.567671877781618039e-02,-1.846181647292857719e-01,-1.870580334628560715e-01,-1.264658128844569074e-01,5.310261404520811857e-01,-4.234656988222834095e-01,6.448741256544557321e-02,-4.351393701890159116e-02,0.000000000000000000e+00,0.000000000000000000e+00,-1.269442728572473200e+00,4.123106852423544244e-01,-2.722211244163908472e-01,-2.873992727280785808e-01,0.000000000000000000e+00,0.000000000000000000e+00,0.000000000000000000e+00,-1.254784703850639449e+00,-6.584862966594893230e-01,4.084905108733107304e-01,-5.588651709480689789e-01,0.000000000000000000e+00,0.000000000000000000e+00,0.000000000000000000e+00
5.086809598327979992e-02,-1.021800233889632148e+00,9.180415648429853803e-01,7.432300798212612691e-02,-1.406253388943961777e-02,7.907041621379594654e-01,6.075074185578345221e-01,2.782014188520328876e-03,5.146245653639425210e-02,2.377534941411811320e-01,5.019194215616418209e-01,-6.342286163966018853e-01,9.557049290986671664e-02,-1.850653159721392105e-01,-1.895732778075207015e-01,-1.264249904980724593e-01,5.289243553377490636e-01,-4.221820840157835542e-01,6.713984462807394415e-02,-4.598459494843080975e-02,0.000000000000000000e+00,0.000000000000000000e+00,-1.271406662259069176e+00,4.128456299450833922e-01,-2.685414346888845838e-01,-2.853181310195637699e-01,0.000000000000000000e+00,0.000000000000000000e+00,0.000000000000000000e+00,-1.256388553619865567e+00,-6.586389625672364190e-01,4.076806495545213793e-01,-5.585427704954494255e-01,0.000000000000000000e+00,0.000000000000000000e+00,0.000000000000000000e+00
4.984463854283299744e-02,-1.022759074704111981e+00,9.181129734233720585e-01,7.518353358976456735e-02,-1.320991440192954489e-02,7.915527640608894799e-01,6.063144037098373573e-01,2.977464752749440016e-03,4.637745840919171164e-02,2.369331531313823291e-01,4.989410482758072085e-01,-6.317243140206616481e-01,9.705039116551333889e-02,-1.858254436087541095e-01,-1.949526268031401832e-01,-1.273024839691764276e-01,5.305447653778232464e-01,-4.217361269827859527e-01,6.487638433889103551e-02,-4.445450278448838388e-02,0.000000000000000000e+00,0.000000000000000000e+00,-1.268417391149328610e+00,4.111336085149625008e-01,-2.701619255967101507e-01,-2.824129193946506300e-01,0.000000000000000000e+00,0.000000000000000000e+00,0.000000000000000000e+00,-1.256978502048800239e+00,-6.577059427531007918e-01,4.074674016711247737e-01,-5.565153973072033411e-01,0.000000000000000000e+00,0.000000000000000000e+00,0.000000000000000000e+00
4.851967595778843012e-02,-1.023690002932917897e+00,9.183133864451892281e-01,7.545161630967354982e-02,-1.329212719598068214e-02,7.923558766087991367e-01,6.052293265815564816e-01,3.946215095279242274e-03,4.391164920244167158e-02,2.372414180657440308e-01,4.957897540375249545e-01,-6.300210390807935434e-01,9.745833133927038483e-02,-1.854700492867079331e-01,-1.988362924470097048e-01,-1.295384342233468211e-01,5.297380922883664356e-01,-4.146976020026071907e-01,6.919564232585752317e-02,-4.584208915029148318e-02,0.000000000000000000e+00,0.000000000000000000e+00,-1.270840287806288327e+00,4.094097739902715638e-01,-2.724297360168223547e-01,-2.814752672652801047e-01,0.000000000000000000e+00,0.000000000000000000e+00,0.000000000000000000e+00,-1.260572074890416783e+00,-6.662317475929850907e-01,4.096206721760586866e-01,-5.599470812488990257e-01,0.000000000000000000e+00,0.000000000000000000e+00,0.000000000000000000e+00
4.737618095102053006e-02,-1.024565789318192088e+00,9.184627590116062335e-01,7.532673198782233182e-02,-1.240466408587118270e-02,7.935586790807200863e-01,6.036858708075029112e-01,2.703104895273348088e-03,3.971836231783688193e-02,2.358407295168694073e-01,4.925302767169305596e-01,-6.295951867286359027e-01,9.974726921483767494e-02,-1.881626337692722806e-01,-2.034842771451609855e-01,-1.307330692286392537e-01,5.316222969125711240e-01,-4.089157118477745323e-01,7.139034474897182347e-02,-4.595336131056475260e-02,0.000000000000000000e+00,0.000000000000000000e+00,-1.272062487263994957e+00,4.068984879846334612e-01,-2.753948352650363862e-01,-2.780309798919576303e-01,0.000000000000000000e+00,0.000000000000000000e+00,0.000000000000000000e+00,-1.258125794258510011e+00,-6.650688560544796291e-01,4.125552409913826879e-01,-5.619386559631563971e-01,0.000000000000000000e+00,0.000000000000000000e+00,0.000000000000000000e+00
4.599591397341733917e-02,-1.025471408599042622e+00,9.185392055700840608e-01,7.503860404974697917e-02,-1.235565273172534347e-02,7.933735951402123288e-01,6.039659628506658384e-01,2.781232701468823801e-03,3.789106037365164853e-02,2.377190983387946766e-01,4.907993364338474329e-01,-6.316983615401770003e-01,1.011009974511159898e-01,-1.899510745208637108e-01,-2.039712381662075469e-01,-1.263742056431207961e-01,5.310098554018045647e-01,-4.035830274644839899e-01,7.608878829042971248e-02,-4.880441802587797556e-02,0.000000000000000000e+00,0.000000000000000000e+00,-1.273639734982176863e+00,4.060497486010175572e-01,-2.692385867983300707e-01,-2.778824601044666553e-01,0.000000000000000000e+00,0.000000000000000000e+00,0.000000000000000000e+00,-1.255474623397656586e+00,-6.605274884618344000e-01,4.059393278035665076e-01,-5.616657910336118054e-01,0.000000000000000000e+00,0.000000000000000000e+00,0.000000000000000000e+00
4.503835740301846691e-02,-1.026300093020800386e+00,9.188274605752365654e-01,7.491821259406215849e-02,-1.262492212530383351e-02,7.944873855776174443e-01,6.025094745488094317e-01,1.284274253216607584e-03,3.672654719665141565e-02,2.361809264180211310e-01,4.908911161933280920e-01,-6.284936546199741958e-01,1.047655170760414950e-01,-1.892009204905049091e-01,-2.051119630752740175e-01,-1.267192948803887720e-01,5.285479627789646528e-01,-3.964068179583116192e-01,7.627650117918992334e-02,-5.125477125639463921e-02,0.000000000000000000e+00,0.000000000000000000e+00,-1.272449628931420662e+00,3.993208677628968806e-01,-2.713127028824105502e-01,-2.751531447969154942e-01,0.000000000000000000e+00,0.000000000000000000e+00,0.000000000000000000e+00,-1.255208879131075372e+00,-6.582641756998289795e-01,4.067243215806990997e-01,-5.598964578088088118e-01,0.000000000000000000e+00,0.000000000000000000e+00,0.000000000000000000e+00
4.420628697978268296e-02,-1.027140245571882771e+00,9.186474780401181484e-01,7.542270073757063875e-02,-1.269061149616954910e-02,7.940872942286153480e-01,6.029724154038724748e-01,6.730542361094889181e-04,3.525041314733280695e-02,2.373784443297334290e-01,4.929625486936393131e-01,-6.287391028250177705e-01,1.042776353207115203e-01,-1.889884693105543800e-01,-2.071449271934233394e-01,-1.266241297907228780e-01,5.278801538101841606e-01,-3.974726767007198958e-01,7.622479133646875571e-02,-5.113220306123964637e-02,0.000000000000000000e+00,0.000000000000000000e+00,-1.271838097370785015e+00,3.971470422565184788e-01,-2.707284212111641386e-01,-2.744828822339581698e-01,0.000000000000000000e+00,0.000000000000000000e+00,0.000000000000000000e+00,-1.256216383276393511e+00,-6.572082552659501697e-01,4.067825048912560026e-01,-5.616497892466459918e-01,0.000000000000000000e+00,0.000000000000000000e+00,0.000000000000000000e+00
4.333220038227439397e-02,-1.027724277233763139e+00,9.187223116964114977e-01,7.519931412574691609e-02,-1.253587009162137646e-02,7.936604026145984703e-01,6.035653075166732551e-01,8.366697814076347328e-04,3.355739013468487381e-02,2.380189206306241312e-01,4.913040273749330056e-01,-6.300573644111727711e-01,1.056817562210938255e-01,-1.893739782413810246e-01,-2.076171046568423273e-01,-1.248839691171367006e-01,5.258867854120049534e-01,-3.972046910487432858e-01,7.814612661323154519e-02,-5.062716624285028971e-02,0.000000000000000000e+00,0.000000000000000000e+00,-1.272953878942869155e+00,3.979981844366118904e-01,-2.640619879766887834e-01,-2.771458896281334128e-01,0.000000000000000000e+00,0.000000000000000000e+00,0.000000000000000000e+00,-1.255664586135798677e+00,-6.534077674490550436e-01,3.951737093926421807e-01,-5.629047428805974418e-01,0.000000000000000000e+00,0.000000000000000000e+00,0.000000000000000000e+00
4.277813813696478007e-02,-1.028346659928935036e+00,9.187215009586412462e-01,7.536968410384065065e-02,-1.247673553799561082e-02,7.940773834215992810e-01,6.029965596309058151e-01,1.685763274405192857e-05,3.293524579804587432e-02,2.393257128206967010e-01,4.919167318788479903e-01,-6.287815179660337650e-01,1.061793251521494508e-01,-1.893454205195330975e-01,-2.098032968645169860e-01,-1.264431650101805193e-01,5.255229065496621610e-01,-3.953006287456126144e-01,7.902300440631168654e-02,-4.962639430879924041e-02,0.000000000000000000e+00,0.000000000000000000e+00,-1.269718224334668522e+00,3.970263419123036819e-01,-2.628472607218305113e-01,-2.744234944301377488e-01,0.000000000000000000e+00,0.000000000000000000e+00,0.000000000000000000e+00,-1.254377322902682890e+00,-6.547255190345279141e-01,3.903966841137080368e-01,-5.628857239760353126e-01,0.000000000000000000e+00,0.000000000000000000e+00,0.000000000000000000e+00
4.227780588100094050e-02,-1.028750192837810440e+00,9.188836083900265850e-01,7.463196807616218065e-02,-1.188274837884359392e-02,7.944971041080847174e-01,6.025472771458774135e-01,-5.767000949009198907e-04,3.191274066244440683e-02,2.397910369796275865e-01,4.884476605792555937e-01,-6.302826176799961599e-01,1.046502576034161747e-01,-1.906023672867887264e-01,-2.114454326760000780e-01,-1.286237833309285261e-01,5.240942823113707849e-01,-3.944154626409313025e-01,7.867451085337905103e-02,-4.813773410538326608e-02,0.000000000000000000e+00,0.000000000000000000e+00,-1.269766379077874152e+00,3.916659581699388770e-01,-2.613853979411601136e-01,-2.766280779451226191e-01,0.000000000000000000e+00,0.000000000000000000e+00,0.000000000000000000e+00,-1.253921783868201301e+00,-6.512795635054259291e-01,3.858864755603575447e-01,-5.658511430795394315e-01,0.000000000000000000e+00,0.000000000000000000e+00,0.000000000000000000e+00
4.182543623773345154e-02,-1.029246715716627847e+00,9.189051219701362960e-01,7.548210043621987608e-02,-1.207908042084988691e-02,7.937042871418585888e-01,6.034816094153634403e-01,1.866026477449380175e-03,3.061625099095971470e-02,2.423893837180541022e-01,4.868610730585843926e-01,-6.292128685522038190e-01,1.058174367216914574e-01,-1.902000845488564795e-01,-2.122190015542774200e-01,-1.260102013549712630e-01,5.241407367385471083e-01,-3.919901220529353747e-01,8.105730209180851686e-02,-4.889863399305222763e-02,0.000000000000000000e+00,0.000000000000000000e+00,-1.268322921125534908e+00,4.009691255991931769e-01,-2.580186357885981274e-01,-2.735298346072603248e-01,0.000000000000000000e+00,0.000000000000000000e+00,0.000000000000000000e+00,-1.254617068969077653e+00,-6.564833226339763517e-01,3.839976281803705316e-01,-5.648178762311603096e-01,0.000000000000000000e+00,0.000000000000000000e+00,0.000000000000000000e+00
4.140976417452849057e-02,-1.029637036963060748e+00,9.189693214605604288e-01,7.544031258341743484e-02,-1.196737782729889558e-02,7.933276483841867899e-01,6.039840920210326480e-01,2.635856622969770177e-03,3.011568516821739802e-02,2.447717824894699579e-01,4.850255164890434068e-01,-6.299089128351099687e-01,1.061492406216765355e-01,-1.909678549801051006e-01,-2.122290524894657193e-01,-1.236933142184186152e-01,5.232603895443656006e-01,-3.896492527332410805e-01,8.343750389080631380e-02,-5.049197365661416831e-02,0.000000000000000000e+00,0.000000000000000000e+00,-1.270101950278451408e+00,4.045130931952612419e-01,-2.605130434414225649e-01,-2.725849189300861286e-01,0.000000000000000000e+00,0.000000000000000000e+00,0.000000000000000000e+00,-1.254754007775493507e+00,-6.592163634307635078e-01,3.862125334122834541e-01,-5.661823752973329515e-01,0.000000000000000000e+00,0.000000000000000000e+00,0.000000000000000000e+00
4.113723761558193970e-02,-1.029957438083866306e+00,9.190280925036402593e-01,7.543167813821423373e-02,-1.195780292390239558e-02,7.932894830294090482e-01,6.040354865381829530e-01,2.225048548090453535e-03,2.986470119464876283e-02,2.449462504881787517e-01,4.849299871071585111e-01,-6.286463388252744311e-01,1.043784286931842276e-01,-1.913240790547121595e-01,-2.122785973551581107e-01,-1.228986137432898362e-01,5.226013965946418871e-01,-3.872061204446979321e-01,8.189262957202177173e-02,-5.166449354957237949e-02,0.000000000000000000e+00,0.000000000000000000e+00,-1.271243814125527782e+00,4.057050563414417166e-01,-2.578737521621360940e-01,-2.747680732897299638e-01,0.000000000000000000e+00,0.000000000000000000e+00,0.000000000000000000e+00,-1.260434700491910531e+00,-6.663417967363551853e-01,3.874233920325680369e-01,-5.711186992556607223e-01,0.000000000000000000e+00,0.000000000000000000e+00,0.000000000000000000e+00
4.083099997174274853e-02,-1.030384040396444378e+00,9.189308328345218158e-01,7.568971585955752701e-02,-1.181232122271014956e-02,7.927948512165473582e-01,6.046551578089481849e-01,2.536146874246232238e-03,2.925491536743128271e-02,2.473684054988577741e-01,4.848645152883287457e-01,-6.298198094238757205e-01,1.042844347273261807e-01,-1.924418798701385824e-01,-2.142457030548040320e-01,-1.240042400988852211e-01,5.238311282555914161e-01,-3.862843175798133522e-01,8.395790462405321175e-02,-5.194729455280665265e-02,0.000000000000000000e+00,0.000000000000000000e+00,-1.274310793262943386e+00,4.090170573467599713e-01,-2.575398436511103228e-01,-2.738856849350651546e-01,0.000000000000000000e+00,0.000000000000000000e+00,0.000000000000000000e+00,-1.259400474770240974e+00,-6.635257428689174120e-01,3.821706052592923064e-01,-5.687426701307087828e-01,0.000000000000000000e+00,0.000000000000000000e+00,0.000000000000000000e+00
4.050914861390651073e-02,-1.030616486567901946e+00,9.189854064911320286e-01,7.585155391061039476e-02,-1.196748637588363265e-02,7.926110554735562586e-01,6.048727434595516650e-01,4.741144801045838256e-03,2.901220592674568638e-02,2.496641010155118412e-01,4.818544735212410557e-01,-6.309486263918451243e-01,1.036811598801518214e-01,-1.930069543700532186e-01,-2.146529959234809715e-01,-1.231834245152141072e-01,5.244458889370798849e-01,-3.820998832685222335e-01,8.608866084558426668e-02,-5.179025614024906909e-02,0.000000000000000000e+00,0.000000000000000000e+00,-1.279943612761481386e+00,4.134547467971669832e-01,-2.613017212985488391e-01,-2.731308812561529242e-01,0.000000000000000000e+00,0.000000000000000000e+00,0.000000000000000000e+00,-1.263193644529092774e+00,-6.656781477042486017e-01,3.840415604986049947e-01,-5.694859655887416494e-01,0.000000000000000000e+00,0.000000000000000000e+00,0.000000000000000000e+00
4.026463003762070780e-02,-1.030977262428529384e+00,9.193266904339297829e-01,7.575801903426526707e-02,-1.194204338107003084e-02,7.929544647117326983e-01,6.044347169427137789e-01,5.660301640994501796e-03,3.017513397656483576e-02,2.540709996787601788e-01,4.789999821371941913e-01,-6.276515061147631691e-01,1.022444029352326117e-01,-1.920099062987707661e-01,-2.165189219528112774e-01,-1.265641427630327942e-01,5.218017929588195658e-01,-3.768000744357968279e-01,8.992884573387385783e-02,-5.276879682704017915e-02,0.000000000000000000e+00,0.000000000000000000e+00,-1.279196705461169703e+00,4.085140122842051413e-01,-2.608133087135106609e-01,-2.729848978382719560e-01,0.000000000000000000e+00,0.000000000000000000e+00,0.000000000000000000e+00,-1.260721009326717157e+00,-6.637690882657322211e-01,3.868642162957259822e-01,-5.715673626777149074e-01,0.000000000000000000e+00,0.000000000000000000e+00,0.000000000000000000e+00
3.991451967283985575e-02,-1.031061523479834374e+00,9.197681436989880721e-01,7.561956149818006845e-02,-1.210711750703820366e-02,7.918475081269613636e-01,6.058981956546959369e-01,8.083271839502987471e-03,2.954009348803663532e-02,2.545712069578536241e-01,4.739710679061858167e-01,-6.231869725184794317e-01,1.014965852919106903e-01,-1.904601586889581311e-01,-2.139195446891862251e-01,-1.226388295447870813e-01,5.161215760007713538e-01,-3.736133683592239851e-01,8.668663620083301435e-02,-5.277502239952881063e-02,0.000000000000000000e+00,0.000000000000000000e+00,-1.278214582260005949e+00,4.030371252359242207e-01,-2.526355016966678191e-01,-2.741525445221557056e-01,0.000000000000000000e+00,0.000000000000000000e+00,0.000000000000000000e+00,-1.260727951499983179e+00,-6.628656846595520902e-01,3.865867600108880975e-01,-5.731532671190697759e-01,0.000000000000000000e+00,0.000000000000000000e+00,0.000000000000000000e+00
3.966162617440405214e-02,-1.031022589995364447e+00,9.201675798834234588e-01,7.452041710514298312e-02,-1.195719178339166300e-02,7.923945640443281757e-01,6.053218878184812857e-01,7.838339908694697336e-03,2.947038425898335784e-02,2.534010073702595012e-01,4.699920641374318309e-01,-6.220638017572880374e-01,1.055536991690200904e-01,-1.875886423334281461e-01,-2.117459144662340309e-01,-1.224274013147940571e-01,5.077549085984935928e-01,-3.761837254020464760e-01,8.680949047559856357e-02,-5.180504912667491940e-02,0.000000000000000000e+00,0.000000000000000000e+00,-1.278563620079324670e+00,3.984133599218412924e-01,-2.519649006023840232e-01,-2.758316796865095677e-01,0.000000000000000000e+00,0.000000000000000000e+00,0.000000000000000000e+00,-1.260057533668570873e+00,-6.634710635283933566e-01,3.826333277680770695e-01,-5.764845524211316130e-01,0.000000000000000000e+00,0.000000000000000000e+00,0.000000000000000000e+00
3.942457152655960695e-02,-1.031071186746143953e+00,9.204431556079659682e-01,7.402480843672859523e-02,-1.137044091346540997e-02,7.924467229808329627e-01,6.053257239257868738e-01,8.241026607889088279e-03,2.855567333512627759e-02,2.543451449124697894e-01,4.654819524259796726e-01,-6.196807620304399800e-01,1.042883779125796384e-01,-1.883128905129828057e-01,-2.122406179123851044e-01,-1.219091151237729903e-01,5.052364444866765947e-01,-3.729457810928368255e-01,8.906334035251212145e-02,-5.283797738614661593e-02,0.000000000000000000e+00,0.000000000000000000e+00,-1.278916970383097595e+00,3.913874858871381757e-01,-2.515528454272506487e-01,-2.778227781550212105e-01,0.000000000000000000e+00,0.000000000000000000e+00,0.000000000000000000e+00,-1.256864626425489018e+00,-6.578835188758580532e-01,3.804645437732643298e-01,-5.784038143889623784e-01,0.000000000000000000e+00,0.000000000000000000e+00,0.000000000000000000e+00
3.916933257448727140e-02,-1.031162894632053240e+00,9.205658051387476393e-01,7.399388693707949216e-02,-1.126878599968370032e-02,7.917374306323492483e-01,6.062588226935105018e-01,1.075895972672499812e-02,2.886247969803091423e-02,2.583952813011001770e-01,4.612542812556909566e-01,-6.191583008820760181e-01,1.001324204864002670e-01,-1.881331253682835269e-01,-2.124692940739542901e-01,-1.215486896986520265e-01,5.030061803635312856e-01,-3.707349827253361152e-01,9.046962873976814590e-02,-5.526856998599757875e-02,0.000000000000000000e+00,0.000000000000000000e+00,-1.279475501651973435e+00,3.945043165419630515e-01,-2.514378964474630607e-01,-2.816041661077579028e-01,0.000000000000000000e+00,0.000000000000000000e+00,0.000000000000000000e+00,-1.258472897340398022e+00,-6.614049199449769656e-01,3.798939924261752754e-01,-5.794815629277499935e-01,0.000000000000000000e+00,0.000000000000000000e+00,0.000000000000000000e+00
3.904176003505467618e-02,-1.031274924925935643e+00,9.203159458023403294e-01,7.424798164119515709e-02,-1.145734746546168449e-02,7.909035088220470744e-01,6.073117866007849974e-01,1.102533326962475482e-02,2.895749808882180226e-02,2.601911909919300547e-01,4.632729035215036317e-01,-6.217516924505603892e-01,1.025080252165958966e-01,-1.895780267279128517e-01,-2.123169822082233704e-01,-1.197780023035274755e-01,5.055262996462898117e-01,-3.705163690718335512e-01,9.305844351016963334e-02,-5.563505226062541442e-02,0.000000000000000000e+00,0.000000000000000000e+00,-1.284301670428271036e+00,4.035644249103072512e-01,-2.551137422489851980e-01,-2.792805607516443134e-01,0.000000000000000000e+00,0.000000000000000000e+00,0.000000000000000000e+00,-1.263361781802209594e+00,-6.690197818210459335e-01,3.823896943756398548e-01,-5.767401987082227954e-01,0.000000000000000000e+00,0.000000000000000000e+00,0.000000000000000000e+00
3.902086828677601982e-02,-1.031528804638303098e+00,9.201730674723008763e-01,7.420986699026241307e-02,-1.151859542427702277e-02,7.903170878604593996e-01,6.080782172027715538e-01,1.008925757814883514e-02,2.886989140415398281e-02,2.601223150088906033e-01,4.652509062431439690e-01,-6.235973202870823684e-01,1.040097457683969162e-01,-1.907571003715867464e-01,-2.115319624762097561e-01,-1.180059871382162923e-01,5.061104637067413980e-01,-3.705810675369308749e-01,9.356308984071576296e-02,-5.541378193472882435e-02,0.000000000000000000e+00,0.000000000000000000e+00,-1.289080774260619400e+00,4.081900896921678012e-01,-2.540850705350625738e-01,-2.727390552982167926e-01,0.000000000000000000e+00,0.000000000000000000e+00,0.000000000000000000e+00,-1.269115959449398590e+00,-6.698538611696869260e-01,3.789236790262023868e-01,-5.741322261827681572e-01,0.000000000000000000e+00,0.000000000000000000e+00,0.000000000000000000e+00
3.907159868767347971e-02,-1.031927892775147404e+00,9.202725906449532589e-01,7.361706052221053675e-02,-1.138134986425032649e-02,7.904242203816945755e-01,6.080136060231927653e-01,8.564767262014770163e-03,2.950716611329090577e-02,2.600503418072018791e-01,4.647736744250022811e-01,-6.232660381142116623e-01,1.027556111710637432e-01,-1.922161686616486176e-01,-2.118389927938570672e-01,-1.202886887408677052e-01,5.055301249367505356e-01,-3.673274019750338848e-01,9.293032118897692762e-02,-5.618853424069965297e-02,0.000000000000000000e+00,0.000000000000000000e+00,-1.291302209007738622e+00,4.064998276807424982e-01,-2.543041085660411871e-01,-2.723516057551653158e-01,0.000000000000000000e+00,0.000000000000000000e+00,0.000000000000000000e+00,-1.273718650812458053e+00,-6.719526426289892385e-01,3.785557236589746077e-01,-5.749733194846801121e-01,0.000000000000000000e+00,0.000000000000000000e+00,0.000000000000000000e+00
3.923824251554057507e-02,-1.032448700618954884e+00,9.204023638222893489e-01,7.416757546452582006e-02,-1.164851377883188363e-02,7.905280245297585662e-01,6.078066512547679601e-01,9.378680610761962189e-03,2.961249631447009437e-02,2.608028707727302331e-01,4.638301499870378652e-01,-6.206586326979997015e-01,1.013950616120546933e-01,-1.909685404402056974e-01,-2.130002768817895187e-01,-1.220908081900613784e-01,5.043505236695585703e-01,-3.636799767242289705e-01,9.636041582697099650e-02,-5.605558470127375292e-02,0.000000000000000000e+00,0.000000000000000000e+00,-1.292605995155065024e+00,4.067342190627880605e-01,-2.519180551785353828e-01,-2.650476831716821469e-01,0.000000000000000000e+00,0.000000000000000000e+00,0.000000000000000000e+00,-1.277815779473804758e+00,-6.801899034596667892e-01,3.799297392785901950e-01,-5.741523096806264714e-01,0.000000000000000000e+00,0.000000000000000000e+00,0.000000000000000000e+00
3.937207795772210139e-02,-1.032821547705947696e+00,9.206287436640768762e-01,7.439633657729151361e-02,-1.148406270374827294e-02,7.905023819274686891e-01,6.078151738601897947e-01,1.039927389461448026e-02,2.938288075856505116e-02,2.627430163566985000e-01,4.606516009214588481e-01,-6.160862756772832460e-01,1.009002540597877390e-01,-1.902631811905632631e-01,-2.146547906139811834e-01,-1.249818370464525208e-01,5.022877299147942010e-01,-3.606189075930498200e-01,9.707004476773023471e-02,-5.357659319106130441e-02,0.000000000000000000e+00,0.000000000000000000e+00,-1.294375931130080648e+00,4.092948559253148377e-01,-2.512224099907497954e-01,-2.622699841364156126e-01,0.000000000000000000e+00,0.000000000000000000e+00,0.000000000000000000e+00,-1.276543940484044182e+00,-6.842504021532681557e-01,3.829302934838406114e-01,-5.749923969396358858e-01,0.000000000000000000e+00,0.000000000000000000e+00,0.000000000000000000e+00
3.940629439631047198e-02,-1.033273760627289484e+00,9.204654533799565552e-01,7.571866574980093412e-02,-1.160235972246805025e-02,7.893981582473411640e-01,6.090834234008064563e-01,1.264066274718674693e-02,2.873898152141137266e-02,2.669962349521522449e-01,4.610350886707262341e-01,-6.144347598833385105e-01,1.017723299637710993e-01,-1.924284906380318294e-01,-2.159043160507889692e-01,-1.216682417467885996e-01,5.072258169469988642e-01,-3.546612551451172601e-01,9.721621532888456707e-02,-5.573356376337985918e-02,0.000000000000000000e+00,0.000000000000000000e+00,-1.295636645896979244e+00,4.115536888922661229e-01,-2.477025026113569006e-01,-2.615572362680514962e-01,0.000000000000000000e+00,0.000000000000000000e+00,0.000000000000000000e+00,-1.276214324499288733e+00,-6.807560820971305660e-01,3.821151605638327120e-01,-5.750381746990712584e-01,0.000000000000000000e+00,0.000000000000000000e+00,0.000000000000000000e+00
3.940285885064703786e-02,-1.033360790077906710e+00,9.205072886620621064e-01,7.548888571180246976e-02,-1.193148675216619201e-02,7.895972055808089252e-01,6.088475348532266240e-01,1.289634486377192781e-02,2.881802281223136766e-02,2.654949954484704389e-01,4.603743850378825275e-01,-6.159482330148550178e-01,1.040262340666026769e-01,-1.916720697192351719e-01,-2.149170435293728254e-01,-1.214476778301621096e-01,5.056596916881419546e-01,-3.538067354229842421e-01,9.995370398498924780e-02,-5.458782223517960608e-02,0.000000000000000000e+00,0.000000000000000000e+00,-1.295432466746212485e+00,4.081231351869523127e-01,-2.463409316283547423e-01,-2.595069311282929836e-01,0.000000000000000000e+00,0.000000000000000000e+00,0.000000000000000000e+00,-1.278192031491250269e+00,-6.831239182097760265e-01,3.832412309070848400e-01,-5.766493963719460103e-01,0.000000000000000000e+00,0.000000000000000000e+00,0.000000000000000000e+00
3.939375532967832189e-02,-1.033162347752636157e+00,9.207107570528898499e-01,7.468108536145741383e-02,-1.126581422491928705e-02,7.899981576546820650e-01,6.084395843642096402e-01,1.220584837573124477e-02,2.884182115742522923e-02,2.660843589495807127e-01,4.574499565463673867e-01,-6.149587072730949844e-01,1.028401447431130100e-01,-1.928967076901773881e-01,-2.145181198594243166e-01,-1.207569424465902291e-01,5.042809601200672898e-01,-3.526544724593033142e-01,9.921522763260623434e-02,-5.697745658261592350e-02,0.000000000000000000e+00,0.000000000000000000e+00,-1.295678244242645549e+00,4.042412073582029586e-01,-2.439788819172357681e-01,-2.626148812941188626e-01,0.000000000000000000e+00,0.000000000000000000e+00,0.000000000000000000e+00,-1.276802273537678944e+00,-6.806181279910424875e-01,3.786627386392442118e-01,-5.782757608909065983e-01,0.000000000000000000e+00,0.000000000000000000e+00,0.000000000000000000e+00
3.955400334019443936e-02,-1.032704804194646275e+00,9.208514901815137987e-01,7.446874137490058776e-02,-1.044704940118386903e-02,7.901254713218451853e-01,6.083148899092307715e-01,1.315802910007708888e-02,2.769889571735346945e-02,2.665912381221308136e-01,4.532781910485810806e-01,-6.136751961225281882e-01,1.011434958821310348e-01,-1.934839547076154520e-01,-2.157621556244858907e-01,-1.214347526158722490e-01,5.035097143474054349e-01,-3.527842973657382974e-01,1.001243333002860419e-01,-5.555204884413072336e-02,0.000000000000000000e+00,0.000000000000000000e+00,-1.298178742207666048e+00,4.065653672318645939e-01,-2.453710188354367161e-01,-2.630879963262409693e-01,0.000000000000000000e+00,0.000000000000000000e+00,0.000000000000000000e+00,-1.276863800525552373e+00,-6.748067713614965824e-01,3.740492769344245239e-01,-5.808778422872092895e-01,0.000000000000000000e+00,0.000000000000000000e+00,0.000000000000000000e+00
3.962889602123323418e-02,-1.032152641552117611e+00,9.206889574106519314e-01,7.319555925773600646e-02,-1.003156958707892600e-02,7.899536449405480942e-01,6.086994468222469701e-01,1.045754981906707633e-02,2.923132639290855830e-02,2.661276522951537271e-01,4.552013108677695485e-01,-6.168994330982014995e-01,9.835466209774683388e-02,-1.949266855216348626e-01,-2.139746587150370138e-01,-1.218766450082961195e-01,5.031534853276050656e-01,-3.595676253146188883e-01,9.732746563495456305e-02,-5.626958126678777150e-02,0.000000000000000000e+00,0.000000000000000000e+00,-1.297624387394080037e+00,4.042748020424253297e-01,-2.358682170809403011e-01,-2.641194157121368180e-01,0.000000000000000000e+00,0.000000000000000000e+00,0.000000000000000000e+00,-1.275239184427137573e+00,-6.774158426529904853e-01,3.681293766515840726e-01,-5.813986234718534485e-01,0.000000000000000000e+00,0.000000000000000000e+00,0.000000000000000000e+00
3.973134862383179838e-02,-1.031634578890971099e+00,9.204530259177617912e-01,7.349985960162280785e-02,-1.007689858940333943e-02,7.895352511811640772e-01,6.092046568236793025e-01,1.119384315279180891e-02,3.049444774967862565e-02,2.696365556572816180e-01,4.575397516052212010e-01,-6.185778549531874004e-01,9.891421000598298041e-02,-1.959774020754794233e-01,-2.148352365638384609e-01,-1.225688989022520881e-01,5.068539170129722216e-01,-3.587383617003767067e-01,9.898956140737785736e-02,-5.796596530542136999e-02,0.000000000000000000e+00,0.000000000000000000e+00,-1.298303746662789360e+00,4.124238788764818531e-01,-2.379700381872147386e-01,-2.648813450707001027e-01,0.000000000000000000e+00,0.000000000000000000e+00,0.000000000000000000e+00,-1.275284327986059063e+00,-6.779178685851205977e-01,3.648115349368566962e-01,-5.786947397821642358e-01,0.000000000000000000e+00,0.000000000000000000e+00,0.000000000000000000e+00
3.988955178080674097e-02,-1.031153757849660124e+00,9.200270746955994117e-01,7.375082538309325753e-02,-9.865708274899891855e-03,7.891916756404819822e-01,6.096228199922595348e-01,1.007577935108324406e-02,3.051943654706466141e-02,2.699021145039530167e-01,4.621829912751700964e-01,-6.227091897826158018e-01,1.004855628152462599e-01,-1.982314901516076255e-01,-2.150957343507160224e-01,-1.213923837410526285e-01,5.126723672502936369e-01,-3.636186912391507486e-01,9.561717679530162828e-02,-5.604911963827480248e-02,0.000000000000000000e+00,0.000000000000000000e+00,-1.297576078289271573e+00,4.121582753835887902e-01,-2.390243442888086434e-01,-2.631785324821699912e-01,0.000000000000000000e+00,0.000000000000000000e+00,0.000000000000000000e+00,-1.273113093003048979e+00,-6.733793415853153164e-01,3.620212867475139373e-01,-5.750001907707411597e-01,0.000000000000000000e+00,0.000000000000000000e+00,0.000000000000000000e+00
3.986755888018544969e-02,-1.030640118841723796e+00,9.201414679255343065e-01,7.325407770509277661e-02,-1.001157750985826912e-02,7.892887374632705511e-01,6.095546713207735667e-01,9.158354078713236077e-03,3.225966158327234212e-02,2.698535405181687885e-01,4.637678983184905235e-01,-6.215789563563420828e-01,9.817511210394307131e-02,-1.981463990144066711e-01,-2.146831256338710137e-01,-1.230768131210394079e-01,5.124649404626167026e-01,-3.610545058491529402e-01,9.692346864088798031e-02,-5.840726518699025649e-02,0.000000000000000000e+00,0.000000000000000000e+00,-1.297649739931918678e+00,4.083587917763525366e-01,-2.405738055886902094e-01,-2.628690752676647313e-01,0.000000000000000000e+00,0.000000000000000000e+00,0.000000000000000000e+00,-1.273032338569077604e+00,-6.725678995667252469e-01,3.590197050507999976e-01,-5.745902702896149572e-01,0.000000000000000000e+00,0.000000000000000000e+00,0.000000000000000000e+00
3.987608943188140909e-02,-1.030290656701574381e+00,9.197160683290384053e-01,7.345017444526563688e-02,-1.017556464280726727e-02,7.891862452462425903e-01,6.096610534323946284e-01,9.978286261500097024e-03,3.350563118884682112e-02,2.730656366036768312e-01,4.662916632905454439e-01,-6.282751568166916600e-01,9.907537995864720837e-02,-1.987826068773056454e-01,-2.154741853300110310e-01,-1.244610503608474250e-01,5.165166232898774634e-01,-3.651750758547492315e-01,9.783083860047706026e-02,-5.919148179036989865e-02,0.000000000000000000e+00,0.000000000000000000e+00,-1.301619097452557661e+00,4.171495314912166408e-01,-2.445516761458273458e-01,-2.599959767039768943e-01,0.000000000000000000e+00,0.000000000000000000e+00,0.000000000000000000e+00,-1.272755880804427253e+00,-6.742901106443881520e-01,3.550574461497849055e-01,-5.698793670380201126e-01,0.000000000000000000e+00,0.000000000000000000e+00,0.000000000000000000e+00
3.980971285502740709e-02,-1.030005065435243727e+00,9.193221251714113196e-01,7.344218322834614177e-02,-1.014689018639644037e-02,7.882398635853802293e-01,6.108855897769239762e-01,9.474607905304008315e-03,3.419434813291590686e-02,2.752702431160938268e-01,4.699822330224162625e-01,-6.325114935586929610e-01,9.968075838539582068e-02,-2.012943736130965167e-01,-2.154814278115253501e-01,-1.234741848857642960e-01,5.209345275100554229e-01,-3.674768925161523980e-01,9.871499043483711322e-02,-5.928636688219283968e-02,0.000000000000000000e+00,0.000000000000000000e+00,-1.303441117001091998e+00,4.179764165682393617e-01,-2.439164376180706917e-01,-2.572876495605542213e-01,0.000000000000000000e+00,0.000000000000000000e+00,0.000000000000000000e+00,-1.273985392460727173e+00,-6.715431570173655551e-01,3.508799157308488126e-01,-5.680024215301013868e-01,0.000000000000000000e+00,0.000000000000000000e+00,0.000000000000000000e+00
3.967917066683244315e-02,-1.029695712914371786e+00,9.194686074217299776e-01,7.258065137893930652e-02,-1.039697999421794646e-02,7.881713407814092687e-01,6.110727366060807464e-01,8.025489649379147911e-03,3.529873784917116064e-02,2.730350424885260585e-01,4.711370188646369916e-01,-6.328531352296700163e-01,9.960568034555149219e-02,-2.010398911871257299e-01,-2.120639957348935400e-01,-1.203241056897424721e-01,5.182321185967833088e-01,-3.666763718124316784e-01,9.809131538666146510e-02,-6.070073131184594573e-02,0.000000000000000000e+00,0.000000000000000000e+00,-1.306511446292774936e+00,4.146090927608876986e-01,-2.409520652565213805e-01,-2.560353504326029483e-01,0.000000000000000000e+00,0.000000000000000000e+00,0.000000000000000000e+00,-1.276550951521880028e+00,-6.683546697264388659e-01,3.476450411634144921e-01,-5.698918759389226540e-01,0.000000000000000000e+00,0.000000000000000000e+00,0.000000000000000000e+00
3.962125197995519654e-02,-1.029614734203884385e+00,9.193258697695493309e-01,7.215856328309037948e-02,-1.057757505907855507e-02,7.873457289604982590e-01,6.121829462982874004e-01,6.848938494077914593e-03,3.774247519738783280e-02,2.767541419798787428e-01,4.747105158239016687e-01,-6.352883651244686236e-01,9.953358287913700864e-02,-2.018672119784437891e-01,-2.110394695896703754e-01,-1.206920692866723377e-01,5.179623320390677188e-01,-3.666836683519910656e-01,9.700416973867294346e-02,-6.239672709759720021e-02,0.000000000000000000e+00,0.000000000000000000e+00,-1.307966118422495549e+00,4.153403435826427126e-01,-2.391601842492197538e-01,-2.559915975486783402e-01,0.000000000000000000e+00,0.000000000000000000e+00,0.000000000000000000e+00,-1.278486579682057256e+00,-6.689384267919867844e-01,3.489940926362504192e-01,-5.723411585423958670e-01,0.000000000000000000e+00,0.000000000000000000e+00,0.000000000000000000e+00
3.974773346539933055e-02,-1.029505846398331315e+00,9.196726427659986935e-01,7.227331196212442854e-02,-1.053754680712237768e-02,7.878890666304790846e-01,6.114706429334656468e-01,7.583292840211577554e-03,3.768080815811811202e-02,2.762799502216525815e-01,4.723134941538487119e-01,-6.312238225277844172e-01,9.708867413165270244e-02,-1.995584401177049882e-01,-2.114042448686279108e-01,-1.217137851128675397e-01,5.140840127636340240e-01,-3.632154806572754357e-01,9.880438950936167031e-02,-5.943585193985028575e-02,0.000000000000000000e+00,0.000000000000000000e+00,-1.312870033121415370e+00,4.169259112497366027e-01,-2.422663131215602728e-01,-2.540141363338905833e-01,0.000000000000000000e+00,0.000000000000000000e+00,0.000000000000000000e+00,-1.282253036550408787e+00,-6.679082688455906247e-01,3.489702550412785986e-01,-5.773019810543311703e-01,0.000000000000000000e+00,0.000000000000000000e+00,0.000000000000000000e+00
3.997154358681800912e-02,-1.029566157914022062e+00,9.194344019210100027e-01,7.312051169492854441e-02,-1.011808281593217645e-02,7.881627390013247192e-01,6.110241501115417639e-01,7.868839994862243670e-03,3.688348763898037508e-02,2.784159856383126019e-01,4.735901283835997067e-01,-6.312424775990309600e-01,9.881970666616574084e-02,-2.002038062727803935e-01,-2.148112482342129093e-01,-1.245226162927559055e-01,5.177169035924945595e-01,-3.653539808063820948e-01,9.670741167110359637e-02,-5.941383146454783798e-02,0.000000000000000000e+00,0.000000000000000000e+00,-1.318410063593778547e+00,4.229967547811404049e-01,-2.552872684635753009e-01,-2.539609756792599038e-01,0.000000000000000000e+00,0.000000000000000000e+00,0.000000000000000000e+00,-1.284066454523587586e+00,-6.611188875603459802e-01,3.509270292258616641e-01,-5.760108419290584925e-01,0.000000000000000000e+00,0.000000000000000000e+00,0.000000000000000000e+00
3.990193782168240111e-02,-1.029405249343666950e+00,9.195099809508546773e-01,7.166725851259664326e-02,-1.047876137545057477e-02,7.880365781408820158e-01,6.113528859254163672e-01,5.719152634506200969e-03,3.978678949347780325e-02,2.781207160079896545e-01,4.749811073396583705e-01,-6.336210477459638390e-01,9.601399141861798048e-02,-1.984889774666406537e-01,-2.123263613593938115e-01,-1.267652034436514419e-01,5.116203245202075589e-01,-3.679420195232832036e-01,1.034990938952809469e-01,-6.085404209228366390e-02,0.000000000000000000e+00,0.000000000000000000e+00,-1.326555226032874790e+00,4.270511764698368129e-01,-2.524079719321135062e-01,-2.484775146146877001e-01,0.000000000000000000e+00,0.000000000000000000e+00,0.000000000000000000e+00,-1.289076173567240913e+00,-6.684168710434623684e-01,3.506571891183815626e-01,-5.793327700306490913e-01,0.000000000000000000e+00,0.000000000000000000e+00,0.000000000000000000e+00
4.012358961539463226e-02,-1.029386781816389762e+00,9.193017206540912145e-01,7.110026557866909458e-02,-9.557749999410955835e-03,7.881590728143305080e-01,6.112762694478228731e-01,2.436416981172594837e-03,3.951190572634863396e-02,2.776975781826888090e-01,4.773033901780803223e-01,-6.357965482346932262e-01,9.430369226399526461e-02,-2.012892769206253152e-01,-2.129647154735171688e-01,-1.272066943691030905e-01,5.134834608775713516e-01,-3.731298960613765869e-01,9.939122059627070183e-02,-6.111188538020148608e-02,0.000000000000000000e+00,0.000000000000000000e+00,-1.329475004638883018e+00,4.248594744568936488e-01,-2.504654006038972147e-01,-2.456322425571238754e-01,0.000000000000000000e+00,0.000000000000000000e+00,0.000000000000000000e+00,-1.290223282124411730e+00,-6.638947111281016111e-01,3.451407056774726811e-01,-5.780488434824531119e-01,0.000000000000000000e+00,0.000000000000000000e+00,0.000000000000000000e+00
4.030743843307589558e-02,-1.029372101635651626e+00,9.195209738974686742e-01,7.062774459991907894e-02,-9.102130493493091820e-03,7.883901535548669681e-01,6.110399648885024293e-01,1.402532262802324778e-03,4.036185454185564625e-02,2.791354661865271813e-01,4.760028123830715163e-01,-6.325962071330657466e-01,8.986054824397604612e-02,-2.015271423650477067e-01,-2.132559747550627494e-01,-1.289427243142145518e-01,5.116116677310657002e-01,-3.736733773158327776e-01,9.816313078543952020e-02,-6.144965673745464430e-02,0.000000000000000000e+00,0.000000000000000000e+00,-1.331022742766184042e+00,4.221564408072765451e-01,-2.527821129368953423e-01,-2.452481606346664234e-01,0.000000000000000000e+00,0.000000000000000000e+00,0.000000000000000000e+00,-1.290505690714811360e+00,-6.652958183387847058e-01,3.475617934106596252e-01,-5.799924880539798488e-01,0.000000000000000000e+00,0.000000000000000000e+00,0.000000000000000000e+00
4.048396698017174555e-02,-1.029369648317541408e+00,9.195593236122788783e-01,6.983138006447187074e-02,-8.618953050061623627e-03,7.892875904423974909e-01,6.099790091308447959e-01,-6.048856340911627077e-04,3.902519095745497074e-02,2.744282816659403546e-01,4.747685377857651656e-01,-6.353609437867129284e-01,9.330953619859132242e-02,-2.033181545117519473e-01,-2.124912217556659821e-01,-1.278829895028224528e-01,5.114468521920311206e-01,-3.716100460824286467e-01,9.762262769146153041e-02,-6.173817220619904483e-02,0.000000000000000000e+00,0.000000000000000000e+00,-1.334018476473617598e+00,4.186500624425057993e-01,-2.537667947209787944e-01,-2.426598760576866576e-01,0.000000000000000000e+00,0.000000000000000000e+00,0.000000000000000000e+00,-1.290865095721782430e+00,-6.633307353527440053e-01,3.491545595647819189e-01,-5.782924340025072940e-01,0.000000000000000000e+00,0.000000000000000000e+00,0.000000000000000000e+00
4.070508305727185694e-02,-1.029727957393735460e+00,9.192679869957125494e-01,7.017281385104216784e-02,-8.527005875635155357e-03,7.892465798044305814e-01,6.099941824591720296e-01,-2.039659638133746455e-03,3.965468255936155373e-02,2.771322497929466500e-01,4.782611747424573845e-01,-6.366363803269632360e-01,9.581072451211092300e-02,-2.059609452145257369e-01,-2.133790281862021909e-01,-1.272356345782224563e-01,5.158633118195502520e-01,-3.697721134598168646e-01,9.749388945000608819e-02,-6.309801811286044892e-02,0.000000000000000000e+00,0.000000000000000000e+00,-1.333943721996685206e+00,4.149058389559570625e-01,-2.530652187301153933e-01,-2.403611043196527131e-01,0.000000000000000000e+00,0.000000000000000000e+00,0.000000000000000000e+00,-1.290973472435572145e+00,-6.599283541116280905e-01,3.542921799960220275e-01,-5.750723470879001153e-01,0.000000000000000000e+00,0.000000000000000000e+00,0.000000000000000000e+00
4.095541599772661162e-02,-1.030052361263609884e+00,9.192379080369138533e-01,7.015988865896254090e-02,-8.261919568561907137e-03,7.899207608141912695e-01,6.091260315756792387e-01,-3.601828348281935904e-03,3.920937689981857099e-02,2.755909736839221025e-01,4.789690516284833555e-01,-6.370544554037533835e-01,9.496835162695048405e-02,-2.065430032251645565e-01,-2.142374343209052512e-01,-1.283013844512331803e-01,5.165025590098142327e-01,-3.709916137264526181e-01,9.703461235665951368e-02,-6.190067426640984138e-02,0.000000000000000000e+00,0.000000000000000000e+00,-1.334224476104957091e+00,4.102150040103328954e-01,-2.543719931822883140e-01,-2.399237361114733014e-01,0.000000000000000000e+00,0.000000000000000000e+00,0.000000000000000000e+00,-1.291689512803110951e+00,-6.576125913542228973e-01,3.535435738161786801e-01,-5.748032966426356305e-01,0.000000000000000000e+00,0.000000000000000000e+00,0.000000000000000000e+00
4.125639945895319405e-02,-1.030500018054522737e+00,9.189613381673737980e-01,7.072589987935169742e-02,-8.287309543765882663e-03,7.897415253405658531e-01,6.092926150377496741e-01,-5.355807836845418238e-03,3.912412658432330714e-02,2.751282420318127975e-01,4.831025594368349441e-01,-6.371229906300970303e-01,9.532405874531982293e-02,-2.086112600109407134e-01,-2.149744005749900377e-01,-1.277344400172439609e-01,5.206795759723560346e-01,-3.694848126247982090e-01,9.463693896173225317e-02,-6.161836397265605531e-02,0.000000000000000000e+00,0.000000000000000000e+00,-1.333904433971437209e+00,4.101291159653314700e-01,-2.520196414646959093e-01,-2.388562261882211657e-01,0.000000000000000000e+00,0.000000000000000000e+00,0.000000000000000000e+00,-1.291649129458360523e+00,-6.599824674952444736e-01,3.568391415059701255e-01,-5.751443249012238024e-01,0.000000000000000000e+00,0.000000000000000000e+00,0.000000000000000000e+00
4.149067088608274917e-02,-1.030902827075137695e+00,9.188762666883297792e-01,7.022721553788538462e-02,-7.463458962475097956e-03,7.902990930064571762e-01,6.086376414347729469e-01,-7.835923057906897873e-03,3.828239654888525301e-02,2.744851328599967610e-01,4.828012373906499510e-01,-6.389265226171390033e-01,9.529753423807013624e-02,-2.112648004824632109e-01,-2.166922631283664802e-01,-1.294658917799532127e-01,5.219972870769395978e-01,-3.710944462761990859e-01,9.565694860348916695e-02,-6.242580004267848925e-02,0.000000000000000000e+00,0.000000000000000000e+00,-1.334476236442960762e+00,4.054496479637663131e-01,-2.509285354865670170e-01,-2.379281255972943432e-01,0.000000000000000000e+00,0.000000000000000000e+00,0.000000000000000000e+00,-1.289848592814412997e+00,-6.561475864248318413e-01,3.538245879442036279e-01,-5.731508389898862799e-01,0.000000000000000000e+00,0.000000000000000000e+00,0.000000000000000000e+00
4.168849333785687450e-02,-1.031328559712576975e+00,9.185589584242120909e-01,7.030868835851546150e-02,-7.061077640088502839e-03,7.901013213994315665e-01,6.088897531135984975e-01,-9.573737392766401566e-03,3.782792159606326171e-02,2.753217821283654998e-01,4.849469788064264542e-01,-6.412944688118845660e-01,9.665756091446173204e-02,-2.148540748407474499e-01,-2.178186110180062862e-01,-1.290931083182835781e-01,5.266558814818688150e-01,-3.716198639657518066e-01,9.481209419960416607e-02,-6.140269068519599305e-02,0.000000000000000000e+00,0.000000000000000000e+00,-1.334636910443285140e+00,4.033284659761813273e-01,-2.503871011500586330e-01,-2.369546267423578711e-01,0.000000000000000000e+00,0.000000000000000000e+00,0.000000000000000000e+00,-1.286400987266409501e+00,-6.487712886320118333e-01,3.525806052574505522e-01,-5.681280042201931613e-01,0.000000000000000000e+00,0.000000000000000000e+00,0.000000000000000000e+00
4.190084450073375266e-02,-1.031681830678295997e+00,9.184330224612964333e-01,7.063784949642146205e-02,-6.953156015520626718e-03,7.897828572411618175e-01,6.092659404955539371e-01,-1.037562669777650215e-02,3.853355973833348658e-02,2.777790368220874884e-01,4.871227401528087086e-01,-6.409564967546592662e-01,9.481486319797938211e-02,-2.161719972789539757e-01,-2.181047841162535028e-01,-1.282467587516882279e-01,5.285194411164549910e-01,-3.722215668825827328e-01,9.330190819956278581e-02,-6.347581319673270550e-02,0.000000000000000000e+00,0.000000000000000000e+00,-1.335232894930522107e+00,4.064285338826797433e-01,-2.493720289013327263e-01,-2.379373470110905942e-01,0.000000000000000000e+00,0.000000000000000000e+00,0.000000000000000000e+00,-1.290753716904334381e+00,-6.513218022218286718e-01,3.524233948367714309e-01,-5.700190910773613728e-01,0.000000000000000000e+00,0.000000000000000000e+00,0.000000000000000000e+00
4.196573496048907476e-02,-1.032114822631327034e+00,9.184863041738943190e-01,7.002722573871025813e-02,-7.151180429668987926e-03,7.898767127023818002e-01,6.092124645838113972e-01,-1.169620322029223634e-02,3.971320517714369003e-02,2.778720440421130200e-01,4.873518838920056773e-01,-6.416797804900883362e-01,9.707678482857549918e-02,-2.165077566443794899e-01,-2.169675724732226807e-01,-1.289536874219622820e-01,5.266045235098291144e-01,-3.706924440101809770e-01,9.436977810048022275e-02,-6.568813347933043223e-02,0.000000000000000000e+00,0.000000000000000000e+00,-1.333589887674165197e+00,4.010985038366170485e-01,-2.429918781572444619e-01,-2.380423471332809293e-01,0.000000000000000000e+00,0.000000000000000000e+00,0.000000000000000000e+00,-1.290037967334516367e+00,-6.516065210584336409e-01,3.500522005947934168e-01,-5.678985469285381393e-01,0.000000000000000000e+00,0.000000000000000000e+00,0.000000000000000000e+00
4.203056654229053724e-02,-1.032356901450267372e+00,9.183293483680387004e-01,6.961548918134101427e-02,-7.280946852425595334e-03,7.898461301356620723e-01,6.092977615162347149e-01,-1.311397339654734283e-02,4.085111331179674954e-02,2.786567906798233518e-01,4.893235603021142688e-01,-6.446211048248149389e-01,9.798927247321156941e-02,-2.175579662082354759e-01,-2.156508188724911568e-01,-1.278136894879619290e-01,5.266906891379915523e-01,-3.706730108099168253e-01,9.534959670524439934e-02,-6.544551583577197518e-02,0.000000000000000000e+00,0.000000000000000000e+00,-1.336081324785154401e+00,4.024299210514454828e-01,-2.427921681723116121e-01,-2.415981487650364634e-01,0.000000000000000000e+00,0.000000000000000000e+00,0.000000000000000000e+00,-1.292333251032317110e+00,-6.543394775173101419e-01,3.512115638688499408e-01,-5.700176501256440931e-01,0.000000000000000000e+00,0.000000000000000000e+00,0.000000000000000000e+00
4.231785477432797871e-02,-1.032590364769685243e+00,9.182849954137297654e-01,6.970229967235533342e-02,-6.533756659085064242e-03,7.902892372557865919e-01,6.087214641541506266e-01,-1.463035612645370749e-02,3.973657368207345747e-02,2.781447534867689253e-01,4.891488184270662565e-01,-6.438392159439957352e-01,9.592752990451770823e-02,-2.199793442245641939e-01,-2.173043737650809382e-01,-1.278578996962855818e-01,5.290749067850754050e-01,-3.692543758374641771e-01,9.307531349152610434e-02,-6.672216657147669872e-02,0.000000000000000000e+00,0.000000000000000000e+00,-1.338062671084511379e+00,4.052254638637438622e-01,-2.456816424113661135e-01,-2.437666688835110063e-01,0.000000000000000000e+00,0.000000000000000000e+00,0.000000000000000000e+00,-1.292938466840257927e+00,-6.568400701820277243e-01,3.533357517116560986e-01,-5.732532774776007978e-01,0.000000000000000000e+00,0.000000000000000000e+00,0.000000000000000000e+00
4.247177465263825280e-02,-1.032750514815611753e+00,9.179172544352259822e-01,7.051246976921544951e-02,-6.203376007698338523e-03,7.895412240216320710e-01,6.096016447677751193e-01,-1.416600570240427077e-02,3.910565248524859594e-02,2.810880511251376834e-01,4.909820323223030858e-01,-6.452674088463585811e-01,9.571268750658640245e-02,-2.231916454293500496e-01,-2.180224874084755737e-01,-1.241127544319576004e-01,5.348929094103983539e-01,-3.693639112272117386e-01,9.083319938556796980e-02,-7.074574951737262751e-02,0.000000000000000000e+00,0.000000000000000000e+00,-1.344201472659860119e+00,4.164746301341245016e-01,-2.509032699926512233e-01,-2.494347932114507616e-01,0.000000000000000000e+00,0.000000000000000000e+00,0.000000000000000000e+00,-1.294990610288360822e+00,-6.574180499121700105e-01,3.540300812921124418e-01,-5.748401777809221125e-01,0.000000000000000000e+00,0.000000000000000000e+00,0.000000000000000000e+00
4.269437263141602490e-02,-1.032733258964123380e+00,9.177575236245489876e-01,7.019894958943427576e-02,-5.763463678750965942e-03,7.900362890916189373e-01,6.090004531043542446e-01,-1.635064908249249729e-02,3.931579724499655731e-02,2.807414330212624209e-01,4.928231221899148640e-01,-6.462203235222280240e-01,9.544708688372523231e-02,-2.252470618311958328e-01,-2.182553556053479227e-01,-1.239974635102938094e-01,5.374049759419926575e-01,-3.713261875182447547e-01,8.870702303775422626e-02,-7.132371077723180519e-02,0.000000000000000000e+00,0.000000000000000000e+00,-1.348560756497281909e+00,4.184351924014729218e-01,-2.510961670370928100e-01,-2.513285040221580058e-01,0.000000000000000000e+00,0.000000000000000000e+00,0.000000000000000000e+00,-1.298815366830188944e+00,-6.608925913830376864e-01,3.525905029026181747e-01,-5.787070780660364955e-01,0.000000000000000000e+00,0.000000000000000000e+00,0.000000000000000000e+00
4.283944849325727749e-02,-1.032620260274121904e+00,9.178062354920839550e-01,7.062657464343051472e-02,-5.427582824190375042e-03,7.901165524592977940e-01,6.088499501754577325e-01,-1.590665459997265760e-02,3.776232005231740241e-02,2.800044577663342027e-01,4.921256591810239667e-01,-6.451026931299077560e-01,9.771667316636591105e-02,-2.255203373623637098e-01,-2.198344229168706920e-01,-1.245850602862104001e-01,5.384012842278622646e-01,-3.700175164196141675e-01,8.882862871766954160e-02,-7.219786873174720288e-02,0.000000000000000000e+00,0.000000000000000000e+00,-1.352455834424705960e+00,4.235306089497585247e-01,-2.642317622760658735e-01,-2.530556259042309741e-01,0.000000000000000000e+00,0.000000000000000000e+00,0.000000000000000000e+00,-1.304197803157498115e+00,-6.621573734955250590e-01,3.597163873827346481e-01,-5.790285393206220377e-01,0.000000000000000000e+00,0.000000000000000000e+00,0.000000000000000000e+00
4.281031870822545743e-02,-1.032363014144163094e+00,9.175001185564072292e-01,7.010814625136964351e-02,-4.547312463015100621e-03,7.898896724762616284e-01,6.092113550270590316e-01,-1.741435994970658152e-02,3.683438728014717251e-02,2.796526547047081812e-01,4.923241116178022625e-01,-6.487697027692977958e-01,9.372292210486340980e-02,-2.283227716424405251e-01,-2.212835918562539583e-01,-1.254784455434399260e-01,5.412408759739560926e-01,-3.762640923521045067e-01,8.974288542850049344e-02,-7.212870304028549950e-02,0.000000000000000000e+00,0.000000000000000000e+00,-1.360115792559101200e+00,4.293610169137913601e-01,-2.621262196882642170e-01,-2.536132964241578636e-01,0.000000000000000000e+00,0.000000000000000000e+00,0.000000000000000000e+00,-1.306292428669169281e+00,-6.636861344956572761e-01,3.525536869029589071e-01,-5.807579424934286028e-01,0.000000000000000000e+00,0.000000000000000000e+00,0.000000000000000000e+00
4.255267831975866055e-02,-1.032226036921699786e+00,9.173576750108771716e-01,6.963439468333353088e-02,-4.735545891931841611e-03,7.897198137896177528e-01,6.094844061912357835e-01,-1.769639190278056440e-02,3.707568805511525512e-02,2.790292226375079565e-01,4.928697311048337304e-01,-6.520645620702344436e-01,9.604151729875502752e-02,-2.304023832529374372e-01,-2.194442759940577470e-01,-1.220688789147104658e-01,5.432751021702997285e-01,-3.736727259865261774e-01,9.116050449872861727e-02,-7.616185869419447863e-02,0.000000000000000000e+00,0.000000000000000000e+00,-1.364535752995061468e+00,4.259021534010429821e-01,-2.638056908731034045e-01,-2.521503250572031951e-01,0.000000000000000000e+00,0.000000000000000000e+00,0.000000000000000000e+00,-1.304824139415677209e+00,-6.589450841825549299e-01,3.531181991129302422e-01,-5.770315859526909952e-01,0.000000000000000000e+00,0.000000000000000000e+00,0.000000000000000000e+00
4.235558125490852810e-02,-1.032015973379071028e+00,9.173284318660092085e-01,6.893387877207730885e-02,-4.292546879644155641e-03,7.900316721796327712e-01,6.091630745143504777e-01,-1.916099381581824745e-02,3.707445449890860167e-02,2.789548262574308435e-01,4.927684970564039646e-01,-6.531519203503258764e-01,9.579562689169342227e-02,-2.319091177642232937e-01,-2.196517223060990009e-01,-1.223827827590207307e-01,5.436584730303613000e-01,-3.738174315594526287e-01,9.105932654968214301e-02,-7.810996126598584999e-02,0.000000000000000000e+00,0.000000000000000000e+00,-1.365377458818297862e+00,4.288016778080606661e-01,-2.640920633583548338e-01,-2.508382242791056260e-01,0.000000000000000000e+00,0.000000000000000000e+00,0.000000000000000000e+00,-1.307432355309912531e+00,-6.664140158551925541e-01,3.544121184524783863e-01,-5.798293472537856541e-01,0.000000000000000000e+00,0.000000000000000000e+00,0.000000000000000000e+00
4.210141433117452203e-02,-1.031865555263478118e+00,9.172423458656898676e-01,6.867630720584090576e-02,-3.861717424102586137e-03,7.904105292045824349e-01,6.087034148825172242e-01,-2.013842258451954692e-02,3.585870628621352224e-02,2.773610559775200879e-01,4.927137840848861416e-01,-6.543725446022010672e-01,9.565384435788470974e-02,-2.323668292604701979e-01,-2.216598057512049746e-01,-1.248520218308482033e-01,5.444716458166251050e-01,-3.771810147579730543e-01,9.313725963035847377e-02,-7.694987779635416303e-02,0.000000000000000000e+00,0.000000000000000000e+00,-1.366654781055373080e+00,4.305610967416735324e-01,-2.684646498010634375e-01,-2.490671848946552636e-01,0.000000000000000000e+00,0.000000000000000000e+00,0.000000000000000000e+00,-1.307934574018608576e+00,-6.667766838813996566e-01,3.523225874811025116e-01,-5.789160282836940397e-01,0.000000000000000000e+00,0.000000000000000000e+00,0.000000000000000000e+00
4.171794477260346717e-02,-1.031682751361701733e+00,9.173566024349014691e-01,6.807802045149277670e-02,-3.765292937357462861e-03,7.906551348379124988e-01,6.084535014731567992e-01,-2.103252322053178816e-02,3.518526273029418810e-02,2.749508352262803879e-01,4.923042287351068746e-01,-6.548025108141805051e-01,9.690052143759414482e-02,-2.321913114346642881e-01,-2.217519082835065214e-01,-1.259552786090821219e-01,5.429231179488825942e-01,-3.769388255637773910e-01,9.376247246630931009e-02,-7.779784561709328361e-02,0.000000000000000000e+00,0.000000000000000000e+00,-1.368700926504192950e+00,4.308657579382300651e-01,-2.728537176886569049e-01,-2.468639559612796353e-01,0.000000000000000000e+00,0.000000000000000000e+00,0.000000000000000000e+00,-1.309593088676804573e+00,-6.682795546961544098e-01,3.533511801059914803e-01,-5.804890890781336799e-01,0.000000000000000000e+00,0.000000000000000000e+00,0.000000000000000000e+00
4.131279450444503426e-02,-1.031658069163537306e+00,9.176127750596964061e-01,6.762291994574959331e-02,-4.139540364864807351e-03,7.910345904121470761e-01,6.080084552660970365e-01,-2.107247222433215189e-02,3.593051842572743404e-02,2.751740810035400164e-01,4.916836633776387466e-01,-6.529861554390974376e-01,9.980020592987842720e-02,-2.306879917310904193e-01,-2.203435866674000043e-01,-1.251300427934467496e-01,5.393130742321895488e-01,-3.724861433466943872e-01,9.472755975085367375e-02,-7.857857013591265649e-02,0.000000000000000000e+00,0.000000000000000000e+00,-1.368918757683932119e+00,4.266078267536002055e-01,-2.715445274568247247e-01,-2.456396888117919897e-01,0.000000000000000000e+00,0.000000000000000000e+00,0.000000000000000000e+00,-1.311656936490949610e+00,-6.676377736528223972e-01,3.542471547092507222e-01,-5.803047586732390517e-01,0.000000000000000000e+00,0.000000000000000000e+00,0.000000000000000000e+00
4.092345850953030967e-02,-1.031637858633698057e+00,9.177155633062824558e-01,6.747834556137503881e-02,-3.773452187683978658e-03,7.906472890783134977e-01,6.085304414834159514e-01,-2.122710829492046453e-02,3.468411812646581688e-02,2.749180952698820346e-01,4.903855723253925936e-01,-6.510192475336280538e-01,9.855011708024646877e-02,-2.314639356136512227e-01,-2.206194059272421626e-01,-1.232649052689253899e-01,5.380771116772200546e-01,-3.692303920734832934e-01,9.600471588319532679e-02,-7.922057567222391683e-02,0.000000000000000000e+00,0.000000000000000000e+00,-1.370739933278279477e+00,4.220287706657762650e-01,-2.701740557332233394e-01,-2.446512357900861856e-01,0.000000000000000000e+00,0.000000000000000000e+00,0.000000000000000000e+00,-1.310803003835780078e+00,-6.572267463654283270e-01,3.506248258940414808e-01,-5.781469455559329340e-01,0.000000000000000000e+00,0.000000000000000000e+00,0.000000000000000000e+00
4.049172278358922211e-02,-1.031639565552418425e+00,9.176013573019426994e-01,6.722590573136622005e-02,-4.342564910006977905e-03,7.901559232764912011e-01,6.091924463087803332e-01,-2.048943873027691404e-02,3.556870633426066630e-02,2.759686731416417516e-01,4.911595373399032516e-01,-6.545432598864626694e-01,1.010073027132254025e-01,-2.313361348237675807e-01,-2.195292964479043929e-01,-1.229981526723741836e-01,5.380042074310650291e-01,-3.687800227362195704e-01,9.692990493294208199e-02,-8.014097012530208008e-02,0.000000000000000000e+00,0.000000000000000000e+00,-1.372999261489833644e+00,4.250307290621102574e-01,-2.751619974102667565e-01,-2.447216538204535496e-01,0.000000000000000000e+00,0.000000000000000000e+00,0.000000000000000000e+00,-1.310578213650960500e+00,-6.603983266054286316e-01,3.562912434900165626e-01,-5.776455408410851033e-01,0.000000000000000000e+00,0.000000000000000000e+00,0.000000000000000000e+00
4.034637722471951654e-02,-1.031611671177451006e+00,9.175330530732301870e-01,6.751733776974697121e-02,-3.836827861244397099e-03,7.895370520366322697e-01,6.099655164956081510e-01,-2.053568245414582466e-02,3.440907202119432989e-02,2.767317208963432917e-01,4.913912238321844206e-01,-6.537017079983111767e-01,9.740804729697850883e-02,-2.320398364970485683e-01,-2.208707635232824984e-01,-1.226715230618632968e-01,5.387757182714183468e-01,-3.719375972434016964e-01,9.622850919385281254e-02,-8.068796911070361122e-02,0.000000000000000000e+00,0.000000000000000000e+00,-1.373418790660824174e+00,4.265051819356114327e-01,-2.751240433272826857e-01,-2.435830589713631200e-01,0.000000000000000000e+00,0.000000000000000000e+00,0.000000000000000000e+00,-1.313159999445027148e+00,-6.573031696509762378e-01,3.517794967364946124e-01,-5.780883553008870912e-01,0.000000000000000000e+00,0.000000000000000000e+00,0.000000000000000000e+00
4.018822599920923722e-02,-1.031521477319112146e+00,9.177030839958046915e-01,6.756033646735297438e-02,-3.672220098500302010e-03,7.890534836133695773e-01,6.105871892969689796e-01,-2.008987508438873568e-02,3.435980746975567102e-02,2.783620809471653024e-01,4.906119328802651669e-01,-6.505932094084376782e-01,9.672959994299656916e-02,-2.322153326128691408e-01,-2.199941391439290961e-01,-1.199162151943649335e-01,5.375272301734925762e-01,-3.698435118424086010e-01,9.403929873048054444e-02,-8.202910550602426909e-02,0.000000000000000000e+00,0.000000000000000000e+00,-1.373423064123297399e+00,4.258405624247850740e-01,-2.757107740883751879e-01,-2.434817477461724833e-01,0.000000000000000000e+00,0.000000000000000000e+00,0.000000000000000000e+00,-1.316918592789562359e+00,-6.618399115507793695e-01,3.547084555444773857e-01,-5.815033368474988862e-01,0.000000000000000000e+00,0.000000000000000000e+00,0.000000000000000000e+00
3.993436031778556383e-02,-1.031353665882282167e+00,9.181269201053205986e-01,6.606223820276933834e-02,-2.949143829093977924e-03,7.896585408933288752e-01,6.099725174370854708e-01,-2.094785657927383110e-02,3.362049719404584802e-02,2.765991561621855555e-01,4.849844385771172606e-01,-6.498999898337753933e-01,9.601543885246886789e-02,-2.323376046769241310e-01,-2.181946195791498178e-01,-1.181772334932333357e-01,5.316837368906374151e-01,-3.694457023455661737e-01,9.573568842139276724e-02,-8.468527522695795673e-02,0.000000000000000000e+00,0.000000000000000000e+00,-1.377156544093388391e+00,4.261021774782031146e-01,-2.768298714247964809e-01,-2.459081160405309774e-01,0.000000000000000000e+00,0.000000000000000000e+00,0.000000000000000000e+00,-1.316916995271795621e+00,-6.651122784318295178e-01,3.524511655386797782e-01,-5.834740482626963320e-01,0.000000000000000000e+00,0.000000000000000000e+00,0.000000000000000000e+00
3.988294859475192272e-02,-1.031443275304183338e+00,9.179655354533596823e-01,6.660175821768192506e-02,-2.299274427344416387e-03,7.897563577020068060e-01,6.097899758184632812e-01,-2.002952073845614550e-02,3.237645252167210830e-02,2.793987316786579744e-01,4.834426258468242921e-01,-6.502204358014067598e-01,9.408113933917702787e-02,-2.346002454772229129e-01,-2.218233993137194160e-01,-1.204520608464150211e-01,5.358780599536532296e-01,-3.678596644078864775e-01,9.272356673646342529e-02,-8.522408693730446072e-02,0.000000000000000000e+00,0.000000000000000000e+00,-1.379547286142333906e+00,4.283949001150008096e-01,-2.784602570960715284e-01,-2.463560966390907769e-01,0.000000000000000000e+00,0.000000000000000000e+00,0.000000000000000000e+00,-1.318451447528596887e+00,-6.680786723229892310e-01,3.523726215611208135e-01,-5.846933706426813426e-01,0.000000000000000000e+00,0.000000000000000000e+00,0.000000000000000000e+00
3.960337693867338471e-02,-1.031442031085657796e+00,9.181862427583760145e-01,6.597656274764684969e-02,-1.657286216434445672e-03,7.892701685360999919e-01,6.104891052503720328e-01,-1.923001787252130029e-02,3.105697623027199941e-02,2.804284320543752873e-01,4.784668729847315616e-01,-6.497692923991865710e-01,9.428697809628397430e-02,-2.357476874422547442e-01,-2.214962739806585479e-01,-1.186115538061103258e-01,5.333790894310382891e-01,-3.675880157905158097e-01,9.516504767957451039e-02,-8.570837085469543148e-02,0.000000000000000000e+00,0.000000000000000000e+00,-1.380634693447603256e+00,4.261718996121335867e-01,-2.714508487495522204e-01,-2.468613753388231857e-01,0.000000000000000000e+00,0.000000000000000000e+00,0.000000000000000000e+00,-1.318280866281701158e+00,-6.685696908899010360e-01,3.487291430846231610e-01,-5.880613926225948251e-01,0.000000000000000000e+00,0.000000000000000000e+00,0.000000000000000000e+00
3.937503407826030422e-02,-1.031482598950278051e+00,9.183766972783604654e-01,6.568633101780987915e-02,-1.283777993538498703e-03,7.896638818127651449e-01,6.100119765970812846e-01,-1.930470332829368335e-02,3.022222493133646520e-02,2.800633107624114770e-01,4.756471765096859650e-01,-6.467906892549990516e-01,9.331364446746436003e-02,-2.361113290613846005e-01,-2.224563587285162958e-01,-1.189387167869042916e-01,5.318711315406154938e-01,-3.636613210761059367e-01,9.699353629683608868e-02,-8.888836982754641514e-02,0.000000000000000000e+00,0.000000000000000000e+00,-1.383809030271262897e+00,4.275440701089762707e-01,-2.722895518906027768e-01,-2.479125768238490679e-01,0.000000000000000000e+00,0.000000000000000000e+00,0.000000000000000000e+00,-1.318601353749084604e+00,-6.727326878952666345e-01,3.466462077269395481e-01,-5.914543325759198389e-01,0.000000000000000000e+00,0.000000000000000000e+00,0.000000000000000000e+00
3.913220465439541662e-02,-1.031602040095559891e+00,9.185252755461111862e-01,6.539350085288547776e-02,-1.041373773133151418e-03,7.895717970523750129e-01,6.101630789275536149e-01,-1.962199608155257291e-02,2.945045615008412554e-02,2.801398436101150136e-01,4.741361941579297912e-01,-6.452106794986554039e-01,9.569285648030878555e-02,-2.365003202945173966e-01,-2.223360221825469996e-01,-1.178260463217526144e-01,5.298756586357689091e-01,-3.607633591115471661e-01,9.802416157087019688e-02,-8.893694284838808695e-02,0.000000000000000000e+00,0.000000000000000000e+00,-1.387916116462164284e+00,4.318564610021875527e-01,-2.761638179371480040e-01,-2.485413509426990242e-01,0.000000000000000000e+00,0.000000000000000000e+00,0.000000000000000000e+00,-1.314673015691195435e+00,-6.716938096506278599e-01,3.458058921389930984e-01,-5.886602169654063799e-01,0.000000000000000000e+00,0.000000000000000000e+00,0.000000000000000000e+00
3.891262948117967663e-02,-1.031522665112176496e+00,9.186639159121945397e-01,6.483174526660459569e-02,-7.220882976522065549e-04,7.892946676864207589e-01,6.105818953719148734e-01,-1.903188928437292080e-02,2.915661159480736203e-02,2.807535574820732571e-01,4.707722285824709751e-01,-6.452437584886223654e-01,9.322993075111556116e-02,-2.367213837333806969e-01,-2.228332789879257647e-01,-1.195072697239521892e-01,5.276228549037232929e-01,-3.600669112297210650e-01,9.969798895264048166e-02,-9.011291307998757494e-02,0.000000000000000000e+00,0.000000000000000000e+00,-1.393151567258079204e+00,4.352127027817744298e-01,-2.769093686573488866e-01,-2.494319693246122571e-01,0.000000000000000000e+00,0.000000000000000000e+00,0.000000000000000000e+00,-1.316526433679688024e+00,-6.745894786848523061e-01,3.447334896607224253e-01,-5.912163755160991796e-01,0.000000000000000000e+00,0.000000000000000000e+00,0.000000000000000000e+00
3.882019220149770383e-02,-1.031526542781690425e+00,9.185374092392455392e-01,6.479638175043600512e-02,-3.251106417897125025e-04,7.893318350618703239e-01,6.105379409774497335e-01,-2.075846958932343889e-02,2.798661798179848115e-02,2.794852736419496386e-01,4.726069465814122794e-01,-6.449913052433635663e-01,9.621839071789926867e-02,-2.385113177728806488e-01,-2.229325400549404812e-01,-1.174806155354198023e-01,5.296238724906336959e-01,-3.609865606069940780e-01,9.711140742748380905e-02,-9.035285857834059187e-02,0.000000000000000000e+00,0.000000000000000000e+00,-1.394376074211124417e+00,4.347215038788354580e-01,-2.807111854004971097e-01,-2.459781800021557108e-01,0.000000000000000000e+00,0.000000000000000000e+00,0.000000000000000000e+00,-1.317194278718808231e+00,-6.742514786101359014e-01,3.456444274965258523e-01,-5.895193938109659637e-01,0.000000000000000000e+00,0.000000000000000000e+00,0.000000000000000000e+00
3.860077123012375239e-02,-1.031519195390400601e+00,9.183715916770939236e-01,6.500960867232472018e-02,-6.428221860204906025e-04,7.883922213872081031e-01,6.117279156749779734e-01,-2.002272523000442339e-02,2.947705368011846808e-02,2.836343931224495352e-01,4.745722642707552730e-01,-6.459288150970022846e-01,9.530080160807004319e-02,-2.390659820921992584e-01,-2.229076666827521647e-01,-1.172747940385578391e-01,5.311322891142855607e-01,-3.608640546292544715e-01,9.819850752534117766e-02,-9.105497227238128211e-02,0.000000000000000000e+00,0.000000000000000000e+00,-1.396560311006810773e+00,4.363560889714588886e-01,-2.813563107836024035e-01,-2.477247121066911417e-01,0.000000000000000000e+00,0.000000000000000000e+00,0.000000000000000000e+00,-1.320157763328657641e+00,-6.754798668528955163e-01,3.462132005864318463e-01,-5.855745130665344078e-01,0.000000000000000000e+00,0.000000000000000000e+00,0.000000000000000000e+00
3.857749611090598857e-02,-1.031264885270169573e+00,9.182308946225351542e-01,6.399848408582727022e-02,4.873117132251165908e-04,7.891504399025653926e-01,6.108563986434114579e-01,-2.404508571852795318e-02,2.777274723584573224e-02,2.797291103103436982e-01,4.755355542218874798e-01,-6.473925973295653336e-01,9.546615251854551065e-02,-2.430956056177124847e-01,-2.232103238733896822e-01,-1.155754616903193754e-01,5.336360973858726986e-01,-3.616260896164085747e-01,9.706523675675868268e-02,-9.082515226250492679e-02,0.000000000000000000e+00,0.000000000000000000e+00,-1.399508797637783797e+00,4.328100288397551676e-01,-2.830631030054559516e-01,-2.461400768649835147e-01,0.000000000000000000e+00,0.000000000000000000e+00,0.000000000000000000e+00,-1.320672428312860580e+00,-6.709606327892372324e-01,3.460410090161530894e-01,-5.852919167833487979e-01,0.000000000000000000e+00,0.000000000000000000e+00,0.000000000000000000e+00
3.840037367582060934e-02,-1.031000712722311752e+00,9.182967894001856646e-01,6.382113924131613270e-02,6.423599016257864084e-04,7.888960224198741100e-01,6.112033338994473652e-01,-2.330673159837419808e-02,2.793399139460806674e-02,2.819699553373596901e-01,4.745706872287689948e-01,-6.484402845350993871e-01,9.693891252610870035e-02,-2.431082317131881831e-01,-2.240362483181111419e-01,-1.171109264500769798e-01,5.331282321747643493e-01,-3.612041435212688945e-01,9.849050982476453830e-02,-9.171786977214577141e-02,0.000000000000000000e+00,0.000000000000000000e+00,-1.403820285296619286e+00,4.392430947856628132e-01,-2.881870333228722658e-01,-2.463441915023362738e-01,0.000000000000000000e+00,0.000000000000000000e+00,0.000000000000000000e+00,-1.326339389621063347e+00,-6.764836264136322441e-01,3.514781275328655585e-01,-5.891906674886757678e-01,0.000000000000000000e+00,0.000000000000000000e+00,0.000000000000000000e+00
3.816333991116287183e-02,-1.030822368472218198e+00,9.179789530705497747e-01,6.284370388342008784e-02,1.120984999418744160e-03,7.886644126840632874e-01,6.116026949258369649e-01,-2.647977980918169577e-02,2.865967731813480121e-02,2.820904238782466766e-01,4.776836006006306978e-01,-6.523314506019735060e-01,9.540585234711299045e-02,-2.470603297316810165e-01,-2.227872608303597124e-01,-1.144927990385236904e-01,5.362393325054157778e-01,-3.631457652076657272e-01,9.664515400632693598e-02,-9.280283924859378253e-02,0.000000000000000000e+00,0.000000000000000000e+00,-1.405896730134170936e+00,4.382802474873988552e-01,-2.828589663187203174e-01,-2.457764720164534455e-01,0.000000000000000000e+00,0.000000000000000000e+00,0.000000000000000000e+00,-1.326252256479382163e+00,-6.735642819901624945e-01,3.506106032249768911e-01,-5.867308917553539782e-01,0.000000000000000000e+00,0.000000000000000000e+00,0.000000000000000000e+00
3.802350754314502701e-02,-1.030673973153770406e+00,9.179110726622157213e-01,6.245147162821831910e-02,1.541933630640692984e-03,7.887755297709220237e-01,6.114986506663365740e-01,-2.776957513038240399e-02,2.835488488029066015e-02,2.819947443724536984e-01,4.783668079046775601e-01,-6.532987766456838097e-01,9.551708998056229749e-02,-2.489417519849909943e-01,-2.233704669115001984e-01,-1.143008123463760684e-01,5.376661037924193032e-01,-3.626101339334416584e-01,9.745326419780041272e-02,-9.489624214273412184e-02,0.000000000000000000e+00,0.000000000000000000e+00,-1.406883027235740879e+00,4.412423124595854507e-01,-2.852613312355214981e-01,-2.455285322783615221e-01,0.000000000000000000e+00,0.000000000000000000e+00,0.000000000000000000e+00,-1.326249254553252044e+00,-6.712468407817001603e-01,3.497654291197005438e-01,-5.859729757969868169e-01,0.000000000000000000e+00,0.000000000000000000e+00,0.000000000000000000e+00
3.783137808776527305e-02,-1.030440127171932341e+00,9.180571898180254209e-01,6.142559501035215613e-02,2.099387930320915658e-03,7.896942165383665779e-01,6.104142308414821638e-01,-2.954087714877281709e-02,2.797126528961264846e-02,2.801974006584586063e-01,4.766855243417843502e-01,-6.538277977048216894e-01,9.506343012724517705e-02,-2.498823525413123026e-01,-2.228149107173258980e-01,-1.136834946335400776e-01,5.361724201615568619e-01,-3.623793515905353035e-01,9.702732233989712352e-02,-9.609225779279348401e-02,0.000000000000000000e+00,0.000000000000000000e+00,-1.410141414552013472e+00,4.390981429149966586e-01,-2.855869098792997440e-01,-2.450419571259027651e-01,0.000000000000000000e+00,0.000000000000000000e+00,0.000000000000000000e+00,-1.326808619069161255e+00,-6.657535932420259872e-01,3.454626578563599892e-01,-5.863665929277868116e-01,0.000000000000000000e+00,0.000000000000000000e+00,0.000000000000000000e+00
3.762197508440043997e-02,-1.030465291627103541e+00,9.179552121921470409e-01,6.138714312270066031e-02,2.006250437855699401e-03,7.894451943593765453e-01,6.107404348176894704e-01,-2.999543435640265876e-02,2.832700901684494926e-02,2.812124366280481236e-01,4.781944579086087610e-01,-6.540217048864626070e-01,9.645908569499982155e-02,-2.506336236541487628e-01,-2.229272042526811715e-01,-1.132530493501694435e-01,5.369375463666925530e-01,-3.602571793499875774e-01,9.843118160760681856e-02,-9.844632476182231529e-02,0.000000000000000000e+00,0.000000000000000000e+00,-1.410325954770436541e+00,4.418927114120548838e-01,-2.868673238586338936e-01,-2.435563620417954822e-01,0.000000000000000000e+00,0.000000000000000000e+00,0.000000000000000000e+00,-1.327481435197515047e+00,-6.676602893452100451e-01,3.448665214599875850e-01,-5.864170442936947891e-01,0.000000000000000000e+00,0.000000000000000000e+00,0.000000000000000000e+00
3.747993626550095297e-02,-1.030615289500562026e+00,9.173320485370651811e-01,6.208677169301121679e-02,1.854312804550406436e-03,7.891651118958961098e-01,6.110320944689410227e-01,-3.136370258783546805e-02,2.858570484017663657e-02,2.824201719429479951e-01,4.847370407826596117e-01,-6.588128257242310548e-01,9.638275525548815892e-02,-2.529765887043405326e-01,-2.246466423518789779e-01,-1.135019264014096585e-01,5.441201313009205176e-01,-3.630894716018527868e-01,9.624593173262808998e-02,-9.850360042609548894e-02,0.000000000000000000e+00,0.000000000000000000e+00,-1.411231791662061141e+00,4.474832590656113163e-01,-2.898573270926571577e-01,-2.419010160929120912e-01,0.000000000000000000e+00,0.000000000000000000e+00,0.000000000000000000e+00,-1.328692898552447321e+00,-6.709197789697661785e-01,3.448079457993821206e-01,-5.867039693722895244e-01,0.000000000000000000e+00,0.000000000000000000e+00,0.000000000000000000e+00
3.725290833582014377e-02,-1.030700557424326869e+00,9.171446876398864356e-01,6.147611036035060400e-02,1.573337166785936580e-03,7.894754784534793179e-01,6.106936067994912509e-01,-3.325195529053497773e-02,2.913599720769917412e-02,2.805526381949672854e-01,4.873178265546805332e-01,-6.630050504428897096e-01,9.871999131064339295e-02,-2.544950750353348612e-01,-2.243368733939698489e-01,-1.145031293858832788e-01,5.460494858560650533e-01,-3.617958614718718158e-01,9.910163571864487320e-02,-9.718785410822995685e-02,0.000000000000000000e+00,0.000000000000000000e+00,-1.412032760294715361e+00,4.400689277035599312e-01,-2.854763639262702379e-01,-2.376677073712159249e-01,0.000000000000000000e+00,0.000000000000000000e+00,0.000000000000000000e+00,-1.328424882382940098e+00,-6.673533430350043760e-01,3.467522347957455731e-01,-5.876230897196261793e-01,0.000000000000000000e+00,0.000000000000000000e+00,0.000000000000000000e+00
3.699906456322814285e-02,-1.030806649274152997e+00,9.173987297850928480e-01,6.087940973319100335e-02,1.535499038331378284e-03,7.899721014393376040e-01,6.101109888051178265e-01,-3.410499657380730576e-02,2.993986201598186278e-02,2.811995553263941239e-01,4.866237751079425800e-01,-6.620953807989955475e-01,9.841733038828422153e-02,-2.537499232393987669e-01,-2.241307326227846286e-01,-1.159497594948511456e-01,5.429793638947499890e-01,-3.592102528978148857e-01,9.831626635026231853e-02,-9.595738740628166619e-02,0.000000000000000000e+00,0.000000000000000000e+00,-1.410348393190593574e+00,4.328740869608838637e-01,-2.899332010264787929e-01,-2.383534065709941308e-01,0.000000000000000000e+00,0.000000000000000000e+00,0.000000000000000000e+00,-1.329568795733803155e+00,-6.707685939930754238e-01,3.575695670794546976e-01,-5.939511080297346091e-01,0.000000000000000000e+00,0.000000000000000000e+00,0.000000000000000000e+00
3.670315264608224604e-02,-1.031033491588413620e+00,9.168320775564150482e-01,6.107717256020310514e-02,1.286767434608242482e-03,7.891722615751546321e-01,6.111260629215351514e-01,-3.570289584872402000e-02,3.034273026429584047e-02,2.820982268419990335e-01,4.924772789045810950e-01,-6.668541465915911459e-01,1.003229222233237433e-01,-2.563044806826150768e-01,-2.238738140418740641e-01,-1.138225972867886460e-01,5.477134560740820612e-01,-3.610545220030790259e-01,9.849046263670263590e-02,-9.748877237621075831e-02,0.000000000000000000e+00,0.000000000000000000e+00,-1.406494124724729122e+00,4.325505550784581876e-01,-2.859390855140230836e-01,-2.362104873789213633e-01,0.000000000000000000e+00,0.000000000000000000e+00,0.000000000000000000e+00,-1.330653141581585874e+00,-6.724570457683300972e-01,3.560019861270034558e-01,-5.916238884453380864e-01,0.000000000000000000e+00,0.000000000000000000e+00,0.000000000000000000e+00
3.641144772530488516e-02,-1.031166561329049047e+00,9.166593720733222650e-01,6.101005709613459976e-02,1.186970900793375520e-03,7.884850240792147247e-01,6.120193876308226422e-01,-3.756550724515753809e-02,3.087180750582411981e-02,2.824263186892937982e-01,4.967719615341048001e-01,-6.676405079531839704e-01,9.929897082443557566e-02,-2.577051026333357919e-01,-2.230331758172895140e-01,-1.115552607300318022e-01,5.488561466752913676e-01,-3.609422250865050863e-01,9.832760519128246057e-02,-9.839622085572588550e-02,0.000000000000000000e+00,0.000000000000000000e+00,-1.406533443193995758e+00,4.340252102949778701e-01,-2.864594183390366533e-01,-2.362835913326404857e-01,0.000000000000000000e+00,0.000000000000000000e+00,0.000000000000000000e+00,-1.332075274384675989e+00,-6.720275383624435550e-01,3.567920596060894511e-01,-5.898719514234500583e-01,0.000000000000000000e+00,0.000000000000000000e+00,0.000000000000000000e+00
3.615929664902131635e-02,-1.031336858003644386e+00,9.165870910633554525e-01,6.049545120944350984e-02,1.135882342341622015e-03,7.882394052187888800e-01,6.123868468660966791e-01,-3.952507734656668381e-02,3.137066413242092788e-02,2.826233203159948526e-01,4.994048322562080755e-01,-6.691174452614673251e-01,1.026652343597171946e-01,-2.589636172120065583e-01,-2.203716164350537077e-01,-1.068508348642274175e-01,5.482808904104542469e-01,-3.615024748824720580e-01,9.757922940053152805e-02,-9.841374583042071522e-02,0.000000000000000000e+00,0.000000000000000000e+00,-1.404222622516225760e+00,4.291891547584478217e-01,-2.853825571113642323e-01,-2.340356072145072241e-01,0.000000000000000000e+00,0.000000000000000000e+00,0.000000000000000000e+00,-1.330907438139433241e+00,-6.654973889868127657e-01,3.540993686111237881e-01,-5.865418198002491090e-01,0.000000000000000000e+00,0.000000000000000000e+00,0.000000000000000000e+00
3.599003251397753234e-02,-1.031408461208435767e+00,9.167355561300184474e-01,6.030331443310965600e-02,1.429524000263649505e-03,7.880259465794777762e-01,6.126798301291075388e-01,-4.026457832797970815e-02,3.121177777171657911e-02,2.829352071623495446e-01,4.989609814252225495e-01,-6.662404919437281414e-01,1.001627085529670502e-01,-2.589213821801081838e-01,-2.219906416834309115e-01,-1.097497124854916462e-01,5.468288148459432563e-01,-3.609323429681201012e-01,9.876205098645181313e-02,-9.870706221108938028e-02,0.000000000000000000e+00,0.000000000000000000e+00,-1.406534215106545416e+00,4.328475226960463718e-01,-2.871980855576629077e-01,-2.346998018161512434e-01,0.000000000000000000e+00,0.000000000000000000e+00,0.000000000000000000e+00,-1.330101648442949536e+00,-6.639272458387356357e-01,3.487077213917568752e-01,-5.849473895973352766e-01,0.000000000000000000e+00,0.000000000000000000e+00,0.000000000000000000e+00
3.574434915865260659e-02,-1.031633375209664250e+00,9.164798840850006956e-01,6.005039810887258245e-02,6.086357095008167704e-04,7.879740702003429353e-01,6.127727506518577671e-01,-4.151235320831937053e-02,3.199740905516167827e-02,2.803747342359635408e-01,5.025384519829565466e-01,-6.697659922344725292e-01,1.039920712309988227e-01,-2.590766379374370709e-01,-2.201000672185596529e-01,-1.086980837055237098e-01,5.478231300851679197e-01,-3.598548276863735018e-01,1.003858473850548494e-01,-9.811163492453968404e-02,0.000000000000000000e+00,0.000000000000000000e+00,-1.406722487563105473e+00,4.326011454610955709e-01,-2.846990274321614667e-01,-2.280538724672801776e-01,0.000000000000000000e+00,0.000000000000000000e+00,0.000000000000000000e+00,-1.330557611014083097e+00,-6.637573712489237554e-01,3.471809062031367410e-01,-5.828784150910065742e-01,0.000000000000000000e+00,0.000000000000000000e+00,0.000000000000000000e+00
3.558084453883379045e-02,-1.031696334589385255e+00,9.168200633013345868e-01,6.002170488501894219e-02,7.476624979087073859e-04,7.878508536033379528e-01,6.129338205874894641e-01,-4.039313376728440041e-02,3.244807748157001875e-02,2.836369408724486174e-01,4.998477128113621992e-01,-6.671939593610632935e-01,1.012187183188698186e-01,-2.580950310624036681e-01,-2.202645359137633541e-01,-1.085730722886927707e-01,5.444180996339538225e-01,-3.559967085594374359e-01,1.005256456802176984e-01,-9.578195866302889605e-02,0.000000000000000000e+00,0.000000000000000000e+00,-1.407204731615892213e+00,4.332693453284865992e-01,-2.828627606186937538e-01,-2.255246548955004704e-01,0.000000000000000000e+00,0.000000000000000000e+00,0.000000000000000000e+00,-1.334836198316180944e+00,-6.642724845856463611e-01,3.522827899211374292e-01,-5.848710678618237457e-01,0.000000000000000000e+00,0.000000000000000000e+00,0.000000000000000000e+00
3.538503849576650484e-02,-1.031713093170020246e+00,9.167767530104391493e-01,5.953497882647079686e-02,1.142000701437265262e-03,7.877976414126789395e-01,6.130490668088077744e-01,-4.031413516473354719e-02,3.209949701844852510e-02,2.845326185567457200e-01,4.978313737365288594e-01,-6.699302128723548799e-01,1.000853808601000344e-01,-2.590016905016416793e-01,-2.197110888343840607e-01,-1.070377701176325191e-01,5.436565983301372418e-01,-3.587109747896125578e-01,1.004368045676619081e-01,-9.754374975298242545e-02,0.000000000000000000e+00,0.000000000000000000e+00,-1.411134847318765262e+00,4.364586275863747145e-01,-2.816614389688793518e-01,-2.270800363510617204e-01,0.000000000000000000e+00,0.000000000000000000e+00,0.000000000000000000e+00,-1.337107964386671233e+00,-6.671895138751726684e-01,3.537731991967038025e-01,-5.888440721679270018e-01,0.000000000000000000e+00,0.000000000000000000e+00,0.000000000000000000e+00
3.520795406415525713e-02,-1.031841228151047396e+00,9.164220297085476918e-01,5.991610975979883014e-02,1.514442408774254421e-03,7.876726771419018114e-01,6.131716887948696071e-01,-4.040778752272498886e-02,3.100166036242601661e-02,2.858650998345169114e-01,4.990490145114905296e-01,-6.732134267266700611e-01,1.009636515942754498e-01,-2.624365834645134843e-01,-2.217020537412758563e-01,-1.062818814034604681e-01,5.497348018165412187e-01,-3.571922028658229831e-01,9.904072413037331990e-02,-9.931741335609134413e-02,0.000000000000000000e+00,0.000000000000000000e+00,-1.415127754913719782e+00,4.418949939657547676e-01,-2.840171481941534681e-01,-2.266375639920377438e-01,0.000000000000000000e+00,0.000000000000000000e+00,0.000000000000000000e+00,-1.336269818914007201e+00,-6.636544264627105560e-01,3.538225206662801714e-01,-5.852917235596998280e-01,0.000000000000000000e+00,0.000000000000000000e+00,0.000000000000000000e+00
3.505607001402825940e-02,-1.031963634082468273e+00,9.163494848461082309e-01,6.052129265751233361e-02,1.258249109230747190e-03,7.877589692160978929e-01,6.130019546166507460e-01,-3.987225730767329779e-02,3.141514478811988087e-02,2.873495898401093873e-01,5.004698915154708327e-01,-6.714408648608009011e-01,9.773199019305622848e-02,-2.620627081561755500e-01,-2.230290054026698443e-01,-1.071666052408035141e-01,5.514757403412018366e-01,-3.563149554124671048e-01,9.872932264560277393e-02,-1.001329638419361096e-01,0.000000000000000000e+00,0.000000000000000000e+00,-1.414348072473457396e+00,4.438028339672089317e-01,-2.850922171790579718e-01,-2.251522747121465218e-01,0.000000000000000000e+00,0.000000000000000000e+00,0.000000000000000000e+00,-1.339590457747359853e+00,-6.691283280453912408e-01,3.591514642314557193e-01,-5.882442691850643390e-01,0.000000000000000000e+00,0.000000000000000000e+00,0.000000000000000000e+00
3.478302735018696384e-02,-1.031894638919051754e+00,9.164152068626675307e-01,6.004840185944342740e-02,1.415007301597025592e-03,7.870356293001701253e-01,6.139764697450132980e-01,-4.027099452364021892e-02,3.147072139206352759e-02,2.882481483572031933e-01,5.000930521343608381e-01,-6.709508432382983445e-01,9.878287794962958834e-02,-2.627045697783306766e-01,-2.219489300112861274e-01,-1.053937147959180948e-01,5.498017885562781482e-01,-3.565595977999093114e-01,1.007315578151611046e-01,-1.026345848452143578e-01,0.000000000000000000e+00,0.000000000000000000e+00,-1.414559394319541363e+00,4.422183885231362188e-01,-2.820995590402696207e-01,-2.240457333730536682e-01,0.000000000000000000e+00,0.000000000000000000e+00,0.000000000000000000e+00,-1.339403124147326984e+00,-6.677127402395574007e-01,3.608665690383546787e-01,-5.843169937774004286e-01,0.000000000000000000e+00,0.000000000000000000e+00,0.000000000000000000e+00
3.452618295087619971e-02,-1.031840544861975850e+00,9.164083702629548522e-01,5.994067408789455903e-02,1.426898210639342352e-03,7.869040687599875294e-01,6.141555715943337601e-01,-4.015316297178178617e-02,3.074971482888003149e-02,2.876234343061794818e-01,4.997631151147870487e-01,-6.714516850891890654e-01,1.007049009675928808e-01,-2.629827481705756531e-01,-2.216413393542192856e-01,-1.043236134679423888e-01,5.496906842442748076e-01,-3.558256246032552861e-01,1.004676090461725513e-01,-1.030704558126078335e-01,0.000000000000000000e+00,0.000000000000000000e+00,-1.413741135325043752e+00,4.406368590989986900e-01,-2.834350641009632521e-01,-2.236229258484143667e-01,0.000000000000000000e+00,0.000000000000000000e+00,0.000000000000000000e+00,-1.339122254359161879e+00,-6.661515531691489800e-01,3.616914686076987961e-01,-5.801113606575004633e-01,0.000000000000000000e+00,0.000000000000000000e+00,0.000000000000000000e+00
3.423652162634489848e-02,-1.031498734749014101e+00,9.168410674964815321e-01,5.870500316246442252e-02,1.600443245057999505e-03,7.872076869142283773e-01,6.138853466635810774e-01,-3.962681112361515767e-02,3.104953158404007846e-02,2.868833162200892239e-01,4.946172232880187147e-01,-6.708412137691530663e-01,9.958515273089310615e-02,-2.616977055781580241e-01,-2.202078622944381170e-01,-1.052361039936285103e-01,5.442011818494889575e-01,-3.555453991981084028e-01,1.025422564656804231e-01,-1.047277589745987114e-01,0.000000000000000000e+00,0.000000000000000000e+00,-1.415915411242798072e+00,4.410963970758192687e-01,-2.821088167554959836e-01,-2.252200975321173027e-01,0.000000000000000000e+00,0.000000000000000000e+00,0.000000000000000000e+00,-1.339058519894698041e+00,-6.677096157736718274e-01,3.604655484985052061e-01,-5.795203819673263590e-01,0.000000000000000000e+00,0.000000000000000000e+00,0.000000000000000000e+00
3.421637671672680264e-02,-1.031434616672665783e+00,9.167017266817241161e-01,5.909926073108544287e-02,1.338266134686352847e-03,7.875576205420276032e-01,6.133991202724147218e-01,-3.953157847309533846e-02,3.155106730259638753e-02,2.879040121497614124e-01,4.965980466898589074e-01,-6.709734697617070198e-01,1.017904917717538660e-01,-2.619228549784282101e-01,-2.211619869105070357e-01,-1.058746188475572503e-01,5.470834331233451753e-01,-3.526839266213050439e-01,1.039298985275233234e-01,-1.033825590872626543e-01,0.000000000000000000e+00,0.000000000000000000e+00,-1.414168634867917662e+00,4.421447797506084521e-01,-2.851099326415789115e-01,-2.216908309355574702e-01,0.000000000000000000e+00,0.000000000000000000e+00,0.000000000000000000e+00,-1.337774211216433695e+00,-6.675731671290978664e-01,3.644643895156365887e-01,-5.770233695223665471e-01,0.000000000000000000e+00,0.000000000000000000e+00,0.000000000000000000e+00
3.428495477276671116e-02,-1.031263352496234242e+00,9.163567200471541829e-01,5.927110579390144213e-02,1.701201813333158043e-03,7.874568993023923769e-01,6.135109401399626572e-01,-3.951398335864482469e-02,3.069468002733879639e-02,2.879191855450709547e-01,4.974287929629514493e-01,-6.755767929418532436e-01,1.018045752115194075e-01,-2.641629129538607401e-01,-2.216423153713432403e-01,-1.049203794590674865e-01,5.517797259898420403e-01,-3.572258944434670291e-01,9.826315822045439408e-02,-1.020210062147761942e-01,0.000000000000000000e+00,0.000000000000000000e+00,-1.413525228579158854e+00,4.408841517436570823e-01,-2.830495652981194210e-01,-2.212136057263056621e-01,0.000000000000000000e+00,0.000000000000000000e+00,0.000000000000000000e+00,-1.339146330374590299e+00,-6.696642508897907575e-01,3.665191222751694733e-01,-5.772939744191826206e-01,0.000000000000000000e+00,0.000000000000000000e+00,0.000000000000000000e+00
3.436473399520374034e-02,-1.031115165664816535e+00,9.160742625512305892e-01,5.993257164860658209e-02,1.475391249654617234e-03,7.867283985618123143e-01,6.143812635266573396e-01,-3.891159381384837190e-02,3.146399504600393832e-02,2.904017221785049063e-01,5.006559568201193189e-01,-6.767378888830685169e-01,1.014040537546934961e-01,-2.648514948217510212e-01,-2.231953174494170633e-01,-1.066641064605792638e-01,5.556097304010346738e-01,-3.576060679419709176e-01,1.002052659510665328e-01,-1.024400700631805383e-01,0.000000000000000000e+00,0.000000000000000000e+00,-1.414320732986698914e+00,4.477252523385752969e-01,-2.854739103860503557e-01,-2.217923118522752701e-01,0.000000000000000000e+00,0.000000000000000000e+00,0.000000000000000000e+00,-1.341138932260990124e+00,-6.746871361864860139e-01,3.709382697125542805e-01,-5.739516096911365661e-01,0.000000000000000000e+00,0.000000000000000000e+00,0.000000000000000000e+00
3.449110595199323531e-02,-1.030869073468457797e+00,9.162768060602448639e-01,5.927258981241673164e-02,1.435371726094528209e-03,7.867711685653483444e-01,6.143906152597496950e-01,-3.950239588132951896e-02,3.239154649403499370e-02,2.891726513245533869e-01,4.998215852365732181e-01,-6.757480356916518716e-01,1.003784443593649794e-01,-2.642283218301450520e-01,-2.217107366956676817e-01,-1.071007073143089849e-01,5.531817927698401416e-01,-3.578188490512215769e-01,1.011032906228091777e-01,-1.020950275055483442e-01,0.000000000000000000e+00,0.000000000000000000e+00,-1.414504852993125894e+00,4.451735639628334740e-01,-2.775123814432172153e-01,-2.212677692768707793e-01,0.000000000000000000e+00,0.000000000000000000e+00,0.000000000000000000e+00,-1.342367024452330693e+00,-6.757444446754565792e-01,3.683677707358426479e-01,-5.750101029029195399e-01,0.000000000000000000e+00,0.000000000000000000e+00,0.000000000000000000e+00
3.466825866539700873e-02,-1.030682228019390800e+00,9.160592937000345826e-01,5.895415899745441723e-02,1.445808650406875525e-03,7.861865357753473615e-01,6.151691212502528039e-01,-4.091368323329101081e-02,3.321369484428750990e-02,2.891424135290673325e-01,5.027308458515684642e-01,-6.779790699321835978e-01,1.017120280569129426e-01,-2.652679736510626940e-01,-2.198858868724933857e-01,-1.050417093159185244e-01,5.535761613233739498e-01,-3.602136284600413463e-01,1.012508802607223896e-01,-1.019138217563984594e-01,0.000000000000000000e+00,0.000000000000000000e+00,-1.413133398111093619e+00,4.459032923384281810e-01,-2.762371795641286321e-01,-2.224837292682652345e-01,0.000000000000000000e+00,0.000000000000000000e+00,0.000000000000000000e+00,-1.342565182277971392e+00,-6.778810588842548723e-01,3.705672637133027303e-01,-5.751857350241018629e-01,0.000000000000000000e+00,0.000000000000000000e+00,0.000000000000000000e+00
3.503030219464031009e-02,-1.030587807284430335e+00,9.158517809063172477e-01,5.982473626629432328e-02,1.728566241305146828e-03,7.862486251310805141e-01,6.150049694668359157e-01,-4.014842484885006169e-02,3.218453820407236876e-02,2.894174004060666716e-01,5.034497455166478952e-01,-6.784707306516465364e-01,1.017593413366652266e-01,-2.662058178831095967e-01,-2.219393244102337848e-01,-1.057298862328045763e-01,5.580361812234977403e-01,-3.618755423480647382e-01,9.939300454153073006e-02,-1.010838440749955158e-01,0.000000000000000000e+00,0.000000000000000000e+00,-1.409730126227833669e+00,4.449401544201380121e-01,-2.751693625704838553e-01,-2.209905316283711230e-01,0.000000000000000000e+00,0.000000000000000000e+00,0.000000000000000000e+00,-1.342148228558321277e+00,-6.737972621470634804e-01,3.646595162123815737e-01,-5.723338780613829169e-01,0.000000000000000000e+00,0.000000000000000000e+00,0.000000000000000000e+00
3.528925158795644806e-02,-1.030532899428805660e+00,9.154717375416928649e-01,6.077649859505632884e-02,1.351309856415732358e-03,7.861968805894230528e-01,6.149787444551707560e-01,-3.947633433600535036e-02,3.304858014476460409e-02,2.914634416372393622e-01,5.074923537745759106e-01,-6.811169579537824648e-01,1.025629613921333338e-01,-2.664770000089842772e-01,-2.231320062105870139e-01,-1.064071880483883625e-01,5.628274800739755390e-01,-3.624235555268401909e-01,9.835926621520321711e-02,-1.010019940311707581e-01,0.000000000000000000e+00,0.000000000000000000e+00,-1.407206702721617519e+00,4.449398830721004727e-01,-2.743194820541593471e-01,-2.219562107363813319e-01,0.000000000000000000e+00,0.000000000000000000e+00,0.000000000000000000e+00,-1.343371451826770535e+00,-6.767793370359445060e-01,3.655303777887750072e-01,-5.767816524701425696e-01,0.000000000000000000e+00,0.000000000000000000e+00,0.000000000000000000e+00
3.538975254261194497e-02,-1.030385592842369524e+00,9.154665029621434913e-01,6.077397396577559341e-02,1.304661068433972827e-03,7.857359030399150290e-01,6.155679593854390674e-01,-3.921637961433609154e-02,3.238545422248629430e-02,2.894653784057810708e-01,5.074506923726144203e-01,-6.819351150092307634e-01,1.028449279329743671e-01,-2.658484046568949655e-01,-2.213835047379988652e-01,-1.033528004967382286e-01,5.615783336425037575e-01,-3.657587252392540678e-01,1.020123107528964207e-01,-1.015520386330426156e-01,0.000000000000000000e+00,0.000000000000000000e+00,-1.409363141404808450e+00,4.482932801899890962e-01,-2.730849020419374718e-01,-2.221680097932383358e-01,0.000000000000000000e+00,0.000000000000000000e+00,0.000000000000000000e+00,-1.340356313492879314e+00,-6.714856422988284557e-01,3.591103640371133832e-01,-5.766907736073012547e-01,0.000000000000000000e+00,0.000000000000000000e+00,0.000000000000000000e+00
3.547821386091726259e-02,-1.030384241114648214e+00,9.151696771381044870e-01,6.088751555882219307e-02,7.110099130792470537e-04,7.855980917358934557e-01,6.157335813279157799e-01,-3.953774442310339921e-02,3.400428570072817208e-02,2.897703602351038854e-01,5.109275631192867761e-01,-6.852583607810528443e-01,1.035503223660497740e-01,-2.669341407146298417e-01,-2.204025179386075450e-01,-1.028499807488248430e-01,5.652821346986570683e-01,-3.639075935110561710e-01,1.016919479489968581e-01,-1.041721180081962017e-01,0.000000000000000000e+00,0.000000000000000000e+00,-1.408513288238575134e+00,4.499819522368972424e-01,-2.684208086027935480e-01,-2.221842319061465842e-01,0.000000000000000000e+00,0.000000000000000000e+00,0.000000000000000000e+00,-1.338240138089164866e+00,-6.720813152988193151e-01,3.572112419328084543e-01,-5.754432629314583103e-01,0.000000000000000000e+00,0.000000000000000000e+00,0.000000000000000000e+00
3.561702765729841264e-02,-1.030362794812814453e+00,9.151909224986382041e-01,6.042579665317150683e-02,1.473825607329527169e-03,7.859135763936151431e-01,6.153750087362233057e-01,-4.169655027603106495e-02,3.334318685950437428e-02,2.887604356887109591e-01,5.110602821964967957e-01,-6.847599737196148340e-01,1.016447391592192606e-01,-2.683551038096348984e-01,-2.214767812016344428e-01,-1.043663869210540579e-01,5.654866417190183014e-01,-3.673795029435631410e-01,9.819013250890169797e-02,-1.036341771455097649e-01,0.000000000000000000e+00,0.000000000000000000e+00,-1.404659245152593439e+00,4.419665211685274153e-01,-2.669189568811640156e-01,-2.221684954674031931e-01,0.000000000000000000e+00,0.000000000000000000e+00,0.000000000000000000e+00,-1.337754189693406870e+00,-6.694156050212927145e-01,3.551314944161789167e-01,-5.782222860607357795e-01,0.000000000000000000e+00,0.000000000000000000e+00,0.000000000000000000e+00
3.554656029174774190e-02,-1.030501544337107278e+00,9.152750513421020750e-01,6.049599614297000716e-02,9.280329870392520566e-04,7.858396503186262372e-01,6.154635790950955254e-01,-4.083448091709275529e-02,3.526880756044012410e-02,2.914444914259490815e-01,5.113477675571683756e-01,-6.835051021181104414e-01,9.985281494658519719e-02,-2.671910836499248321e-01,-2.200364036475956353e-01,-1.032633376446372708e-01,5.639832769760982911e-01,-3.652217590406353631e-01,9.823778764424256904e-02,-1.056973324827246014e-01,0.000000000000000000e+00,0.000000000000000000e+00,-1.402655305092049609e+00,4.401120000778664387e-01,-2.638473636451783566e-01,-2.235419553885400479e-01,0.000000000000000000e+00,0.000000000000000000e+00,0.000000000000000000e+00,-1.336300088655731466e+00,-6.743313175112416458e-01,3.595683449719658253e-01,-5.783918651311015235e-01,0.000000000000000000e+00,0.000000000000000000e+00,0.000000000000000000e+00
3.550614282904238084e-02,-1.030760330444694395e+00,9.152245072733854458e-01,6.090950712841570330e-02,8.929554484278822476e-04,7.857107999615559057e-01,6.155873401847326010e-01,-4.082307640769125556e-02,3.437435477538863110e-02,2.907884723434538965e-01,5.119106930314191173e-01,-6.828253264557974100e-01,1.009988011814871578e-01,-2.678943018348738936e-01,-2.196763719586289354e-01,-1.006890710127451016e-01,5.653296305842379077e-01,-3.633544333944070392e-01,9.589217012602452295e-02,-1.049367587081881936e-01,0.000000000000000000e+00,0.000000000000000000e+00,-1.399356510778918983e+00,4.330638455289584354e-01,-2.581979854676548780e-01,-2.251380297410072173e-01,0.000000000000000000e+00,0.000000000000000000e+00,0.000000000000000000e+00,-1.336414108991482941e+00,-6.718624233599428397e-01,3.615975059459666241e-01,-5.775527928751901241e-01,0.000000000000000000e+00,0.000000000000000000e+00,0.000000000000000000e+00
3.528741839050907048e-02,-1.030990645155904550e+00,9.151692036503841221e-01,6.035451006943522850e-02,7.674928140805692758e-04,7.865558210549022933e-01,6.145621892320648483e-01,-4.241844356259603932e-02,3.367835214629322921e-02,2.867061472518422360e-01,5.123835227151055660e-01,-6.857885162450251260e-01,1.033353998492132636e-01,-2.684640755385841460e-01,-2.188830894745282252e-01,-9.992705817410169056e-02,5.655378387987936017e-01,-3.628460555399442566e-01,9.718233185803686058e-02,-1.066773578856781840e-01,0.000000000000000000e+00,0.000000000000000000e+00,-1.397792090657284270e+00,4.289825482092228248e-01,-2.566649097865122964e-01,-2.268557173549298200e-01,0.000000000000000000e+00,0.000000000000000000e+00,0.000000000000000000e+00,-1.336985347295834847e+00,-6.741957421215718504e-01,3.617870762876573276e-01,-5.821208151801324782e-01,0.000000000000000000e+00,0.000000000000000000e+00,0.000000000000000000e+00
3.512004567792144372e-02,-1.031383100871675618e+00,9.150510986416972026e-01,6.143763091218288480e-02,6.020197750263907993e-04,7.867430644118962313e-01,6.142152763322227260e-01,-4.121917441789522962e-02,3.309703725552819165e-02,2.889060935862919899e-01,5.132574526766927603e-01,-6.844664476524775498e-01,1.014723469442594811e-01,-2.682262757441217782e-01,-2.218932447562348420e-01,-1.017952008947782261e-01,5.682772821726056467e-01,-3.603200159964677907e-01,9.577207803763262972e-02,-1.051212422103764282e-01,0.000000000000000000e+00,0.000000000000000000e+00,-1.394551372942084422e+00,4.244184297985075238e-01,-2.593774002491464614e-01,-2.248412708734128240e-01,0.000000000000000000e+00,0.000000000000000000e+00,0.000000000000000000e+00,-1.339517773111390753e+00,-6.773651523091225313e-01,3.672854664914749767e-01,-5.835628678123303548e-01,0.000000000000000000e+00,0.000000000000000000e+00,0.000000000000000000e+00
3.474034836420888950e-02,-1.031822223750782141e+00,9.151668975800766326e-01,6.176069326366630946e-02,-5.234005128894301823e-04,7.866097793621449341e-01,6.143536423195791185e-01,-4.043433571044259545e-02,3.392462914751176450e-02,2.881943134321675593e-01,5.147903539026268405e-01,-6.827182882373108441e-01,1.045663447123255096e-01,-2.654922295389425813e-01,-2.208623258021686908e-01,-1.018381238337621453e-01,5.654854939935139990e-01,-3.556105068296593341e-01,9.966211134556915430e-02,-1.064018444479121195e-01,0.000000000000000000e+00,0.000000000000000000e+00,-1.394237833181806385e+00,4.254227326377257312e-01,-2.573267773745790965e-01,-2.241637026519167630e-01,0.000000000000000000e+00,0.000000000000000000e+00,0.000000000000000000e+00,-1.336989104659044303e+00,-6.799904609795539567e-01,3.695708594836063510e-01,-5.783894941320075755e-01,0.000000000000000000e+00,0.000000000000000000e+00,0.000000000000000000e+00
3.452693587712449969e-02,-1.032115094199556937e+00,9.147710155654428243e-01,6.242286453734786217e-02,-4.669061830401600739e-04,7.861547317627022302e-01,6.148690150826298106e-01,-4.065746950189763620e-02,3.317854461523639387e-02,2.894813222053264079e-01,5.178989145385685111e-01,-6.858907232066412396e-01,1.043651895239182253e-01,-2.661137787407836797e-01,-2.222318518897244410e-01,-1.012781261647574121e-01,5.682333926614040465e-01,-3.604891825043924913e-01,9.828040676621814520e-02,-1.044799288018724986e-01,0.000000000000000000e+00,0.000000000000000000e+00,-1.395118719485751724e+00,4.264832184752851973e-01,-2.612575550506050504e-01,-2.248823560083701989e-01,0.000000000000000000e+00,0.000000000000000000e+00,0.000000000000000000e+00,-1.336388101700040965e+00,-6.747981150766546588e-01,3.686303396818056410e-01,-5.756038706123352000e-01,0.000000000000000000e+00,0.000000000000000000e+00,0.000000000000000000e+00
3.427341977837179698e-02,-1.032223851598883302e+00,9.152871820118761992e-01,6.191697591376477128e-02,-8.345841666318601967e-04,7.872691876982891301e-01,6.134923126363038826e-01,-3.983836019976998849e-02,3.293574548213047681e-02,2.864572804379649784e-01,5.135899640327108440e-01,-6.831741673164484219e-01,1.037267314168553167e-01,-2.627985978916273502e-01,-2.225627524908665444e-01,-1.047670604030419145e-01,5.627338513627420102e-01,-3.573180340075060579e-01,1.026092098179086504e-01,-1.035008382716262471e-01,0.000000000000000000e+00,0.000000000000000000e+00,-1.395615134748804387e+00,4.224873181740377848e-01,-2.605991153055808862e-01,-2.227593477327244886e-01,0.000000000000000000e+00,0.000000000000000000e+00,0.000000000000000000e+00,-1.334263515819584800e+00,-6.738539518337990364e-01,3.634479019427429569e-01,-5.750542701671186308e-01,0.000000000000000000e+00,0.000000000000000000e+00,0.000000000000000000e+00
3.406259407716314552e-02,-1.032336339051312946e+00,9.150585420022291361e-01,6.258412584882983021e-02,-1.052439937524526610e-03,7.870160557996647155e-01,6.137490101625063810e-01,-3.930345438831489568e-02,3.262990230921164470e-02,2.873243805331429646e-01,5.156229438530111064e-01,-6.837845091884897641e-01,1.034342330376740449e-01,-2.627140771677330400e-01,-2.229872557244769182e-01,-1.035245572174815776e-01,5.647705123826722851e-01,-3.580716679394896351e-01,9.961440088084863587e-02,-1.026430130729937690e-01,0.000000000000000000e+00,0.000000000000000000e+00,-1.396170350833593865e+00,4.244642923339418950e-01,-2.626651235853617594e-01,-2.228007602207882631e-01,0.000000000000000000e+00,0.000000000000000000e+00,0.000000000000000000e+00,-1.334490954705148225e+00,-6.720871030478301478e-01,3.655929413890716684e-01,-5.752262544731645555e-01,0.000000000000000000e+00,0.000000000000000000e+00,0.000000000000000000e+00
3.381794850498042598e-02,-1.032290732516873311e+00,9.153777504139858356e-01,6.261713406832399020e-02,-1.551838204388749460e-03,7.874145404531663894e-01,6.132332572538669035e-01,-3.759440005212053709e-02,3.203146112205883245e-02,2.849649463858794918e-01,5.128805756203046462e-01,-6.824979298815283535e-01,1.042435154854828155e-01,-2.596358173790672130e-01,-2.229940505785296678e-01,-1.055193220748796845e-01,5.613026189922836195e-01,-3.570312321281048362e-01,1.008491536054935550e-01,-1.019223518216816060e-01,0.000000000000000000e+00,0.000000000000000000e+00,-1.395390923625805746e+00,4.209211703575537755e-01,-2.618914334547922107e-01,-2.196040863473262550e-01,0.000000000000000000e+00,0.000000000000000000e+00,0.000000000000000000e+00,-1.334944212250033679e+00,-6.742510435310045125e-01,3.657966431544076302e-01,-5.769317357019890791e-01,0.000000000000000000e+00,0.000000000000000000e+00,0.000000000000000000e+00
3.356998817561597515e-02,-1.032006883758905591e+00,9.154199283459116820e-01,6.242659101040058667e-02,-1.070405317467860128e-03,7.878764991729441114e-01,6.126600990910566757e-01,-3.733938662320671065e-02,3.089224284308285731e-02,2.847092970319568539e-01,5.109290136895299206e-01,-6.825272463983101945e-01,1.031356090154776084e-01,-2.596213069801346363e-01,-2.242244129543468079e-01,-1.059497060437236404e-01,5.607517743943237765e-01,-3.577448785256217012e-01,1.011628069218429710e-01,-1.000188156486628149e-01,0.000000000000000000e+00,0.000000000000000000e+00,-1.398108353115624425e+00,4.221619397882540592e-01,-2.695002508686090148e-01,-2.232385727441244250e-01,0.000000000000000000e+00,0.000000000000000000e+00,0.000000000000000000e+00,-1.332404283042622373e+00,-6.716521316464872937e-01,3.676992195153361842e-01,-5.761694752350201565e-01,0.000000000000000000e+00,0.000000000000000000e+00,0.000000000000000000e+00
3.336807896341742463e-02,-1.031727816785191765e+00,9.157733957833628091e-01,6.196203047217312132e-02,-1.258535684802767739e-03,7.886480562586162257e-01,6.117134674234357972e-01,-3.645949455432059838e-02,3.153361062760173111e-02,2.842458330293519131e-01,5.080384468296460510e-01,-6.805442683758110567e-01,1.031211454034360042e-01,-2.568224531901069363e-01,-2.239013123939479488e-01,-1.080539946957036895e-01,5.568013431745286734e-01,-3.579723456484398270e-01,1.016674641904032755e-01,-9.959298540677484490e-02,0.000000000000000000e+00,0.000000000000000000e+00,-1.398471776207357742e+00,4.239891209387695592e-01,-2.665607242865183357e-01,-2.225420082721360771e-01,0.000000000000000000e+00,0.000000000000000000e+00,0.000000000000000000e+00,-1.331516434264238269e+00,-6.736600754885191389e-01,3.612305053444521130e-01,-5.738340531593173477e-01,0.000000000000000000e+00,0.000000000000000000e+00,0.000000000000000000e+00
3.320365681610468189e-02,-1.031438651297851061e+00,9.158275694679341994e-01,6.182142742653214118e-02,-1.414653338589009568e-03,7.887702087911400151e-01,6.115698386860326519e-01,-3.522369333021077575e-02,3.207785008635599677e-02,2.852968944970911691e-01,5.066089159653603957e-01,-6.811296867902325580e-01,1.026083311873818987e-01,-2.563378630295023441e-01,-2.232297543658222083e-01,-1.076662867194226603e-01,5.563938482544302788e-01,-3.566612784034391415e-01,9.970414445741480891e-02,-1.003257878664794434e-01,0.000000000000000000e+00,0.000000000000000000e+00,-1.397421433305047866e+00,4.229316203383863826e-01,-2.645302718311248746e-01,-2.217932611724770242e-01,0.000000000000000000e+00,0.000000000000000000e+00,0.000000000000000000e+00,-1.331228731261226761e+00,-6.757220917963336904e-01,3.620816635438061093e-01,-5.741209209347806208e-01,0.000000000000000000e+00,0.000000000000000000e+00,0.000000000000000000e+00
3.306072468679859683e-02,-1.031117728926281618e+00,9.160811035188154428e-01,6.108295234454492323e-02,-1.404173619507846811e-03,7.891086623197403060e-01,6.112073463901359638e-01,-3.544394460521182316e-02,3.262735976755155864e-02,2.844031697720096896e-01,5.048494242338035232e-01,-6.802525492771781535e-01,1.020981192922781888e-01,-2.549106477384812108e-01,-2.220943992985533189e-01,-1.082042969523734632e-01,5.526164944615545860e-01,-3.571424848250784323e-01,1.013284810889126114e-01,-9.945549117022275953e-02,0.000000000000000000e+00,0.000000000000000000e+00,-1.395215175769634719e+00,4.204960896435210871e-01,-2.600831521275840386e-01,-2.206543400025052504e-01,0.000000000000000000e+00,0.000000000000000000e+00,0.000000000000000000e+00,-1.327252076015529969e+00,-6.721282086007615009e-01,3.587073289077572502e-01,-5.725133754498403782e-01,0.000000000000000000e+00,0.000000000000000000e+00,0.000000000000000000e+00
3.305501294799569056e-02,-1.030808170023945758e+00,9.162784646880760553e-01,6.126884110379082066e-02,-9.840275883625439635e-04,7.880208359400192597e-01,6.125914812694492895e-01,-3.388471225329383468e-02,3.190549131336960914e-02,2.861519585809911836e-01,5.021349216105910340e-01,-6.765685265552224825e-01,9.992580767342829073e-02,-2.551048946397561079e-01,-2.217788098395163665e-01,-1.062825857340384261e-01,5.514123059597965115e-01,-3.568762316979438576e-01,9.963058262706170343e-02,-9.879558910877697664e-02,0.000000000000000000e+00,0.000000000000000000e+00,-1.392590271962163673e+00,4.237452676333602897e-01,-2.559635168231138569e-01,-2.223935729117165749e-01,0.000000000000000000e+00,0.000000000000000000e+00,0.000000000000000000e+00,-1.326762078234090092e+00,-6.675295727906361831e-01,3.581179155878974063e-01,-5.729098370905606474e-01,0.000000000000000000e+00,0.000000000000000000e+00,0.000000000000000000e+00
3.304442279634008106e-02,-1.030560718783667618e+00,9.162405703903093723e-01,6.078655396260221333e-02,-8.988708827213118084e-04,7.886454630363668450e-01,6.118353704393389991e-01,-3.307296662001332765e-02,3.157688295391947175e-02,2.849162909361533380e-01,4.994409079726316869e-01,-6.806646684577025708e-01,1.002752074337346505e-01,-2.552666144109032587e-01,-2.215345465168713224e-01,-1.068288353943793872e-01,5.515196351243779604e-01,-3.578657878532398584e-01,1.000247750174447364e-01,-9.937242971605578234e-02,0.000000000000000000e+00,0.000000000000000000e+00,-1.392170366400315995e+00,4.235179139552504579e-01,-2.591118057439996125e-01,-2.232166892482673193e-01,0.000000000000000000e+00,0.000000000000000000e+00,0.000000000000000000e+00,-1.327622257925423099e+00,-6.725425436910279497e-01,3.605557105987444166e-01,-5.726394582395182287e-01,0.000000000000000000e+00,0.000000000000000000e+00,0.000000000000000000e+00
3.311211652632124053e-02,-1.030470339330661567e+00,9.159776670570504153e-01,6.102123180075437470e-02,-8.662206874463691548e-04,7.884263515576480641e-01,6.120943939465023353e-01,-3.414305793610820927e-02,3.195208443910868557e-02,2.853218059475707280e-01,5.028382383368016351e-01,-6.810562035549196924e-01,9.991872035574619892e-02,-2.566562370970235651e-01,-2.213813830659611126e-01,-1.053207926354165769e-01,5.547790813361768159e-01,-3.592613602549612484e-01,9.815823265176529255e-02,-9.963091454521501300e-02,0.000000000000000000e+00,0.000000000000000000e+00,-1.391088635974404797e+00,4.266691597624384658e-01,-2.613183386018171905e-01,-2.229608035052443038e-01,0.000000000000000000e+00,0.000000000000000000e+00,0.000000000000000000e+00,-1.327881990166891235e+00,-6.727951563878977748e-01,3.625001751225487290e-01,-5.681213442988888307e-01,0.000000000000000000e+00,0.000000000000000000e+00,0.000000000000000000e+00
3.321079498109330563e-02,-1.030489217717083683e+00,9.158752817459007156e-01,6.152921746326480562e-02,-1.377379269514998183e-03,7.886083562591637008e-01,6.118080733881555711e-01,-3.431217954932543751e-02,3.239158936726601462e-02,2.843674030276323039e-01,5.058253198525162198e-01,-6.808000277708873282e-01,1.015553452432860077e-01,-2.557761638373412527e-01,-2.215690452675435074e-01,-1.057360698515904252e-01,5.562297172872159301e-01,-3.583092204903813860e-01,1.000059334604714023e-01,-9.799411359826015744e-02,0.000000000000000000e+00,0.000000000000000000e+00,-1.389553247482197662e+00,4.276363825969498045e-01,-2.654246624985907577e-01,-2.174207577542953684e-01,0.000000000000000000e+00,0.000000000000000000e+00,0.000000000000000000e+00,-1.327100071544975668e+00,-6.722938873845857310e-01,3.634593799065728437e-01,-5.646499325937477387e-01,0.000000000000000000e+00,0.000000000000000000e+00,0.000000000000000000e+00
3.331754633216171824e-02,-1.030536666234726617e+00,9.159067945703353031e-01,6.203306527130317272e-02,-1.643412133205244272e-03,7.879960199988684799e-01,6.125450762805545457e-01,-3.369137136504257724e-02,3.220821574839745349e-02,2.840796011745465588e-01,5.068663226960860024e-01,-6.796683013329445355e-01,1.036073885824345953e-01,-2.550160902687604869e-01,-2.214514680107005362e-01,-1.057574187184493059e-01,5.563278847000416860e-01,-3.583198936398235834e-01,9.878817813097555411e-02,-9.840747288431862805e-02,0.000000000000000000e+00,0.000000000000000000e+00,-1.387084862792487883e+00,4.266531793670725881e-01,-2.620033607376593410e-01,-2.144061114668117107e-01,0.000000000000000000e+00,0.000000000000000000e+00,0.000000000000000000e+00,-1.328341781605608451e+00,-6.710699434983306011e-01,3.652436738420520856e-01,-5.609941647932632502e-01,0.000000000000000000e+00,0.000000000000000000e+00,0.000000000000000000e+00
3.331399321597566798e-02,-1.030551308258052634e+00,9.159483765662974619e-01,6.227690718683795423e-02,-1.911223444205051736e-03,7.882592634153680056e-01,6.121807475705607349e-01,-3.212131105095639844e-02,3.208058347840476998e-02,2.841296461239998239e-01,5.052889792459244189e-01,-6.799644626275183068e-01,1.035391210976560755e-01,-2.531967631585598233e-01,-2.212303550416872822e-01,-1.056466917288988172e-01,5.550177526016010221e-01,-3.601811122530347853e-01,1.000917824647992727e-01,-9.815574081761643810e-02,0.000000000000000000e+00,0.000000000000000000e+00,-1.385330917367993520e+00,4.273453176406499798e-01,-2.652826634208777512e-01,-2.133312708948280623e-01,0.000000000000000000e+00,0.000000000000000000e+00,0.000000000000000000e+00,-1.328343724679298177e+00,-6.735746045821421335e-01,3.663804917029268027e-01,-5.593617992242555514e-01,0.000000000000000000e+00,0.000000000000000000e+00,0.000000000000000000e+00
3.330015545963199708e-02,-1.030458909645894705e+00,9.161971089949312308e-01,6.184676666859401095e-02,-2.044534717559976476e-03,7.883470833993693194e-01,6.121108342662608948e-01,-3.184524715825637342e-02,3.293124925845512807e-02,2.844928570304183779e-01,5.035504886695586491e-01,-6.786683755199888202e-01,1.030956889784978986e-01,-2.524462501333473163e-01,-2.205027387823697005e-01,-1.068781644193494418e-01,5.528134747639419366e-01,-3.577499875581156008e-01,9.966651881945140512e-02,-9.745324266426982907e-02,0.000000000000000000e+00,0.000000000000000000e+00,-1.382694213392539062e+00,4.232419151525654843e-01,-2.579713331803492604e-01,-2.118945807507751911e-01,0.000000000000000000e+00,0.000000000000000000e+00,0.000000000000000000e+00,-1.329009556820478943e+00,-6.759463634999389736e-01,3.684062324787167331e-01,-5.621995353283745223e-01,0.000000000000000000e+00,0.000000000000000000e+00,0.000000000000000000e+00
3.332552597585554388e-02,-1.030402574494033940e+00,9.163092979396203486e-01,6.216927324560492241e-02,-1.783889212659904751e-03,7.882640706070048742e-01,6.121858820599066497e-01,-3.034823410894776918e-02,3.108431058162756250e-02,2.834630880353265492e-01,5.006914057351273817e-01,-6.777927902871963006e-01,1.044785879938896350e-01,-2.519232229737284889e-01,-2.216432422950875003e-01,-1.071339300020585777e-01,5.518827924052582823e-01,-3.563487829994824718e-01,1.012772296103566227e-01,-9.682079088202941164e-02,0.000000000000000000e+00,0.000000000000000000e+00,-1.381327130205559639e+00,4.260685383909853519e-01,-2.611742180776114308e-01,-2.112739028285074705e-01,0.000000000000000000e+00,0.000000000000000000e+00,0.000000000000000000e+00,-1.328497520522341935e+00,-6.765658549855496640e-01,3.706596977512952584e-01,-5.615013778744877282e-01,0.000000000000000000e+00,0.000000000000000000e+00,0.000000000000000000e+00
3.336278230360896491e-02,-1.030461931252297569e+00,9.164196907621398047e-01,6.264751063121683228e-02,-1.561910101199764618e-03,7.886601880306426393e-01,6.116273029092305080e-01,-2.801554987348618339e-02,2.998495383180284357e-02,2.843686230821027561e-01,4.967124576915260548e-01,-6.772113991781834041e-01,1.024462354956695853e-01,-2.510818939136491568e-01,-2.234104706694284570e-01,-1.079083400121051972e-01,5.517315518427947652e-01,-3.555994112769231830e-01,1.031679376440489265e-01,-9.512415067077188702e-02,0.000000000000000000e+00,0.000000000000000000e+00,-1.382444354608891146e+00,4.260877302647995690e-01,-2.644241429566582258e-01,-2.097882711858316263e-01,0.000000000000000000e+00,0.000000000000000000e+00,0.000000000000000000e+00,-1.327543787450936374e+00,-6.691114573640944974e-01,3.657014451653857190e-01,-5.592144588838547925e-01,0.000000000000000000e+00,0.000000000000000000e+00,0.000000000000000000e+00
3.348432264283472681e-02,-1.030606393601001258e+00,9.159378152152546360e-01,6.309110711529705706e-02,-2.235404789672154786e-03,7.884885604630177403e-01,6.118008705349736731e-01,-2.847785568462948835e-02,3.145791368072538285e-02,2.849312068829434885e-01,5.017813855714197135e-01,-6.816060134477298638e-01,1.038051861929440295e-01,-2.517469352134517613e-01,-2.224306403409147537e-01,-1.070303290829161258e-01,5.562571758545483691e-01,-3.586384152015412163e-01,1.000190731178585146e-01,-9.774883111114029965e-02,0.000000000000000000e+00,0.000000000000000000e+00,-1.380267068590480761e+00,4.330843210792462705e-01,-2.657837320390689095e-01,-2.108604420640691202e-01,0.000000000000000000e+00,0.000000000000000000e+00,0.000000000000000000e+00,-1.329066975506768555e+00,-6.769866360934481131e-01,3.690420720292902357e-01,-5.602641042828042650e-01,0.000000000000000000e+00,0.000000000000000000e+00,0.000000000000000000e+00
3.356906853397816082e-02,-1.030746480247328734e+00,9.159560812307402378e-01,6.248903170742239194e-02,-2.606290667879714897e-03,7.888254606238628286e-01,6.114267910688695462e-01,-3.065133341467191769e-02,3.343415940014297927e-02,2.845099166107117328e-01,5.047832054194624218e-01,-6.826800333992537606e-01,1.043323314635942745e-01,-2.511516663486175749e-01,-2.206386382068850072e-01,-1.070073123291496453e-01,5.541646745376367367e-01,-3.589092408152885216e-01,1.022464823403896605e-01,-9.769476847798298780e-02,0.000000000000000000e+00,0.000000000000000000e+00,-1.379741238352414134e+00,4.309933840101187186e-01,-2.669534321825697831e-01,-2.115057025000564861e-01,0.000000000000000000e+00,0.000000000000000000e+00,0.000000000000000000e+00,-1.327758069394579632e+00,-6.741316602007564329e-01,3.678287666340001039e-01,-5.569637642652996989e-01,0.000000000000000000e+00,0.000000000000000000e+00,0.000000000000000000e+00
3.387460341612496401e-02,-1.030997378613446536e+00,9.159951946588272831e-01,6.234992804235306441e-02,-2.987374407167513787e-03,7.888389180924122446e-01,6.114218865644722722e-01,-3.269734351374404407e-02,3.427585288310443234e-02,2.822482730658666950e-01,5.078001520293433657e-01,-6.809908686341660244e-01,1.061681169953660187e-01,-2.501800080421170969e-01,-2.193494053496847229e-01,-1.079813293425265774e-01,5.524872604702601997e-01,-3.599416529319399705e-01,1.009427458867723365e-01,-9.525844542606998200e-02,0.000000000000000000e+00,0.000000000000000000e+00,-1.377417671148432943e+00,4.299234127106456027e-01,-2.702753983740007748e-01,-2.083169889591929280e-01,0.000000000000000000e+00,0.000000000000000000e+00,0.000000000000000000e+00,-1.326210911083039568e+00,-6.707097545653500914e-01,3.717884335937297613e-01,-5.555171444958024729e-01,0.000000000000000000e+00,0.000000000000000000e+00,0.000000000000000000e+00
3.423737848817532542e-02,-1.031365338899713935e+00,9.156958222512454615e-01,6.315758147952185708e-02,-3.253273482749625967e-03,7.888667596267093796e-01,6.113017026553747568e-01,-3.276528142159889495e-02,3.449663268060548793e-02,2.825864532411506702e-01,5.107358109045798678e-01,-6.833213083581772818e-01,1.056679533605180549e-01,-2.505568726306819372e-01,-2.211336898238702720e-01,-1.103326518259537259e-01,5.562238400993174681e-01,-3.606025099299621783e-01,1.011013273714026217e-01,-9.189325590599004001e-02,0.000000000000000000e+00,0.000000000000000000e+00,-1.374722612726449578e+00,4.277145693639420876e-01,-2.716300324525955934e-01,-2.050117880812833970e-01,0.000000000000000000e+00,0.000000000000000000e+00,0.000000000000000000e+00,-1.326460467914162722e+00,-6.691178293369567376e-01,3.718611102842108163e-01,-5.564042793730383796e-01,0.000000000000000000e+00,0.000000000000000000e+00,0.000000000000000000e+00
3.459057555045305654e-02,-1.031753231740913490e+00,9.153439710146130670e-01,6.398234502529073775e-02,-3.821751837616804010e-03,7.888702112875018990e-01,6.112081834213031195e-01,-3.359158333224820936e-02,3.573067738650323455e-02,2.833305195610255622e-01,5.160598331298865693e-01,-6.841839631497900198e-01,1.068794007007182467e-01,-2.512287775872302786e-01,-2.212269973973438331e-01,-1.103043774732279936e-01,5.608806106342985043e-01,-3.611546151321171072e-01,9.760258358391904476e-02,-9.098108261467881264e-02,0.000000000000000000e+00,0.000000000000000000e+00,-1.370728625113099231e+00,4.242016647807528851e-01,-2.721870029915382516e-01,-2.027050564569837787e-01,0.000000000000000000e+00,0.000000000000000000e+00,0.000000000000000000e+00,-1.323994043716184121e+00,-6.712512578459488566e-01,3.752779590852075575e-01,-5.555797270883214845e-01,0.000000000000000000e+00,0.000000000000000000e+00,0.000000000000000000e+00
3.491612135267941480e-02,-1.031928318407281608e+00,9.155348615569710580e-01,6.394680098567039062e-02,-3.683260841742403910e-03,7.891024076752531924e-01,6.109129483276565242e-01,-3.384368197828420410e-02,3.600390372105102127e-02,2.835438064718239226e-01,5.149872882059767232e-01,-6.822464126848520882e-01,1.062433919971797758e-01,-2.511227432527209924e-01,-2.218672817266527653e-01,-1.124169120286684920e-01,5.599420916965291983e-01,-3.594675356161757263e-01,9.630279665944578571e-02,-8.935203131523133946e-02,0.000000000000000000e+00,0.000000000000000000e+00,-1.368363087412151957e+00,4.198066603680521425e-01,-2.699137450165872698e-01,-2.058553590375961639e-01,0.000000000000000000e+00,0.000000000000000000e+00,0.000000000000000000e+00,-1.323133536921095255e+00,-6.682634253808423797e-01,3.752533721745953676e-01,-5.579912627520020596e-01,0.000000000000000000e+00,0.000000000000000000e+00,0.000000000000000000e+00
3.525576153135251412e-02,-1.032190828601142085e+00,9.152787393274890437e-01,6.521037412102691222e-02,-3.494963442756171372e-03,7.887563228813874172e-01,6.112273353279960020e-01,-3.183216945844667689e-02,3.474254870389154037e-02,2.851642895126270671e-01,5.146568692669524214e-01,-6.830255930500466199e-01,1.035943090607545636e-01,-2.509367932012270819e-01,-2.240133911852671689e-01,-1.122456265909593520e-01,5.627731156323364514e-01,-3.640751122112783067e-01,9.680938473259288746e-02,-8.841503321546873018e-02,0.000000000000000000e+00,0.000000000000000000e+00,-1.367036266347705142e+00,4.235421598465872739e-01,-2.692284730023098982e-01,-2.043912094595416729e-01,0.000000000000000000e+00,0.000000000000000000e+00,0.000000000000000000e+00,-1.317640853430642744e+00,-6.607601938496522331e-01,3.682890470825386786e-01,-5.533515897345230306e-01,0.000000000000000000e+00,0.000000000000000000e+00,0.000000000000000000e+00
3.550455041938802708e-02,-1.032214801421396988e+00,9.154322732759333503e-01,6.521107211984318586e-02,-3.769038569946407940e-03,7.892559134782329844e-01,6.105803906619335919e-01,-3.189294582743565365e-02,3.577150025726721916e-02,2.847540570860566111e-01,5.146053363763010147e-01,-6.807938411337618456e-01,1.026239664203706103e-01,-2.497246807319350448e-01,-2.241146543254389223e-01,-1.143367255046285058e-01,5.616026713315308561e-01,-3.619487885742970201e-01,9.728299812566877647e-02,-8.937778774179311325e-02,0.000000000000000000e+00,0.000000000000000000e+00,-1.366326450903339706e+00,4.211393272964329970e-01,-2.713164579608880467e-01,-2.070969995833387700e-01,0.000000000000000000e+00,0.000000000000000000e+00,0.000000000000000000e+00,-1.317995835496177603e+00,-6.638328302109277601e-01,3.739089290966935986e-01,-5.581045040058471018e-01,0.000000000000000000e+00,0.000000000000000000e+00,0.000000000000000000e+00
3.562367343314298135e-02,-1.032084436967980023e+00,9.156590444730031697e-01,6.437613813981299393e-02,-3.093206764542358496e-03,7.897745042558083073e-01,6.100019486342719288e-01,-3.250553294082155625e-02,3.397132635708547538e-02,2.806191982650305117e-01,5.102030241768655827e-01,-6.818854412938224474e-01,1.012635735020351174e-01,-2.496490452135584071e-01,-2.230547029373540768e-01,-1.134514495042607679e-01,5.584738602950941599e-01,-3.664632297743268818e-01,9.633946391328085390e-02,-8.817395441038149151e-02,0.000000000000000000e+00,0.000000000000000000e+00,-1.366877021766689682e+00,4.170171686055938465e-01,-2.645574312813605000e-01,-2.081944550511291847e-01,0.000000000000000000e+00,0.000000000000000000e+00,0.000000000000000000e+00,-1.318562874611074465e+00,-6.635938679855627464e-01,3.696696052202988469e-01,-5.621122368692579307e-01,0.000000000000000000e+00,0.000000000000000000e+00,0.000000000000000000e+00
3.559803681540791437e-02,-1.032122809648802875e+00,9.157134432706477423e-01,6.474510043943650095e-02,-3.689945478404678750e-03,7.899323346024539338e-01,6.097551664569738072e-01,-3.141458546327785539e-02,3.564346223218849141e-02,2.832688102516747186e-01,5.111532515325660775e-01,-6.802007951411026543e-01,1.024364772595846296e-01,-2.475663761413375297e-01,-2.235794276695008964e-01,-1.158334652085749733e-01,5.576019730459931267e-01,-3.647458145214190206e-01,9.758697755749143332e-02,-8.897880998709362110e-02,0.000000000000000000e+00,0.000000000000000000e+00,-1.365795778606624156e+00,4.175282090819539826e-01,-2.673984162554364774e-01,-2.072360253387143247e-01,0.000000000000000000e+00,0.000000000000000000e+00,0.000000000000000000e+00,-1.318532885173418823e+00,-6.707924980328089370e-01,3.722864929118264166e-01,-5.619088927585272897e-01,0.000000000000000000e+00,0.000000000000000000e+00,0.000000000000000000e+00
3.557236417081855590e-02,-1.031998974214934917e+00,9.157027552471151965e-01,6.519280506616027815e-02,-4.004460475768028757e-03,7.902248179197342015e-01,6.093263490180185205e-01,-2.966753490234402130e-02,3.469180554547994511e-02,2.809555173306182430e-01,5.100105317287605411e-01,-6.821018877368545397e-01,1.018697832001589226e-01,-2.460857350339572813e-01,-2.233195557827536426e-01,-1.149294958072301920e-01,5.577149958897480442e-01,-3.650443546247986171e-01,9.686770770526230423e-02,-8.788954917615869611e-02,0.000000000000000000e+00,0.000000000000000000e+00,-1.369268377308264117e+00,4.207236715032602881e-01,-2.723757141391784375e-01,-2.085062782948569615e-01,0.000000000000000000e+00,0.000000000000000000e+00,0.000000000000000000e+00,-1.320176367596292089e+00,-6.727980553918244677e-01,3.715353717397452127e-01,-5.620555964009562588e-01,0.000000000000000000e+00,0.000000000000000000e+00,0.000000000000000000e+00
3.564434946628836087e-02,-1.031961122505914208e+00,9.159228571506160543e-01,6.543255612680841382e-02,-4.000189538820789550e-03,7.906067792261710636e-01,6.088049767569145843e-01,-2.845821072018159953e-02,3.528856061118808979e-02,2.830860943474983182e-01,5.081767421911941307e-01,-6.787662104246087180e-01,9.940903057983362101e-02,-2.443615174272205925e-01,-2.245269441711573444e-01,-1.173443192275938352e-01,5.557797679865865703e-01,-3.636793664196008580e-01,9.609915922433327762e-02,-8.890881338853941218e-02,0.000000000000000000e+00,0.000000000000000000e+00,-1.369713485380625428e+00,4.150887059993740857e-01,-2.741871768286934241e-01,-2.121639981478576631e-01,0.000000000000000000e+00,0.000000000000000000e+00,0.000000000000000000e+00,-1.319716459117418195e+00,-6.698732032791856472e-01,3.722965996439070446e-01,-5.638268346163194389e-01,0.000000000000000000e+00,0.000000000000000000e+00,0.000000000000000000e+00
3.559122357281761101e-02,-1.031807450289976336e+00,9.161315545993576892e-01,6.443463176430429262e-02,-4.374275887206492686e-03,7.904568415121001612e-01,6.091034605439189509e-01,-2.936203036336049177e-02,3.668473263153052694e-02,2.816395705303502695e-01,5.079721147943502269e-01,-6.788829818641501923e-01,1.020907251191666143e-01,-2.426996915887384698e-01,-2.218403365476103728e-01,-1.178603052649581651e-01,5.509929535129698408e-01,-3.647809932095757990e-01,9.755041453655813322e-02,-8.757247936913958863e-02,0.000000000000000000e+00,0.000000000000000000e+00,-1.369065691772368698e+00,4.141594175579419446e-01,-2.695957350231695249e-01,-2.155331325913412699e-01,0.000000000000000000e+00,0.000000000000000000e+00,0.000000000000000000e+00,-1.317039070074498497e+00,-6.719649269929107716e-01,3.733020937468166656e-01,-5.666133891973196279e-01,0.000000000000000000e+00,0.000000000000000000e+00,0.000000000000000000e+00
3.579457419793680845e-02,-1.031621338939429311e+00,9.163015731921964058e-01,6.425634860264202441e-02,-4.218666768758637733e-03,7.904727537289847339e-01,6.091027418482598543e-01,-2.916032717888015005e-02,3.638460932252306906e-02,2.806112918721727634e-01,5.063369345688659706e-01,-6.777606196999085286e-01,1.017204196508180725e-01,-2.416005016681567197e-01,-2.211209997220406065e-01,-1.177890081261904198e-01,5.484489953341969981e-01,-3.665889341248399491e-01,9.738865145347769259e-02,-8.408312600605394316e-02,0.000000000000000000e+00,0.000000000000000000e+00,-1.367438089695649062e+00,4.112833692482081305e-01,-2.693802137611384095e-01,-2.165287143394858116e-01,0.000000000000000000e+00,0.000000000000000000e+00,0.000000000000000000e+00,-1.315728908060947999e+00,-6.664071285736736794e-01,3.743469548739243868e-01,-5.703093842271342861e-01,0.000000000000000000e+00,0.000000000000000000e+00,0.000000000000000000e+00
3.603230490678837467e-02,-1.031553772582101569e+00,9.161273661526531109e-01,6.534480636796664854e-02,-4.830905987260858056e-03,7.902846930572738904e-01,6.092264132056700587e-01,-2.785478252157867068e-02,3.730800527279205803e-02,2.820136413490551552e-01,5.093584194094080697e-01,-6.764880927113851028e-01,1.022939943585320366e-01,-2.406420515057233755e-01,-2.215177870102868762e-01,-1.176022707391294053e-01,5.511246052971179310e-01,-3.641220284395419449e-01,9.625928653254543776e-02,-8.448819193377665737e-02,0.000000000000000000e+00,0.000000000000000000e+00,-1.366032813480557273e+00,4.144363801795282742e-01,-2.725925160317401175e-01,-2.157658394217971953e-01,0.000000000000000000e+00,0.000000000000000000e+00,0.000000000000000000e+00,-1.319345025369754287e+00,-6.713707048993657889e-01,3.793899648353120102e-01,-5.729997662184510565e-01,0.000000000000000000e+00,0.000000000000000000e+00,0.000000000000000000e+00
3.634640190982024732e-02,-1.031468787780450258e+00,9.160138448023011915e-01,6.583744982807930579e-02,-4.826404516210134818e-03,7.896956020565081280e-01,6.099368755143357301e-01,-2.787473890657305581e-02,3.749476020202797966e-02,2.821878211928892655e-01,5.112266906915521325e-01,-6.751996496784402613e-01,1.006625978890043627e-01,-2.408681142174551593e-01,-2.214077423350435947e-01,-1.172058055570578960e-01,5.530380055606802792e-01,-3.671665985680505062e-01,9.300102374280821982e-02,-8.338394563694782879e-02,0.000000000000000000e+00,0.000000000000000000e+00,-1.362476476803722747e+00,4.120081445731457737e-01,-2.643362676606852424e-01,-2.143701872265617869e-01,0.000000000000000000e+00,0.000000000000000000e+00,0.000000000000000000e+00,-1.318788335143039170e+00,-6.694651930280214325e-01,3.796104187142655406e-01,-5.706105620644218446e-01,0.000000000000000000e+00,0.000000000000000000e+00,0.000000000000000000e+00
3.652982823532727880e-02,-1.031214563110322224e+00,9.160120170805500228e-01,6.575185147063028479e-02,-4.448970656972354998e-03,7.901704401819139578e-01,6.093337149304954847e-01,-2.742799453163889678e-02,3.691446075124384801e-02,2.818275310172760340e-01,5.093085465642734899e-01,-6.759881319015944579e-01,9.973749124988852410e-02,-2.413071993088432288e-01,-2.214681488298633760e-01,-1.161808381319413136e-01,5.537499722022161119e-01,-3.683316519454830074e-01,9.432967017558564760e-02,-8.437047347257646546e-02,0.000000000000000000e+00,0.000000000000000000e+00,-1.364786602648821345e+00,4.158925793796851567e-01,-2.635646037917113715e-01,-2.166651994019493377e-01,0.000000000000000000e+00,0.000000000000000000e+00,0.000000000000000000e+00,-1.315373611878801974e+00,-6.657847361714713808e-01,3.759406200101499951e-01,-5.679672141315849077e-01,0.000000000000000000e+00,0.000000000000000000e+00,0.000000000000000000e+00
3.669073773762219354e-02,-1.031123083903022319e+00,9.157059617891056824e-01,6.630204214563818754e-02,-4.634659765163001710e-03,7.893774532954073164e-01,6.102997586145978426e-01,-2.735054061130240410e-02,3.672894461705316499e-02,2.816788753552039171e-01,5.125180122767486468e-01,-6.778615029929325742e-01,1.025054450502936448e-01,-2.423035978078711405e-01,-2.212334704205464186e-01,-1.151735628811847573e-01,5.576103844787083652e-01,-3.718154945749982399e-01,9.125678534901435213e-02,-8.477121148261468342e-02,0.000000000000000000e+00,0.000000000000000000e+00,-1.360903309505613556e+00,4.159143671394655573e-01,-2.650315097430575029e-01,-2.159238982985579314e-01,0.000000000000000000e+00,0.000000000000000000e+00,0.000000000000000000e+00,-1.315639188651949620e+00,-6.672531966821374505e-01,3.778319559407580797e-01,-5.660412526135640832e-01,0.000000000000000000e+00,0.000000000000000000e+00,0.000000000000000000e+00
3.654371394003515239e-02,-1.030900966521259399e+00,9.157449658399328118e-01,6.555077955999616401e-02,-4.846492503834442037e-03,7.888498633687185402e-01,6.110609624846291554e-01,-2.786157043682667422e-02,3.786904669276089375e-02,2.814978605976803383e-01,5.129183461919664122e-01,-6.795143835767131213e-01,1.026614377838587916e-01,-2.427953996924486491e-01,-2.197774756615315517e-01,-1.156096092899309286e-01,5.564954286332279842e-01,-3.709083814288355874e-01,9.312390165449435653e-02,-8.716189636447210787e-02,0.000000000000000000e+00,0.000000000000000000e+00,-1.360703074214695940e+00,4.168168817868883047e-01,-2.629685619209104486e-01,-2.205051941621847256e-01,0.000000000000000000e+00,0.000000000000000000e+00,0.000000000000000000e+00,-1.314316696768258685e+00,-6.679460250643244335e-01,3.767923250476173935e-01,-5.654284081234786097e-01,0.000000000000000000e+00,0.000000000000000000e+00,0.000000000000000000e+00
3.638102467008345192e-02,-1.030643602566572392e+00,9.159902661160597148e-01,6.438246546696242689e-02,-4.913827230955361558e-03,7.889051360986187866e-01,6.111132781077164289e-01,-2.874572358159281985e-02,3.906844976437656713e-02,2.808740294194654319e-01,5.112703652965754353e-01,-6.793961393949464744e-01,1.021519431053932725e-01,-2.429535950401958411e-01,-2.172182099642986364e-01,-1.143684747257809053e-01,5.531213163612231920e-01,-3.675844242353321634e-01,9.580314623033971133e-02,-8.563710066620722205e-02,0.000000000000000000e+00,0.000000000000000000e+00,-1.360485378628087716e+00,4.129265591680448266e-01,-2.612027593952989113e-01,-2.228980798041596267e-01,0.000000000000000000e+00,0.000000000000000000e+00,0.000000000000000000e+00,-1.312747303444760094e+00,-6.677550594801354711e-01,3.785230291617917575e-01,-5.680049111064939815e-01,0.000000000000000000e+00,0.000000000000000000e+00,0.000000000000000000e+00
3.643117452340233903e-02,-1.030650078025889815e+00,9.162047377717674745e-01,6.433867863330783310e-02,-5.336335181995334812e-03,7.891035049110596278e-01,6.108581803460001458e-01,-2.909762142890389564e-02,3.925099042578950037e-02,2.783921327898368769e-01,5.119155257673093651e-01,-6.767557508948232048e-01,1.048811318665718584e-01,-2.397311804443963690e-01,-2.161800216429559385e-01,-1.154381822517415446e-01,5.484832105418733228e-01,-3.692028602782378433e-01,9.592929141417970429e-02,-8.446529560375466705e-02,0.000000000000000000e+00,0.000000000000000000e+00,-1.354867452250648752e+00,4.085888533440805159e-01,-2.592964659030390639e-01,-2.216546902613929781e-01,0.000000000000000000e+00,0.000000000000000000e+00,0.000000000000000000e+00,-1.309839769533321041e+00,-6.642046283540965490e-01,3.758922683436376477e-01,-5.653272246507307086e-01,0.000000000000000000e+00,0.000000000000000000e+00,0.000000000000000000e+00
3.638647502735734701e-02,-1.030546827324102965e+00,9.162901361834649983e-01,6.501348879764179411e-02,-5.627633779185823443e-03,7.889075566636533088e-01,6.110371863081582866e-01,-2.635687929376429040e-02,3.948231174106735242e-02,2.806996617466097632e-01,5.102572027257159526e-01,-6.761329196100676064e-01,1.029110901622636437e-01,-2.379754462383892044e-01,-2.167410462393802029e-01,-1.159259371688021872e-01,5.479836368171531191e-01,-3.676912229868792292e-01,9.427278040776766732e-02,-8.526208576032316688e-02,0.000000000000000000e+00,0.000000000000000000e+00,-1.354002389148633023e+00,4.122712731028299049e-01,-2.600700343051309815e-01,-2.262167742344941002e-01,0.000000000000000000e+00,0.000000000000000000e+00,0.000000000000000000e+00,-1.311323295162592384e+00,-6.651859461170839261e-01,3.751672365031011314e-01,-5.692557581139959799e-01,0.000000000000000000e+00,0.000000000000000000e+00,0.000000000000000000e+00
3.646950870834386738e-02,-1.030422184257048679e+00,9.165006777966949736e-01,6.439818535568547775e-02,-5.670274782588725915e-03,7.895101305892207044e-01,6.103232548443293659e-01,-2.764838732703951696e-02,4.098884000116173598e-02,2.807577903511269679e-01,5.104196656228777718e-01,-6.736268847315015629e-01,1.030332166684605200e-01,-2.375264417425524133e-01,-2.158485236280661690e-01,-1.168344215329149560e-01,5.457015029905383230e-01,-3.638655272365203808e-01,9.368538726607375522e-02,-8.537351025659796477e-02,0.000000000000000000e+00,0.000000000000000000e+00,-1.351338183440174978e+00,4.041828932183582634e-01,-2.585369058759561800e-01,-2.299495016162216299e-01,0.000000000000000000e+00,0.000000000000000000e+00,0.000000000000000000e+00,-1.309183594849471666e+00,-6.632473535407796827e-01,3.784267743475217549e-01,-5.727684510942772089e-01,0.000000000000000000e+00,0.000000000000000000e+00,0.000000000000000000e+00
3.650890481033011031e-02,-1.030362819947483910e+00,9.162410746856213262e-01,6.464821426464206766e-02,-6.020667876754117603e-03,7.887081980513629409e-01,6.113294842204833879e-01,-2.660320382956112353e-02,4.164228250555324085e-02,2.821575014630705036e-01,5.117274210174295179e-01,-6.767876878684012665e-01,1.034808909921033637e-01,-2.375368349335917340e-01,-2.146243346435807997e-01,-1.150792124919457760e-01,5.473006939383076030e-01,-3.685899065193873336e-01,9.510863180640975745e-02,-8.440569377054293887e-02,0.000000000000000000e+00,0.000000000000000000e+00,-1.349596558487778486e+00,4.053578401982894652e-01,-2.602242953901263700e-01,-2.345853905878404200e-01,0.000000000000000000e+00,0.000000000000000000e+00,0.000000000000000000e+00,-1.306416784613964710e+00,-6.616334922424664811e-01,3.790131090022130778e-01,-5.723717407631911946e-01,0.000000000000000000e+00,0.000000000000000000e+00,0.000000000000000000e+00
3.684684944177524235e-02,-1.030344169669374699e+00,9.156966601454644694e-01,6.629052574293151090e-02,-6.392464316471959361e-03,7.880665707763930827e-01,6.119769461519152243e-01,-2.575308606295732133e-02,4.102542112486328579e-02,2.819584776354828737e-01,5.173065510667141931e-01,-6.788646591629589055e-01,1.037625509649835742e-01,-2.380189818143268465e-01,-2.156042015258693711e-01,-1.132066051902581860e-01,5.541812565334188756e-01,-3.727962157482374583e-01,9.224151587980594647e-02,-8.418065651778322556e-02,0.000000000000000000e+00,0.000000000000000000e+00,-1.345615564169219569e+00,4.101776250373173616e-01,-2.612622471174260164e-01,-2.322478285136561904e-01,0.000000000000000000e+00,0.000000000000000000e+00,0.000000000000000000e+00,-1.307046405845917247e+00,-6.621523788213463657e-01,3.800504527854669523e-01,-5.702369364286361542e-01,0.000000000000000000e+00,0.000000000000000000e+00,0.000000000000000000e+00
3.692702846867130378e-02,-1.030058439168184847e+00,9.158546231401343274e-01,6.541981296916410393e-02,-6.296800219698612568e-03,7.881796712559192564e-01,6.119259793447108242e-01,-2.589826344613358963e-02,4.270277860524358121e-02,2.835070137141457169e-01,5.157580428704908737e-01,-6.802489754486155116e-01,1.007062997827182504e-01,-2.374490602170282461e-01,-2.146892590336012818e-01,-1.147724178764023134e-01,5.512417074536152262e-01,-3.746680584604594189e-01,9.495627307276330309e-02,-8.506617987372303014e-02,0.000000000000000000e+00,0.000000000000000000e+00,-1.347757298860563502e+00,4.100669396251035992e-01,-2.628008302553992426e-01,-2.365142770895247715e-01,0.000000000000000000e+00,0.000000000000000000e+00,0.000000000000000000e+00,-1.307714411007684374e+00,-6.648917143182627720e-01,3.811151905717622967e-01,-5.721021623066467887e-01,0.000000000000000000e+00,0.000000000000000000e+00,0.000000000000000000e+00
3.723781235648909727e-02,-1.029907887244258191e+00,9.159653302617136728e-01,6.549524722218437456e-02,-6.065034450626073312e-03,7.881679582480634050e-01,6.119353377110171577e-01,-2.659489463157903993e-02,4.175078711031547651e-02,2.803480311694443450e-01,5.155329092550521297e-01,-6.770768479375347537e-01,9.872580797463555158e-02,-2.369864335530431909e-01,-2.144114620001451033e-01,-1.144245218183014834e-01,5.500675283785304570e-01,-3.752320904354408682e-01,9.372729456229193790e-02,-8.290736910922241742e-02,0.000000000000000000e+00,0.000000000000000000e+00,-1.346385732331588647e+00,4.086761763056148689e-01,-2.653159499458143666e-01,-2.365602396704833688e-01,0.000000000000000000e+00,0.000000000000000000e+00,0.000000000000000000e+00,-1.307762606193557442e+00,-6.640104677859913762e-01,3.812870860981375509e-01,-5.731197538297836402e-01,0.000000000000000000e+00,0.000000000000000000e+00,0.000000000000000000e+00
3.736375013724936578e-02,-1.029770256586036048e+00,9.160258003417705019e-01,6.534574076279318910e-02,-5.742326938211663595e-03,7.881634578153030590e-01,6.119602304154423411e-01,-2.579159313847397689e-02,4.088557359635624361e-02,2.801670535140988738e-01,5.128756844492912137e-01,-6.777404227747408916e-01,1.014871309537638822e-01,-2.383895341002522372e-01,-2.133070222514992231e-01,-1.113444576485511928e-01,5.510905467207789510e-01,-3.739692384151240834e-01,9.228038589155285187e-02,-8.428284747015274414e-02,0.000000000000000000e+00,0.000000000000000000e+00,-1.344980814209148612e+00,4.052642674841601678e-01,-2.616041898306100677e-01,-2.384070711355499861e-01,0.000000000000000000e+00,0.000000000000000000e+00,0.000000000000000000e+00,-1.304428187494709013e+00,-6.593130516609940761e-01,3.773528183363720756e-01,-5.723772307963596040e-01,0.000000000000000000e+00,0.000000000000000000e+00,0.000000000000000000e+00
3.761695566842874344e-02,-1.029850416656961309e+00,9.159126036497439172e-01,6.654485378904236026e-02,-5.899505865756214315e-03,7.877969857861111258e-01,6.123013044662343196e-01,-2.448789266221283040e-02,4.033591383694230120e-02,2.808777608656547464e-01,5.141395804708297490e-01,-6.747446790407045647e-01,1.002936700661396785e-01,-2.378768698224329736e-01,-2.155104632933968478e-01,-1.129276281166336909e-01,5.540054265852231152e-01,-3.734977498420505304e-01,9.156635989221392768e-02,-8.385569515181556799e-02,0.000000000000000000e+00,0.000000000000000000e+00,-1.341681792467247947e+00,4.082080021731330222e-01,-2.605333408533908601e-01,-2.398991518444714699e-01,0.000000000000000000e+00,0.000000000000000000e+00,0.000000000000000000e+00,-1.301502066783850164e+00,-6.587056840576261951e-01,3.762053636964592940e-01,-5.715690319497112037e-01,0.000000000000000000e+00,0.000000000000000000e+00,0.000000000000000000e+00
3.763320199754649487e-02,-1.029693759173373691e+00,9.158111056764713931e-01,6.628585942548829990e-02,-5.686003997918447767e-03,7.882069526161571416e-01,6.118036074152477521e-01,-2.453553341471032684e-02,4.019051691933174519e-02,2.810584613411042376e-01,5.135591352178158209e-01,-6.777044928981756922e-01,1.018754303716977588e-01,-2.388975477355660404e-01,-2.160095752020017579e-01,-1.135996480208033704e-01,5.558215771519101622e-01,-3.747378241051658176e-01,9.216494646933968971e-02,-8.303224434692001166e-02,0.000000000000000000e+00,0.000000000000000000e+00,-1.342997215917071108e+00,4.095534919256235140e-01,-2.660919742511421160e-01,-2.422253510288313871e-01,0.000000000000000000e+00,0.000000000000000000e+00,0.000000000000000000e+00,-1.299148019047715819e+00,-6.601560066682705674e-01,3.766869611003472174e-01,-5.726959698115032804e-01,0.000000000000000000e+00,0.000000000000000000e+00,0.000000000000000000e+00
3.766909781362366011e-02,-1.029699058584425009e+00,9.155924198408450509e-01,6.603459232564218295e-02,-5.780244877509639091e-03,7.880378806945376180e-01,6.120476451845917598e-01,-2.589240504963258305e-02,4.119257605488048368e-02,2.814423635609271113e-01,5.162977706301336012e-01,-6.798493587561477147e-01,1.014575853701905200e-01,-2.394653515645462361e-01,-2.151872972533536155e-01,-1.133734394717760829e-01,5.567626143994071075e-01,-3.789919185717328109e-01,9.159229050705841590e-02,-8.044781640233733544e-02,0.000000000000000000e+00,0.000000000000000000e+00,-1.342161471162202968e+00,4.118308814184551414e-01,-2.643303004424784053e-01,-2.457933281977438544e-01,0.000000000000000000e+00,0.000000000000000000e+00,0.000000000000000000e+00,-1.297232791978036870e+00,-6.630395266293279688e-01,3.764368949289370603e-01,-5.741994759094176670e-01,0.000000000000000000e+00,0.000000000000000000e+00,0.000000000000000000e+00
3.758103017118692019e-02,-1.029897655768282183e+00,9.156059209114846276e-01,6.665438886838322141e-02,-6.153973499527723087e-03,7.875080970433516736e-01,6.126584024935172179e-01,-2.471920742662277876e-02,4.131982196434968307e-02,2.826785812346247484e-01,5.169440158084054326e-01,-6.787293042043539559e-01,1.017200526791139231e-01,-2.401036064027808059e-01,-2.154037978434693579e-01,-1.120780799981949544e-01,5.587193613291389083e-01,-3.725533502538425079e-01,9.217259721600254418e-02,-8.371204052805202023e-02,0.000000000000000000e+00,0.000000000000000000e+00,-1.337901116734488083e+00,4.089294305667261487e-01,-2.601878634731045747e-01,-2.462555292592522038e-01,0.000000000000000000e+00,0.000000000000000000e+00,0.000000000000000000e+00,-1.294013841003706977e+00,-6.610769498357806917e-01,3.729981355372506968e-01,-5.738145926496475147e-01,0.000000000000000000e+00,0.000000000000000000e+00,0.000000000000000000e+00
3.751354632308240289e-02,-1.029860786524058769e+00,9.159086019984792326e-01,6.550228895306217658e-02,-5.836010701540726535e-03,7.877368493796793603e-01,6.124916711681700487e-01,-2.592431334561609915e-02,4.170798959433041908e-02,2.818876246698485133e-01,5.144434466568201803e-01,-6.782252483897994733e-01,1.014132759635539144e-01,-2.392719400754548809e-01,-2.142379427501860112e-01,-1.136244980606721383e-01,5.535186827404596777e-01,-3.752198144504478861e-01,9.123822213126280001e-02,-8.201159571956623262e-02,0.000000000000000000e+00,0.000000000000000000e+00,-1.336315195357787200e+00,4.051930317802948101e-01,-2.588305753819777899e-01,-2.509374656749348009e-01,0.000000000000000000e+00,0.000000000000000000e+00,0.000000000000000000e+00,-1.292062765091102516e+00,-6.609725555460813640e-01,3.715661270813770400e-01,-5.795654665261356087e-01,0.000000000000000000e+00,0.000000000000000000e+00,0.000000000000000000e+00
3.749899545355044744e-02,-1.030093940304312117e+00,9.158686659767003579e-01,6.583378257456962146e-02,-6.552016231583761632e-03,7.871563703068039652e-01,6.131947756142768213e-01,-2.548974724382317356e-02,4.308616139012913515e-02,2.832923585600137240e-01,5.166120995574124963e-01,-6.773808827920370090e-01,1.027123461980671698e-01,-2.379146781353344564e-01,-2.139012792651804884e-01,-1.147626422751943653e-01,5.525491164479440220e-01,-3.735679231277319601e-01,9.418864441445956581e-02,-8.072414534994416802e-02,0.000000000000000000e+00,0.000000000000000000e+00,-1.335622310060134987e+00,4.067655894337767752e-01,-2.565787324794334689e-01,-2.532242060749898549e-01,0.000000000000000000e+00,0.000000000000000000e+00,0.000000000000000000e+00,-1.289020823857399023e+00,-6.595106539641133470e-01,3.710229735712666232e-01,-5.793174806717502623e-01,0.000000000000000000e+00,0.000000000000000000e+00,0.000000000000000000e+00
3.751422221370590004e-02,-1.030215230787191016e+00,9.158940239589751231e-01,6.563154517536499977e-02,-6.807667414709721310e-03,7.871147709499806133e-01,6.132670652290278523e-01,-2.564395709505138538e-02,4.413104574754354165e-02,2.840749506479833264e-01,5.169549646014708344e-01,-6.774246601131513890e-01,1.032690422036030981e-01,-2.387020425666405710e-01,-2.121980517361153340e-01,-1.123418204296408457e-01,5.525329225360096075e-01,-3.686040526978492937e-01,9.401297962157163790e-02,-8.286049032124008507e-02,0.000000000000000000e+00,0.000000000000000000e+00,-1.336121591895329308e+00,4.051547508467470138e-01,-2.543824167845770146e-01,-2.580117396934067386e-01,0.000000000000000000e+00,0.000000000000000000e+00,0.000000000000000000e+00,-1.286302143824260558e+00,-6.532948461270442486e-01,3.684981503413474746e-01,-5.783196407231773195e-01,0.000000000000000000e+00,0.000000000000000000e+00,0.000000000000000000e+00
3.779682638875341005e-02,-1.030108118717577570e+00,9.161827677923096713e-01,6.470847210981339748e-02,-6.118320248509901034e-03,7.876358945335725226e-01,6.127030907681548788e-01,-2.699142831989131963e-02,4.412707506749705133e-02,2.827409067169296408e-01,5.137604266023628741e-01,-6.760168135989382820e-01,9.860481898676552726e-02,-2.386106820795184935e-01,-2.112011918932811816e-01,-1.126153307854848018e-01,5.485811242213284311e-01,-3.712740103622751420e-01,9.164559760069067307e-02,-8.227862818701950354e-02,0.000000000000000000e+00,0.000000000000000000e+00,-1.336690405224547185e+00,4.053742016411169824e-01,-2.528050809241490504e-01,-2.649747198608424226e-01,0.000000000000000000e+00,0.000000000000000000e+00,0.000000000000000000e+00,-1.285914204952314899e+00,-6.499781814186877948e-01,3.677231010865707472e-01,-5.849829779741623215e-01,0.000000000000000000e+00,0.000000000000000000e+00,0.000000000000000000e+00
3.823166775538615336e-02,-1.030345439226643123e+00,9.157921985105511586e-01,6.545123673633573835e-02,-5.815358950902660938e-03,7.880952873518221047e-01,6.120360571598749688e-01,-2.866175484660422185e-02,4.258583329620931057e-02,2.802625736300271564e-01,5.173650712335596813e-01,-6.772504534990489988e-01,1.021381543954073962e-01,-2.397815395495597468e-01,-2.144096303433020156e-01,-1.160265266033462389e-01,5.535269291347560960e-01,-3.752072430531362968e-01,9.076535273794511527e-02,-7.800826566038265852e-02,0.000000000000000000e+00,0.000000000000000000e+00,-1.332807089759550756e+00,4.014294066557300700e-01,-2.520360981638896658e-01,-2.632914476838796869e-01,0.000000000000000000e+00,0.000000000000000000e+00,0.000000000000000000e+00,-1.284217827240859977e+00,-6.427724103821151891e-01,3.598244213739462682e-01,-5.866192275998335370e-01,0.000000000000000000e+00,0.000000000000000000e+00,0.000000000000000000e+00
3.848141004866014597e-02,-1.030512622931888167e+00,9.155909948727587455e-01,6.595418201268270220e-02,-6.457696421780637075e-03,7.880582416808745716e-01,6.120233261492656895e-01,-2.972770303148746657e-02,4.308512723585417037e-02,2.782695308374599219e-01,5.219868726087429911e-01,-6.775396939130902130e-01,1.059559056031971758e-01,-2.404210777577230618e-01,-2.127012666546777564e-01,-1.134009640945347758e-01,5.571045997427991336e-01,-3.739869082546968815e-01,8.746695448956369467e-02,-7.750990491823536721e-02,0.000000000000000000e+00,0.000000000000000000e+00,-1.329763682276486891e+00,3.971086310745663428e-01,-2.599249488325764967e-01,-2.639866571342309176e-01,0.000000000000000000e+00,0.000000000000000000e+00,0.000000000000000000e+00,-1.282644011253560867e+00,-6.430683489090586180e-01,3.710515595204273431e-01,-5.880159288095383463e-01,0.000000000000000000e+00,0.000000000000000000e+00,0.000000000000000000e+00
3.866137160418182256e-02,-1.030794828175222166e+00,9.158782281134376646e-01,6.636385029781795286e-02,-6.548855796260143018e-03,7.881421060536976109e-01,6.118700617996033486e-01,-2.855589728394522520e-02,4.395773866304514277e-02,2.805736590805170128e-01,5.199652814505848486e-01,-6.727574644610360144e-01,1.009319837664163638e-01,-2.389686476526999281e-01,-2.139140753237966097e-01,-1.156210992353493422e-01,5.551934661916859692e-01,-3.704485394703458390e-01,8.853996608408204461e-02,-7.830539400187494503e-02,0.000000000000000000e+00,0.000000000000000000e+00,-1.326288859891901373e+00,3.914005744605291159e-01,-2.522364441304423832e-01,-2.647311157434618090e-01,0.000000000000000000e+00,0.000000000000000000e+00,0.000000000000000000e+00,-1.282263284422306082e+00,-6.386831167261053377e-01,3.657015346217797891e-01,-5.901034670129889914e-01,0.000000000000000000e+00,0.000000000000000000e+00,0.000000000000000000e+00
3.868460157776700686e-02,-1.030824947529056290e+00,9.161047443690817360e-01,6.597771812148003900e-02,-5.968836994276183888e-03,7.881578975182160773e-01,6.118974115618427412e-01,-2.772448477959658930e-02,4.230730324321736735e-02,2.796317910770946824e-01,5.151433497414874552e-01,-6.735569215481516103e-01,1.006587846648678702e-01,-2.388657946573450042e-01,-2.133237104515071092e-01,-1.136891772508870496e-01,5.519962929123392037e-01,-3.720103795475695474e-01,9.014755786492667511e-02,-7.810457726270861323e-02,0.000000000000000000e+00,0.000000000000000000e+00,-1.328873355574390569e+00,3.963160633860347004e-01,-2.524675379080492665e-01,-2.713045379359731446e-01,0.000000000000000000e+00,0.000000000000000000e+00,0.000000000000000000e+00,-1.279395000013259009e+00,-6.360042692770020434e-01,3.614112207973323443e-01,-5.945251528635171478e-01,0.000000000000000000e+00,0.000000000000000000e+00,0.000000000000000000e+00
3.870357593992771600e-02,-1.031159811002601456e+00,9.161053399499347050e-01,6.660531170759019515e-02,-6.496918771209493799e-03,7.883458594448945478e-01,6.115818247748253667e-01,-2.652963296156004430e-02,4.258722656469611512e-02,2.803458107649235975e-01,5.153621179212978243e-01,-6.722509279694067752e-01,1.015990198914457354e-01,-2.372400084347285332e-01,-2.139794541515296911e-01,-1.150221195371368132e-01,5.519719784844243637e-01,-3.710759715548048177e-01,9.015950630021295209e-02,-7.708131422643541009e-02,0.000000000000000000e+00,0.000000000000000000e+00,-1.324833988763499670e+00,3.949679654947101937e-01,-2.570634781190286322e-01,-2.702783905438084777e-01,0.000000000000000000e+00,0.000000000000000000e+00,0.000000000000000000e+00,-1.279753734446316349e+00,-6.407514718455971092e-01,3.619985078171857329e-01,-5.952497945491436182e-01,0.000000000000000000e+00,0.000000000000000000e+00,0.000000000000000000e+00
3.855539442380631621e-02,-1.031287158059119635e+00,9.161782451970336139e-01,6.614857400676940613e-02,-6.488897273096800797e-03,7.883162168886979071e-01,6.116696841918364269e-01,-2.682682479239300449e-02,4.221644992122999124e-02,2.793373399670059376e-01,5.141818713419447073e-01,-6.740103546421235547e-01,1.031924662735405895e-01,-2.373148080574327412e-01,-2.132776682369965648e-01,-1.145111201620690189e-01,5.501718585744513890e-01,-3.701942719078359367e-01,9.368768106703773135e-02,-7.539213628451360560e-02,0.000000000000000000e+00,0.000000000000000000e+00,-1.325939535236011269e+00,3.958920363839199541e-01,-2.613033081251879830e-01,-2.693628470845206846e-01,0.000000000000000000e+00,0.000000000000000000e+00,0.000000000000000000e+00,-1.276975353179286010e+00,-6.404590361621955719e-01,3.650568055819891078e-01,-5.962264117812091646e-01,0.000000000000000000e+00,0.000000000000000000e+00,0.000000000000000000e+00
3.852643914186784646e-02,-1.031470174845594778e+00,9.164656091098914992e-01,6.564309055769687595e-02,-6.575391145132761586e-03,7.887777304925858157e-01,6.111280068629546536e-01,-2.726010054324171095e-02,4.274352880501236518e-02,2.787713996876262090e-01,5.124594554769759114e-01,-6.721038894078809056e-01,1.030769797444402586e-01,-2.357103514090364005e-01,-2.123289450859624505e-01,-1.151982082791014328e-01,5.457757533539897565e-01,-3.691801282853824917e-01,9.376475294253865111e-02,-7.462633687878268696e-02,0.000000000000000000e+00,0.000000000000000000e+00,-1.325820994146276188e+00,3.984238816474049427e-01,-2.576610866044724557e-01,-2.684125690181521917e-01,0.000000000000000000e+00,0.000000000000000000e+00,0.000000000000000000e+00,-1.275865793439540097e+00,-6.411147787179442004e-01,3.615786910394306886e-01,-5.988071307228510776e-01,0.000000000000000000e+00,0.000000000000000000e+00,0.000000000000000000e+00
3.865440853446552860e-02,-1.031805241443885413e+00,9.162655831289150399e-01,6.650362098492035301e-02,-7.150432388402662431e-03,7.879943252207834981e-01,6.120384654026204130e-01,-2.647544702204938927e-02,4.352646099451369655e-02,2.807368033911021299e-01,5.154048266896698038e-01,-6.723597634304493420e-01,1.031588494045644622e-01,-2.347354770700408599e-01,-2.132342341612281089e-01,-1.174170353601166894e-01,5.470715462145316899e-01,-3.708480595691817094e-01,9.227892699916502572e-02,-7.094121359596000653e-02,0.000000000000000000e+00,0.000000000000000000e+00,-1.322284221204091503e+00,3.987364648802331768e-01,-2.605991428601092119e-01,-2.650133596386377022e-01,0.000000000000000000e+00,0.000000000000000000e+00,0.000000000000000000e+00,-1.276541524462587507e+00,-6.434372684525613284e-01,3.709319209356082281e-01,-6.012380494860873892e-01,0.000000000000000000e+00,0.000000000000000000e+00,0.000000000000000000e+00
3.877543712739047604e-02,-1.032012197408103349e+00,9.164212232654386225e-01,6.663081656125370567e-02,-7.412694914964325713e-03,7.887204988731971733e-01,6.110853957473478815e-01,-2.666666843954441923e-02,4.426259623068919125e-02,2.805507017777976175e-01,5.156052460553173233e-01,-6.701443620903791976e-01,1.034667767142888328e-01,-2.338164374934172396e-01,-2.128400250434311913e-01,-1.171835049454146016e-01,5.461173655414672812e-01,-3.672268758957894508e-01,9.118129280526743319e-02,-7.375815422484428840e-02,0.000000000000000000e+00,0.000000000000000000e+00,-1.319873620936472314e+00,3.959338366968702116e-01,-2.596851192925743734e-01,-2.689708680956057751e-01,0.000000000000000000e+00,0.000000000000000000e+00,0.000000000000000000e+00,-1.277897357634028008e+00,-6.439144375645184937e-01,3.721079113220180368e-01,-6.006998694182723586e-01,0.000000000000000000e+00,0.000000000000000000e+00,0.000000000000000000e+00
3.886737680953240848e-02,-1.032285867404428403e+00,9.163752650646509457e-01,6.715791684782017323e-02,-7.853011424846248478e-03,7.880368966659483387e-01,6.119035822001074321e-01,-2.555755013516222349e-02,4.487062510353524020e-02,2.821536763799917802e-01,5.163330186997158178e-01,-6.698965652869489640e-01,1.025561040209557323e-01,-2.326319093163491947e-01,-2.123061618718884713e-01,-1.166913672114715250e-01,5.452978814299622723e-01,-3.679235505217851032e-01,9.203175095073364009e-02,-7.190137900821566563e-02,0.000000000000000000e+00,0.000000000000000000e+00,-1.317267324809743290e+00,3.989261662263874908e-01,-2.583884662359740014e-01,-2.701466146724006423e-01,0.000000000000000000e+00,0.000000000000000000e+00,0.000000000000000000e+00,-1.278944736396879334e+00,-6.460279742650265611e-01,3.749158326082019932e-01,-6.013572068681560800e-01,0.000000000000000000e+00,0.000000000000000000e+00,0.000000000000000000e+00
3.919067097726717380e-02,-1.032317132569517959e+00,9.167087762755443681e-01,6.693841685208322401e-02,-6.834694138090178714e-03,7.880370982631728083e-01,6.119395942953305134e-01,-2.526084455993433953e-02,4.245650404015113150e-02,2.802558919529954951e-01,5.107872312332399911e-01,-6.669260054322665443e-01,9.957578612063376633e-02,-2.329468089801889630e-01,-2.136897425429007680e-01,-1.182693591529191401e-01,5.426213976380298565e-01,-3.698420619983720514e-01,9.025840718651445549e-02,-7.080749710342292003e-02,0.000000000000000000e+00,0.000000000000000000e+00,-1.315724353964587978e+00,3.939021107383327558e-01,-2.540407949736804283e-01,-2.730933568521752286e-01,0.000000000000000000e+00,0.000000000000000000e+00,0.000000000000000000e+00,-1.278129865835123891e+00,-6.415181255281406925e-01,3.741048062006481212e-01,-6.048926438387490778e-01,0.000000000000000000e+00,0.000000000000000000e+00,0.000000000000000000e+00
3.937616957745206786e-02,-1.032345387502777267e+00,9.169362695187125434e-01,6.672601118131896158e-02,-6.900642419253266019e-03,7.879192566268582443e-01,6.121137685125298544e-01,-2.566903253289869874e-02,4.253021477528149547e-02,2.790294503592837816e-01,5.099161086624609540e-01,-6.633279648846723831e-01,1.012089662972646964e-01,-2.319490695240212785e-01,-2.123632655546977555e-01,-1.175456253527727701e-01,5.396129755926054594e-01,-3.692031516880222575e-01,9.105522126997446508e-02,-6.996357518672229048e-02,0.000000000000000000e+00,0.000000000000000000e+00,-1.313248057740431740e+00,3.934072378451613505e-01,-2.554759419915921814e-01,-2.740190936259020438e-01,0.000000000000000000e+00,0.000000000000000000e+00,0.000000000000000000e+00,-1.275835622330533381e+00,-6.448485817125363395e-01,3.777242311059819668e-01,-6.064962809522240761e-01,0.000000000000000000e+00,0.000000000000000000e+00,0.000000000000000000e+00
3.944372797806761088e-02,-1.032383503128848856e+00,9.169957247855710092e-01,6.593292840958613066e-02,-6.932066520482836267e-03,7.882171637142639797e-01,6.118157387901461686e-01,-2.717470205912665346e-02,4.353647031637457310e-02,2.784644443428004323e-01,5.101054033284395661e-01,-6.640946458228116356e-01,1.034192615755539363e-01,-2.319130148420575632e-01,-2.111913100901846030e-01,-1.182414945060897282e-01,5.374110855752107785e-01,-3.688613694222229733e-01,9.346646312335775419e-02,-7.091799324359132628e-02,0.000000000000000000e+00,0.000000000000000000e+00,-1.310637670177983605e+00,3.907843779412096819e-01,-2.519268425839937264e-01,-2.738205976328157987e-01,0.000000000000000000e+00,0.000000000000000000e+00,0.000000000000000000e+00,-1.273874218750054688e+00,-6.486381778968137723e-01,3.730509363724032745e-01,-6.066567834759483135e-01,0.000000000000000000e+00,0.000000000000000000e+00,0.000000000000000000e+00
3.977293343290636690e-02,-1.032562768324860158e+00,9.168830600982982304e-01,6.677390373917835298e-02,-6.874633708840867732e-03,7.880333733564623966e-01,6.119619168438777956e-01,-2.738351893920502877e-02,4.285993744089948432e-02,2.781033084156094293e-01,5.121838983153010894e-01,-6.627127061066899749e-01,1.034837162701438967e-01,-2.325821155506664906e-01,-2.120117459010641969e-01,-1.177038467942502220e-01,5.404049267510697696e-01,-3.688917995606987854e-01,8.860118728622609630e-02,-6.948106702043368998e-02,0.000000000000000000e+00,0.000000000000000000e+00,-1.302960650685122790e+00,3.833091803970418154e-01,-2.502130337507085800e-01,-2.705471873573237485e-01,0.000000000000000000e+00,0.000000000000000000e+00,0.000000000000000000e+00,-1.274042579100660877e+00,-6.459861316034642975e-01,3.777286084272084010e-01,-6.063011734887435722e-01,0.000000000000000000e+00,0.000000000000000000e+00,0.000000000000000000e+00
3.988083618494171756e-02,-1.032617036343656425e+00,9.169138331767878736e-01,6.684846328487771550e-02,-6.308543986012743465e-03,7.884904893201596376e-01,6.113707823251620654e-01,-2.738326753404031477e-02,4.155396533552613292e-02,2.777278596437246505e-01,5.102196488805744723e-01,-6.622107029824032542e-01,1.027450572062687389e-01,-2.332274524425848317e-01,-2.133628175131103699e-01,-1.178017789036222562e-01,5.411524784993247961e-01,-3.704695314274118467e-01,8.947953670801919723e-02,-6.830501868505181595e-02,0.000000000000000000e+00,0.000000000000000000e+00,-1.300554937649034404e+00,3.799034038485291087e-01,-2.452547242897295532e-01,-2.725487206507433702e-01,0.000000000000000000e+00,0.000000000000000000e+00,0.000000000000000000e+00,-1.269652787164016861e+00,-6.396438901085828022e-01,3.667478713754170894e-01,-6.045932803988662840e-01,0.000000000000000000e+00,0.000000000000000000e+00,0.000000000000000000e+00
3.985634646474150306e-02,-1.032910531968851631e+00,9.167331232347128989e-01,6.712502206825979312e-02,-6.943553812965736274e-03,7.878984955729112505e-01,6.120963806025357945e-01,-2.828321276316550503e-02,4.307814772596806063e-02,2.788749188877303609e-01,5.143474104826354365e-01,-6.612139117025891411e-01,1.036137946537937088e-01,-2.341472132002643813e-01,-2.115741372901996376e-01,-1.149496674136664953e-01,5.436289841989205840e-01,-3.685611485165880552e-01,8.887371345186190208e-02,-6.892442131473726363e-02,0.000000000000000000e+00,0.000000000000000000e+00,-1.293968714439668544e+00,3.766518026861226942e-01,-2.435975851899178646e-01,-2.733036499324963398e-01,0.000000000000000000e+00,0.000000000000000000e+00,0.000000000000000000e+00,-1.264260756382892037e+00,-6.412109110586864391e-01,3.705083116474825466e-01,-6.035547003904833119e-01,0.000000000000000000e+00,0.000000000000000000e+00,0.000000000000000000e+00
3.983200149847011123e-02,-1.033045716649117818e+00,9.167069514677510522e-01,6.704527151464001467e-02,-7.027276833381165128e-03,7.872530944845451684e-01,6.129340210596422311e-01,-2.827712028437447470e-02,4.236123467074772581e-02,2.779345194856356338e-01,5.145984463856738689e-01,-6.635790149386908698e-01,1.076575461743880940e-01,-2.337291551548377755e-01,-2.121378735353263156e-01,-1.170771124459084600e-01,5.422391657296428136e-01,-3.703998823688267050e-01,9.312935337598124419e-02,-6.637629610323873830e-02,0.000000000000000000e+00,0.000000000000000000e+00,-1.290621297438381943e+00,3.787312561293786350e-01,-2.449062343088563576e-01,-2.706852436611479895e-01,0.000000000000000000e+00,0.000000000000000000e+00,0.000000000000000000e+00,-1.263394797242431533e+00,-6.440589088031921650e-01,3.735193633777285083e-01,-6.017993059727905214e-01,0.000000000000000000e+00,0.000000000000000000e+00,0.000000000000000000e+00
3.958600902618938933e-02,-1.033271893915185702e+00,9.165178689397200928e-01,6.661285234360087015e-02,-7.097570534605115479e-03,7.864562617475756579e-01,6.140023621723157410e-01,-2.922970960526397738e-02,4.323699818597551148e-02,2.800369167679832572e-01,5.163367256730087007e-01,-6.666663187251957723e-01,1.086379841488805953e-01,-2.366120252280032310e-01,-2.104186994146829137e-01,-1.136553907325056900e-01,5.444246819908140633e-01,-3.685067584822362408e-01,9.392543869805579371e-02,-6.604215548555855686e-02,0.000000000000000000e+00,0.000000000000000000e+00,-1.288586044317534096e+00,3.759940577048080379e-01,-2.417629500578224178e-01,-2.730425757304502099e-01,0.000000000000000000e+00,0.000000000000000000e+00,0.000000000000000000e+00,-1.258694276243288002e+00,-6.391289052249107261e-01,3.728419491172929590e-01,-6.000007994591498584e-01,0.000000000000000000e+00,0.000000000000000000e+00,0.000000000000000000e+00
3.958488045064381677e-02,-1.033536791230371454e+00,9.167130577461553020e-01,6.686901998899401345e-02,-7.394324292134804057e-03,7.859964093506264238e-01,6.145596005448908938e-01,-2.906799676749919487e-02,4.302244193937300454e-02,2.797347678053214715e-01,5.168586210529110270e-01,-6.643799089409835323e-01,1.123724266623220419e-01,-2.354203381080397783e-01,-2.095372665594258943e-01,-1.128810211248480327e-01,5.420558052863961862e-01,-3.666896499242560670e-01,9.203400201847004858e-02,-6.529606978336904843e-02,0.000000000000000000e+00,0.000000000000000000e+00,-1.285335786043203532e+00,3.782370730745860388e-01,-2.462074617898720175e-01,-2.732523731699589842e-01,0.000000000000000000e+00,0.000000000000000000e+00,0.000000000000000000e+00,-1.259494722326988114e+00,-6.393840152680061450e-01,3.780130686779996085e-01,-6.009844631056632247e-01,0.000000000000000000e+00,0.000000000000000000e+00,0.000000000000000000e+00
3.960847134597119540e-02,-1.033877045131526673e+00,9.168233537352405982e-01,6.735500673180107312e-02,-7.151252793451381290e-03,7.856513981892259135e-01,6.149504396087188685e-01,-2.779412391804186172e-02,4.224286873309334583e-02,2.815740164194184825e-01,5.143542553640959580e-01,-6.615570558512152699e-01,1.095781775086013266e-01,-2.352563895171234931e-01,-2.117734129617463157e-01,-1.152472293816983878e-01,5.418289122388317836e-01,-3.664154276277886702e-01,9.198672132738056062e-02,-6.393124548335295254e-02,0.000000000000000000e+00,0.000000000000000000e+00,-1.283378187353529709e+00,3.734488515900329375e-01,-2.496665826773119268e-01,-2.716891804476125882e-01,0.000000000000000000e+00,0.000000000000000000e+00,0.000000000000000000e+00,-1.260241560655809945e+00,-6.383462218674726962e-01,3.802323401725149488e-01,-6.001093432336771505e-01,0.000000000000000000e+00,0.000000000000000000e+00,0.000000000000000000e+00
3.947352046384891566e-02,-1.034197814959715522e+00,9.168371169212310434e-01,6.701345760291395337e-02,-7.468366233504792479e-03,7.854762400613768403e-01,6.152076855054287030e-01,-2.733836608414554406e-02,4.225821917195662913e-02,2.805351154183675644e-01,5.128875918843402992e-01,-6.637991069609471273e-01,1.107861085894856490e-01,-2.353818833937130761e-01,-2.103705405601350997e-01,-1.140716773653849270e-01,5.407296095455993434e-01,-3.653137026336589765e-01,9.427035270347741691e-02,-6.661220283827740118e-02,0.000000000000000000e+00,0.000000000000000000e+00,-1.284509654706836645e+00,3.746816803520356398e-01,-2.465363498109967855e-01,-2.736699943071453367e-01,0.000000000000000000e+00,0.000000000000000000e+00,0.000000000000000000e+00,-1.260529801926024707e+00,-6.414931830288539416e-01,3.769102972722913614e-01,-5.963205959596488137e-01,0.000000000000000000e+00,0.000000000000000000e+00,0.000000000000000000e+00
3.948147592705273518e-02,-1.034413616757462684e+00,9.171905152373868164e-01,6.663294737262848155e-02,-6.595995324272116433e-03,7.853744599791859793e-01,6.153889020631750917e-01,-2.696271611906028709e-02,4.121715482058040808e-02,2.828313529899564860e-01,5.076543015167094275e-01,-6.605609745639265951e-01,1.090858767521021427e-01,-2.370124032660942959e-01,-2.102484790614413679e-01,-1.115217895254542874e-01,5.383149285941370987e-01,-3.615578942811668028e-01,9.307759375816075653e-02,-6.714506622824953364e-02,0.000000000000000000e+00,0.000000000000000000e+00,-1.284334932461536960e+00,3.704774100665648162e-01,-2.466244378422992878e-01,-2.765386482260158707e-01,0.000000000000000000e+00,0.000000000000000000e+00,0.000000000000000000e+00,-1.260391019561945214e+00,-6.400902165109200181e-01,3.806289601464272199e-01,-5.967060998305285802e-01,0.000000000000000000e+00,0.000000000000000000e+00,0.000000000000000000e+00
3.956572900095511880e-02,-1.034796633992580928e+00,9.173215492064883403e-01,6.667508896328815104e-02,-6.131086799382165498e-03,7.852535658660182438e-01,6.155434018662682139e-01,-2.731430337746291667e-02,4.054467422617774597e-02,2.839148319273251397e-01,5.059111376734324317e-01,-6.575311357347821684e-01,1.082871710120394682e-01,-2.378077139086558212e-01,-2.118434178182740379e-01,-1.131354546850172338e-01,5.377405538336295088e-01,-3.602226162994991432e-01,9.317312166292521236e-02,-6.773128785483623071e-02,0.000000000000000000e+00,0.000000000000000000e+00,-1.280899893323695693e+00,3.656666176174473981e-01,-2.409567869796284401e-01,-2.770843445451310338e-01,0.000000000000000000e+00,0.000000000000000000e+00,0.000000000000000000e+00,-1.255521683941114297e+00,-6.341544553618804203e-01,3.781707247425721841e-01,-5.930336801958066006e-01,0.000000000000000000e+00,0.000000000000000000e+00,0.000000000000000000e+00
3.977493276566319846e-02,-1.035077632516413493e+00,9.174968902083394662e-01,6.682948961483591022e-02,-5.452584377556730574e-03,7.859153539321427351e-01,6.146878436207602325e-01,-2.714562397700708007e-02,3.900399682956577629e-02,2.835733457881522979e-01,5.023830259417285671e-01,-6.550821754406469521e-01,1.065707803027944739e-01,-2.385337911961652457e-01,-2.136140213035523372e-01,-1.139144551296484287e-01,5.375952591348720500e-01,-3.587140344074195020e-01,9.026842725392068834e-02,-6.828487125720197892e-02,0.000000000000000000e+00,0.000000000000000000e+00,-1.277655919368551940e+00,3.583287244233905877e-01,-2.317498437466901651e-01,-2.797570283910489897e-01,0.000000000000000000e+00,0.000000000000000000e+00,0.000000000000000000e+00,-1.253766407164444097e+00,-6.263478383179382769e-01,3.730378729794396331e-01,-5.949531560741078140e-01,0.000000000000000000e+00,0.000000000000000000e+00,0.000000000000000000e+00
3.965091794565540895e-02,-1.035331285620286756e+00,9.178855158832185390e-01,6.673630167084924902e-02,-5.777381344692885182e-03,7.849426709191201779e-01,6.159365967974724798e-01,-2.575343837265613167e-02,3.898341589965477472e-02,2.843286951202785851e-01,4.994320484364805912e-01,-6.508229355191785803e-01,1.087490677668973282e-01,-2.368232522199613665e-01,-2.106178833330663303e-01,-1.093735588284813209e-01,5.319776463031533620e-01,-3.552137342666639164e-01,9.469385643128325203e-02,-6.965361828432972691e-02,0.000000000000000000e+00,0.000000000000000000e+00,-1.273156041647834913e+00,3.559634642226814361e-01,-2.280354150484333597e-01,-2.846010952068673272e-01,0.000000000000000000e+00,0.000000000000000000e+00,0.000000000000000000e+00,-1.253150610648662733e+00,-6.258207129776672817e-01,3.771447850907624355e-01,-5.948252986791064956e-01,0.000000000000000000e+00,0.000000000000000000e+00,0.000000000000000000e+00
3.960759894753432264e-02,-1.035653894614340764e+00,9.181305825161610867e-01,6.736810521075697888e-02,-6.178135780547093503e-03,7.848524926997366702e-01,6.159788419593631437e-01,-2.346524907747141522e-02,3.806308189320552898e-02,2.840725344199285241e-01,4.967076981149309844e-01,-6.482211931946685324e-01,1.114178451500966588e-01,-2.348470649309948033e-01,-2.110821487067423563e-01,-1.099557644474535578e-01,5.299578967188510736e-01,-3.509001223488421584e-01,9.424688575256744139e-02,-6.878102796875386338e-02,0.000000000000000000e+00,0.000000000000000000e+00,-1.268485218682391169e+00,3.529977233055515695e-01,-2.237155407050840372e-01,-2.832205061308786243e-01,0.000000000000000000e+00,0.000000000000000000e+00,0.000000000000000000e+00,-1.250695542070779265e+00,-6.268478512056662177e-01,3.726821248732427039e-01,-5.938985251084213379e-01,0.000000000000000000e+00,0.000000000000000000e+00,0.000000000000000000e+00
3.948973001547143036e-02,-1.035734580079360478e+00,9.187381209325281572e-01,6.712686237443553361e-02,-6.168660302122763728e-03,7.847880964120431679e-01,6.160873117568652635e-01,-2.038687683502625123e-02,3.789418756714486858e-02,2.857573324310755947e-01,4.891306148725552694e-01,-6.434090329007015052e-01,1.091691579257240419e-01,-2.320490929956706139e-01,-2.102601502052887095e-01,-1.100051870248550390e-01,5.227617254764301835e-01,-3.462469836432053305e-01,9.446883898324730244e-02,-6.926343231826756486e-02,0.000000000000000000e+00,0.000000000000000000e+00,-1.266964511269410787e+00,3.521783608074497973e-01,-2.189822608190710729e-01,-2.889177470854388807e-01,0.000000000000000000e+00,0.000000000000000000e+00,0.000000000000000000e+00,-1.248594585514478217e+00,-6.274016315492964013e-01,3.684603093320533151e-01,-5.972469213834115109e-01,0.000000000000000000e+00,0.000000000000000000e+00,0.000000000000000000e+00
3.946372419547648780e-02,-1.035780210085281094e+00,9.184001306342318705e-01,6.743888373913765888e-02,-6.214955784805110094e-03,7.843508360857217587e-01,6.166093878755330993e-01,-2.047733313478621031e-02,3.722724769816690427e-02,2.852673917901339395e-01,4.911940710662247023e-01,-6.472279177936510752e-01,1.101469337547437699e-01,-2.326314874780618935e-01,-2.103407204261761865e-01,-1.091202503883553776e-01,5.252646519048698170e-01,-3.516801594675076914e-01,9.458474770673477861e-02,-6.645261352988830750e-02,0.000000000000000000e+00,0.000000000000000000e+00,-1.268096177539754787e+00,3.531377007718526917e-01,-2.260928237421746256e-01,-2.882122715771833765e-01,0.000000000000000000e+00,0.000000000000000000e+00,0.000000000000000000e+00,-1.246250516693928834e+00,-6.268418633858335864e-01,3.737974018615549676e-01,-5.967546685510913829e-01,0.000000000000000000e+00,0.000000000000000000e+00,0.000000000000000000e+00
3.945114801356809642e-02,-1.035755696822759697e+00,9.182356780803431207e-01,6.779588278772860632e-02,-5.895577094812088671e-03,7.841832493690277239e-01,6.167865042758177152e-01,-2.007673063978540270e-02,3.667026989952939381e-02,2.864501413136120167e-01,4.913303844053214520e-01,-6.486187325824495087e-01,1.077199981202905527e-01,-2.345296352950437535e-01,-2.117939246208674908e-01,-1.089482280984913065e-01,5.293850125904716597e-01,-3.526475888681475102e-01,9.360174300327861463e-02,-6.787189554234988875e-02,0.000000000000000000e+00,0.000000000000000000e+00,-1.269849018808454577e+00,3.620834962149785397e-01,-2.249405993394639758e-01,-2.902437446499580576e-01,0.000000000000000000e+00,0.000000000000000000e+00,0.000000000000000000e+00,-1.244913782819941694e+00,-6.283712703841669578e-01,3.747298586652738073e-01,-5.940097285527259352e-01,0.000000000000000000e+00,0.000000000000000000e+00,0.000000000000000000e+00
3.929869641080711851e-02,-1.035670004465453209e+00,9.184168436371378252e-01,6.698275894951336018e-02,-5.471983269721063768e-03,7.841655671145310036e-01,6.169017188779356564e-01,-2.074460713444742366e-02,3.587726897779427299e-02,2.853792340830949570e-01,4.888257175312517022e-01,-6.488087122290909781e-01,1.091759365319108638e-01,-2.343710157244035808e-01,-2.121864355243646971e-01,-1.115104934777712276e-01,5.264278784844234060e-01,-3.555932210344029953e-01,9.487030274806938779e-02,-6.560859711232430724e-02,0.000000000000000000e+00,0.000000000000000000e+00,-1.269803901553176129e+00,3.597948558407098041e-01,-2.243429233521052335e-01,-2.880369673682540155e-01,0.000000000000000000e+00,0.000000000000000000e+00,0.000000000000000000e+00,-1.243544000161528107e+00,-6.284559040336480384e-01,3.741079328258126724e-01,-5.945217587719382468e-01,0.000000000000000000e+00,0.000000000000000000e+00,0.000000000000000000e+00
3.913727083796011280e-02,-1.035751003689098892e+00,9.186142608467771087e-01,6.695950906117156820e-02,-6.125408098190756462e-03,7.847050564964619390e-01,6.162117151035024776e-01,-2.056557382003881135e-02,3.659442906401016993e-02,2.834617425724120232e-01,4.889553787835535514e-01,-6.467314053466759471e-01,1.088375009026783247e-01,-2.322755895988302399e-01,-2.113378905009745679e-01,-1.123520893638238205e-01,5.239570107948108291e-01,-3.512788761416787975e-01,9.362067684529785938e-02,-6.585013296186173481e-02,0.000000000000000000e+00,0.000000000000000000e+00,-1.266317402887085164e+00,3.510037911269387467e-01,-2.208621152741944427e-01,-2.852427286240339366e-01,0.000000000000000000e+00,0.000000000000000000e+00,0.000000000000000000e+00,-1.244680645104111472e+00,-6.311253627679414002e-01,3.751587201885296374e-01,-5.950166814621665745e-01,0.000000000000000000e+00,0.000000000000000000e+00,0.000000000000000000e+00
3.896189168434580768e-02,-1.035779688217818961e+00,9.188475871236797543e-01,6.623169054469336958e-02,-5.971133448791958453e-03,7.846969282135867196e-01,6.163022307156530433e-01,-2.142343100201826028e-02,3.711231737615893617e-02,2.838431054183060409e-01,4.876462137698636123e-01,-6.453244985120520916e-01,1.080593933562535580e-01,-2.313416280412995407e-01,-2.106914343868284412e-01,-1.133368646919961920e-01,5.195704242588191635e-01,-3.516559988467301556e-01,9.445966241322334422e-02,-6.204936399608997760e-02,0.000000000000000000e+00,0.000000000000000000e+00,-1.266044285442130102e+00,3.428946424097929491e-01,-2.120611793458891392e-01,-2.849831767258803050e-01,0.000000000000000000e+00,0.000000000000000000e+00,0.000000000000000000e+00,-1.239939773744073159e+00,-6.228834826972051708e-01,3.684740244386098262e-01,-5.957144481482864462e-01,0.000000000000000000e+00,0.000000000000000000e+00,0.000000000000000000e+00
3.874784466264013377e-02,-1.036042961667348772e+00,9.186995699335948062e-01,6.661909975108409876e-02,-7.325873986500035413e-03,7.844869200211130877e-01,6.165131786381187196e-01,-2.168095517511681170e-02,3.969383433664107341e-02,2.846505177814462884e-01,4.931118769916221778e-01,-6.454346808522753998e-01,1.114705414731268496e-01,-2.300170682831053082e-01,-2.084654860835213341e-01,-1.115385375525871914e-01,5.203187014872412419e-01,-3.467468965182872176e-01,9.552583563618055607e-02,-6.577591959002343502e-02,0.000000000000000000e+00,0.000000000000000000e+00,-1.261604104467163756e+00,3.447680409665156986e-01,-2.165562945235426640e-01,-2.843391254684391467e-01,0.000000000000000000e+00,0.000000000000000000e+00,0.000000000000000000e+00,-1.235583270909702769e+00,-6.279169764624108474e-01,3.787409569325355108e-01,-5.938830034626750853e-01,0.000000000000000000e+00,0.000000000000000000e+00,0.000000000000000000e+00
3.862534977729834701e-02,-1.036085134694161081e+00,9.185000910836402799e-01,6.658540891841520371e-02,-7.116707520713040289e-03,7.836538292541133099e-01,6.175778588069661401e-01,-2.252276784447021507e-02,3.942500283184317833e-02,2.857745927947591413e-01,4.953223814752353293e-01,-6.484651324462958888e-01,1.112860104973891900e-01,-2.310034635859728458e-01,-2.087360074949341227e-01,-1.114708850059309420e-01,5.208593471884770398e-01,-3.503980631834147097e-01,9.495006454135108964e-02,-6.147440748197905563e-02,0.000000000000000000e+00,0.000000000000000000e+00,-1.263476292832552916e+00,3.506475771480574433e-01,-2.243616189235619063e-01,-2.858108803561864586e-01,0.000000000000000000e+00,0.000000000000000000e+00,0.000000000000000000e+00,-1.240151714302528019e+00,-6.327336998824932834e-01,3.851667455948183383e-01,-5.959546347164905722e-01,0.000000000000000000e+00,0.000000000000000000e+00,0.000000000000000000e+00
3.852766434266884088e-02,-1.036163365248511825e+00,9.187974312645083019e-01,6.660088998107720204e-02,-7.291431168916551880e-03,7.832874109658016781e-01,6.180388242721716052e-01,-2.179151284440906944e-02,3.974055764687549341e-02,2.862296191213741237e-01,4.937754084043047276e-01,-6.438736020789154191e-01,1.091694068160373454e-01,-2.293080076945509249e-01,-2.080032206661361072e-01,-1.111673350964631352e-01,5.169687400437812386e-01,-3.476763427196905010e-01,9.499861331705651557e-02,-6.259456900271334612e-02,0.000000000000000000e+00,0.000000000000000000e+00,-1.264552986990651329e+00,3.534419608314071093e-01,-2.234469191020553580e-01,-2.879663034769465724e-01,0.000000000000000000e+00,0.000000000000000000e+00,0.000000000000000000e+00,-1.246113812053244896e+00,-6.384675936010006936e-01,3.853654967842723433e-01,-5.974086022623412706e-01,0.000000000000000000e+00,0.000000000000000000e+00,0.000000000000000000e+00
3.840912631966392210e-02,-1.036166464748216720e+00,9.189151071186907327e-01,6.595431476251328862e-02,-6.711563558464828452e-03,7.830108877681094537e-01,6.184649811552834775e-01,-2.248390193190411002e-02,3.860657334795103424e-02,2.851732209921953309e-01,4.913454280207884550e-01,-6.440627176585347335e-01,1.087527455323953340e-01,-2.299318959379059446e-01,-2.078658232487336499e-01,-1.109255987913799479e-01,5.142862469555984362e-01,-3.494308913345872125e-01,9.678952100746743281e-02,-6.215972197649181213e-02,0.000000000000000000e+00,0.000000000000000000e+00,-1.269267597499144973e+00,3.564004728546935064e-01,-2.265835211521139148e-01,-2.905809861353708112e-01,0.000000000000000000e+00,0.000000000000000000e+00,0.000000000000000000e+00,-1.244364857892607645e+00,-6.331104682968888842e-01,3.843700665260006422e-01,-5.941634315758046458e-01,0.000000000000000000e+00,0.000000000000000000e+00,0.000000000000000000e+00
3.841066174981535436e-02,-1.036275404069974204e+00,9.188963095343370968e-01,6.622829953404520131e-02,-6.406241943072890632e-03,7.831339582677159239e-01,6.182830871153887076e-01,-2.325116630207310631e-02,3.800000684880389806e-02,2.852038990208746738e-01,4.919847977280384366e-01,-6.408009234408984511e-01,1.075462064330366396e-01,-2.307936605368259286e-01,-2.091764974604274352e-01,-1.114396529054370311e-01,5.159478818761168428e-01,-3.494170854723865349e-01,9.361252910779294112e-02,-6.386865429434401831e-02,0.000000000000000000e+00,0.000000000000000000e+00,-1.265882311348100586e+00,3.520792790048586918e-01,-2.237903681949377777e-01,-2.883141032433039763e-01,0.000000000000000000e+00,0.000000000000000000e+00,0.000000000000000000e+00,-1.245414930340069670e+00,-6.340627861210800242e-01,3.829761602591185699e-01,-5.937484731505312530e-01,0.000000000000000000e+00,0.000000000000000000e+00,0.000000000000000000e+00
3.811768852725650608e-02,-1.036270444072116659e+00,9.188797234862200458e-01,6.595972785126981430e-02,-6.123229727873858406e-03,7.827964535048882455e-01,6.187418950900734904e-01,-2.254200171600634697e-02,3.765297355486612457e-02,2.871827422189749401e-01,4.900299967250147382e-01,-6.427653661683528918e-01,1.074967909052236686e-01,-2.322019067234469547e-01,-2.091097903146273695e-01,-1.098509546260823255e-01,5.164562597953527012e-01,-3.493339442609949552e-01,9.405313021846158084e-02,-6.467175577128020381e-02,0.000000000000000000e+00,0.000000000000000000e+00,-1.268824644129955104e+00,3.542512058842203215e-01,-2.245108734308219056e-01,-2.896357050946021805e-01,0.000000000000000000e+00,0.000000000000000000e+00,0.000000000000000000e+00,-1.246674939920647374e+00,-6.370962710752475777e-01,3.800599420545375806e-01,-5.914488638784939356e-01,0.000000000000000000e+00,0.000000000000000000e+00,0.000000000000000000e+00
3.795837926959309133e-02,-1.036308044507040949e+00,9.190612794033597988e-01,6.570826708797133930e-02,-6.088468040397420310e-03,7.828588056748606583e-01,6.186901038246429563e-01,-2.339989333858224357e-02,3.731847349191369512e-02,2.861233503219862140e-01,4.899733473137521944e-01,-6.401998873448858651e-01,1.103824364764425386e-01,-2.315862025019219395e-01,-2.092232272941527693e-01,-1.109670585252246211e-01,5.145983456255951438e-01,-3.489719352481973069e-01,9.416165048499336443e-02,-6.380046477094258872e-02,0.000000000000000000e+00,0.000000000000000000e+00,-1.268052785200790566e+00,3.492859496119019025e-01,-2.230527731475483166e-01,-2.854155791675138110e-01,0.000000000000000000e+00,0.000000000000000000e+00,0.000000000000000000e+00,-1.241442864504640475e+00,-6.345871012982902126e-01,3.805869466054267458e-01,-5.877027297522603444e-01,0.000000000000000000e+00,0.000000000000000000e+00,0.000000000000000000e+00
3.767984510170689638e-02,-1.036306574248196499e+00,9.193522418296878884e-01,6.525157890153299167e-02,-6.231392728699811090e-03,7.834316645682197766e-01,6.180115113388956471e-01,-2.266353362774637531e-02,3.708773844712207751e-02,2.846236281164954973e-01,4.862540265074204449e-01,-6.380678491643764216e-01,1.099684600367142329e-01,-2.304236679393890097e-01,-2.091596120903605471e-01,-1.122646252415357981e-01,5.115834002755416110e-01,-3.439354281119076928e-01,9.550287803659669728e-02,-6.432697089964055370e-02,0.000000000000000000e+00,0.000000000000000000e+00,-1.267111186692047697e+00,3.414006693694124905e-01,-2.125325023509515021e-01,-2.856472161575053792e-01,0.000000000000000000e+00,0.000000000000000000e+00,0.000000000000000000e+00,-1.238064929711889750e+00,-6.350055733490815868e-01,3.752161919429810588e-01,-5.875582291414145342e-01,0.000000000000000000e+00,0.000000000000000000e+00,0.000000000000000000e+00
3.747373071697789049e-02,-1.036301314873063539e+00,9.197075196666630870e-01,6.505235735131199848e-02,-5.821222444726492640e-03,7.840486509903511481e-01,6.172536083754363023e-01,-2.136751194007541210e-02,3.546842648587933411e-02,2.840504943042383434e-01,4.806608659831553831e-01,-6.349244324599957467e-01,1.101690295606614078e-01,-2.295468582542938285e-01,-2.096765418212920840e-01,-1.119565265604333948e-01,5.084065552829526435e-01,-3.411541382513540444e-01,9.506076001257089680e-02,-6.310164472656151768e-02,0.000000000000000000e+00,0.000000000000000000e+00,-1.266381094283299147e+00,3.386835438296681433e-01,-2.124840559463129774e-01,-2.884936753320156422e-01,0.000000000000000000e+00,0.000000000000000000e+00,0.000000000000000000e+00,-1.236665008668786925e+00,-6.370284811414047565e-01,3.766961623168296747e-01,-5.907956700728860255e-01,0.000000000000000000e+00,0.000000000000000000e+00,0.000000000000000000e+00
3.714440121746687140e-02,-1.036326469693487962e+00,9.197882883642981566e-01,6.435816268597860379e-02,-5.397479232433734751e-03,7.837660075883261523e-01,6.176890313601788307e-01,-2.137289225842878976e-02,3.437430792990354284e-02,2.841401754324502371e-01,4.778014205757664667e-01,-6.367352521300555512e-01,1.126458209598437676e-01,-2.303078897840271089e-01,-2.090243458645366648e-01,-1.105242243209990233e-01,5.062228803479588146e-01,-3.428030848750475146e-01,9.669642771703770845e-02,-6.023095434578362023e-02,0.000000000000000000e+00,0.000000000000000000e+00,-1.266827652681149941e+00,3.365928318689820897e-01,-2.148143208676433491e-01,-2.909110149416457847e-01,0.000000000000000000e+00,0.000000000000000000e+00,0.000000000000000000e+00,-1.229735083329990264e+00,-6.275647002575983624e-01,3.740191675231014923e-01,-5.886988879033108191e-01,0.000000000000000000e+00,0.000000000000000000e+00,0.000000000000000000e+00
3.716615678366449321e-02,-1.036506526606869372e+00,9.199130063726174145e-01,6.493435217028101225e-02,-5.795143055290994868e-03,7.840452629176641874e-01,6.172705824203558178e-01,-2.060687382281325974e-02,3.399567893250381861e-02,2.829201510765083083e-01,4.778810527563790433e-01,-6.340826245388020421e-01,1.137549486472489574e-01,-2.285980965694332789e-01,-2.096077970356355347e-01,-1.119097306465428321e-01,5.057768954952469587e-01,-3.409331306420551599e-01,9.389315736545481017e-02,-5.963666475938782935e-02,0.000000000000000000e+00,0.000000000000000000e+00,-1.262140849408161181e+00,3.383771336885378900e-01,-2.140096424621812654e-01,-2.887212183677194677e-01,0.000000000000000000e+00,0.000000000000000000e+00,0.000000000000000000e+00,-1.228264104624575026e+00,-6.296013383793532814e-01,3.771284071271245875e-01,-5.886552667918649728e-01,0.000000000000000000e+00,0.000000000000000000e+00,0.000000000000000000e+00
3.712967748618550140e-02,-1.036787188161654605e+00,9.199421089883669245e-01,6.552032537568341919e-02,-5.999931703595899439e-03,7.834595274878627391e-01,6.179500437500684562e-01,-1.951909994377180879e-02,3.356078724092464299e-02,2.836913599499957250e-01,4.776418862926480879e-01,-6.316955157150023759e-01,1.138925258325360762e-01,-2.278696330778572920e-01,-2.101663555947361206e-01,-1.120695676248404521e-01,5.055025641813797321e-01,-3.399861565838154243e-01,9.316139049747627909e-02,-5.982703060202227557e-02,0.000000000000000000e+00,0.000000000000000000e+00,-1.259193204183535419e+00,3.386555693736316708e-01,-2.115470225931302684e-01,-2.880197344277662386e-01,0.000000000000000000e+00,0.000000000000000000e+00,0.000000000000000000e+00,-1.228726683450569235e+00,-6.305383466818458293e-01,3.757704817232832561e-01,-5.813491694888214267e-01,0.000000000000000000e+00,0.000000000000000000e+00,0.000000000000000000e+00
3.721711836592601907e-02,-1.036993885898469969e+00,9.200436704334700178e-01,6.570545171758246372e-02,-5.526468530778223982e-03,7.838834139456004602e-01,6.173969914902055489e-01,-1.867378285295715618e-02,3.123887075091857923e-02,2.817027305576897955e-01,4.738162901910338842e-01,-6.315866838172511377e-01,1.138821997798930147e-01,-2.280549604040607303e-01,-2.118571085449069691e-01,-1.127611724895659084e-01,5.052543239767132155e-01,-3.397574558516845977e-01,9.536393868148987374e-02,-5.885998779407775050e-02,0.000000000000000000e+00,0.000000000000000000e+00,-1.259967340323672413e+00,3.352050760437387256e-01,-2.110944806227460502e-01,-2.861051929607424937e-01,0.000000000000000000e+00,0.000000000000000000e+00,0.000000000000000000e+00,-1.229729287453203979e+00,-6.286972497707620233e-01,3.780019854838296833e-01,-5.810144554805615202e-01,0.000000000000000000e+00,0.000000000000000000e+00,0.000000000000000000e+00
3.727298183886514071e-02,-1.037252337525842005e+00,9.202677884024338395e-01,6.577979959286425760e-02,-5.457549262436965296e-03,7.834938936663291553e-01,6.178839306124941366e-01,-1.884752320507403905e-02,3.099918461247753998e-02,2.821360181282356328e-01,4.726931346067333450e-01,-6.258825640020003744e-01,1.146045357214445226e-01,-2.276233473322084588e-01,-2.119694328099047120e-01,-1.131306097223484519e-01,5.029013861689859421e-01,-3.371660126095119003e-01,9.560529973647224899e-02,-5.824620040217092648e-02,0.000000000000000000e+00,0.000000000000000000e+00,-1.257862344419566236e+00,3.277990438463269651e-01,-2.085886558673875624e-01,-2.848797174069480631e-01,0.000000000000000000e+00,0.000000000000000000e+00,0.000000000000000000e+00,-1.226788378317219319e+00,-6.263036756445758968e-01,3.836362261858627387e-01,-5.788760606869354230e-01,0.000000000000000000e+00,0.000000000000000000e+00,0.000000000000000000e+00
3.737015638217459218e-02,-1.037560532145484382e+00,9.202449593869783673e-01,6.594411880758235811e-02,-5.839325406660325450e-03,7.834562649215435215e-01,6.179106378989364101e-01,-1.940609490768329184e-02,3.172155568617898713e-02,2.819735909793752437e-01,4.745723737591024394e-01,-6.254489136712325648e-01,1.157778402406749452e-01,-2.271975765157486227e-01,-2.115235934403819906e-01,-1.137471420628837215e-01,5.028040925585601784e-01,-3.362695762896606988e-01,9.349565792725952895e-02,-5.859702142910051814e-02,0.000000000000000000e+00,0.000000000000000000e+00,-1.253162472684276274e+00,3.223509596816715450e-01,-2.025676280759781678e-01,-2.838336849248761506e-01,0.000000000000000000e+00,0.000000000000000000e+00,0.000000000000000000e+00,-1.225280920534772111e+00,-6.306467519190132043e-01,3.853295609238071018e-01,-5.768944759497025565e-01,0.000000000000000000e+00,0.000000000000000000e+00,0.000000000000000000e+00
3.751355362403528682e-02,-1.037661692695198923e+00,9.204239844908421730e-01,6.619242755954989066e-02,-5.341341219978590349e-03,7.837164446903042148e-01,6.175585534422906031e-01,-1.839704760980032452e-02,2.976159585469741534e-02,2.811351107228470259e-01,4.708073745389210196e-01,-6.230511330275073645e-01,1.168618329611628148e-01,-2.269327624103395780e-01,-2.133023135471890930e-01,-1.150535972385351435e-01,5.019774357760294903e-01,-3.361549648103606680e-01,9.400922590088175990e-02,-5.621291267184086449e-02,0.000000000000000000e+00,0.000000000000000000e+00,-1.253418883844658049e+00,3.227775957416597064e-01,-2.068732150599325859e-01,-2.822693112863553511e-01,0.000000000000000000e+00,0.000000000000000000e+00,0.000000000000000000e+00,-1.224780698542396129e+00,-6.295165567547498231e-01,3.849779437635962309e-01,-5.735857363410111764e-01,0.000000000000000000e+00,0.000000000000000000e+00,0.000000000000000000e+00
3.752980129364334727e-02,-1.037712448367696938e+00,9.203532268065718336e-01,6.606943954115393480e-02,-4.985583431020073827e-03,7.833515042110613669e-01,6.180375344320422348e-01,-1.780862878459008383e-02,2.865617110220409006e-02,2.807746037844630060e-01,4.685523307553132732e-01,-6.250848628667403650e-01,1.153512334692019525e-01,-2.278964468871344240e-01,-2.144072338493224761e-01,-1.163176004186144419e-01,5.023439087712466833e-01,-3.377768950676017790e-01,9.704608049895982469e-02,-5.737391818559291895e-02,0.000000000000000000e+00,0.000000000000000000e+00,-1.257561560876355733e+00,3.299780137644574007e-01,-2.151989467619627172e-01,-2.841930742400393117e-01,0.000000000000000000e+00,0.000000000000000000e+00,0.000000000000000000e+00,-1.226497542479222602e+00,-6.342261791781843572e-01,3.908918310380889438e-01,-5.714048059307366145e-01,0.000000000000000000e+00,0.000000000000000000e+00,0.000000000000000000e+00
3.755404804996209656e-02,-1.037884338150925290e+00,9.199522593555063965e-01,6.610251432279977413e-02,-5.038847990185523797e-03,7.829197917422935360e-01,6.185803644712138949e-01,-1.987198179767078743e-02,2.956820641371044403e-02,2.818137670900529579e-01,4.736187559305159445e-01,-6.282974651954803536e-01,1.151192695981197722e-01,-2.304493694854332919e-01,-2.146682407403034121e-01,-1.163397500461445661e-01,5.066971621942187864e-01,-3.393714073186643310e-01,9.591482490246232284e-02,-5.746127391644705040e-02,0.000000000000000000e+00,0.000000000000000000e+00,-1.259635760425698248e+00,3.305826483450843289e-01,-2.139505128879084506e-01,-2.809926216648550024e-01,0.000000000000000000e+00,0.000000000000000000e+00,0.000000000000000000e+00,-1.224506588283502673e+00,-6.340174736469177397e-01,3.900619729920793977e-01,-5.633918190700673012e-01,0.000000000000000000e+00,0.000000000000000000e+00,0.000000000000000000e+00
3.758194402310290061e-02,-1.037945274235402282e+00,9.199477524909264181e-01,6.587897239146418837e-02,-4.565047135596526223e-03,7.823347576856471974e-01,6.193475988959953327e-01,-2.057090943062393415e-02,2.842525741467352013e-02,2.811298960824679671e-01,4.732445674090838272e-01,-6.292065549319355577e-01,1.159085154131985346e-01,-2.314442452726555854e-01,-2.145529165646475889e-01,-1.154879915805881591e-01,5.060265083078059334e-01,-3.427582358616630964e-01,9.604924771652836868e-02,-5.480445825129453413e-02,0.000000000000000000e+00,0.000000000000000000e+00,-1.262084287028911289e+00,3.364093446460167947e-01,-2.166374396798141089e-01,-2.803920239792581093e-01,0.000000000000000000e+00,0.000000000000000000e+00,0.000000000000000000e+00,-1.225743328421511125e+00,-6.314197059931234701e-01,3.845990567145534667e-01,-5.594649600358495567e-01,0.000000000000000000e+00,0.000000000000000000e+00,0.000000000000000000e+00
3.760427762211904223e-02,-1.038056661358147448e+00,9.201254182342226695e-01,6.571020670869150149e-02,-4.363910897425188340e-03,7.826542255254637093e-01,6.189632366167783228e-01,-2.115330387686736868e-02,2.754227560869123431e-02,2.790638507828360759e-01,4.717944851412915752e-01,-6.271096836228327032e-01,1.156160531536205571e-01,-2.314089027193466375e-01,-2.154092238483845678e-01,-1.174134801195773625e-01,5.048108697603544970e-01,-3.404045501368856419e-01,9.523948992891602405e-02,-5.507369927987362801e-02,0.000000000000000000e+00,0.000000000000000000e+00,-1.264040746885062960e+00,3.371167622978376577e-01,-2.225744983053324910e-01,-2.764320427848618311e-01,0.000000000000000000e+00,0.000000000000000000e+00,0.000000000000000000e+00,-1.229077080248963894e+00,-6.375665547183704263e-01,3.869748581296403867e-01,-5.570070004487284177e-01,0.000000000000000000e+00,0.000000000000000000e+00,0.000000000000000000e+00
3.744401034014574470e-02,-1.038283307193648808e+00,9.202454572260830856e-01,6.543987125361580559e-02,-4.801527520725370687e-03,7.827133680994392551e-01,6.189138485946249491e-01,-2.112633650211391545e-02,2.797366550267445934e-02,2.783051204448857563e-01,4.711130205374256530e-01,-6.259431746381700634e-01,1.181190352138867805e-01,-2.304648413225649783e-01,-2.144173493111696249e-01,-1.173241858160719159e-01,5.023160379961234545e-01,-3.366721447829834624e-01,9.832163352131881306e-02,-5.360327230846373414e-02,0.000000000000000000e+00,0.000000000000000000e+00,-1.267486812942053120e+00,3.393194175867483287e-01,-2.246317774999338490e-01,-2.708476984552433131e-01,0.000000000000000000e+00,0.000000000000000000e+00,0.000000000000000000e+00,-1.227682472776407741e+00,-6.412099837809663860e-01,3.885172156841655289e-01,-5.492507984088762507e-01,0.000000000000000000e+00,0.000000000000000000e+00,0.000000000000000000e+00
3.741830075537923989e-02,-1.038551462796962754e+00,9.201849870634605244e-01,6.587834156786491480e-02,-4.559521801357760071e-03,7.822562343205591295e-01,6.194468812899370791e-01,-2.045602623662969716e-02,2.789425111836865007e-02,2.815950851448056902e-01,4.707066351798765980e-01,-6.255250196979798005e-01,1.152803927901076969e-01,-2.319324755221794376e-01,-2.158969295412087319e-01,-1.174650339720180736e-01,5.043201468774313190e-01,-3.346159199418598518e-01,9.688332541425866140e-02,-5.391263099803308978e-02,0.000000000000000000e+00,0.000000000000000000e+00,-1.267893238241319720e+00,3.411377435979859873e-01,-2.294523570104372301e-01,-2.698651349624086038e-01,0.000000000000000000e+00,0.000000000000000000e+00,0.000000000000000000e+00,-1.229090117555275752e+00,-6.398656824856385761e-01,3.954472505153162620e-01,-5.456324904548474075e-01,0.000000000000000000e+00,0.000000000000000000e+00,0.000000000000000000e+00
3.726230296533058345e-02,-1.038732592510667629e+00,9.203408070780054739e-01,6.517128740123813435e-02,-4.381323516013312276e-03,7.825392732816304209e-01,6.191654004178295256e-01,-2.127463044372093076e-02,2.784223752954502473e-02,2.807902271366957137e-01,4.686705887591529063e-01,-6.248169266882347417e-01,1.155243700834253928e-01,-2.327692183681621119e-01,-2.141403015041807301e-01,-1.143959328596039215e-01,5.022507844972680102e-01,-3.322912047201139196e-01,9.770249359477771456e-02,-5.781450059494381427e-02,0.000000000000000000e+00,0.000000000000000000e+00,-1.270713932066327434e+00,3.389652698684125776e-01,-2.302875352924257102e-01,-2.686762272924973494e-01,0.000000000000000000e+00,0.000000000000000000e+00,0.000000000000000000e+00,-1.228589268761190123e+00,-6.400054473078979900e-01,3.997745126318587028e-01,-5.404377087811693681e-01,0.000000000000000000e+00,0.000000000000000000e+00,0.000000000000000000e+00
3.734779450197826811e-02,-1.038984988843282053e+00,9.204914037824771800e-01,6.578676613560036079e-02,-3.953997597564679056e-03,7.819140667112687293e-01,6.198926193974759746e-01,-2.082242646369202033e-02,2.580905429524949640e-02,2.802805093650088120e-01,4.671500567997710629e-01,-6.202871979743850295e-01,1.148301467784371421e-01,-2.318597078424098623e-01,-2.163656475328759876e-01,-1.168832455638286472e-01,5.005578341963525801e-01,-3.344702939001535924e-01,9.617361206625901771e-02,-5.371529628643540583e-02,0.000000000000000000e+00,0.000000000000000000e+00,-1.269899000624429952e+00,3.361166894385224646e-01,-2.275875784467479568e-01,-2.613307473485891874e-01,0.000000000000000000e+00,0.000000000000000000e+00,0.000000000000000000e+00,-1.228102051225265168e+00,-6.340907519218744737e-01,3.986681554764384683e-01,-5.336449872423653096e-01,0.000000000000000000e+00,0.000000000000000000e+00,0.000000000000000000e+00
3.712548149586290813e-02,-1.039028715777693401e+00,9.204243871142647748e-01,6.481793403534687192e-02,-4.128134253298072071e-03,7.826121462072724855e-01,6.191121243715254074e-01,-2.187264627319160382e-02,2.586188793865602797e-02,2.774763761613081581e-01,4.664180127162613210e-01,-6.250323836031649316e-01,1.179696622418656415e-01,-2.327889879952943220e-01,-2.151349571966748586e-01,-1.167295573639515055e-01,5.004483643415448268e-01,-3.334958474994157429e-01,9.983348454285834173e-02,-5.427137395583664370e-02,0.000000000000000000e+00,0.000000000000000000e+00,-1.275273463408656216e+00,3.375109362608512686e-01,-2.336667386196220331e-01,-2.591113140783350977e-01,0.000000000000000000e+00,0.000000000000000000e+00,0.000000000000000000e+00,-1.229230162420790196e+00,-6.438291122157488999e-01,4.031857676322748163e-01,-5.318674316605240815e-01,0.000000000000000000e+00,0.000000000000000000e+00,0.000000000000000000e+00
3.717692639062232518e-02,-1.039199514602954011e+00,9.205126303089725681e-01,6.496184015123816768e-02,-3.724165075867160411e-03,7.819971102009298791e-01,6.198762856861420589e-01,-2.255520267561440459e-02,2.500255825994639886e-02,2.778775009222623216e-01,4.661729893067437236e-01,-6.211824493375660561e-01,1.174856306942500539e-01,-2.341600695602865934e-01,-2.160127092656966563e-01,-1.170682106090075447e-01,5.009396841052199401e-01,-3.322489206748087676e-01,9.704142226653333925e-02,-5.220176582614140248e-02,0.000000000000000000e+00,0.000000000000000000e+00,-1.273778630427779168e+00,3.351179717247548817e-01,-2.380831355344369404e-01,-2.557436158469484910e-01,0.000000000000000000e+00,0.000000000000000000e+00,0.000000000000000000e+00,-1.229744978300502778e+00,-6.450701918682690827e-01,4.122401833732973753e-01,-5.277085104524232850e-01,0.000000000000000000e+00,0.000000000000000000e+00,0.000000000000000000e+00
3.712919301165993474e-02,-1.039273008992295910e+00,9.207674476176810341e-01,6.492243341281721258e-02,-3.891907960757314423e-03,7.818463031378004580e-01,6.200695839677498045e-01,-2.062183507757750500e-02,2.479096367980111390e-02,2.785861323412718304e-01,4.623905106438610524e-01,-6.198338172387298783e-01,1.193377557966049524e-01,-2.332805419732871255e-01,-2.151086275597021147e-01,-1.158296195480523205e-01,4.983387547446608834e-01,-3.278557357981953246e-01,9.885511805457548873e-02,-5.215768554885586578e-02,0.000000000000000000e+00,0.000000000000000000e+00,-1.276055871987475054e+00,3.413620381166636575e-01,-2.387802397037377122e-01,-2.526879653651005753e-01,0.000000000000000000e+00,0.000000000000000000e+00,0.000000000000000000e+00,-1.229732376317436815e+00,-6.488289322017570804e-01,4.140078236695076130e-01,-5.226095897951805735e-01,0.000000000000000000e+00,0.000000000000000000e+00,0.000000000000000000e+00
3.728056317852209561e-02,-1.039364576940768226e+00,9.205503031315291906e-01,6.507368968018249766e-02,-3.758126441882703693e-03,7.811154293316624475e-01,6.209750216047879023e-01,-2.186093686758851934e-02,2.401055173011858862e-02,2.768113762476193673e-01,4.647030038283935238e-01,-6.200056414018227935e-01,1.192798634815027681e-01,-2.347455864322732788e-01,-2.143227008171422754e-01,-1.136371025615974806e-01,5.003640864352610906e-01,-3.315712089578691790e-01,9.674089244105472940e-02,-5.042155583955695158e-02,0.000000000000000000e+00,0.000000000000000000e+00,-1.275480846681179559e+00,3.386934526567755288e-01,-2.376406726255217150e-01,-2.472002764275840203e-01,0.000000000000000000e+00,0.000000000000000000e+00,0.000000000000000000e+00,-1.230543852666617921e+00,-6.443392867837378635e-01,4.127578368754077909e-01,-5.165480315171608883e-01,0.000000000000000000e+00,0.000000000000000000e+00,0.000000000000000000e+00
3.742503771119769229e-02,-1.039456843572692968e+00,9.205119812478160801e-01,6.523306865135258814e-02,-4.071708742979966017e-03,7.816026016712654956e-01,6.203430027033024485e-01,-2.156545997379970964e-02,2.421919780522732019e-02,2.757364513636642589e-01,4.648287486239851551e-01,-6.205538454157817352e-01,1.201777048466100145e-01,-2.346474046824258697e-01,-2.148033496213730686e-01,-1.154313575130265085e-01,5.023449466179956691e-01,-3.313050220292046988e-01,9.724812776633015576e-02,-5.208276273331288037e-02,0.000000000000000000e+00,0.000000000000000000e+00,-1.274257910796543047e+00,3.432226192093900119e-01,-2.445678750546353419e-01,-2.419906593775347781e-01,0.000000000000000000e+00,0.000000000000000000e+00,0.000000000000000000e+00,-1.232521436261641679e+00,-6.542265477946779262e-01,4.167873949099149544e-01,-5.123106903971597070e-01,0.000000000000000000e+00,0.000000000000000000e+00,0.000000000000000000e+00
3.771045686229451688e-02,-1.039563981557034333e+00,9.204193506318461004e-01,6.554178291019670255e-02,-3.818410842721867496e-03,7.813715411684815093e-01,6.206031010908510392e-01,-2.216567696733497822e-02,2.348655895755683010e-02,2.747023022321033459e-01,4.655792802598787694e-01,-6.194088449379873129e-01,1.192175138879996710e-01,-2.366312940755107841e-01,-2.143575990907723161e-01,-1.126534879755651253e-01,5.053777080711561176e-01,-3.309964772742987615e-01,9.323371106018486787e-02,-5.194839058825073685e-02,0.000000000000000000e+00,0.000000000000000000e+00,-1.271526385554642369e+00,3.414446711221722497e-01,-2.439334028805725807e-01,-2.371082703194203889e-01,0.000000000000000000e+00,0.000000000000000000e+00,0.000000000000000000e+00,-1.231213300089754270e+00,-6.498466455771344519e-01,4.198085590737331008e-01,-5.058974881719712213e-01,0.000000000000000000e+00,0.000000000000000000e+00,0.000000000000000000e+00
3.804188176725658427e-02,-1.039606143496325963e+00,9.206064209681332766e-01,6.502329118703213673e-02,-3.304777494575708574e-03,7.815837044757909524e-01,6.203933937001727683e-01,-2.379512665935394969e-02,2.281387630239380820e-02,2.728385499759805599e-01,4.642483395325538997e-01,-6.167566321487958358e-01,1.218472211812754169e-01,-2.376094089319115144e-01,-2.150199319064687864e-01,-1.153169132646397477e-01,5.046015842044511146e-01,-3.312338725797407402e-01,9.238958850138913326e-02,-4.873654895519696079e-02,0.000000000000000000e+00,0.000000000000000000e+00,-1.270086938750616179e+00,3.359715216475741562e-01,-2.425343141424976812e-01,-2.313830365570987424e-01,0.000000000000000000e+00,0.000000000000000000e+00,0.000000000000000000e+00,-1.229680798386701523e+00,-6.512000952526323383e-01,4.234776512650221258e-01,-5.028020274275003532e-01,0.000000000000000000e+00,0.000000000000000000e+00,0.000000000000000000e+00
3.830798127778414081e-02,-1.039820544514541645e+00,9.208260745771595923e-01,6.475195970785792288e-02,-3.612680638290986963e-03,7.813019629118546083e-01,6.207748182736482212e-01,-2.545914595470211844e-02,2.304925714202114145e-02,2.693385009641244832e-01,4.656640585167493018e-01,-6.132776330588457503e-01,1.242698536519085684e-01,-2.354479032191585386e-01,-2.119006814149959617e-01,-1.131910284166839642e-01,4.996102461357649349e-01,-3.338032328166422591e-01,8.982000013980004360e-02,-4.817056617020357145e-02,0.000000000000000000e+00,0.000000000000000000e+00,-1.265021815839797892e+00,3.268464180048931689e-01,-2.376524362832861115e-01,-2.252132043057949451e-01,0.000000000000000000e+00,0.000000000000000000e+00,0.000000000000000000e+00,-1.226307054732661328e+00,-6.477587268268560905e-01,4.208969399898139785e-01,-4.935708669641796220e-01,0.000000000000000000e+00,0.000000000000000000e+00,0.000000000000000000e+00
3.848227581645675965e-02,-1.040166819933975084e+00,9.209808162113356511e-01,6.477994773109929660e-02,-3.852278516240937797e-03,7.810682545260012599e-01,6.210644894806780503e-01,-2.439019425484623832e-02,2.299531940894263687e-02,2.689070532113694845e-01,4.633264156620801044e-01,-6.127362329645147376e-01,1.249695481126292529e-01,-2.353680064275648909e-01,-2.116325961499772867e-01,-1.138450472520720347e-01,4.985789701498244408e-01,-3.293425031768442146e-01,9.232037098467674174e-02,-4.881619335504983059e-02,0.000000000000000000e+00,0.000000000000000000e+00,-1.260818760921993187e+00,3.259957174520397571e-01,-2.357382127788586745e-01,-2.204201631242667381e-01,0.000000000000000000e+00,0.000000000000000000e+00,0.000000000000000000e+00,-1.220615581030587649e+00,-6.452501401380663637e-01,4.182997229290799091e-01,-4.868458750329910933e-01,0.000000000000000000e+00,0.000000000000000000e+00,0.000000000000000000e+00
3.883326188505841631e-02,-1.040582076975899994e+00,9.209392040464534634e-01,6.555503220543006104e-02,-3.981031083891381148e-03,7.807170738981689118e-01,6.214238003713210556e-01,-2.358342676104435709e-02,2.253745012902047887e-02,2.693851116542780311e-01,4.632041602884890974e-01,-6.105234765902801675e-01,1.250603923230988179e-01,-2.359207774489925358e-01,-2.124866741951910443e-01,-1.141674787717061323e-01,5.008689657855575073e-01,-3.278199896393331758e-01,9.124219811518038958e-02,-4.600504182048103380e-02,0.000000000000000000e+00,0.000000000000000000e+00,-1.254385183733795595e+00,3.208216195954166627e-01,-2.357306074648177485e-01,-2.138475471742880551e-01,0.000000000000000000e+00,0.000000000000000000e+00,0.000000000000000000e+00,-1.214658879604331609e+00,-6.413062315975627259e-01,4.204452913408530668e-01,-4.797950446348535070e-01,0.000000000000000000e+00,0.000000000000000000e+00,0.000000000000000000e+00
3.908131050204231849e-02,-1.041008031061930295e+00,9.208826203597647586e-01,6.631622010701485048e-02,-4.823001966872642217e-03,7.801757328271919922e-01,6.220166585472607368e-01,-2.287550229423571113e-02,2.283999913327377715e-02,2.685013735863673312e-01,4.655254717699529587e-01,-6.099621459390986988e-01,1.287436103426158329e-01,-2.349512264770797498e-01,-2.114904081395630742e-01,-1.134214572692991418e-01,5.017459625119966571e-01,-3.257368628031037661e-01,9.091545996953376285e-02,-4.352189819424120976e-02,0.000000000000000000e+00,0.000000000000000000e+00,-1.250659388781592440e+00,3.213061844794852795e-01,-2.368588978859781369e-01,-2.050176896261276249e-01,0.000000000000000000e+00,0.000000000000000000e+00,0.000000000000000000e+00,-1.211496770141966772e+00,-6.476003608743966522e-01,4.244688530072910360e-01,-4.751001732097104302e-01,0.000000000000000000e+00,0.000000000000000000e+00,0.000000000000000000e+00
3.929295666426022016e-02,-1.041430987227246918e+00,9.207780353536881845e-01,6.675499363464267033e-02,-5.642115280457660198e-03,7.793419661203871973e-01,6.230072529301806661e-01,-2.286560156286298467e-02,2.414319763260875870e-02,2.684596452250715415e-01,4.686384566681369712e-01,-6.097493767663350051e-01,1.280948825412179248e-01,-2.343620496084319049e-01,-2.094941639675436118e-01,-1.117525902588570874e-01,5.021283710955839474e-01,-3.253279938015799511e-01,9.104762954223258320e-02,-4.216865711817935347e-02,0.000000000000000000e+00,0.000000000000000000e+00,-1.245012323111458485e+00,3.136414946862405295e-01,-2.288694774524663300e-01,-1.986443044625036680e-01,0.000000000000000000e+00,0.000000000000000000e+00,0.000000000000000000e+00,-1.207716365451269036e+00,-6.461156239136524038e-01,4.237698396236035392e-01,-4.680135928146704760e-01,0.000000000000000000e+00,0.000000000000000000e+00,0.000000000000000000e+00
3.950029955819291116e-02,-1.041793262811728349e+00,9.204014683974490740e-01,6.670289582720949351e-02,-6.458155115528161835e-03,7.785549523764970781e-01,6.239881425562499029e-01,-2.578621190122601381e-02,2.615484347870837556e-02,2.670122498893686691e-01,4.764834169153019938e-01,-6.129500674370516045e-01,1.293683144112245387e-01,-2.349135400002742569e-01,-2.063721323980899358e-01,-1.093206917189951388e-01,5.035413277955478328e-01,-3.287186503816069694e-01,8.959062512367163555e-02,-4.008830858716853213e-02,0.000000000000000000e+00,0.000000000000000000e+00,-1.240877582737430096e+00,3.100164666868333030e-01,-2.297134369273733656e-01,-1.934319563020427402e-01,0.000000000000000000e+00,0.000000000000000000e+00,0.000000000000000000e+00,-1.203077960160992221e+00,-6.450146538382822703e-01,4.272760124089447498e-01,-4.623823970340492084e-01,0.000000000000000000e+00,0.000000000000000000e+00,0.000000000000000000e+00
3.974187001782809175e-02,-1.042006642714662146e+00,9.207638728221397839e-01,6.691464537899069476e-02,-6.402815315958786113e-03,7.781048677073555409e-01,6.245272204155336571e-01,-2.465777519352811351e-02,2.508401680860833718e-02,2.651938579176346678e-01,4.730168074245436616e-01,-6.083931711681149768e-01,1.277240384868915390e-01,-2.343673239355490712e-01,-2.064673519206101093e-01,-1.101251108584330729e-01,5.012921562738091863e-01,-3.239814885009084655e-01,8.789338748515529431e-02,-4.070894932117003623e-02,0.000000000000000000e+00,0.000000000000000000e+00,-1.236017078917618583e+00,3.130637728693046462e-01,-2.302131903740148033e-01,-1.888429470058711201e-01,0.000000000000000000e+00,0.000000000000000000e+00,0.000000000000000000e+00,-1.200217056897533441e+00,-6.440841072171048509e-01,4.300369545417694894e-01,-4.567741413262486061e-01,0.000000000000000000e+00,0.000000000000000000e+00,0.000000000000000000e+00
3.989668769502385803e-02,-1.042258653958589631e+00,9.211435382223347457e-01,6.709940509214326609e-02,-6.607529062124643110e-03,7.781924366295698281e-01,6.243961418590820989e-01,-2.259523311882352670e-02,2.515429898163548325e-02,2.661599113138860551e-01,4.686945083723936811e-01,-6.041273971572843626e-01,1.288441642585122504e-01,-2.327290408938296473e-01,-2.074905084238185815e-01,-1.133831770450174914e-01,4.985142495818092878e-01,-3.183405667791675553e-01,9.009554468626788937e-02,-3.907897192457630842e-02,0.000000000000000000e+00,0.000000000000000000e+00,-1.229489823960030925e+00,3.039432991793460381e-01,-2.263380391166332217e-01,-1.830148404753930702e-01,0.000000000000000000e+00,0.000000000000000000e+00,0.000000000000000000e+00,-1.194220058656221051e+00,-6.438043068613780173e-01,4.280576061061897031e-01,-4.503629917501533741e-01,0.000000000000000000e+00,0.000000000000000000e+00,0.000000000000000000e+00
3.991526769894527399e-02,-1.042373191813197764e+00,9.211206159617321143e-01,6.708084306795744634e-02,-6.844101697561822545e-03,7.770440494379829977e-01,6.258241478229067400e-01,-2.201448609461348696e-02,2.564808529518563737e-02,2.670294790804202956e-01,4.687931388986011916e-01,-6.041960345479694405e-01,1.278945741898617761e-01,-2.326171553301220607e-01,-2.050099416297797017e-01,-1.099653000606758829e-01,4.967128329227238903e-01,-3.192684403763722534e-01,8.820675506126166021e-02,-3.980890454332389888e-02,0.000000000000000000e+00,0.000000000000000000e+00,-1.224574261141019305e+00,2.995829229907234215e-01,-2.210266642149561478e-01,-1.811749366692796404e-01,0.000000000000000000e+00,0.000000000000000000e+00,0.000000000000000000e+00,-1.188092324061259308e+00,-6.399615799686633189e-01,4.305890669482549393e-01,-4.451046976404781641e-01,0.000000000000000000e+00,0.000000000000000000e+00,0.000000000000000000e+00
3.992141019118772283e-02,-1.042513140344256461e+00,9.210770034530023631e-01,6.746526883623152337e-02,-7.312077971549280422e-03,7.766938623538202080e-01,6.262121167771337316e-01,-2.124359806596153727e-02,2.636822016489619863e-02,2.672586458163778156e-01,4.696260995194087018e-01,-6.028172219565339773e-01,1.255373863117857647e-01,-2.332813244284252796e-01,-2.045311910986407355e-01,-1.089911534208155980e-01,4.993273512110494861e-01,-3.155904782993343427e-01,8.786251577005081692e-02,-4.201244014902826007e-02,0.000000000000000000e+00,0.000000000000000000e+00,-1.215303353411684162e+00,2.957395839592112385e-01,-2.141585662182284022e-01,-1.769030558505217954e-01,0.000000000000000000e+00,0.000000000000000000e+00,0.000000000000000000e+00,-1.183449675933945677e+00,-6.382774072532505505e-01,4.244240137553005887e-01,-4.348539392910393264e-01,0.000000000000000000e+00,0.000000000000000000e+00,0.000000000000000000e+00
3.971034057379035920e-02,-1.042458357110060518e+00,9.212026500443220023e-01,6.674307955074737508e-02,-7.560370569018590343e-03,7.759865020229527177e-01,6.271627785568303359e-01,-2.007207200360650728e-02,2.774205289555796081e-02,2.694868283164661982e-01,4.671950996369501619e-01,-6.049918051324914003e-01,1.244808673131502924e-01,-2.330198702215356410e-01,-2.023329863572389531e-01,-1.076703736068092554e-01,4.963201015187831411e-01,-3.150265662160496860e-01,9.143771382141423210e-02,-4.335672439604543876e-02,0.000000000000000000e+00,0.000000000000000000e+00,-1.212800354267169034e+00,2.958602429343141771e-01,-2.120540699718446997e-01,-1.746497516912242365e-01,0.000000000000000000e+00,0.000000000000000000e+00,0.000000000000000000e+00,-1.181501991972230048e+00,-6.430720611505935658e-01,4.259251420879390793e-01,-4.305999811041564818e-01,0.000000000000000000e+00,0.000000000000000000e+00,0.000000000000000000e+00
3.960769881916743895e-02,-1.042396919002079425e+00,9.212216535944387497e-01,6.676973959049962992e-02,-7.723049351965056118e-03,7.749069405116653098e-01,6.284913602672472788e-01,-2.011467778870325296e-02,2.823986130088476654e-02,2.709322991626378352e-01,4.687681063835179573e-01,-6.036232093069895388e-01,1.268900016841538192e-01,-2.334710478579062054e-01,-1.996675613855888320e-01,-1.030312738102531489e-01,4.954787458420795154e-01,-3.134915934330587683e-01,8.624818918528164013e-02,-4.683916148393606205e-02,0.000000000000000000e+00,0.000000000000000000e+00,-1.207497064901325246e+00,3.034121675938181162e-01,-2.133719835939777154e-01,-1.695064936936288291e-01,0.000000000000000000e+00,0.000000000000000000e+00,0.000000000000000000e+00,-1.184320132104896617e+00,-6.483609720496394946e-01,4.313262835138475526e-01,-4.240584360481827186e-01,0.000000000000000000e+00,0.000000000000000000e+00,0.000000000000000000e+00
3.954114750713855209e-02,-1.042260057765384662e+00,9.215994177421322764e-01,6.578286680673746389e-02,-7.129692871866594520e-03,7.749766799240045412e-01,6.285164496560193825e-01,-2.048040149342334609e-02,2.799553502603867317e-02,2.705675721229581776e-01,4.642185995992162972e-01,-6.010005750813741665e-01,1.250165019793557375e-01,-2.336279211339099549e-01,-1.986159437459303068e-01,-1.024594824125452525e-01,4.909050334437760066e-01,-3.120761735419715355e-01,8.668338960785372527e-02,-4.718589919560758905e-02,0.000000000000000000e+00,0.000000000000000000e+00,-1.203127979225076860e+00,2.931245237029552198e-01,-2.059062851196891419e-01,-1.654803071996088504e-01,0.000000000000000000e+00,0.000000000000000000e+00,0.000000000000000000e+00,-1.181280478300346326e+00,-6.431486163933033406e-01,4.266652764256725905e-01,-4.204843316655922925e-01,0.000000000000000000e+00,0.000000000000000000e+00,0.000000000000000000e+00
3.950921744504836547e-02,-1.042309091291056866e+00,9.216616460388972198e-01,6.610644246046820660e-02,-7.209018687502117065e-03,7.750799610382042015e-01,6.283542172308550500e-01,-1.958782940533569661e-02,2.722440415608414627e-02,2.697998933953562606e-01,4.630586873454670127e-01,-5.994948276038375434e-01,1.254074578506494952e-01,-2.328347549691940077e-01,-2.001172367774643468e-01,-1.045703689323553287e-01,4.907643574300110667e-01,-3.104067483926079007e-01,8.934054704052774021e-02,-4.686687915722610037e-02,0.000000000000000000e+00,0.000000000000000000e+00,-1.199522276486885586e+00,2.956187731981416156e-01,-2.067999092429855523e-01,-1.601159427347922382e-01,0.000000000000000000e+00,0.000000000000000000e+00,0.000000000000000000e+00,-1.177631067576486057e+00,-6.426669320997685508e-01,4.224395467235058654e-01,-4.144955219862804796e-01,0.000000000000000000e+00,0.000000000000000000e+00,0.000000000000000000e+00
3.943140725691728077e-02,-1.042320382613372232e+00,9.217871124953355144e-01,6.613171045183718899e-02,-7.945075604061267380e-03,7.751503791374949603e-01,6.282558096582622209e-01,-1.863377716235663922e-02,2.807147260333920508e-02,2.687277958616914875e-01,4.629682618008102435e-01,-5.984568776020010583e-01,1.265642291039154599e-01,-2.305915281494501645e-01,-1.993191372787959659e-01,-1.062676438606610235e-01,4.886191946765952032e-01,-3.082878117554603281e-01,8.913063817493672991e-02,-4.939266622520351036e-02,0.000000000000000000e+00,0.000000000000000000e+00,-1.195839538929248436e+00,2.942513578078128078e-01,-2.049366397204725188e-01,-1.501727955821173244e-01,0.000000000000000000e+00,0.000000000000000000e+00,0.000000000000000000e+00,-1.178413615921031887e+00,-6.494182192465635106e-01,4.216048672031779132e-01,-4.084532604723378202e-01,0.000000000000000000e+00,0.000000000000000000e+00,0.000000000000000000e+00
3.938305506063179140e-02,-1.042255820055254967e+00,9.218977497544675881e-01,6.565532209401089836e-02,-8.077883914090644435e-03,7.748880590518846256e-01,6.286275705145342174e-01,-1.863814499892305077e-02,2.892951283326811174e-02,2.689386909168625106e-01,4.620633432515114380e-01,-5.979374847186260666e-01,1.255434232603829525e-01,-2.304075533713726143e-01,-1.968286673485578064e-01,-1.033365571990290388e-01,4.862388466548920318e-01,-3.068472099632134076e-01,8.832605335066426311e-02,-5.096939711947416629e-02,0.000000000000000000e+00,0.000000000000000000e+00,-1.194303321655697303e+00,2.978925251043187949e-01,-2.047767817031304616e-01,-1.450718026418121587e-01,0.000000000000000000e+00,0.000000000000000000e+00,0.000000000000000000e+00,-1.182576020869371192e+00,-6.551356852065083336e-01,4.243321678427856569e-01,-4.061189688659269659e-01,0.000000000000000000e+00,0.000000000000000000e+00,0.000000000000000000e+00
3.955620802296180155e-02,-1.042317801623714679e+00,9.218686406037333025e-01,6.596428126585580920e-02,-7.722098968345145545e-03,7.749222516039177000e-01,6.285575445046515108e-01,-1.831257756600704681e-02,2.835321125583975532e-02,2.697274399140937584e-01,4.612656165011341791e-01,-5.978936973849175995e-01,1.236672936050112886e-01,-2.309526207477953230e-01,-1.975357803172876348e-01,-1.025299959524034188e-01,4.873104320188165750e-01,-3.083869988500119175e-01,8.790839738417952076e-02,-5.081662391043737653e-02,0.000000000000000000e+00,0.000000000000000000e+00,-1.190008416544049430e+00,2.917567001095480728e-01,-2.027332739030229813e-01,-1.375584982602351125e-01,0.000000000000000000e+00,0.000000000000000000e+00,0.000000000000000000e+00,-1.180282952185577328e+00,-6.443915681170203635e-01,4.217759185480479123e-01,-3.982100879638624802e-01,0.000000000000000000e+00,0.000000000000000000e+00,0.000000000000000000e+00
3.962619968547281130e-02,-1.042252015102642426e+00,9.219301702601722104e-01,6.591241010939315192e-02,-8.473133485847553908e-03,7.745202207793511207e-01,6.290486370753917145e-01,-1.816446058985851653e-02,2.882715448970472535e-02,2.668062221751227314e-01,4.625088931959153715e-01,-5.971129293422382522e-01,1.271288635350103502e-01,-2.293617949473337470e-01,-1.953792168564234544e-01,-1.019125770228813399e-01,4.852517705733476183e-01,-3.059969715032598292e-01,8.818507268120071019e-02,-4.963042111955614372e-02,0.000000000000000000e+00,0.000000000000000000e+00,-1.189119140259192076e+00,2.966635171797289416e-01,-2.012848362577492889e-01,-1.303869319457782727e-01,0.000000000000000000e+00,0.000000000000000000e+00,0.000000000000000000e+00,-1.185787354621136380e+00,-6.600852423856129469e-01,4.297909501009740119e-01,-3.952297868914851908e-01,0.000000000000000000e+00,0.000000000000000000e+00,0.000000000000000000e+00
3.972161024162290666e-02,-1.042339802704541407e+00,9.218107183745958277e-01,6.610819830695234545e-02,-8.539776540003348251e-03,7.742537698109560607e-01,6.293551288952677902e-01,-1.768009146137648757e-02,2.790521440111931595e-02,2.653193314822009374e-01,4.625580029436106577e-01,-6.003696411612076123e-01,1.288452750499666510e-01,-2.295894903907864937e-01,-1.953495409084803902e-01,-1.016209290154071743e-01,4.862898314752467366e-01,-3.075357652584530532e-01,8.898284551024338018e-02,-4.880997709689565561e-02,0.000000000000000000e+00,0.000000000000000000e+00,-1.189382139684816320e+00,2.971084122116223192e-01,-2.001773278233591746e-01,-1.176359525783903792e-01,0.000000000000000000e+00,0.000000000000000000e+00,0.000000000000000000e+00,-1.184354692154629518e+00,-6.534466212027028043e-01,4.283963527932989068e-01,-3.858340813402774683e-01,0.000000000000000000e+00,0.000000000000000000e+00,0.000000000000000000e+00
3.986009754097587232e-02,-1.042466381335878545e+00,9.216056850683708168e-01,6.600269332025311686e-02,-8.850511257388048517e-03,7.735063156984030019e-01,6.302803285044192849e-01,-1.893140418878231507e-02,2.973742633572282884e-02,2.670475054542684190e-01,4.664846798038095876e-01,-6.023939521840047107e-01,1.281390855942020901e-01,-2.300194317876395889e-01,-1.933758805563464134e-01,-1.000221075364544632e-01,4.863993588542639968e-01,-3.104419548012057328e-01,8.629699021568922046e-02,-4.978596909613526578e-02,0.000000000000000000e+00,0.000000000000000000e+00,-1.185778782391733621e+00,2.957797434491923338e-01,-1.961649409409371436e-01,-1.111933205128576574e-01,0.000000000000000000e+00,0.000000000000000000e+00,0.000000000000000000e+00,-1.185278195826197312e+00,-6.533789785524866112e-01,4.329383263910441260e-01,-3.804319390903672105e-01,0.000000000000000000e+00,0.000000000000000000e+00,0.000000000000000000e+00
4.008862214967906512e-02,-1.042533226388679291e+00,9.218869660396257215e-01,6.631148582630341792e-02,-8.753385309639576811e-03,7.737584892972626527e-01,6.299396521362560231e-01,-1.766542700225565837e-02,2.889879528733031028e-02,2.657840691250471510e-01,4.631406348650561888e-01,-5.982318498345238211e-01,1.260935646808970245e-01,-2.293594425884686594e-01,-1.935784070380972555e-01,-1.001137057148820120e-01,4.858573966689763157e-01,-3.082417029896480365e-01,8.262657808546931826e-02,-5.011411015607291491e-02,0.000000000000000000e+00,0.000000000000000000e+00,-1.182106998563294376e+00,2.959902875595745164e-01,-1.958757098750514014e-01,-1.039850918894561632e-01,0.000000000000000000e+00,0.000000000000000000e+00,0.000000000000000000e+00,-1.186592764349542195e+00,-6.552067103926282332e-01,4.363707881646635145e-01,-3.764075260210204554e-01,0.000000000000000000e+00,0.000000000000000000e+00,0.000000000000000000e+00
4.015342433434176961e-02,-1.042774008957362275e+00,9.220203486396575387e-01,6.626055790048750171e-02,-9.461912282251261699e-03,7.732419377219058587e-01,6.305687245897561022e-01,-1.701911734131435205e-02,3.047392061959865867e-02,2.666540067564311944e-01,4.633987444642632680e-01,-5.969004087708144057e-01,1.269348413979957124e-01,-2.265094343199590132e-01,-1.906569240431749690e-01,-9.781813921945808898e-02,4.804803088450814719e-01,-3.083459010405038558e-01,8.412941719421863918e-02,-4.934692611653916650e-02,0.000000000000000000e+00,0.000000000000000000e+00,-1.179146949444495274e+00,2.908434323327385163e-01,-1.926620586757537001e-01,-9.772585089862093066e-02,0.000000000000000000e+00,0.000000000000000000e+00,0.000000000000000000e+00,-1.184753361108897396e+00,-6.559583455080746361e-01,4.385624476726147081e-01,-3.705572501835498467e-01,0.000000000000000000e+00,0.000000000000000000e+00,0.000000000000000000e+00
4.033606437476669471e-02,-1.042898607528371935e+00,9.220403052725218984e-01,6.624862500909076135e-02,-9.280680718805965623e-03,7.727587447662214171e-01,6.311647257548018697e-01,-1.722185299715412940e-02,2.995366038724817451e-02,2.660108965973778106e-01,4.630112239695412524e-01,-5.969405091606182490e-01,1.274817473691086112e-01,-2.268333943100192263e-01,-1.898603083681437709e-01,-9.656217831090696535e-02,4.795512443680133852e-01,-3.092969263999290619e-01,8.217926575306545856e-02,-4.819094802206482647e-02,0.000000000000000000e+00,0.000000000000000000e+00,-1.176372203735671862e+00,2.885983096873540599e-01,-1.925957507409720992e-01,-9.451802283663891802e-02,0.000000000000000000e+00,0.000000000000000000e+00,0.000000000000000000e+00,-1.186828694085977576e+00,-6.556229906387002204e-01,4.419760589955825658e-01,-3.681703635117712370e-01,0.000000000000000000e+00,0.000000000000000000e+00,0.000000000000000000e+00
4.052234132890381729e-02,-1.043102867775686393e+00,9.220619553951999725e-01,6.611723806514763213e-02,-9.416267400571944404e-03,7.724718712986060609e-01,6.315275550530693449e-01,-1.797917366402117245e-02,3.070682827384829325e-02,2.663937848761847582e-01,4.641626884949602294e-01,-5.968658746649726510e-01,1.287629184432620699e-01,-2.260126050364954786e-01,-1.895204049208412400e-01,-9.821292646716242580e-02,4.773737401077746689e-01,-3.099509317040149980e-01,8.272438425824181485e-02,-4.786837540345363629e-02,0.000000000000000000e+00,0.000000000000000000e+00,-1.176410346499140891e+00,2.892042624475151258e-01,-1.877524262768333618e-01,-9.098332240049986086e-02,0.000000000000000000e+00,0.000000000000000000e+00,0.000000000000000000e+00,-1.187477363042308554e+00,-6.567431934571852370e-01,4.413034259115562463e-01,-3.654894014283651682e-01,0.000000000000000000e+00,0.000000000000000000e+00,0.000000000000000000e+00
4.086066556012080825e-02,-1.043485003452033988e+00,9.223192358692187121e-01,6.694713056300372056e-02,-9.749174586983719651e-03,7.730610346031063784e-01,6.307136212914915552e-01,-1.494461805220665719e-02,3.093881013433264285e-02,2.686354882733107963e-01,4.601680605733330931e-01,-5.934618880235760230e-01,1.273615922244709930e-01,-2.229956739712559144e-01,-1.910312670947122982e-01,-1.009374289871892705e-01,4.750590183038346792e-01,-3.078464466007643230e-01,8.481967481365343398e-02,-4.883566033798031336e-02,0.000000000000000000e+00,0.000000000000000000e+00,-1.175115744554260377e+00,2.887064316587335533e-01,-1.880699867465084885e-01,-8.511591949227399756e-02,0.000000000000000000e+00,0.000000000000000000e+00,0.000000000000000000e+00,-1.181868129635704756e+00,-6.516936354993444480e-01,4.379992260133866444e-01,-3.583796721251037432e-01,0.000000000000000000e+00,0.000000000000000000e+00,0.000000000000000000e+00
4.118236127100607935e-02,-1.043707238863920583e+00,9.221339519770846982e-01,6.623360658558566372e-02,-9.661497146441842820e-03,7.727223283686415201e-01,6.312051711385926467e-01,-1.687630285881746087e-02,3.159851930456643310e-02,2.671423128881217357e-01,4.616224253772203689e-01,-5.977535913781082400e-01,1.279013866122193921e-01,-2.241656392344056337e-01,-1.893342967031348412e-01,-1.007962196759973061e-01,4.741699432123855917e-01,-3.115911051402946996e-01,8.482685188095213935e-02,-4.694046993758633352e-02,0.000000000000000000e+00,0.000000000000000000e+00,-1.174410976758254899e+00,2.841708054076638179e-01,-1.852979037149684038e-01,-8.678250388507122159e-02,0.000000000000000000e+00,0.000000000000000000e+00,0.000000000000000000e+00,-1.177647745084977604e+00,-6.462278625206023808e-01,4.304771849881397494e-01,-3.571647836523577646e-01,0.000000000000000000e+00,0.000000000000000000e+00,0.000000000000000000e+00
4.167356713190872863e-02,-1.044019183813662988e+00,9.222590822545757572e-01,6.627288820970310412e-02,-9.776109710575141970e-03,7.719163693647036473e-01,6.321846650102207477e-01,-1.753048780820773075e-02,3.209627976245149616e-02,2.661592137627789567e-01,4.619681667949545045e-01,-5.943493859338495611e-01,1.267449129927837315e-01,-2.246583719944130475e-01,-1.871527278119252680e-01,-9.819564744230749320e-02,4.724183121396769991e-01,-3.074972366980649463e-01,8.263232978060958134e-02,-4.672109952793250531e-02,0.000000000000000000e+00,0.000000000000000000e+00,-1.173180392949800588e+00,2.838850174423948047e-01,-1.809935843231552099e-01,-8.687903006188758825e-02,0.000000000000000000e+00,0.000000000000000000e+00,0.000000000000000000e+00,-1.172917913532200096e+00,-6.355632208343579004e-01,4.267586873547304926e-01,-3.533490795376574845e-01,0.000000000000000000e+00,0.000000000000000000e+00,0.000000000000000000e+00
4.229226441216647064e-02,-1.044442347422673389e+00,9.217797723006506683e-01,6.693101188726999218e-02,-9.939914438810062286e-03,7.705574032618459634e-01,6.337686691743728007e-01,-1.895081265799709175e-02,3.288835674007670185e-02,2.669282802578144542e-01,4.673427644509829393e-01,-5.960938553144160545e-01,1.260980587263976493e-01,-2.289484318085110159e-01,-1.847890947363254044e-01,-9.212939849264933923e-02,4.793899255379087676e-01,-3.068268620018784198e-01,7.798299496366885297e-02,-4.604140024846791607e-02,0.000000000000000000e+00,0.000000000000000000e+00,-1.169597723041137627e+00,2.808136895207262174e-01,-1.730910334561513442e-01,-8.878778045090199300e-02,0.000000000000000000e+00,0.000000000000000000e+00,0.000000000000000000e+00,-1.171069360608304466e+00,-6.272854186174586788e-01,4.290910408732742654e-01,-3.465223662318628328e-01,0.000000000000000000e+00,0.000000000000000000e+00,0.000000000000000000e+00
4.301003930016070870e-02,-1.044700032937596390e+00,9.218187242955440119e-01,6.717230935294539462e-02,-9.456414780012578625e-03,7.700697265611606834e-01,6.343430249555199740e-01,-1.980652198311548887e-02,3.252080424295705763e-02,2.669042879207836894e-01,4.673281671877252408e-01,-5.937120255746830555e-01,1.267411107163645412e-01,-2.299846057972845526e-01,-1.860065942293764596e-01,-9.435629185309964140e-02,4.797753672105472544e-01,-3.070606965496426310e-01,7.957086358340659249e-02,-4.437703294060211384e-02,0.000000000000000000e+00,0.000000000000000000e+00,-1.167426399905170609e+00,2.829675819247697843e-01,-1.687558273291443478e-01,-8.773553086629741482e-02,0.000000000000000000e+00,0.000000000000000000e+00,0.000000000000000000e+00,-1.170949016222628369e+00,-6.229957039580684697e-01,4.286792299568010223e-01,-3.400625262292514828e-01,0.000000000000000000e+00,0.000000000000000000e+00,0.000000000000000000e+00
4.351680909110623025e-02,-1.044959797581640037e+00,9.219351655696012005e-01,6.733987899617173423e-02,-9.659231483164646206e-03,7.699946360915697063e-01,6.344133513208455311e-01,-1.897658763125462805e-02,3.274660476048074642e-02,2.664415999093115994e-01,4.656015120727026724e-01,-5.920286925360810359e-01,1.283337631067474616e-01,-2.293385704715062423e-01,-1.863028657879069461e-01,-9.722648183736824767e-02,4.788880132343962259e-01,-3.048428639268747631e-01,8.019513178001716480e-02,-4.581708749893876470e-02,0.000000000000000000e+00,0.000000000000000000e+00,-1.167795406624011934e+00,2.897059608510690332e-01,-1.681173677378468567e-01,-8.365337108294886026e-02,0.000000000000000000e+00,0.000000000000000000e+00,0.000000000000000000e+00,-1.171337877135501415e+00,-6.238861624153695384e-01,4.283527388041105111e-01,-3.313355901621258259e-01,0.000000000000000000e+00,0.000000000000000000e+00,0.000000000000000000e+00
4.394606361208547307e-02,-1.045067229661181818e+00,9.217963899507762848e-01,6.714666574837996338e-02,-9.226058423154414809e-03,7.692020015004141786e-01,6.354010434462666890e-01,-2.045185104081480645e-02,3.224161543248323797e-02,2.659267785640585524e-01,4.666690307522213255e-01,-5.930920966659681826e-01,1.317217764473640196e-01,-2.324749071168181469e-01,-1.843204949283572536e-01,-9.255887385116377819e-02,4.810262330873475989e-01,-3.045388890715383656e-01,7.924471990004096356e-02,-4.725206262081280834e-02,0.000000000000000000e+00,0.000000000000000000e+00,-1.168549178247639819e+00,2.968836622349113608e-01,-1.727564709207524141e-01,-8.357911413581609050e-02,0.000000000000000000e+00,0.000000000000000000e+00,0.000000000000000000e+00,-1.172621646044678112e+00,-6.185530740367783942e-01,4.359707855517821473e-01,-3.219916071347891373e-01,0.000000000000000000e+00,0.000000000000000000e+00,0.000000000000000000e+00
4.417010417827148955e-02,-1.045213984538511998e+00,9.218459201305183592e-01,6.718514804549850783e-02,-9.702185940720789784e-03,7.676794341853039327e-01,6.372286165882756759e-01,-1.945702851637456238e-02,3.357260190187469351e-02,2.673728001281037159e-01,4.669197229354443146e-01,-5.927387142439782819e-01,1.314467956670140047e-01,-2.324254161566989274e-01,-1.807407578503868462e-01,-8.800363327852836481e-02,4.794879537544225467e-01,-3.024199858860607271e-01,7.871630146445637854e-02,-5.045389022933810530e-02,0.000000000000000000e+00,0.000000000000000000e+00,-1.168539898435726920e+00,3.096206990344999577e-01,-1.712073425499783252e-01,-8.174769604009414492e-02,0.000000000000000000e+00,0.000000000000000000e+00,0.000000000000000000e+00,-1.178665925497282663e+00,-6.208940380305866258e-01,4.418068540092118246e-01,-3.117884882882424602e-01,0.000000000000000000e+00,0.000000000000000000e+00,0.000000000000000000e+00
4.438845675018737030e-02,-1.045287173203454323e+00,9.219450865162888142e-01,6.667575014706189629e-02,-8.693649721082965381e-03,7.670355479223018857e-01,6.380714952263480955e-01,-2.082369707082722121e-02,3.209831258365990203e-02,2.676430174077359947e-01,4.646720374642229756e-01,-5.910147543607456866e-01,1.347459968821506093e-01,-2.365976037566033530e-01,-1.815348449802757225e-01,-8.751267630132300579e-02,4.810446174347778325e-01,-2.966712398246407756e-01,8.102766226324105425e-02,-5.305521387917132292e-02,0.000000000000000000e+00,0.000000000000000000e+00,-1.167778963021618877e+00,3.193294270369491650e-01,-1.754446517057801358e-01,-8.035107268241525880e-02,0.000000000000000000e+00,0.000000000000000000e+00,0.000000000000000000e+00,-1.185002555146014380e+00,-6.212624194004974232e-01,4.519465635176980189e-01,-3.017654627444403825e-01,0.000000000000000000e+00,0.000000000000000000e+00,0.000000000000000000e+00
4.441939066281765103e-02,-1.045620222937078347e+00,9.219794038070948661e-01,6.643671111528831608e-02,-8.451249967064250815e-03,7.663685364425686375e-01,6.389006230557717769e-01,-2.134367146097578341e-02,3.090935264004443517e-02,2.658859612394358085e-01,4.634521162186664434e-01,-5.917984730320983155e-01,1.353577962964200021e-01,-2.370556543943596883e-01,-1.803040534159844888e-01,-8.529618265591840109e-02,4.787416000288016171e-01,-2.982931492216020497e-01,8.083797706172715647e-02,-5.432859327431389940e-02,0.000000000000000000e+00,0.000000000000000000e+00,-1.167615744427663804e+00,3.149854227115133076e-01,-1.758529573387877520e-01,-7.201591079540839435e-02,0.000000000000000000e+00,0.000000000000000000e+00,0.000000000000000000e+00,-1.184630269266033764e+00,-6.100107561081667962e-01,4.542169855991382010e-01,-2.869333188053060368e-01,0.000000000000000000e+00,0.000000000000000000e+00,0.000000000000000000e+00
4.445471627367694051e-02,-1.045832541429514428e+00,9.222223637256534712e-01,6.670086687124660019e-02,-8.202231793523213216e-03,7.654892037096712176e-01,6.399296811026684573e-01,-1.980115337116295296e-02,2.944268740983044946e-02,2.661106784273012393e-01,4.595040261605702892e-01,-5.872760950281208370e-01,1.353669945720740730e-01,-2.373230280411132986e-01,-1.804093228529556336e-01,-8.401652136837151064e-02,4.772169721961975197e-01,-2.945504424576078084e-01,8.144389082752619136e-02,-5.458099710200294691e-02,0.000000000000000000e+00,0.000000000000000000e+00,-1.167148564333404970e+00,3.211354371973078048e-01,-1.831612839249149027e-01,-6.198869727561340942e-02,0.000000000000000000e+00,0.000000000000000000e+00,0.000000000000000000e+00,-1.189655898099691633e+00,-6.114655797447654528e-01,4.680230929372223292e-01,-2.704504623138793695e-01,0.000000000000000000e+00,0.000000000000000000e+00,0.000000000000000000e+00
4.437082741984329365e-02,-1.046204227032702549e+00,9.225303176915679026e-01,6.668689884787305788e-02,-7.560244571533822691e-03,7.651151565458259585e-01,6.403862096016185168e-01,-1.921465777043356721e-02,2.760754885359036070e-02,2.673392366883540205e-01,4.551438043332471928e-01,-5.834474461335659168e-01,1.394373267388328841e-01,-2.382831535392145317e-01,-1.820073834815058855e-01,-8.456327314717329569e-02,4.750931810089128460e-01,-2.889975623435965257e-01,8.379929910022537731e-02,-5.525334537645445326e-02,0.000000000000000000e+00,0.000000000000000000e+00,-1.162198256417048547e+00,3.156862357045940870e-01,-1.802254624661565052e-01,-5.438000211474968565e-02,0.000000000000000000e+00,0.000000000000000000e+00,0.000000000000000000e+00,-1.187455937824890118e+00,-5.991872601007637300e-01,4.627281546100134868e-01,-2.540782181222425717e-01,0.000000000000000000e+00,0.000000000000000000e+00,0.000000000000000000e+00
4.415805335519865787e-02,-1.046538730677336382e+00,9.226533520479131001e-01,6.679018180462024945e-02,-7.314471273760786950e-03,7.638791682073818867e-01,6.418521531499983279e-01,-1.728015482899006999e-02,2.660040055145753563e-02,2.698668696255308586e-01,4.512337490282844477e-01,-5.828333004993750954e-01,1.388312930528235178e-01,-2.390041645702091211e-01,-1.801479409056964132e-01,-7.890677999734516113e-02,4.732710762586608277e-01,-2.882485629716317055e-01,8.192744274481024436e-02,-5.700228527923910382e-02,0.000000000000000000e+00,0.000000000000000000e+00,-1.160800704732765753e+00,3.198990204208497778e-01,-1.789560482348650505e-01,-4.921905561317013733e-02,0.000000000000000000e+00,0.000000000000000000e+00,0.000000000000000000e+00,-1.186743056406881713e+00,-5.895823060030929152e-01,4.615136102315004485e-01,-2.392270827927218124e-01,0.000000000000000000e+00,0.000000000000000000e+00,0.000000000000000000e+00
4.400402970932197622e-02,-1.046879164045630528e+00,9.226614341160622734e-01,6.757361692894671423e-02,-7.208895136856219819e-03,7.629432523865616878e-01,6.428836844747738422e-01,-1.501464839745507776e-02,2.529594298388865639e-02,2.726183176163970989e-01,4.486895543262959807e-01,-5.803280336598324318e-01,1.387911237960166577e-01,-2.405436345441898383e-01,-1.819706460735235065e-01,-7.881025105529801400e-02,4.759126881991597169e-01,-2.837481154996175925e-01,8.279861953875418401e-02,-5.701202929079722537e-02,0.000000000000000000e+00,0.000000000000000000e+00,-1.156818254769683918e+00,3.200842357826035323e-01,-1.778483605573403792e-01,-4.190511135021578182e-02,0.000000000000000000e+00,0.000000000000000000e+00,0.000000000000000000e+00,-1.188095479861329906e+00,-5.880708688741118628e-01,4.637242938784592039e-01,-2.248018421903190400e-01,0.000000000000000000e+00,0.000000000000000000e+00,0.000000000000000000e+00
4.376084523378073049e-02,-1.047028793474089836e+00,9.229843105410560078e-01,6.689044153342686705e-02,-6.486184656909046997e-03,7.626776363494930377e-01,6.432778725033293510e-01,-1.467266245266202890e-02,2.357675939033068019e-02,2.726134726323252155e-01,4.430336217848085956e-01,-5.783198287560831208e-01,1.406625693132224630e-01,-2.420892637256747970e-01,-1.823754168123680741e-01,-7.855657788245587470e-02,4.731712914766806333e-01,-2.782558628534337331e-01,8.449780500284045925e-02,-5.983793284413999047e-02,0.000000000000000000e+00,0.000000000000000000e+00,-1.155768604848917525e+00,3.268925788874845195e-01,-1.844926493280722724e-01,-3.408646114437045849e-02,0.000000000000000000e+00,0.000000000000000000e+00,0.000000000000000000e+00,-1.190443576995855679e+00,-5.882548180588078601e-01,4.707926052667972261e-01,-2.085063757902608228e-01,0.000000000000000000e+00,0.000000000000000000e+00,0.000000000000000000e+00
4.370950401656330947e-02,-1.047163835105381580e+00,9.231792011810022736e-01,6.666898764751952311e-02,-5.828583280211692419e-03,7.619044551891034356e-01,6.442226904308754332e-01,-1.475081537010822577e-02,2.237631927424914291e-02,2.732234835003482520e-01,4.398178365794350175e-01,-5.742685900327294535e-01,1.393122967386285493e-01,-2.428084510061664369e-01,-1.825402742821857494e-01,-7.766255153595315319e-02,4.704056618161659986e-01,-2.766876702211782946e-01,8.433480361443607132e-02,-5.968522485512642306e-02,0.000000000000000000e+00,0.000000000000000000e+00,-1.154615068643919606e+00,3.395564298288394900e-01,-1.908053480432977400e-01,-2.804373006635189208e-02,0.000000000000000000e+00,0.000000000000000000e+00,0.000000000000000000e+00,-1.194386392681117792e+00,-5.898753368772632344e-01,4.805013487716029430e-01,-1.933133145536109210e-01,0.000000000000000000e+00,0.000000000000000000e+00,0.000000000000000000e+00
4.370912084367053335e-02,-1.047171317158784198e+00,9.232859431965417807e-01,6.589350155884581006e-02,-4.368560371649415734e-03,7.621981161241924152e-01,6.439666093124124524e-01,-1.601148321976976138e-02,1.959005833996719376e-02,2.718305599261975347e-01,4.350074613213374963e-01,-5.745884565300126701e-01,1.407545656244837129e-01,-2.464446561238072542e-01,-1.845667660724565895e-01,-7.824060492174117476e-02,4.707857259065750810e-01,-2.747856812565434570e-01,8.661997801269907815e-02,-6.174790044885567625e-02,0.000000000000000000e+00,0.000000000000000000e+00,-1.153502734834330745e+00,3.457549507683025936e-01,-1.925284513263187669e-01,-2.102730725832698683e-02,0.000000000000000000e+00,0.000000000000000000e+00,0.000000000000000000e+00,-1.194165110559160858e+00,-5.827594775035059849e-01,4.788598737695017316e-01,-1.767735461518572249e-01,0.000000000000000000e+00,0.000000000000000000e+00,0.000000000000000000e+00
4.369968282247763819e-02,-1.047276754758245332e+00,9.232848397209914015e-01,6.580165662004883176e-02,-3.688167307915561979e-03,7.606821711286011478e-01,6.457702175968191849e-01,-1.700325430680944133e-02,1.911530177088301835e-02,2.749025176503099299e-01,4.351510470819909826e-01,-5.713607172895766029e-01,1.420282270983595774e-01,-2.491704541790369654e-01,-1.842418556650839423e-01,-7.524817156936300377e-02,4.713049140184402130e-01,-2.733116312052223384e-01,8.841939000027292106e-02,-6.209733445640579913e-02,0.000000000000000000e+00,0.000000000000000000e+00,-1.148700134710260112e+00,3.509469676470332034e-01,-1.960953866626830855e-01,-1.313467727897034767e-02,0.000000000000000000e+00,0.000000000000000000e+00,0.000000000000000000e+00,-1.194831166954868573e+00,-5.819079328907498239e-01,4.884091627684188919e-01,-1.584141163202004432e-01,0.000000000000000000e+00,0.000000000000000000e+00,0.000000000000000000e+00
4.388265344205910523e-02,-1.047157979880335654e+00,9.233928991428584920e-01,6.529076972680052104e-02,-2.371712309674440383e-03,7.607855985962488354e-01,6.457064064555572136e-01,-1.863313333179399817e-02,1.679496393319225220e-02,2.730116711215134773e-01,4.321069697448859936e-01,-5.698507286989583642e-01,1.419458387696700130e-01,-2.517619277943778378e-01,-1.860579163566971617e-01,-7.638576196105291427e-02,4.709400396392202648e-01,-2.724416930003467630e-01,8.762141676206212926e-02,-6.271700269388574833e-02,0.000000000000000000e+00,0.000000000000000000e+00,-1.147595081069947121e+00,3.651829354494166013e-01,-2.092937010747807081e-01,-4.985883140706352801e-03,0.000000000000000000e+00,0.000000000000000000e+00,0.000000000000000000e+00,-1.198564737567796801e+00,-5.834216370456530854e-01,4.986191069783691421e-01,-1.405429698175671982e-01,0.000000000000000000e+00,0.000000000000000000e+00,0.000000000000000000e+00
4.403514571418625650e-02,-1.047082906328472340e+00,9.234373283898319462e-01,6.469700525131433233e-02,-1.316911260985761684e-03,7.603671241884718546e-01,6.462618662040914286e-01,-2.117520467331483053e-02,1.607429681687713718e-02,2.737222865866625887e-01,4.320942833674008554e-01,-5.675090895872850760e-01,1.439776639849274509e-01,-2.551417409526048896e-01,-1.870514407656769240e-01,-7.696367703563539164e-02,4.717385933841875545e-01,-2.694379765257796100e-01,8.773088186466634908e-02,-6.439977010150149672e-02,0.000000000000000000e+00,0.000000000000000000e+00,-1.143441455194173395e+00,3.713000785012751104e-01,-2.096244555554738764e-01,-1.701618672020240031e-03,0.000000000000000000e+00,0.000000000000000000e+00,0.000000000000000000e+00,-1.199133898015936062e+00,-5.838337623768686813e-01,5.026488415928023201e-01,-1.263306993852258697e-01,0.000000000000000000e+00,0.000000000000000000e+00,0.000000000000000000e+00
4.424590772497470625e-02,-1.046936392158695606e+00,9.237688006427168252e-01,6.437283115100683739e-02,2.627635811360683627e-04,7.589567806039195785e-01,6.479511360745024984e-01,-2.118646459937841009e-02,1.432421343409466530e-02,2.779010303344203736e-01,4.267726522639896936e-01,-5.604851416645151296e-01,1.465081442034663617e-01,-2.575268028483315708e-01,-1.891011092997431087e-01,-7.818060635113192880e-02,4.691071033119864619e-01,-2.668483355904891496e-01,8.944838574414183674e-02,-6.396177281257599267e-02,0.000000000000000000e+00,0.000000000000000000e+00,-1.136725803951702751e+00,3.801643657361532536e-01,-2.203472197485955297e-01,-2.769131365320816329e-03,0.000000000000000000e+00,0.000000000000000000e+00,0.000000000000000000e+00,-1.197163236820800725e+00,-5.807101480312831798e-01,5.118894221417863433e-01,-1.096051272447141761e-01,0.000000000000000000e+00,0.000000000000000000e+00,0.000000000000000000e+00
4.447001712305873045e-02,-1.046803476073684624e+00,9.233679622070154469e-01,6.358365526070525187e-02,8.524880869226079873e-04,7.586645578651580735e-01,6.483706352750826518e-01,-2.564382461546507036e-02,1.567005682449626805e-02,2.792217334474946799e-01,4.330745014799385340e-01,-5.654852948414701430e-01,1.495328618453641845e-01,-2.618212916955950376e-01,-1.876065010677764322e-01,-7.514205846909563502e-02,4.729386981411535795e-01,-2.687902262431127176e-01,8.925344702731663471e-02,-6.356140456673765871e-02,0.000000000000000000e+00,0.000000000000000000e+00,-1.126364987465803935e+00,3.786069179341545743e-01,-2.194717691114697611e-01,-6.038974942041233120e-03,0.000000000000000000e+00,0.000000000000000000e+00,0.000000000000000000e+00,-1.186164669935879878e+00,-5.761582053869775955e-01,5.137115296269274545e-01,-9.644179389875931485e-02,0.000000000000000000e+00,0.000000000000000000e+00,0.000000000000000000e+00
4.488137319513015033e-02,-1.046419657151635985e+00,9.233079651851561209e-01,6.240546452395697580e-02,1.590060110383308524e-03,7.579402493795892592e-01,6.493301225700228718e-01,-2.987180678242391113e-02,1.782956831130596415e-02,2.809799482950336436e-01,4.370987972553634360e-01,-5.656246661708653756e-01,1.495504056579806673e-01,-2.641290604341437476e-01,-1.871145619400819138e-01,-7.776846638680157131e-02,4.721435231529855781e-01,-2.710093831080563342e-01,9.078437654079392349e-02,-6.322273735089703472e-02,0.000000000000000000e+00,0.000000000000000000e+00,-1.111195307698635615e+00,3.865949150517413724e-01,-2.272517424241635442e-01,-1.053542716293366481e-02,0.000000000000000000e+00,0.000000000000000000e+00,0.000000000000000000e+00,-1.172724248812546888e+00,-5.757458525206764488e-01,5.223214622773246774e-01,-8.362214631919652474e-02,0.000000000000000000e+00,0.000000000000000000e+00,0.000000000000000000e+00
4.537667802394413502e-02,-1.045826029005559876e+00,9.233521804499051910e-01,6.107402712495495906e-02,2.898495607875888579e-03,7.561513808360331712e-01,6.515340752360631038e-01,-3.240273089464762446e-02,1.941727938293858272e-02,2.856227018648905824e-01,4.371078406419082185e-01,-5.652231167815544577e-01,1.499542240063843901e-01,-2.671915723924269126e-01,-1.844154325906190994e-01,-7.484449439802962067e-02,4.693334604286028000e-01,-2.745441847198926699e-01,9.023008174660608616e-02,-6.440115962814926820e-02,0.000000000000000000e+00,0.000000000000000000e+00,-1.089941629116500943e+00,3.954112229201297568e-01,-2.363686130699598487e-01,-2.395739796452727235e-02,0.000000000000000000e+00,0.000000000000000000e+00,0.000000000000000000e+00,-1.160022905653643743e+00,-5.752154935944239211e-01,5.283443682755852855e-01,-7.334845550151848637e-02,0.000000000000000000e+00,0.000000000000000000e+00,0.000000000000000000e+00
4.626860021976880039e-02,-1.045227006070789333e+00,9.236099153146720697e-01,5.959860999851647467e-02,4.064598925703023780e-03,7.572813615832191259e-01,6.503510007069137622e-01,-3.702454445350465695e-02,2.007456427441938612e-02,2.820491661408796591e-01,4.368925903542947298e-01,-5.608606390230239658e-01,1.513719801168848522e-01,-2.686600477347962923e-01,-1.850345066826162566e-01,-8.036425329857667388e-02,4.673642837856492593e-01,-2.753601878928194635e-01,8.827014483496606334e-02,-6.182866850129511982e-02,0.000000000000000000e+00,0.000000000000000000e+00,-1.062202764649519349e+00,3.958309907959150498e-01,-2.545193348370804465e-01,-2.573618701493747551e-02,0.000000000000000000e+00,0.000000000000000000e+00,0.000000000000000000e+00,-1.146266250131720454e+00,-5.771264472355033259e-01,5.459805324536820548e-01,-5.838142393470377445e-02,0.000000000000000000e+00,0.000000000000000000e+00,0.000000000000000000e+00
4.710690399915477833e-02,-1.044520900243094186e+00,9.236854838809847035e-01,5.873993227099298664e-02,5.049654185250343486e-03,7.568276240500568797e-01,6.509501277549262221e-01,-3.895942472597743733e-02,2.124251023990729806e-02,2.832021572131296350e-01,4.364231900494047744e-01,-5.588210131319313323e-01,1.497111825062063806e-01,-2.697970082404265169e-01,-1.833238393582177217e-01,-7.895961404827947505e-02,4.646710973055667160e-01,-2.770105032325209105e-01,9.024238653606984906e-02,-6.269759905045266257e-02,0.000000000000000000e+00,0.000000000000000000e+00,-1.033045404202000972e+00,4.072298947222528498e-01,-2.667093018534025251e-01,-3.631926530941915338e-02,0.000000000000000000e+00,0.000000000000000000e+00,0.000000000000000000e+00,-1.133610548253320305e+00,-5.827299449843622581e-01,5.615040554788408578e-01,-3.606426351104460165e-02,0.000000000000000000e+00,0.000000000000000000e+00,0.000000000000000000e+00
4.817113566422793342e-02,-1.043770384613870617e+00,9.230904743811263469e-01,5.776379185533545013e-02,6.530861833347396950e-03,7.552423175313810466e-01,6.528627221736865716e-01,-4.386525811560801347e-02,2.208339979328842115e-02,2.835754676538100871e-01,4.422950220434253010e-01,-5.652930495218030371e-01,1.494577455198206895e-01,-2.750832249091598736e-01,-1.832319818752978224e-01,-8.137350215551628074e-02,4.689081847339728326e-01,-2.888398082189984062e-01,8.781084968023188109e-02,-5.771180901427109405e-02,0.000000000000000000e+00,0.000000000000000000e+00,-9.989208395894398906e-01,4.186909282781120512e-01,-2.860031318921051890e-01,-3.724863549676525609e-02,0.000000000000000000e+00,0.000000000000000000e+00,0.000000000000000000e+00,-1.112410513308232485e+00,-5.785525694585998968e-01,5.748498012337845964e-01,-4.077791608487844194e-03,0.000000000000000000e+00,0.000000000000000000e+00,0.000000000000000000e+00
4.933235871676521639e-02,-1.043248157252010255e+00,9.225702916328745173e-01,5.717211805520464041e-02,6.587506170504643307e-03,7.546813279229109828e-01,6.535625807556977307e-01,-4.996654201912003462e-02,2.617537380145808917e-02,2.834117262246052538e-01,4.542369033785234600e-01,-5.684470906289592618e-01,1.505451643682862162e-01,-2.775944305753911268e-01,-1.806055988636285914e-01,-8.220680121652482186e-02,4.731326814010660131e-01,-2.965554078120664627e-01,8.330059460433671126e-02,-5.565296985234008398e-02,0.000000000000000000e+00,0.000000000000000000e+00,-9.538522677413338036e-01,4.242498682680150290e-01,-2.981196917999794360e-01,-3.738953911719983259e-02,0.000000000000000000e+00,0.000000000000000000e+00,0.000000000000000000e+00,-1.096526911578801444e+00,-5.877007835478583742e-01,5.942217443246781139e-01,2.353197479720257543e-02,0.000000000000000000e+00,0.000000000000000000e+00,0.000000000000000000e+00
5.046038841339150344e-02,-1.042700817460200158e+00,9.220269854095238804e-01,5.681478271436923161e-02,7.224878744656614699e-03,7.538287397741402218e-01,6.545701739941841568e-01,-5.544763219199067700e-02,2.848030847367147289e-02,2.836434170740033678e-01,4.642201047506757661e-01,-5.713789006883350785e-01,1.526327300752486349e-01,-2.822576360734805889e-01,-1.785721742192092620e-01,-8.015526567941014258e-02,4.802201185436204556e-01,-3.039618932295445886e-01,7.980684533191766128e-02,-5.359977288250837579e-02,0.000000000000000000e+00,0.000000000000000000e+00,-9.072089154773300690e-01,4.426281323454000494e-01,-3.160700421683865224e-01,-4.425699575754531157e-02,0.000000000000000000e+00,0.000000000000000000e+00,0.000000000000000000e+00,-1.080061590388059267e+00,-5.937348655534838704e-01,6.075755688947145350e-01,5.134416677683523167e-02,0.000000000000000000e+00,0.000000000000000000e+00,0.000000000000000000e+00
5.161395393830214839e-02,-1.042372459958916586e+00,9.213287061002680689e-01,5.713438421572802212e-02,7.225283403716045716e-03,7.522952711541915916e-01,6.563042605522747541e-01,-6.011422146169111830e-02,3.203367179976545492e-02,2.856747297304353950e-01,4.767898730827380138e-01,-5.725455018474076008e-01,1.530508723941892413e-01,-2.858696365053756683e-01,-1.766184465253789193e-01,-7.892111563207634961e-02,4.877407111305099296e-01,-3.110945845980820357e-01,7.590992921165494456e-02,-5.210829347461248817e-02,0.000000000000000000e+00,0.000000000000000000e+00,-8.589216285009121377e-01,4.608399822762927478e-01,-3.298510599958244249e-01,-4.604907389883125535e-02,0.000000000000000000e+00,0.000000000000000000e+00,0.000000000000000000e+00,-1.065328496629128763e+00,-6.053086061394112871e-01,6.334491728692108747e-01,8.883414621406429679e-02,0.000000000000000000e+00,0.000000000000000000e+00,0.000000000000000000e+00
5.253104928711052612e-02,-1.041953997935409326e+00,9.210528853773958247e-01,5.653539700826216291e-02,6.664381554808492154e-03,7.521872998886132144e-01,6.564857963352203063e-01,-6.494642384056451001e-02,3.497822590027691719e-02,2.814962292476916872e-01,4.863397860193372502e-01,-5.737342453596051550e-01,1.579129234984028296e-01,-2.859382637551759476e-01,-1.730565130408029950e-01,-7.923728573453260593e-02,4.885856730529741787e-01,-3.138517545469321490e-01,7.325142156994737808e-02,-4.894054682006963169e-02,0.000000000000000000e+00,0.000000000000000000e+00,-8.174234385057009833e-01,4.797911711151384151e-01,-3.361088896255963188e-01,-4.101502693875573591e-02,0.000000000000000000e+00,0.000000000000000000e+00,0.000000000000000000e+00,-1.050031468915421096e+00,-6.193005331328108598e-01,6.570618945294521840e-01,1.206244475217415346e-01,0.000000000000000000e+00,0.000000000000000000e+00,0.000000000000000000e+00
5.334575759290231811e-02,-1.041568786811439606e+00,9.209920977177502577e-01,5.572870983823646762e-02,6.966695226579734321e-03,7.519530190514466250e-01,6.568199397070714207e-01,-6.885492726284866971e-02,3.763882456170413587e-02,2.810305671473585232e-01,4.910219812605393086e-01,-5.723080104058062556e-01,1.568446103818803838e-01,-2.878262261681400203e-01,-1.703196941128160558e-01,-7.820887769380860388e-02,4.892692008653160007e-01,-3.147661445598336494e-01,6.985799018651198122e-02,-4.979043499818231605e-02,0.000000000000000000e+00,0.000000000000000000e+00,-7.743309044278328113e-01,4.916960787388703347e-01,-3.567479380278263945e-01,-3.159137451127070478e-02,0.000000000000000000e+00,0.000000000000000000e+00,0.000000000000000000e+00,-1.039693626124178483e+00,-6.277744956178852309e-01,6.895398734840827437e-01,1.558763913078158314e-01,0.000000000000000000e+00,0.000000000000000000e+00,0.000000000000000000e+00
5.384427973176847404e-02,-1.041107448966728688e+00,9.206015175476357504e-01,5.482875172410434095e-02,6.554183592219062736e-03,7.513032211994472576e-01,6.576430038228576747e-01,-7.409259465702341951e-02,4.126858749890680023e-02,2.802549499603209648e-01,5.013475538741513082e-01,-5.739279094985052510e-01,1.632489333371640317e-01,-2.886819154660945630e-01,-1.668520496649208984e-01,-7.775065310478307401e-02,4.899777664884275019e-01,-3.189028136469638786e-01,7.219344743210519277e-02,-4.913119449675189959e-02,0.000000000000000000e+00,0.000000000000000000e+00,-7.377682826712093078e-01,5.124116809974588183e-01,-3.791760551443775218e-01,-1.166480970261220967e-02,0.000000000000000000e+00,0.000000000000000000e+00,0.000000000000000000e+00,-1.026319013584463091e+00,-6.337266553574490979e-01,7.067992935849118918e-01,1.951795533706011665e-01,0.000000000000000000e+00,0.000000000000000000e+00,0.000000000000000000e+00
5.427949841579818996e-02,-1.040559340334185068e+00,9.201128357842105476e-01,5.423390016889535065e-02,6.493075978614093469e-03,7.493830751890073749e-01,6.598799365468490663e-01,-7.797304247780519060e-02,4.412308873136891463e-02,2.799096705423125275e-01,5.098290499755983030e-01,-5.758391294331509647e-01,1.602500167475979231e-01,-2.910386211966674019e-01,-1.633219230017751433e-01,-7.600003779757885658e-02,4.925384694177922795e-01,-3.246104618733470781e-01,6.879323276794141462e-02,-4.818321680939244983e-02,0.000000000000000000e+00,0.000000000000000000e+00,-7.032161289425290507e-01,5.361041135532782498e-01,-4.078018203559934385e-01,2.630076304349696428e-02,0.000000000000000000e+00,0.000000000000000000e+00,0.000000000000000000e+00,-1.020331158884177913e+00,-6.414045355183677355e-01,7.525441208555074812e-01,2.558415023685459144e-01,0.000000000000000000e+00,0.000000000000000000e+00,0.000000000000000000e+00
5.457869080200183215e-02,-1.040018553790184264e+00,9.199316446945893233e-01,5.431197825163472381e-02,6.189918115127703360e-03,7.479825560202694179e-01,6.614635211570683015e-01,-7.709725333584410700e-02,4.675895214721314391e-02,2.835053896168394649e-01,5.122667067343067426e-01,-5.770694499895294705e-01,1.572609702810257304e-01,-2.899510061148295459e-01,-1.619303174439858939e-01,-7.683826547277436414e-02,4.924186284293614047e-01,-3.303573622847802982e-01,6.894635684872921222e-02,-5.105103377723849839e-02,0.000000000000000000e+00,0.000000000000000000e+00,-6.741602353972435679e-01,5.509064717546887646e-01,-4.440829037342592933e-01,6.959915558418518222e-02,0.000000000000000000e+00,0.000000000000000000e+00,0.000000000000000000e+00,-1.020844527323692796e+00,-6.436356820745444685e-01,8.017482764873743450e-01,3.124270515859404185e-01,0.000000000000000000e+00,0.000000000000000000e+00,0.000000000000000000e+00
5.446119494625234481e-02,-1.039297776089203040e+00,9.195295680858727172e-01,5.385343645364311371e-02,5.866435733092494401e-03,7.463755954629471834e-01,6.633165630460730045e-01,-7.669106175829146221e-02,4.946221707653978422e-02,2.875284665795837524e-01,5.157721474540447604e-01,-5.837905855393286103e-01,1.561832446400425456e-01,-2.909973001119461333e-01,-1.585609260942745791e-01,-7.305811561587868819e-02,4.942816106904037166e-01,-3.349557782238953840e-01,7.138571812427615959e-02,-5.098140705852727272e-02,0.000000000000000000e+00,0.000000000000000000e+00,-6.435349710787636734e-01,5.660751159091961249e-01,-4.658480443100162516e-01,1.172901244553694461e-01,0.000000000000000000e+00,0.000000000000000000e+00,0.000000000000000000e+00,-1.014545440435313139e+00,-6.538973239862935216e-01,8.548173601315020020e-01,3.674979152705384888e-01,0.000000000000000000e+00,0.000000000000000000e+00,0.000000000000000000e+00
5.418758170214508368e-02,-1.038471438554066095e+00,9.191744671505166497e-01,5.248973334510265848e-02,6.162609956841291411e-03,7.454255332224138941e-01,6.644904999711892524e-01,-7.985357334615568459e-02,5.060272326480516614e-02,2.868480484215935600e-01,5.202969343360108745e-01,-5.891474546345187857e-01,1.600457904566724709e-01,-2.941074823239883118e-01,-1.560431815970992619e-01,-7.121247920382438312e-02,4.967420500400117067e-01,-3.392107395151447991e-01,7.298492484770674471e-02,-5.483866126426481524e-02,0.000000000000000000e+00,0.000000000000000000e+00,-6.278185226234248573e-01,5.800993439174928490e-01,-4.941609766315147589e-01,1.711322519324847968e-01,0.000000000000000000e+00,0.000000000000000000e+00,0.000000000000000000e+00,-1.004930560734960565e+00,-6.483777033788727939e-01,8.856110503298421088e-01,4.159601410674649835e-01,0.000000000000000000e+00,0.000000000000000000e+00,0.000000000000000000e+00
5.399925627084953966e-02,-1.037651048301788670e+00,9.189750415106496817e-01,5.160357793971040441e-02,6.601235093143335494e-03,7.450158403741422575e-01,6.650149562458554930e-01,-8.224357833880183155e-02,5.202682246894748536e-02,2.884025120614925886e-01,5.237733782233469082e-01,-5.909566978272012827e-01,1.614723011072757286e-01,-2.961784368100390252e-01,-1.558010136810450696e-01,-7.242017485899319984e-02,4.990340638821864627e-01,-3.430651120148665023e-01,7.216031151472877825e-02,-5.436577354917347671e-02,0.000000000000000000e+00,0.000000000000000000e+00,-6.037276131234259324e-01,5.830467203337024173e-01,-5.201874317994920061e-01,2.237374626557964707e-01,0.000000000000000000e+00,0.000000000000000000e+00,0.000000000000000000e+00,-9.913017336819530678e-01,-6.475840416681403200e-01,9.182520641704841058e-01,4.583955562263557493e-01,0.000000000000000000e+00,0.000000000000000000e+00,0.000000000000000000e+00
5.360870012890781716e-02,-1.036679190188408040e+00,9.189984519926850393e-01,5.106538345951682628e-02,7.630548343485403333e-03,7.435099414409881424e-01,6.667286316954822434e-01,-8.218945089377800717e-02,5.195105251287855663e-02,2.927536939532378035e-01,5.227093459611704684e-01,-5.890443787352710459e-01,1.610184610316829357e-01,-2.990092192634715151e-01,-1.563955529965619373e-01,-7.208424893360487751e-02,5.008360031993814854e-01,-3.444125659168806308e-01,6.925666483387468708e-02,-5.555319031932901691e-02,0.000000000000000000e+00,0.000000000000000000e+00,-5.811189073071465483e-01,5.894901870444140268e-01,-5.486427534229394443e-01,2.720645919394205636e-01,0.000000000000000000e+00,0.000000000000000000e+00,0.000000000000000000e+00,-9.758467518160562904e-01,-6.382522803202171913e-01,9.475145478124012977e-01,4.998852623783966997e-01,0.000000000000000000e+00,0.000000000000000000e+00,0.000000000000000000e+00
5.302120412386908399e-02,-1.035736265032470182e+00,9.183136958265738503e-01,5.098928370421231676e-02,8.188768362716227628e-03,7.430376325648925251e-01,6.672541596815972920e-01,-8.255141393815301765e-02,5.118052969101404004e-02,2.950133240630553599e-01,5.262310391126975295e-01,-5.973966395620290415e-01,1.622283824260079832e-01,-3.038701748181834583e-01,-1.577836743641202744e-01,-7.038409221593112941e-02,5.109300983084735792e-01,-3.502419241772489200e-01,6.918659851076819356e-02,-5.872193977417812516e-02,0.000000000000000000e+00,0.000000000000000000e+00,-5.626597365299405018e-01,5.844302693815771610e-01,-5.714377201849227816e-01,3.378819168234074577e-01,0.000000000000000000e+00,0.000000000000000000e+00,0.000000000000000000e+00,-9.463151426270690614e-01,-6.304094581662983421e-01,9.626764093861814864e-01,5.453866024921123490e-01,0.000000000000000000e+00,0.000000000000000000e+00,0.000000000000000000e+00
5.236381490720192627e-02,-1.034683129680156188e+00,9.185409280294399847e-01,4.991480063696600994e-02,8.200300570928603650e-03,7.437852753686197138e-01,6.665018618824306573e-01,-8.190988979345470433e-02,5.322475185148527188e-02,2.982727785870926684e-01,5.246689905688395328e-01,-5.987381010976852158e-01,1.607186302882686046e-01,-3.027646842211298428e-01,-1.581055761027254647e-01,-7.264666607188753622e-02,5.091675421326876672e-01,-3.497868730122878911e-01,7.331921217204040442e-02,-6.001099617602141667e-02,0.000000000000000000e+00,0.000000000000000000e+00,-5.424100880047098006e-01,5.701626041943698153e-01,-5.945342463610981953e-01,3.992428385756280340e-01,0.000000000000000000e+00,0.000000000000000000e+00,0.000000000000000000e+00,-9.176800521082495443e-01,-6.259940104784281756e-01,9.840482830022426741e-01,5.831505781436923108e-01,0.000000000000000000e+00,0.000000000000000000e+00,0.000000000000000000e+00
5.157624560215749721e-02,-1.033594686376686500e+00,9.185055421181645974e-01,4.901706564616134520e-02,8.987012838900552275e-03,7.431374866652555866e-01,6.672804783511366855e-01,-8.340844711693060076e-02,5.137485284689777970e-02,2.967524523617052767e-01,5.253299488360703151e-01,-6.005714560597842366e-01,1.645022077851741593e-01,-3.051650565083782185e-01,-1.573071657189827610e-01,-6.965264072499616210e-02,5.108840433267423098e-01,-3.530827450954348024e-01,6.883277008052096635e-02,-6.048113849905781964e-02,0.000000000000000000e+00,0.000000000000000000e+00,-5.109264160405416755e-01,5.525131587292897439e-01,-6.156784189458707202e-01,4.626180151519956874e-01,0.000000000000000000e+00,0.000000000000000000e+00,0.000000000000000000e+00,-8.753035137019956613e-01,-6.103460206027457868e-01,9.898191921964031303e-01,6.261742323316915604e-01,0.000000000000000000e+00,0.000000000000000000e+00,0.000000000000000000e+00
5.082576760702092744e-02,-1.032324873585993119e+00,9.188381522078474806e-01,4.712458612581314765e-02,1.028694106427264013e-02,7.433317076083127972e-01,6.671817029041802183e-01,-8.688183010158821717e-02,5.058709693941915858e-02,2.948893393739842050e-01,5.241361158994636282e-01,-5.969901244200878088e-01,1.648173978067947743e-01,-3.071802271257057515e-01,-1.584700491308045078e-01,-7.295640148128759717e-02,5.088793295393188032e-01,-3.528739095745351273e-01,6.702629954446925886e-02,-6.250257638419833006e-02,0.000000000000000000e+00,0.000000000000000000e+00,-4.855291689247104858e-01,5.373175255964091068e-01,-6.401799008340370856e-01,5.195619985987103284e-01,0.000000000000000000e+00,0.000000000000000000e+00,0.000000000000000000e+00,-8.351835060974001079e-01,-5.993171008714037740e-01,9.919828812648708860e-01,6.652593465092183633e-01,0.000000000000000000e+00,0.000000000000000000e+00,0.000000000000000000e+00
4.977984995073580360e-02,-1.031221890882134229e+00,9.188761615480466327e-01,4.541085472205019097e-02,1.083646797521638228e-02,7.420053742617533921e-01,6.687663641376644375e-01,-8.919411161861247328e-02,5.208272692878856275e-02,2.978917740367487133e-01,5.260224233852924813e-01,-5.973566964655346867e-01,1.671655046826268087e-01,-3.102268517671032400e-01,-1.564702784902767818e-01,-7.061810466202968206e-02,5.087815874081247358e-01,-3.509202969533325445e-01,6.778350366388863346e-02,-6.531603959708719154e-02,0.000000000000000000e+00,0.000000000000000000e+00,-4.558868104349613204e-01,5.168150613790459813e-01,-6.448473194680527376e-01,5.759109258974429713e-01,0.000000000000000000e+00,0.000000000000000000e+00,0.000000000000000000e+00,-7.969225587100841057e-01,-5.836637979605070470e-01,9.941295357030790480e-01,7.017919979154819687e-01,0.000000000000000000e+00,0.000000000000000000e+00,0.000000000000000000e+00
4.897760874176525919e-02,-1.030118342941391818e+00,9.192097993050116767e-01,4.351487567428238140e-02,1.191157066806613693e-02,7.437158051022969563e-01,6.669717919974685882e-01,-9.463063357722237279e-02,4.963775139712821999e-02,2.898071010895673094e-01,5.265109740265158100e-01,-5.944687934166597021e-01,1.704772124459198457e-01,-3.108142419635181453e-01,-1.574184395800148073e-01,-7.288399256090992429e-02,5.059326057312260039e-01,-3.515904065765196318e-01,6.615056516476901238e-02,-6.749690715347977932e-02,0.000000000000000000e+00,0.000000000000000000e+00,-4.299391152367195157e-01,4.950955728580064275e-01,-6.634841828351278892e-01,6.328619107523557608e-01,0.000000000000000000e+00,0.000000000000000000e+00,0.000000000000000000e+00,-7.537085039578971246e-01,-5.698023758101111724e-01,9.895394916038989797e-01,7.428549806596718152e-01,0.000000000000000000e+00,0.000000000000000000e+00,0.000000000000000000e+00
4.788927824677655792e-02,-1.029306041360488200e+00,9.188637569986496390e-01,4.187043298224569360e-02,1.189798091375726674e-02,7.446903765045771451e-01,6.659891500869418168e-01,-9.890318928089672501e-02,5.089219769605908550e-02,2.881034751482728362e-01,5.321178781814566161e-01,-5.999853311327548733e-01,1.739281718770741003e-01,-3.140145751614031311e-01,-1.582374234845926320e-01,-7.586479674680796093e-02,5.102535335656545046e-01,-3.496801715825951229e-01,6.957448808121928507e-02,-6.962999537756414670e-02,0.000000000000000000e+00,0.000000000000000000e+00,-4.136713698685770546e-01,4.744364523334858585e-01,-6.651818194245613380e-01,6.789995223369987842e-01,0.000000000000000000e+00,0.000000000000000000e+00,0.000000000000000000e+00,-7.171375536817429230e-01,-5.560387073501140698e-01,9.729618898316055864e-01,7.684280940856796915e-01,0.000000000000000000e+00,0.000000000000000000e+00,0.000000000000000000e+00
4.698449714114426995e-02,-1.028506150486860671e+00,9.189641062150287754e-01,3.870725905998727290e-02,1.311277870162287466e-02,7.444246774117502241e-01,6.664545766901133206e-01,-1.093533873302955373e-01,5.245199807228967392e-02,2.844757270294407947e-01,5.392031323701880208e-01,-5.919118422066858010e-01,1.789523194793128935e-01,-3.194299583577003832e-01,-1.572894177869465504e-01,-7.799377797436000959e-02,5.081609863230244217e-01,-3.422705010296041572e-01,7.431092124842171576e-02,-7.188562096961326198e-02,0.000000000000000000e+00,0.000000000000000000e+00,-4.124933259219030202e-01,4.695172749865186290e-01,-6.791824146377546390e-01,6.976498987796370121e-01,0.000000000000000000e+00,0.000000000000000000e+00,0.000000000000000000e+00,-6.915221360059154998e-01,-5.479257818361205068e-01,9.513909060508319859e-01,7.795719842821171586e-01,0.000000000000000000e+00,0.000000000000000000e+00,0.000000000000000000e+00
4.698449714114426995e-02,-1.028506150486860671e+00,9.189641062150287754e-01,3.870725905998727290e-02,1.311277870162287466e-02,7.444246774117502241e-01,6.664545766901133206e-01,-1.088469058670533118e-01,5.197412162171375499e-02,2.827358800328738653e-01,5.340986922184407515e-01,-5.870054127508871344e-01,1.773408667409765993e-01,-3.153951200478864458e-01,-1.567385444891032931e-01,-7.994788834046188952e-02,5.033745976321615245e-01,-3.410610443810340175e-01,7.489701218642937086e-02,-7.074915978814830253e-02,0.000000000000000000e+00,0.000000000000000000e+00,-4.072843615911039827e-01,4.665200277339442980e-01,-6.780443492267943517e-01,7.049207830019444954e-01,0.000000000000000000e+00,0.000000000000000000e+00,0.000000000000000000e+00,-6.820428608181929864e-01,-5.444997403455150708e-01,9.488955412089971064e-01,7.840431617383678553e-01,0.000000000000000000e+00,0.000000000000000000e+00,0.000000000000000000e+00
4.698449714114426995e-02,-1.028506150486860671e+00,9.189641062150287754e-01,3.870725905998727290e-02,1.311277870162287466e-02,7.444246774117502241e-01,6.664545766901133206e-01,-1.083404244038110864e-01,5.149624517113783606e-02,2.809960330363069914e-01,5.289942520666935932e-01,-5.820989832950885789e-01,1.757294140026403328e-01,-3.113602817380725640e-01,-1.561876711912600635e-01,-8.190199870656376946e-02,4.985882089412987939e-01,-3.398515877324638224e-01,7.548310312443703984e-02,-6.961269860668335696e-02,0.000000000000000000e+00,0.000000000000000000e+00,-4.020753972603050008e-01,4.635227804813699670e-01,-6.769062838158343975e-01,7.121916672242522006e-01,0.000000000000000000e+00,0.000000000000000000e+00,0.000000000000000000e+00,-6.725635856304704729e-01,-5.410736988549096349e-01,9.464001763671624490e-01,7.885143391946186631e-01,0.000000000000000000e+00,0.000000000000000000e+00,0.000000000000000000e+00
4.698449714114426995e-02,-1.028506150486860671e+00,9.189641062150287754e-01,3.870725905998727290e-02,1.311277870162287466e-02,7.444246774117502241e-01,6.664545766901133206e-01,-1.078339429405688749e-01,5.101836872056191713e-02,2.792561860397400619e-01,5.238898119149463239e-01,-5.771925538392899124e-01,1.741179612643040109e-01,-3.073254434282586267e-01,-1.556367978934168061e-01,-8.385610907266564940e-02,4.938018202504358967e-01,-3.386421310838936827e-01,7.606919406244469495e-02,-6.847623742521839751e-02,0.000000000000000000e+00,0.000000000000000000e+00,-3.968664329295059634e-01,4.605255332287955805e-01,-6.757682184048741103e-01,7.194625514465596838e-01,0.000000000000000000e+00,0.000000000000000000e+00,0.000000000000000000e+00,-6.630843104427480705e-01,-5.376476573643043100e-01,9.439048115253275695e-01,7.929855166508693598e-01,0.000000000000000000e+00,0.000000000000000000e+00,0.000000000000000000e+00
4.698449714114426995e-02,-1.028506150486860671e+00,9.189641062150287754e-01,3.870725905998727290e-02,1.311277870162287466e-02,7.444246774117502241e-01,6.664545766901133206e-01,-1.073274614773266633e-01,5.054049226998599820e-02,2.775163390431730770e-01,5.187853717631991657e-01,-5.722861243834913569e-01,1.725065085259677444e-01,-3.032906051184446894e-01,-1.550859245955735766e-01,-8.581021943876752933e-02,4.890154315595731105e-01,-3.374326744353235430e-01,7.665528500045233617e-02,-6.733977624375345195e-02,0.000000000000000000e+00,0.000000000000000000e+00,-3.916574685987069815e-01,4.575282859762212495e-01,-6.746301529939139341e-01,7.267334356688672781e-01,0.000000000000000000e+00,0.000000000000000000e+00,0.000000000000000000e+00,-6.536050352550255571e-01,-5.342216158736989851e-01,9.414094466834928010e-01,7.974566941071200565e-01,0.000000000000000000e+00,0.000000000000000000e+00,0.000000000000000000e+00
4.698449714114426995e-02,-1.028506150486860671e+00,9.189641062150287754e-01,3.870725905998727290e-02,1.311277870162287466e-02,7.444246774117502241e-01,6.664545766901133206e-01,-1.068209800140844379e-01,5.006261581941007927e-02,2.757764920466061476e-01,5.136809316114518964e-01,-5.673796949276926904e-01,1.708950557876314502e-01,-2.992557668086307521e-01,-1.545350512977303192e-01,-8.776432980486940927e-02,4.842290428687102688e-01,-3.362232177867533478e-01,7.724137593845999128e-02,-6.620331506228849250e-02,0.000000000000000000e+00,0.000000000000000000e+00,-3.864485042679079441e-01,4.545310387236469185e-01,-6.734920875829538689e-01,7.340043198911748723e-01,0.000000000000000000e+00,0.000000000000000000e+00,0.000000000000000000e+00,-6.441257600673030437e-01,-5.307955743830935491e-01,9.389140818416581435e-01,8.019278715633707533e-01,0.000000000000000000e+00,0.000000000000000000e+00,0.000000000000000000e+00
4.698449714114426995e-02,-1.028506150486860671e+00,9.189641062150287754e-01,3.870725905998727290e-02,1.311277870162287466e-02,7.444246774117502241e-01,6.664545766901133206e-01,-1.063144985508422125e-01,4.958473936883416033e-02,2.740366450500392737e-01,5.085764914597048492e-01,-5.624732654718941349e-01,1.692836030492951838e-01,-2.952209284988168703e-01,-1.539841779998870619e-01,-8.971844017097128920e-02,4.794426541778475381e-01,-3.350137611381832081e-01,7.782746687646766026e-02,-6.506685388082354693e-02,0.000000000000000000e+00,0.000000000000000000e+00,-3.812395399371089622e-01,4.515337914710725875e-01,-6.723540221719936927e-01,7.412752041134824665e-01,0.000000000000000000e+00,0.000000000000000000e+00,0.000000000000000000e+00,-6.346464848795805302e-01,-5.273695328924881132e-01,9.364187169998233751e-01,8.063990490196215610e-01,0.000000000000000000e+00,0.000000000000000000e+00,0.000000000000000000e+00
4.698449714114426995e-02,-1.028506150486860671e+00,9.189641062150287754e-01,3.870725905998727290e-02,1.311277870162287466e-02,7.444246774117502241e-01,6.664545766901133206e-01,-1.058080170876000009e-01,4.910686291825824140e-02,2.722967980534723442e-01,5.034720513079575799e-01,-5.575668360160955794e-01,1.676721503109588618e-01,-2.911860901890029329e-01,-1.534333047020438046e-01,-9.167255053707316914e-02,4.746562654869846409e-01,-3.338043044896130684e-01,7.841355781447531537e-02,-6.393039269935860136e-02,0.000000000000000000e+00,0.000000000000000000e+00,-3.760305756063099247e-01,4.485365442184982565e-01,-6.712159567610335165e-01,7.485460883357899498e-01,0.000000000000000000e+00,0.000000000000000000e+00,0.000000000000000000e+00,-6.251672096918581278e-01,-5.239434914018827882e-01,9.339233521579884956e-01,8.108702264758722578e-01,0.000000000000000000e+00,0.000000000000000000e+00,0.000000000000000000e+00
4.698449714114426995e-02,-1.028506150486860671e+00,9.189641062150287754e-01,3.870725905998727290e-02,1.311277870162287466e-02,7.444246774117502241e-01,6.664545766901133206e-01,-1.053015356243577894e-01,4.862898646768232247e-02,2.705569510569054148e-01,4.983676111562103661e-01,-5.526604065602969129e-01,1.660606975726225676e-01,-2.871512518791890511e-01,-1.528824314042005750e-01,-9.362666090317504908e-02,4.698698767961218548e-01,-3.325948478410428732e-01,7.899964875248297047e-02,-6.279393151789364191e-02,0.000000000000000000e+00,0.000000000000000000e+00,-3.708216112755108873e-01,4.455392969659238700e-01,-6.700778913500733402e-01,7.558169725580975440e-01,0.000000000000000000e+00,0.000000000000000000e+00,0.000000000000000000e+00,-6.156879345041356144e-01,-5.205174499112773523e-01,9.314279873161538381e-01,8.153414039321229545e-01,0.000000000000000000e+00,0.000000000000000000e+00,0.000000000000000000e+00
4.698449714114426995e-02,-1.028506150486860671e+00,9.189641062150287754e-01,3.870725905998727290e-02,1.311277870162287466e-02,7.444246774117502241e-01,6.664545766901133206e-01,-1.047950541611155639e-01,4.815111001710639660e-02,2.688171040603384854e-01,4.932631710044631523e-01,-5.477539771044983574e-01,1.644492448342862734e-01,-2.831164135693751138e-01,-1.523315581063573176e-01,-9.558077126927692901e-02,4.650834881052590131e-01,-3.313853911924727336e-01,7.958573969049062558e-02,-6.165747033642868941e-02,0.000000000000000000e+00,0.000000000000000000e+00,-3.656126469447118499e-01,4.425420497133495390e-01,-6.689398259391131640e-01,7.630878567804051382e-01,0.000000000000000000e+00,0.000000000000000000e+00,0.000000000000000000e+00,-6.062086593164131010e-01,-5.170914084206719163e-01,9.289326224743189586e-01,8.198125813883736512e-01,0.000000000000000000e+00,0.000000000000000000e+00,0.000000000000000000e+00
4.698449714114426995e-02,-1.028506150486860671e+00,9.189641062150287754e-01,3.870725905998727290e-02,1.311277870162287466e-02,7.444246774117502241e-01,6.664545766901133206e-01,-1.042885726978733385e-01,4.767323356653048461e-02,2.670772570637716115e-01,4.881587308527159941e-01,-5.428475476486996909e-01,1.628377920959500069e-01,-2.790815752595612320e-01,-1.517806848085140881e-01,-9.753488163537880895e-02,4.602970994143962269e-01,-3.301759345439025939e-01,8.017183062849828068e-02,-6.052100915496373690e-02,0.000000000000000000e+00,0.000000000000000000e+00,-3.604036826139128680e-01,4.395448024607752080e-01,-6.678017605281529878e-01,7.703587410027127325e-01,0.000000000000000000e+00,0.000000000000000000e+00,0.000000000000000000e+00,-5.967293841286905876e-01,-5.136653669300665914e-01,9.264372576324841901e-01,8.242837588446243480e-01,0.000000000000000000e+00,0.000000000000000000e+00,0.000000000000000000e+00
4.698449714114426995e-02,-1.028506150486860671e+00,9.189641062150287754e-01,3.870725905998727290e-02,1.311277870162287466e-02,7.444246774117502241e-01,6.664545766901133206e-01,-1.037820912346311270e-01,4.719535711595455874e-02,2.653374100672046265e-01,4.830542907009687248e-01,-5.379411181929010244e-01,1.612263393576136850e-01,-2.750467369497472947e-01,-1.512298115106708307e-01,-9.948899200148068889e-02,4.555107107235333297e-01,-3.289664778953323987e-01,8.075792156650593578e-02,-5.938454797349878439e-02,0.000000000000000000e+00,0.000000000000000000e+00,-3.551947182831138305e-01,4.365475552082008770e-01,-6.666636951171928116e-01,7.776296252250202157e-01,0.000000000000000000e+00,0.000000000000000000e+00,0.000000000000000000e+00,-5.872501089409680741e-01,-5.102393254394611555e-01,9.239418927906494217e-01,8.287549363008750447e-01,0.000000000000000000e+00,0.000000000000000000e+00,0.000000000000000000e+00
4.698449714114426995e-02,-1.028506150486860671e+00,9.189641062150287754e-01,3.870725905998727290e-02,1.311277870162287466e-02,7.444246774117502241e-01,6.664545766901133206e-01,-1.032756097713889154e-01,4.671748066537864674e-02,2.635975630706377526e-01,4.779498505492215665e-01,-5.330346887371024689e-01,1.596148866192774185e-01,-2.710118986399333574e-01,-1.506789382128275734e-01,-1.014431023675825827e-01,4.507243220326705435e-01,-3.277570212467623145e-01,8.134401250451359089e-02,-5.824808679203383882e-02,0.000000000000000000e+00,0.000000000000000000e+00,-3.499857539523148486e-01,4.335503079556265460e-01,-6.655256297062327464e-01,7.849005094473278099e-01,0.000000000000000000e+00,0.000000000000000000e+00,0.000000000000000000e+00,-5.777708337532456717e-01,-5.068132839488558306e-01,9.214465279488146532e-01,8.332261137571258525e-01,0.000000000000000000e+00,0.000000000000000000e+00,0.000000000000000000e+00
4.698449714114426995e-02,-1.028506150486860671e+00,9.189641062150287754e-01,3.870725905998727290e-02,1.311277870162287466e-02,7.444246774117502241e-01,6.664545766901133206e-01,-1.027691283081466900e-01,4.623960421480272087e-02,2.618577160740708232e-01,4.728454103974743528e-01,-5.281282592813038024e-01,1.580034338809411243e-01,-2.669770603301194201e-01,-1.501280649149843160e-01,-1.033972127336844488e-01,4.459379333418077018e-01,-3.265475645981920638e-01,8.193010344252124599e-02,-5.711162561056887937e-02,0.000000000000000000e+00,0.000000000000000000e+00,-3.447767896215158112e-01,4.305530607030521595e-01,-6.643875642952725702e-01,7.921713936696354041e-01,0.000000000000000000e+00,0.000000000000000000e+00,0.000000000000000000e+00,-5.682915585655231583e-01,-5.033872424582503946e-01,9.189511631069798847e-01,8.376972912133765492e-01,0.000000000000000000e+00,0.000000000000000000e+00,0.000000000000000000e+00
4.698449714114426995e-02,-1.028506150486860671e+00,9.189641062150287754e-01,3.870725905998727290e-02,1.311277870162287466e-02,7.444246774117502241e-01,6.664545766901133206e-01,-1.022626468449044645e-01,4.576172776422680194e-02,2.601178690775038937e-01,4.677409702457270835e-01,-5.232218298255051359e-01,1.563919811426048301e-01,-2.629422220203055383e-01,-1.495771916171410587e-01,-1.053513230997863287e-01,4.411515446509448601e-01,-3.253381079496219241e-01,8.251619438052890110e-02,-5.597516442910391993e-02,0.000000000000000000e+00,0.000000000000000000e+00,-3.395678252907167738e-01,4.275558134504777730e-01,-6.632494988843122830e-01,7.994422778919428874e-01,0.000000000000000000e+00,0.000000000000000000e+00,0.000000000000000000e+00,-5.588122833778005338e-01,-4.999612009676449587e-01,9.164557982651451162e-01,8.421684686696272459e-01,0.000000000000000000e+00,0.000000000000000000e+00,0.000000000000000000e+00
4.698449714114426995e-02,-1.028506150486860671e+00,9.189641062150287754e-01,3.870725905998727290e-02,1.311277870162287466e-02,7.444246774117502241e-01,6.664545766901133206e-01,-1.017561653816622530e-01,4.528385131365088301e-02,2.583780220809369643e-01,4.626365300939799252e-01,-5.183154003697065804e-01,1.547805284042685359e-01,-2.589073837104916564e-01,-1.490263183192978291e-01,-1.073054334658882086e-01,4.363651559600820740e-01,-3.241286513010518400e-01,8.310228531853655620e-02,-5.483870324763897436e-02,0.000000000000000000e+00,0.000000000000000000e+00,-3.343588609599177919e-01,4.245585661979034975e-01,-6.621114334733522178e-01,8.067131621142504816e-01,0.000000000000000000e+00,0.000000000000000000e+00,0.000000000000000000e+00,-5.493330081900781314e-01,-4.965351594770396337e-01,9.139604334233102367e-01,8.466396461258780537e-01,0.000000000000000000e+00,0.000000000000000000e+00,0.000000000000000000e+00
4.698449714114426995e-02,-1.028506150486860671e+00,9.189641062150287754e-01,3.870725905998727290e-02,1.311277870162287466e-02,7.444246774117502241e-01,6.664545766901133206e-01,-1.012496839184200415e-01,4.480597486307497102e-02,2.566381750843700904e-01,4.575320899422327670e-01,-5.134089709139080249e-01,1.531690756659322694e-01,-2.548725454006777191e-01,-1.484754450214545718e-01,-1.092595438319901024e-01,4.315787672692192878e-01,-3.229191946524816448e-01,8.368837625654422518e-02,-5.370224206617402879e-02,0.000000000000000000e+00,0.000000000000000000e+00,-3.291498966291188100e-01,4.215613189453292220e-01,-6.609733680623921526e-01,8.139840463365580758e-01,0.000000000000000000e+00,0.000000000000000000e+00,0.000000000000000000e+00,-5.398537330023556180e-01,-4.931091179864342533e-01,9.114650685814755793e-01,8.511108235821287504e-01,0.000000000000000000e+00,0.000000000000000000e+00,0.000000000000000000e+00
4.698449714114426995e-02,-1.028506150486860671e+00,9.189641062150287754e-01,3.870725905998727290e-02,1.311277870162287466e-02,7.444246774117502241e-01,6.664545766901133206e-01,-1.007432024551778021e-01,4.432809841249905208e-02,2.548983280878031055e-01,4.524276497904854977e-01,-5.085025414581093584e-01,1.515576229275959752e-01,-2.508377070908637818e-01,-1.479245717236113422e-01,-1.112136541980919824e-01,4.267923785783564461e-01,-3.217097380039114496e-01,8.427446719455186641e-02,-5.256578088470906934e-02,0.000000000000000000e+00,0.000000000000000000e+00,-3.239409322983197725e-01,4.185640716927548355e-01,-6.598353026514318653e-01,8.212549305588656701e-01,0.000000000000000000e+00,0.000000000000000000e+00,0.000000000000000000e+00,-5.303744578146332156e-01,-4.896830764958288729e-01,9.089697037396408108e-01,8.555820010383794472e-01,0.000000000000000000e+00,0.000000000000000000e+00,0.000000000000000000e+00
4.698449714114426995e-02,-1.028506150486860671e+00,9.189641062150287754e-01,3.870725905998727290e-02,1.311277870162287466e-02,7.444246774117502241e-01,6.664545766901133206e-01,-1.002367209919355906e-01,4.385022196192312621e-02,2.531584810912361760e-01,4.473232096387382839e-01,-5.035961120023108029e-01,1.499461701892596810e-01,-2.468028687810498445e-01,-1.473736984257680849e-01,-1.131677645641938484e-01,4.220059898874936044e-01,-3.205002813553413099e-01,8.486055813255952152e-02,-5.142931970324410990e-02,0.000000000000000000e+00,0.000000000000000000e+00,-3.187319679675207906e-01,4.155668244401804490e-01,-6.586972372404716891e-01,8.285258147811731533e-01,0.000000000000000000e+00,0.000000000000000000e+00,0.000000000000000000e+00,-5.208951826269105911e-01,-4.862570350052234369e-01,9.064743388978059313e-01,8.600531784946301439e-01,0.000000000000000000e+00,0.000000000000000000e+00,0.000000000000000000e+00
4.698449714114426995e-02,-1.028506150486860671e+00,9.189641062150287754e-01,3.870725905998727290e-02,1.311277870162287466e-02,7.444246774117502241e-01,6.664545766901133206e-01,-9.973023952869337905e-02,4.337234551134721422e-02,2.514186340946693021e-01,4.422187694869911256e-01,-4.986896825465121363e-01,1.483347174509233868e-01,-2.427680304712359627e-01,-1.468228251279248275e-01,-1.151218749302957423e-01,4.172196011966308182e-01,-3.192908247067711702e-01,8.544664907056717662e-02,-5.029285852177916433e-02,0.000000000000000000e+00,0.000000000000000000e+00,-3.135230036367218087e-01,4.125695771876061180e-01,-6.575591718295115129e-01,8.357966990034808585e-01,0.000000000000000000e+00,0.000000000000000000e+00,0.000000000000000000e+00,-5.114159074391881887e-01,-4.828309935146180010e-01,9.039789740559712738e-01,8.645243559508808406e-01,0.000000000000000000e+00,0.000000000000000000e+00,0.000000000000000000e+00
4.698449714114426995e-02,-1.028506150486860671e+00,9.189641062150287754e-01,3.870725905998727290e-02,1.311277870162287466e-02,7.444246774117502241e-01,6.664545766901133206e-01,-9.922375806545116750e-02,4.289446906077129529e-02,2.496787870981024005e-01,4.371143293352439119e-01,-4.937832530907135808e-01,1.467232647125871203e-01,-2.387331921614220809e-01,-1.462719518300815980e-01,-1.170759852963976222e-01,4.124332125057679765e-01,-3.180813680582010305e-01,8.603274000857484560e-02,-4.915639734031421876e-02,0.000000000000000000e+00,0.000000000000000000e+00,-3.083140393059228268e-01,4.095723299350317870e-01,-6.564211064185514477e-01,8.430675832257883417e-01,0.000000000000000000e+00,0.000000000000000000e+00,0.000000000000000000e+00,-5.019366322514656753e-01,-4.794049520240126760e-01,9.014836092141365054e-01,8.689955334071317594e-01,0.000000000000000000e+00,0.000000000000000000e+00,0.000000000000000000e+00
4.698449714114426995e-02,-1.028506150486860671e+00,9.189641062150287754e-01,3.870725905998727290e-02,1.311277870162287466e-02,7.444246774117502241e-01,6.664545766901133206e-01,-9.871727660220892819e-02,4.241659261019537636e-02,2.479389401015354433e-01,4.320098891834966981e-01,-4.888768236349149698e-01,1.451118119742507984e-01,-2.346983538516081436e-01,-1.457210785322383406e-01,-1.190300956624995021e-01,4.076468238149051349e-01,-3.168719114096308354e-01,8.661883094658250071e-02,-4.801993615884925931e-02,0.000000000000000000e+00,0.000000000000000000e+00,-3.031050749751237894e-01,4.065750826824574560e-01,-6.552830410075912715e-01,8.503384674480959360e-01,0.000000000000000000e+00,0.000000000000000000e+00,0.000000000000000000e+00,-4.924573570637432174e-01,-4.759789105334072401e-01,8.989882443723016259e-01,8.734667108633822341e-01,0.000000000000000000e+00,0.000000000000000000e+00,0.000000000000000000e+00
4.698449714114426995e-02,-1.028506150486860671e+00,9.189641062150287754e-01,3.870725905998727290e-02,1.311277870162287466e-02,7.444246774117502241e-01,6.664545766901133206e-01,-9.821079513896670277e-02,4.193871615961945742e-02,2.461990931049685138e-01,4.269054490317494843e-01,-4.839703941791163033e-01,1.435003592359145042e-01,-2.306635155417942062e-01,-1.451702052343950833e-01,-1.209842060286013682e-01,4.028604351240422932e-01,-3.156624547610606957e-01,8.720492188459014193e-02,-4.688347497738430680e-02,0.000000000000000000e+00,0.000000000000000000e+00,-2.978961106443247520e-01,4.035778354298831250e-01,-6.541449755966310953e-01,8.576093516704034192e-01,0.000000000000000000e+00,0.000000000000000000e+00,0.000000000000000000e+00,-4.829780818760207040e-01,-4.725528690428018042e-01,8.964928795304668574e-01,8.779378883196330419e-01,0.000000000000000000e+00,0.000000000000000000e+00,0.000000000000000000e+00
4.698449714114426995e-02,-1.028506150486860671e+00,9.189641062150287754e-01,3.870725905998727290e-02,1.311277870162287466e-02,7.444246774117502241e-01,6.664545766901133206e-01,-9.770431367572449122e-02,4.146083970904353155e-02,2.444592461084016122e-01,4.218010088800022706e-01,-4.790639647233176923e-01,1.418889064975782377e-01,-2.266286772319802967e-01,-1.446193319365518537e-01,-1.229383163947032620e-01,3.980740464331794515e-01,-3.144529981124905560e-01,8.779101282259781092e-02,-4.574701379591935430e-02,0.000000000000000000e+00,0.000000000000000000e+00,-2.926871463135257145e-01,4.005805881773087385e-01,-6.530069101856709191e-01,8.648802358927110134e-01,0.000000000000000000e+00,0.000000000000000000e+00,0.000000000000000000e+00,-4.734988066882982460e-01,-4.691268275521964792e-01,8.939975146886320889e-01,8.824090657758837386e-01,0.000000000000000000e+00,0.000000000000000000e+00,0.000000000000000000e+00
4.698449714114426995e-02,-1.028506150486860671e+00,9.189641062150287754e-01,3.870725905998727290e-02,1.311277870162287466e-02,7.444246774117502241e-01,6.664545766901133206e-01,-9.719783221248227967e-02,4.098296325846761262e-02,2.427193991118346827e-01,4.166965687282550568e-01,-4.741575352675190813e-01,1.402774537592419435e-01,-2.225938389221663871e-01,-1.440684586387085964e-01,-1.248924267608051419e-01,3.932876577423166653e-01,-3.132435414639203608e-01,8.837710376060546602e-02,-4.461055261445440179e-02,0.000000000000000000e+00,0.000000000000000000e+00,-2.874781819827266771e-01,3.975833409247344075e-01,-6.518688447747107428e-01,8.721511201150186077e-01,0.000000000000000000e+00,0.000000000000000000e+00,0.000000000000000000e+00,-4.640195315005757326e-01,-4.657007860615910988e-01,8.915021498467972094e-01,8.868802432321345464e-01,0.000000000000000000e+00,0.000000000000000000e+00,0.000000000000000000e+00
4.698449714114426995e-02,-1.028506150486860671e+00,9.189641062150287754e-01,3.870725905998727290e-02,1.311277870162287466e-02,7.444246774117502241e-01,6.664545766901133206e-01,-9.669135074924004036e-02,4.050508680789169369e-02,2.409795521152677256e-01,4.115921285765078430e-01,-4.692511058117204703e-01,1.386660010209056493e-01,-2.185590006123524498e-01,-1.435175853408653390e-01,-1.268465371269070219e-01,3.885012690514537681e-01,-3.120340848153502211e-01,8.896319469861312113e-02,-4.347409143298944234e-02,0.000000000000000000e+00,0.000000000000000000e+00,-2.822692176519276397e-01,3.945860936721600210e-01,-6.507307793637505666e-01,8.794220043373262019e-01,0.000000000000000000e+00,0.000000000000000000e+00,0.000000000000000000e+00,-4.545402563128531637e-01,-4.622747445709857184e-01,8.890067850049625520e-01,8.913514206883852431e-01,0.000000000000000000e+00,0.000000000000000000e+00,0.000000000000000000e+00
4.698449714114426995e-02,-1.028506150486860671e+00,9.189641062150287754e-01,3.870725905998727290e-02,1.311277870162287466e-02,7.444246774117502241e-01,6.664545766901133206e-01,-9.618486928599784269e-02,4.002721035731577476e-02,2.392397051187008516e-01,4.064876884247606292e-01,-4.643446763559219148e-01,1.370545482825693551e-01,-2.145241623025385402e-01,-1.429667120430220817e-01,-1.288006474930089018e-01,3.837148803605910374e-01,-3.108246281667800814e-01,8.954928563662079011e-02,-4.233763025152449677e-02,0.000000000000000000e+00,0.000000000000000000e+00,-2.770602533211286578e-01,3.915888464195857455e-01,-6.495927139527903904e-01,8.866928885596336851e-01,0.000000000000000000e+00,0.000000000000000000e+00,0.000000000000000000e+00,-4.450609811251307057e-01,-4.588487030803803379e-01,8.865114201631276725e-01,8.958225981446359398e-01,0.000000000000000000e+00,0.000000000000000000e+00,0.000000000000000000e+00
4.698449714114426995e-02,-1.028506150486860671e+00,9.189641062150287754e-01,3.870725905998727290e-02,1.311277870162287466e-02,7.444246774117502241e-01,6.664545766901133206e-01,-9.567838782275561726e-02,3.954933390673985583e-02,2.374998581221339500e-01,4.013832482730134710e-01,-4.594382469001232483e-01,1.354430955442330609e-01,-2.104893239927246584e-01,-1.424158387451788521e-01,-1.307547578591107817e-01,3.789284916697282513e-01,-3.096151715182099418e-01,9.013537657462844521e-02,-4.120116907005955120e-02,0.000000000000000000e+00,0.000000000000000000e+00,-2.718512889903296759e-01,3.885915991670114700e-01,-6.484546485418303252e-01,8.939637727819413904e-01,0.000000000000000000e+00,0.000000000000000000e+00,0.000000000000000000e+00,-4.355817059374083033e-01,-4.554226615897749020e-01,8.840160553212930150e-01,9.002937756008867476e-01,0.000000000000000000e+00,0.000000000000000000e+00,0.000000000000000000e+00
4.698449714114426995e-02,-1.028506150486860671e+00,9.189641062150287754e-01,3.870725905998727290e-02,1.311277870162287466e-02,7.444246774117502241e-01,6.664545766901133206e-01,-9.517190635951339184e-02,3.907145745616393689e-02,2.357600111255669928e-01,3.962788081212662572e-01,-4.545318174443246373e-01,1.338316428058967666e-01,-2.064544856829107211e-01,-1.418649654473355948e-01,-1.327088682252126617e-01,3.741421029788654096e-01,-3.084057148696397466e-01,9.072146751263610032e-02,-4.006470788859459176e-02,0.000000000000000000e+00,0.000000000000000000e+00,-2.666423246595306384e-01,3.855943519144370280e-01,-6.473165831308701490e-01,9.012346570042488736e-01,0.000000000000000000e+00,0.000000000000000000e+00,0.000000000000000000e+00,-4.261024307496857344e-01,-4.519966200991695215e-01,8.815206904794582465e-01,9.047649530571373333e-01,0.000000000000000000e+00,0.000000000000000000e+00,0.000000000000000000e+00
4.698449714114426995e-02,-1.028506150486860671e+00,9.189641062150287754e-01,3.870725905998727290e-02,1.311277870162287466e-02,7.444246774117502241e-01,6.664545766901133206e-01,-9.466542489627118029e-02,3.859358100558801796e-02,2.340201641290000634e-01,3.911743679695189879e-01,-4.496253879885259708e-01,1.322201900675604724e-01,-2.024196473730967560e-01,-1.413140921494923374e-01,-1.346629785913145416e-01,3.693557142880025124e-01,-3.071962582210695514e-01,9.130755845064374154e-02,-3.892824670712963231e-02,0.000000000000000000e+00,0.000000000000000000e+00,-2.614333603287316010e-01,3.825971046618626970e-01,-6.461785177199099728e-01,9.085055412265563568e-01,0.000000000000000000e+00,0.000000000000000000e+00,0.000000000000000000e+00,-4.166231555619632210e-01,-4.485705786085640856e-01,8.790253256376233670e-01,9.092361305133880300e-01,0.000000000000000000e+00,0.000000000000000000e+00,0.000000000000000000e+00
4.698449714114426995e-02,-1.028506150486860671e+00,9.189641062150287754e-01,3.870725905998727290e-02,1.311277870162287466e-02,7.444246774117502241e-01,6.664545766901133206e-01,-9.415894343302896874e-02,3.811570455501209903e-02,2.322803171324331617e-01,3.860699278177718297e-01,-4.447189585327274153e-01,1.306087373292242060e-01,-1.983848090632828742e-01,-1.407632188516491079e-01,-1.366170889574164216e-01,3.645693255971397262e-01,-3.059868015724994672e-01,9.189364938865141053e-02,-3.779178552566468674e-02,0.000000000000000000e+00,0.000000000000000000e+00,-2.562243959979326191e-01,3.795998574092883660e-01,-6.450404523089497966e-01,9.157764254488640621e-01,0.000000000000000000e+00,0.000000000000000000e+00,0.000000000000000000e+00,-4.071438803742407631e-01,-4.451445371179587607e-01,8.765299607957885986e-01,9.137073079696388378e-01,0.000000000000000000e+00,0.000000000000000000e+00,0.000000000000000000e+00
4.698449714114426995e-02,-1.028506150486860671e+00,9.189641062150287754e-01,3.870725905998727290e-02,1.311277870162287466e-02,7.444246774117502241e-01,6.664545766901133206e-01,-9.365246196978674331e-02,3.763782810443618010e-02,2.305404701358662600e-01,3.809654876660246714e-01,-4.398125290769288043e-01,1.289972845908879118e-01,-1.943499707534689924e-01,-1.402123455538058505e-01,-1.385711993235183015e-01,3.597829369062769400e-01,-3.047773449239292720e-01,9.247974032665906563e-02,-3.665532434419974117e-02,0.000000000000000000e+00,0.000000000000000000e+00,-2.510154316671336372e-01,3.766026101567140350e-01,-6.439023868979896204e-01,9.230473096711715453e-01,0.000000000000000000e+00,0.000000000000000000e+00,0.000000000000000000e+00,-3.976646051865183606e-01,-4.417184956273533247e-01,8.740345959539539411e-01,9.181784854258894235e-01,0.000000000000000000e+00,0.000000000000000000e+00,0.000000000000000000e+00
4.698449714114426995e-02,-1.028506150486860671e+00,9.189641062150287754e-01,3.870725905998727290e-02,1.311277870162287466e-02,7.444246774117502241e-01,6.664545766901133206e-01,-9.314598050654451789e-02,3.715995165386026117e-02,2.288006231392993306e-01,3.758610475142774021e-01,-4.349060996211301933e-01,1.273858318525516176e-01,-1.903151324436550551e-01,-1.396614722559625932e-01,-1.405253096896201814e-01,3.549965482154140428e-01,-3.035678882753591323e-01,9.306583126466672073e-02,-3.551886316273478172e-02,0.000000000000000000e+00,0.000000000000000000e+00,-2.458064673363345998e-01,3.736053629041397040e-01,-6.427643214870294441e-01,9.303181938934791395e-01,0.000000000000000000e+00,0.000000000000000000e+00,0.000000000000000000e+00,-3.881853299987957917e-01,-4.382924541367479998e-01,8.715392311121190616e-01,9.226496628821403423e-01,0.000000000000000000e+00,0.000000000000000000e+00,0.000000000000000000e+00
4.698449714114426995e-02,-1.028506150486860671e+00,9.189641062150287754e-01,3.870725905998727290e-02,1.311277870162287466e-02,7.444246774117502241e-01,6.664545766901133206e-01,-9.263949904330230634e-02,3.668207520328434224e-02,2.270607761427324012e-01,3.707566073625302439e-01,-4.299996701653315823e-01,1.257743791142153233e-01,-1.862802941338411178e-01,-1.391105989581193636e-01,-1.424794200557220614e-01,3.502101595245512566e-01,-3.023584316267889927e-01,9.365192220267437584e-02,-3.438240198126982228e-02,0.000000000000000000e+00,0.000000000000000000e+00,-2.405975030055355623e-01,3.706081156515653729e-01,-6.416262560760692679e-01,9.375890781157867337e-01,0.000000000000000000e+00,0.000000000000000000e+00,0.000000000000000000e+00,-3.787060548110732228e-01,-4.348664126461425639e-01,8.690438662702842931e-01,9.271208403383910390e-01,0.000000000000000000e+00,0.000000000000000000e+00,0.000000000000000000e+00
4.698449714114426995e-02,-1.028506150486860671e+00,9.189641062150287754e-01,3.870725905998727290e-02,1.311277870162287466e-02,7.444246774117502241e-01,6.664545766901133206e-01,-9.213301758006009479e-02,3.620419875270842330e-02,2.253209291461654717e-01,3.656521672107829746e-01,-4.250932407095329157e-01,1.241629263758790291e-01,-1.822454558240272082e-01,-1.385597256602761063e-01,-1.444335304218239413e-01,3.454237708336884705e-01,-3.011489749782187975e-01,9.423801314068203094e-02,-3.324594079980487671e-02,0.000000000000000000e+00,0.000000000000000000e+00,-2.353885386747365527e-01,3.676108683989909864e-01,-6.404881906651092027e-01,9.448599623380942170e-01,0.000000000000000000e+00,0.000000000000000000e+00,0.000000000000000000e+00,-3.692267796233508204e-01,-4.314403711555371279e-01,8.665485014284495247e-01,9.315920177946417358e-01,0.000000000000000000e+00,0.000000000000000000e+00,0.000000000000000000e+00
4.698449714114426995e-02,-1.028506150486860671e+00,9.189641062150287754e-01,3.870725905998727290e-02,1.311277870162287466e-02,7.444246774117502241e-01,6.664545766901133206e-01,-9.162653611681786936e-02,3.572632230213250437e-02,2.235810821495985423e-01,3.605477270590358163e-01,-4.201868112537343602e-01,1.225514736375427627e-01,-1.782106175142132987e-01,-1.380088523624328489e-01,-1.463876407879258212e-01,3.406373821428255733e-01,-2.999395183296486578e-01,9.482410407868968605e-02,-3.210947961833992420e-02,0.000000000000000000e+00,0.000000000000000000e+00,-2.301795743439375153e-01,3.646136211464166554e-01,-6.393501252541490265e-01,9.521308465604018112e-01,0.000000000000000000e+00,0.000000000000000000e+00,0.000000000000000000e+00,-3.597475044356283069e-01,-4.280143296649318030e-01,8.640531365866148672e-01,9.360631952508924325e-01,0.000000000000000000e+00,0.000000000000000000e+00,0.000000000000000000e+00
4.698449714114426995e-02,-1.028506150486860671e+00,9.189641062150287754e-01,3.870725905998727290e-02,1.311277870162287466e-02,7.444246774117502241e-01,6.664545766901133206e-01,-9.112005465357564393e-02,3.524844585155658544e-02,2.218412351530316406e-01,3.554432869072886025e-01,-4.152803817979357492e-01,1.209400208992064685e-01,-1.741757792043993891e-01,-1.374579790645896193e-01,-1.483417511540277012e-01,3.358509934519627871e-01,-2.987300616810785181e-01,9.541019501669734115e-02,-3.097301843687497516e-02,0.000000000000000000e+00,0.000000000000000000e+00,-2.249706100131385333e-01,3.616163738938423244e-01,-6.382120598431888503e-01,9.594017307827094054e-01,0.000000000000000000e+00,0.000000000000000000e+00,0.000000000000000000e+00,-3.502682292479058490e-01,-4.245882881743263670e-01,8.615577717447799877e-01,9.405343727071431292e-01,0.000000000000000000e+00,0.000000000000000000e+00,0.000000000000000000e+00
4.698449714114426995e-02,-1.028506150486860671e+00,9.189641062150287754e-01,3.870725905998727290e-02,1.311277870162287466e-02,7.444246774117502241e-01,6.664545766901133206e-01,-9.061357319033341851e-02,3.477056940098066651e-02,2.201013881564647112e-01,3.503388467555413888e-01,-4.103739523421371382e-01,1.193285681608701743e-01,-1.701409408945854518e-01,-1.369071057667463620e-01,-1.502958615201295811e-01,3.310646047610999454e-01,-2.975206050325083229e-01,9.599628595470499626e-02,-2.983655725541001572e-02,0.000000000000000000e+00,0.000000000000000000e+00,-2.197616456823394959e-01,3.586191266412679379e-01,-6.370739944322286741e-01,9.666726150050168886e-01,0.000000000000000000e+00,0.000000000000000000e+00,0.000000000000000000e+00,-3.407889540601832801e-01,-4.211622466837209866e-01,8.590624069029452192e-01,9.450055501633939370e-01,0.000000000000000000e+00,0.000000000000000000e+00,0.000000000000000000e+00
4.698449714114426995e-02,-1.028506150486860671e+00,9.189641062150287754e-01,3.870725905998727290e-02,1.311277870162287466e-02,7.444246774117502241e-01,6.664545766901133206e-01,-9.010709172709122083e-02,3.429269295040474758e-02,2.183615411598978095e-01,3.452344066037942305e-01,-4.054675228863385272e-01,1.177171154225338801e-01,-1.661061025847715422e-01,-1.363562324689031047e-01,-1.522499718862314610e-01,3.262782160702371592e-01,-2.963111483839381832e-01,9.658237689271265136e-02,-2.870009607394507015e-02,0.000000000000000000e+00,0.000000000000000000e+00,-2.145526813515405140e-01,3.556218793886936069e-01,-6.359359290212684979e-01,9.739434992273245939e-01,0.000000000000000000e+00,0.000000000000000000e+00,0.000000000000000000e+00,-3.313096788724608777e-01,-4.177362051931156062e-01,8.565670420611104507e-01,9.494767276196445227e-01,0.000000000000000000e+00,0.000000000000000000e+00,0.000000000000000000e+00
4.698449714114426995e-02,-1.028506150486860671e+00,9.189641062150287754e-01,3.870725905998727290e-02,1.311277870162287466e-02,7.444246774117502241e-01,6.664545766901133206e-01,-8.960061026384899541e-02,3.381481649982882864e-02,2.166216941633308801e-01,3.401299664520469612e-01,-4.005610934305399162e-01,1.161056626841975858e-01,-1.620712642749576049e-01,-1.358053591710598751e-01,-1.542040822523333410e-01,3.214918273793743175e-01,-2.951016917353680435e-01,9.716846783072032034e-02,-2.756363489248011070e-02,0.000000000000000000e+00,0.000000000000000000e+00,-2.093437170207415043e-01,3.526246321361192759e-01,-6.347978636103083216e-01,9.812143834496320771e-01,0.000000000000000000e+00,0.000000000000000000e+00,0.000000000000000000e+00,-3.218304036847383642e-01,-4.143101637025101702e-01,8.540716772192755712e-01,9.539479050758954415e-01,0.000000000000000000e+00,0.000000000000000000e+00,0.000000000000000000e+00
4.698449714114426995e-02,-1.028506150486860671e+00,9.189641062150287754e-01,3.870725905998727290e-02,1.311277870162287466e-02,7.444246774117502241e-01,6.664545766901133206e-01,-8.909412880060676998e-02,3.333694004925290971e-02,2.148818471667639507e-01,3.350255263002998030e-01,-3.956546639747413052e-01,1.144942099458613055e-01,-1.580364259651437231e-01,-1.352544858732166178e-01,-1.561581926184352209e-01,3.167054386885115314e-01,-2.938922350867978484e-01,9.775455876872796157e-02,-2.642717371101516513e-02,0.000000000000000000e+00,0.000000000000000000e+00,-2.041347526899424947e-01,3.496273848835449449e-01,-6.336597981993481454e-01,9.884852676719396714e-01,0.000000000000000000e+00,0.000000000000000000e+00,0.000000000000000000e+00,-3.123511284970158508e-01,-4.108841222119048453e-01,8.515763123774409138e-01,9.584190825321461382e-01,0.000000000000000000e+00,0.000000000000000000e+00,0.000000000000000000e+00
4.698449714114426995e-02,-1.028506150486860671e+00,9.189641062150287754e-01,3.870725905998727290e-02,1.311277870162287466e-02,7.444246774117502241e-01,6.664545766901133206e-01,-8.858764733736454455e-02,3.285906359867699078e-02,2.131420001701970213e-01,3.299210861485525892e-01,-3.907482345189426942e-01,1.128827572075250113e-01,-1.540015876553297858e-01,-1.347036125753733882e-01,-1.581123029845371009e-01,3.119190499976486342e-01,-2.926827784382277087e-01,9.834064970673561668e-02,-2.529071252955020915e-02,0.000000000000000000e+00,0.000000000000000000e+00,-1.989257883591434850e-01,3.466301376309706139e-01,-6.325217327883880802e-01,9.957561518942472656e-01,0.000000000000000000e+00,0.000000000000000000e+00,0.000000000000000000e+00,-3.028718533092933374e-01,-4.074580807212994094e-01,8.490809475356060343e-01,9.628902599883967239e-01,0.000000000000000000e+00,0.000000000000000000e+00,0.000000000000000000e+00
4.698449714114426995e-02,-1.028506150486860671e+00,9.189641062150287754e-01,3.870725905998727290e-02,1.311277870162287466e-02,7.444246774117502241e-01,6.664545766901133206e-01,-8.808116587412231913e-02,3.238118714810106491e-02,2.114021531736300918e-01,3.248166459968053754e-01,-3.858418050631440832e-01,1.112713044691887310e-01,-1.499667493455159040e-01,-1.341527392775301308e-01,-1.600664133506389808e-01,3.071326613067858480e-01,-2.914733217896575690e-01,9.892674064474328566e-02,-2.415425134808525665e-02,0.000000000000000000e+00,0.000000000000000000e+00,-1.937168240283444753e-01,3.436328903783962829e-01,-6.313836673774277930e-01,1.003027036116554749e+00,0.000000000000000000e+00,0.000000000000000000e+00,0.000000000000000000e+00,-2.933925781215708795e-01,-4.040320392306940289e-01,8.465855826937713768e-01,9.673614374446475317e-01,0.000000000000000000e+00,0.000000000000000000e+00,0.000000000000000000e+00
4.698449714114426995e-02,-1.028506150486860671e+00,9.189641062150287754e-01,3.870725905998727290e-02,1.311277870162287466e-02,7.444246774117502241e-01,6.664545766901133206e-01,-8.757468441088012145e-02,3.190331069752515292e-02,2.096623061770631624e-01,3.197122058450581616e-01,-3.809353756073454722e-01,1.096598517308524368e-01,-1.459319110357019667e-01,-1.336018659796868735e-01,-1.620205237167408607e-01,3.023462726159230618e-01,-2.902638651410873738e-01,9.951283158275094076e-02,-2.301779016662030414e-02,0.000000000000000000e+00,0.000000000000000000e+00,-1.885078596975454379e-01,3.406356431258219519e-01,-6.302456019664677278e-01,1.010297920338862454e+00,0.000000000000000000e+00,0.000000000000000000e+00,0.000000000000000000e+00,-2.839133029338483660e-01,-4.006059977400886485e-01,8.440902178519364973e-01,9.718326149008982284e-01,0.000000000000000000e+00,0.000000000000000000e+00,0.000000000000000000e+00
4.698449714114426995e-02,-1.028506150486860671e+00,9.189641062150287754e-01,3.870725905998727290e-02,1.311277870162287466e-02,7.444246774117502241e-01,6.664545766901133206e-01,-8.706820294763789603e-02,3.142543424694923399e-02,2.079224591804962607e-01,3.146077656933109479e-01,-3.760289461515468612e-01,1.080483989925161425e-01,-1.418970727258880571e-01,-1.330509926818436162e-01,-1.639746340828427407e-01,2.975598839250602201e-01,-2.890544084925172341e-01,1.000989225207585820e-01,-2.188132898515535857e-02,0.000000000000000000e+00,0.000000000000000000e+00,-1.832988953667464282e-01,3.376383958732475654e-01,-6.291075365555075516e-01,1.017568804561169937e+00,0.000000000000000000e+00,0.000000000000000000e+00,0.000000000000000000e+00,-2.744340277461259081e-01,-3.971799562494832125e-01,8.415948530101018399e-01,9.763037923571489252e-01,0.000000000000000000e+00,0.000000000000000000e+00,0.000000000000000000e+00
4.698449714114426995e-02,-1.028506150486860671e+00,9.189641062150287754e-01,3.870725905998727290e-02,1.311277870162287466e-02,7.444246774117502241e-01,6.664545766901133206e-01,-8.656172148439567060e-02,3.094755779637331158e-02,2.061826121839293313e-01,3.095033255415637896e-01,-3.711225166957482502e-01,1.064369462541798483e-01,-1.378622344160741475e-01,-1.325001193840003588e-01,-1.659287444489446206e-01,2.927734952341973784e-01,-2.878449518439470944e-01,1.006850134587662510e-01,-2.074486780369039912e-02,0.000000000000000000e+00,0.000000000000000000e+00,-1.780899310359473908e-01,3.346411486206732344e-01,-6.279694711445473754e-01,1.024839688783477420e+00,0.000000000000000000e+00,0.000000000000000000e+00,0.000000000000000000e+00,-2.649547525584033947e-01,-3.937539147588778321e-01,8.390994881682670714e-01,9.807749698133996219e-01,0.000000000000000000e+00,0.000000000000000000e+00,0.000000000000000000e+00
4.698449714114426995e-02,-1.028506150486860671e+00,9.189641062150287754e-01,3.870725905998727290e-02,1.311277870162287466e-02,7.444246774117502241e-01,6.664545766901133206e-01,-8.605524002115345905e-02,3.046968134579739612e-02,2.044427651873624296e-01,3.043988853898165203e-01,-3.662160872399495837e-01,1.048254935158435541e-01,-1.338273961062602102e-01,-1.319492460861571292e-01,-1.678828548150465005e-01,2.879871065433345922e-01,-2.866354951953769548e-01,1.012711043967739061e-01,-1.960840662222545008e-02,0.000000000000000000e+00,0.000000000000000000e+00,-1.728809667051484089e-01,3.316439013680989034e-01,-6.268314057335871992e-01,1.032110573005784904e+00,0.000000000000000000e+00,0.000000000000000000e+00,0.000000000000000000e+00,-2.554754773706809368e-01,-3.903278732682724517e-01,8.366041233264321919e-01,9.852461472696503186e-01,0.000000000000000000e+00,0.000000000000000000e+00,0.000000000000000000e+00
4.698449714114426995e-02,-1.028506150486860671e+00,9.189641062150287754e-01,3.870725905998727290e-02,1.311277870162287466e-02,7.444246774117502241e-01,6.664545766901133206e-01,-8.554875855791123362e-02,2.999180489522147025e-02,2.027029181907955002e-01,2.992944452380693621e-01,-3.613096577841510282e-01,1.032140407775072599e-01,-1.297925577964463006e-01,-1.313983727883138719e-01,-1.698369651811483805e-01,2.832007178524717506e-01,-2.854260385468067596e-01,1.018571953347815612e-01,-1.847194544076049411e-02,0.000000000000000000e+00,0.000000000000000000e+00,-1.676720023743493715e-01,3.286466541155245169e-01,-6.256933403226270229e-01,1.039381457228092609e+00,0.000000000000000000e+00,0.000000000000000000e+00,0.000000000000000000e+00,-2.459962021829584233e-01,-3.869018317776670712e-01,8.341087584845974234e-01,9.897173247259011264e-01,0.000000000000000000e+00,0.000000000000000000e+00,0.000000000000000000e+00
4.698449714114426995e-02,-1.028506150486860671e+00,9.189641062150287754e-01,3.870725905998727290e-02,1.311277870162287466e-02,7.444246774117502241e-01,6.664545766901133206e-01,-8.504227709466900820e-02,2.951392844464555132e-02,2.009630711942285708e-01,2.941900050863220928e-01,-3.564032283283523617e-01,1.016025880391709796e-01,-1.257577194866323633e-01,-1.308474994904706146e-01,-1.717910755472502604e-01,2.784143291616089089e-01,-2.842165818982366199e-01,1.024432862727892163e-01,-1.733548425929553813e-02,0.000000000000000000e+00,0.000000000000000000e+00,-1.624630380435503341e-01,3.256494068629501859e-01,-6.245552749116669577e-01,1.046652341450400092e+00,0.000000000000000000e+00,0.000000000000000000e+00,0.000000000000000000e+00,-2.365169269952359099e-01,-3.834757902870616908e-01,8.316133936427626550e-01,9.941885021821518231e-01,0.000000000000000000e+00,0.000000000000000000e+00,0.000000000000000000e+00
4.698449714114426995e-02,-1.028506150486860671e+00,9.189641062150287754e-01,3.870725905998727290e-02,1.311277870162287466e-02,7.444246774117502241e-01,6.664545766901133206e-01,-8.453579563142679665e-02,2.903605199406963239e-02,1.992232241976616414e-01,2.890855649345749345e-01,-3.514967988725538062e-01,9.999113530083469925e-02,-1.217228811768184815e-01,-1.302966261926273850e-01,-1.737451859133521403e-01,2.736279404707461227e-01,-2.830071252496664247e-01,1.030293772107968714e-01,-1.619902307783058909e-02,0.000000000000000000e+00,0.000000000000000000e+00,-1.572540737127513522e-01,3.226521596103758549e-01,-6.234172095007067815e-01,1.053923225672707797e+00,0.000000000000000000e+00,0.000000000000000000e+00,0.000000000000000000e+00,-2.270376518075134520e-01,-3.800497487964562549e-01,8.291180288009278865e-01,9.986596796384026309e-01,0.000000000000000000e+00,0.000000000000000000e+00,0.000000000000000000e+00
4.698449714114426995e-02,-1.028506150486860671e+00,9.189641062150287754e-01,3.870725905998727290e-02,1.311277870162287466e-02,7.444246774117502241e-01,6.664545766901133206e-01,-8.402931416818458510e-02,2.855817554349371346e-02,1.974833772010947119e-01,2.839811247828277208e-01,-3.465903694167551397e-01,9.837968256249840504e-02,-1.176880428670045303e-01,-1.297457528947841277e-01,-1.756992962794540203e-01,2.688415517798832255e-01,-2.817976686010962850e-01,1.036154681488045265e-01,-1.506256189636563485e-02,0.000000000000000000e+00,0.000000000000000000e+00,-1.520451093819523147e-01,3.196549123578015239e-01,-6.222791440897466053e-01,1.061194109895015281e+00,0.000000000000000000e+00,0.000000000000000000e+00,0.000000000000000000e+00,-2.175583766197909386e-01,-3.766237073058508744e-01,8.266226639590930070e-01,1.003130857094653328e+00,0.000000000000000000e+00,0.000000000000000000e+00,0.000000000000000000e+00
4.698449714114426995e-02,-1.028506150486860671e+00,9.189641062150287754e-01,3.870725905998727290e-02,1.311277870162287466e-02,7.444246774117502241e-01,6.664545766901133206e-01,-8.352283270494235967e-02,2.808029909291779799e-02,1.957435302045278380e-01,2.788766846310805070e-01,-3.416839399609565842e-01,9.676822982416211083e-02,-1.136532045571906346e-01,-1.291948795969408981e-01,-1.776534066455559002e-01,2.640551630890204393e-01,-2.805882119525261453e-01,1.042015590868121816e-01,-1.392610071490068407e-02,0.000000000000000000e+00,0.000000000000000000e+00,-1.468361450511533328e-01,3.166576651052271929e-01,-6.211410786787864291e-01,1.068464994117322986e+00,0.000000000000000000e+00,0.000000000000000000e+00,0.000000000000000000e+00,-2.080791014320684806e-01,-3.731976658152454940e-01,8.241272991172583495e-01,1.007602034550904024e+00,0.000000000000000000e+00,0.000000000000000000e+00,0.000000000000000000e+00
4.698449714114426995e-02,-1.028506150486860671e+00,9.189641062150287754e-01,3.870725905998727290e-02,1.311277870162287466e-02,7.444246774117502241e-01,6.664545766901133206e-01,-8.301635124170013424e-02,2.760242264234187559e-02,1.940036832079609086e-01,2.737722444793332932e-01,-3.367775105051579176e-01,9.515677708582581662e-02,-1.096183662473766973e-01,-1.286440062990976407e-01,-1.796075170116577802e-01,2.592687743981575976e-01,-2.793787553039559501e-01,1.047876500248198506e-01,-1.278963953343572810e-02,0.000000000000000000e+00,0.000000000000000000e+00,-1.416271807203542954e-01,3.136604178526528619e-01,-6.200030132678262529e-01,1.075735878339630469e+00,0.000000000000000000e+00,0.000000000000000000e+00,0.000000000000000000e+00,-1.985998262443459672e-01,-3.697716243246401135e-01,8.216319342754234700e-01,1.012073212007154721e+00,0.000000000000000000e+00,0.000000000000000000e+00,0.000000000000000000e+00
4.698449714114426995e-02,-1.028506150486860671e+00,9.189641062150287754e-01,3.870725905998727290e-02,1.311277870162287466e-02,7.444246774117502241e-01,6.664545766901133206e-01,-8.250986977845792270e-02,2.712454619176596013e-02,1.922638362113939792e-01,2.686678043275861349e-01,-3.318710810493593621e-01,9.354532434748953629e-02,-1.055835279375627878e-01,-1.280931330012543834e-01,-1.815616273777596601e-01,2.544823857072948114e-01,-2.781692986553858105e-01,1.053737409628274918e-01,-1.165317835197078253e-02,0.000000000000000000e+00,0.000000000000000000e+00,-1.364182163895553135e-01,3.106631706000784754e-01,-6.188649478568661877e-01,1.083006762561937952e+00,0.000000000000000000e+00,0.000000000000000000e+00,0.000000000000000000e+00,-1.891205510566234815e-01,-3.663455828340347331e-01,8.191365694335888126e-01,1.016544389463405418e+00,0.000000000000000000e+00,0.000000000000000000e+00,0.000000000000000000e+00
4.698449714114426995e-02,-1.028506150486860671e+00,9.189641062150287754e-01,3.870725905998727290e-02,1.311277870162287466e-02,7.444246774117502241e-01,6.664545766901133206e-01,-8.200338831521571115e-02,2.664666974119003773e-02,1.905239892148270497e-01,2.635633641758389212e-01,-3.269646515935606956e-01,9.193387160915324208e-02,-1.015486896277488782e-01,-1.275422597034111538e-01,-1.835157377438615400e-01,2.496959970164319698e-01,-2.769598420068156708e-01,1.059598319008351469e-01,-1.051671717050582482e-02,0.000000000000000000e+00,0.000000000000000000e+00,-1.312092520587562761e-01,3.076659233475041444e-01,-6.177268824459059005e-01,1.090277646784245658e+00,0.000000000000000000e+00,0.000000000000000000e+00,0.000000000000000000e+00,-1.796412758689009959e-01,-3.629195413434292972e-01,8.166412045917540441e-01,1.021015566919656337e+00,0.000000000000000000e+00,0.000000000000000000e+00,0.000000000000000000e+00
4.698449714114426995e-02,-1.028506150486860671e+00,9.189641062150287754e-01,3.870725905998727290e-02,1.311277870162287466e-02,7.444246774117502241e-01,6.664545766901133206e-01,-8.149690685197348572e-02,2.616879329061411880e-02,1.887841422182601203e-01,2.584589240240917074e-01,-3.220582221377620846e-01,9.032241887081696174e-02,-9.751385131793496863e-02,-1.269913864055678965e-01,-1.854698481099634200e-01,2.449096083255691558e-01,-2.757503853582455311e-01,1.065459228388428159e-01,-9.380255989040875778e-03,0.000000000000000000e+00,0.000000000000000000e+00,-1.260002877279572941e-01,3.046686760949298134e-01,-6.165888170349457242e-01,1.097548531006553141e+00,0.000000000000000000e+00,0.000000000000000000e+00,0.000000000000000000e+00,-1.701620006811785102e-01,-3.594934998528239722e-01,8.141458397499191646e-01,1.025486744375906811e+00,0.000000000000000000e+00,0.000000000000000000e+00,0.000000000000000000e+00
4.698449714114426995e-02,-1.028506150486860671e+00,9.189641062150287754e-01,3.870725905998727290e-02,1.311277870162287466e-02,7.444246774117502241e-01,6.664545766901133206e-01,-8.099042538873126029e-02,2.569091684003820333e-02,1.870442952216931909e-01,2.533544838723444936e-01,-3.171517926819634736e-01,8.871096613248066753e-02,-9.347901300812104519e-02,-1.264405131077246391e-01,-1.874239584760652999e-01,2.401232196347063141e-01,-2.745409287096753359e-01,1.071320137768504710e-01,-8.243794807575919800e-03,0.000000000000000000e+00,0.000000000000000000e+00,-1.207913233971582567e-01,3.016714288423554824e-01,-6.154507516239856590e-01,1.104819415228860624e+00,0.000000000000000000e+00,0.000000000000000000e+00,0.000000000000000000e+00,-1.606827254934559968e-01,-3.560674583622185363e-01,8.116504749080845071e-01,1.029957921832157508e+00,0.000000000000000000e+00,0.000000000000000000e+00,0.000000000000000000e+00
4.698449714114426995e-02,-1.028506150486860671e+00,9.189641062150287754e-01,3.870725905998727290e-02,1.311277870162287466e-02,7.444246774117502241e-01,6.664545766901133206e-01,-8.048394392548904874e-02,2.521304038946228093e-02,1.853044482251263170e-01,2.482500437205973076e-01,-3.122453632261648626e-01,8.709951339414437332e-02,-8.944417469830713563e-02,-1.258896398098814096e-01,-1.893780688421671798e-01,2.353368309438435002e-01,-2.733314720611051962e-01,1.077181047148581261e-01,-7.107333626110972497e-03,0.000000000000000000e+00,0.000000000000000000e+00,-1.155823590663592471e-01,2.986741815897811514e-01,-6.143126862130254828e-01,1.112090299451168329e+00,0.000000000000000000e+00,0.000000000000000000e+00,0.000000000000000000e+00,-1.512034503057335388e-01,-3.526414168716131003e-01,8.091551100662496276e-01,1.034429099288408427e+00,0.000000000000000000e+00,0.000000000000000000e+00,0.000000000000000000e+00
4.698449714114426995e-02,-1.028506150486860671e+00,9.189641062150287754e-01,3.870725905998727290e-02,1.311277870162287466e-02,7.444246774117502241e-01,6.664545766901133206e-01,-7.997746246224683719e-02,2.473516393888636200e-02,1.835646012285593875e-01,2.431456035688500661e-01,-3.073389337703662516e-01,8.548806065580807911e-02,-8.540933638849321219e-02,-1.253387665120381522e-01,-1.913321792082690598e-01,2.305504422529806863e-01,-2.721220154125350565e-01,1.083041956528657673e-01,-5.970872444646016519e-03,0.000000000000000000e+00,0.000000000000000000e+00,-1.103733947355602374e-01,2.956769343372067649e-01,-6.131746208020651956e-01,1.119361183673475812e+00,0.000000000000000000e+00,0.000000000000000000e+00,0.000000000000000000e+00,-1.417241751180110254e-01,-3.492153753810077199e-01,8.066597452244148592e-01,1.038900276744659124e+00,0.000000000000000000e+00,0.000000000000000000e+00,0.000000000000000000e+00
4.698449714114426995e-02,-1.028506150486860671e+00,9.189641062150287754e-01,3.870725905998727290e-02,1.311277870162287466e-02,7.444246774117502241e-01,6.664545766901133206e-01,-7.947098099900459789e-02,2.425728748831044654e-02,1.818247542319924581e-01,2.380411634171029078e-01,-3.024325043145676961e-01,8.387660791747179878e-02,-8.137449807867930263e-02,-1.247878932141949088e-01,-1.932862895743709397e-01,2.257640535621178723e-01,-2.709125587639648614e-01,1.088902865908734363e-01,-4.834411263181067481e-03,0.000000000000000000e+00,0.000000000000000000e+00,-1.051644304047612416e-01,2.926796870846324339e-01,-6.120365553911051304e-01,1.126632067895783518e+00,0.000000000000000000e+00,0.000000000000000000e+00,0.000000000000000000e+00,-1.322448999302885675e-01,-3.457893338904023395e-01,8.041643803825802017e-01,1.043371454200909820e+00,0.000000000000000000e+00,0.000000000000000000e+00,0.000000000000000000e+00
4.698449714114426995e-02,-1.028506150486860671e+00,9.189641062150287754e-01,3.870725905998727290e-02,1.311277870162287466e-02,7.444246774117502241e-01,6.664545766901133206e-01,-7.896449953576238634e-02,2.377941103773452414e-02,1.800849072354255287e-01,2.329367232653556663e-01,-2.975260748587690296e-01,8.226515517913550457e-02,-7.733965976886537919e-02,-1.242370199163516514e-01,-1.952403999404728197e-01,2.209776648712550307e-01,-2.697031021153947217e-01,1.094763775288810914e-01,-3.697950081716111503e-03,0.000000000000000000e+00,0.000000000000000000e+00,-9.995546607396220418e-02,2.896824398320581029e-01,-6.108984899801449542e-01,1.133902952118091001e+00,0.000000000000000000e+00,0.000000000000000000e+00,0.000000000000000000e+00,-1.227656247425660402e-01,-3.423632923997969590e-01,8.016690155407453222e-01,1.047842631657160517e+00,0.000000000000000000e+00,0.000000000000000000e+00,0.000000000000000000e+00
