2.497536374575733999e-03,-1.283886660631314118e-02,9.177197742029862271e-01,-3.896734392488974269e-03,1.564262678022843370e-02,7.004215537823776927e-01,7.135473149592592712e-01,-1.736338747237650137e-01,-6.265906675798160741e-02,-5.720497097751896243e-02,3.350371503839262854e-01,-3.516104405933270782e-01,1.014628534813865612e-01,-1.903384090067702927e-01,6.342926559898681704e-02,1.022993388826089201e-01,3.618943835887979410e-01,-3.788380797418214319e-01,6.962882922139074227e-02,-3.462705554409231147e-03,0.000000000000000000e+00,0.000000000000000000e+00,-5.960716644026538974e-02,2.284247528088537704e-01,-5.737528816064366710e-01,1.182965608755787157e+00,0.000000000000000000e+00,0.000000000000000000e+00,0.000000000000000000e+00,-1.034654167120460239e-01,-2.343278119044346630e-01,6.519925938751172101e-01,1.213935588517724762e+00,0.000000000000000000e+00,0.000000000000000000e+00,0.000000000000000000e+00
2.814110550871770384e-03,-1.329146738339723188e-02,9.135027810575113705e-01,-6.783372530302029038e-03,1.708755294309204087e-02,7.010940481877551145e-01,7.128317732727951217e-01,-2.297755620613865513e-01,-6.385691402169187125e-02,-5.670121446442308311e-02,4.374693284725941766e-01,-4.032186535302350050e-01,9.979379376655382605e-02,-2.318875763763093845e-01,6.824283738996571314e-02,9.353773554390096279e-02,4.349304395035833437e-01,-4.187574119035853970e-01,6.589357148785443541e-02,-8.270289222715691488e-03,0.000000000000000000e+00,0.000000000000000000e+00,-8.058572408965689049e-02,2.173709791910748146e-01,-5.726939011227065723e-01,1.212793588814380374e+00,0.000000000000000000e+00,0.000000000000000000e+00,0.000000000000000000e+00,-1.248216169200100922e-01,-2.187480751799525391e-01,6.556432436632402272e-01,1.237477975797264929e+00,0.000000000000000000e+00,0.000000000000000000e+00,0.000000000000000000e+00
3.149089053679035924e-03,-1.329839416475927724e-02,9.112446595731386045e-01,-1.018949296355025486e-02,1.734723874014383604e-02,7.017038428036578290e-01,7.121846421650900316e-01,-2.591730024694572365e-01,-6.026113328858920953e-02,-5.750389656339194994e-02,4.873136237814055249e-01,-4.283677546024298177e-01,9.989176058413763715e-02,-2.511072128434366779e-01,7.498556003621650867e-02,9.052864537915020215e-02,4.634261723998179816e-01,-4.338131494978865743e-01,6.549142745123008591e-02,-7.434765200815376777e-03,0.000000000000000000e+00,0.000000000000000000e+00,-8.969600097674809702e-02,2.188205061391644835e-01,-5.703858795347891419e-01,1.217704858516745370e+00,0.000000000000000000e+00,0.000000000000000000e+00,0.000000000000000000e+00,-1.314251555863819865e-01,-2.131942186811135453e-01,6.532841446336935531e-01,1.242169867263366978e+00,0.000000000000000000e+00,0.000000000000000000e+00,0.000000000000000000e+00
3.605163165779792876e-03,-1.314980836528399991e-02,9.114870181217036293e-01,-1.227127836150159954e-02,1.786996224028947200e-02,7.004044042859763897e-01,7.134169542656744190e-01,-2.637225370145413472e-01,-5.701609341817411719e-02,-5.798578490180801570e-02,4.888552114295539042e-01,-4.265146986171516330e-01,1.003405115918040713e-01,-2.496604440188840979e-01,7.855473614201596844e-02,9.188734549788715733e-02,4.515896049689708258e-01,-4.291827643619995913e-01,6.355720301346377832e-02,-6.710122237968965501e-03,0.000000000000000000e+00,0.000000000000000000e+00,-9.045110861127803048e-02,2.241675535860350732e-01,-5.695790156339484156e-01,1.217087074232200417e+00,0.000000000000000000e+00,0.000000000000000000e+00,0.000000000000000000e+00,-1.333074507962045407e-01,-2.112193966181895033e-01,6.500195706256509665e-01,1.237574278575571007e+00,0.000000000000000000e+00,0.000000000000000000e+00,0.000000000000000000e+00
4.044896158959612048e-03,-1.285406613548600863e-02,9.110405479761358727e-01,-1.323716050199178450e-02,1.746614293784314390e-02,7.008321684210038205e-01,7.129894691641897042e-01,-2.684279454902935291e-01,-5.475298215880194941e-02,-5.893354250399671090e-02,4.982465943544013287e-01,-4.333482531160656182e-01,1.001099373063813053e-01,-2.502109502330527868e-01,8.164951898358663307e-02,9.194124051693845778e-02,4.522177793948910507e-01,-4.328230207458678702e-01,6.292452634892402308e-02,-5.873938761188069596e-03,0.000000000000000000e+00,0.000000000000000000e+00,-9.129146538979605874e-02,2.274091503702839745e-01,-5.705650033274846100e-01,1.215525843440250275e+00,0.000000000000000000e+00,0.000000000000000000e+00,0.000000000000000000e+00,-1.326039872753560500e-01,-2.108453929915137248e-01,6.509244760667924901e-01,1.236266523791944794e+00,0.000000000000000000e+00,0.000000000000000000e+00,0.000000000000000000e+00
4.585963673392728056e-03,-1.253663607198219135e-02,9.109617504199587490e-01,-1.344742923267166525e-02,1.741546049262844217e-02,7.005196985914857732e-01,7.132937825806104915e-01,-2.695851082247057162e-01,-5.403064213062580556e-02,-6.025424689149044832e-02,5.010392297843357934e-01,-4.335001215111881634e-01,9.940196625575892231e-02,-2.487721373088611632e-01,8.313293343743304031e-02,9.282763071007132938e-02,4.498914162305134301e-01,-4.340486181313137903e-01,6.233907804594057689e-02,-4.581355239771177368e-03,0.000000000000000000e+00,0.000000000000000000e+00,-9.060782496265119834e-02,2.303191873020345448e-01,-5.749736451757834210e-01,1.214704506729476385e+00,0.000000000000000000e+00,0.000000000000000000e+00,0.000000000000000000e+00,-1.315429502437202858e-01,-2.093610861594328298e-01,6.503037052733018353e-01,1.234707382191156722e+00,0.000000000000000000e+00,0.000000000000000000e+00,0.000000000000000000e+00
5.106720463356346704e-03,-1.216758461562464019e-02,9.108838750473836621e-01,-1.384457872108811431e-02,1.701599887622319909e-02,7.004793160840121491e-01,7.133354828976011808e-01,-2.702049555352005750e-01,-5.192476050457098258e-02,-6.007465734850759437e-02,5.039210078128335546e-01,-4.362112646722265397e-01,9.932917522949538669e-02,-2.470067955905406731e-01,8.535374383854076041e-02,9.316184522190482098e-02,4.472047444991922860e-01,-4.342926983350616221e-01,6.030167001491480716e-02,-5.275953233561268309e-03,0.000000000000000000e+00,0.000000000000000000e+00,-9.098726896420678001e-02,2.320380316565723577e-01,-5.750762035050783760e-01,1.217539606721145029e+00,0.000000000000000000e+00,0.000000000000000000e+00,0.000000000000000000e+00,-1.308237150208412247e-01,-2.087740794683063394e-01,6.534409814097318359e-01,1.232914284166699126e+00,0.000000000000000000e+00,0.000000000000000000e+00,0.000000000000000000e+00
5.607992934398412822e-03,-1.180891466861226646e-02,9.105913713346459604e-01,-1.395301090593787686e-02,1.644414241512058561e-02,6.995190464634671867e-01,7.142884622487826185e-01,-2.723875175494830936e-01,-4.968122551455703140e-02,-5.865848652388172546e-02,5.112840151239154141e-01,-4.384334812074063281e-01,1.000496755989772196e-01,-2.476424148561325866e-01,8.855341843797935597e-02,9.562274238164106266e-02,4.505118198394886253e-01,-4.348044041742237242e-01,5.936928297599253224e-02,-5.718696153987635686e-03,0.000000000000000000e+00,0.000000000000000000e+00,-8.856720304240509045e-02,2.339632869275378446e-01,-5.735844433698531475e-01,1.217516553818350999e+00,0.000000000000000000e+00,0.000000000000000000e+00,0.000000000000000000e+00,-1.315519520382443797e-01,-2.060511122799545958e-01,6.523541945305207923e-01,1.233158875396389353e+00,0.000000000000000000e+00,0.000000000000000000e+00,0.000000000000000000e+00
6.260127211119227014e-03,-1.126010069587973089e-02,9.109262071562146401e-01,-1.424539194506693925e-02,1.707437965807871716e-02,6.997278488206105651e-01,7.140633528983990619e-01,-2.699926688201715885e-01,-4.943376370158174965e-02,-5.960314670127903752e-02,5.051259867447155383e-01,-4.379530496938848771e-01,9.922955818035246456e-02,-2.444076910688568194e-01,8.822433207307169012e-02,9.529353446725474797e-02,4.429147056990470066e-01,-4.343147069824350170e-01,5.953152877183121028e-02,-5.806577302049619957e-03,0.000000000000000000e+00,0.000000000000000000e+00,-8.822602556978656474e-02,2.354580373064457943e-01,-5.759049327336360768e-01,1.218473438784245300e+00,0.000000000000000000e+00,0.000000000000000000e+00,0.000000000000000000e+00,-1.310030304822965563e-01,-2.047335670784410089e-01,6.545059911112981466e-01,1.233200457210946510e+00,0.000000000000000000e+00,0.000000000000000000e+00,0.000000000000000000e+00
6.993864237095521845e-03,-1.080101214368223671e-02,9.107693421043530080e-01,-1.370368861102854233e-02,1.703272648676159434e-02,6.994243525604251221e-01,7.143722210390804905e-01,-2.695675631027739660e-01,-4.885041153919273543e-02,-5.896786880039483342e-02,5.071871613281776492e-01,-4.376687528107099934e-01,9.704153158013534286e-02,-2.435309439694462175e-01,8.832434172686386142e-02,9.421963574423303234e-02,4.446851113346915740e-01,-4.373224736748980712e-01,5.675629569811994207e-02,-5.461110794208716944e-03,0.000000000000000000e+00,0.000000000000000000e+00,-8.626085684560254319e-02,2.347639347278683841e-01,-5.683591556388399857e-01,1.220961678564177699e+00,0.000000000000000000e+00,0.000000000000000000e+00,0.000000000000000000e+00,-1.302060903736808051e-01,-2.017114446905236280e-01,6.524946076163464781e-01,1.234240792645774132e+00,0.000000000000000000e+00,0.000000000000000000e+00,0.000000000000000000e+00
7.536082242417686990e-03,-1.018592519569869181e-02,9.108271021293193881e-01,-1.426955909640327015e-02,1.739382023638471816e-02,6.991941024837496910e-01,7.145778066471993872e-01,-2.696015592906676472e-01,-4.705507884012827269e-02,-5.754161735786231247e-02,5.062859942853172868e-01,-4.388460346170872661e-01,9.600863797539921363e-02,-2.429353815724954457e-01,8.910927210017975664e-02,9.365796310549785730e-02,4.421636745957540637e-01,-4.370793965709031670e-01,5.749267011444444270e-02,-6.072906682999321473e-03,0.000000000000000000e+00,0.000000000000000000e+00,-8.458363005924973699e-02,2.368472986066775254e-01,-5.698442231862018703e-01,1.219732886757588730e+00,0.000000000000000000e+00,0.000000000000000000e+00,0.000000000000000000e+00,-1.300307661829692985e-01,-2.003249315561038690e-01,6.512785645227345821e-01,1.233908407959510400e+00,0.000000000000000000e+00,0.000000000000000000e+00,0.000000000000000000e+00
8.007614753225065357e-03,-9.546794267510568324e-03,9.108142040307591891e-01,-1.510979010513261063e-02,1.722855596038065651e-02,6.992022870352501140e-01,7.145565288395135939e-01,-2.709637815615528744e-01,-4.518244699605712678e-02,-5.849133444694989969e-02,5.090925447833536399e-01,-4.411120171198886775e-01,9.679929480762691774e-02,-2.415104153657453012e-01,9.126425038365236497e-02,9.378221095486694026e-02,4.384410661976287371e-01,-4.352536262233832054e-01,5.879976868917891758e-02,-6.189824661553430113e-03,0.000000000000000000e+00,0.000000000000000000e+00,-8.549502043471539359e-02,2.383154747788601147e-01,-5.718537944757412506e-01,1.223209424837214288e+00,0.000000000000000000e+00,0.000000000000000000e+00,0.000000000000000000e+00,-1.297686145990431805e-01,-1.990891376099215848e-01,6.513339620964583299e-01,1.234475994808986954e+00,0.000000000000000000e+00,0.000000000000000000e+00,0.000000000000000000e+00
8.564946105418363639e-03,-8.914511787992331071e-03,9.103643476929236256e-01,-1.524844643091071740e-02,1.723323484059897590e-02,6.988152383482489904e-01,7.149319989695891442e-01,-2.731420617697583597e-01,-4.366988161786061057e-02,-5.709365359337160301e-02,5.155177138046453944e-01,-4.461817986752073528e-01,9.465972345529148624e-02,-2.428121675944953373e-01,9.337438987483337449e-02,9.539869244720347585e-02,4.430208721146441375e-01,-4.407633639563343086e-01,5.676302010701764905e-02,-5.583728121456164178e-03,0.000000000000000000e+00,0.000000000000000000e+00,-8.435857212631683866e-02,2.406520587464557048e-01,-5.733687888155591938e-01,1.222439474479523280e+00,0.000000000000000000e+00,0.000000000000000000e+00,0.000000000000000000e+00,-1.295302366869717503e-01,-1.974216380159976580e-01,6.534090811703897606e-01,1.234723608755032398e+00,0.000000000000000000e+00,0.000000000000000000e+00,0.000000000000000000e+00
9.081197050814440383e-03,-8.215675705505482568e-03,9.099779077123733018e-01,-1.550408693599875792e-02,1.707276276180825017e-02,6.988663640901336960e-01,7.148803740510691895e-01,-2.756581366961993740e-01,-4.297302879427171429e-02,-5.840420606326261060e-02,5.226664387580063353e-01,-4.502792640315918526e-01,9.422452218550739222e-02,-2.434549630412572718e-01,9.495964256247953206e-02,9.502067411843607980e-02,4.464217707314612205e-01,-4.445505067094663865e-01,5.613228288688736078e-02,-3.712060783538946931e-03,0.000000000000000000e+00,0.000000000000000000e+00,-8.372039128407723907e-02,2.413434269762189388e-01,-5.714428434454749128e-01,1.223579976685038373e+00,0.000000000000000000e+00,0.000000000000000000e+00,0.000000000000000000e+00,-1.274263491260809733e-01,-1.955705948713373499e-01,6.531521497156644873e-01,1.235306437226110443e+00,0.000000000000000000e+00,0.000000000000000000e+00,0.000000000000000000e+00
9.545139327037434687e-03,-7.585536387660992211e-03,9.092258421444580074e-01,-1.578649020876554676e-02,1.610785269818003698e-02,6.980822104805910477e-01,7.156623164725625097e-01,-2.795990587069560052e-01,-4.005714869708115050e-02,-5.696060373880879740e-02,5.360799352240736004e-01,-4.591905274382725999e-01,9.525041756093501066e-02,-2.440236806719022489e-01,9.993007981170926035e-02,9.890502634159953343e-02,4.518016494454309973e-01,-4.504290936756810138e-01,5.235764494199011965e-02,-3.442993857112861249e-03,0.000000000000000000e+00,0.000000000000000000e+00,-8.206283106198693222e-02,2.434477289318300597e-01,-5.702572608530338538e-01,1.225162153189779835e+00,0.000000000000000000e+00,0.000000000000000000e+00,0.000000000000000000e+00,-1.268898422393665570e-01,-1.925204810077603690e-01,6.522332418123504283e-01,1.235100050186165088e+00,0.000000000000000000e+00,0.000000000000000000e+00,0.000000000000000000e+00
1.010142893300220585e-02,-6.935468359138651298e-03,9.085449702171815023e-01,-1.594748510781909129e-02,1.509147156384763565e-02,6.980520425617114944e-01,7.157103262355494211e-01,-2.839227644700118569e-01,-3.807494820594849172e-02,-5.774910971235176771e-02,5.498815612817146148e-01,-4.643072803969552909e-01,9.566867908782980545e-02,-2.437308253379183998e-01,1.029295716859405241e-01,9.833140417513150378e-02,4.559181430425409132e-01,-4.547266284221301302e-01,5.161085490438056811e-02,-9.603754800302415420e-04,0.000000000000000000e+00,0.000000000000000000e+00,-8.145293088757393773e-02,2.436705689320830814e-01,-5.646927122996511228e-01,1.227820950460684513e+00,0.000000000000000000e+00,0.000000000000000000e+00,0.000000000000000000e+00,-1.238750961684701862e-01,-1.893157793677496536e-01,6.486269573439561453e-01,1.235119197936424884e+00,0.000000000000000000e+00,0.000000000000000000e+00,0.000000000000000000e+00
1.066114207195173122e-02,-6.234350858556749614e-03,9.084560772004132145e-01,-1.610598862180720459e-02,1.465537712406262197e-02,6.968487564441756543e-01,7.168874581788079459e-01,-2.832896423315036660e-01,-3.544749923487924836e-02,-5.616526020370441602e-02,5.522412921239784334e-01,-4.658081865791992016e-01,9.400539831317845929e-02,-2.411526311713854953e-01,1.056873815493973717e-01,1.010208806679207261e-01,4.532477901141127585e-01,-4.550276983430517896e-01,5.138101046479165435e-02,-4.151367424551901872e-04,0.000000000000000000e+00,0.000000000000000000e+00,-7.857520107480853166e-02,2.464292153286350706e-01,-5.659970672184378992e-01,1.227081928851281090e+00,0.000000000000000000e+00,0.000000000000000000e+00,0.000000000000000000e+00,-1.230988945880765323e-01,-1.882464405873876534e-01,6.511641640662427788e-01,1.233409643473665884e+00,0.000000000000000000e+00,0.000000000000000000e+00,0.000000000000000000e+00
1.137626007332763999e-02,-5.509461408008494397e-03,9.076612706239948203e-01,-1.709125449471362440e-02,1.468070235716260191e-02,6.969239682973461525e-01,7.167910074845930124e-01,-2.900186152901633729e-01,-3.284198975437534196e-02,-5.538777706270100326e-02,5.655778347267526041e-01,-4.730964344511367492e-01,9.369517318035304465e-02,-2.439422329295088399e-01,1.087892137587374020e-01,1.005891548157916149e-01,4.585789056682999520e-01,-4.624801985088610179e-01,4.955139726684111567e-02,3.092919257379590694e-03,0.000000000000000000e+00,0.000000000000000000e+00,-8.026052343316461557e-02,2.468082531411716629e-01,-5.583497893237185927e-01,1.231300078955916533e+00,0.000000000000000000e+00,0.000000000000000000e+00,0.000000000000000000e+00,-1.215265190674423013e-01,-1.852863277082937854e-01,6.499920050848235764e-01,1.235051747954073686e+00,0.000000000000000000e+00,0.000000000000000000e+00,0.000000000000000000e+00
1.217427806020976097e-02,-4.854847960210205426e-03,9.073076465562854853e-01,-1.742103270155061917e-02,1.489802114058482764e-02,6.963694804616790135e-01,7.173172960881669669e-01,-2.924969651337800958e-01,-3.108937530780904804e-02,-5.496779990735722182e-02,5.708363241953199330e-01,-4.749325217037127511e-01,8.973943993348737491e-02,-2.447232726860120999e-01,1.112382655941936971e-01,1.022962876724444192e-01,4.608811199937155600e-01,-4.670409528318932857e-01,4.623665694519775438e-02,4.034997172970965044e-03,0.000000000000000000e+00,0.000000000000000000e+00,-7.881859618443542992e-02,2.494430906526382552e-01,-5.574841447638545500e-01,1.231640426619304174e+00,0.000000000000000000e+00,0.000000000000000000e+00,0.000000000000000000e+00,-1.207248174857013245e-01,-1.849205610339263450e-01,6.549720540925443313e-01,1.231637649441152060e+00,0.000000000000000000e+00,0.000000000000000000e+00,0.000000000000000000e+00
1.293661903540108300e-02,-4.239776095446523736e-03,9.066719060124962537e-01,-1.739878041745787293e-02,1.394689518646895568e-02,6.955956390630723130e-01,7.180873717529642208e-01,-2.958825616493006572e-01,-2.809527959538693498e-02,-5.395589405629393903e-02,5.827508699884687005e-01,-4.767761468299067107e-01,8.785382228058200016e-02,-2.445855140212034318e-01,1.152210401886075708e-01,1.043756675070186268e-01,4.655338135828112067e-01,-4.710476028643302837e-01,4.543130918925203376e-02,5.047346637084079365e-03,0.000000000000000000e+00,0.000000000000000000e+00,-7.603703127428523834e-02,2.510992035881397522e-01,-5.522033486128969937e-01,1.232156492359580024e+00,0.000000000000000000e+00,0.000000000000000000e+00,0.000000000000000000e+00,-1.189076108510526697e-01,-1.813020414202248243e-01,6.536330027282785116e-01,1.231030032861487378e+00,0.000000000000000000e+00,0.000000000000000000e+00,0.000000000000000000e+00
1.377154940430111787e-02,-3.591480267453366505e-03,9.060035933265779828e-01,-1.815478268821001800e-02,1.357599096884375307e-02,6.946256528753818049e-01,7.190141157878671141e-01,-3.010898960177929573e-01,-2.466776562425450348e-02,-5.304148587926630493e-02,5.949018113859880774e-01,-4.810666746868209609e-01,8.642482541594760648e-02,-2.454404818524943688e-01,1.196580243231198104e-01,1.064482903821712539e-01,4.682844707088250069e-01,-4.766596167873686785e-01,4.329659241174986517e-02,7.190256673493750257e-03,0.000000000000000000e+00,0.000000000000000000e+00,-7.451928831125148589e-02,2.545365897993621118e-01,-5.497276955770229456e-01,1.232256410988455952e+00,0.000000000000000000e+00,0.000000000000000000e+00,0.000000000000000000e+00,-1.174313185124913200e-01,-1.784725069014744259e-01,6.521420430069260199e-01,1.229123305180390258e+00,0.000000000000000000e+00,0.000000000000000000e+00,0.000000000000000000e+00
1.452897381268858368e-02,-2.923478972809489835e-03,9.055494470661522577e-01,-1.951116017230156499e-02,1.271546635869826546e-02,6.935553549852684352e-01,7.200268058310541619e-01,-3.074155375193761697e-01,-1.920822905195464919e-02,-5.197110046231961239e-02,6.078566649910703834e-01,-4.797678007437853887e-01,8.449263191463510236e-02,-2.450719009612465638e-01,1.258435302822295543e-01,1.092542854524626433e-01,4.674252068738680710e-01,-4.769140984497743374e-01,4.222805522731108707e-02,9.249024899072227912e-03,0.000000000000000000e+00,0.000000000000000000e+00,-7.298920748211203124e-02,2.582497851978249881e-01,-5.508892493416018832e-01,1.232383840447913048e+00,0.000000000000000000e+00,0.000000000000000000e+00,0.000000000000000000e+00,-1.152911176753622924e-01,-1.749760586317821442e-01,6.550563346019077082e-01,1.226902754318534461e+00,0.000000000000000000e+00,0.000000000000000000e+00,0.000000000000000000e+00
1.535327892852669449e-02,-2.286842496517883534e-03,9.045495483708353435e-01,-2.022557867025990413e-02,1.189797683552369471e-02,6.922682940832237675e-01,7.212586034993122563e-01,-3.153196276461061043e-01,-1.353443733442713168e-02,-4.841957439765699062e-02,6.258322973140835188e-01,-4.791688003106119864e-01,7.926197842893005496e-02,-2.478876963521766952e-01,1.315454366531456643e-01,1.110342074172534221e-01,4.757798295981140457e-01,-4.840493426028509294e-01,3.747472976149098661e-02,1.251951818763062316e-02,0.000000000000000000e+00,0.000000000000000000e+00,-7.019922527958481762e-02,2.618031556793590786e-01,-5.465103099065582448e-01,1.231294401128268490e+00,0.000000000000000000e+00,0.000000000000000000e+00,0.000000000000000000e+00,-1.141996861028339166e-01,-1.706071366292521430e-01,6.534522547568307749e-01,1.227685099921928424e+00,0.000000000000000000e+00,0.000000000000000000e+00,0.000000000000000000e+00
1.609271216758131201e-02,-1.595774743914387013e-03,9.032502764920773419e-01,-2.207892979539541334e-02,1.081648759640101501e-02,6.904874034260617410e-01,7.229264624877844714e-01,-3.283572867148691343e-01,-4.897269063293310798e-03,-4.448731394561691865e-02,6.510307753346064041e-01,-4.750320286917625867e-01,7.154082944447197334e-02,-2.521125728557224721e-01,1.402445566669668631e-01,1.140960036523058774e-01,4.841715111072135702e-01,-4.919372476272736994e-01,3.227746262040713521e-02,1.871560829640542961e-02,0.000000000000000000e+00,0.000000000000000000e+00,-6.789125193972862793e-02,2.649996617178890790e-01,-5.411862259535947794e-01,1.229176758994602991e+00,0.000000000000000000e+00,0.000000000000000000e+00,0.000000000000000000e+00,-1.102564213455975856e-01,-1.651894917086946246e-01,6.521355007300541073e-01,1.223414679908877645e+00,0.000000000000000000e+00,0.000000000000000000e+00,0.000000000000000000e+00
1.663572453422282327e-02,-7.388745105117596433e-04,9.030214195972350311e-01,-2.269746787498531232e-02,1.012664968912108804e-02,6.904308369024282355e-01,7.229713240318391687e-01,-3.309273302554109342e-01,-1.049883541501837880e-03,-4.359105442084302423e-02,6.572361018475981753e-01,-4.718059187542067434e-01,6.805344863009235579e-02,-2.501071061340973678e-01,1.439753373455609498e-01,1.157318822478778098e-01,4.827433425309398118e-01,-4.922624784856676761e-01,3.046125639513533670e-02,2.147205366587316352e-02,0.000000000000000000e+00,0.000000000000000000e+00,-6.884704181462039663e-02,2.679141022554332174e-01,-5.433254541297288798e-01,1.229485581622378199e+00,0.000000000000000000e+00,0.000000000000000000e+00,0.000000000000000000e+00,-1.091458446511979069e-01,-1.633110362554512085e-01,6.554434650102717308e-01,1.226549644917438675e+00,0.000000000000000000e+00,0.000000000000000000e+00,0.000000000000000000e+00
1.698325055284376564e-02,1.310727076960214489e-04,9.021687046537983923e-01,-2.447912714039107013e-02,8.812856879306196420e-03,6.879972968301331093e-01,7.252467341825812319e-01,-3.412996579344673154e-01,9.009938177211934685e-03,-3.664545400442489886e-02,6.758458635542653470e-01,-4.596663606283529768e-01,6.509083297014710279e-02,-2.509411615447901811e-01,1.523918596037971696e-01,1.208970136326923961e-01,4.848870418468493315e-01,-4.943139180902806906e-01,2.958039893546909188e-02,2.721675173487525176e-02,0.000000000000000000e+00,0.000000000000000000e+00,-6.624607793417963686e-02,2.722412346993277055e-01,-5.396498164349801119e-01,1.227426287870749366e+00,0.000000000000000000e+00,0.000000000000000000e+00,0.000000000000000000e+00,-1.074227938205141314e-01,-1.592258052940649926e-01,6.540478899204467123e-01,1.226155023445515413e+00,0.000000000000000000e+00,0.000000000000000000e+00,0.000000000000000000e+00
1.719875464448537492e-02,1.199832827442519085e-03,9.017004369356526050e-01,-2.480148890435803638e-02,8.771116733680290808e-03,6.867025397523998098e-01,7.264623703654413678e-01,-3.453100228715000886e-01,1.476030611807583812e-02,-2.801756137027824195e-02,6.805579301540878312e-01,-4.543299899211447057e-01,6.445881516368037745e-02,-2.521229450057531074e-01,1.549686832861157104e-01,1.237531277475266006e-01,4.894283695653093291e-01,-4.972692266056393806e-01,2.843473904912270298e-02,2.962196686538710877e-02,0.000000000000000000e+00,0.000000000000000000e+00,-6.496788142324524951e-02,2.729731793809432316e-01,-5.404300430343533801e-01,1.228792234059814081e+00,0.000000000000000000e+00,0.000000000000000000e+00,0.000000000000000000e+00,-1.084348099810183708e-01,-1.575985658243675702e-01,6.551260781148335877e-01,1.232389324282024079e+00,0.000000000000000000e+00,0.000000000000000000e+00,0.000000000000000000e+00
1.733604367905956442e-02,2.291566212585894723e-03,9.007395315009190107e-01,-2.684666290332780869e-02,7.912372104491830968e-03,6.858677686171037458e-01,7.271877715080411475e-01,-3.600889772778834708e-01,2.805402145259941818e-02,-1.563350736408458674e-02,6.965214139472433175e-01,-4.352472769036380140e-01,5.883737994331567772e-02,-2.545477303074056841e-01,1.614333100645352070e-01,1.250374601706774336e-01,4.937726358945107030e-01,-5.021030366772150089e-01,2.585683748905376333e-02,3.556375279333121725e-02,0.000000000000000000e+00,0.000000000000000000e+00,-6.459311415876212159e-02,2.764733794896233610e-01,-5.392903723565694030e-01,1.225371420644733256e+00,0.000000000000000000e+00,0.000000000000000000e+00,0.000000000000000000e+00,-1.064669756807971879e-01,-1.540526112535391401e-01,6.506526688683349491e-01,1.234816267170857351e+00,0.000000000000000000e+00,0.000000000000000000e+00,0.000000000000000000e+00
1.730686042701806010e-02,3.551382547556003206e-03,9.000722855474226902e-01,-2.754228777817767718e-02,7.539654731794827661e-03,6.850580976955865653e-01,7.279285533430974731e-01,-3.762065198482656414e-01,3.940962880930592993e-02,1.008535214605060792e-03,7.054033783336205454e-01,-4.248507412818023354e-01,6.039623756863825299e-02,-2.558021769353838737e-01,1.650616648916992113e-01,1.278011022848580813e-01,4.991355161196832091e-01,-5.064467444630773585e-01,2.265974166576570706e-02,3.764325552816473464e-02,0.000000000000000000e+00,0.000000000000000000e+00,-6.343837126491524980e-02,2.792211930746256732e-01,-5.397908324132146829e-01,1.224131888604193641e+00,0.000000000000000000e+00,0.000000000000000000e+00,0.000000000000000000e+00,-1.073393495253934099e-01,-1.547456895813423272e-01,6.505027689676937674e-01,1.238520123688828800e+00,0.000000000000000000e+00,0.000000000000000000e+00,0.000000000000000000e+00
1.722509890264738511e-02,4.954830637343083169e-03,8.999570153836663478e-01,-2.742311226735221971e-02,8.378179439101350254e-03,6.830457238696056033e-01,7.298125225880316425e-01,-3.984445458626349468e-01,3.953249903846697139e-02,6.276110925053923761e-03,7.131660056995885455e-01,-4.302673443567625600e-01,6.568198334780339653e-02,-2.567610535151406137e-01,1.654088451037415142e-01,1.322604200475107628e-01,5.026797009152633722e-01,-5.085102657280625715e-01,2.135826268708498551e-02,4.095961829460884746e-02,0.000000000000000000e+00,0.000000000000000000e+00,-6.103020376491142401e-02,2.760092547164361143e-01,-5.358716032092114556e-01,1.226069344298404085e+00,0.000000000000000000e+00,0.000000000000000000e+00,0.000000000000000000e+00,-1.068973049696553546e-01,-1.565527251255886543e-01,6.512960169758460482e-01,1.238482074613130868e+00,0.000000000000000000e+00,0.000000000000000000e+00,0.000000000000000000e+00
1.717752055734372840e-02,6.644238747313877674e-03,9.002322081466941350e-01,-2.785417724017868329e-02,9.125670999593162372e-03,6.815475597515928685e-01,7.311865635634520189e-01,-4.231050654110636855e-01,3.685274509519110425e-02,4.463247169466555420e-03,7.213718893608939142e-01,-4.405286325427211769e-01,6.682671578083144992e-02,-2.546443180883108948e-01,1.661995308670495275e-01,1.366785220270348988e-01,4.987641096484799474e-01,-5.057669849704481413e-01,2.018470832123472544e-02,4.288404109837296724e-02,0.000000000000000000e+00,0.000000000000000000e+00,-5.913244630435168098e-02,2.727079011391516095e-01,-5.319124664759004029e-01,1.231424707464031432e+00,0.000000000000000000e+00,0.000000000000000000e+00,0.000000000000000000e+00,-1.076614517290096218e-01,-1.578697540848151837e-01,6.529951744883426556e-01,1.241617846947121517e+00,0.000000000000000000e+00,0.000000000000000000e+00,0.000000000000000000e+00
1.705612035943712343e-02,8.557150247419724812e-03,9.002897556738480578e-01,-2.812617621380952490e-02,1.014333914764366934e-02,6.797635129325793057e-01,7.328216681895300955e-01,-4.457657069432983121e-01,3.330694840884806940e-02,2.791566538310578938e-03,7.204188509231072013e-01,-4.410761624114545310e-01,6.515891206152452098e-02,-2.558609558914106130e-01,1.667725580543604758e-01,1.412460544230799142e-01,5.015875519976490393e-01,-5.045044361514342546e-01,1.922519410399900833e-02,4.603979534571778220e-02,0.000000000000000000e+00,0.000000000000000000e+00,-5.572963574507184409e-02,2.686326202474912384e-01,-5.273861388290851382e-01,1.232517697941415413e+00,0.000000000000000000e+00,0.000000000000000000e+00,0.000000000000000000e+00,-1.076734904566092887e-01,-1.586140891853045076e-01,6.577300096826719233e-01,1.243669602978557664e+00,0.000000000000000000e+00,0.000000000000000000e+00,0.000000000000000000e+00
1.695567712382094888e-02,1.087061558876492237e-02,9.004520815816062784e-01,-2.873286638711414556e-02,1.125532616282433514e-02,6.776110106348441908e-01,7.347727936502376211e-01,-4.625593221597802951e-01,3.102435705143415448e-02,2.368998986724157874e-03,7.141157484060509653e-01,-4.315130306896777235e-01,6.238351454382112804e-02,-2.556663272033642964e-01,1.678086612255472732e-01,1.471385655715801710e-01,5.013610902441356654e-01,-5.025617499102517094e-01,2.121071673624762982e-02,4.781344950456844350e-02,0.000000000000000000e+00,0.000000000000000000e+00,-5.309651808430719544e-02,2.655281816878242163e-01,-5.257757691229617558e-01,1.236140998389690937e+00,0.000000000000000000e+00,0.000000000000000000e+00,0.000000000000000000e+00,-1.098625946658044195e-01,-1.578225308346367650e-01,6.585898981573017341e-01,1.250271218614515734e+00,0.000000000000000000e+00,0.000000000000000000e+00,0.000000000000000000e+00
1.690455220737672321e-02,1.344176718925001700e-02,9.005892814717884054e-01,-2.914143385621424664e-02,1.194294585670911506e-02,6.767457066130369014e-01,7.355429229201312369e-01,-4.771098828915579793e-01,3.150946476911915123e-02,5.586588443695632289e-03,6.980105751167067218e-01,-4.163623804314951493e-01,5.959667406752632707e-02,-2.527190534126196320e-01,1.671656068205464862e-01,1.485844027183636229e-01,4.987078751316276204e-01,-5.021554930163218966e-01,2.263609689352331922e-02,5.115754809935317560e-02,0.000000000000000000e+00,0.000000000000000000e+00,-5.246964309213770356e-02,2.640303699789927627e-01,-5.258519058713719829e-01,1.239797864438930697e+00,0.000000000000000000e+00,0.000000000000000000e+00,0.000000000000000000e+00,-1.086411228079655761e-01,-1.592905203772358447e-01,6.594364157825990391e-01,1.250646283112113011e+00,0.000000000000000000e+00,0.000000000000000000e+00,0.000000000000000000e+00
1.685601096834832974e-02,1.631698688394094682e-02,9.006470018308339043e-01,-2.949808871194539717e-02,1.242159140462565682e-02,6.752640531295158732e-01,7.368812830981784634e-01,-4.916998885018001864e-01,3.494838043769853131e-02,1.336641665460897715e-02,6.861078692418992597e-01,-3.979198137939770619e-01,5.634627660885210138e-02,-2.496902811998875371e-01,1.684757426980321160e-01,1.536716687737993969e-01,4.974771565961577657e-01,-5.011729242013139851e-01,2.234066840833802414e-02,5.431776635332789815e-02,0.000000000000000000e+00,0.000000000000000000e+00,-4.918909564994475292e-02,2.624567658554746163e-01,-5.187248628322157495e-01,1.241624853458682676e+00,0.000000000000000000e+00,0.000000000000000000e+00,0.000000000000000000e+00,-1.087817453885218388e-01,-1.599549944457575590e-01,6.581363852485501154e-01,1.254118494894060465e+00,0.000000000000000000e+00,0.000000000000000000e+00,0.000000000000000000e+00
1.674804900333616564e-02,1.936923776208274162e-02,9.008314175582584626e-01,-2.959060335158938959e-02,1.383646419871748835e-02,6.732913082720025644e-01,7.386553747568230799e-01,-5.071216704114361873e-01,3.406939070793728319e-02,1.623619093273226399e-02,6.617482550485672688e-01,-3.775495992830866787e-01,5.128649831759755223e-02,-2.480327164495083059e-01,1.681236646308373328e-01,1.599936684888151328e-01,4.974596280610455445e-01,-5.009176915030107979e-01,2.260353679624389420e-02,5.647561024054671003e-02,0.000000000000000000e+00,0.000000000000000000e+00,-4.521123866507310851e-02,2.612573942826451612e-01,-5.167930350867816491e-01,1.240496931060146801e+00,0.000000000000000000e+00,0.000000000000000000e+00,0.000000000000000000e+00,-1.089967665945819342e-01,-1.626977550209434964e-01,6.651093231637085212e-01,1.253470720221855572e+00,0.000000000000000000e+00,0.000000000000000000e+00,0.000000000000000000e+00
1.670239525749598122e-02,2.260421648314686616e-02,9.009632248530925480e-01,-2.848905900262736074e-02,1.508052246307303029e-02,6.717329378589784739e-01,7.400917588750278719e-01,-5.187978716649230826e-01,3.294479778738712561e-02,1.782756878581235466e-02,6.390437949107355964e-01,-3.564583165056758873e-01,4.769569164405687567e-02,-2.455709907512856338e-01,1.656919977954707801e-01,1.646725228207565339e-01,5.008875825511287516e-01,-5.029650482496617059e-01,2.193302354318539885e-02,5.776195317763560544e-02,0.000000000000000000e+00,0.000000000000000000e+00,-4.139963637219231524e-02,2.585285048589485157e-01,-5.125227121109937611e-01,1.239543864977353360e+00,0.000000000000000000e+00,0.000000000000000000e+00,0.000000000000000000e+00,-1.079839947711597470e-01,-1.638355466918581527e-01,6.665876098965927143e-01,1.252414276331325738e+00,0.000000000000000000e+00,0.000000000000000000e+00,0.000000000000000000e+00
1.643855055340331592e-02,2.615106489142689922e-02,9.009125227181349338e-01,-2.832722002446406290e-02,1.601417607309826505e-02,6.707825775202156393e-01,7.409398413270285033e-01,-5.279197037927124692e-01,3.017804935228090429e-02,1.958549687524119287e-02,6.158076079445984341e-01,-3.394956841647372436e-01,4.525418128190837608e-02,-2.434961018771461816e-01,1.647122776806220767e-01,1.686771210779445807e-01,5.038170999586544241e-01,-5.047466814803732715e-01,2.325365256357601537e-02,5.964053392044817159e-02,0.000000000000000000e+00,0.000000000000000000e+00,-4.216149351485426466e-02,2.577391274673273003e-01,-5.118515470684740221e-01,1.238757494413049498e+00,0.000000000000000000e+00,0.000000000000000000e+00,0.000000000000000000e+00,-1.085826175877993571e-01,-1.651034338628328824e-01,6.672344147485212984e-01,1.254794153577849070e+00,0.000000000000000000e+00,0.000000000000000000e+00,0.000000000000000000e+00
1.606402232150174608e-02,2.976201621654544008e-02,9.007626044944360144e-01,-2.779186767523997986e-02,1.690402932038530606e-02,6.706197954363060099e-01,7.410876843213803911e-01,-5.377236092911981125e-01,2.708573448071813564e-02,1.983435711590957051e-02,5.865340759910937507e-01,-3.176146404172111581e-01,4.153066410846123491e-02,-2.419522498763940210e-01,1.629078279570188581e-01,1.717373218111152289e-01,5.094813763616623525e-01,-5.076531472292042935e-01,2.446022143521915312e-02,6.093411239634897308e-02,0.000000000000000000e+00,0.000000000000000000e+00,-4.296544009196839181e-02,2.554273946037944332e-01,-5.106557626374697012e-01,1.238220384936687735e+00,0.000000000000000000e+00,0.000000000000000000e+00,0.000000000000000000e+00,-1.089007746275122424e-01,-1.649759528517338314e-01,6.697592645229192287e-01,1.260716992308130502e+00,0.000000000000000000e+00,0.000000000000000000e+00,0.000000000000000000e+00
1.555755254496577616e-02,3.353328572546494107e-02,9.008753444317472159e-01,-2.762131094799922734e-02,1.805339300175144712e-02,6.691772423290447414e-01,7.423698246369763165e-01,-5.464948925885162456e-01,2.300119392019113126e-02,1.959010693924861241e-02,5.574711165076376984e-01,-2.983200853681122755e-01,3.646901783559509946e-02,-2.384384346269233235e-01,1.612654016191920336e-01,1.770202268927658362e-01,5.094263923709737574e-01,-5.089938619363232331e-01,2.533303824759825310e-02,6.016003296286707297e-02,0.000000000000000000e+00,0.000000000000000000e+00,-4.355208749626991727e-02,2.534365029933736690e-01,-5.030515489545709373e-01,1.236197675695354103e+00,0.000000000000000000e+00,0.000000000000000000e+00,0.000000000000000000e+00,-1.117354159421664050e-01,-1.667439617314149247e-01,6.729724643324230815e-01,1.259868464972722979e+00,0.000000000000000000e+00,0.000000000000000000e+00,0.000000000000000000e+00
1.493111790419753698e-02,3.742503970114749445e-02,9.006128195557332461e-01,-2.759193180399191134e-02,1.853140324405067735e-02,6.686331693495560780e-01,7.428492156815539316e-01,-5.507538764240096363e-01,2.056576106925263325e-02,2.032733918649286958e-02,5.238005375384228168e-01,-2.787052703769974937e-01,3.133583248060521631e-02,-2.343086587339412441e-01,1.603017190682178572e-01,1.807182152469636038e-01,5.107750847394068039e-01,-5.139123639875365912e-01,2.668787401433390591e-02,6.064393679246792013e-02,0.000000000000000000e+00,0.000000000000000000e+00,-4.589945445330146506e-02,2.537842966798257716e-01,-5.006354634983698482e-01,1.233044859223646261e+00,0.000000000000000000e+00,0.000000000000000000e+00,0.000000000000000000e+00,-1.143291550908655391e-01,-1.667891210457985718e-01,6.742311689244875339e-01,1.264013142790666899e+00,0.000000000000000000e+00,0.000000000000000000e+00,0.000000000000000000e+00
1.431000510081060530e-02,4.150100994128823328e-02,9.003550395802254469e-01,-2.772949787219571374e-02,2.011718991007618862e-02,6.680636074865700103e-01,7.433151350335263086e-01,-5.576162924643783825e-01,1.536209690018461825e-02,1.747608171964516038e-02,4.924669802585738276e-01,-2.629986447690610407e-01,2.617825940604125851e-02,-2.329963588705049604e-01,1.571580790346678858e-01,1.818473236247389047e-01,5.141973160156645406e-01,-5.200137734889186403e-01,2.610130315684747876e-02,6.129944611603567461e-02,0.000000000000000000e+00,0.000000000000000000e+00,-4.992158067173178837e-02,2.530209668399329703e-01,-4.999001529352344875e-01,1.229199854841426687e+00,0.000000000000000000e+00,0.000000000000000000e+00,0.000000000000000000e+00,-1.164486856106773938e-01,-1.677730604708604356e-01,6.784322645744694791e-01,1.263106824094060610e+00,0.000000000000000000e+00,0.000000000000000000e+00,0.000000000000000000e+00
1.359906179976194847e-02,4.579622034678580700e-02,9.001079542788870125e-01,-2.792328475491745107e-02,2.081491232467595071e-02,6.680399450764988867e-01,7.433099362820341227e-01,-5.588928346471541131e-01,1.198369547192025195e-02,1.815078545024150641e-02,4.674397140168413123e-01,-2.464208594415947251e-01,2.328340682960000976e-02,-2.301036780837604212e-01,1.561859387968523305e-01,1.852018941231939053e-01,5.172062943443165306e-01,-5.222947158232066345e-01,2.701599055487153428e-02,6.216939823540819365e-02,0.000000000000000000e+00,0.000000000000000000e+00,-5.269528750540104778e-02,2.548575898104626924e-01,-4.995420403837369516e-01,1.224332525606473432e+00,0.000000000000000000e+00,0.000000000000000000e+00,0.000000000000000000e+00,-1.191535183223998567e-01,-1.689904001370685638e-01,6.817349709421367532e-01,1.261860685617785416e+00,0.000000000000000000e+00,0.000000000000000000e+00,0.000000000000000000e+00
1.289303804857813186e-02,5.022036854520348093e-02,8.993888192428880490e-01,-2.711850297529016379e-02,2.118730778465633194e-02,6.684848664338297608e-01,7.429291138016893559e-01,-5.616814149587040506e-01,9.197327782546064340e-03,2.011211232068913640e-02,4.483345352475636703e-01,-2.349539008323852374e-01,2.016121476338692681e-02,-2.270877652900984423e-01,1.535844506021633582e-01,1.859975701443105089e-01,5.257194142440623219e-01,-5.316554080092562584e-01,2.752040682914023983e-02,6.414913721502235600e-02,0.000000000000000000e+00,0.000000000000000000e+00,-5.436218988941432517e-02,2.548936974813382217e-01,-4.985213770712607628e-01,1.219949025355143268e+00,0.000000000000000000e+00,0.000000000000000000e+00,0.000000000000000000e+00,-1.205604662612270728e-01,-1.695476200434248293e-01,6.819324554682143491e-01,1.259299016401900895e+00,0.000000000000000000e+00,0.000000000000000000e+00,0.000000000000000000e+00
1.209832498852195931e-02,5.478377245883515184e-02,8.985368980972724406e-01,-2.653555708361270832e-02,2.193680189045175630e-02,6.672586377874235586e-01,7.440299397411063165e-01,-5.667526896309342810e-01,6.890257693001070917e-03,2.002677146480172365e-02,4.338152640802913629e-01,-2.280955277533147640e-01,1.945457061929000905e-02,-2.255911202170494123e-01,1.508245874805576037e-01,1.868902516143611248e-01,5.354174448968145317e-01,-5.426443736113533145e-01,2.571729514992175669e-02,6.292912295085562047e-02,0.000000000000000000e+00,0.000000000000000000e+00,-5.458167086752559183e-02,2.541486166591470086e-01,-4.953276938700147403e-01,1.216388183901659925e+00,0.000000000000000000e+00,0.000000000000000000e+00,0.000000000000000000e+00,-1.274405808472005852e-01,-1.697993449095707430e-01,6.864492647916026202e-01,1.258265457248791686e+00,0.000000000000000000e+00,0.000000000000000000e+00,0.000000000000000000e+00
1.125854304010609833e-02,5.969881792418221811e-02,8.977192047261747243e-01,-2.709689219321157957e-02,2.229462532796304755e-02,6.673215747049202617e-01,7.439426214758109168e-01,-5.709197618277792596e-01,5.969622422657179170e-03,2.212832914049267866e-02,4.231779876272968588e-01,-2.200601194356699153e-01,1.793993885401377886e-02,-2.229399427699250702e-01,1.503128488779929273e-01,1.876677209329286611e-01,5.412939458964041162e-01,-5.499501047739308035e-01,2.450776020366635111e-02,6.359072107246499517e-02,0.000000000000000000e+00,0.000000000000000000e+00,-5.771695886879821269e-02,2.522613267413009730e-01,-4.920665638224817062e-01,1.218032549781181917e+00,0.000000000000000000e+00,0.000000000000000000e+00,0.000000000000000000e+00,-1.335555411013690241e-01,-1.689197106501925116e-01,6.874827668929498481e-01,1.259080053787358988e+00,0.000000000000000000e+00,0.000000000000000000e+00,0.000000000000000000e+00
1.021301254352078788e-02,6.471940335629700058e-02,8.962876332861287043e-01,-2.661450262692811874e-02,2.185503942182241699e-02,6.651108098909419564e-01,7.459501565573989357e-01,-5.711516085766493722e-01,7.017993258499229114e-04,1.941744688764369606e-02,4.112852642915917345e-01,-2.145458437266184737e-01,2.067709862968805656e-02,-2.208848478530248405e-01,1.524252221207351710e-01,1.953262725772475783e-01,5.556875354809944767e-01,-5.634363593868183528e-01,2.229017226838414870e-02,6.565862902858353445e-02,0.000000000000000000e+00,0.000000000000000000e+00,-5.742847285575378852e-02,2.505754058445971988e-01,-4.906375257810128288e-01,1.215681221336372131e+00,0.000000000000000000e+00,0.000000000000000000e+00,0.000000000000000000e+00,-1.395882715766576798e-01,-1.676709409884390434e-01,6.895827326453036754e-01,1.259594074016285870e+00,0.000000000000000000e+00,0.000000000000000000e+00,0.000000000000000000e+00
9.244239069525150843e-03,7.010530166454401191e-02,8.956693259669791241e-01,-2.792908344802109977e-02,2.216096027677724734e-02,6.633735940739340364e-01,7.474385144095780920e-01,-5.720604136262197326e-01,-4.848963981244477570e-04,1.739858112476663776e-02,3.983726942997001252e-01,-2.066257004185969304e-01,2.036904912880999410e-02,-2.159682183519160137e-01,1.530811920978141505e-01,1.987943714140290585e-01,5.554657628084910259e-01,-5.684433728947098086e-01,2.226709438117052339e-02,6.684263418546843027e-02,0.000000000000000000e+00,0.000000000000000000e+00,-5.904427755923191690e-02,2.493469051011780735e-01,-4.852197502572128118e-01,1.218643522769623511e+00,0.000000000000000000e+00,0.000000000000000000e+00,0.000000000000000000e+00,-1.432827293949320291e-01,-1.658082024678059763e-01,6.924440542439042057e-01,1.257757102247956782e+00,0.000000000000000000e+00,0.000000000000000000e+00,0.000000000000000000e+00
8.159200519158079506e-03,7.563988025175617802e-02,8.943269738279292502e-01,-2.822297239952028039e-02,2.206045989394493992e-02,6.611489238850998262e-01,7.493990261428014055e-01,-5.748764422541320362e-01,-3.704786783697574561e-03,1.615153124224348591e-02,3.998313218368726440e-01,-2.054822006177859373e-01,2.243862796400624901e-02,-2.141061066656982093e-01,1.551908556881458900e-01,2.058294854856351774e-01,5.671340613414161957e-01,-5.782859702329173901e-01,2.274643123553431873e-02,6.672716153076102552e-02,0.000000000000000000e+00,0.000000000000000000e+00,-6.021626003783513148e-02,2.468135912406896337e-01,-4.820682158043413934e-01,1.218992164614950191e+00,0.000000000000000000e+00,0.000000000000000000e+00,0.000000000000000000e+00,-1.476480770670449694e-01,-1.645581996216836929e-01,6.928321884234236450e-01,1.261389818066129598e+00,0.000000000000000000e+00,0.000000000000000000e+00,0.000000000000000000e+00
7.211705214833150079e-03,8.146438364178484881e-02,8.931341766109094360e-01,-2.908078739330073950e-02,2.199113579389275555e-02,6.600778717112095739e-01,7.503118691772648896e-01,-5.752375055595310149e-01,-5.116817568981289234e-03,1.454853947747757406e-02,3.989487528778728476e-01,-2.002111456250153243e-01,2.496639072803487694e-02,-2.104052680159102517e-01,1.562141367019181937e-01,2.087178893732539453e-01,5.738987817768866906e-01,-5.869313765740736821e-01,2.312956047029607332e-02,6.808116228766339373e-02,0.000000000000000000e+00,0.000000000000000000e+00,-6.181775767493230545e-02,2.455411152934248165e-01,-4.813729187139492716e-01,1.221384798560766649e+00,0.000000000000000000e+00,0.000000000000000000e+00,0.000000000000000000e+00,-1.464484512844261843e-01,-1.651892774057354407e-01,6.965697681963043397e-01,1.258539397976808472e+00,0.000000000000000000e+00,0.000000000000000000e+00,0.000000000000000000e+00
6.248447261531975619e-03,8.739497354579081612e-02,8.929275664818997482e-01,-2.841055658657174604e-02,2.158476271422164056e-02,6.596478322430405772e-01,7.507274310361052860e-01,-5.723624960973664466e-01,-7.447826979463456794e-03,1.461951084692993466e-02,4.023287042049439322e-01,-2.022178238179765386e-01,2.883965906508363652e-02,-2.030555440220040975e-01,1.542328058305572347e-01,2.107618825034767995e-01,5.768823623252400390e-01,-5.819459655657260866e-01,2.493249713344979079e-02,6.603160962120724342e-02,0.000000000000000000e+00,0.000000000000000000e+00,-5.970483751323991950e-02,2.427412117044561446e-01,-4.807302997279103707e-01,1.223196263995501853e+00,0.000000000000000000e+00,0.000000000000000000e+00,0.000000000000000000e+00,-1.461840759634091547e-01,-1.659480213679602190e-01,6.977371151729382381e-01,1.258149986138189291e+00,0.000000000000000000e+00,0.000000000000000000e+00,0.000000000000000000e+00
5.296262159530741413e-03,9.368333960736831278e-02,8.919791652724654574e-01,-2.859572262548968485e-02,2.092693282069390051e-02,6.589663200656326048e-01,7.513372991868589867e-01,-5.697026871580507246e-01,-9.878852128934655086e-03,1.187337819096083089e-02,4.051604598189084139e-01,-2.063383931745483013e-01,3.029814321512846673e-02,-1.956771351982754537e-01,1.551201801285363724e-01,2.151676387618720598e-01,5.808818543099760756e-01,-5.859840593079306270e-01,2.667187437571323649e-02,6.541738341643477117e-02,0.000000000000000000e+00,0.000000000000000000e+00,-5.926381358705890001e-02,2.405613645395278943e-01,-4.799431334644086999e-01,1.224376343181631910e+00,0.000000000000000000e+00,0.000000000000000000e+00,0.000000000000000000e+00,-1.469137569274367450e-01,-1.662931551239277272e-01,6.994714337045404573e-01,1.258232718457140686e+00,0.000000000000000000e+00,0.000000000000000000e+00,0.000000000000000000e+00
4.440276060140616390e-03,1.002702386476816837e-01,8.913433241946405738e-01,-2.763390510084434010e-02,2.107916713800788919e-02,6.576511615316401604e-01,7.525204221399782734e-01,-5.678222086112320044e-01,-1.476410025041311955e-02,9.816290875939069627e-03,4.140438166474830761e-01,-2.125992103901069852e-01,3.658659684848501042e-02,-1.897078103509884928e-01,1.530629200359281405e-01,2.202486381824869666e-01,5.880767414393488490e-01,-5.844191677446082256e-01,3.093606150060315349e-02,6.331954441828493985e-02,0.000000000000000000e+00,0.000000000000000000e+00,-6.002411039221704908e-02,2.355233774612091879e-01,-4.788185142622483625e-01,1.229145754592585460e+00,0.000000000000000000e+00,0.000000000000000000e+00,0.000000000000000000e+00,-1.469025348824344601e-01,-1.661004361534979545e-01,6.999436249902832863e-01,1.264321748844075444e+00,0.000000000000000000e+00,0.000000000000000000e+00,0.000000000000000000e+00
3.760000922644677994e-03,1.074401012955755880e-01,8.914277344316272611e-01,-2.827912592683451062e-02,2.157607922358465574e-02,6.584621433961098669e-01,7.517728177823098656e-01,-5.643587508508943751e-01,-1.936561865192173992e-02,7.617100019393370502e-03,4.205426991281983606e-01,-2.157400835681036744e-01,3.995426370403045574e-02,-1.814608598888627078e-01,1.512196245391304594e-01,2.219527249064680297e-01,5.845420486379179215e-01,-5.726204250886047786e-01,3.824945023594066712e-02,6.329265860704803848e-02,0.000000000000000000e+00,0.000000000000000000e+00,-5.860409143628127204e-02,2.331467882363433275e-01,-4.789494436551880452e-01,1.230603033421282522e+00,0.000000000000000000e+00,0.000000000000000000e+00,0.000000000000000000e+00,-1.429921335064091859e-01,-1.695029412557734483e-01,7.007845302972767199e-01,1.259066884493442950e+00,0.000000000000000000e+00,0.000000000000000000e+00,0.000000000000000000e+00
3.123358366973491215e-03,1.149968256240059133e-01,8.911237869914169218e-01,-2.736159471498313470e-02,2.167478398405293244e-02,6.564809518877545713e-01,7.535345424613570930e-01,-5.611213175120062235e-01,-2.334961857401353022e-02,6.396274127959455935e-03,4.367363962960020274e-01,-2.220472382577036718e-01,4.949449346507506231e-02,-1.723998874185856955e-01,1.484649564943659183e-01,2.274073953096552025e-01,5.867048367000913256e-01,-5.646381570621450408e-01,4.606066421345782896e-02,6.269566633080511653e-02,0.000000000000000000e+00,0.000000000000000000e+00,-5.961260727035437579e-02,2.278932628931779336e-01,-4.759154809100927808e-01,1.232364799169916258e+00,0.000000000000000000e+00,0.000000000000000000e+00,0.000000000000000000e+00,-1.420561064406894447e-01,-1.705708000386565448e-01,6.975827262500865489e-01,1.264344235672644423e+00,0.000000000000000000e+00,0.000000000000000000e+00,0.000000000000000000e+00
2.458856833710912956e-03,1.228694597874430833e-01,8.907395629932829406e-01,-2.684807042096195445e-02,2.261397988505649270e-02,6.556443569426197993e-01,7.542534496028039381e-01,-5.597170303085816645e-01,-2.918101111932769332e-02,6.238584226849155923e-03,4.520205463251751876e-01,-2.402413106171957247e-01,6.013757737569017103e-02,-1.647299881102338159e-01,1.458735009255576753e-01,2.341609068971922114e-01,5.891054441007484987e-01,-5.561403535263045317e-01,5.327574390523428377e-02,6.081383776559665111e-02,0.000000000000000000e+00,0.000000000000000000e+00,-5.905856806130527215e-02,2.245538759700475007e-01,-4.741589258163375620e-01,1.231354825928627994e+00,0.000000000000000000e+00,0.000000000000000000e+00,0.000000000000000000e+00,-1.417344756345531309e-01,-1.740163209741587003e-01,6.947539434873861719e-01,1.267879521854070379e+00,0.000000000000000000e+00,0.000000000000000000e+00,0.000000000000000000e+00
1.868756744977708925e-03,1.313015947239571934e-01,8.908948080067469188e-01,-2.644099715472933432e-02,2.398253636151385232e-02,6.552032563126904963e-01,7.546087758145807456e-01,-5.584372193895779102e-01,-3.769673923330670029e-02,2.695703758233913838e-03,4.686209455750884878e-01,-2.553999885875241072e-01,7.507598025152184551e-02,-1.556908546525598569e-01,1.439965865409258139e-01,2.452463486792435532e-01,5.881450088865008974e-01,-5.386907967270108122e-01,6.551894885331042973e-02,6.022646251815477747e-02,0.000000000000000000e+00,0.000000000000000000e+00,-6.180874114750865844e-02,2.184927254161703469e-01,-4.771743906556513148e-01,1.233134440970217849e+00,0.000000000000000000e+00,0.000000000000000000e+00,0.000000000000000000e+00,-1.386177625829008164e-01,-1.785461377015621909e-01,6.906295982915109377e-01,1.270647188575731334e+00,0.000000000000000000e+00,0.000000000000000000e+00,0.000000000000000000e+00
1.345136016363124645e-03,1.400153024911146848e-01,8.906189795317271951e-01,-2.576107972591241621e-02,2.533281927521471508e-02,6.556618448592813619e-01,7.541897375559077910e-01,-5.559162755285345092e-01,-4.414809236938284365e-02,4.416901238248928385e-03,4.836189121796064527e-01,-2.780725497709775063e-01,8.426309780412873096e-02,-1.460430257271380927e-01,1.404460243168000888e-01,2.524484679105689078e-01,5.882471633058989902e-01,-5.269635094742788350e-01,7.243354484283873185e-02,5.503620036708968544e-02,0.000000000000000000e+00,0.000000000000000000e+00,-6.140109056165372198e-02,2.134809435613592987e-01,-4.738012461921502494e-01,1.236185509810495686e+00,0.000000000000000000e+00,0.000000000000000000e+00,0.000000000000000000e+00,-1.391068844682273875e-01,-1.809216837878227790e-01,6.901309446002928949e-01,1.271839945009391792e+00,0.000000000000000000e+00,0.000000000000000000e+00,0.000000000000000000e+00
9.684203544877641222e-04,1.493837386216511631e-01,8.913322456551874273e-01,-2.531712829866566983e-02,2.878118693089111099e-02,6.574154332096204811e-01,7.525527453085041341e-01,-5.513855679004094901e-01,-5.567613358588670985e-02,3.563723125071416309e-03,4.888116516894567276e-01,-2.914338557748808456e-01,9.363090595056601517e-02,-1.367875464947597430e-01,1.348904553070770507e-01,2.628256350766005611e-01,5.838706080461439907e-01,-5.048601621609378753e-01,8.482788698479326595e-02,5.019956946133967424e-02,0.000000000000000000e+00,0.000000000000000000e+00,-6.163944861579701007e-02,2.107496528620176335e-01,-4.725618833177416267e-01,1.237783837481861937e+00,0.000000000000000000e+00,0.000000000000000000e+00,0.000000000000000000e+00,-1.370828603448003002e-01,-1.894097991421802296e-01,6.895828836858103328e-01,1.267772091230030318e+00,0.000000000000000000e+00,0.000000000000000000e+00,0.000000000000000000e+00
5.004002802628624170e-04,1.591600136159948831e-01,8.921502415629342098e-01,-2.471948881514789143e-02,3.182610333432955851e-02,6.587042273460232966e-01,7.513220260951692930e-01,-5.462948275650003627e-01,-6.680582398968988589e-02,2.224862884128604723e-03,4.957171898909113472e-01,-3.036788644179433394e-01,1.030931313473121558e-01,-1.270936114079254109e-01,1.268565932993705181e-01,2.676012165917003305e-01,5.780221813740560322e-01,-4.762629266034171804e-01,1.010867654447059338e-01,4.540418720043339768e-02,0.000000000000000000e+00,0.000000000000000000e+00,-6.303979954151214815e-02,2.049493442955680478e-01,-4.749065563438681359e-01,1.237685967232405870e+00,0.000000000000000000e+00,0.000000000000000000e+00,0.000000000000000000e+00,-1.369491045520371819e-01,-1.954241264196470151e-01,6.882714845791746416e-01,1.274162332209925808e+00,0.000000000000000000e+00,0.000000000000000000e+00,0.000000000000000000e+00
-3.244205352376076674e-05,1.690956030019097889e-01,8.926400533165582685e-01,-2.204081217477319235e-02,3.430784812538237305e-02,6.605047954873964899e-01,7.497136715398996509e-01,-5.371597477803518039e-01,-8.132488122122530361e-02,1.425491546995935610e-03,5.021148249114881779e-01,-3.153262678147702447e-01,1.149871661554941887e-01,-1.185799386527165572e-01,1.169094535636196752e-01,2.695060740164460511e-01,5.811625929479118380e-01,-4.394563170585785716e-01,1.167967390330996169e-01,4.081752948957025062e-02,0.000000000000000000e+00,0.000000000000000000e+00,-6.517005418426122243e-02,1.968998347070148036e-01,-4.757337414719164936e-01,1.235717947528608640e+00,0.000000000000000000e+00,0.000000000000000000e+00,0.000000000000000000e+00,-1.351965298915245861e-01,-2.048697315178013567e-01,6.865790564245463079e-01,1.274683546461175210e+00,0.000000000000000000e+00,0.000000000000000000e+00,0.000000000000000000e+00
-4.960813435114229701e-04,1.793184320757308658e-01,8.926835395190317879e-01,-2.045847090852916106e-02,3.840069355770771992e-02,6.631113000288155757e-01,7.472551381398908621e-01,-5.335528751121131341e-01,-9.674226907626415350e-02,1.488003492137172923e-03,5.120718096979282041e-01,-3.301703103952806084e-01,1.259150475701371619e-01,-1.158740959195889292e-01,1.040346163554455028e-01,2.647229596710758970e-01,5.848310182091510656e-01,-3.977018944786092636e-01,1.373502099652298969e-01,3.564917447176429999e-02,0.000000000000000000e+00,0.000000000000000000e+00,-6.794679470206753391e-02,1.879543081086051948e-01,-4.752984658003204799e-01,1.233976908774969683e+00,0.000000000000000000e+00,0.000000000000000000e+00,0.000000000000000000e+00,-1.348797089885473144e-01,-2.134290531232357624e-01,6.850328337657242139e-01,1.275441157616002963e+00,0.000000000000000000e+00,0.000000000000000000e+00,0.000000000000000000e+00
-1.112640265102820799e-03,1.896387311120237562e-01,8.929813291350251481e-01,-1.787513850140501348e-02,4.208789175017928208e-02,6.656841055989438649e-01,7.448313636955119499e-01,-5.242906841806123097e-01,-1.134271098286234736e-01,1.562821821766258168e-03,5.152797997229622284e-01,-3.427743923261136194e-01,1.380710375798606671e-01,-1.106526739396076348e-01,9.082662057750777451e-02,2.627935195235594490e-01,5.882859488605659548e-01,-3.464152229886636736e-01,1.617421689876872015e-01,2.884648722462252943e-02,0.000000000000000000e+00,0.000000000000000000e+00,-7.080636294584485846e-02,1.801263202351634229e-01,-4.783248839235939576e-01,1.230842736403014337e+00,0.000000000000000000e+00,0.000000000000000000e+00,0.000000000000000000e+00,-1.340880627768555877e-01,-2.231535497663542644e-01,6.841159339923461591e-01,1.278194965197679389e+00,0.000000000000000000e+00,0.000000000000000000e+00,0.000000000000000000e+00
-1.761262821645790452e-03,1.997983005001104095e-01,8.930071435316673245e-01,-1.374970736880948285e-02,4.612217836601598120e-02,6.679591496791730254e-01,7.426400639407515492e-01,-5.129104298507227711e-01,-1.335273196379029581e-01,1.123015946547643862e-03,5.168769060296369844e-01,-3.534212571514675494e-01,1.514677215736784655e-01,-1.099422409049373994e-01,7.478184589314765263e-02,2.591097127929974375e-01,6.042773311726582497e-01,-2.857330939958582783e-01,1.914964868676187204e-01,1.863721004698245046e-02,0.000000000000000000e+00,0.000000000000000000e+00,-7.403673533374885429e-02,1.708059783554851940e-01,-4.831706191888163193e-01,1.225336211214405724e+00,0.000000000000000000e+00,0.000000000000000000e+00,0.000000000000000000e+00,-1.352088140698283758e-01,-2.336423805744422821e-01,6.837406266396326426e-01,1.281661057474880350e+00,0.000000000000000000e+00,0.000000000000000000e+00,0.000000000000000000e+00
-2.136331094766527952e-03,2.097186876130504030e-01,8.925469817753460822e-01,-1.220957392968196990e-02,4.871769184944395314e-02,6.700549682501059090e-01,7.406104592352648064e-01,-5.097321614616756591e-01,-1.469934235546749290e-01,-2.095622760010303065e-03,5.324553349691880655e-01,-3.714795098302583476e-01,1.595373673323569608e-01,-1.185173222516610475e-01,6.021012147563356565e-02,2.427274248766629061e-01,6.268518477434786851e-01,-2.339470684484741825e-01,2.104984503534166884e-01,1.192049291683210110e-02,0.000000000000000000e+00,0.000000000000000000e+00,-8.009396316436573349e-02,1.671665297007099982e-01,-4.841622766056344340e-01,1.222088050136010740e+00,0.000000000000000000e+00,0.000000000000000000e+00,0.000000000000000000e+00,-1.379549068988024096e-01,-2.367138638921725824e-01,6.819575466907549233e-01,1.287430086099383253e+00,0.000000000000000000e+00,0.000000000000000000e+00,0.000000000000000000e+00
-2.519223024755686772e-03,2.191358494633542930e-01,8.925068741632431468e-01,-1.070321388830262205e-02,4.871832925185762969e-02,6.723728110979153572e-01,7.385301405519331119e-01,-5.003017562987670530e-01,-1.553963401890026685e-01,-3.482297608805126621e-03,5.433268705025211531e-01,-3.878802249914639622e-01,1.713867264599182871e-01,-1.416691647114191877e-01,4.459171611328742457e-02,2.159130712999374757e-01,6.762010629180467136e-01,-2.172089525061627335e-01,2.154667876957541695e-01,6.420455348134141565e-03,0.000000000000000000e+00,0.000000000000000000e+00,-8.393284605907436191e-02,1.641686875882724106e-01,-4.817627375174419746e-01,1.215889802085603932e+00,0.000000000000000000e+00,0.000000000000000000e+00,0.000000000000000000e+00,-1.389278618321147241e-01,-2.391754985250811871e-01,6.781249900388522933e-01,1.287320182337751140e+00,0.000000000000000000e+00,0.000000000000000000e+00,0.000000000000000000e+00
-3.013213553445309809e-03,2.283127420109128947e-01,8.930809698758319648e-01,-8.633524571956121413e-03,5.067002888929302007e-02,6.762405629956287356e-01,7.348855090319708072e-01,-4.854700969126640175e-01,-1.692040310834660999e-01,-8.167247668053247145e-03,5.375554480627560139e-01,-3.964198916614334323e-01,1.741049511284325502e-01,-1.704172750966022609e-01,2.399949861713421631e-02,1.880530861865618020e-01,7.218359184128727568e-01,-2.171552698411394200e-01,2.170797036688125736e-01,-3.823664485592497692e-03,0.000000000000000000e+00,0.000000000000000000e+00,-8.697362132849922878e-02,1.623823072548885027e-01,-4.885498037696316409e-01,1.208871838014167421e+00,0.000000000000000000e+00,0.000000000000000000e+00,0.000000000000000000e+00,-1.378552639244471911e-01,-2.478800136429641365e-01,6.786358797183235092e-01,1.277191206314636673e+00,0.000000000000000000e+00,0.000000000000000000e+00,0.000000000000000000e+00
-3.479484677445929784e-03,2.367280584893969864e-01,8.933550929467268809e-01,-5.276428456888516277e-03,4.951027878816831318e-02,6.794002381096725385e-01,7.320766408331695896e-01,-4.683191885118171971e-01,-1.802507187745693296e-01,-1.462519022119299766e-02,5.393224291825090555e-01,-4.065859160241614423e-01,1.782496615811585694e-01,-2.004597236640776048e-01,9.166938897374729556e-03,1.634455506328108543e-01,7.703039021218551774e-01,-2.110046086541628174e-01,2.181087868651691297e-01,-1.191793315360737890e-02,0.000000000000000000e+00,0.000000000000000000e+00,-8.887848046148194570e-02,1.648219793938096589e-01,-4.903811464923636954e-01,1.200645915714876111e+00,0.000000000000000000e+00,0.000000000000000000e+00,0.000000000000000000e+00,-1.398929996562930378e-01,-2.549314683374703239e-01,6.780793145620906959e-01,1.267065821400143566e+00,0.000000000000000000e+00,0.000000000000000000e+00,0.000000000000000000e+00
-4.085770420012650381e-03,2.449523448680861193e-01,8.937767298396542826e-01,-3.494863463707523731e-03,4.858059436283774374e-02,6.817486501671833343e-01,7.299633482415038843e-01,-4.537567552651353697e-01,-1.883144424753367963e-01,-2.097374662342500057e-02,5.415455696841358080e-01,-4.184024982039337148e-01,1.818765714150358259e-01,-2.335318355235588839e-01,-6.255136789350730295e-03,1.409943935603084342e-01,8.091520675588264044e-01,-2.141580773902262702e-01,2.147700856947034886e-01,-1.977536597830788917e-02,0.000000000000000000e+00,0.000000000000000000e+00,-9.334547253444858139e-02,1.658247938821237888e-01,-4.988795424105600396e-01,1.197119707743661943e+00,0.000000000000000000e+00,0.000000000000000000e+00,0.000000000000000000e+00,-1.439423700957790375e-01,-2.580923055306770797e-01,6.820891643866942022e-01,1.265799758528127095e+00,0.000000000000000000e+00,0.000000000000000000e+00,0.000000000000000000e+00
-4.834334357481453320e-03,2.527939316897697686e-01,8.939200151844672870e-01,-2.020485289751254056e-03,4.495972564752600403e-02,6.845747897230380907e-01,7.275519898842636168e-01,-4.403410190488435960e-01,-1.929370802036777799e-01,-2.959567180926927360e-02,5.534467572497105969e-01,-4.329459474115874840e-01,1.853280224412938160e-01,-2.692021779631816880e-01,-1.630926860240584919e-02,1.221642374100236628e-01,8.464843094798810696e-01,-2.273639871997110429e-01,2.027739141969688297e-01,-2.791754440388673902e-02,0.000000000000000000e+00,0.000000000000000000e+00,-9.690871798547789906e-02,1.684554824866844602e-01,-5.013800082105064337e-01,1.194788890159733219e+00,0.000000000000000000e+00,0.000000000000000000e+00,0.000000000000000000e+00,-1.462060120878497238e-01,-2.600454705316068704e-01,6.836657704185487017e-01,1.255809427748983076e+00,0.000000000000000000e+00,0.000000000000000000e+00,0.000000000000000000e+00
-5.770962934377654383e-03,2.604931149283977732e-01,8.942596227912892326e-01,-2.444098473889156665e-04,4.279815243055356405e-02,6.871965232074632723e-01,7.252097606237329908e-01,-4.243346389861653578e-01,-1.984057649545668545e-01,-3.455354521090325121e-02,5.555172895287294743e-01,-4.439316313774138711e-01,1.879150069409439572e-01,-3.058898918775497244e-01,-3.220902319388338486e-02,1.052647047039737271e-01,8.807486071116462645e-01,-2.374565087486981696e-01,1.937981007988814341e-01,-3.528306646988713102e-02,0.000000000000000000e+00,0.000000000000000000e+00,-9.925078654912997123e-02,1.689878607547327105e-01,-5.028870675916380373e-01,1.188061923130441455e+00,0.000000000000000000e+00,0.000000000000000000e+00,0.000000000000000000e+00,-1.477740533583213611e-01,-2.633325843785800924e-01,6.825592299029652477e-01,1.246374631528383459e+00,0.000000000000000000e+00,0.000000000000000000e+00,0.000000000000000000e+00
-6.868856549391288112e-03,2.681418764440838265e-01,8.945938354243118118e-01,6.202744117346950352e-04,3.865763913445806332e-02,6.896054737159936776e-01,7.231524685826244969e-01,-4.090595707579768314e-01,-1.998404388560358069e-01,-4.126176423861978304e-02,5.635887722722343618e-01,-4.575377074133560318e-01,1.904113714744337105e-01,-3.439155299173584091e-01,-4.396805329724273737e-02,9.026642326864968424e-02,9.083875788379379701e-01,-2.528439788655401643e-01,1.822530259188849255e-01,-4.312251642991050959e-02,0.000000000000000000e+00,0.000000000000000000e+00,-1.020070113697820330e-01,1.722741741242378166e-01,-5.045281359911371055e-01,1.185821933234040282e+00,0.000000000000000000e+00,0.000000000000000000e+00,0.000000000000000000e+00,-1.491098441394987373e-01,-2.654968125611795182e-01,6.809417851469015126e-01,1.236743426677715529e+00,0.000000000000000000e+00,0.000000000000000000e+00,0.000000000000000000e+00
-7.931573552939857885e-03,2.760915327914433837e-01,8.946511659334509536e-01,2.435548207267309272e-04,3.665385771030982287e-02,6.922785559271923406e-01,7.206988527806620359e-01,-3.990321122074408922e-01,-2.034480526114763876e-01,-5.017721573218491410e-02,5.723419466598709260e-01,-4.717850289455565171e-01,1.901230526573364221e-01,-3.752602586407645657e-01,-5.151147198795356236e-02,8.184490803289055927e-02,9.165456446278243963e-01,-2.672975761404743911e-01,1.738491520458460005e-01,-4.893258395662421212e-02,0.000000000000000000e+00,0.000000000000000000e+00,-1.058875330478195320e-01,1.750456200939856377e-01,-5.076635727720467672e-01,1.186620461014295413e+00,0.000000000000000000e+00,0.000000000000000000e+00,0.000000000000000000e+00,-1.519935737137058929e-01,-2.675963702516026554e-01,6.809999395208458095e-01,1.230570088145339858e+00,0.000000000000000000e+00,0.000000000000000000e+00,0.000000000000000000e+00
-8.999423585879382653e-03,2.841579982267187776e-01,8.945629372899038811e-01,2.148581380113853689e-04,3.282025209573890406e-02,6.949323521420694982e-01,7.183256996896623114e-01,-3.874418045364549368e-01,-2.043670558062225528e-01,-5.869265632213421097e-02,5.856122155414834607e-01,-4.874952375301910834e-01,1.884985089924083590e-01,-4.051851155653086733e-01,-5.549672412748581085e-02,7.423648804954217917e-02,9.182909615551457794e-01,-2.868693759609093341e-01,1.626884322868784316e-01,-5.411718102254116369e-02,0.000000000000000000e+00,0.000000000000000000e+00,-1.081166448992787604e-01,1.773483094226349921e-01,-5.109454417476992916e-01,1.187338261178124244e+00,0.000000000000000000e+00,0.000000000000000000e+00,0.000000000000000000e+00,-1.540618597692718361e-01,-2.685748609227253114e-01,6.818298715252716358e-01,1.226811539781592186e+00,0.000000000000000000e+00,0.000000000000000000e+00,0.000000000000000000e+00
-1.012754964484840862e-02,2.925222196900751359e-01,8.944001970881217956e-01,-9.035484080225065183e-04,2.934148936231322294e-02,6.975952745277081979e-01,7.158904200776026183e-01,-3.770217007441855617e-01,-2.040158927512711051e-01,-6.749638963668722069e-02,5.985403063884257024e-01,-5.064768949938097675e-01,1.867218398213892072e-01,-4.326007219799447578e-01,-5.970656860508950087e-02,6.772786809979557121e-02,9.060711390525828524e-01,-3.084093268377527952e-01,1.517987164577536685e-01,-5.800446982641117161e-02,0.000000000000000000e+00,0.000000000000000000e+00,-1.089362020096645567e-01,1.814817041365959782e-01,-5.131139382338498756e-01,1.186851797364498085e+00,0.000000000000000000e+00,0.000000000000000000e+00,0.000000000000000000e+00,-1.555163414843571124e-01,-2.717569947683169396e-01,6.823031694593566510e-01,1.212533792322380011e+00,0.000000000000000000e+00,0.000000000000000000e+00,0.000000000000000000e+00
-1.117451208167467673e-02,3.011518382507173408e-01,8.945309728615042921e-01,-1.723624045414858929e-03,2.651051866433846299e-02,6.999578170612807959e-01,7.136899017466222794e-01,-3.649912431133923718e-01,-2.054956191717056124e-01,-7.859227602604942908e-02,6.069099016058081553e-01,-5.193909938727263587e-01,1.847221802573781879e-01,-4.547460594501097075e-01,-6.302110618991478563e-02,6.189858904050876687e-02,8.803459343130823900e-01,-3.213703403178664875e-01,1.451969529744659704e-01,-5.958775237337383263e-02,0.000000000000000000e+00,0.000000000000000000e+00,-1.100851932282266576e-01,1.819875957932950428e-01,-5.160557429289165388e-01,1.191581504830741656e+00,0.000000000000000000e+00,0.000000000000000000e+00,0.000000000000000000e+00,-1.570070861049337185e-01,-2.712363803655991057e-01,6.843033549217163447e-01,1.212649474676296357e+00,0.000000000000000000e+00,0.000000000000000000e+00,0.000000000000000000e+00
-1.220068586809271334e-02,3.099161999123609679e-01,8.944669039700277047e-01,-2.148376685099167953e-03,2.382004072355158042e-02,7.027059886192704719e-01,7.110782542703441012e-01,-3.517538358369695639e-01,-2.071136540731226550e-01,-8.846496585614418984e-02,6.140225066292586131e-01,-5.325957410070820686e-01,1.814461654975102201e-01,-4.746655627966724356e-01,-6.396414636507420648e-02,6.013880144667503591e-02,8.514749182901527602e-01,-3.330376323728400645e-01,1.398454024155802999e-01,-6.171636186928904783e-02,0.000000000000000000e+00,0.000000000000000000e+00,-1.093533536224003955e-01,1.830296295232105019e-01,-5.188260594451730157e-01,1.190965822553913478e+00,0.000000000000000000e+00,0.000000000000000000e+00,0.000000000000000000e+00,-1.575350803629288476e-01,-2.748585109072105848e-01,6.840894092431952789e-01,1.205125238398562670e+00,0.000000000000000000e+00,0.000000000000000000e+00,0.000000000000000000e+00
-1.328836955471335464e-02,3.187014263247175960e-01,8.943347165704681467e-01,-2.956145172809757256e-03,2.130524360498139633e-02,7.046323044065846419e-01,7.092465462639315765e-01,-3.393028447642233436e-01,-2.069576213648413598e-01,-9.570328487933774109e-02,6.212327637370727018e-01,-5.467717552246955659e-01,1.782417749688059438e-01,-4.946230338565495432e-01,-6.362308938432433003e-02,5.713366361369880825e-02,8.152115162395622283e-01,-3.371019554039127453e-01,1.395828323840546115e-01,-6.456581674608780075e-02,0.000000000000000000e+00,0.000000000000000000e+00,-1.085660826343007035e-01,1.836637728789225488e-01,-5.227551636152593106e-01,1.192849670479571911e+00,0.000000000000000000e+00,0.000000000000000000e+00,0.000000000000000000e+00,-1.583097607697558362e-01,-2.757851064595572832e-01,6.833868212393162667e-01,1.201419643790566649e+00,0.000000000000000000e+00,0.000000000000000000e+00,0.000000000000000000e+00
-1.437345379015060078e-02,3.274418219119326068e-01,8.941778506007249661e-01,-4.562728151557901915e-03,1.900793286267943305e-02,7.083248373453063795e-01,7.056159045825483034e-01,-3.277992319243165364e-01,-2.071516793025980352e-01,-1.060621351767122161e-01,6.276504514354632747e-01,-5.611412776923783152e-01,1.758780633033520946e-01,-5.103571209785559004e-01,-6.280418429288392446e-02,5.695268962950509467e-02,7.659834528293130163e-01,-3.331336204126538747e-01,1.419984850362488171e-01,-6.397111137265662495e-02,0.000000000000000000e+00,0.000000000000000000e+00,-1.071499193940740335e-01,1.840769159510929343e-01,-5.259413618086513642e-01,1.192845117659855569e+00,0.000000000000000000e+00,0.000000000000000000e+00,0.000000000000000000e+00,-1.595950763311333453e-01,-2.762712037812704025e-01,6.833537057373849644e-01,1.200875588365979407e+00,0.000000000000000000e+00,0.000000000000000000e+00,0.000000000000000000e+00
-1.534913620125954309e-02,3.360101805214034676e-01,8.934730171191890280e-01,-5.629195356291933489e-03,1.650977151155080119e-02,7.099613778047864088e-01,7.040245603882056002e-01,-3.193215088939079793e-01,-2.056791666335996416e-01,-1.111418930238149139e-01,6.408983075934461260e-01,-5.756059518900115135e-01,1.730748162729363326e-01,-5.242159624305855470e-01,-5.560759445989871264e-02,5.940535410585025267e-02,7.222736344964939548e-01,-3.286840027193230762e-01,1.430401654703348235e-01,-6.363630780137673193e-02,0.000000000000000000e+00,0.000000000000000000e+00,-1.008554486598570582e-01,1.861304330101742899e-01,-5.268214691642096881e-01,1.188668706449916845e+00,0.000000000000000000e+00,0.000000000000000000e+00,0.000000000000000000e+00,-1.598324533517689050e-01,-2.753516851799318044e-01,6.849677175401707174e-01,1.195829261927561005e+00,0.000000000000000000e+00,0.000000000000000000e+00,0.000000000000000000e+00
-1.626823686400014762e-02,3.443637554040240301e-01,8.928715433962347570e-01,-6.378782716097910511e-03,1.397669160445057408e-02,7.121418121409598401e-01,7.018675107336457275e-01,-3.090311575508886688e-01,-2.038487513423552500e-01,-1.158253507089557904e-01,6.508028724353399630e-01,-5.882623891743253841e-01,1.685388156904504553e-01,-5.377108513155259839e-01,-5.083314480298106730e-02,5.986864188884266635e-02,6.791823481888531466e-01,-3.202721166582160883e-01,1.475388896586159182e-01,-6.129244920982843819e-02,0.000000000000000000e+00,0.000000000000000000e+00,-9.493658881823360818e-02,1.877881263783925392e-01,-5.276333953434486634e-01,1.183348546394589196e+00,0.000000000000000000e+00,0.000000000000000000e+00,0.000000000000000000e+00,-1.583303374615750991e-01,-2.746256208450601477e-01,6.851248542516353845e-01,1.188231494492847595e+00,0.000000000000000000e+00,0.000000000000000000e+00,0.000000000000000000e+00
-1.714152889906905841e-02,3.525993664283577078e-01,8.921628276577964201e-01,-7.796786907234661522e-03,1.137500316957809621e-02,7.148619751151827906e-01,6.991295845200907744e-01,-3.001006482619392735e-01,-2.010332265584399702e-01,-1.211778821356691294e-01,6.617908706238390115e-01,-6.013748114126804545e-01,1.655794605268932906e-01,-5.487277369420174855e-01,-4.611111204825611709e-02,6.488385229018620026e-02,6.254939554276633951e-01,-3.026507488448053618e-01,1.566703357102818273e-01,-5.919104907521687692e-02,0.000000000000000000e+00,0.000000000000000000e+00,-9.216014912818085159e-02,1.878967363999973772e-01,-5.277189987340367150e-01,1.183866032657350242e+00,0.000000000000000000e+00,0.000000000000000000e+00,0.000000000000000000e+00,-1.572181912017825423e-01,-2.746912343674097201e-01,6.835687790998136171e-01,1.187247922741839323e+00,0.000000000000000000e+00,0.000000000000000000e+00,0.000000000000000000e+00
-1.784335036637981972e-02,3.606963892241977221e-01,8.913613345750930339e-01,-7.742129391495769335e-03,8.261428346481702184e-03,7.163636523157770331e-01,6.976352384125686923e-01,-2.877922912100969177e-01,-1.988212971606172774e-01,-1.251860836007382127e-01,6.715625482447731276e-01,-6.145475933048585304e-01,1.620778062547990894e-01,-5.588742966140652912e-01,-4.006664355343068223e-02,7.022912957829327563e-02,5.832401916942990816e-01,-2.846028707509609124e-01,1.624605823792019677e-01,-5.777325067609961201e-02,0.000000000000000000e+00,0.000000000000000000e+00,-8.638172335579140382e-02,1.888242468181736411e-01,-5.316807094950595225e-01,1.180359927933622100e+00,0.000000000000000000e+00,0.000000000000000000e+00,0.000000000000000000e+00,-1.576773635920037941e-01,-2.728736355404579594e-01,6.864292142080516967e-01,1.188366267615122318e+00,0.000000000000000000e+00,0.000000000000000000e+00,0.000000000000000000e+00
-1.821781329076237882e-02,3.687043172368372201e-01,8.900004705935902205e-01,-7.793987082433210915e-03,5.696543326267688306e-03,7.184403090761158905e-01,6.955216211262635895e-01,-2.777428939166138311e-01,-1.981661394949340294e-01,-1.313684795424588103e-01,6.847071405446204517e-01,-6.315063629040270632e-01,1.573368316279805113e-01,-5.676408612196658376e-01,-3.459468913188257222e-02,7.478410139272675949e-02,5.293923545495806682e-01,-2.617031632479213665e-01,1.722072049198978272e-01,-5.413104786117246131e-02,0.000000000000000000e+00,0.000000000000000000e+00,-8.248348339281122432e-02,1.903661280746201667e-01,-5.363474254147788667e-01,1.179052039947549257e+00,0.000000000000000000e+00,0.000000000000000000e+00,0.000000000000000000e+00,-1.537533200851310677e-01,-2.722545476547308940e-01,6.812348610629737067e-01,1.182645453518783363e+00,0.000000000000000000e+00,0.000000000000000000e+00,0.000000000000000000e+00
-1.825616776325916790e-02,3.768861857957524486e-01,8.889385319349359937e-01,-7.889703601430507474e-03,3.104639431999314542e-03,7.193064196598618620e-01,6.946411940183140343e-01,-2.675850002679311390e-01,-1.935205125764624390e-01,-1.315693872036702294e-01,6.961186584943536149e-01,-6.432770852296308961e-01,1.511994963219579768e-01,-5.742963424552395280e-01,-2.981714259722816063e-02,7.508336453932321075e-02,4.914680257470011582e-01,-2.481566922961037369e-01,1.763018995811167222e-01,-4.959319436100860512e-02,0.000000000000000000e+00,0.000000000000000000e+00,-7.750079441433303795e-02,1.914575985657412938e-01,-5.384345628057176647e-01,1.180456597404116348e+00,0.000000000000000000e+00,0.000000000000000000e+00,0.000000000000000000e+00,-1.529712366799035050e-01,-2.706674947424869693e-01,6.852314929037008895e-01,1.181892419194399801e+00,0.000000000000000000e+00,0.000000000000000000e+00,0.000000000000000000e+00
-1.796818393932921032e-02,3.853490829669264373e-01,8.877969829817213832e-01,-7.570817785789860782e-03,2.244572682210628067e-03,7.213037472621136592e-01,6.925738580087763552e-01,-2.561124927120974060e-01,-1.937637018902497177e-01,-1.361751570700200920e-01,7.022083911790540922e-01,-6.562075630298052076e-01,1.467520925555395594e-01,-5.814589136913004275e-01,-2.697886719857932672e-02,7.918054683049380316e-02,4.698890011044151160e-01,-2.394883338306283971e-01,1.776362489497674280e-01,-4.838331430569308561e-02,0.000000000000000000e+00,0.000000000000000000e+00,-7.266717396680731633e-02,1.929950283320825688e-01,-5.416953447718860781e-01,1.175878067071933986e+00,0.000000000000000000e+00,0.000000000000000000e+00,0.000000000000000000e+00,-1.525725472535364724e-01,-2.674992082914613434e-01,6.842148313960751960e-01,1.187662197499559813e+00,0.000000000000000000e+00,0.000000000000000000e+00,0.000000000000000000e+00
-1.742001252959364532e-02,3.939351611124781716e-01,8.861797464061654805e-01,-8.654642165295482747e-03,2.140353323556967897e-04,7.226731846369034429e-01,6.911356737751437329e-01,-2.486352728701337611e-01,-1.902648344916678114e-01,-1.406061146542039175e-01,7.172764551155335067e-01,-6.735789705258742321e-01,1.461782734361722347e-01,-5.847589314645940117e-01,-2.114861013927204353e-02,8.751631120956859800e-02,4.357041242564103078e-01,-2.276019435350187525e-01,1.816386807620733179e-01,-4.468867474830720554e-02,0.000000000000000000e+00,0.000000000000000000e+00,-6.845017227354514844e-02,1.978601278707400601e-01,-5.477936446403315340e-01,1.172292745328301189e+00,0.000000000000000000e+00,0.000000000000000000e+00,0.000000000000000000e+00,-1.508130080263654915e-01,-2.641321039258257564e-01,6.831101590928544409e-01,1.189231721463453795e+00,0.000000000000000000e+00,0.000000000000000000e+00,0.000000000000000000e+00
-1.653814764810609961e-02,4.028592662022888460e-01,8.847837428987198605e-01,-8.058190113715543723e-03,-1.148180673432013660e-03,7.240981634637702058e-01,6.896488939464966439e-01,-2.358139770689409442e-01,-1.888099272599898237e-01,-1.439685609291511958e-01,7.248503517737318047e-01,-6.879819354592587866e-01,1.445568803455498652e-01,-5.877598801218300029e-01,-1.923988828193193626e-02,8.728364503715083100e-02,4.172452416331753344e-01,-2.178914190212736524e-01,1.836048682682792088e-01,-4.453777919207003999e-02,0.000000000000000000e+00,0.000000000000000000e+00,-6.670101230396460745e-02,1.988218622642894673e-01,-5.541607485605017924e-01,1.175678477588527615e+00,0.000000000000000000e+00,0.000000000000000000e+00,0.000000000000000000e+00,-1.507789208228760558e-01,-2.624026238168177816e-01,6.815367499934148476e-01,1.195969774699468857e+00,0.000000000000000000e+00,0.000000000000000000e+00,0.000000000000000000e+00
-1.530280507805420291e-02,4.122780929578198639e-01,8.829809376784660824e-01,-8.217467324024133046e-03,-5.580918120111908517e-04,7.256471414236486117e-01,6.880177235420565918e-01,-2.269407274770326999e-01,-1.891894480845376925e-01,-1.477499295369459065e-01,7.331790645643958548e-01,-7.038110439310975019e-01,1.424516451903057312e-01,-5.890059372463088971e-01,-1.657842431490509638e-02,9.062228375162886818e-02,4.033840071421784801e-01,-2.098169648451835012e-01,1.842566333000332235e-01,-4.540681017922981733e-02,0.000000000000000000e+00,0.000000000000000000e+00,-6.356902324000877902e-02,1.986699724798748623e-01,-5.589638162119553444e-01,1.175885711946644152e+00,0.000000000000000000e+00,0.000000000000000000e+00,0.000000000000000000e+00,-1.498300021801664272e-01,-2.586640810714657679e-01,6.802961416127722982e-01,1.203207304174829240e+00,0.000000000000000000e+00,0.000000000000000000e+00,0.000000000000000000e+00
-1.389115963501649439e-02,4.218535687727625327e-01,8.811268278503504581e-01,-7.669399029931308655e-03,-1.350286740569966266e-03,7.272746212656048259e-01,6.863023985876830491e-01,-2.154415916423783051e-01,-1.894861895181833567e-01,-1.538453866275360793e-01,7.434415653408648073e-01,-7.177682100266464804e-01,1.431334688337744521e-01,-5.858147130763637911e-01,-1.235287948745500929e-02,9.546500463935676806e-02,3.958501148697857741e-01,-2.038868858672922002e-01,1.826443075646629333e-01,-4.676603414484226118e-02,0.000000000000000000e+00,0.000000000000000000e+00,-5.987383484544493706e-02,1.978156832141345078e-01,-5.623302796054754360e-01,1.177008951739676901e+00,0.000000000000000000e+00,0.000000000000000000e+00,0.000000000000000000e+00,-1.461067249644143751e-01,-2.583667270632868940e-01,6.765803615205683297e-01,1.199942183240157334e+00,0.000000000000000000e+00,0.000000000000000000e+00,0.000000000000000000e+00
-1.229196880190293328e-02,4.318565189674625215e-01,8.799849012344227450e-01,-7.644403660244735756e-03,-1.209472883045108237e-03,7.286729265450184734e-01,6.848181265039212651e-01,-2.019552920998655965e-01,-1.876682542808113252e-01,-1.576868019009803334e-01,7.448223438574154143e-01,-7.268104844436032996e-01,1.409977421748797033e-01,-5.853521197726757608e-01,-1.143347230396377610e-02,9.815292405397263442e-02,3.881079999685898008e-01,-1.979296465637555014e-01,1.832593375938356417e-01,-4.843562818684690741e-02,0.000000000000000000e+00,0.000000000000000000e+00,-5.780012913301667971e-02,1.970867902732375554e-01,-5.680716023141620941e-01,1.179233998664308336e+00,0.000000000000000000e+00,0.000000000000000000e+00,0.000000000000000000e+00,-1.449142750545396319e-01,-2.551522646291755625e-01,6.781702945437457775e-01,1.205046812379308774e+00,0.000000000000000000e+00,0.000000000000000000e+00,0.000000000000000000e+00
-1.039575618303549207e-02,4.422182151938888195e-01,8.780582061202455435e-01,-7.494681480689709824e-03,-8.637578718976601268e-04,7.295069487804018982e-01,6.839317914477655025e-01,-1.918684492258533603e-01,-1.857048318310093316e-01,-1.591180469409546605e-01,7.532299778910261923e-01,-7.357394337195505285e-01,1.362490456431444674e-01,-5.843456978081417175e-01,-8.843508284830084790e-03,9.784904889876859524e-02,3.913070940093312799e-01,-2.000010116376382818e-01,1.823703508789347449e-01,-5.092122939817746857e-02,0.000000000000000000e+00,0.000000000000000000e+00,-5.668996564120570847e-02,1.982154518598557569e-01,-5.722631867755322288e-01,1.178654565259767306e+00,0.000000000000000000e+00,0.000000000000000000e+00,0.000000000000000000e+00,-1.424143540270796371e-01,-2.547133994203478191e-01,6.761867560717299552e-01,1.202743842343752867e+00,0.000000000000000000e+00,0.000000000000000000e+00,0.000000000000000000e+00
-8.312482297974609774e-03,4.529676442781352397e-01,8.763984304622955968e-01,-7.585340188834180375e-03,-6.985845742221801456e-04,7.319191526778510148e-01,6.813489036735503879e-01,-1.802507092617617324e-01,-1.847587619350229415e-01,-1.666350486609867176e-01,7.595690842290583333e-01,-7.426913340243317396e-01,1.343787944970106507e-01,-5.826966313163957079e-01,-2.832663759072958157e-03,1.043818178442021960e-01,3.990332008422559640e-01,-2.049969006765947621e-01,1.789789967392311776e-01,-5.259989280664523204e-02,0.000000000000000000e+00,0.000000000000000000e+00,-5.661722471710699256e-02,1.986390968250573152e-01,-5.771893948285631293e-01,1.180320100425744423e+00,0.000000000000000000e+00,0.000000000000000000e+00,0.000000000000000000e+00,-1.373860210994872211e-01,-2.523649784919651529e-01,6.707131758292645962e-01,1.204987415410447182e+00,0.000000000000000000e+00,0.000000000000000000e+00,0.000000000000000000e+00
-6.050201976005043121e-03,4.642147801010834685e-01,8.750573239857610819e-01,-7.302220337449434606e-03,1.043781010863800447e-03,7.331073102334155767e-01,6.800729812172159328e-01,-1.668205206853590195e-01,-1.839667970529801078e-01,-1.695155296535116873e-01,7.580985101306697560e-01,-7.450527539211585504e-01,1.293164229330907022e-01,-5.807714721358133714e-01,-2.795744490170504193e-03,1.033571258272158594e-01,4.114272507289210012e-01,-2.147760505122853492e-01,1.739327263659873057e-01,-5.584581086626906610e-02,0.000000000000000000e+00,0.000000000000000000e+00,-5.529861854858142411e-02,1.983154450108201294e-01,-5.793391877650913013e-01,1.179857088060898951e+00,0.000000000000000000e+00,0.000000000000000000e+00,0.000000000000000000e+00,-1.356927203529260939e-01,-2.500855394791347552e-01,6.701417072115738449e-01,1.207114842928026510e+00,0.000000000000000000e+00,0.000000000000000000e+00,0.000000000000000000e+00
-3.781993898093767743e-03,4.758303646813543120e-01,8.732484039000419918e-01,-7.432638521474783586e-03,1.873325102217534470e-03,7.351936249382401423e-01,6.778138242820380688e-01,-1.536615354429989588e-01,-1.817224449115829588e-01,-1.745764256191196240e-01,7.605238965779927973e-01,-7.502860200482371900e-01,1.247280984227179812e-01,-5.789432050806218033e-01,1.246391088626510116e-03,1.058378208848484575e-01,4.297948184931176252e-01,-2.236246491827875160e-01,1.679136476402953992e-01,-6.176305629807425646e-02,0.000000000000000000e+00,0.000000000000000000e+00,-5.289196977785225184e-02,1.992673384321337893e-01,-5.847337194869727250e-01,1.178661853518640612e+00,0.000000000000000000e+00,0.000000000000000000e+00,0.000000000000000000e+00,-1.333998555271746211e-01,-2.495782077689765455e-01,6.683788034313342674e-01,1.209590093995566384e+00,0.000000000000000000e+00,0.000000000000000000e+00,0.000000000000000000e+00
-1.371930190085031420e-03,4.875565355204240503e-01,8.721046104245996355e-01,-7.763114882566733016e-03,2.257877044029909207e-03,7.360292099948331224e-01,6.769014980578461627e-01,-1.384639867335882291e-01,-1.761527537889572004e-01,-1.763543929737973748e-01,7.577812849050789001e-01,-7.485954768211150467e-01,1.196437881188891633e-01,-5.758523223016145387e-01,5.883750654468661648e-03,1.050918728684879788e-01,4.482392005125130918e-01,-2.445541941366016492e-01,1.618241501842856978e-01,-6.447621754752877465e-02,0.000000000000000000e+00,0.000000000000000000e+00,-5.172941341617125904e-02,1.992812650376001582e-01,-5.842389435297838940e-01,1.178287838761121753e+00,0.000000000000000000e+00,0.000000000000000000e+00,0.000000000000000000e+00,-1.295159654019303885e-01,-2.459837101371958323e-01,6.606382291246806204e-01,1.212352209207528286e+00,0.000000000000000000e+00,0.000000000000000000e+00,0.000000000000000000e+00
1.088819564074872299e-03,4.995321908869455041e-01,8.704329542199024106e-01,-1.051252261791469494e-02,3.781163689467275518e-03,7.356953487893703736e-01,6.772204540908731696e-01,-1.305223110480352167e-01,-1.686428409217346769e-01,-1.758833982220059933e-01,7.594080767433637469e-01,-7.494016372292374717e-01,1.149794617863921231e-01,-5.770589978168023659e-01,1.508261971270790161e-02,1.052534075470241137e-01,4.673717020347488704e-01,-2.713871762968855794e-01,1.514369063970751605e-01,-6.690407586130008022e-02,0.000000000000000000e+00,0.000000000000000000e+00,-5.171343095341682933e-02,2.029300520346508652e-01,-5.836003448053530551e-01,1.179231635596006633e+00,0.000000000000000000e+00,0.000000000000000000e+00,0.000000000000000000e+00,-1.297891590921070037e-01,-2.420796970339501586e-01,6.548581922457826776e-01,1.212160335174739645e+00,0.000000000000000000e+00,0.000000000000000000e+00,0.000000000000000000e+00
3.790970146690231853e-03,5.112899166272759643e-01,8.695437324831934989e-01,-1.132547664703768310e-02,3.857332971458153278e-03,7.370240210238245826e-01,6.757606432716675160e-01,-1.166607711693590649e-01,-1.581508498839966637e-01,-1.733913730095335559e-01,7.549845550442555453e-01,-7.400035676203674528e-01,1.052832963719212561e-01,-5.740967299677122160e-01,1.964768910773552826e-02,9.977128888596137335e-02,4.882163284216573529e-01,-3.023416336946472271e-01,1.436199381015212662e-01,-6.661666559086487638e-02,0.000000000000000000e+00,0.000000000000000000e+00,-5.437690141928500087e-02,2.050890500904961611e-01,-5.853549754186185838e-01,1.180449630207920375e+00,0.000000000000000000e+00,0.000000000000000000e+00,0.000000000000000000e+00,-1.271530138522736497e-01,-2.380991408896434292e-01,6.487736874685560151e-01,1.214539571669057905e+00,0.000000000000000000e+00,0.000000000000000000e+00,0.000000000000000000e+00
6.348557422130365717e-03,5.231460308350389665e-01,8.685318601288317675e-01,-1.377532022741800172e-02,4.306315025899606908e-03,7.362759653217725297e-01,6.765274562743349707e-01,-1.058719112712449978e-01,-1.459006727523699254e-01,-1.677755506007111430e-01,7.515753993900127217e-01,-7.303752959733849082e-01,9.628554311313282377e-02,-5.741881281836852535e-01,3.029455685702271348e-02,9.840513827873841046e-02,5.104428365155694314e-01,-3.331474842873671793e-01,1.314015846784082064e-01,-6.630382329971457045e-02,0.000000000000000000e+00,0.000000000000000000e+00,-5.276649570719636057e-02,2.097785255359069789e-01,-5.848751300596098934e-01,1.178859491740078980e+00,0.000000000000000000e+00,0.000000000000000000e+00,0.000000000000000000e+00,-1.264971660657800978e-01,-2.348122756533201905e-01,6.441647744938582276e-01,1.214244197137018366e+00,0.000000000000000000e+00,0.000000000000000000e+00,0.000000000000000000e+00
9.056312644402556011e-03,5.346692719511648706e-01,8.676548412193272330e-01,-1.542433180676523914e-02,4.010495478332803260e-03,7.369916040243805755e-01,6.757139790709559835e-01,-9.402767065493983223e-02,-1.330429617847500856e-01,-1.635109963274244405e-01,7.477615707352724961e-01,-7.157383523901881262e-01,8.663753181639560763e-02,-5.738007518102014037e-01,3.816001780918984454e-02,9.341414163787693792e-02,5.374300457517251495e-01,-3.681477913180342676e-01,1.194019670490860663e-01,-6.619029000704365617e-02,0.000000000000000000e+00,0.000000000000000000e+00,-5.349338882392522254e-02,2.137647538942059333e-01,-5.856326159385311092e-01,1.180396763591636589e+00,0.000000000000000000e+00,0.000000000000000000e+00,0.000000000000000000e+00,-1.251365411335564060e-01,-2.322796537755036639e-01,6.393384695107037219e-01,1.213202784960347724e+00,0.000000000000000000e+00,0.000000000000000000e+00,0.000000000000000000e+00
1.178178259617265050e-02,5.460268227459538215e-01,8.669437729315216945e-01,-1.689591857650015252e-02,4.671028883569451791e-03,7.364389265630378878e-01,6.762768788501545281e-01,-8.145646626527268397e-02,-1.210098808753867355e-01,-1.561144759979010421e-01,7.392196366221723824e-01,-6.962326920744957848e-01,7.468338622730315290e-02,-5.747749044618301051e-01,4.652199427703249818e-02,9.083414968452636906e-02,5.642231118517594401e-01,-4.036756015277008780e-01,1.065655781783739348e-01,-6.876954879873346804e-02,0.000000000000000000e+00,0.000000000000000000e+00,-5.201363838171993437e-02,2.178854729595431361e-01,-5.846701843620549788e-01,1.180769793490371145e+00,0.000000000000000000e+00,0.000000000000000000e+00,0.000000000000000000e+00,-1.256793807034094490e-01,-2.303879272694108749e-01,6.356732382484729937e-01,1.206693277514804929e+00,0.000000000000000000e+00,0.000000000000000000e+00,0.000000000000000000e+00
1.442891281361026803e-02,5.570192803615179322e-01,8.665227844508038846e-01,-1.863530454578021106e-02,3.767865865976311075e-03,7.358586025342287451e-01,6.768682631706665065e-01,-6.990501030558721185e-02,-1.057956840623959921e-01,-1.476798590431589175e-01,7.340555361754310670e-01,-6.672532535740377524e-01,6.182805287868613220e-02,-5.738565577858038003e-01,5.692955659489802589e-02,8.611389239520893246e-02,5.899704687744854459e-01,-4.312796912645727176e-01,9.552370744523526469e-02,-7.026350782283263818e-02,0.000000000000000000e+00,0.000000000000000000e+00,-5.222511905160008572e-02,2.197322936236294488e-01,-5.813869441060733889e-01,1.181092612816209364e+00,0.000000000000000000e+00,0.000000000000000000e+00,0.000000000000000000e+00,-1.253271826710883885e-01,-2.264583461592674374e-01,6.324926447939321905e-01,1.205376005783798776e+00,0.000000000000000000e+00,0.000000000000000000e+00,0.000000000000000000e+00
1.715539882648271092e-02,5.678764247806021848e-01,8.665738242319448448e-01,-2.139526168554133426e-02,4.395067917967574248e-03,7.358344366363589462e-01,6.768091370655807681e-01,-5.812716413637609297e-02,-9.234985225156396027e-02,-1.430170939696456256e-01,7.221203541673230086e-01,-6.411396731099230362e-01,4.854557318746582223e-02,-5.719740251921594520e-01,6.534744645774304139e-02,8.148246018648978850e-02,6.059919828971980227e-01,-4.593670189664012526e-01,8.379860067455265071e-02,-7.120811511140007211e-02,0.000000000000000000e+00,0.000000000000000000e+00,-5.397412600591310061e-02,2.257979923316189297e-01,-5.816527371029975857e-01,1.181256574814131266e+00,0.000000000000000000e+00,0.000000000000000000e+00,0.000000000000000000e+00,-1.267864420497116229e-01,-2.229968995121969499e-01,6.289358495803377691e-01,1.203796270040509375e+00,0.000000000000000000e+00,0.000000000000000000e+00,0.000000000000000000e+00
1.981835441611860121e-02,5.784201075581664186e-01,8.672316185151578427e-01,-2.454035145387397157e-02,5.034435958050448301e-03,7.345098241156683416e-01,6.781354908000867265e-01,-4.786300459402947904e-02,-7.652124090472130213e-02,-1.327060129143788625e-01,7.082868239722780457e-01,-6.007415905935086231e-01,3.202658185664054857e-02,-5.687625794788659928e-01,7.516964713484597382e-02,7.685275260129871555e-02,6.163528227187564656e-01,-4.787305586372873067e-01,7.310762042889203116e-02,-7.038646852506899587e-02,0.000000000000000000e+00,0.000000000000000000e+00,-5.203916147619699895e-02,2.311596663739757529e-01,-5.752351116411623666e-01,1.178497635075315797e+00,0.000000000000000000e+00,0.000000000000000000e+00,0.000000000000000000e+00,-1.280690127759414598e-01,-2.213473336384925716e-01,6.281030858797209682e-01,1.195430589338833505e+00,0.000000000000000000e+00,0.000000000000000000e+00,0.000000000000000000e+00
2.246994638431943497e-02,5.888090425271871320e-01,8.675834163805167254e-01,-2.655634941996093401e-02,5.317590462856782926e-03,7.348835676194561684e-01,6.776522895851928574e-01,-3.372820719021228653e-02,-6.371313928622072964e-02,-1.292811712111309741e-01,6.921406101680119827e-01,-5.665011044165828569e-01,1.413998151910954987e-02,-5.654719990347490954e-01,8.264966425536755812e-02,7.287601074259264511e-02,6.312864926255487008e-01,-4.983503970022957197e-01,6.326828233859593809e-02,-7.480883149953067301e-02,0.000000000000000000e+00,0.000000000000000000e+00,-5.102482460360878436e-02,2.335678906567507929e-01,-5.752094275791710398e-01,1.181863490511850134e+00,0.000000000000000000e+00,0.000000000000000000e+00,0.000000000000000000e+00,-1.306644113117727268e-01,-2.184339687997166046e-01,6.249541173209310907e-01,1.192589725148063273e+00,0.000000000000000000e+00,0.000000000000000000e+00,0.000000000000000000e+00
2.509243241366181099e-02,5.987856039590492285e-01,8.680909902068183470e-01,-2.913056416534869075e-02,4.412716017501514681e-03,7.344387885621682655e-01,6.780351053036204334e-01,-2.206355674244585979e-02,-4.732584129483692614e-02,-1.223134967509774823e-01,6.787669001861278417e-01,-5.201934706687130205e-01,-4.088688148015052516e-03,-5.582248630778866572e-01,9.287130166855404878e-02,6.785157165365419962e-02,6.380591291972859125e-01,-5.150065682038938997e-01,5.536333560248640762e-02,-7.383800264812598324e-02,0.000000000000000000e+00,0.000000000000000000e+00,-5.343791113907730983e-02,2.393231808463395227e-01,-5.722186487928168086e-01,1.181971028182128514e+00,0.000000000000000000e+00,0.000000000000000000e+00,0.000000000000000000e+00,-1.311581282374487678e-01,-2.149004741341350444e-01,6.220486861450085225e-01,1.192495758698402852e+00,0.000000000000000000e+00,0.000000000000000000e+00,0.000000000000000000e+00
2.773802599345436687e-02,6.086860363046519007e-01,8.683332461627234489e-01,-3.166129481008773255e-02,4.329952778081619727e-03,7.344976429963880893e-01,6.778584117296455602e-01,-1.154597397224807476e-02,-3.691919013332974064e-02,-1.253203524438891436e-01,6.681769655616803805e-01,-4.757643462836891324e-01,-2.492825707621684067e-02,-5.549137746644845492e-01,1.025745981784819683e-01,6.424816956740425633e-02,6.507338164291438520e-01,-5.314447737894834045e-01,4.124048805096845738e-02,-7.228894722310361121e-02,0.000000000000000000e+00,0.000000000000000000e+00,-5.427596051040062264e-02,2.447495915156601698e-01,-5.744664568898867341e-01,1.180426673236286694e+00,0.000000000000000000e+00,0.000000000000000000e+00,0.000000000000000000e+00,-1.320752146591477050e-01,-2.102463252418611539e-01,6.206116181525255238e-01,1.195275939751424321e+00,0.000000000000000000e+00,0.000000000000000000e+00,0.000000000000000000e+00
3.016729991832773142e-02,6.184291915086888025e-01,8.684710400391975060e-01,-3.591288564174493353e-02,4.245302393030029806e-03,7.341408537363243170e-01,6.780335160799755290e-01,-6.074642294089955402e-03,-2.123969705044066042e-02,-1.202730006178274746e-01,6.607892431634931896e-01,-4.280291564914460167e-01,-4.145937311070561904e-02,-5.527398635725003784e-01,1.145203849738681001e-01,6.047725846850071640e-02,6.588090177996497321e-01,-5.453119713500959032e-01,3.205029615748747340e-02,-7.122199367012610471e-02,0.000000000000000000e+00,0.000000000000000000e+00,-5.473634703114841488e-02,2.505087487955330872e-01,-5.719334320521552995e-01,1.179818288004270022e+00,0.000000000000000000e+00,0.000000000000000000e+00,0.000000000000000000e+00,-1.350577662202045448e-01,-2.055939953240271123e-01,6.192661036762762139e-01,1.195312683001907406e+00,0.000000000000000000e+00,0.000000000000000000e+00,0.000000000000000000e+00
3.255101886033909264e-02,6.278831541802892824e-01,8.683630524902573589e-01,-3.992877229602732198e-02,3.683324538188057894e-03,7.335535351879487465e-01,6.784477410062914604e-01,-4.811361540112170376e-04,-6.829427747169106860e-03,-1.185163585507826300e-01,6.543105399489629326e-01,-3.776350879103334002e-01,-6.017917020034518893e-02,-5.506644146802083251e-01,1.279023177142719347e-01,5.787066563895290616e-02,6.682164392386056306e-01,-5.581163101916492009e-01,2.117113372228894563e-02,-7.125398342929679940e-02,0.000000000000000000e+00,0.000000000000000000e+00,-5.662985474583494272e-02,2.573358324833051602e-01,-5.717500361205835047e-01,1.181909993348425392e+00,0.000000000000000000e+00,0.000000000000000000e+00,0.000000000000000000e+00,-1.390616182993195393e-01,-2.012946503553800504e-01,6.185058819373845385e-01,1.191478028309888026e+00,0.000000000000000000e+00,0.000000000000000000e+00,0.000000000000000000e+00
3.498159030160998689e-02,6.370813357865245941e-01,8.678120425572817265e-01,-4.404972477725222629e-02,3.544869570004181413e-03,7.327646195234986948e-01,6.790457039267395745e-01,2.906783074774939302e-03,7.446279997184129633e-03,-1.152235782607547443e-01,6.493780896313297024e-01,-3.230220815604697426e-01,-7.956565804684752330e-02,-5.508167669741884653e-01,1.405246472513187184e-01,5.404927634670440156e-02,6.795744220126900270e-01,-5.724122782950608057e-01,9.206567725994395379e-03,-6.792526799849188390e-02,0.000000000000000000e+00,0.000000000000000000e+00,-5.841649415065008899e-02,2.653838892287972429e-01,-5.687430376841335899e-01,1.181137788312944359e+00,0.000000000000000000e+00,0.000000000000000000e+00,0.000000000000000000e+00,-1.409383650581400305e-01,-1.979569525720441536e-01,6.156489142360165312e-01,1.189135085361614275e+00,0.000000000000000000e+00,0.000000000000000000e+00,0.000000000000000000e+00
3.735754856736454160e-02,6.457970989604355783e-01,8.673428356226273728e-01,-4.810559004970557662e-02,2.238845891474327676e-03,7.327600993440109844e-01,6.787808752347093133e-01,5.861489510748749826e-03,2.985014749167639106e-02,-9.993521641184589799e-02,6.428826740458726263e-01,-2.568324487458157890e-01,-9.616135369030903712e-02,-5.474067419677024482e-01,1.539378285026853921e-01,4.996094676081385549e-02,6.862090136532578155e-01,-5.852757099490963899e-01,-1.468066121977694297e-03,-6.429272749887474103e-02,0.000000000000000000e+00,0.000000000000000000e+00,-5.969631146957420781e-02,2.725450581500207803e-01,-5.625172554409368919e-01,1.180373881302520411e+00,0.000000000000000000e+00,0.000000000000000000e+00,0.000000000000000000e+00,-1.414419208326284094e-01,-1.951969661462109040e-01,6.125341237623121993e-01,1.185508714888549253e+00,0.000000000000000000e+00,0.000000000000000000e+00,0.000000000000000000e+00
3.981130469273376493e-02,6.539964434910701119e-01,8.666774275109514480e-01,-5.227146428207670587e-02,1.711262128971324792e-03,7.327700940168090371e-01,6.784635251200538120e-01,3.153744571547836828e-03,4.880588554227570375e-02,-8.898466213441434680e-02,6.415974421342773848e-01,-1.842577198703360120e-01,-1.165593864504180788e-01,-5.458546830283985685e-01,1.658136901215532810e-01,4.529583189995936565e-02,6.926922017794295838e-01,-6.008305673266218783e-01,-1.042197947923120122e-02,-6.171794548583027507e-02,0.000000000000000000e+00,0.000000000000000000e+00,-6.391049665766189436e-02,2.805570209139618965e-01,-5.616840784914339801e-01,1.184955008158969925e+00,0.000000000000000000e+00,0.000000000000000000e+00,0.000000000000000000e+00,-1.448031222486928227e-01,-1.943322276420247907e-01,6.137574800096264882e-01,1.182304990562213609e+00,0.000000000000000000e+00,0.000000000000000000e+00,0.000000000000000000e+00
4.218717826421931189e-02,6.618459951778105088e-01,8.660315541724572519e-01,-5.454684747939372857e-02,1.935570813432347693e-03,7.316762286822785510e-01,6.794636056309151240e-01,-6.634454260584787821e-04,5.819845074239896054e-02,-8.330941409460959624e-02,6.458990804358091253e-01,-1.274250652463329303e-01,-1.334778271136456695e-01,-5.454759233790887896e-01,1.765230882776058774e-01,4.536513155269628061e-02,7.042816855567713974e-01,-6.129637382301877935e-01,-2.189357211997811428e-02,-5.796470493313238270e-02,0.000000000000000000e+00,0.000000000000000000e+00,-6.778932318345072539e-02,2.833950175657725667e-01,-5.607169410965778811e-01,1.186658108168114234e+00,0.000000000000000000e+00,0.000000000000000000e+00,0.000000000000000000e+00,-1.484448303146964077e-01,-1.920375915649505660e-01,6.119316489440642659e-01,1.184655061204762161e+00,0.000000000000000000e+00,0.000000000000000000e+00,0.000000000000000000e+00
4.460979793913241731e-02,6.692202942227564177e-01,8.656989561245352904e-01,-5.568464645677106278e-02,1.823704659493342959e-03,7.303354675077445846e-01,6.808127489629901552e-01,-1.647781242562836035e-02,6.786795401904938130e-02,-7.449183719369176226e-02,6.683519512162879872e-01,-9.269441226980444648e-02,-1.420662030890289251e-01,-5.409868639436585802e-01,1.866972781141264248e-01,4.736267014909332357e-02,7.115316112425177364e-01,-6.241494986340651030e-01,-3.328158686843178671e-02,-5.261550309573181927e-02,0.000000000000000000e+00,0.000000000000000000e+00,-6.906779905821719412e-02,2.853038189914253175e-01,-5.560533746465825544e-01,1.191139959575076235e+00,0.000000000000000000e+00,0.000000000000000000e+00,0.000000000000000000e+00,-1.493282059002825068e-01,-1.916384331359302640e-01,6.121918715845100500e-01,1.181295522780140939e+00,0.000000000000000000e+00,0.000000000000000000e+00,0.000000000000000000e+00
4.685701132382336792e-02,6.764043952760577794e-01,8.658809517567183089e-01,-5.651579890551158142e-02,1.620646285728212250e-03,7.289957849536432555e-01,6.821792165549384057e-01,-3.738624820558149320e-02,7.581122505098551734e-02,-6.484482828604504201e-02,7.016441290612120962e-01,-9.069574057986980187e-02,-1.410293183142197204e-01,-5.335016853766176848e-01,1.959582349937996626e-01,5.051513203246880274e-02,7.132745488578564608e-01,-6.322516439874087402e-01,-4.004433747346129030e-02,-4.575665158777716263e-02,0.000000000000000000e+00,0.000000000000000000e+00,-7.051658048494673092e-02,2.850050422890462176e-01,-5.538217318722443716e-01,1.191822334550207252e+00,0.000000000000000000e+00,0.000000000000000000e+00,0.000000000000000000e+00,-1.512953542305742471e-01,-1.901358464396555314e-01,6.108550823498027915e-01,1.188910499583953451e+00,0.000000000000000000e+00,0.000000000000000000e+00,0.000000000000000000e+00
4.914444357543156644e-02,6.831868763520516641e-01,8.666955310086514874e-01,-5.869553101373305853e-02,8.112721785966977954e-04,7.271625802178436349e-01,6.839508450227955727e-01,-5.921487536245198524e-02,8.671386084286167306e-02,-5.802030921578493067e-02,7.351588316657988731e-01,-8.950341169214579007e-02,-1.463137241260543675e-01,-5.222281668324326720e-01,2.076615901062613401e-01,5.344965902624228271e-02,7.033161710324271620e-01,-6.358644395073378419e-01,-4.579652971019858299e-02,-3.612998405176778838e-02,0.000000000000000000e+00,0.000000000000000000e+00,-6.936765978895306772e-02,2.914627126181281724e-01,-5.521495908717712897e-01,1.188138853642663584e+00,0.000000000000000000e+00,0.000000000000000000e+00,0.000000000000000000e+00,-1.503118364816829755e-01,-1.888130509589513450e-01,6.108385979773183205e-01,1.190675747257366801e+00,0.000000000000000000e+00,0.000000000000000000e+00,0.000000000000000000e+00
5.113185858929397004e-02,6.896049490012510219e-01,8.665664954959845234e-01,-5.780679174993926667e-02,1.076973048503163891e-03,7.268073884134236273e-01,6.844035615806588480e-01,-8.147498031476833880e-02,9.140764560303826780e-02,-4.840479018283859458e-02,7.686077235781418882e-01,-8.861955749624580991e-02,-1.445319787034442527e-01,-5.163589397439871664e-01,2.130678620038887194e-01,5.764340169172024742e-02,7.117772029478760532e-01,-6.458895206421347845e-01,-5.313314169839183226e-02,-2.968945706894714556e-02,0.000000000000000000e+00,0.000000000000000000e+00,-6.962534481000762221e-02,2.873208763703737900e-01,-5.482050559131065315e-01,1.191850144689895030e+00,0.000000000000000000e+00,0.000000000000000000e+00,0.000000000000000000e+00,-1.493745685080516417e-01,-1.907879070784402609e-01,6.077758261687322694e-01,1.195450132866864745e+00,0.000000000000000000e+00,0.000000000000000000e+00,0.000000000000000000e+00
5.313421434574690239e-02,6.958907856081454346e-01,8.673731492997575065e-01,-5.848579708112835313e-02,-5.950365668960354987e-05,7.258275842328545391e-01,6.853858227055756869e-01,-1.006096614877294015e-01,1.008498884869200862e-01,-4.036083742095619709e-02,7.954613414734929000e-01,-9.183342164563601528e-02,-1.435010171872323770e-01,-5.036422617343652153e-01,2.219729553921154230e-01,6.105565019013454997e-02,7.039182261055811907e-01,-6.481161604831723322e-01,-5.762420785765631076e-02,-2.294551512955981740e-02,0.000000000000000000e+00,0.000000000000000000e+00,-6.756653111822383262e-02,2.919350032264785844e-01,-5.436323568705845322e-01,1.189369608705693748e+00,0.000000000000000000e+00,0.000000000000000000e+00,0.000000000000000000e+00,-1.475049057171207989e-01,-1.905699961699808820e-01,6.099099923131808820e-01,1.197165840260086656e+00,0.000000000000000000e+00,0.000000000000000000e+00,0.000000000000000000e+00
5.498111115654084891e-02,7.018642212022115912e-01,8.680761191642668573e-01,-5.763867257302535130e-02,-3.908324495015954789e-04,7.252693213901560965e-01,6.860481339704078696e-01,-1.250739676805177336e-01,1.075869467078256897e-01,-3.330406696550325396e-02,8.254127210320291175e-01,-9.459814483961113962e-02,-1.416764829448107776e-01,-4.922198728060450668e-01,2.271142368139249523e-01,6.563335276946591357e-02,7.012240966327050185e-01,-6.520634927541648640e-01,-6.133064208403461032e-02,-1.547832875830560187e-02,0.000000000000000000e+00,0.000000000000000000e+00,-6.625257797224157197e-02,2.932011187886682246e-01,-5.375222592003866540e-01,1.186831719918365780e+00,0.000000000000000000e+00,0.000000000000000000e+00,0.000000000000000000e+00,-1.450675277109582939e-01,-1.917558903836666662e-01,6.085431461706617418e-01,1.196714301360835231e+00,0.000000000000000000e+00,0.000000000000000000e+00,0.000000000000000000e+00
5.658580226772808724e-02,7.077446994141231018e-01,8.684202523386566064e-01,-5.784807410572820330e-02,-1.121671573488280602e-03,7.236417772412065963e-01,6.877462616447489463e-01,-1.504414118155299185e-01,1.149305890184536688e-01,-2.430370646996520348e-02,8.601736962810025977e-01,-9.796469807989136025e-02,-1.384025076149903444e-01,-4.814231345115636551e-01,2.358263468901756477e-01,7.232138274988962612e-02,6.974217839361223081e-01,-6.580193677844434763e-01,-6.538099573114138086e-02,-5.869508255610629728e-03,0.000000000000000000e+00,0.000000000000000000e+00,-6.561836504367046796e-02,2.952658599959929742e-01,-5.345636786340838276e-01,1.189152360557262922e+00,0.000000000000000000e+00,0.000000000000000000e+00,0.000000000000000000e+00,-1.429706551020359373e-01,-1.939398243437511771e-01,6.119076503190770122e-01,1.199272898486260841e+00,0.000000000000000000e+00,0.000000000000000000e+00,0.000000000000000000e+00
5.815154698045311987e-02,7.134214620489054415e-01,8.690818347478126427e-01,-5.700094519464379145e-02,-1.785201554480183705e-03,7.222633902396307093e-01,6.892628674329426275e-01,-1.814647720575529033e-01,1.221350378426936389e-01,-1.783003456780320878e-02,8.971111085341471059e-01,-1.082848510170583423e-01,-1.310518160274878607e-01,-4.688844918790512906e-01,2.421761591189428853e-01,7.896330582934622810e-02,6.932124837326814060e-01,-6.619063771973154875e-01,-6.811029051565345438e-02,4.213141892569612079e-03,0.000000000000000000e+00,0.000000000000000000e+00,-6.493816422735497473e-02,2.949898139779207340e-01,-5.281067622939480399e-01,1.190760609452457874e+00,0.000000000000000000e+00,0.000000000000000000e+00,0.000000000000000000e+00,-1.393723702425297417e-01,-1.945243785535150371e-01,6.109403154420931514e-01,1.198855750036641021e+00,0.000000000000000000e+00,0.000000000000000000e+00,0.000000000000000000e+00
5.961620823552293835e-02,7.190733333057608423e-01,8.693507749213110758e-01,-5.570247864535195909e-02,-1.792427638344699665e-03,7.209381575429019140e-01,6.907548002544546817e-01,-2.055287505482654986e-01,1.268391073336956887e-01,-1.208334866256748075e-02,9.213995785172318653e-01,-1.252429303363752633e-01,-1.196375865533752247e-01,-4.588147484832458267e-01,2.461915137789859598e-01,8.473196957981218858e-02,6.937091709924900762e-01,-6.677296693165564179e-01,-6.880706395919823637e-02,1.109715445588188402e-02,0.000000000000000000e+00,0.000000000000000000e+00,-6.396419810739090162e-02,2.951167961476012791e-01,-5.262545547744896801e-01,1.191908719622582380e+00,0.000000000000000000e+00,0.000000000000000000e+00,0.000000000000000000e+00,-1.379179338373788810e-01,-1.954395103864927374e-01,6.119495805713356384e-01,1.199234569319159505e+00,0.000000000000000000e+00,0.000000000000000000e+00,0.000000000000000000e+00
6.086648361033016735e-02,7.245910884166556487e-01,8.695624264842550799e-01,-5.435544239937794425e-02,-1.431400458741059669e-03,7.185616095549534066e-01,6.933344432869970042e-01,-2.424462793612608691e-01,1.311990263503995391e-01,-4.499904503905430286e-03,9.594089923689924637e-01,-1.494113132481866002e-01,-1.054210236774305309e-01,-4.489236259877188440e-01,2.518009985958899466e-01,9.527924846343113763e-02,6.943086051305406015e-01,-6.756737582053315982e-01,-7.216827035551154346e-02,2.263480888033164370e-02,0.000000000000000000e+00,0.000000000000000000e+00,-6.173292493056835306e-02,2.947333744552368962e-01,-5.193979380370272736e-01,1.193864231306113410e+00,0.000000000000000000e+00,0.000000000000000000e+00,0.000000000000000000e+00,-1.347638031046454743e-01,-1.987985040493964739e-01,6.147352680338061814e-01,1.196615892415460181e+00,0.000000000000000000e+00,0.000000000000000000e+00,0.000000000000000000e+00
6.203780207114714673e-02,7.298273270439903371e-01,8.698593269393591898e-01,-5.061410907135201198e-02,-2.054199528648234171e-03,7.174865758236119717e-01,6.947280084609509521e-01,-2.813341957412050509e-01,1.380096826532700438e-01,4.978522102180252956e-03,9.912729755976388279e-01,-1.844971049549932740e-01,-8.203806356058930549e-02,-4.353744628080462031e-01,2.530953167332578024e-01,1.028885362715918766e-01,6.976643642060139650e-01,-6.820054796494487981e-01,-7.227492277417621458e-02,3.107945922112122228e-02,0.000000000000000000e+00,0.000000000000000000e+00,-6.009377533278027761e-02,2.946108519670772030e-01,-5.140084871949817114e-01,1.191738072006097493e+00,0.000000000000000000e+00,0.000000000000000000e+00,0.000000000000000000e+00,-1.322781591222322028e-01,-2.029539903854331584e-01,6.173350911972703692e-01,1.198777404710839933e+00,0.000000000000000000e+00,0.000000000000000000e+00,0.000000000000000000e+00
6.304677929613430876e-02,7.351451746110698737e-01,8.704571277682047192e-01,-4.792762502771750338e-02,-1.298085940298679668e-03,7.159625552302247842e-01,6.964903999627721776e-01,-3.183858741424808181e-01,1.414308338308969126e-01,1.075406918890098665e-02,1.015376660358996430e+00,-2.183306675313391454e-01,-6.356996981859008855e-02,-4.238031107114191842e-01,2.537523893484460169e-01,1.118383268453394669e-01,6.979378237530666773e-01,-6.879851463328171546e-01,-7.328540646338366216e-02,4.233861550047892525e-02,0.000000000000000000e+00,0.000000000000000000e+00,-5.962601802120885697e-02,2.949474003182990245e-01,-5.070655169509311611e-01,1.190022633401253804e+00,0.000000000000000000e+00,0.000000000000000000e+00,0.000000000000000000e+00,-1.295355936187873314e-01,-2.064981579503965270e-01,6.168979119984462356e-01,1.200113170022205855e+00,0.000000000000000000e+00,0.000000000000000000e+00,0.000000000000000000e+00
6.369006692826799376e-02,7.403168951285903354e-01,8.710496294753200530e-01,-4.638218557928867197e-02,-3.041493430151155728e-03,7.140909776056849623e-01,6.985080657234822299e-01,-3.560802854069771151e-01,1.451698083330975886e-01,1.338351590744446887e-02,1.033837746469206564e+00,-2.487334263627241360e-01,-4.443547843620430926e-02,-4.073249292717832648e-01,2.590169164513283495e-01,1.199242968982400098e-01,6.906158792154132309e-01,-6.902507013679330949e-01,-7.337143131661744144e-02,5.163058343955397034e-02,0.000000000000000000e+00,0.000000000000000000e+00,-5.681789034523571785e-02,2.975843854273996780e-01,-5.000278502620332244e-01,1.189430232155147538e+00,0.000000000000000000e+00,0.000000000000000000e+00,0.000000000000000000e+00,-1.260637544621007744e-01,-2.069844177661426810e-01,6.128181202900668811e-01,1.203276915863838559e+00,0.000000000000000000e+00,0.000000000000000000e+00,0.000000000000000000e+00
6.411818305032818133e-02,7.455283975726687551e-01,8.717283027213644786e-01,-4.342241250183588586e-02,-3.085125730673210498e-03,7.126927742759577855e-01,7.001242643892477968e-01,-3.887186532416536666e-01,1.485916986699591380e-01,2.135678025964698329e-02,1.036026781894090920e+00,-2.830212952329191345e-01,-2.788854537692818381e-02,-3.927490157429190942e-01,2.580019551557600765e-01,1.274441862938425762e-01,6.879165408081424626e-01,-6.954957380351342033e-01,-7.067330087825171581e-02,6.003531352325625764e-02,0.000000000000000000e+00,0.000000000000000000e+00,-5.513791905750535516e-02,2.982426794503343359e-01,-4.934703072901654997e-01,1.188803400705906288e+00,0.000000000000000000e+00,0.000000000000000000e+00,0.000000000000000000e+00,-1.240449472904180395e-01,-2.106967391173322213e-01,6.148274935799399321e-01,1.205808316410991177e+00,0.000000000000000000e+00,0.000000000000000000e+00,0.000000000000000000e+00
6.418267609531445872e-02,7.507557323146586414e-01,8.722907247545891307e-01,-4.129404598542609633e-02,-3.631228635475242539e-03,7.119557734859881526e-01,7.009997093756308306e-01,-4.225832090594183188e-01,1.474568598191332569e-01,2.630659133932188726e-02,1.036580267449186632e+00,-3.098609572275509150e-01,-1.421895561787048755e-02,-3.786662733371153888e-01,2.577021546633876947e-01,1.331846483264869929e-01,6.845123222476918734e-01,-7.001537110368343253e-01,-6.870138934001822351e-02,6.758393221012817809e-02,0.000000000000000000e+00,0.000000000000000000e+00,-5.321322007243808883e-02,2.988759164788570843e-01,-4.891748359133492041e-01,1.186642556605395971e+00,0.000000000000000000e+00,0.000000000000000000e+00,0.000000000000000000e+00,-1.207716198375248517e-01,-2.137989846517911741e-01,6.163196665110289851e-01,1.206022901949514559e+00,0.000000000000000000e+00,0.000000000000000000e+00,0.000000000000000000e+00
6.401303501231415949e-02,7.560609872997594572e-01,8.726564296041202651e-01,-3.880462057841205931e-02,-3.335852006885844587e-03,7.104021724992027886e-01,7.027174587425354391e-01,-4.584900586062949923e-01,1.469526901362803450e-01,3.334958154604624608e-02,1.028922541091211285e+00,-3.329897473739914515e-01,-7.937384841503192234e-04,-3.661480279582052244e-01,2.560335645539036364e-01,1.407375760700660394e-01,6.840511365646667619e-01,-7.076728579313293910e-01,-6.627434983933122581e-02,7.650429831198740649e-02,0.000000000000000000e+00,0.000000000000000000e+00,-5.160306082648688508e-02,2.982217029758364446e-01,-4.852837644033851650e-01,1.189650467752688900e+00,0.000000000000000000e+00,0.000000000000000000e+00,0.000000000000000000e+00,-1.182432807772971356e-01,-2.175296033669132378e-01,6.146280068609915048e-01,1.207146990023606259e+00,0.000000000000000000e+00,0.000000000000000000e+00,0.000000000000000000e+00
6.357397523275179485e-02,7.613769073986120794e-01,8.729197349633159853e-01,-3.687421872434733933e-02,-3.790811617580588933e-03,7.091116828295387364e-01,7.041211138826961591e-01,-4.900369470907633973e-01,1.463686500079517117e-01,3.734263170658369546e-02,1.020472678178365733e+00,-3.517226827612483508e-01,8.639319148042712976e-03,-3.519920012595273429e-01,2.547857473583365895e-01,1.460864701587529513e-01,6.807621959479279727e-01,-7.163370798500486858e-01,-6.403959425701681585e-02,8.391574078847290064e-02,0.000000000000000000e+00,0.000000000000000000e+00,-4.966855346995270593e-02,2.992422753799753865e-01,-4.818917440115806916e-01,1.190154924196727526e+00,0.000000000000000000e+00,0.000000000000000000e+00,0.000000000000000000e+00,-1.156551817512812552e-01,-2.193828066195490367e-01,6.095768246507945465e-01,1.209845918092558037e+00,0.000000000000000000e+00,0.000000000000000000e+00,0.000000000000000000e+00
6.285685443369116998e-02,7.668763709443872090e-01,8.731431185935055739e-01,-3.428779397516670130e-02,-4.061941187436279507e-03,7.077913770850776665e-01,7.055772206797181756e-01,-5.170067574100054575e-01,1.360116632673338266e-01,3.800475274166675854e-02,9.922311177819054251e-01,-3.698237311098362956e-01,1.789706755072926342e-02,-3.391773250264850104e-01,2.525531851556944707e-01,1.528018927469830257e-01,6.817276788026509493e-01,-7.228861162549662378e-01,-5.988465233848613845e-02,9.010556577648655419e-02,0.000000000000000000e+00,0.000000000000000000e+00,-4.690729801094824236e-02,2.980454262443548163e-01,-4.813927883005994501e-01,1.191122609260707454e+00,0.000000000000000000e+00,0.000000000000000000e+00,0.000000000000000000e+00,-1.141435797428821813e-01,-2.209899053770973953e-01,6.070740747244098845e-01,1.214661870755424200e+00,0.000000000000000000e+00,0.000000000000000000e+00,0.000000000000000000e+00
6.194248965616681174e-02,7.724125638880228184e-01,8.731728297361384117e-01,-3.171663229725508321e-02,-5.037814557856865570e-03,7.062603546124636145e-01,7.072234351058214186e-01,-5.419719759266081738e-01,1.305921670203201157e-01,4.202568204783389133e-02,9.585832549770495481e-01,-3.780629165621121612e-01,2.437918273323678997e-02,-3.243164530509655141e-01,2.510200445809787628e-01,1.593326131242803478e-01,6.813703501635974824e-01,-7.314319233640220741e-01,-5.745939089748003381e-02,9.480779623966030523e-02,0.000000000000000000e+00,0.000000000000000000e+00,-4.249247812143195496e-02,2.972944817926370664e-01,-4.785964971129393897e-01,1.194105388790329014e+00,0.000000000000000000e+00,0.000000000000000000e+00,0.000000000000000000e+00,-1.126799990089265152e-01,-2.231024962476912121e-01,6.068724150642534898e-01,1.217432866286834114e+00,0.000000000000000000e+00,0.000000000000000000e+00,0.000000000000000000e+00
6.089478355037809126e-02,7.781339558730158146e-01,8.731311472594002199e-01,-2.935493142958878199e-02,-5.165007563903661718e-03,7.048578242474543565e-01,7.087221305242085156e-01,-5.628990803426121570e-01,1.222480062732201889e-01,4.586183298022451782e-02,9.151045357157957527e-01,-3.808211594458508764e-01,2.645424411507242210e-02,-3.119826895877598760e-01,2.465479368182978970e-01,1.624025361567649761e-01,6.828486326956171304e-01,-7.403211867418184600e-01,-5.354057490065587677e-02,9.813675800139799732e-02,0.000000000000000000e+00,0.000000000000000000e+00,-4.082084017691101768e-02,2.945273036821592361e-01,-4.769705864386574734e-01,1.199436392381106220e+00,0.000000000000000000e+00,0.000000000000000000e+00,0.000000000000000000e+00,-1.129823850699831767e-01,-2.242107878644569174e-01,6.068971690874674918e-01,1.224349426665662266e+00,0.000000000000000000e+00,0.000000000000000000e+00,0.000000000000000000e+00
5.977040543058043109e-02,7.840817206113442905e-01,8.729173952543664017e-01,-2.742437670285679044e-02,-4.656437716140928926e-03,7.036014847300082753e-01,7.100501192422845609e-01,-5.826403000195464754e-01,1.134404893643502776e-01,4.833047699802555525e-02,8.703984885517447312e-01,-3.767476391680346093e-01,2.386451882302620398e-02,-3.021376472763076526e-01,2.429567532807594687e-01,1.676788226590736619e-01,6.869322946088103343e-01,-7.501594993992698468e-01,-5.153569824748914507e-02,1.000789570254525668e-01,0.000000000000000000e+00,0.000000000000000000e+00,-3.727175666249657460e-02,2.913749106076407580e-01,-4.728519713607435282e-01,1.202743416185655612e+00,0.000000000000000000e+00,0.000000000000000000e+00,0.000000000000000000e+00,-1.115205405192067761e-01,-2.250437744408845531e-01,6.058198803425142165e-01,1.226950843405566038e+00,0.000000000000000000e+00,0.000000000000000000e+00,0.000000000000000000e+00
5.854869612678600954e-02,7.902546450925920229e-01,8.733880807307231597e-01,-2.550037999607035477e-02,-4.101323706478454331e-03,7.029867952845471057e-01,7.107337584633728333e-01,-5.959309361328798405e-01,1.030840550133125116e-01,4.966009781307084703e-02,8.127356637068173795e-01,-3.674965130874142671e-01,1.819250002474844669e-02,-2.910699761277689701e-01,2.379310513025219842e-01,1.718423514798706475e-01,6.871130858804751496e-01,-7.517610225762544340e-01,-4.887786544847508297e-02,9.964036911801472940e-02,0.000000000000000000e+00,0.000000000000000000e+00,-3.339861753930502969e-02,2.869325334252545989e-01,-4.695526860186660101e-01,1.207086605919989841e+00,0.000000000000000000e+00,0.000000000000000000e+00,0.000000000000000000e+00,-1.123655836286756859e-01,-2.243220774843637522e-01,6.086086003740048822e-01,1.232163991104190615e+00,0.000000000000000000e+00,0.000000000000000000e+00,0.000000000000000000e+00
5.727962078144249736e-02,7.968074913486197230e-01,8.733959084904614478e-01,-2.436795939805320305e-02,-2.380198100901034525e-03,7.011590811950695334e-01,7.125843669836295913e-01,-6.084502643917999443e-01,9.085853420027120708e-02,4.392175479388736592e-02,7.609883806655552974e-01,-3.498988714974411440e-01,1.377393070662827519e-02,-2.844271694112865956e-01,2.344413604742294488e-01,1.793372485151074891e-01,6.919880628847879800e-01,-7.571151389368865336e-01,-4.798280612438357573e-02,9.906160762689000809e-02,0.000000000000000000e+00,0.000000000000000000e+00,-3.140785643059116478e-02,2.821185482459416805e-01,-4.679666369598823317e-01,1.211050808329765305e+00,0.000000000000000000e+00,0.000000000000000000e+00,0.000000000000000000e+00,-1.144511958291400816e-01,-2.231071550324743025e-01,6.088809745704011345e-01,1.233934716216807947e+00,0.000000000000000000e+00,0.000000000000000000e+00,0.000000000000000000e+00
5.591722319376907918e-02,8.035885844754401264e-01,8.738682600017122493e-01,-2.435193207315849637e-02,-5.176355584790459001e-04,7.004774626063118292e-01,7.132587467661047897e-01,-6.164991840421398805e-01,7.917316343737738904e-02,4.125547342426802433e-02,6.999937231803936566e-01,-3.318675664553762394e-01,7.352877061014227375e-03,-2.769734529769181108e-01,2.293919915499461060e-01,1.826189640992047503e-01,6.902109802310085751e-01,-7.572841475631204577e-01,-4.256240905090907800e-02,9.815466308511876237e-02,0.000000000000000000e+00,0.000000000000000000e+00,-3.176712829665286064e-02,2.768642265332454389e-01,-4.653015985926565179e-01,1.217310529430104538e+00,0.000000000000000000e+00,0.000000000000000000e+00,0.000000000000000000e+00,-1.163349691686671461e-01,-2.234334779740347054e-01,6.142268733060295416e-01,1.237539672024607906e+00,0.000000000000000000e+00,0.000000000000000000e+00,0.000000000000000000e+00
5.450978312077781746e-02,8.105119104762925630e-01,8.740271405978217167e-01,-2.366615692383130382e-02,8.649558138737230154e-04,6.986162697929185761e-01,7.151045185485291888e-01,-6.213249070364883497e-01,6.799653974454533678e-02,3.125377190700257685e-02,6.376371743006594706e-01,-3.106886570974101702e-01,-5.098625355850616844e-04,-2.672500659031840642e-01,2.258740371430000282e-01,1.896876328839165737e-01,6.893705279010425846e-01,-7.617404882843614722e-01,-4.209135445680665943e-02,9.618582986833973392e-02,0.000000000000000000e+00,0.000000000000000000e+00,-2.857057825136543119e-02,2.726996136150974248e-01,-4.666451423193326842e-01,1.220177913039541373e+00,0.000000000000000000e+00,0.000000000000000000e+00,0.000000000000000000e+00,-1.175256200799424111e-01,-2.205569867045887866e-01,6.147921347058913355e-01,1.238133789067275892e+00,0.000000000000000000e+00,0.000000000000000000e+00,0.000000000000000000e+00
5.308529276524386054e-02,8.175508389026042710e-01,8.743022011015789685e-01,-2.318096158101845203e-02,2.484785439954177028e-03,6.985046482634507115e-01,7.152256463633339667e-01,-6.269976645832471274e-01,5.694829653457846030e-02,2.559897871659242569e-02,5.785371961342899993e-01,-2.879290156516877697e-01,-8.417732469402108147e-03,-2.585249594515538485e-01,2.203256305029785977e-01,1.924199142511948679e-01,6.881898080187272004e-01,-7.643229598006366921e-01,-4.032285990886804589e-02,9.304798786109405584e-02,0.000000000000000000e+00,0.000000000000000000e+00,-2.845253365754014940e-02,2.684858430097275539e-01,-4.658817778070090121e-01,1.223995623662320398e+00,0.000000000000000000e+00,0.000000000000000000e+00,0.000000000000000000e+00,-1.180216873785165238e-01,-2.187977405253429541e-01,6.198221211851493440e-01,1.241433261790759079e+00,0.000000000000000000e+00,0.000000000000000000e+00,0.000000000000000000e+00
5.147587283697924870e-02,8.247421388140857568e-01,8.742046540202215166e-01,-2.341911827607607438e-02,4.173712312060688483e-03,6.958471716969867327e-01,7.177958196214377917e-01,-6.280884010489447000e-01,4.622753547902835880e-02,1.483667939188482512e-02,5.221998120899463691e-01,-2.614018486086599480e-01,-1.683987162705458118e-02,-2.517345865702665386e-01,2.183321558197408585e-01,2.012118894715694828e-01,6.894564228576587350e-01,-7.676468676321325235e-01,-3.694145072624645254e-02,9.239170184773776162e-02,0.000000000000000000e+00,0.000000000000000000e+00,-2.636262278360220271e-02,2.630029152351632260e-01,-4.595867586231064394e-01,1.223522633243965263e+00,0.000000000000000000e+00,0.000000000000000000e+00,0.000000000000000000e+00,-1.189709138430595919e-01,-2.188227192349950501e-01,6.240174402126532627e-01,1.239980240823916890e+00,0.000000000000000000e+00,0.000000000000000000e+00,0.000000000000000000e+00
4.993300485354390528e-02,8.319756352021066004e-01,8.739611206440959235e-01,-2.457428847760379648e-02,6.637202068336654076e-03,6.953596966091559750e-01,7.182109329620001148e-01,-6.272864871779173512e-01,3.454719185024222872e-02,5.117530970762604325e-03,4.628248699967109081e-01,-2.351131952271614256e-01,-2.429966137624466754e-02,-2.472061707051000923e-01,2.149160317492279648e-01,2.052218318677771769e-01,6.901136112103165576e-01,-7.729818402225612228e-01,-3.549456674074083495e-02,9.191571757818717270e-02,0.000000000000000000e+00,0.000000000000000000e+00,-2.557818743904645767e-02,2.596079753696312054e-01,-4.564579650683363021e-01,1.223692608979477736e+00,0.000000000000000000e+00,0.000000000000000000e+00,0.000000000000000000e+00,-1.198181891038894026e-01,-2.190395646410275288e-01,6.282833242522631867e-01,1.239810035222506102e+00,0.000000000000000000e+00,0.000000000000000000e+00,0.000000000000000000e+00
4.850673546557623256e-02,8.390218080074728357e-01,8.733957418644237025e-01,-2.422384760033229403e-02,8.835653327669622942e-03,6.937086273772877787e-01,7.197940516147860457e-01,-6.243745806682844401e-01,2.778767543922137928e-02,-6.577469804552912858e-03,4.075495788562910615e-01,-2.079426849081514039e-01,-3.191289873418449302e-02,-2.408363343358840281e-01,2.103254482387429680e-01,2.106317082796912155e-01,6.934512430739779854e-01,-7.836440149296852731e-01,-3.852296655509318546e-02,8.938995849273860539e-02,0.000000000000000000e+00,0.000000000000000000e+00,-2.535913665093719044e-02,2.551642099805314645e-01,-4.537307450776373874e-01,1.226704728870286809e+00,0.000000000000000000e+00,0.000000000000000000e+00,0.000000000000000000e+00,-1.220670560354394779e-01,-2.182728344197036319e-01,6.340456864393860803e-01,1.237424643181209261e+00,0.000000000000000000e+00,0.000000000000000000e+00,0.000000000000000000e+00
4.676662104383503410e-02,8.459883205276045315e-01,8.721978482937993160e-01,-2.509253938253621155e-02,8.828114697706482619e-03,6.918476963422176551e-01,7.215533202225509202e-01,-6.211124766259817909e-01,2.312548070290808624e-02,-1.478366417242389652e-02,3.662632718198093329e-01,-1.905115801718119950e-01,-3.496218369717245256e-02,-2.336079125942643608e-01,2.115390093867354215e-01,2.165196974917269479e-01,6.972809445516207072e-01,-7.926760699273216471e-01,-3.969255553811872061e-02,8.726698058542603498e-02,0.000000000000000000e+00,0.000000000000000000e+00,-2.438381608299279579e-02,2.523019977265327229e-01,-4.490468871128421857e-01,1.230334046233945156e+00,0.000000000000000000e+00,0.000000000000000000e+00,0.000000000000000000e+00,-1.247576590116677708e-01,-2.169621577695093895e-01,6.358173540823839343e-01,1.241139932995318329e+00,0.000000000000000000e+00,0.000000000000000000e+00,0.000000000000000000e+00
4.526527386046279994e-02,8.529901701024672489e-01,8.708419199091231855e-01,-2.474802731958645682e-02,8.351806194914917353e-03,6.896262058047415433e-01,7.236943268704185694e-01,-6.172381884675781638e-01,1.691513136877755355e-02,-2.607088694954965910e-02,3.405679395178173863e-01,-1.705011459937569862e-01,-3.867067596103048593e-02,-2.258079240696541645e-01,2.134536067904090895e-01,2.246599988108747004e-01,7.057314230767721686e-01,-8.014481047683523762e-01,-4.130973610944320418e-02,8.879696746612028568e-02,0.000000000000000000e+00,0.000000000000000000e+00,-2.154576274255708482e-02,2.498591155936591979e-01,-4.456038474495588320e-01,1.228295116156594924e+00,0.000000000000000000e+00,0.000000000000000000e+00,0.000000000000000000e+00,-1.228927070060118060e-01,-2.175434365498836176e-01,6.418364164969069252e-01,1.237151818819106408e+00,0.000000000000000000e+00,0.000000000000000000e+00,0.000000000000000000e+00
4.390579766559923880e-02,8.599584025186765013e-01,8.695600051576792833e-01,-2.562934621348477576e-02,8.057957463080325095e-03,6.873239379241937730e-01,7.258539868944526852e-01,-6.155251927762422914e-01,1.840697654361769103e-02,-2.972760646545026531e-02,3.232555418922691826e-01,-1.551702927343710237e-01,-4.108032112282204718e-02,-2.174386437504254310e-01,2.148923786617625009e-01,2.297231058779873880e-01,7.080264118367178838e-01,-8.107212815858592103e-01,-4.326022921486169515e-02,9.137399502500846704e-02,0.000000000000000000e+00,0.000000000000000000e+00,-2.223878925488403241e-02,2.500469806910657344e-01,-4.418549224899430694e-01,1.233380009544512657e+00,0.000000000000000000e+00,0.000000000000000000e+00,0.000000000000000000e+00,-1.227862618093042563e-01,-2.167316040589617465e-01,6.434165779876024338e-01,1.235966713450837196e+00,0.000000000000000000e+00,0.000000000000000000e+00,0.000000000000000000e+00
4.257897773943745967e-02,8.668060273481132949e-01,8.678645845870469611e-01,-2.486248743247655366e-02,6.327512352892922763e-03,6.849432070318640653e-01,7.281446439046292962e-01,-6.124213150254292914e-01,1.746776231730669260e-02,-3.652607547630928181e-02,3.190709165654035395e-01,-1.460030771957655515e-01,-4.021040699558937198e-02,-2.079535518048730436e-01,2.174363730972881381e-01,2.356971528753990519e-01,7.174727466110393248e-01,-8.186530936863699592e-01,-4.434950693239429753e-02,9.134814376337156705e-02,0.000000000000000000e+00,0.000000000000000000e+00,-2.138089176885296649e-02,2.497662194159565863e-01,-4.435218761064146364e-01,1.233041140108972478e+00,0.000000000000000000e+00,0.000000000000000000e+00,0.000000000000000000e+00,-1.230450693144474472e-01,-2.154328977119652488e-01,6.447446800798746214e-01,1.237982692258837725e+00,0.000000000000000000e+00,0.000000000000000000e+00,0.000000000000000000e+00
4.143377291230210951e-02,8.739646557239509894e-01,8.662197109046909649e-01,-2.392126574259238747e-02,4.147134006620947951e-03,6.822871543442575737e-01,7.306810612994008025e-01,-6.080503076612474578e-01,1.414902182040500035e-02,-4.433712448552779017e-02,3.262976361580347540e-01,-1.312678831699064241e-01,-4.068785698065378181e-02,-1.983304230868653539e-01,2.216768453120769311e-01,2.436792934029730906e-01,7.285493397656799264e-01,-8.220696800915108238e-01,-4.212364237913387988e-02,9.636086813541647200e-02,0.000000000000000000e+00,0.000000000000000000e+00,-1.916091116979533326e-02,2.496242465918264708e-01,-4.416992254500765047e-01,1.234131081743381042e+00,0.000000000000000000e+00,0.000000000000000000e+00,0.000000000000000000e+00,-1.207218365938401011e-01,-2.135782111846217801e-01,6.477219337373751884e-01,1.237327079576549860e+00,0.000000000000000000e+00,0.000000000000000000e+00,0.000000000000000000e+00
4.030765428813964935e-02,8.813142422170071599e-01,8.657753437464147384e-01,-2.288386858833180854e-02,2.147955761094164258e-03,6.784451654676607602e-01,7.342914082964875355e-01,-6.006619807261334154e-01,1.306965813259037060e-02,-4.826007504617141342e-02,3.314635415509936123e-01,-1.301792153011287478e-01,-3.611282660593671118e-02,-1.847012076922159851e-01,2.239549819357835592e-01,2.533187611552652485e-01,7.297037452397309165e-01,-8.157513479421206748e-01,-4.058924799082860857e-02,9.572521912822121171e-02,0.000000000000000000e+00,0.000000000000000000e+00,-1.780712332785314850e-02,2.475578226455415476e-01,-4.405919732531928257e-01,1.238754498836185380e+00,0.000000000000000000e+00,0.000000000000000000e+00,0.000000000000000000e+00,-1.202891662783414917e-01,-2.139632938769858439e-01,6.503843441617682686e-01,1.240587533178465263e+00,0.000000000000000000e+00,0.000000000000000000e+00,0.000000000000000000e+00
3.941027092263790776e-02,8.891901561285753264e-01,8.652356580378132156e-01,-2.243450746540821827e-02,7.950190452507971406e-04,6.752693428501786999e-01,7.372295269630690928e-01,-5.944442948467484333e-01,1.255208880808284487e-02,-5.165191061489370072e-02,3.429688883870851135e-01,-1.260634971163630269e-01,-3.372614287617572981e-02,-1.728689893038883874e-01,2.242118402594760196e-01,2.587839211482519941e-01,7.306958074987219831e-01,-8.085616947767486629e-01,-3.319827610311060911e-02,9.583067665722182216e-02,0.000000000000000000e+00,0.000000000000000000e+00,-1.744179361969448727e-02,2.484647151192853620e-01,-4.416609687104672832e-01,1.237873870787405517e+00,0.000000000000000000e+00,0.000000000000000000e+00,0.000000000000000000e+00,-1.182837575032634619e-01,-2.139286623251346331e-01,6.496236864135713773e-01,1.241329952224199173e+00,0.000000000000000000e+00,0.000000000000000000e+00,0.000000000000000000e+00
3.873801187726900325e-02,8.977577181048564947e-01,8.645077083083522185e-01,-2.256678130440454080e-02,-8.323847054141020546e-04,6.730062999897935549e-01,7.392919367146578713e-01,-5.867886114148257448e-01,1.243539345106065876e-02,-5.522120471308337997e-02,3.536216037918278321e-01,-1.167923983946520250e-01,-2.981055149339285198e-02,-1.587290102114368162e-01,2.258380490720806599e-01,2.643689980116434857e-01,7.285117525716120479e-01,-8.031906138123374728e-01,-2.468647607132146149e-02,9.698239980165188068e-02,0.000000000000000000e+00,0.000000000000000000e+00,-1.719723749892711206e-02,2.491141388615298047e-01,-4.402618419387381854e-01,1.240142369004092471e+00,0.000000000000000000e+00,0.000000000000000000e+00,0.000000000000000000e+00,-1.170066819676957443e-01,-2.118747103913450058e-01,6.436353407488388800e-01,1.244237965679192870e+00,0.000000000000000000e+00,0.000000000000000000e+00,0.000000000000000000e+00
3.806290467721912263e-02,9.068734044869338762e-01,8.639661084229460775e-01,-2.216517175886132188e-02,-1.491983148166559645e-03,6.711296584578039237e-01,7.410070584586208042e-01,-5.784455672896393619e-01,7.974386243511676076e-03,-6.003407627150869619e-02,3.645061742364980040e-01,-1.154428318978485690e-01,-2.541024630182449687e-02,-1.466636875056694378e-01,2.255130103234291861e-01,2.702875919691102857e-01,7.288910718647222398e-01,-7.913738667591463383e-01,-1.401398035371140098e-02,9.658375771092432560e-02,0.000000000000000000e+00,0.000000000000000000e+00,-1.577217251860169381e-02,2.480246025293964540e-01,-4.424036472575284540e-01,1.244004734070720319e+00,0.000000000000000000e+00,0.000000000000000000e+00,0.000000000000000000e+00,-1.145614746519065252e-01,-2.115749536523745533e-01,6.420485336166259493e-01,1.247552023673752730e+00,0.000000000000000000e+00,0.000000000000000000e+00,0.000000000000000000e+00
3.738381375211768248e-02,9.166067744325719913e-01,8.639256468357832119e-01,-2.177650942163719683e-02,-8.268141324006823660e-04,6.682313150553711445e-01,7.436343251862235215e-01,-5.716800607213096130e-01,5.021442193699793277e-03,-6.093010390205018389e-02,3.781932238431713333e-01,-1.220711413594425809e-01,-1.554351279632921155e-02,-1.343194801389739901e-01,2.205885404621918122e-01,2.753423942284820569e-01,7.238637765262435630e-01,-7.786743460092172553e-01,-3.724420301772078667e-03,9.569465885037999053e-02,0.000000000000000000e+00,0.000000000000000000e+00,-1.743016138768047757e-02,2.457855073878055518e-01,-4.398356581619186634e-01,1.244963475397245611e+00,0.000000000000000000e+00,0.000000000000000000e+00,0.000000000000000000e+00,-1.133461167891321869e-01,-2.122293737567680916e-01,6.381329777114991275e-01,1.246247327124454518e+00,0.000000000000000000e+00,0.000000000000000000e+00,0.000000000000000000e+00
3.674732270883154794e-02,9.267520506553745818e-01,8.643527468266180014e-01,-1.973707994740609220e-02,6.039305070093861074e-04,6.683066280178371343e-01,7.436237851834232027e-01,-5.622297427562876759e-01,-3.260274313082222979e-03,-5.823852096911234788e-02,3.889376569694647512e-01,-1.345200225380023817e-01,-4.165270482343961210e-03,-1.228310731673902811e-01,2.099277808134619727e-01,2.746372340770804055e-01,7.170709571527682513e-01,-7.563777169460916827e-01,9.596916048891099976e-03,9.216842272470761321e-02,0.000000000000000000e+00,0.000000000000000000e+00,-1.854350135108654568e-02,2.429302468074641119e-01,-4.425749198051562305e-01,1.245502010766877943e+00,0.000000000000000000e+00,0.000000000000000000e+00,0.000000000000000000e+00,-1.119203041104869512e-01,-2.150218004840940833e-01,6.388353918909054352e-01,1.248062686560073464e+00,0.000000000000000000e+00,0.000000000000000000e+00,0.000000000000000000e+00
3.578862995703868677e-02,9.373037423834450488e-01,8.643287807480866114e-01,-1.882997427676963084e-02,2.701144428429272468e-03,6.681813958830145062e-01,7.437551734834118022e-01,-5.611277600134845223e-01,-1.321969125274017297e-02,-5.763437723589925205e-02,4.120679010748345972e-01,-1.620707156370499724e-01,1.671540039070195174e-02,-1.158029721850292182e-01,2.009584573767018156e-01,2.780789434705858154e-01,7.087675545471123773e-01,-7.304597403745227702e-01,2.960532646138020960e-02,8.960793570758637805e-02,0.000000000000000000e+00,0.000000000000000000e+00,-2.061131041874532388e-02,2.381785108460587885e-01,-4.421719494499661840e-01,1.239972034845355120e+00,0.000000000000000000e+00,0.000000000000000000e+00,0.000000000000000000e+00,-1.097095810885324596e-01,-2.208899554981693658e-01,6.299722899270997489e-01,1.246072886048251949e+00,0.000000000000000000e+00,0.000000000000000000e+00,0.000000000000000000e+00
3.483615690806879384e-02,9.482559696264969418e-01,8.653824609160306602e-01,-1.695387504655932603e-02,5.013734019534157871e-03,6.682442549137412868e-01,7.437318363273596189e-01,-5.574374055764399483e-01,-2.460414156316479209e-02,-5.589683430056537061e-02,4.334618768558675672e-01,-1.860054065194636508e-01,3.331535162100145858e-02,-1.056464159937564457e-01,1.879990145012249425e-01,2.791202684255299493e-01,6.931674967493760553e-01,-6.857479623906267419e-01,4.858948116415828106e-02,8.280174397870515568e-02,0.000000000000000000e+00,0.000000000000000000e+00,-2.004161243982550966e-02,2.337288104101968300e-01,-4.434772375168423708e-01,1.240663553318047674e+00,0.000000000000000000e+00,0.000000000000000000e+00,0.000000000000000000e+00,-1.081679774830890950e-01,-2.244521004896869454e-01,6.257644109812499078e-01,1.248533064786816915e+00,0.000000000000000000e+00,0.000000000000000000e+00,0.000000000000000000e+00
3.371742702680861903e-02,9.594170995230889565e-01,8.667334068205669872e-01,-1.555435789456405433e-02,7.459864962588410101e-03,6.686539608341919294e-01,7.433735891366977100e-01,-5.529997197684997090e-01,-3.610655025846087884e-02,-5.507757877427661708e-02,4.514244605646577924e-01,-2.067868325285619202e-01,4.767793751978134653e-02,-9.224269601197909729e-02,1.742994059284781738e-01,2.783297734160283254e-01,6.762706331365279100e-01,-6.338673076648606575e-01,7.163971555891540666e-02,7.826334232588016970e-02,0.000000000000000000e+00,0.000000000000000000e+00,-2.300535816348430254e-02,2.289020758889101503e-01,-4.453278784597637374e-01,1.234871160410003110e+00,0.000000000000000000e+00,0.000000000000000000e+00,0.000000000000000000e+00,-1.072820977371456569e-01,-2.297918824500975177e-01,6.245110745848391209e-01,1.248737569197985620e+00,0.000000000000000000e+00,0.000000000000000000e+00,0.000000000000000000e+00
3.266629262517509874e-02,9.706934526254090700e-01,8.675642146914662733e-01,-1.312992253043803251e-02,1.096881073226104591e-02,6.705890098156689350e-01,7.416317618871960393e-01,-5.487328331133169979e-01,-5.209832516459805135e-02,-5.309548608196573705e-02,4.680830767437157425e-01,-2.260707887831712171e-01,6.205854450883936668e-02,-8.023685017846964029e-02,1.591683657449532441e-01,2.767420077749718765e-01,6.660973464130932609e-01,-5.806096660850326163e-01,9.286955146022908558e-02,7.177422493637702905e-02,0.000000000000000000e+00,0.000000000000000000e+00,-2.457844672124934529e-02,2.238678112039947377e-01,-4.492653696102221206e-01,1.231311477241599395e+00,0.000000000000000000e+00,0.000000000000000000e+00,0.000000000000000000e+00,-1.053943046355829694e-01,-2.358137505528846989e-01,6.214540297250135126e-01,1.247913533193484525e+00,0.000000000000000000e+00,0.000000000000000000e+00,0.000000000000000000e+00
3.137921549392009429e-02,9.818694303782996569e-01,8.690085192705654382e-01,-1.087770195484919974e-02,1.409246791831613756e-02,6.722303525665059842e-01,7.401279828762492574e-01,-5.394375460419390533e-01,-6.688885930849242101e-02,-5.139463241203885702e-02,4.757505610080847713e-01,-2.417595870977773675e-01,7.582106910993141602e-02,-6.520775597998609840e-02,1.443508187681269983e-01,2.783691435061406705e-01,6.468239743124007957e-01,-5.123088118316736495e-01,1.207071120656953156e-01,6.721076036571867196e-02,0.000000000000000000e+00,0.000000000000000000e+00,-2.901578647227632743e-02,2.178172361715499106e-01,-4.520475345597665395e-01,1.227510757804169295e+00,0.000000000000000000e+00,0.000000000000000000e+00,0.000000000000000000e+00,-1.055855850905033227e-01,-2.452387933987028867e-01,6.187622414393910697e-01,1.247797464803000578e+00,0.000000000000000000e+00,0.000000000000000000e+00,0.000000000000000000e+00
3.025015572888149762e-02,9.930353869612977835e-01,8.699500183614535809e-01,-9.674049956648849216e-03,1.910334498146547960e-02,6.755970941048757838e-01,7.369599998677026642e-01,-5.348259011946550068e-01,-8.343553128723499301e-02,-4.895829219878722327e-02,4.820230022306431494e-01,-2.562306093222825321e-01,8.452628194804305550e-02,-5.549572368576404652e-02,1.253134411560732353e-01,2.694342504040555530e-01,6.274162042570975428e-01,-4.409927356065851400e-01,1.492952072024067156e-01,5.817039849035607335e-02,0.000000000000000000e+00,0.000000000000000000e+00,-3.392777549685080385e-02,2.098232767889458283e-01,-4.534518874547278644e-01,1.223003335954843562e+00,0.000000000000000000e+00,0.000000000000000000e+00,0.000000000000000000e+00,-1.055453159093932419e-01,-2.512446444013682889e-01,6.159391453221469970e-01,1.250516512445758011e+00,0.000000000000000000e+00,0.000000000000000000e+00,0.000000000000000000e+00
2.917666573248160061e-02,1.003685637996407198e+00,8.703493645280989677e-01,-6.318685448116850151e-03,2.378895892958979297e-02,6.782369531570114907e-01,7.344309327769011908e-01,-5.276424045343752756e-01,-1.017930731867522920e-01,-4.465875890646311963e-02,4.894424647082898372e-01,-2.716079477233757644e-01,9.379310376905455882e-02,-4.550771792680416428e-02,1.064597024567377481e-01,2.663519406098399100e-01,6.142899963795805940e-01,-3.608017204789551458e-01,1.802858993477603200e-01,5.164903603967650747e-02,0.000000000000000000e+00,0.000000000000000000e+00,-3.936076941128904827e-02,2.025953373366566890e-01,-4.564262928582761836e-01,1.213379934802807592e+00,0.000000000000000000e+00,0.000000000000000000e+00,0.000000000000000000e+00,-1.081599725068699835e-01,-2.593670770810429516e-01,6.161362792044350334e-01,1.250399216158131654e+00,0.000000000000000000e+00,0.000000000000000000e+00,0.000000000000000000e+00
2.813793582092603482e-02,1.014000131517041714e+00,8.705927871937394480e-01,-4.167954064096902889e-03,2.944127790350624385e-02,6.804689129425381955e-01,7.321734069420505753e-01,-5.241398133191219610e-01,-1.204712313942577079e-01,-4.221664439889674658e-02,4.972098952678130068e-01,-2.867449727591809272e-01,1.091986250249242923e-01,-4.066396301356993426e-02,8.858016385050629382e-02,2.652580693317138083e-01,6.005185723940308362e-01,-2.695257088136155943e-01,2.145601942665142925e-01,4.447849210556119315e-02,0.000000000000000000e+00,0.000000000000000000e+00,-4.655656567165852855e-02,1.937339161444959768e-01,-4.591881172417486279e-01,1.209309627114892871e+00,0.000000000000000000e+00,0.000000000000000000e+00,0.000000000000000000e+00,-1.094317782695557739e-01,-2.720037750948833266e-01,6.176478576935657827e-01,1.248876977053370751e+00,0.000000000000000000e+00,0.000000000000000000e+00,0.000000000000000000e+00
2.749690571371558867e-02,1.023424995496762024e+00,8.702537390058957545e-01,5.544328395395172176e-04,3.172808077583411795e-02,6.820944955426725409e-01,7.305751984873951610e-01,-5.162903166533429067e-01,-1.372588131306600734e-01,-4.089909183500355094e-02,5.119548128623420125e-01,-3.034891109821170607e-01,1.186418269767625100e-01,-4.570087570108028602e-02,6.723650831404560935e-02,2.475143243757575995e-01,6.046631542176268415e-01,-1.891378231842498758e-01,2.332287244513343016e-01,4.001985725043251396e-02,0.000000000000000000e+00,0.000000000000000000e+00,-5.417045316835628760e-02,1.868811192557938705e-01,-4.589659848161822264e-01,1.207221449479084496e+00,0.000000000000000000e+00,0.000000000000000000e+00,0.000000000000000000e+00,-1.134790764459799872e-01,-2.724447197985991331e-01,6.220104031813803447e-01,1.254519211007946167e+00,0.000000000000000000e+00,0.000000000000000000e+00,0.000000000000000000e+00
2.683829636630244431e-02,1.032474989239458685e+00,8.711591404987918397e-01,2.968741200924206528e-03,3.198163503654451872e-02,6.840716163423444796e-01,7.287073385872030462e-01,-5.034824033823335210e-01,-1.475656932301837587e-01,-4.332750772255917343e-02,5.176758283840761088e-01,-3.183340011505606526e-01,1.260804936414789412e-01,-6.556397621633577866e-02,5.499400494268417983e-02,2.280617812208581008e-01,6.318561124948826047e-01,-1.732671549664351052e-01,2.397380879948919352e-01,3.281243261767066016e-02,0.000000000000000000e+00,0.000000000000000000e+00,-5.827705255135789963e-02,1.879945647917885820e-01,-4.607393691336416630e-01,1.201401864069884251e+00,0.000000000000000000e+00,0.000000000000000000e+00,0.000000000000000000e+00,-1.161347502117218156e-01,-2.763614484947534145e-01,6.230557140695982543e-01,1.249531646360029002e+00,0.000000000000000000e+00,0.000000000000000000e+00,0.000000000000000000e+00
2.612158592030531037e-02,1.040740610524196974e+00,8.722770470907988960e-01,5.767900457803208820e-03,3.346205828203527299e-02,6.868672443779156866e-01,7.259892634058222605e-01,-4.867685847159169965e-01,-1.610471188803183906e-01,-4.749155042925747028e-02,5.095418216895167829e-01,-3.247912440450119176e-01,1.335417542155718229e-01,-9.505160075435788170e-02,4.048017546179240311e-02,2.064410024737947658e-01,6.762237940386969237e-01,-1.731821666301877338e-01,2.426094070113358203e-01,2.244076808040221943e-02,0.000000000000000000e+00,0.000000000000000000e+00,-6.352555065189031958e-02,1.864674047816874958e-01,-4.654222984435739119e-01,1.193423361123780779e+00,0.000000000000000000e+00,0.000000000000000000e+00,0.000000000000000000e+00,-1.163678995151751078e-01,-2.850122347399675071e-01,6.235472828606339890e-01,1.241684588013166834e+00,0.000000000000000000e+00,0.000000000000000000e+00,0.000000000000000000e+00
2.546283446614089341e-02,1.048382674282408056e+00,8.733152617685399077e-01,7.904071806814575579e-03,3.361069098727162419e-02,6.891011806738831513e-01,7.238421166898845183e-01,-4.715817294016932948e-01,-1.698042264951827307e-01,-5.096731243504008801e-02,5.059869799098445364e-01,-3.340240558214083166e-01,1.360069885672713363e-01,-1.178158997000445518e-01,2.645280347829482431e-02,1.849799754941688357e-01,7.100392465618204918e-01,-1.814078081844836543e-01,2.404542954999221716e-01,1.466651844599363083e-02,0.000000000000000000e+00,0.000000000000000000e+00,-6.874340449456906033e-02,1.873938647377425826e-01,-4.642066810300074509e-01,1.188018305354270554e+00,0.000000000000000000e+00,0.000000000000000000e+00,0.000000000000000000e+00,-1.190594793237453042e-01,-2.906966444066098054e-01,6.221722711046739906e-01,1.235251003135221737e+00,0.000000000000000000e+00,0.000000000000000000e+00,0.000000000000000000e+00
2.484774312747834238e-02,1.055361404503052825e+00,8.739747553426848725e-01,9.547543748252344115e-03,3.296763149230930168e-02,6.906933973555384743e-01,7.223327560976502415e-01,-4.601606457455106880e-01,-1.769083737046449334e-01,-5.568201278706805951e-02,5.093838187762986802e-01,-3.442069857530313803e-01,1.430335365325012265e-01,-1.394306703316400831e-01,1.567814340062689826e-02,1.643697230972764878e-01,7.346004499198046656e-01,-1.839916961402526252e-01,2.354323356672373135e-01,1.072914351151632931e-02,0.000000000000000000e+00,0.000000000000000000e+00,-7.426816079924869474e-02,1.866084276999442626e-01,-4.685658598177342982e-01,1.189389897345246139e+00,0.000000000000000000e+00,0.000000000000000000e+00,0.000000000000000000e+00,-1.199523052216457109e-01,-2.919765620417631435e-01,6.220851869953283320e-01,1.231805978872541507e+00,0.000000000000000000e+00,0.000000000000000000e+00,0.000000000000000000e+00
2.415965505199127797e-02,1.061508960171358762e+00,8.746662222921320895e-01,1.212265941664414023e-02,2.968840265410599769e-02,6.933951401253130031e-01,7.198436076864990207e-01,-4.433850716180461893e-01,-1.813495505760266968e-01,-5.955662843197105649e-02,5.122891249980614514e-01,-3.567313023939677197e-01,1.468820382765757271e-01,-1.749901072990364403e-01,4.935726839584705233e-03,1.442105505372607843e-01,7.868732183086033505e-01,-1.957562598441400237e-01,2.276468106830736304e-01,-6.452370504195920065e-05,0.000000000000000000e+00,0.000000000000000000e+00,-7.862512530917906139e-02,1.906155071404335155e-01,-4.714525091685315417e-01,1.180954338024978956e+00,0.000000000000000000e+00,0.000000000000000000e+00,0.000000000000000000e+00,-1.239659416691012150e-01,-2.956209135727160264e-01,6.202293294663075995e-01,1.222128966631169655e+00,0.000000000000000000e+00,0.000000000000000000e+00,0.000000000000000000e+00
2.353032243947825522e-02,1.067446332788271945e+00,8.754297970520482641e-01,1.391052199457698535e-02,2.792019468883508160e-02,6.936950167288032931e-01,7.195930682489949382e-01,-4.303601224662896851e-01,-1.853342812099711134e-01,-6.340949723117725312e-02,5.150616704703183668e-01,-3.674245229915323319e-01,1.523338436806164209e-01,-2.045348077359357142e-01,-5.763731536418117626e-03,1.285259643944288155e-01,8.133968939977719304e-01,-2.120546781818100357e-01,2.182455239762349231e-01,-6.015898587766937977e-03,0.000000000000000000e+00,0.000000000000000000e+00,-8.482734415221997171e-02,1.922728175348180635e-01,-4.707705310017956113e-01,1.183187869474870313e+00,0.000000000000000000e+00,0.000000000000000000e+00,0.000000000000000000e+00,-1.273409524439421403e-01,-2.982364429124058636e-01,6.218566484935652561e-01,1.219661704909062339e+00,0.000000000000000000e+00,0.000000000000000000e+00,0.000000000000000000e+00
2.297298698047153462e-02,1.073113000265591310e+00,8.762252768891962695e-01,1.514426029807742526e-02,2.646649530103045017e-02,6.953541362246128399e-01,7.180200562949675680e-01,-4.171650358298054639e-01,-1.884222578685185168e-01,-6.706765720821000754e-02,5.130313296136160828e-01,-3.738350042979948773e-01,1.508244018290337551e-01,-2.280538846989122737e-01,-1.600269730001118926e-02,1.137137196489956953e-01,8.296070365848854378e-01,-2.349652197661224740e-01,2.070221535969430371e-01,-1.055067078555611479e-02,0.000000000000000000e+00,0.000000000000000000e+00,-8.655751483291830584e-02,1.950935406808486650e-01,-4.714713467889492526e-01,1.178146220648414344e+00,0.000000000000000000e+00,0.000000000000000000e+00,0.000000000000000000e+00,-1.283867636665702028e-01,-3.039774569873536780e-01,6.231481114514413333e-01,1.208193161233804602e+00,0.000000000000000000e+00,0.000000000000000000e+00,0.000000000000000000e+00
2.256545519519476475e-02,1.078602453816866591e+00,8.769048866925587271e-01,1.617326835351423978e-02,2.461470573868842354e-02,6.965682900389367216e-01,7.168857363376648362e-01,-4.055391763682873463e-01,-1.904795090091015164e-01,-7.102304317854396531e-02,5.148833054137547105e-01,-3.820896199898841661e-01,1.517387933712076586e-01,-2.534240955680559515e-01,-2.057848151354436592e-02,1.025884613325321743e-01,8.418070566254843845e-01,-2.540579656090788396e-01,1.983484370045877632e-01,-1.532448128836426046e-02,0.000000000000000000e+00,0.000000000000000000e+00,-8.978130571259723691e-02,1.965847089949323279e-01,-4.721922821980405471e-01,1.179814428703602536e+00,0.000000000000000000e+00,0.000000000000000000e+00,0.000000000000000000e+00,-1.295073398951685495e-01,-3.054901853922667998e-01,6.224287739920060236e-01,1.204852191463513744e+00,0.000000000000000000e+00,0.000000000000000000e+00,0.000000000000000000e+00
2.227708008448141264e-02,1.083975917933300170e+00,8.775211022837074992e-01,1.783550812361260271e-02,2.138989914092535166e-02,6.966172319302305072e-01,7.169022241858217237e-01,-3.920996538148079913e-01,-1.901305491815999116e-01,-7.337241256778571918e-02,5.199156533013713499e-01,-3.937165143071096884e-01,1.534558051641946586e-01,-2.835963038312499518e-01,-2.621113203235005476e-02,9.464819278981127793e-02,8.513080894351645611e-01,-2.792836065644746513e-01,1.854920967382458763e-01,-2.157323219153264166e-02,0.000000000000000000e+00,0.000000000000000000e+00,-9.158261202993039918e-02,1.995676746833342230e-01,-4.689880990988205545e-01,1.179992574332342281e+00,0.000000000000000000e+00,0.000000000000000000e+00,0.000000000000000000e+00,-1.332459955888298797e-01,-3.056706396925952252e-01,6.254765290271666611e-01,1.196719635706231966e+00,0.000000000000000000e+00,0.000000000000000000e+00,0.000000000000000000e+00
2.213433165811841408e-02,1.089721506961496722e+00,8.782783077610154532e-01,1.771066459097321230e-02,1.972094894017370828e-02,6.980219898894454156e-01,7.155855771069074001e-01,-3.828301072936240446e-01,-1.912340550709007159e-01,-8.011470149995772450e-02,5.234788087287697289e-01,-4.030232746798588783e-01,1.537803341145211333e-01,-3.044645808497783435e-01,-2.755864750404531105e-02,8.558702260515108073e-02,8.428621275173734384e-01,-3.001582257107636154e-01,1.763705688979886055e-01,-2.474562184345486734e-02,0.000000000000000000e+00,0.000000000000000000e+00,-9.410598401461002516e-02,2.019084071942356673e-01,-4.719263515391688979e-01,1.184573529482279897e+00,0.000000000000000000e+00,0.000000000000000000e+00,0.000000000000000000e+00,-1.323518414068171611e-01,-3.061116857923681378e-01,6.242155685288796052e-01,1.193069089695737883e+00,0.000000000000000000e+00,0.000000000000000000e+00,0.000000000000000000e+00
2.210596192404708227e-02,1.095721711904540152e+00,8.789843403038186676e-01,1.741344088171441554e-02,1.757605849451431695e-02,6.982557729527982815e-01,7.154206663093739538e-01,-3.733647592396468484e-01,-1.887954259573791371e-01,-8.233195458463989092e-02,5.289800444299360693e-01,-4.150399757352508656e-01,1.544660592536588328e-01,-3.238698861561688513e-01,-2.850141182288550706e-02,8.120988595909611751e-02,8.305805460449542377e-01,-3.261140956420268133e-01,1.666754156164066691e-01,-2.789136929817672556e-02,0.000000000000000000e+00,0.000000000000000000e+00,-9.531165077416556275e-02,2.044609437729386636e-01,-4.726195566263947101e-01,1.189251793439329630e+00,0.000000000000000000e+00,0.000000000000000000e+00,0.000000000000000000e+00,-1.321914990157601055e-01,-3.054428765701839854e-01,6.258562296247635048e-01,1.189511190302108057e+00,0.000000000000000000e+00,0.000000000000000000e+00,0.000000000000000000e+00
2.227040395321532723e-02,1.102035670968215975e+00,8.799530751146394936e-01,1.712168742171705366e-02,1.644242107081493945e-02,6.990435779711938746e-01,7.146849450676812099e-01,-3.619406926741291497e-01,-1.880795013894673851e-01,-8.646239428680416172e-02,5.277143452532762069e-01,-4.233875700177215928e-01,1.534647401893372287e-01,-3.332501878444005250e-01,-3.202040840535987781e-02,7.469916229237782979e-02,8.025938865466856198e-01,-3.464516436811329037e-01,1.594276378506342129e-01,-2.698521734554069906e-02,0.000000000000000000e+00,0.000000000000000000e+00,-9.622160213912198112e-02,2.056797859620380642e-01,-4.704682487078888364e-01,1.194133944791412993e+00,0.000000000000000000e+00,0.000000000000000000e+00,0.000000000000000000e+00,-1.306034547188104911e-01,-3.048592514093131922e-01,6.214448379149840607e-01,1.188933737240423616e+00,0.000000000000000000e+00,0.000000000000000000e+00,0.000000000000000000e+00
2.261332141423846170e-02,1.108521705834806692e+00,8.805796642233642002e-01,1.747908987538520503e-02,1.534522852317871632e-02,6.998018600528973510e-01,7.139582355048540441e-01,-3.502427412125111994e-01,-1.876908662914930637e-01,-8.890003311696628718e-02,5.285047433606767653e-01,-4.350004380903993439e-01,1.508988946984315405e-01,-3.458868375855587152e-01,-3.450893774260572339e-02,6.749708946290064460e-02,7.810936408694195698e-01,-3.591027046804458056e-01,1.556255289807456921e-01,-2.956146016290389297e-02,0.000000000000000000e+00,0.000000000000000000e+00,-9.581200500407316412e-02,2.097071676579962685e-01,-4.758272478701884300e-01,1.193926166158463475e+00,0.000000000000000000e+00,0.000000000000000000e+00,0.000000000000000000e+00,-1.303133786864458521e-01,-3.060011532436194837e-01,6.238596810473658882e-01,1.186300541482469217e+00,0.000000000000000000e+00,0.000000000000000000e+00,0.000000000000000000e+00
2.313957954675561687e-02,1.115488357778098294e+00,8.812456163897762762e-01,1.549160821345998799e-02,1.601611542756708681e-02,7.005180381645865761e-01,7.132867392063377832e-01,-3.444543558752012347e-01,-1.862229263146276959e-01,-9.251896198780827640e-02,5.299538163829587978e-01,-4.479580765693357280e-01,1.465892834130651246e-01,-3.502991244837517781e-01,-3.266851850506290178e-02,6.525843546979756549e-02,7.429395422136829685e-01,-3.755815823296763667e-01,1.495646728342329423e-01,-2.855405865936841772e-02,0.000000000000000000e+00,0.000000000000000000e+00,-9.483703013283120709e-02,2.131677201422433887e-01,-4.784933479945518431e-01,1.195536828121366968e+00,0.000000000000000000e+00,0.000000000000000000e+00,0.000000000000000000e+00,-1.287537128672907316e-01,-3.054603683317157481e-01,6.223196645629397450e-01,1.183404321629244471e+00,0.000000000000000000e+00,0.000000000000000000e+00,0.000000000000000000e+00
2.374495209584727429e-02,1.122236762632314644e+00,8.816179303396902700e-01,1.513183928704161033e-02,1.443741109812617628e-02,7.011789689485381505e-01,7.126784984162490844e-01,-3.359765229602768022e-01,-1.846917134544179828e-01,-9.687490047628681544e-02,5.374970207416560619e-01,-4.612548143828341662e-01,1.460921783042223587e-01,-3.502684216130925732e-01,-2.932999681910482964e-02,6.545204254667612298e-02,7.103920836020732876e-01,-3.775082038917398353e-01,1.457286633192203251e-01,-2.857287068495122789e-02,0.000000000000000000e+00,0.000000000000000000e+00,-9.078710169331917490e-02,2.170685577893745055e-01,-4.829406971036644958e-01,1.196083193335813144e+00,0.000000000000000000e+00,0.000000000000000000e+00,0.000000000000000000e+00,-1.260303384146677086e-01,-3.049528849803576080e-01,6.221037862319180878e-01,1.181250105024768571e+00,0.000000000000000000e+00,0.000000000000000000e+00,0.000000000000000000e+00
2.440187792888458274e-02,1.128929771829219275e+00,8.823114691335034454e-01,1.354801351155372757e-02,1.376044232887643944e-02,7.014327808026112887e-01,7.124739683471389418e-01,-3.276248301487255099e-01,-1.803623032339949361e-01,-9.836943979265728999e-02,5.388269819545282724e-01,-4.739877483407188286e-01,1.441619041400659662e-01,-3.470126387401153978e-01,-2.469144351631261114e-02,6.706735640197447612e-02,6.712082026985033423e-01,-3.803592695070546759e-01,1.405675200079919973e-01,-2.665859658705586194e-02,0.000000000000000000e+00,0.000000000000000000e+00,-8.775449699068231524e-02,2.205386711395902755e-01,-4.841781111371019630e-01,1.197578227614985336e+00,0.000000000000000000e+00,0.000000000000000000e+00,0.000000000000000000e+00,-1.254589797108639770e-01,-3.022124696634059804e-01,6.235460301666789773e-01,1.186033865128132581e+00,0.000000000000000000e+00,0.000000000000000000e+00,0.000000000000000000e+00
2.513750032718772842e-02,1.135354035806650286e+00,8.825757399408826753e-01,1.200979602177832360e-02,1.392703698793620881e-02,7.022349360446860089e-01,7.117077328781581391e-01,-3.224486894917525381e-01,-1.791923365348117858e-01,-1.028237480779373852e-01,5.432190540576821158e-01,-4.881622111816485976e-01,1.426094008356930676e-01,-3.419182412289762940e-01,-2.004133358141822752e-02,6.964093080374968159e-02,6.363073406173677116e-01,-3.792129920300479906e-01,1.366969298010491662e-01,-2.512059035305926752e-02,0.000000000000000000e+00,0.000000000000000000e+00,-8.446570868901669138e-02,2.238957440587488190e-01,-4.879555955106018583e-01,1.199972378044177113e+00,0.000000000000000000e+00,0.000000000000000000e+00,0.000000000000000000e+00,-1.230057656725791343e-01,-3.031140116634069570e-01,6.230109177008347210e-01,1.180914099271964002e+00,0.000000000000000000e+00,0.000000000000000000e+00,0.000000000000000000e+00
2.588907278472443729e-02,1.141227865248647166e+00,8.825200844088846308e-01,1.178991550997056381e-02,1.323106871667992582e-02,7.024176098303869242e-01,7.115444034725086908e-01,-3.169550990736381690e-01,-1.776390404969992176e-01,-1.037959895321077242e-01,5.510388835009346620e-01,-4.993039468631326194e-01,1.422183964274464085e-01,-3.379236146548194042e-01,-1.514273175227631718e-02,7.010824863036646537e-02,6.162858755163550528e-01,-3.749877074999568571e-01,1.350297442685352289e-01,-2.281509073165947921e-02,0.000000000000000000e+00,0.000000000000000000e+00,-8.009314329868894022e-02,2.254279215567447370e-01,-4.897888836673033874e-01,1.203603702648641027e+00,0.000000000000000000e+00,0.000000000000000000e+00,0.000000000000000000e+00,-1.209839656300796540e-01,-3.021725613691709778e-01,6.205525011444904537e-01,1.181205684036852110e+00,0.000000000000000000e+00,0.000000000000000000e+00,0.000000000000000000e+00
2.651296757456074460e-02,1.146658980839896813e+00,8.829905231744412664e-01,1.147834126856675518e-02,1.282743680008467148e-02,7.015454242400273044e-01,7.124168177933069002e-01,-3.080786298741959306e-01,-1.747389138827738497e-01,-1.032004465982960251e-01,5.499806260908478572e-01,-5.076672668249332387e-01,1.402924702438674565e-01,-3.288622405349694300e-01,-1.140007408056967556e-02,7.189771733346971005e-02,5.908713873104558534e-01,-3.745984061307502944e-01,1.306107041711644656e-01,-2.047857828697064939e-02,0.000000000000000000e+00,0.000000000000000000e+00,-7.494695033331442990e-02,2.268250159386256126e-01,-4.884301653794363429e-01,1.207462925444429347e+00,0.000000000000000000e+00,0.000000000000000000e+00,0.000000000000000000e+00,-1.212509469608145790e-01,-3.005565081748524658e-01,6.192276542864212363e-01,1.184393809579053380e+00,0.000000000000000000e+00,0.000000000000000000e+00,0.000000000000000000e+00
2.713411969457361905e-02,1.151479951533060930e+00,8.830355335031936370e-01,1.074823278796027855e-02,1.193907898048744351e-02,7.010139971311667439e-01,7.129665558153601701e-01,-3.035915292568406310e-01,-1.712610397766967385e-01,-1.028749933488414814e-01,5.562735776722231851e-01,-5.181758590667211450e-01,1.398981443022769555e-01,-3.229520638570527735e-01,-7.188811287107394095e-03,7.313310402321601678e-02,5.742164403253228189e-01,-3.753736435479769207e-01,1.264003510350199255e-01,-1.859445038748055307e-02,0.000000000000000000e+00,0.000000000000000000e+00,-6.990890922388513784e-02,2.301208466839862465e-01,-4.897613515895487546e-01,1.207400467571163594e+00,0.000000000000000000e+00,0.000000000000000000e+00,0.000000000000000000e+00,-1.191077659067939498e-01,-2.991659361827377350e-01,6.181371733108698141e-01,1.180668380993964650e+00,0.000000000000000000e+00,0.000000000000000000e+00,0.000000000000000000e+00
2.768027059750047258e-02,1.155893636818364323e+00,8.832462428042809899e-01,9.798982655195815489e-03,1.132228613409224857e-02,7.020309266921973546e-01,7.119890193979921955e-01,-2.991318530081166216e-01,-1.691736528809452689e-01,-1.052756035391702316e-01,5.596876364380790614e-01,-5.256483488990177921e-01,1.401608660794619321e-01,-3.125421937503992109e-01,-3.345422523469563942e-03,7.271709469677958837e-02,5.571299549615802427e-01,-3.761816422872597543e-01,1.221843680042027508e-01,-1.621715438965461858e-02,0.000000000000000000e+00,0.000000000000000000e+00,-6.836589609949757229e-02,2.317713567813517728e-01,-4.899036569707443389e-01,1.212953816034163301e+00,0.000000000000000000e+00,0.000000000000000000e+00,0.000000000000000000e+00,-1.162545648845317442e-01,-2.969946348970323724e-01,6.124492457735932760e-01,1.184715953729745141e+00,0.000000000000000000e+00,0.000000000000000000e+00,0.000000000000000000e+00
2.805025945162650108e-02,1.159647385963688437e+00,8.836530861989633223e-01,1.000718033140109500e-02,1.005311087853485649e-02,7.014625614229793582e-01,7.125651312163617801e-01,-2.900686564679228474e-01,-1.656159739959384980e-01,-1.032262511944204569e-01,5.578682601160929178e-01,-5.320021360512205977e-01,1.401482194581767926e-01,-3.016377379765224909e-01,-6.703343031595468057e-04,7.348254084794708652e-02,5.447744936437728391e-01,-3.743385678989331611e-01,1.211512847768293488e-01,-1.444118072879494764e-02,0.000000000000000000e+00,0.000000000000000000e+00,-6.352726501883827759e-02,2.329242423664131811e-01,-4.883725233087840012e-01,1.213962010536924874e+00,0.000000000000000000e+00,0.000000000000000000e+00,0.000000000000000000e+00,-1.165722773268695889e-01,-2.943207285590013766e-01,6.068868615926374943e-01,1.189954886388888244e+00,0.000000000000000000e+00,0.000000000000000000e+00,0.000000000000000000e+00
2.853540849700584442e-02,1.162970434898214167e+00,8.837998402680513621e-01,9.109982635128457615e-03,9.525826945264326273e-03,7.017632956590884596e-01,7.122882448160228197e-01,-2.869494929070061651e-01,-1.624956659379804547e-01,-1.028010592731715689e-01,5.608176463282977808e-01,-5.392926137545587251e-01,1.404474328649686632e-01,-2.940450533501964836e-01,2.953552831172327059e-03,7.433719285281484290e-02,5.363815045495191614e-01,-3.780733710263317615e-01,1.156676280054681205e-01,-1.301454455167365930e-02,0.000000000000000000e+00,0.000000000000000000e+00,-6.266641244503375063e-02,2.343294768732873679e-01,-4.884845520785284778e-01,1.219762041432534971e+00,0.000000000000000000e+00,0.000000000000000000e+00,0.000000000000000000e+00,-1.178567962082104070e-01,-2.911532445886884091e-01,6.025271687116730002e-01,1.197094514179332325e+00,0.000000000000000000e+00,0.000000000000000000e+00,0.000000000000000000e+00
2.910938954119025868e-02,1.165711128032723254e+00,8.840217794630174097e-01,9.133192802143150560e-03,9.488399146519230568e-03,7.015923560064049047e-01,7.124568204910781688e-01,-2.820064324968837299e-01,-1.613162067397923283e-01,-1.026256074111749350e-01,5.591037053288415715e-01,-5.425182011754779987e-01,1.400950376000039688e-01,-2.875943355265506152e-01,3.930922709792525858e-03,7.418999012876983934e-02,5.302215629814527320e-01,-3.819739386514462431e-01,1.105356588717933269e-01,-1.237403530788089116e-02,0.000000000000000000e+00,0.000000000000000000e+00,-6.088912006718116832e-02,2.343125502931955317e-01,-4.849898756115263998e-01,1.224572076576044388e+00,0.000000000000000000e+00,0.000000000000000000e+00,0.000000000000000000e+00,-1.183635503227689900e-01,-2.891321948669461350e-01,5.993756326058624628e-01,1.199980699793765870e+00,0.000000000000000000e+00,0.000000000000000000e+00,0.000000000000000000e+00
2.968985336469750699e-02,1.167990061472946817e+00,8.841061877627798271e-01,9.047395921337821750e-03,9.004786692236269041e-03,7.015261101795292609e-01,7.125294205715629881e-01,-2.787197328001623786e-01,-1.594436160509896672e-01,-1.022561384278826008e-01,5.609596303147638130e-01,-5.473922487904624434e-01,1.406963623052042422e-01,-2.820107564721360260e-01,6.182755399785977608e-03,7.491205215466628653e-02,5.265663650961308617e-01,-3.852759254722763482e-01,1.070342657312558926e-01,-9.759402537437367534e-03,0.000000000000000000e+00,0.000000000000000000e+00,-5.906483073691514568e-02,2.360726407631304480e-01,-4.849504043053968205e-01,1.225542190760948946e+00,0.000000000000000000e+00,0.000000000000000000e+00,0.000000000000000000e+00,-1.178528983661645407e-01,-2.860471227681368744e-01,5.963386880356907893e-01,1.204539103529908672e+00,0.000000000000000000e+00,0.000000000000000000e+00,0.000000000000000000e+00
3.032047714267810043e-02,1.169804373554506283e+00,8.842878361055862557e-01,8.730073742560549160e-03,8.016229302661236067e-03,7.018054300308761428e-01,7.122700781721724717e-01,-2.762666373398009467e-01,-1.570266981362538616e-01,-1.034566475018945941e-01,5.636057289861318154e-01,-5.498081736772003625e-01,1.416101015700883814e-01,-2.758846011754423344e-01,9.267986653771199262e-03,7.463973447684449369e-02,5.212292243962038940e-01,-3.852233485872263996e-01,1.040545130180986627e-01,-7.976046770990107351e-03,0.000000000000000000e+00,0.000000000000000000e+00,-5.823255839430862418e-02,2.375087777466945160e-01,-4.848872587361704456e-01,1.228606161915452022e+00,0.000000000000000000e+00,0.000000000000000000e+00,0.000000000000000000e+00,-1.169608629402809630e-01,-2.834768264224528656e-01,5.931865175550408154e-01,1.207400293277719694e+00,0.000000000000000000e+00,0.000000000000000000e+00,0.000000000000000000e+00
3.105217884788405436e-02,1.171244854721893658e+00,8.844196123501151252e-01,8.119854348686679490e-03,7.771315390031258152e-03,7.014268281008330108e-01,7.126528463725292362e-01,-2.755492235217354979e-01,-1.539816157861151058e-01,-1.027820891680744364e-01,5.653862272059341221e-01,-5.518140190414935198e-01,1.390350606015891555e-01,-2.715527203193293659e-01,1.193131997783609954e-02,7.461288887869052533e-02,5.154857586297787453e-01,-3.880784733701040379e-01,1.008199198022028120e-01,-5.634470409572097521e-03,0.000000000000000000e+00,0.000000000000000000e+00,-5.758197910086818028e-02,2.390946645224337197e-01,-4.839945089670375511e-01,1.230526160105169353e+00,0.000000000000000000e+00,0.000000000000000000e+00,0.000000000000000000e+00,-1.155876349267130065e-01,-2.809920782869816391e-01,5.902816071570088363e-01,1.205690527704620374e+00,0.000000000000000000e+00,0.000000000000000000e+00,0.000000000000000000e+00
3.177211739979855093e-02,1.172379709217696186e+00,8.850282282899287756e-01,7.251734101328591482e-03,8.783768743691054010e-03,7.009527389673895215e-01,7.131167614726878767e-01,-2.731546066617608903e-01,-1.524577430334974337e-01,-1.031140316729791812e-01,5.577470709186007625e-01,-5.496033374398286986e-01,1.381377473825993463e-01,-2.683304859374125440e-01,1.247274219001814899e-02,7.452402430952889678e-02,5.057454210576359799e-01,-3.870945697862439028e-01,9.904892764984209175e-02,-4.370155008663200932e-03,0.000000000000000000e+00,0.000000000000000000e+00,-5.791677775792379579e-02,2.393151055991628307e-01,-4.818868640308803242e-01,1.233618570481080257e+00,0.000000000000000000e+00,0.000000000000000000e+00,0.000000000000000000e+00,-1.165615608829166094e-01,-2.797936968757208098e-01,5.912630414706632198e-01,1.206509403283482662e+00,0.000000000000000000e+00,0.000000000000000000e+00,0.000000000000000000e+00
3.253323744957603569e-02,1.173056248740415697e+00,8.845415051488678682e-01,7.401460788508423816e-03,7.195907948585903054e-03,7.007928147105206840e-01,7.132901710644103943e-01,-2.747455205236341014e-01,-1.490842205313600843e-01,-1.018413491760194745e-01,5.690648978652037560e-01,-5.555427208803623840e-01,1.365340798464421412e-01,-2.655223586028917504e-01,1.577534643312160714e-02,7.303160851393983299e-02,5.077297321003584329e-01,-3.907024056818741431e-01,9.703943006906164126e-02,-3.045177953855409628e-03,0.000000000000000000e+00,0.000000000000000000e+00,-5.647381025125310094e-02,2.421481168783518600e-01,-4.794679516905230310e-01,1.233458649222208159e+00,0.000000000000000000e+00,0.000000000000000000e+00,0.000000000000000000e+00,-1.154723411247327441e-01,-2.761064513040146218e-01,5.881533900624760225e-01,1.207067635628274349e+00,0.000000000000000000e+00,0.000000000000000000e+00,0.000000000000000000e+00
3.321671192435705217e-02,1.173724956329365687e+00,8.851339642426812038e-01,6.545314703605400498e-03,8.747469916232538528e-03,7.010231560825446184e-01,7.130548192541455998e-01,-2.730362077547476840e-01,-1.485016636945650781e-01,-1.020921918406544199e-01,5.596554211302039450e-01,-5.531996930202262019e-01,1.357030893242187619e-01,-2.647601482576978360e-01,1.543147912411293142e-02,7.371676746804947666e-02,5.006510498658015562e-01,-3.888766768872997104e-01,9.823001666723288339e-02,-3.085865691450442178e-03,0.000000000000000000e+00,0.000000000000000000e+00,-5.745261078205001620e-02,2.421965610772861544e-01,-4.795968823613101506e-01,1.235817426813783149e+00,0.000000000000000000e+00,0.000000000000000000e+00,0.000000000000000000e+00,-1.176536274539350668e-01,-2.754880512673302251e-01,5.892987977534399624e-01,1.210566480996821959e+00,0.000000000000000000e+00,0.000000000000000000e+00,0.000000000000000000e+00
3.389000761726043698e-02,1.174033618089306952e+00,8.847064079689149763e-01,6.689409790174791377e-03,7.917268877527593868e-03,7.007848484929661836e-01,7.132973887326866658e-01,-2.750875232261492109e-01,-1.468337854512694052e-01,-1.015534236040962907e-01,5.682603925199282147e-01,-5.569541214036636267e-01,1.359936860535404524e-01,-2.644962297617680091e-01,1.795301922036820347e-02,7.365276486123274735e-02,5.042966851845416265e-01,-3.923006874529659793e-01,9.550344594465605408e-02,-1.656997379417553262e-03,0.000000000000000000e+00,0.000000000000000000e+00,-5.709955736969865581e-02,2.440382579176151034e-01,-4.819004791535583809e-01,1.235359753390539161e+00,0.000000000000000000e+00,0.000000000000000000e+00,0.000000000000000000e+00,-1.162803279702368381e-01,-2.745640127175784651e-01,5.912882845777177598e-01,1.207892382396316799e+00,0.000000000000000000e+00,0.000000000000000000e+00,0.000000000000000000e+00
3.452174649735818140e-02,1.174445160388355225e+00,8.851847668902146360e-01,5.457027011546197737e-03,9.582719492163884259e-03,7.006414283137186727e-01,7.134283294584260471e-01,-2.763670894214072526e-01,-1.465020904841783100e-01,-1.030108265998814637e-01,5.622832102832761025e-01,-5.533095326287754689e-01,1.341288861245496511e-01,-2.650827424308461744e-01,1.696116981135875612e-02,7.094894684828462195e-02,4.974909290366744119e-01,-3.914037309736850268e-01,9.406847722473934970e-02,4.143557191588078488e-04,0.000000000000000000e+00,0.000000000000000000e+00,-6.055132267858513023e-02,2.438295697572641918e-01,-4.802818542046820016e-01,1.241243443178448924e+00,0.000000000000000000e+00,0.000000000000000000e+00,0.000000000000000000e+00,-1.180181989166338707e-01,-2.731308089019516827e-01,5.882988147746678331e-01,1.211110683245347985e+00,0.000000000000000000e+00,0.000000000000000000e+00,0.000000000000000000e+00
3.498422623197695869e-02,1.174602433028732795e+00,8.849616910439555006e-01,4.848426247930172350e-03,8.385979214238902663e-03,7.004353416030437707e-01,7.136501246051617509e-01,-2.793045090361321869e-01,-1.428446431966813313e-01,-1.022792630676788994e-01,5.709408213443071256e-01,-5.559571367442691647e-01,1.325564111371627940e-01,-2.628685526780047965e-01,2.091777059263893318e-02,7.096172085651772377e-02,4.952884441574678109e-01,-3.917890568999709000e-01,9.253332936239311302e-02,2.261499826781960751e-03,0.000000000000000000e+00,0.000000000000000000e+00,-5.983492302446008493e-02,2.464972831037278989e-01,-4.811862163217590083e-01,1.238424280172057301e+00,0.000000000000000000e+00,0.000000000000000000e+00,0.000000000000000000e+00,-1.160719559858541111e-01,-2.711022870958973430e-01,5.882456658057526599e-01,1.207567581095897236e+00,0.000000000000000000e+00,0.000000000000000000e+00,0.000000000000000000e+00
3.526633953643323188e-02,1.174893299057739426e+00,8.854219886638695636e-01,4.156269233436401915e-03,9.263462974789131443e-03,7.009086874935508416e-01,7.131787472126748240e-01,-2.774573924567815264e-01,-1.426892281384848638e-01,-1.036649594510310191e-01,5.630366644804363219e-01,-5.546127955737527593e-01,1.325870715925242527e-01,-2.621029521048257038e-01,1.970901464136425724e-02,6.854435155953371439e-02,4.897048535365879918e-01,-3.891355806215230917e-01,9.385839973444902451e-02,1.284042921918038867e-03,0.000000000000000000e+00,0.000000000000000000e+00,-6.019535038692739454e-02,2.462515673492217116e-01,-4.816435147734639544e-01,1.238559865439883279e+00,0.000000000000000000e+00,0.000000000000000000e+00,0.000000000000000000e+00,-1.180055493652430870e-01,-2.712637309274911757e-01,5.883014898506546686e-01,1.211666261692192270e+00,0.000000000000000000e+00,0.000000000000000000e+00,0.000000000000000000e+00
3.551166906001447521e-02,1.175069313137494298e+00,8.856933325121895129e-01,4.070319487102494818e-03,9.833263692365657935e-03,7.009424564696387083e-01,7.131384242506754179e-01,-2.770542526559437446e-01,-1.434971072472418785e-01,-1.050260906799461713e-01,5.599427262388136928e-01,-5.509978583495563909e-01,1.331832193724886704e-01,-2.619825676221518296e-01,1.893034408593202364e-02,6.778721650560998180e-02,4.877294940810745771e-01,-3.870954703199626090e-01,9.265565891421932709e-02,1.017712548197754379e-03,0.000000000000000000e+00,0.000000000000000000e+00,-6.032649763216557659e-02,2.457330504605317045e-01,-4.849611796519444629e-01,1.239451501134699152e+00,0.000000000000000000e+00,0.000000000000000000e+00,0.000000000000000000e+00,-1.182575159543438614e-01,-2.713083571106507108e-01,5.883130701571741561e-01,1.211027292971286418e+00,0.000000000000000000e+00,0.000000000000000000e+00,0.000000000000000000e+00
3.563998899522410890e-02,1.175318434297992765e+00,8.860177676773369759e-01,3.045738168612680766e-03,1.047314016205365579e-02,7.007455292380208034e-01,7.133279330483833780e-01,-2.775598656506378381e-01,-1.419114311707691811e-01,-1.043756133699590138e-01,5.563750573319020676e-01,-5.496531801907738046e-01,1.327494273641899036e-01,-2.609295367787202169e-01,1.933066361833359059e-02,6.708695853248655694e-02,4.808223809152631367e-01,-3.857201168214570708e-01,9.298038278989309569e-02,1.432902693843586973e-03,0.000000000000000000e+00,0.000000000000000000e+00,-6.116122437292600272e-02,2.458892402477733663e-01,-4.853947045867595955e-01,1.239970301315582946e+00,0.000000000000000000e+00,0.000000000000000000e+00,0.000000000000000000e+00,-1.188274676859419066e-01,-2.714289606623874196e-01,5.905054510141208857e-01,1.210792794901652369e+00,0.000000000000000000e+00,0.000000000000000000e+00,0.000000000000000000e+00
3.570308627215406511e-02,1.175543543647418421e+00,8.863659122594097495e-01,2.534892414906268158e-03,1.050765440991059674e-02,7.005971827032154708e-01,7.134751229773625969e-01,-2.766263757702348558e-01,-1.400482175133269391e-01,-1.030319410916785416e-01,5.530375893350856220e-01,-5.472199395258128263e-01,1.322758062920490474e-01,-2.591669783015066453e-01,2.025194672915885466e-02,6.785517304986087017e-02,4.756285757788156765e-01,-3.817263946943164066e-01,9.514237615520979019e-02,9.441862136904628560e-04,0.000000000000000000e+00,0.000000000000000000e+00,-6.010786873450330026e-02,2.460474357391543854e-01,-4.850705238941288577e-01,1.238607270235486890e+00,0.000000000000000000e+00,0.000000000000000000e+00,0.000000000000000000e+00,-1.196742471970440314e-01,-2.698307016210416132e-01,5.885716541596321960e-01,1.214365671820050396e+00,0.000000000000000000e+00,0.000000000000000000e+00,0.000000000000000000e+00
3.574482969230721036e-02,1.175821408559798442e+00,8.869754392174356017e-01,7.282700922947589039e-04,1.087645979380764440e-02,7.009741105581810405e-01,7.131034066474457589e-01,-2.778001543729153311e-01,-1.374687817333105633e-01,-1.037130109670513778e-01,5.489751003984389977e-01,-5.435380772165274710e-01,1.335610618560167939e-01,-2.566384361125538804e-01,2.245518498140847835e-02,6.814697074878194039e-02,4.637201991818483693e-01,-3.738951638808149514e-01,9.654867138758438383e-02,1.081562912429859854e-04,0.000000000000000000e+00,0.000000000000000000e+00,-6.162822955021818316e-02,2.464911523679163552e-01,-4.850080041395898878e-01,1.239419264111030872e+00,0.000000000000000000e+00,0.000000000000000000e+00,0.000000000000000000e+00,-1.219584981108968597e-01,-2.686189675717899905e-01,5.882386861079476059e-01,1.218923837845002467e+00,0.000000000000000000e+00,0.000000000000000000e+00,0.000000000000000000e+00
3.598332257390796096e-02,1.175995102760759803e+00,8.873568578559336562e-01,8.757041350044324007e-05,1.183304049987456315e-02,7.013586588860275528e-01,7.127103220029458175e-01,-2.777405787118024660e-01,-1.377172545834859929e-01,-1.053323690149830794e-01,5.436039327711309488e-01,-5.399294200003097455e-01,1.317664025799856475e-01,-2.562082871790081207e-01,2.172004503732629516e-02,6.747463499743946991e-02,4.581987706818405059e-01,-3.713833907024897685e-01,9.656566103222313791e-02,1.198744011056695775e-03,0.000000000000000000e+00,0.000000000000000000e+00,-6.264767738902529692e-02,2.464266463825160458e-01,-4.868648493552725220e-01,1.237678390294753683e+00,0.000000000000000000e+00,0.000000000000000000e+00,0.000000000000000000e+00,-1.207484670504211516e-01,-2.682397353190436040e-01,5.882767933318113762e-01,1.217156743390318097e+00,0.000000000000000000e+00,0.000000000000000000e+00,0.000000000000000000e+00
3.623613449424441246e-02,1.176044995673868110e+00,8.878403612657588262e-01,-2.955627789689732826e-04,1.234841060761696953e-02,7.013274153693269675e-01,7.127322680007460720e-01,-2.769633330752847566e-01,-1.368702724641348289e-01,-1.048652706390841016e-01,5.384872761529672092e-01,-5.346576253211625662e-01,1.315580934323541118e-01,-2.540902141086917587e-01,2.147884388541152628e-02,6.741584296977534696e-02,4.506699545928750106e-01,-3.661498741581892813e-01,9.783297404410469522e-02,1.350165208439336063e-03,0.000000000000000000e+00,0.000000000000000000e+00,-6.300586512990918875e-02,2.458766299469991035e-01,-4.846776343372568574e-01,1.237732118594357722e+00,0.000000000000000000e+00,0.000000000000000000e+00,0.000000000000000000e+00,-1.198636517107131982e-01,-2.685854632232759220e-01,5.860150151809170316e-01,1.213472268685862998e+00,0.000000000000000000e+00,0.000000000000000000e+00,0.000000000000000000e+00
3.657701001606660646e-02,1.176019827751473512e+00,8.876500892949252819e-01,-3.313213861540128266e-04,1.294713889802380502e-02,7.012884855416506857e-01,7.127599328435841874e-01,-2.788443870715952566e-01,-1.378841669663806169e-01,-1.060907395298427425e-01,5.402428730341906071e-01,-5.357831466081678373e-01,1.301614367255359839e-01,-2.566885451390056305e-01,2.115415384228159015e-02,6.711507035920534492e-02,4.541547567788152828e-01,-3.691810441369654527e-01,9.579723880944507330e-02,1.763893782706762786e-03,0.000000000000000000e+00,0.000000000000000000e+00,-6.181995222459905903e-02,2.457096772284672048e-01,-4.826492634100292833e-01,1.234519985774880757e+00,0.000000000000000000e+00,0.000000000000000000e+00,0.000000000000000000e+00,-1.196728354831357727e-01,-2.693096819998653801e-01,5.898704749043212070e-01,1.210739963154424892e+00,0.000000000000000000e+00,0.000000000000000000e+00,0.000000000000000000e+00
3.692635336389601258e-02,1.175883438673786641e+00,8.877813859358399950e-01,-1.337270743421600534e-03,1.325207939338872085e-02,7.016539806584644046e-01,7.123933502811772289e-01,-2.813961525985846368e-01,-1.356597917525722008e-01,-1.050160758465145672e-01,5.405840716734808815e-01,-5.346232197926807928e-01,1.291297797591033358e-01,-2.562717881897028649e-01,2.226155871316069096e-02,6.615697966964660670e-02,4.487421153399788198e-01,-3.670640647742094420e-01,9.685476981512013139e-02,2.739283007909395270e-03,0.000000000000000000e+00,0.000000000000000000e+00,-6.405588556665554878e-02,2.467732049836424690e-01,-4.830383981663172732e-01,1.233590662824266326e+00,0.000000000000000000e+00,0.000000000000000000e+00,0.000000000000000000e+00,-1.204999091928266042e-01,-2.682343557665695100e-01,5.897111842381327351e-01,1.212477128524979131e+00,0.000000000000000000e+00,0.000000000000000000e+00,0.000000000000000000e+00
3.726487807137895264e-02,1.175672576540221170e+00,8.880089835704290113e-01,-1.475626702772543566e-03,1.406949999218803059e-02,7.007242674151926698e-01,7.132919267391467644e-01,-2.810067077733214291e-01,-1.349352758696061305e-01,-1.032044734042496109e-01,5.360474186063637347e-01,-5.321992610675236879e-01,1.269777122691398419e-01,-2.568180517509341954e-01,2.214412515653846336e-02,6.763076247991497980e-02,4.457667475667487778e-01,-3.663133776383363238e-01,9.655721012899785849e-02,3.562140654511993312e-03,0.000000000000000000e+00,0.000000000000000000e+00,-6.310549561479739111e-02,2.474860520696496036e-01,-4.819861948429399745e-01,1.230556640117634215e+00,0.000000000000000000e+00,0.000000000000000000e+00,0.000000000000000000e+00,-1.238860210400271611e-01,-2.673378164759429576e-01,5.893842542910485705e-01,1.216727607633957264e+00,0.000000000000000000e+00,0.000000000000000000e+00,0.000000000000000000e+00
3.755492246611521340e-02,1.175211955266743047e+00,8.878036614920461478e-01,-1.285341112872784427e-03,1.407530643301885612e-02,7.003679147554338069e-01,7.136420794965531167e-01,-2.837486254564284271e-01,-1.354504912106337111e-01,-1.034400674244674856e-01,5.405132721240470950e-01,-5.310251431897545782e-01,1.286534577043282057e-01,-2.602406211563659810e-01,2.302045456459751380e-02,6.906556330021579315e-02,4.513441309027314552e-01,-3.645724501489493452e-01,9.688648439536699797e-02,4.927170867124981007e-03,0.000000000000000000e+00,0.000000000000000000e+00,-6.369301669574045643e-02,2.476190674563858996e-01,-4.817626934772380465e-01,1.229399160965364723e+00,0.000000000000000000e+00,0.000000000000000000e+00,0.000000000000000000e+00,-1.237556068363644957e-01,-2.674234275754309165e-01,5.886147604296291247e-01,1.215475443413079670e+00,0.000000000000000000e+00,0.000000000000000000e+00,0.000000000000000000e+00
3.788103680857073802e-02,1.174745103095859999e+00,8.878841397504373401e-01,-2.007806659477181632e-03,1.417536821645742733e-02,7.005063784242478997e-01,7.135025167687137904e-01,-2.864429401033571354e-01,-1.340143788472997477e-01,-1.041403308270926614e-01,5.417823567473464275e-01,-5.290372003610351870e-01,1.262465119071859154e-01,-2.597160564584543585e-01,2.393102185119274500e-02,6.764344712748043831e-02,4.464084496652813705e-01,-3.629604037926128512e-01,9.615106851084327666e-02,6.769790670079696079e-03,0.000000000000000000e+00,0.000000000000000000e+00,-6.519187093241674003e-02,2.489236644441903124e-01,-4.791279191112956526e-01,1.226541072707615143e+00,0.000000000000000000e+00,0.000000000000000000e+00,0.000000000000000000e+00,-1.232330175925019783e-01,-2.663182481226367693e-01,5.851147021716168739e-01,1.214271034806225558e+00,0.000000000000000000e+00,0.000000000000000000e+00,0.000000000000000000e+00
3.806140922527927184e-02,1.174261727233652408e+00,8.880766839780590560e-01,-2.459893467670368032e-03,1.473207536565363830e-02,7.004161380571962692e-01,7.135784108481632027e-01,-2.875743561596919018e-01,-1.337406372931022325e-01,-1.041784222421028722e-01,5.392846678097502622e-01,-5.265649574459875248e-01,1.263774434217415643e-01,-2.606084490489838368e-01,2.385293878316090826e-02,6.774678945369767835e-02,4.433669127078985195e-01,-3.599555367800466033e-01,9.811119784872902871e-02,7.695237636684885106e-03,0.000000000000000000e+00,0.000000000000000000e+00,-6.619948275060877352e-02,2.495423121614557815e-01,-4.809563396799704793e-01,1.225121729285644445e+00,0.000000000000000000e+00,0.000000000000000000e+00,0.000000000000000000e+00,-1.241030173270957215e-01,-2.668723203150257794e-01,5.850255827304505774e-01,1.214723883892315115e+00,0.000000000000000000e+00,0.000000000000000000e+00,0.000000000000000000e+00
3.818820575862833661e-02,1.173680480278069593e+00,8.879627798808976680e-01,-2.746360833723877903e-03,1.437804625246959407e-02,7.000890354844797603e-01,7.139055061298680283e-01,-2.903536681138421116e-01,-1.319580154674608874e-01,-1.023949898329802460e-01,5.433311145324261071e-01,-5.260881967907210521e-01,1.260983620864493671e-01,-2.617609025481424934e-01,2.532163244224166707e-02,6.803560021888979681e-02,4.436800188424944169e-01,-3.574809002070077346e-01,9.845549518010801582e-02,8.668850617352443985e-03,0.000000000000000000e+00,0.000000000000000000e+00,-6.684329701497172815e-02,2.503329413050481289e-01,-4.816347680579036727e-01,1.223229835990891745e+00,0.000000000000000000e+00,0.000000000000000000e+00,0.000000000000000000e+00,-1.249823401107292842e-01,-2.662523556945770031e-01,5.832851894118660230e-01,1.214968156432407298e+00,0.000000000000000000e+00,0.000000000000000000e+00,0.000000000000000000e+00
3.845012969157360350e-02,1.173160038937063554e+00,8.882846422234630390e-01,-2.640810206714429807e-03,1.530969155067650467e-02,6.994272994499000085e-01,7.145348782601830262e-01,-2.898058898967422192e-01,-1.323465609349402106e-01,-1.019760808750050929e-01,5.373460125121657383e-01,-5.206122543283839832e-01,1.228077125287760363e-01,-2.615882696523168516e-01,2.355845938553833424e-02,6.705951985477955068e-02,4.390056872422546386e-01,-3.565170772800199672e-01,9.704822946353584834e-02,1.000280962453309851e-02,0.000000000000000000e+00,0.000000000000000000e+00,-6.853840847266522152e-02,2.497209417204596105e-01,-4.806524906040786083e-01,1.225136685277389503e+00,0.000000000000000000e+00,0.000000000000000000e+00,0.000000000000000000e+00,-1.254466890699313386e-01,-2.669774717094735017e-01,5.823468093627968134e-01,1.212902050809234744e+00,0.000000000000000000e+00,0.000000000000000000e+00,0.000000000000000000e+00
3.845534015096926939e-02,1.172681070588095897e+00,8.884337227224298195e-01,-3.490992273523992138e-03,1.506747552161477599e-02,6.995088167725078687e-01,7.144565762954921961e-01,-2.915002635848025214e-01,-1.298745654719869469e-01,-1.005736482260216613e-01,5.376457472421307671e-01,-5.202708251626552149e-01,1.232500453378801014e-01,-2.605100884599897415e-01,2.539838575363142364e-02,6.767569230413716941e-02,4.331896517611709685e-01,-3.523471601837561695e-01,9.866166559537306591e-02,1.000643373197577027e-02,0.000000000000000000e+00,0.000000000000000000e+00,-6.970622621204584923e-02,2.507343546039933480e-01,-4.817827776083312696e-01,1.223701959035485620e+00,0.000000000000000000e+00,0.000000000000000000e+00,0.000000000000000000e+00,-1.274709889330817303e-01,-2.659396919453649866e-01,5.815791524112989830e-01,1.216088784909559406e+00,0.000000000000000000e+00,0.000000000000000000e+00,0.000000000000000000e+00
3.850971750801419208e-02,1.172292104630439979e+00,8.886977110207242569e-01,-4.423647858714786080e-03,1.562541393182896587e-02,6.995399285177225090e-01,7.144089628416621096e-01,-2.933543079069134141e-01,-1.295258933141353597e-01,-1.017633874810845995e-01,5.353040459620115321e-01,-5.173452251631063259e-01,1.244813444385375889e-01,-2.613792641829894015e-01,2.603549408357816800e-02,6.776616202127573596e-02,4.285813933950224919e-01,-3.477749581013018787e-01,9.883109175673679414e-02,1.091791035853509513e-02,0.000000000000000000e+00,0.000000000000000000e+00,-7.132310829834423438e-02,2.507161381723510551e-01,-4.811738646213611359e-01,1.223480451472050090e+00,0.000000000000000000e+00,0.000000000000000000e+00,0.000000000000000000e+00,-1.281120804423887538e-01,-2.648735013566717589e-01,5.796337329833203267e-01,1.218727682272986668e+00,0.000000000000000000e+00,0.000000000000000000e+00,0.000000000000000000e+00
3.850516746899678572e-02,1.171888520326033412e+00,8.888231952495829757e-01,-4.357882847524319377e-03,1.576344094796654910e-02,6.992693192128938140e-01,7.146712125125102011e-01,-2.929508776674584203e-01,-1.291172141144997232e-01,-1.006870246574225469e-01,5.328135211535452997e-01,-5.152414632707174036e-01,1.236234785967765676e-01,-2.617450615985421614e-01,2.571084860802614128e-02,6.788873225052546867e-02,4.275725466838457556e-01,-3.453824351889836497e-01,9.920405592953621121e-02,1.032949604275937988e-02,0.000000000000000000e+00,0.000000000000000000e+00,-7.117341632333251678e-02,2.508381350475271110e-01,-4.821743486380566934e-01,1.221996647427239679e+00,0.000000000000000000e+00,0.000000000000000000e+00,0.000000000000000000e+00,-1.309651612595128523e-01,-2.646601487395854324e-01,5.820254951035490620e-01,1.222347548975628362e+00,0.000000000000000000e+00,0.000000000000000000e+00,0.000000000000000000e+00
3.859812796252547196e-02,1.171595173252005573e+00,8.890527996513971631e-01,-4.736804615627385716e-03,1.703681881862105507e-02,6.995772921776872710e-01,7.143381004509753440e-01,-2.934887133296214534e-01,-1.299832870374248717e-01,-1.010006988484056789e-01,5.271422239733007942e-01,-5.117032554645682962e-01,1.208092946914781779e-01,-2.629666067099982740e-01,2.308807621300278112e-02,6.539443695458918571e-02,4.243455299070714726e-01,-3.453151289796166368e-01,1.007547898485693094e-01,1.145979508840176860e-02,0.000000000000000000e+00,0.000000000000000000e+00,-7.390835360833239442e-02,2.503477800039065615e-01,-4.852548732770402551e-01,1.222684114494634322e+00,0.000000000000000000e+00,0.000000000000000000e+00,0.000000000000000000e+00,-1.307169986517083271e-01,-2.660171052457563912e-01,5.824646163590979642e-01,1.221286526673761141e+00,0.000000000000000000e+00,0.000000000000000000e+00,0.000000000000000000e+00
3.847044962413059127e-02,1.171232064549765584e+00,8.888720187058871680e-01,-4.871072458233882858e-03,1.652476564208397308e-02,6.992192350851886840e-01,7.146997034142817951e-01,-2.957829248820510459e-01,-1.293478104223942937e-01,-1.009066136712817308e-01,5.319046202584247762e-01,-5.117597614169644427e-01,1.212137119110416605e-01,-2.645888050698834704e-01,2.442301907239085787e-02,6.606098459342184259e-02,4.272079499517557610e-01,-3.433641666588260755e-01,1.011790043767243491e-01,1.286952794849786398e-02,0.000000000000000000e+00,0.000000000000000000e+00,-7.325874066350104852e-02,2.509991811131797035e-01,-4.882348325186280924e-01,1.219511515048341321e+00,0.000000000000000000e+00,0.000000000000000000e+00,0.000000000000000000e+00,-1.300625952191006018e-01,-2.665399088874772504e-01,5.833341012110001556e-01,1.220046233189250984e+00,0.000000000000000000e+00,0.000000000000000000e+00,0.000000000000000000e+00
3.837298337262641523e-02,1.171043475605205275e+00,8.891663052087594998e-01,-6.216805881208041160e-03,1.657987508818632369e-02,6.998665705191883246e-01,7.140540893632684183e-01,-2.979099792521278101e-01,-1.272937013398932615e-01,-1.015130386221743120e-01,5.309212049669687072e-01,-5.095566388252148471e-01,1.199419405173536152e-01,-2.622063841359720260e-01,2.540683105043782183e-02,6.389604105687506086e-02,4.176284136764775723e-01,-3.397132215241283615e-01,1.004650637716545253e-01,1.406783347526160792e-02,0.000000000000000000e+00,0.000000000000000000e+00,-7.613166185026423727e-02,2.522218054158389400e-01,-4.898747044751144974e-01,1.218937391105150203e+00,0.000000000000000000e+00,0.000000000000000000e+00,0.000000000000000000e+00,-1.294116375019849496e-01,-2.672500582494623522e-01,5.875917437387038200e-01,1.218769910656878563e+00,0.000000000000000000e+00,0.000000000000000000e+00,0.000000000000000000e+00
3.816846584082449895e-02,1.170821218367032568e+00,8.890267263956866950e-01,-6.675218653923294110e-03,1.574155751890425961e-02,6.994137786865570749e-01,7.145124288675420710e-01,-2.999519699841931564e-01,-1.254402067250822428e-01,-1.012314375366860641e-01,5.358924086126399811e-01,-5.104464941167617953e-01,1.187817730114573839e-01,-2.610492677966952946e-01,2.780963859077373312e-02,6.478975993790894727e-02,4.155554225166901983e-01,-3.394028222495264480e-01,9.924326574416494906e-02,1.433653540875305492e-02,0.000000000000000000e+00,0.000000000000000000e+00,-7.654774919496035168e-02,2.539029563289545988e-01,-4.940207405517703099e-01,1.219089275885356427e+00,0.000000000000000000e+00,0.000000000000000000e+00,0.000000000000000000e+00,-1.303263173864975255e-01,-2.667663405322209247e-01,5.902796673758679002e-01,1.220165641242311416e+00,0.000000000000000000e+00,0.000000000000000000e+00,0.000000000000000000e+00
3.795779782906840566e-02,1.170722567605938513e+00,8.890134815647839917e-01,-7.131236182494025966e-03,1.578876360270647927e-02,7.004831246121150379e-01,7.134586551076770311e-01,-3.013407163956452472e-01,-1.258752515195879773e-01,-1.030811516057907329e-01,5.362307076961043695e-01,-5.094513707455993190e-01,1.179214983818952650e-01,-2.617092068260005733e-01,2.714657972007178746e-02,6.231789989085861903e-02,4.156923343291490380e-01,-3.391958124682229458e-01,9.940517535575468799e-02,1.550462563409340036e-02,0.000000000000000000e+00,0.000000000000000000e+00,-7.860171425191500583e-02,2.540358262249210464e-01,-4.981250820254386480e-01,1.217849383637636951e+00,0.000000000000000000e+00,0.000000000000000000e+00,0.000000000000000000e+00,-1.283376478728955050e-01,-2.682677441362608661e-01,5.923740874513182542e-01,1.219757384852790505e+00,0.000000000000000000e+00,0.000000000000000000e+00,0.000000000000000000e+00
3.770381476448832203e-02,1.170725365317317079e+00,8.892387773983803090e-01,-7.905636815663858244e-03,1.650800226131120957e-02,7.002145720725767575e-01,7.136977930644714530e-01,-3.018471832344555850e-01,-1.251033004700372320e-01,-1.017953467153483449e-01,5.324257755196705189e-01,-5.076840805342016649e-01,1.163830841282881834e-01,-2.608675955326686391e-01,2.642054911083770510e-02,6.186091938942818447e-02,4.091611208689281964e-01,-3.381796491666288484e-01,1.011008745771009160e-01,1.531837184976067925e-02,0.000000000000000000e+00,0.000000000000000000e+00,-7.932117929243406862e-02,2.546147767324771216e-01,-5.008093484751446889e-01,1.217250494158603091e+00,0.000000000000000000e+00,0.000000000000000000e+00,0.000000000000000000e+00,-1.301130730309565942e-01,-2.690819389967567532e-01,5.959573701673194224e-01,1.221350324303726698e+00,0.000000000000000000e+00,0.000000000000000000e+00,0.000000000000000000e+00
3.742413974825644501e-02,1.170701677104146965e+00,8.892814315658498225e-01,-8.863112109989983514e-03,1.585845564445889297e-02,7.011502264367941439e-01,7.127820947498126891e-01,-3.035277694290968165e-01,-1.231694620257641343e-01,-1.025535130442805365e-01,5.345493424852052478e-01,-5.077759826038040769e-01,1.151408071779242287e-01,-2.584437317118535860e-01,2.780571536244364622e-02,6.010180098200111620e-02,4.036148844010921666e-01,-3.361928077797447512e-01,1.018116666518455032e-01,1.713297615056663323e-02,0.000000000000000000e+00,0.000000000000000000e+00,-8.195177364420176691e-02,2.557335723680103090e-01,-5.038796846550342989e-01,1.215806425859787154e+00,0.000000000000000000e+00,0.000000000000000000e+00,0.000000000000000000e+00,-1.275762752194242178e-01,-2.693840214330549543e-01,5.953211820016811595e-01,1.220779395960867708e+00,0.000000000000000000e+00,0.000000000000000000e+00,0.000000000000000000e+00
3.717271328549291015e-02,1.170702008939764616e+00,8.894534747163465038e-01,-8.822704051567245923e-03,1.626275000038658256e-02,7.017270200948938497e-01,7.122056389304877166e-01,-3.021129852259356041e-01,-1.248762989633826620e-01,-1.049150279253250606e-01,5.299611589022387159e-01,-5.051459768128087058e-01,1.135562405319864993e-01,-2.584257639145355334e-01,2.624202252444945288e-02,5.933407484255469322e-02,4.026911071716042789e-01,-3.353966164637011693e-01,1.015100869732514510e-01,1.460998878670773278e-02,0.000000000000000000e+00,0.000000000000000000e+00,-8.223536839632919482e-02,2.539931475643090186e-01,-5.058845507025268029e-01,1.216851263643964787e+00,0.000000000000000000e+00,0.000000000000000000e+00,0.000000000000000000e+00,-1.278053781930591493e-01,-2.710177234147176373e-01,5.972689611480560545e-01,1.219152801191926594e+00,0.000000000000000000e+00,0.000000000000000000e+00,0.000000000000000000e+00
3.698384148959184964e-02,1.170732123952724191e+00,8.894217535756273607e-01,-9.638589127336522761e-03,1.647047267685626190e-02,7.025486598557888485e-01,7.113797872193661220e-01,-3.038690986279306006e-01,-1.253182847790978993e-01,-1.075135812576470395e-01,5.305335011221232744e-01,-5.064380890325285156e-01,1.138897683454703769e-01,-2.587067070524571855e-01,2.660379555626839199e-02,5.854226613220524927e-02,4.008484241417386018e-01,-3.367396943469151971e-01,1.004498125926414909e-01,1.552089301707723981e-02,0.000000000000000000e+00,0.000000000000000000e+00,-8.497298083787220568e-02,2.546811078797676653e-01,-5.108146078652728850e-01,1.217030612073268792e+00,0.000000000000000000e+00,0.000000000000000000e+00,0.000000000000000000e+00,-1.273095052745453759e-01,-2.714863437352462161e-01,5.984545935160204833e-01,1.221597710180829965e+00,0.000000000000000000e+00,0.000000000000000000e+00,0.000000000000000000e+00
3.676943977041505912e-02,1.170683167075117881e+00,8.895835030351834094e-01,-8.563316845566760344e-03,1.637835970883316089e-02,7.027708671869374868e-01,7.111761576228290416e-01,-2.998864925031596296e-01,-1.273546281777277189e-01,-1.082750565348774285e-01,5.253131478835751933e-01,-5.028845378032724689e-01,1.142014073477277125e-01,-2.584539952084121683e-01,2.470309792567883939e-02,5.893393716100375074e-02,4.037832003896414945e-01,-3.348964826057142519e-01,1.010250626791162759e-01,1.448356048421389417e-02,0.000000000000000000e+00,0.000000000000000000e+00,-8.409704755749175531e-02,2.536486247556009044e-01,-5.152709022028184593e-01,1.215906117813145171e+00,0.000000000000000000e+00,0.000000000000000000e+00,0.000000000000000000e+00,-1.280472838400369961e-01,-2.729278832341203720e-01,6.031591307684786019e-01,1.223219208530018420e+00,0.000000000000000000e+00,0.000000000000000000e+00,0.000000000000000000e+00
3.675570877052720259e-02,1.170610792700615077e+00,8.899524837295121893e-01,-8.661639019980517731e-03,1.727623469562104830e-02,7.038597683444539621e-01,7.100760059531104895e-01,-2.977826589903128096e-01,-1.290488444112995459e-01,-1.107527871215893689e-01,5.170749010901006804e-01,-4.989304494448112970e-01,1.119781707848124808e-01,-2.569228807360262601e-01,2.223519184997838766e-02,5.705104822648743995e-02,3.981685996856320076e-01,-3.342625810989499624e-01,1.004917292843072324e-01,1.436981849218605008e-02,0.000000000000000000e+00,0.000000000000000000e+00,-8.711123758454346333e-02,2.522496388535041545e-01,-5.171206322692746271e-01,1.217736042069903935e+00,0.000000000000000000e+00,0.000000000000000000e+00,0.000000000000000000e+00,-1.271764291053860962e-01,-2.753587321064463467e-01,6.044941662992625586e-01,1.221300215696858205e+00,0.000000000000000000e+00,0.000000000000000000e+00,0.000000000000000000e+00
3.670088533836109862e-02,1.170466948386419626e+00,8.898270223078494912e-01,-8.272094259010260089e-03,1.670884033004175692e-02,7.038485146561321848e-01,7.101053833958399508e-01,-2.973504494915233387e-01,-1.295757075870619668e-01,-1.117462477009090460e-01,5.189032053264903688e-01,-4.996451042930962760e-01,1.137783878390901948e-01,-2.574274992888363478e-01,2.240983299102603313e-02,5.653412545543717166e-02,4.018547598661696418e-01,-3.345414745542876767e-01,1.007472097353972196e-01,1.379136906439299912e-02,0.000000000000000000e+00,0.000000000000000000e+00,-8.687259797795683636e-02,2.517361556885141516e-01,-5.200162626016864298e-01,1.217661122978760835e+00,0.000000000000000000e+00,0.000000000000000000e+00,0.000000000000000000e+00,-1.278813269361118166e-01,-2.761280558597050128e-01,6.062667745325246438e-01,1.222110394852032211e+00,0.000000000000000000e+00,0.000000000000000000e+00,0.000000000000000000e+00
3.682775696813899574e-02,1.170387215419371962e+00,8.898676801808306225e-01,-9.198206439802833478e-03,1.736937572770233182e-02,7.043512440037530409e-01,7.095794690205512456e-01,-3.002940519273700759e-01,-1.304111320998813661e-01,-1.151601376231455448e-01,5.193359414200054980e-01,-4.978607449413827157e-01,1.138976947214714874e-01,-2.585806954866335938e-01,2.280360019503175489e-02,5.638671928994025417e-02,3.991498543272280486e-01,-3.337773838968451923e-01,1.012027299790183993e-01,1.480938208066967174e-02,0.000000000000000000e+00,0.000000000000000000e+00,-8.998203319045364190e-02,2.515329438196313161e-01,-5.216330601437065839e-01,1.219658154406430661e+00,0.000000000000000000e+00,0.000000000000000000e+00,0.000000000000000000e+00,-1.261692366570956736e-01,-2.758090276834111454e-01,6.042736702657639514e-01,1.219917316570011900e+00,0.000000000000000000e+00,0.000000000000000000e+00,0.000000000000000000e+00
3.698002951674930067e-02,1.170259189365176589e+00,8.898294877573916795e-01,-8.566085414033556764e-03,1.685423640258979644e-02,7.041708090816948262e-01,7.097788588942315346e-01,-2.987232193255668355e-01,-1.307229353413423001e-01,-1.157738665736224720e-01,5.194538735995422041e-01,-4.977713508743870086e-01,1.143413086878534851e-01,-2.585146868007727750e-01,2.308943973486570628e-02,5.642329122600878155e-02,4.021792974477734206e-01,-3.335847362000152749e-01,9.962697170117974788e-02,1.371075534824837613e-02,0.000000000000000000e+00,0.000000000000000000e+00,-8.857799382137342137e-02,2.521290275106459200e-01,-5.219619337411873783e-01,1.218868374959405809e+00,0.000000000000000000e+00,0.000000000000000000e+00,0.000000000000000000e+00,-1.266789026843105903e-01,-2.765560386195626830e-01,6.063563906753991484e-01,1.218877934801530616e+00,0.000000000000000000e+00,0.000000000000000000e+00,0.000000000000000000e+00
3.719124570278200398e-02,1.170137066171359042e+00,8.897866826613448632e-01,-8.060791683663802096e-03,1.640251922507016125e-02,7.040270251781585165e-01,7.099379753325623099e-01,-2.975452021576007189e-01,-1.315452916186698185e-01,-1.182554271667397988e-01,5.200085988999310072e-01,-4.975615665927170528e-01,1.141457717786237974e-01,-2.581492121916310056e-01,2.358914384520436822e-02,5.715758661107045446e-02,4.042434217163097254e-01,-3.342785644481055529e-01,1.006076099625895087e-01,1.367326592823418611e-02,0.000000000000000000e+00,0.000000000000000000e+00,-8.846996351158673000e-02,2.513492081671055423e-01,-5.218606161444486746e-01,1.219838525731557599e+00,0.000000000000000000e+00,0.000000000000000000e+00,0.000000000000000000e+00,-1.271257695973992963e-01,-2.756450002822679046e-01,6.054972005743721741e-01,1.220895864878179138e+00,0.000000000000000000e+00,0.000000000000000000e+00,0.000000000000000000e+00
3.753282890763322277e-02,1.170078959672604446e+00,8.895506415754996787e-01,-7.158594886021813104e-03,1.638282831337759676e-02,7.039105380224399688e-01,7.100635970930156970e-01,-2.973137894210525212e-01,-1.333629634569157285e-01,-1.197250276444314920e-01,5.220747873134931050e-01,-4.971385906213107719e-01,1.135151626708778699e-01,-2.601661256999284189e-01,2.271710949498890672e-02,5.699095384609292186e-02,4.112015350016106074e-01,-3.371305008271574533e-01,1.003512226396130608e-01,1.354593505796369488e-02,0.000000000000000000e+00,0.000000000000000000e+00,-8.801940095314791934e-02,2.513535310238839138e-01,-5.260411179732290554e-01,1.220584298619300290e+00,0.000000000000000000e+00,0.000000000000000000e+00,0.000000000000000000e+00,-1.275427491967718319e-01,-2.751087718211854272e-01,6.057604879780008611e-01,1.222511347941650728e+00,0.000000000000000000e+00,0.000000000000000000e+00,0.000000000000000000e+00
3.792185580607394801e-02,1.170152998549324641e+00,8.895082638192087776e-01,-7.188986627965533380e-03,1.726285957345219391e-02,7.042989990996120220e-01,7.096571228543373522e-01,-2.982793670181573820e-01,-1.355984914263886343e-01,-1.230587919017575027e-01,5.209663398043926641e-01,-4.955751819365165622e-01,1.134897466321568432e-01,-2.628939216774773824e-01,2.155248779597884398e-02,5.611309882056400578e-02,4.144014492496672641e-01,-3.389955374978729230e-01,9.939267824444347754e-02,1.349272546634149202e-02,0.000000000000000000e+00,0.000000000000000000e+00,-9.012498453026465683e-02,2.499365630768241309e-01,-5.286366995741595964e-01,1.224021385934916495e+00,0.000000000000000000e+00,0.000000000000000000e+00,0.000000000000000000e+00,-1.268412310299694701e-01,-2.756632518684624111e-01,6.059482538015654729e-01,1.220586660040414273e+00,0.000000000000000000e+00,0.000000000000000000e+00,0.000000000000000000e+00
3.818903954688374069e-02,1.170301477772373699e+00,8.898091425727280290e-01,-7.557276924868296455e-03,1.727412780490572217e-02,7.043692996953854202e-01,7.095832450958052817e-01,-2.964592209630254049e-01,-1.342547329760830355e-01,-1.232442270083926039e-01,5.167628899523919461e-01,-4.949777273238682995e-01,1.133898334530404062e-01,-2.603248440574328360e-01,2.216401015595505578e-02,5.580872460158273207e-02,4.082197688534756619e-01,-3.354836679737778216e-01,1.008000139666784534e-01,1.293924361932622009e-02,0.000000000000000000e+00,0.000000000000000000e+00,-9.007706621204900066e-02,2.506871836513611118e-01,-5.304972360023316735e-01,1.222640137448655961e+00,0.000000000000000000e+00,0.000000000000000000e+00,0.000000000000000000e+00,-1.280198037903582109e-01,-2.747693955782917197e-01,6.057121121858772828e-01,1.222170768775069805e+00,0.000000000000000000e+00,0.000000000000000000e+00,0.000000000000000000e+00
3.853375694339401802e-02,1.170456162897815178e+00,8.896398323427598953e-01,-7.147401804463228078e-03,1.688702708242032641e-02,7.040643676335046619e-01,7.098993655389450597e-01,-2.964649582461766353e-01,-1.348673928522131915e-01,-1.251729219641653235e-01,5.199352437433226726e-01,-4.959267068733336781e-01,1.138244051042868604e-01,-2.605315059467440686e-01,2.299062936089184619e-02,5.618951752319405885e-02,4.117146616387301616e-01,-3.379186704377032391e-01,1.000213665050658507e-01,1.334312776689509580e-02,0.000000000000000000e+00,0.000000000000000000e+00,-8.901486866013527677e-02,2.508397185300854093e-01,-5.284127997525953635e-01,1.223201384712717887e+00,0.000000000000000000e+00,0.000000000000000000e+00,0.000000000000000000e+00,-1.263376501956172404e-01,-2.747349317444667816e-01,6.037898421287687389e-01,1.219387139829459787e+00,0.000000000000000000e+00,0.000000000000000000e+00,0.000000000000000000e+00
3.883220858455339874e-02,1.170732006666553637e+00,8.900204846749858456e-01,-8.025454001181889230e-03,1.759489597809197475e-02,7.044319695625881339e-01,7.095080069891864794e-01,-2.958502891057239181e-01,-1.338872578155505533e-01,-1.258500329579770871e-01,5.143982659867176732e-01,-4.937892368708445279e-01,1.133451783730280993e-01,-2.583326467910170288e-01,2.331793319259649333e-02,5.633935252136654248e-02,4.027460817151970462e-01,-3.338407644981054578e-01,1.014475943387296020e-01,1.227634071624192531e-02,0.000000000000000000e+00,0.000000000000000000e+00,-9.064131525931393152e-02,2.503707491471941493e-01,-5.275740333712175545e-01,1.226516019307607452e+00,0.000000000000000000e+00,0.000000000000000000e+00,0.000000000000000000e+00,-1.278224411487955126e-01,-2.726121870071092079e-01,5.999770206827048646e-01,1.223213816068028148e+00,0.000000000000000000e+00,0.000000000000000000e+00,0.000000000000000000e+00
3.907798739570737118e-02,1.170922116615719544e+00,8.900429315502047523e-01,-7.879600827299394414e-03,1.731230417618151787e-02,7.036632478699774706e-01,7.102789801282223259e-01,-2.955619356256674046e-01,-1.332881929859130177e-01,-1.257867487318637956e-01,5.157881604399890962e-01,-4.934137508385139093e-01,1.139200985589403081e-01,-2.575873473966944216e-01,2.475295491820502652e-02,5.801125618107841331e-02,4.024544286687850581e-01,-3.325912025985616749e-01,9.936797601237423727e-02,1.134411424331709453e-02,0.000000000000000000e+00,0.000000000000000000e+00,-8.829327181015300674e-02,2.509438911545953110e-01,-5.302549146495861843e-01,1.225382141680780190e+00,0.000000000000000000e+00,0.000000000000000000e+00,0.000000000000000000e+00,-1.280795590174408916e-01,-2.714945364793430738e-01,6.013167413419721052e-01,1.221397940736964172e+00,0.000000000000000000e+00,0.000000000000000000e+00,0.000000000000000000e+00
3.928348517597173711e-02,1.171113412937179632e+00,8.898236478661357696e-01,-7.728769241675689794e-03,1.654620294056019514e-02,7.035750954498225518e-01,7.103862149261002124e-01,-2.962119358552965931e-01,-1.330623889552808581e-01,-1.272201767937681249e-01,5.210249650626209705e-01,-4.959481072422366466e-01,1.149347915782266416e-01,-2.574987017446712656e-01,2.655286481383933861e-02,5.859878785755773256e-02,4.057553506897696449e-01,-3.337803934418955287e-01,9.844096010504442551e-02,1.181141402755855885e-02,0.000000000000000000e+00,0.000000000000000000e+00,-8.806345469398624282e-02,2.508567819383271114e-01,-5.278693626669520578e-01,1.227342453560248625e+00,0.000000000000000000e+00,0.000000000000000000e+00,0.000000000000000000e+00,-1.288080825215242864e-01,-2.697277201208764241e-01,5.973893250570623259e-01,1.225796349988157674e+00,0.000000000000000000e+00,0.000000000000000000e+00,0.000000000000000000e+00
3.947016153752343215e-02,1.171327422065008284e+00,8.897033707623954735e-01,-7.867479875792103908e-03,1.656255859313580589e-02,7.031931429816535850e-01,7.107623991720697365e-01,-2.970524271640073155e-01,-1.328979439436584475e-01,-1.279361307147763860e-01,5.230574227840891766e-01,-4.973722423373888590e-01,1.138000122792050400e-01,-2.576683914158839350e-01,2.707851032077494835e-02,5.840218473755430517e-02,4.061899639923181038e-01,-3.358468830120953097e-01,9.806089098806899940e-02,1.172277694931904771e-02,0.000000000000000000e+00,0.000000000000000000e+00,-8.663561638440198109e-02,2.519028504767010790e-01,-5.291797697646999366e-01,1.225288875016410373e+00,0.000000000000000000e+00,0.000000000000000000e+00,0.000000000000000000e+00,-1.290502675591764792e-01,-2.695137717613522721e-01,5.994275269418878338e-01,1.224905880942542602e+00,0.000000000000000000e+00,0.000000000000000000e+00,0.000000000000000000e+00
3.955763672498478073e-02,1.171499878364109515e+00,8.898663340742083427e-01,-8.404564123852781982e-03,1.597779436306331208e-02,7.030523193601707632e-01,7.109089320239722065e-01,-2.971084237825751817e-01,-1.307206945457701497e-01,-1.279251297237295193e-01,5.239086918435670315e-01,-4.970400318192404465e-01,1.128721361808472934e-01,-2.541205189648563789e-01,2.873975903132626117e-02,5.795887802921162457e-02,3.991142735595664126e-01,-3.321699881169698498e-01,9.881871137443258568e-02,1.245031975112970667e-02,0.000000000000000000e+00,0.000000000000000000e+00,-8.729823722262400332e-02,2.523147017056051045e-01,-5.312937918168119111e-01,1.226093713253251227e+00,0.000000000000000000e+00,0.000000000000000000e+00,0.000000000000000000e+00,-1.287485602520986039e-01,-2.672407292619046748e-01,5.959843342826822710e-01,1.226957247743377444e+00,0.000000000000000000e+00,0.000000000000000000e+00,0.000000000000000000e+00
3.961444569130210397e-02,1.171636638861499380e+00,8.897025036983098323e-01,-8.437102957441747556e-03,1.582429341003086312e-02,7.027611896113291623e-01,7.111997732056926091e-01,-2.977949123198783132e-01,-1.300071105885719780e-01,-1.266637714869679743e-01,5.265264574585731827e-01,-4.997891574467127618e-01,1.128110625494468666e-01,-2.551456216747299277e-01,2.925792339152512300e-02,5.781307590230616578e-02,4.018826240848731857e-01,-3.332836677460391805e-01,9.877289638116931725e-02,1.232694435891141041e-02,0.000000000000000000e+00,0.000000000000000000e+00,-8.681656977264395891e-02,2.522654794022798352e-01,-5.307895862687618260e-01,1.226600866346387431e+00,0.000000000000000000e+00,0.000000000000000000e+00,0.000000000000000000e+00,-1.295347742430202342e-01,-2.663445558423503945e-01,5.939509583912108148e-01,1.228718863254366633e+00,0.000000000000000000e+00,0.000000000000000000e+00,0.000000000000000000e+00
3.964659304080056512e-02,1.171809952235902008e+00,8.898107218469550883e-01,-9.143357309056160398e-03,1.590592975375627882e-02,7.028601691448251865e-01,7.110914027363121059e-01,-2.983513830687827828e-01,-1.290149002344286588e-01,-1.272247378214434732e-01,5.259384577232909530e-01,-5.005496944327999520e-01,1.131511416841518569e-01,-2.539069570169679713e-01,3.071227155765139313e-02,5.916001040943325018e-02,3.972125672059093615e-01,-3.317461517855133657e-01,9.831876476254651498e-02,1.272488057774337489e-02,0.000000000000000000e+00,0.000000000000000000e+00,-8.619216144970746896e-02,2.528006173771991660e-01,-5.293371940067442827e-01,1.223987238152562718e+00,0.000000000000000000e+00,0.000000000000000000e+00,0.000000000000000000e+00,-1.285841670797097658e-01,-2.658321824275989287e-01,5.920338545115080287e-01,1.227389987707504293e+00,0.000000000000000000e+00,0.000000000000000000e+00,0.000000000000000000e+00
3.967109450306330332e-02,1.171988054939424151e+00,8.898465168966791516e-01,-9.636195872212304295e-03,1.580224927478150743e-02,7.025580730218342618e-01,7.113856806815955780e-01,-2.994529698042737165e-01,-1.278481253716407806e-01,-1.267556770352009088e-01,5.274522426617139770e-01,-5.005253949679353553e-01,1.130850743674000902e-01,-2.530256197819690245e-01,3.201951013242830546e-02,5.986584979636430659e-02,3.942852915859553775e-01,-3.302767722324851940e-01,9.851918782861096568e-02,1.243054913991701108e-02,0.000000000000000000e+00,0.000000000000000000e+00,-8.539960970588048039e-02,2.532800780686134123e-01,-5.260267925172710246e-01,1.224118958863686935e+00,0.000000000000000000e+00,0.000000000000000000e+00,0.000000000000000000e+00,-1.286659037254586635e-01,-2.648921216083408581e-01,5.902292403227901163e-01,1.227601224683246395e+00,0.000000000000000000e+00,0.000000000000000000e+00,0.000000000000000000e+00
3.974745938210613033e-02,1.172016813232532373e+00,8.895808129728938196e-01,-9.305209243808718056e-03,1.463250271822072457e-02,7.022131078702935625e-01,7.117556140138785459e-01,-2.999687675341332627e-01,-1.263456739002359330e-01,-1.259441671563462650e-01,5.337187168978279050e-01,-5.034846373810463183e-01,1.119194727564755132e-01,-2.516071963149597024e-01,3.380442800894983141e-02,5.960784421177337672e-02,3.963072059238149647e-01,-3.326113947830049433e-01,9.574979075680752072e-02,1.244985243777342945e-02,0.000000000000000000e+00,0.000000000000000000e+00,-8.472832923856354892e-02,2.535137494315184425e-01,-5.255134042423406093e-01,1.226075941729344088e+00,0.000000000000000000e+00,0.000000000000000000e+00,0.000000000000000000e+00,-1.290764243947522816e-01,-2.629412880497902227e-01,5.893796982921825078e-01,1.229832474324095593e+00,0.000000000000000000e+00,0.000000000000000000e+00,0.000000000000000000e+00
3.989744502946628718e-02,1.172144134023380690e+00,8.898240417010651049e-01,-9.830581412961373125e-03,1.560690535883496946e-02,7.026813050943611083e-01,7.112656097725302828e-01,-2.997015774290666679e-01,-1.265287918145572843e-01,-1.262774061900812650e-01,5.283325124684233876e-01,-5.010902900794494963e-01,1.108728933736539968e-01,-2.515395778048666875e-01,3.289749201722304978e-02,5.937095697522254412e-02,3.922075544880086473e-01,-3.322583364374552262e-01,9.634027726914308476e-02,1.174315550107362868e-02,0.000000000000000000e+00,0.000000000000000000e+00,-8.456675006081371126e-02,2.549680517937074065e-01,-5.275621567598913764e-01,1.222338673860292602e+00,0.000000000000000000e+00,0.000000000000000000e+00,0.000000000000000000e+00,-1.289259339315875497e-01,-2.638721026303846862e-01,5.887591197667209064e-01,1.228766707524924673e+00,0.000000000000000000e+00,0.000000000000000000e+00,0.000000000000000000e+00
3.994881508275668208e-02,1.172182397820010769e+00,8.897165185770929963e-01,-9.929427649411437171e-03,1.494674693087758022e-02,7.022785547711710707e-01,7.116760728950041193e-01,-3.003212878980794920e-01,-1.249412268409373500e-01,-1.250547678598326606e-01,5.317558380386575578e-01,-5.025455636248014057e-01,1.114356305871392339e-01,-2.507678092907320022e-01,3.453590429066016182e-02,5.991704718270959851e-02,3.920141751721760714e-01,-3.312295911488826183e-01,9.657029520017471058e-02,9.886226952489399547e-03,0.000000000000000000e+00,0.000000000000000000e+00,-8.301505145868084967e-02,2.554180601054585886e-01,-5.259681046551581973e-01,1.223343574774363729e+00,0.000000000000000000e+00,0.000000000000000000e+00,0.000000000000000000e+00,-1.305372968777196441e-01,-2.628139234182943484e-01,5.882742987252566058e-01,1.230399595563102633e+00,0.000000000000000000e+00,0.000000000000000000e+00,0.000000000000000000e+00
4.015068491417399243e-02,1.172245159891635469e+00,8.894363201392559981e-01,-9.278753257426938100e-03,1.515551729566458859e-02,7.022906243730114850e-01,7.116685281444270483e-01,-3.006631155083591134e-01,-1.266241917929920580e-01,-1.255374584794837489e-01,5.342136927538401192e-01,-5.043379150969555802e-01,1.117593632305537710e-01,-2.536076629630048540e-01,3.350750330991120185e-02,5.929362774759433519e-02,4.000356140396400528e-01,-3.364112956941731070e-01,9.497040613903010020e-02,1.066844271554335047e-02,0.000000000000000000e+00,0.000000000000000000e+00,-8.295403794095934646e-02,2.547889753847996652e-01,-5.245749305865630152e-01,1.223868434549129081e+00,0.000000000000000000e+00,0.000000000000000000e+00,0.000000000000000000e+00,-1.297047594634813950e-01,-2.630839539785292391e-01,5.862665932268620317e-01,1.230415693221338813e+00,0.000000000000000000e+00,0.000000000000000000e+00,0.000000000000000000e+00
4.030898495648842228e-02,1.172278185737301470e+00,8.891696569498237501e-01,-9.487899349978767480e-03,1.450914684357306611e-02,7.026590995510320070e-01,7.113154393389267138e-01,-3.027767746605588561e-01,-1.256556586759784433e-01,-1.258885551988057072e-01,5.403991604864909482e-01,-5.079004752775578835e-01,1.119196559311487482e-01,-2.533139606786669051e-01,3.512231787273554368e-02,5.895338109788153536e-02,4.012009077037563820e-01,-3.377455961609982515e-01,9.464224170460412700e-02,1.092365596477669169e-02,0.000000000000000000e+00,0.000000000000000000e+00,-8.321196252821996819e-02,2.551279272282006017e-01,-5.229534232508857849e-01,1.223872473742333877e+00,0.000000000000000000e+00,0.000000000000000000e+00,0.000000000000000000e+00,-1.284798231013714320e-01,-2.613298429917431109e-01,5.823307713911879402e-01,1.229776768413763710e+00,0.000000000000000000e+00,0.000000000000000000e+00,0.000000000000000000e+00
4.040615122887927790e-02,1.172289489236914672e+00,8.891777850176498799e-01,-9.756616872392544562e-03,1.460669482523685447e-02,7.020001353296845270e-01,7.119601554094120432e-01,-3.029985082013013642e-01,-1.239118924851255049e-01,-1.236734215991613928e-01,5.401022023974475506e-01,-5.089356932947494139e-01,1.090741357852327703e-01,-2.531976082041941800e-01,3.526276344232323612e-02,5.772415171859852229e-02,3.997235549826658740e-01,-3.381449458986251488e-01,9.412331384275846036e-02,1.073013166840653537e-02,0.000000000000000000e+00,0.000000000000000000e+00,-8.238922238002827081e-02,2.555500661959577702e-01,-5.213241686631301386e-01,1.223192265330558026e+00,0.000000000000000000e+00,0.000000000000000000e+00,0.000000000000000000e+00,-1.297781356318667423e-01,-2.613299580357976160e-01,5.823943039773785690e-01,1.229410613875226543e+00,0.000000000000000000e+00,0.000000000000000000e+00,0.000000000000000000e+00
4.053301969477247219e-02,1.172242923087907451e+00,8.887935429926616671e-01,-9.366311906733032835e-03,1.453373260370716472e-02,7.026226192885010047e-01,7.113525832398694959e-01,-3.050547384914777393e-01,-1.260996292076014824e-01,-1.257753492439566412e-01,5.456575332146260671e-01,-5.110157404580972784e-01,1.122488084737652825e-01,-2.566458428902717581e-01,3.506484250862886010e-02,5.748909404023872655e-02,4.085641777679066555e-01,-3.417137780402197955e-01,9.364478101787701569e-02,1.177159436657849306e-02,0.000000000000000000e+00,0.000000000000000000e+00,-8.386144828891878289e-02,2.541304415116850124e-01,-5.207365071408394108e-01,1.225270963056620976e+00,0.000000000000000000e+00,0.000000000000000000e+00,0.000000000000000000e+00,-1.270526748734903955e-01,-2.609909553570818885e-01,5.778322698593444384e-01,1.228573626953152420e+00,0.000000000000000000e+00,0.000000000000000000e+00,0.000000000000000000e+00
4.050668250439545814e-02,1.172170990324197026e+00,8.886683220049906851e-01,-9.641973792166311577e-03,1.400418174598606555e-02,7.021216608163348694e-01,7.118539798635165061e-01,-3.061452503471650544e-01,-1.244453296752941335e-01,-1.245162797939829702e-01,5.489968868762056253e-01,-5.133901389097800250e-01,1.126764169848716857e-01,-2.567853884683909405e-01,3.685958901690594702e-02,5.843529843696525228e-02,4.091982313328501597e-01,-3.418826680524030270e-01,9.406951590121113982e-02,1.144525816555700716e-02,0.000000000000000000e+00,0.000000000000000000e+00,-8.223961016422086379e-02,2.547598074143259117e-01,-5.196798017069124143e-01,1.223155344074160489e+00,0.000000000000000000e+00,0.000000000000000000e+00,0.000000000000000000e+00,-1.283932161105206526e-01,-2.599196083627967058e-01,5.765457436465782903e-01,1.230513781522803995e+00,0.000000000000000000e+00,0.000000000000000000e+00,0.000000000000000000e+00
4.044863936295485518e-02,1.172133473202567444e+00,8.890621177261970320e-01,-9.980479513981047393e-03,1.427808171696867343e-02,7.017181021991568679e-01,7.122416945512020092e-01,-3.042024805061183668e-01,-1.232303549539662535e-01,-1.231692014766181537e-01,5.429998292149365025e-01,-5.109914472057215384e-01,1.126798654383492498e-01,-2.546379633779016771e-01,3.659171002261173145e-02,5.852672355973519147e-02,4.022529312712500027e-01,-3.373114019012437570e-01,9.659146966636837639e-02,1.023714483942396447e-02,0.000000000000000000e+00,0.000000000000000000e+00,-8.240963567738177065e-02,2.541379321129873525e-01,-5.179146370969130997e-01,1.225328014513022534e+00,0.000000000000000000e+00,0.000000000000000000e+00,0.000000000000000000e+00,-1.309429497019222732e-01,-2.600111859171642115e-01,5.787694467590934755e-01,1.234431053530764322e+00,0.000000000000000000e+00,0.000000000000000000e+00,0.000000000000000000e+00
4.041617991013496392e-02,1.171951861517226190e+00,8.888446679001135164e-01,-1.026201304538457496e-02,1.393163849227865500e-02,7.007826518700622787e-01,7.131649706590610371e-01,-3.064600792202542556e-01,-1.217977533735730700e-01,-1.217491084248709526e-01,5.477208022004296240e-01,-5.131808366572273572e-01,1.122160408732103265e-01,-2.553928783920574874e-01,3.844739811088227627e-02,6.016584909695558980e-02,4.028857660440910426e-01,-3.380170871204609684e-01,9.638282645361047341e-02,8.958865391669871767e-03,0.000000000000000000e+00,0.000000000000000000e+00,-8.180932682426683700e-02,2.535667813318546182e-01,-5.151327773277105671e-01,1.228197555584594980e+00,0.000000000000000000e+00,0.000000000000000000e+00,0.000000000000000000e+00,-1.332240755350821426e-01,-2.586979246512081110e-01,5.775125293795972947e-01,1.234706809170768249e+00,0.000000000000000000e+00,0.000000000000000000e+00,0.000000000000000000e+00
4.035357995525690189e-02,1.171786879317562535e+00,8.886908311329951848e-01,-1.057339607613695318e-02,1.364498817912721158e-02,6.996481045079342431e-01,7.142790403277020639e-01,-3.084251953526225831e-01,-1.201101004136150840e-01,-1.197900696956608890e-01,5.514909912997416619e-01,-5.139699757784125245e-01,1.117496277627284124e-01,-2.564611577167811296e-01,4.004298138012273717e-02,6.133210905236300553e-02,4.037888312973198501e-01,-3.375289879142756022e-01,9.696779835981760021e-02,9.934168613362191064e-03,0.000000000000000000e+00,0.000000000000000000e+00,-8.045039026605732557e-02,2.545461056157617974e-01,-5.141878698977214723e-01,1.226512995123204997e+00,0.000000000000000000e+00,0.000000000000000000e+00,0.000000000000000000e+00,-1.334544404862934019e-01,-2.586417037738942826e-01,5.752198649926391072e-01,1.232768534549126604e+00,0.000000000000000000e+00,0.000000000000000000e+00,0.000000000000000000e+00
4.034481062414028291e-02,1.171635507519811270e+00,8.886764201508094985e-01,-1.076855441837078556e-02,1.382121204142517865e-02,6.996824068747984349e-01,7.142391349144439072e-01,-3.093917999817998865e-01,-1.199882453938637128e-01,-1.195290707714759398e-01,5.518215585179533367e-01,-5.141904102927942199e-01,1.117094402105482387e-01,-2.571646598276968732e-01,4.007097339646888828e-02,6.131324241513715773e-02,4.035335597062353341e-01,-3.371332585600964604e-01,9.643415506134095372e-02,1.042224834076942511e-02,0.000000000000000000e+00,0.000000000000000000e+00,-8.138016409353046599e-02,2.536579159413490658e-01,-5.140554532577624736e-01,1.228113790922877646e+00,0.000000000000000000e+00,0.000000000000000000e+00,0.000000000000000000e+00,-1.327844724652728903e-01,-2.589767727275297804e-01,5.757846139468676405e-01,1.231786929557226351e+00,0.000000000000000000e+00,0.000000000000000000e+00,0.000000000000000000e+00
4.034096140744709152e-02,1.171536745768093413e+00,8.885893969712286289e-01,-1.135283543953312206e-02,1.393857654271067267e-02,6.998457939261220062e-01,7.140677096293895909e-01,-3.115802783459432068e-01,-1.198547864402612489e-01,-1.206061878352036043e-01,5.538575828268044177e-01,-5.147281255651898757e-01,1.119565054173090601e-01,-2.580936042259787122e-01,4.077391644420608890e-02,6.075431102763732827e-02,4.031739612536657802e-01,-3.379057039371598514e-01,9.521286184785961171e-02,1.102674791272666155e-02,0.000000000000000000e+00,0.000000000000000000e+00,-8.299684367607856883e-02,2.536896388356283949e-01,-5.145116622642822435e-01,1.229066717652774310e+00,0.000000000000000000e+00,0.000000000000000000e+00,0.000000000000000000e+00,-1.328175998415932202e-01,-2.588939212287358349e-01,5.776658725966975494e-01,1.232363351261820839e+00,0.000000000000000000e+00,0.000000000000000000e+00,0.000000000000000000e+00
4.036005582567315370e-02,1.171387761535093386e+00,8.884617511847722193e-01,-1.105267032257871256e-02,1.389530808093484421e-02,6.995266189552080682e-01,7.143859378971370022e-01,-3.119579651753392469e-01,-1.200937833456783427e-01,-1.199098623538977781e-01,5.553990912523065759e-01,-5.151570254135601212e-01,1.123730022201167300e-01,-2.591357760677754363e-01,4.052391997078352848e-02,6.055842255811699770e-02,4.060657670847250267e-01,-3.396289708715872213e-01,9.426487720911846946e-02,1.130673309076023897e-02,0.000000000000000000e+00,0.000000000000000000e+00,-8.308200600336924924e-02,2.532597618396221772e-01,-5.136079441077763263e-01,1.230657213698238328e+00,0.000000000000000000e+00,0.000000000000000000e+00,0.000000000000000000e+00,-1.334442180455459315e-01,-2.588861375572737988e-01,5.768576691387073963e-01,1.233594404487359464e+00,0.000000000000000000e+00,0.000000000000000000e+00,0.000000000000000000e+00
4.032772207939030323e-02,1.171239854400911939e+00,8.882728139963683711e-01,-1.101585928376161427e-02,1.365041198721359504e-02,6.994204228752023411e-01,7.144951988375386476e-01,-3.128691510348421967e-01,-1.196033558348700981e-01,-1.189401171070922358e-01,5.579915654080480625e-01,-5.170814737367602776e-01,1.127315694141766828e-01,-2.602850472007905980e-01,4.083804945907634071e-02,6.029715083929534925e-02,4.088424254521252355e-01,-3.404547159901604170e-01,9.462912139762302832e-02,1.144318837893975281e-02,0.000000000000000000e+00,0.000000000000000000e+00,-8.236268552950613830e-02,2.538467334828505839e-01,-5.160712415074116821e-01,1.228449717019766796e+00,0.000000000000000000e+00,0.000000000000000000e+00,0.000000000000000000e+00,-1.339295922339814870e-01,-2.585561274194088099e-01,5.770486187446975945e-01,1.235190503227449721e+00,0.000000000000000000e+00,0.000000000000000000e+00,0.000000000000000000e+00
4.033625455238472324e-02,1.171247348672891153e+00,8.884378509326831264e-01,-1.186604637254233541e-02,1.340075712439989242e-02,6.990905807776246483e-01,7.148090489913948575e-01,-3.138853391812099769e-01,-1.169248679699445570e-01,-1.176364751896654959e-01,5.583285183622314074e-01,-5.170605335396301072e-01,1.116811560945691340e-01,-2.574818905458747254e-01,4.238326683948739210e-02,5.972640251566757597e-02,4.008105332416366795e-01,-3.374031678404925683e-01,9.415308940148699179e-02,1.213041109628027088e-02,0.000000000000000000e+00,0.000000000000000000e+00,-8.286858976497923912e-02,2.546448351429156931e-01,-5.139858219483295354e-01,1.228780795955432215e+00,0.000000000000000000e+00,0.000000000000000000e+00,0.000000000000000000e+00,-1.341295076654991092e-01,-2.587046939264059375e-01,5.763802464766154543e-01,1.234151400436198198e+00,0.000000000000000000e+00,0.000000000000000000e+00,0.000000000000000000e+00
4.038345898920361193e-02,1.171294265208213226e+00,8.883696301441407206e-01,-1.245908188301385160e-02,1.354121717043673886e-02,6.984984752820069254e-01,7.153749273946417020e-01,-3.158514334452814376e-01,-1.159220663894927894e-01,-1.172338269941185090e-01,5.603970661088385485e-01,-5.180465560209097653e-01,1.116772146201669286e-01,-2.581344523374863309e-01,4.330282154970813840e-02,5.984479121438945892e-02,3.995883827022509993e-01,-3.373367246683314780e-01,9.527740123461997390e-02,1.281827837054733132e-02,0.000000000000000000e+00,0.000000000000000000e+00,-8.293949234038708318e-02,2.547202967710628374e-01,-5.139724850368080356e-01,1.229202837353060573e+00,0.000000000000000000e+00,0.000000000000000000e+00,0.000000000000000000e+00,-1.340575036885856552e-01,-2.586493512317740717e-01,5.773940960722622195e-01,1.232797471671879475e+00,0.000000000000000000e+00,0.000000000000000000e+00,0.000000000000000000e+00
4.044517443998359857e-02,1.171327319598115091e+00,8.882826509494268219e-01,-1.203462117671515695e-02,1.371307041043079954e-02,6.972469173418816002e-01,7.165988109467491540e-01,-3.150868498325225531e-01,-1.159023046557181580e-01,-1.150837007114905025e-01,5.602462553258411582e-01,-5.189961321867012645e-01,1.129960424436296795e-01,-2.597605826786717476e-01,4.327135426513200461e-02,6.158364276896969441e-02,4.031122892723773554e-01,-3.382963503988109522e-01,9.600647861524318205e-02,1.244186311007630490e-02,0.000000000000000000e+00,0.000000000000000000e+00,-8.072618854587995663e-02,2.543904091099379872e-01,-5.136132091271214950e-01,1.229483490130718337e+00,0.000000000000000000e+00,0.000000000000000000e+00,0.000000000000000000e+00,-1.343177853729217719e-01,-2.591347656698338997e-01,5.771000821108698275e-01,1.230627384750003772e+00,0.000000000000000000e+00,0.000000000000000000e+00,0.000000000000000000e+00
4.064323904747145499e-02,1.171529529567155947e+00,8.885356926354583962e-01,-1.204285444139749708e-02,1.532746909663532109e-02,6.976871306205593148e-01,7.161373514308868593e-01,-3.136570244935896201e-01,-1.178972522008132767e-01,-1.154315555245096492e-01,5.522174487096025430e-01,-5.163240980168458671e-01,1.117679535149909698e-01,-2.616858463857882899e-01,4.017981931821466152e-02,6.018765822422525447e-02,4.029655721214978059e-01,-3.395286304194894411e-01,9.596628954270781942e-02,1.242835774644060129e-02,0.000000000000000000e+00,0.000000000000000000e+00,-8.192926616829314390e-02,2.525782972420594352e-01,-5.130291429604635356e-01,1.231067265486733620e+00,0.000000000000000000e+00,0.000000000000000000e+00,0.000000000000000000e+00,-1.331584689228230978e-01,-2.614274135297903201e-01,5.793902369307886158e-01,1.228645185898200154e+00,0.000000000000000000e+00,0.000000000000000000e+00,0.000000000000000000e+00
4.075478124265244362e-02,1.171707058923874722e+00,8.884775450949293774e-01,-1.241141280029914480e-02,1.474149965368086804e-02,6.975699235690696609e-01,7.162575282341563376e-01,-3.148835148529707806e-01,-1.163151483294946331e-01,-1.153204581791066330e-01,5.559418386279986191e-01,-5.166034802071177712e-01,1.122714032955065416e-01,-2.609543730066613554e-01,4.255525578451659074e-02,6.184269847453614799e-02,4.023549943709725518e-01,-3.382116932698905343e-01,9.622519151005103077e-02,1.267296130943356032e-02,0.000000000000000000e+00,0.000000000000000000e+00,-8.139914061965106140e-02,2.534870267278129807e-01,-5.162179476612102080e-01,1.230564546182585595e+00,0.000000000000000000e+00,0.000000000000000000e+00,0.000000000000000000e+00,-1.327524491101221560e-01,-2.606099554185740685e-01,5.789633551375265030e-01,1.229499570668220354e+00,0.000000000000000000e+00,0.000000000000000000e+00,0.000000000000000000e+00
4.104282990150528304e-02,1.171867298898513710e+00,8.882471444397337379e-01,-1.162763322186830504e-02,1.452692591577775180e-02,6.978560050938694692e-01,7.159963426746814852e-01,-3.143641773986225463e-01,-1.176379726293847461e-01,-1.163277362321807479e-01,5.584535346014549706e-01,-5.174655314005500717e-01,1.124181377339095039e-01,-2.620615896562866198e-01,4.159604326800047519e-02,6.025338793382818692e-02,4.086359456360806330e-01,-3.413745228328780579e-01,9.558099807021783190e-02,1.250713932515430844e-02,0.000000000000000000e+00,0.000000000000000000e+00,-8.050413265392702966e-02,2.527059155741295249e-01,-5.165286934271966501e-01,1.231918688452660060e+00,0.000000000000000000e+00,0.000000000000000000e+00,0.000000000000000000e+00,-1.312024867832144726e-01,-2.601610432447123422e-01,5.790572806403013750e-01,1.230188996388482892e+00,0.000000000000000000e+00,0.000000000000000000e+00,0.000000000000000000e+00
4.124756260816945380e-02,1.172081038349553239e+00,8.883465564940109527e-01,-1.209307111004465085e-02,1.411558781743244007e-02,6.976283571758747915e-01,7.162186698737930124e-01,-3.144217415073841670e-01,-1.154678429330402017e-01,-1.157856702179043962e-01,5.591540198501850911e-01,-5.177963692696099240e-01,1.116783817583415633e-01,-2.598243157309276796e-01,4.347795323262154676e-02,6.072963563104211843e-02,4.040537025116384684e-01,-3.390478316701369677e-01,9.516217583531895452e-02,1.204307788087953870e-02,0.000000000000000000e+00,0.000000000000000000e+00,-8.012131099442408588e-02,2.534722331003775309e-01,-5.158991219598039191e-01,1.233144988822486576e+00,0.000000000000000000e+00,0.000000000000000000e+00,0.000000000000000000e+00,-1.301600083380223538e-01,-2.603151575364516246e-01,5.807745515469919795e-01,1.226992981445409692e+00,0.000000000000000000e+00,0.000000000000000000e+00,0.000000000000000000e+00
4.153304566258313874e-02,1.172340304792298449e+00,8.886287733842362924e-01,-1.188985825756064089e-02,1.488590491530852530e-02,6.973977378039779573e-01,7.164310409323151330e-01,-3.117675858504471154e-01,-1.159450794180441752e-01,-1.153726763146852297e-01,5.527525429856559036e-01,-5.165791068360006122e-01,1.112134012376486125e-01,-2.585296857976362439e-01,4.213079718976021210e-02,6.101253039913290266e-02,4.002134385136351669e-01,-3.383738141134591260e-01,9.559302916523965132e-02,1.101135567865153646e-02,0.000000000000000000e+00,0.000000000000000000e+00,-7.884066039795317726e-02,2.528151908357596511e-01,-5.162170456482132463e-01,1.232517217875491067e+00,0.000000000000000000e+00,0.000000000000000000e+00,0.000000000000000000e+00,-1.296026823673460671e-01,-2.609550990846691843e-01,5.824851799855119694e-01,1.223667304473000206e+00,0.000000000000000000e+00,0.000000000000000000e+00,0.000000000000000000e+00
4.185798633192481383e-02,1.172519306351987201e+00,8.885917324153830288e-01,-1.136333499066825153e-02,1.481740361650879523e-02,6.980038424264475294e-01,7.158505117172647703e-01,-3.108319389656035714e-01,-1.173650569713979297e-01,-1.177804710760413792e-01,5.529727349681156090e-01,-5.161086870885674971e-01,1.104788873182089570e-01,-2.581248867879755160e-01,4.137113383803617261e-02,5.960820039254455249e-02,4.023834409836113402e-01,-3.402340083317778041e-01,9.366116832385464053e-02,1.182583217932503192e-02,0.000000000000000000e+00,0.000000000000000000e+00,-7.924616601976591790e-02,2.515738273790524282e-01,-5.139043662285819325e-01,1.234154920525665666e+00,0.000000000000000000e+00,0.000000000000000000e+00,0.000000000000000000e+00,-1.275076849167184057e-01,-2.605736617217105366e-01,5.806353148196089498e-01,1.223318936838620807e+00,0.000000000000000000e+00,0.000000000000000000e+00,0.000000000000000000e+00
4.196463053289823525e-02,1.172728168837786633e+00,8.887255662455791905e-01,-1.162623569600487738e-02,1.435392993819166810e-02,6.974810002283744481e-01,7.163651650236046997e-01,-3.099062592489055801e-01,-1.153975236736219101e-01,-1.161400166823913782e-01,5.528921248972238356e-01,-5.170983078796016486e-01,1.130092903475799632e-01,-2.560115106179992051e-01,4.333373424915504951e-02,6.175246310037513231e-02,3.986132067381091826e-01,-3.370196191841100530e-01,9.630222221752757217e-02,1.095175572942811912e-02,0.000000000000000000e+00,0.000000000000000000e+00,-7.838633062293591525e-02,2.523723474985715698e-01,-5.128754018576722196e-01,1.235312864364755070e+00,0.000000000000000000e+00,0.000000000000000000e+00,0.000000000000000000e+00,-1.292147307314820415e-01,-2.599575160883160763e-01,5.809343295891222780e-01,1.226873672653538305e+00,0.000000000000000000e+00,0.000000000000000000e+00,0.000000000000000000e+00
4.224046741147208933e-02,1.172909188125611957e+00,8.887705857392681486e-01,-1.189574796361634462e-02,1.450520022803757254e-02,6.977733358471742697e-01,7.160729446972817769e-01,-3.103575237189963865e-01,-1.148572988239462966e-01,-1.167144885992724146e-01,5.528678465280784105e-01,-5.169635701951378337e-01,1.114804328566734448e-01,-2.548302006448922574e-01,4.303037609969031368e-02,5.953713103142584812e-02,3.956203854122201102e-01,-3.370208426718250827e-01,9.581310277584623170e-02,1.231455348072794595e-02,0.000000000000000000e+00,0.000000000000000000e+00,-7.972425762282837891e-02,2.530197966213427185e-01,-5.139675809347968860e-01,1.235872893565276076e+00,0.000000000000000000e+00,0.000000000000000000e+00,0.000000000000000000e+00,-1.273891085895563768e-01,-2.598474397139263203e-01,5.813820704423412478e-01,1.225365739930229125e+00,0.000000000000000000e+00,0.000000000000000000e+00,0.000000000000000000e+00
4.237298722842049864e-02,1.173083397382081783e+00,8.888547865067312204e-01,-1.216109239637497459e-02,1.450408779741698025e-02,6.972469354134800401e-01,7.165810842643007827e-01,-3.097516777279266109e-01,-1.136317413145807309e-01,-1.159388070829679152e-01,5.518469882872405474e-01,-5.181744332277778975e-01,1.107928441920452978e-01,-2.537105888354437844e-01,4.406771269908435484e-02,6.070193218586193706e-02,3.927324155783305515e-01,-3.364827315894884929e-01,9.579168606792359819e-02,1.132336503453259223e-02,0.000000000000000000e+00,0.000000000000000000e+00,-7.762329659225292167e-02,2.537180613224560566e-01,-5.131605453477180445e-01,1.234041074126015713e+00,0.000000000000000000e+00,0.000000000000000000e+00,0.000000000000000000e+00,-1.277634077674453528e-01,-2.606279911529081339e-01,5.850229206302203222e-01,1.222711915802597193e+00,0.000000000000000000e+00,0.000000000000000000e+00,0.000000000000000000e+00
4.250788131045826757e-02,1.173121637865035982e+00,8.886204033888674969e-01,-1.186891763465962313e-02,1.407561972882152498e-02,6.969520035156224758e-01,7.168813782760647957e-01,-3.100869179185474223e-01,-1.138649390856234650e-01,-1.163788972366196217e-01,5.555889759685396223e-01,-5.208680584629004073e-01,1.130343513203547756e-01,-2.544814492413711160e-01,4.479921892727843635e-02,6.105655999161661851e-02,3.967149583759321252e-01,-3.383024514835532570e-01,9.581016152187193935e-02,1.197878214279966651e-02,0.000000000000000000e+00,0.000000000000000000e+00,-7.707073277851413107e-02,2.536514407714971497e-01,-5.100579433342946611e-01,1.234466533749036143e+00,0.000000000000000000e+00,0.000000000000000000e+00,0.000000000000000000e+00,-1.278675113643420735e-01,-2.587590538685661801e-01,5.812384297247042975e-01,1.225786027478441564e+00,0.000000000000000000e+00,0.000000000000000000e+00,0.000000000000000000e+00
4.260480831630641257e-02,1.173151427548855708e+00,8.884848306317405520e-01,-1.149467529374073073e-02,1.325048848308137996e-02,6.973182027817238504e-01,7.165470124591388767e-01,-3.097273747430109303e-01,-1.134817896287785011e-01,-1.169834834959862513e-01,5.585576878638754961e-01,-5.213913792347223408e-01,1.125613699849806193e-01,-2.538638424498629864e-01,4.556581769767863860e-02,6.045813518155428168e-02,3.993747245990451056e-01,-3.381782921530949171e-01,9.504132292815885286e-02,1.099584134211744127e-02,0.000000000000000000e+00,0.000000000000000000e+00,-7.589501119951005959e-02,2.541686126204896201e-01,-5.120561581183991073e-01,1.232977793870998928e+00,0.000000000000000000e+00,0.000000000000000000e+00,0.000000000000000000e+00,-1.268103048915909248e-01,-2.590638590355212045e-01,5.834714727536820522e-01,1.224617158873942069e+00,0.000000000000000000e+00,0.000000000000000000e+00,0.000000000000000000e+00
4.277381446300856926e-02,1.173187063436423871e+00,8.881442649811144285e-01,-1.067655603874942405e-02,1.291776218387295783e-02,6.974852973384836341e-01,7.164031006130266999e-01,-3.098001306212938566e-01,-1.146475763857831565e-01,-1.173810107481154247e-01,5.624682019863552762e-01,-5.228734296888530864e-01,1.124378854817491835e-01,-2.548323059105958577e-01,4.496338246564475505e-02,5.984255947340128001e-02,4.056701423694075714e-01,-3.433732506762914305e-01,9.440645206706999026e-02,1.224199032919595295e-02,0.000000000000000000e+00,0.000000000000000000e+00,-7.636205647025298693e-02,2.540872965061501398e-01,-5.119652058583512577e-01,1.233272178881036352e+00,0.000000000000000000e+00,0.000000000000000000e+00,0.000000000000000000e+00,-1.241988660100175612e-01,-2.592280246541810440e-01,5.823977139488308863e-01,1.222868190261427790e+00,0.000000000000000000e+00,0.000000000000000000e+00,0.000000000000000000e+00
4.285001099326455481e-02,1.173420665665092955e+00,8.889150725142650478e-01,-1.105897512029756224e-02,1.408611018338507860e-02,6.987672922048175916e-01,7.151248505778112774e-01,-3.057945102878213972e-01,-1.155668570412703711e-01,-1.194321684262835831e-01,5.490658263086359847e-01,-5.172057623995092168e-01,1.097017067744935903e-01,-2.506494585546755194e-01,4.185682903285897066e-02,5.671565839629463812e-02,3.932870867077772337e-01,-3.379014101784127977e-01,9.568502408368410872e-02,1.218884471307200845e-02,0.000000000000000000e+00,0.000000000000000000e+00,-7.871915884001209895e-02,2.527696186644997067e-01,-5.112378109424281503e-01,1.233975824123501930e+00,0.000000000000000000e+00,0.000000000000000000e+00,0.000000000000000000e+00,-1.243729708636906461e-01,-2.604708302982394197e-01,5.849698464751051930e-01,1.225670695062304194e+00,0.000000000000000000e+00,0.000000000000000000e+00,0.000000000000000000e+00
4.271928944967205016e-02,1.173672925393038025e+00,8.892291398229897892e-01,-1.103267721746466375e-02,1.406228121845187404e-02,6.991301611980548225e-01,7.147709772951963414e-01,-3.031258691735495003e-01,-1.153524948075986406e-01,-1.190664725681714192e-01,5.441748634558490894e-01,-5.147614372390361126e-01,1.111459717791273283e-01,-2.491231874096384025e-01,4.200340921440813557e-02,5.873823120768034700e-02,3.905368564686444444e-01,-3.332922550169660214e-01,9.773203402925616234e-02,9.235662941730593198e-03,0.000000000000000000e+00,0.000000000000000000e+00,-7.814021619329267199e-02,2.517201495644199594e-01,-5.139543903761543131e-01,1.234993030879548703e+00,0.000000000000000000e+00,0.000000000000000000e+00,0.000000000000000000e+00,-1.259696513453654743e-01,-2.601101508556925568e-01,5.843058604624044028e-01,1.229363244202911876e+00,0.000000000000000000e+00,0.000000000000000000e+00,0.000000000000000000e+00
4.274450027784348904e-02,1.173871634644406914e+00,8.889759249579920475e-01,-1.020147478908470413e-02,1.409517988756676422e-02,6.992909779796819825e-01,7.146253451510689025e-01,-3.028194803707779936e-01,-1.183061486329656936e-01,-1.214567498416235236e-01,5.463971333168184952e-01,-5.149925927957677008e-01,1.131402490670544991e-01,-2.520477882277076809e-01,4.127434307630149790e-02,5.940187664087952235e-02,3.999468147711419119e-01,-3.378463046396413816e-01,9.443268564109982832e-02,8.627470401573498343e-03,0.000000000000000000e+00,0.000000000000000000e+00,-7.666252583620827843e-02,2.501027660363437377e-01,-5.102978026728992589e-01,1.235183816402843915e+00,0.000000000000000000e+00,0.000000000000000000e+00,0.000000000000000000e+00,-1.244792399262541205e-01,-2.611294879207075037e-01,5.816314313174842932e-01,1.227365901087716482e+00,0.000000000000000000e+00,0.000000000000000000e+00,0.000000000000000000e+00
4.265948300729949239e-02,1.174236240173633483e+00,8.896142117748880862e-01,-1.143762004714862952e-02,1.497407008700628664e-02,6.990441415893796639e-01,7.148302219284335957e-01,-3.013560612128661775e-01,-1.164498133390571011e-01,-1.201572721369223440e-01,5.377398030562854370e-01,-5.121019007329460360e-01,1.136956913484595960e-01,-2.485457913670304220e-01,4.103147867861355741e-02,5.879553042166163479e-02,3.865753042378501370e-01,-3.311909344743482753e-01,9.651507211450764678e-02,8.210239938100251378e-03,0.000000000000000000e+00,0.000000000000000000e+00,-7.744822626467667837e-02,2.506017045634955087e-01,-5.127766779705726918e-01,1.235483459546435014e+00,0.000000000000000000e+00,0.000000000000000000e+00,0.000000000000000000e+00,-1.261754324918982484e-01,-2.607574477170881422e-01,5.818765574407953611e-01,1.229811084215243211e+00,0.000000000000000000e+00,0.000000000000000000e+00,0.000000000000000000e+00
4.270069880872433277e-02,1.174447753831171282e+00,8.893514059914003900e-01,-1.051160543593974810e-02,1.480064024402414323e-02,6.992969319210724510e-01,7.146007614082851012e-01,-3.003237730054484911e-01,-1.180193956307072495e-01,-1.199501196393966684e-01,5.396896412103280305e-01,-5.136970954677163581e-01,1.149940653970712157e-01,-2.509117387179025660e-01,4.009229737677227207e-02,5.911850284299199898e-02,3.958345037339544570e-01,-3.351055559090956315e-01,9.739310174525696306e-02,8.018418230114805062e-03,0.000000000000000000e+00,0.000000000000000000e+00,-7.607819364910980986e-02,2.495555392408582429e-01,-5.115603712196826747e-01,1.235503212049217980e+00,0.000000000000000000e+00,0.000000000000000000e+00,0.000000000000000000e+00,-1.244798316607511335e-01,-2.619776100490616155e-01,5.829538590163529932e-01,1.229239620709567049e+00,0.000000000000000000e+00,0.000000000000000000e+00,0.000000000000000000e+00
4.280740614500416069e-02,1.174693476955976479e+00,8.898546491405741055e-01,-1.127952401660334801e-02,1.593042909535934484e-02,7.002360411276596919e-01,7.136445056697759970e-01,-2.990975326037114690e-01,-1.181205379391744303e-01,-1.208647975822286502e-01,5.312542942752156439e-01,-5.100701586873712667e-01,1.141034808510508619e-01,-2.492684725851400662e-01,3.851312802747054037e-02,5.764215100813746551e-02,3.872272142665252881e-01,-3.302803833038170378e-01,9.894538194972476997e-02,8.072060368823880117e-03,0.000000000000000000e+00,0.000000000000000000e+00,-7.744337415169730288e-02,2.487519850824366219e-01,-5.111875225051353278e-01,1.234444554628590485e+00,0.000000000000000000e+00,0.000000000000000000e+00,0.000000000000000000e+00,-1.236151444452681103e-01,-2.618424156316254137e-01,5.793739152049235397e-01,1.230184897096018970e+00,0.000000000000000000e+00,0.000000000000000000e+00,0.000000000000000000e+00
4.301842051333160805e-02,1.174758070988937586e+00,8.895549184310499458e-01,-9.937562449997959513e-03,1.534602403349676417e-02,7.008468336505250251e-01,7.130774573361220448e-01,-2.973976190800178276e-01,-1.198243735135969684e-01,-1.216516720358413739e-01,5.339407216190903416e-01,-5.115748238731102626e-01,1.134283260852415182e-01,-2.500170421433344226e-01,3.705230950688793989e-02,5.541317915586587567e-02,3.959027521735706823e-01,-3.349355869698759647e-01,9.677341797893695974e-02,7.467644193657706035e-03,0.000000000000000000e+00,0.000000000000000000e+00,-7.671099937936756707e-02,2.480893937316779041e-01,-5.109526090926490571e-01,1.235145672596489996e+00,0.000000000000000000e+00,0.000000000000000000e+00,0.000000000000000000e+00,-1.238652408435695629e-01,-2.621827509079336371e-01,5.799401790438883930e-01,1.233264017554127179e+00,0.000000000000000000e+00,0.000000000000000000e+00,0.000000000000000000e+00
4.317908610410076120e-02,1.174812339514551551e+00,8.893597095066028135e-01,-1.028564220191559644e-02,1.516301897431891234e-02,7.008440913460598498e-01,7.130791316855332740e-01,-2.996749635683684798e-01,-1.195134722438708358e-01,-1.221757749896881101e-01,5.385916803123096397e-01,-5.137511339603547666e-01,1.158200074061262463e-01,-2.516703405878982780e-01,3.867907545855511775e-02,5.637686886234160449e-02,3.987549309776406425e-01,-3.353004111836159762e-01,9.688607154514973507e-02,6.642782627793595608e-03,0.000000000000000000e+00,0.000000000000000000e+00,-7.727485582280058107e-02,2.483672139841870130e-01,-5.108915736251136153e-01,1.236807611654425543e+00,0.000000000000000000e+00,0.000000000000000000e+00,0.000000000000000000e+00,-1.238490217040710967e-01,-2.616077623455595469e-01,5.781217058903950212e-01,1.232648075729120940e+00,0.000000000000000000e+00,0.000000000000000000e+00,0.000000000000000000e+00
4.338641540810086322e-02,1.174808420872583525e+00,8.892424611668917622e-01,-9.750097743881882412e-03,1.538140971017371711e-02,6.999801214618561751e-01,7.139300927874921987e-01,-2.993552462043700402e-01,-1.200315658516699358e-01,-1.212274250438360318e-01,5.391512551035010370e-01,-5.139768321968237741e-01,1.157217697007354162e-01,-2.530928957369138477e-01,3.845459711578000372e-02,5.784938260026810386e-02,4.023780012762455671e-01,-3.376026993788535102e-01,9.647420511287066458e-02,7.208793406919544733e-03,0.000000000000000000e+00,0.000000000000000000e+00,-7.668396260257523411e-02,2.478931640682970339e-01,-5.101205548423809466e-01,1.238889814329252381e+00,0.000000000000000000e+00,0.000000000000000000e+00,0.000000000000000000e+00,-1.249350140209440074e-01,-2.615920633361172865e-01,5.795235476804989627e-01,1.233556751267474327e+00,0.000000000000000000e+00,0.000000000000000000e+00,0.000000000000000000e+00
4.358820425961966449e-02,1.174699517681123018e+00,8.891741185121346813e-01,-9.175961198161374302e-03,1.473993050021435783e-02,7.006505286941034916e-01,7.132933287404360501e-01,-2.982990554356133583e-01,-1.201743627728473762e-01,-1.217971249200124895e-01,5.405428043403865956e-01,-5.146619016804603319e-01,1.161684387794376938e-01,-2.518629542546356181e-01,3.823090539954061839e-02,5.631476784238821642e-02,4.037655525396361411e-01,-3.376310790764625591e-01,9.673159437812105244e-02,7.532243355125626053e-03,0.000000000000000000e+00,0.000000000000000000e+00,-7.803994749891318694e-02,2.471755331004752143e-01,-5.101242284913496405e-01,1.239764981473604699e+00,0.000000000000000000e+00,0.000000000000000000e+00,0.000000000000000000e+00,-1.237424061067980141e-01,-2.600578074498948733e-01,5.783040770361238536e-01,1.235610678629613268e+00,0.000000000000000000e+00,0.000000000000000000e+00,0.000000000000000000e+00
4.370809806343736031e-02,1.174581259290258251e+00,8.887418640248762047e-01,-8.542886336926213894e-03,1.449474413663342023e-02,7.005165480165682634e-01,7.134377950742439856e-01,-2.993944468714518914e-01,-1.209024539370827239e-01,-1.211216281198375794e-01,5.455620280046415971e-01,-5.178789075653690288e-01,1.164121074286028207e-01,-2.546256043886805376e-01,3.803196493842053022e-02,5.625768515224875005e-02,4.121780024355920502e-01,-3.425041091096968637e-01,9.623086711566621043e-02,7.650090933426218279e-03,0.000000000000000000e+00,0.000000000000000000e+00,-7.583402761049834462e-02,2.477989419709061836e-01,-5.096294263453514661e-01,1.236389108593058284e+00,0.000000000000000000e+00,0.000000000000000000e+00,0.000000000000000000e+00,-1.218441011930413292e-01,-2.614907850262015998e-01,5.805377574853310962e-01,1.230922975601657976e+00,0.000000000000000000e+00,0.000000000000000000e+00,0.000000000000000000e+00
4.378774371159991491e-02,1.174544172010448362e+00,8.888662083069456266e-01,-8.490129495089669687e-03,1.513599784942084962e-02,7.002337660482992332e-01,7.137026636885102082e-01,-2.994168990096475191e-01,-1.221565510911929719e-01,-1.226161604678217415e-01,5.430851138073932161e-01,-5.146287666745100742e-01,1.144591626721079558e-01,-2.548017850115923411e-01,3.669069377620871181e-02,5.537375763066149786e-02,4.104631621014453446e-01,-3.424110627479293734e-01,9.504917728196889126e-02,7.483475976859027545e-03,0.000000000000000000e+00,0.000000000000000000e+00,-7.732102269456424259e-02,2.468967032281147445e-01,-5.101738141372402779e-01,1.241092824316535115e+00,0.000000000000000000e+00,0.000000000000000000e+00,0.000000000000000000e+00,-1.215268670184026512e-01,-2.626995090760244622e-01,5.797665876667340568e-01,1.227300983392122680e+00,0.000000000000000000e+00,0.000000000000000000e+00,0.000000000000000000e+00
4.362614194861556827e-02,1.174605347342420725e+00,8.891554748852827927e-01,-9.429785383924365813e-03,1.499766694443950901e-02,7.002037326376440163e-01,7.137232530429057364e-01,-2.991642780553264713e-01,-1.194169934930150168e-01,-1.209285800333642635e-01,5.403875457761444512e-01,-5.144686878656468121e-01,1.141328321470984897e-01,-2.514752047150010106e-01,3.830594804846214341e-02,5.650518908463462997e-02,4.007694758924102985e-01,-3.379597609354925702e-01,9.597356049156086089e-02,6.497658504981414229e-03,0.000000000000000000e+00,0.000000000000000000e+00,-7.654649672958317719e-02,2.480544194835265503e-01,-5.127724817130597801e-01,1.237892448984706517e+00,0.000000000000000000e+00,0.000000000000000000e+00,0.000000000000000000e+00,-1.228194194045127696e-01,-2.623484975502709537e-01,5.817604257990569572e-01,1.229080255485807127e+00,0.000000000000000000e+00,0.000000000000000000e+00,0.000000000000000000e+00
4.340764615793607506e-02,1.174682491818396013e+00,8.890967372990404849e-01,-1.026859039579436188e-02,1.504069872083323330e-02,7.003743894674382409e-01,7.135433049306717512e-01,-3.013205617484043808e-01,-1.185639789334388267e-01,-1.208367365733449827e-01,5.425049315918828441e-01,-5.161320826718881483e-01,1.147781035836197977e-01,-2.518371726513639608e-01,3.973316241883163846e-02,5.752545517168895783e-02,3.991021596392809734e-01,-3.385361585540711538e-01,9.545053871288493308e-02,6.689141558335276461e-03,0.000000000000000000e+00,0.000000000000000000e+00,-7.862513542474813821e-02,2.469753276508461770e-01,-5.108513121633611043e-01,1.241277420369140350e+00,0.000000000000000000e+00,0.000000000000000000e+00,0.000000000000000000e+00,-1.225490532885005340e-01,-2.620602637512745581e-01,5.801010421952771390e-01,1.229451195334751112e+00,0.000000000000000000e+00,0.000000000000000000e+00,0.000000000000000000e+00
4.312498862979684960e-02,1.174635467911353981e+00,8.889932548854848626e-01,-9.907412904057862416e-03,1.434482004322583729e-02,6.998833661821002305e-01,7.140443564997124293e-01,-3.003037653666126849e-01,-1.181241153631824442e-01,-1.200372543800227176e-01,5.442813402221763353e-01,-5.188255179453100663e-01,1.146343742996071974e-01,-2.508247190952489492e-01,4.017703764149492540e-02,5.791696475002244132e-02,4.001499609764739285e-01,-3.391766833029986605e-01,9.496066120795415566e-02,6.747378087134718767e-03,0.000000000000000000e+00,0.000000000000000000e+00,-7.691882458353073437e-02,2.466290137582162201e-01,-5.120863692184526306e-01,1.240308676347500860e+00,0.000000000000000000e+00,0.000000000000000000e+00,0.000000000000000000e+00,-1.238879201344918468e-01,-2.611663773889484341e-01,5.803703809567348770e-01,1.233026168423934754e+00,0.000000000000000000e+00,0.000000000000000000e+00,0.000000000000000000e+00
4.283185819364735553e-02,1.174617760392700827e+00,8.890215886368320053e-01,-9.591844647882572655e-03,1.422557916143213710e-02,6.998354408344802380e-01,7.140980220990542637e-01,-2.993046537288852615e-01,-1.184867471857396770e-01,-1.192956438281902870e-01,5.431505831823404407e-01,-5.172903527247509903e-01,1.141463164476879261e-01,-2.509071506942294194e-01,3.925342572825143289e-02,5.749519419534354636e-02,4.013763859980437609e-01,-3.380450298908658779e-01,9.597515796065891891e-02,6.062681830765017862e-03,0.000000000000000000e+00,0.000000000000000000e+00,-7.643679113472240383e-02,2.455840638558696720e-01,-5.113401219131444853e-01,1.240666020066485409e+00,0.000000000000000000e+00,0.000000000000000000e+00,0.000000000000000000e+00,-1.247482459349933404e-01,-2.621682176673576503e-01,5.802477009913006301e-01,1.234697486200724281e+00,0.000000000000000000e+00,0.000000000000000000e+00,0.000000000000000000e+00
4.257826599634158271e-02,1.174685510914315945e+00,8.890708544507172073e-01,-1.092092061987092431e-02,1.427887112260103897e-02,7.005275853123360541e-01,7.133988712836223378e-01,-3.023106376488136071e-01,-1.171181997983599399e-01,-1.201661319810700262e-01,5.449698439057450994e-01,-5.177406295140486447e-01,1.138802815939650437e-01,-2.501224071698058826e-01,4.070502109616645769e-02,5.706986343717986021e-02,3.957709260811731466e-01,-3.365895348957664290e-01,9.568182915022813151e-02,6.916555513553745982e-03,0.000000000000000000e+00,0.000000000000000000e+00,-7.827503687139683586e-02,2.459969892436203454e-01,-5.120413927680386168e-01,1.239431121198348418e+00,0.000000000000000000e+00,0.000000000000000000e+00,0.000000000000000000e+00,-1.238841040805577498e-01,-2.610342922597007620e-01,5.791466803113288764e-01,1.236542893184409131e+00,0.000000000000000000e+00,0.000000000000000000e+00,0.000000000000000000e+00
4.233812750741818010e-02,1.174653447420912711e+00,8.886602877027816039e-01,-1.057802945066504963e-02,1.400779286428757708e-02,7.004950654272573685e-01,7.134413433100683655e-01,-3.037292929249164053e-01,-1.182480069683956303e-01,-1.201795752818035357e-01,5.501533655021164648e-01,-5.216895060581359100e-01,1.156313549431690069e-01,-2.536913456142810275e-01,4.106481850381054483e-02,5.836633290574059357e-02,4.053217862017112205e-01,-3.411321850560968261e-01,9.508726649570160838e-02,7.369244488490689360e-03,0.000000000000000000e+00,0.000000000000000000e+00,-7.608214660027851073e-02,2.465867077279608743e-01,-5.119420231963646151e-01,1.235148148095312370e+00,0.000000000000000000e+00,0.000000000000000000e+00,0.000000000000000000e+00,-1.238258508426596516e-01,-2.613368983264432455e-01,5.795048090008364516e-01,1.237979083967638561e+00,0.000000000000000000e+00,0.000000000000000000e+00,0.000000000000000000e+00
4.216226965608840110e-02,1.174777679504209082e+00,8.891764700980029357e-01,-1.152105573739575436e-02,1.490439139422621191e-02,7.002017763583701093e-01,7.136964318086835846e-01,-3.032502566016423984e-01,-1.171156153984598269e-01,-1.191313390069573958e-01,5.429352273234402393e-01,-5.166839472822767343e-01,1.138403693902706876e-01,-2.514211967842423512e-01,4.036163011274089552e-02,5.793675009382757979e-02,3.943920667720033912e-01,-3.353711355964862362e-01,9.582161590795378048e-02,6.421620714874491480e-03,0.000000000000000000e+00,0.000000000000000000e+00,-7.733114617048862660e-02,2.451816210111553151e-01,-5.097623224942056108e-01,1.237405381597203924e+00,0.000000000000000000e+00,0.000000000000000000e+00,0.000000000000000000e+00,-1.257565501661805918e-01,-2.621838354572192387e-01,5.823982141707738647e-01,1.237950281146360298e+00,0.000000000000000000e+00,0.000000000000000000e+00,0.000000000000000000e+00
4.205870816930286360e-02,1.174819390747585457e+00,8.890617260891328089e-01,-1.113748671536692395e-02,1.509104733535081982e-02,7.002528190947173714e-01,7.136485171496460556e-01,-3.030241647699973839e-01,-1.191050162210872121e-01,-1.208090603287023113e-01,5.433051260033203711e-01,-5.172295757762528368e-01,1.148341201114538995e-01,-2.527759225325094117e-01,3.966518036688326809e-02,5.879639534754084462e-02,3.982315669010110248e-01,-3.379505836487620152e-01,9.545296974457906369e-02,7.820645857931013759e-03,0.000000000000000000e+00,0.000000000000000000e+00,-7.809454795131337557e-02,2.452686924907611365e-01,-5.123933733867076512e-01,1.237794900211460547e+00,0.000000000000000000e+00,0.000000000000000000e+00,0.000000000000000000e+00,-1.250449642576406672e-01,-2.630335832529305251e-01,5.810944977516057097e-01,1.239194400943564700e+00,0.000000000000000000e+00,0.000000000000000000e+00,0.000000000000000000e+00
4.196615652708988314e-02,1.174947442008321685e+00,8.894122777729672746e-01,-1.158158101559925851e-02,1.561128945226797349e-02,7.004826845934103430e-01,7.134046279690273717e-01,-3.022712599166709202e-01,-1.184827098135303042e-01,-1.200453848971571591e-01,5.384535186501137050e-01,-5.139788569755131542e-01,1.134501753566441173e-01,-2.509213728452415193e-01,3.855541429765565326e-02,5.717965138537635383e-02,3.914386911139730585e-01,-3.336039822001344857e-01,9.549284649235165179e-02,8.707417488462107849e-03,0.000000000000000000e+00,0.000000000000000000e+00,-7.944881981041534980e-02,2.444036068084064484e-01,-5.125431885571876123e-01,1.239316593928911248e+00,0.000000000000000000e+00,0.000000000000000000e+00,0.000000000000000000e+00,-1.245830681540992246e-01,-2.637270420300619200e-01,5.796103805696840583e-01,1.238788905645419769e+00,0.000000000000000000e+00,0.000000000000000000e+00,0.000000000000000000e+00
4.182740857302042620e-02,1.175046951058948075e+00,8.894060153375563660e-01,-1.154101445866889848e-02,1.570852746835683239e-02,7.008563478193747809e-01,7.130360628126242162e-01,-3.020695206450669246e-01,-1.188153979406401661e-01,-1.197877816164393261e-01,5.376360329407241512e-01,-5.126517156049295032e-01,1.129964285825573733e-01,-2.516390557432476305e-01,3.794495626887943451e-02,5.738948545443600668e-02,3.929763524553233633e-01,-3.334560788518903252e-01,9.870516525298160537e-02,7.663454944860216209e-03,0.000000000000000000e+00,0.000000000000000000e+00,-7.862099589128070110e-02,2.443435884820913673e-01,-5.164053229269331968e-01,1.236508950721268763e+00,0.000000000000000000e+00,0.000000000000000000e+00,0.000000000000000000e+00,-1.240306592074251341e-01,-2.639203609767525327e-01,5.785945365814032515e-01,1.239694327704571553e+00,0.000000000000000000e+00,0.000000000000000000e+00,0.000000000000000000e+00
4.171635398023821467e-02,1.175188930043226776e+00,8.893675060142842703e-01,-1.160622551978872548e-02,1.554520476809066222e-02,7.004499724568415964e-01,7.134377886144750436e-01,-3.024117878916085522e-01,-1.184999796311423381e-01,-1.194516829754341258e-01,5.390924390829844315e-01,-5.127185794126524199e-01,1.129130435179135084e-01,-2.515489121608548984e-01,3.841286391619803259e-02,5.746259834420129609e-02,3.932635694760762690e-01,-3.335818958999747785e-01,9.705007046598392029e-02,6.997583566950427506e-03,0.000000000000000000e+00,0.000000000000000000e+00,-7.737513423628143705e-02,2.444455426093125605e-01,-5.132974764114163202e-01,1.236784609493761122e+00,0.000000000000000000e+00,0.000000000000000000e+00,0.000000000000000000e+00,-1.242550380658420245e-01,-2.648487462237028023e-01,5.788810808315988377e-01,1.237988646496268386e+00,0.000000000000000000e+00,0.000000000000000000e+00,0.000000000000000000e+00
4.159592790008259655e-02,1.175290749428150816e+00,8.894321470733889123e-01,-1.136991238176729077e-02,1.600135280972675780e-02,7.003877556465497589e-01,7.134925882874177949e-01,-3.014340784246921645e-01,-1.198399138975910772e-01,-1.193205910854274743e-01,5.368023834921343829e-01,-5.125374582975299464e-01,1.152521003672431210e-01,-2.527889345261437049e-01,3.705362531709754242e-02,5.765192880317009105e-02,3.953109737431517723e-01,-3.330138549510053281e-01,9.903216234235530380e-02,7.532517115085507822e-03,0.000000000000000000e+00,0.000000000000000000e+00,-7.750382172874843711e-02,2.429901914262154738e-01,-5.124789983717833453e-01,1.237497654288329141e+00,0.000000000000000000e+00,0.000000000000000000e+00,0.000000000000000000e+00,-1.248452463288266395e-01,-2.641703506679521918e-01,5.747755808134048516e-01,1.241898299212726986e+00,0.000000000000000000e+00,0.000000000000000000e+00,0.000000000000000000e+00
4.152471948527929058e-02,1.175478093942509572e+00,8.892708414826776542e-01,-1.150714133080864461e-02,1.648055553611237414e-02,7.006224510132549321e-01,7.132490155084638683e-01,-3.026479800499133344e-01,-1.213022042508863085e-01,-1.208558065612700683e-01,5.378271640001970333e-01,-5.138687180472849558e-01,1.150690997764771406e-01,-2.554875695117891365e-01,3.658253750419399736e-02,5.749289257826652177e-02,3.996746123536296658e-01,-3.358601352189413136e-01,9.656265463854804554e-02,6.574309081444826980e-03,0.000000000000000000e+00,0.000000000000000000e+00,-7.754760452488064504e-02,2.416676331288247215e-01,-5.123975506179867523e-01,1.238953705733079946e+00,0.000000000000000000e+00,0.000000000000000000e+00,0.000000000000000000e+00,-1.247096137918489861e-01,-2.653616404845744459e-01,5.763640383402465206e-01,1.240190273111625219e+00,0.000000000000000000e+00,0.000000000000000000e+00,0.000000000000000000e+00
4.135600327022372763e-02,1.175595006220543803e+00,8.893224223258895389e-01,-1.143361287529517586e-02,1.603417649723452507e-02,7.004372436455336137e-01,7.134422509179842997e-01,-3.016172794237366173e-01,-1.203753925996206009e-01,-1.191957765209431391e-01,5.380162363345363241e-01,-5.148166705897879725e-01,1.166910742279016477e-01,-2.540890075756510047e-01,3.738651239548270583e-02,5.887896608294150569e-02,3.985921476170076749e-01,-3.345519131272643443e-01,9.802957722140617780e-02,5.739823238929873950e-03,0.000000000000000000e+00,0.000000000000000000e+00,-7.660164837804754601e-02,2.416112721431001309e-01,-5.131964055344609976e-01,1.238570551173119538e+00,0.000000000000000000e+00,0.000000000000000000e+00,0.000000000000000000e+00,-1.257269786177821758e-01,-2.651881432765366697e-01,5.763389241903807969e-01,1.242884310311505924e+00,0.000000000000000000e+00,0.000000000000000000e+00,0.000000000000000000e+00
4.128226432360987408e-02,1.175733833994224709e+00,8.895296239063811283e-01,-1.116284463967214674e-02,1.601867953097105279e-02,7.006667404484249184e-01,7.132215025046659829e-01,-2.992701883996027878e-01,-1.204918772734162175e-01,-1.188261079150313149e-01,5.341893973782642080e-01,-5.127297833577711961e-01,1.170585669950792440e-01,-2.521972269428148783e-01,3.640536185457791257e-02,5.838990430302531953e-02,3.959230768236218778e-01,-3.323547389248644457e-01,9.943652879043581028e-02,4.963535703910029913e-03,0.000000000000000000e+00,0.000000000000000000e+00,-7.647133550596679763e-02,2.406699274011677159e-01,-5.127067171551624725e-01,1.239612249385598775e+00,0.000000000000000000e+00,0.000000000000000000e+00,0.000000000000000000e+00,-1.253642010262624173e-01,-2.657893991573394010e-01,5.768981617438141418e-01,1.243408378935936920e+00,0.000000000000000000e+00,0.000000000000000000e+00,0.000000000000000000e+00
4.122941829572045191e-02,1.175896543814185069e+00,8.894488161306879359e-01,-1.141561836135541325e-02,1.581867199652579881e-02,7.002014875685763640e-01,7.136787302984768377e-01,-3.002903893769330868e-01,-1.200063535702939332e-01,-1.189575263113463455e-01,5.368164993846171740e-01,-5.137778509273034366e-01,1.172079229322048194e-01,-2.524047180418877989e-01,3.755046980941661311e-02,5.921328390740604464e-02,3.964433392695859149e-01,-3.328113425915445456e-01,9.884538563199701811e-02,5.830249721853524025e-03,0.000000000000000000e+00,0.000000000000000000e+00,-7.592517824973508966e-02,2.411461007581570670e-01,-5.152735228337370632e-01,1.238936493198232736e+00,0.000000000000000000e+00,0.000000000000000000e+00,0.000000000000000000e+00,-1.259785470836103927e-01,-2.651817146332434705e-01,5.786001910067755105e-01,1.245391435226275823e+00,0.000000000000000000e+00,0.000000000000000000e+00,0.000000000000000000e+00
4.133941852857851706e-02,1.175978221204317720e+00,8.890688756386478930e-01,-1.040433948329024839e-02,1.577046372771817931e-02,7.002853521333105569e-01,7.136129677782303560e-01,-3.002668752721244227e-01,-1.224064391646219607e-01,-1.202290779450660152e-01,5.403451512461151518e-01,-5.154409425726959038e-01,1.168962284652915601e-01,-2.548433595893774273e-01,3.624101187435133792e-02,5.864042090347629937e-02,4.055663648336717553e-01,-3.386237766833311014e-01,9.685557561386624881e-02,6.604323959607009790e-03,0.000000000000000000e+00,0.000000000000000000e+00,-7.488095980337136637e-02,2.399569232165366661e-01,-5.125111174334932018e-01,1.239063540577145073e+00,0.000000000000000000e+00,0.000000000000000000e+00,0.000000000000000000e+00,-1.231618391845776261e-01,-2.664946540393274277e-01,5.777758182391838915e-01,1.241223140748298759e+00,0.000000000000000000e+00,0.000000000000000000e+00,0.000000000000000000e+00
4.125618967335031168e-02,1.176167996307805108e+00,8.892154460872391253e-01,-1.121645784010340957e-02,1.563916105554112937e-02,6.993323411824802216e-01,7.145375317582904895e-01,-3.008396271655586762e-01,-1.199154646199632190e-01,-1.180040318514896658e-01,5.405002462745480685e-01,-5.163610863266332451e-01,1.187377171492912942e-01,-2.531497235540277613e-01,3.837614092767094309e-02,6.103959463607706859e-02,3.995912937835322531e-01,-3.353172921857597299e-01,9.962877009286316698e-02,5.261468630450427154e-03,0.000000000000000000e+00,0.000000000000000000e+00,-7.381252967646577401e-02,2.407855057778816033e-01,-5.137646231699346533e-01,1.239323255663344447e+00,0.000000000000000000e+00,0.000000000000000000e+00,0.000000000000000000e+00,-1.255949128640931056e-01,-2.649063174744948346e-01,5.781731561082432691e-01,1.243867471503554922e+00,0.000000000000000000e+00,0.000000000000000000e+00,0.000000000000000000e+00
4.133128641531283454e-02,1.176394513686676246e+00,8.894619068243604376e-01,-1.167214749116459067e-02,1.623374881906139780e-02,6.989817147970770472e-01,7.148599784234396237e-01,-3.000248972701774486e-01,-1.195065482063897289e-01,-1.180632593752573845e-01,5.362114842378240542e-01,-5.153114708837055469e-01,1.173796183054542919e-01,-2.518915946007679874e-01,3.859745671500372510e-02,6.233053628303784205e-02,3.941138698554468300e-01,-3.341523001955782335e-01,9.884184931928279016e-02,5.240331194467296415e-03,0.000000000000000000e+00,0.000000000000000000e+00,-7.332659320583059803e-02,2.413427922262288416e-01,-5.152838862296365008e-01,1.238281531407505964e+00,0.000000000000000000e+00,0.000000000000000000e+00,0.000000000000000000e+00,-1.257612698904976845e-01,-2.654323741934760950e-01,5.796739708053151308e-01,1.242145586842061888e+00,0.000000000000000000e+00,0.000000000000000000e+00,0.000000000000000000e+00
4.141556074918315705e-02,1.176537696179887460e+00,8.893887436245838662e-01,-1.144053958292894600e-02,1.614737848808431298e-02,6.987035064425071162e-01,7.151375995617613723e-01,-2.998518678416495775e-01,-1.193549935937880946e-01,-1.175488742626124017e-01,5.372741892830070753e-01,-5.155946643980054978e-01,1.160648277162243808e-01,-2.512254149860318475e-01,3.815656271413683104e-02,6.153813759182325677e-02,3.941983567913287523e-01,-3.352104968660754025e-01,9.985097639587114937e-02,5.044377531210475843e-03,0.000000000000000000e+00,0.000000000000000000e+00,-7.291378497099132439e-02,2.411479113790560846e-01,-5.143000481838527760e-01,1.239716830334804731e+00,0.000000000000000000e+00,0.000000000000000000e+00,0.000000000000000000e+00,-1.256606175091745936e-01,-2.659955438261670801e-01,5.790903503759596838e-01,1.240362696011136467e+00,0.000000000000000000e+00,0.000000000000000000e+00,0.000000000000000000e+00
4.150949618413160569e-02,1.176625781924541148e+00,8.893200170766930590e-01,-1.120450800113304002e-02,1.559611993491006633e-02,6.993570456452915529e-01,7.145144804338934286e-01,-2.992099084562881428e-01,-1.189745645332365848e-01,-1.175201397254546087e-01,5.386907151056149479e-01,-5.169751993789620803e-01,1.169806140429844599e-01,-2.499210028999409305e-01,3.862837717212361938e-02,6.125957739713153161e-02,3.945382913822493842e-01,-3.352906221272176635e-01,9.980477386562329467e-02,4.123909694095232933e-03,0.000000000000000000e+00,0.000000000000000000e+00,-7.231907305105404749e-02,2.413309044183947483e-01,-5.138150675837562797e-01,1.238388952953234146e+00,0.000000000000000000e+00,0.000000000000000000e+00,0.000000000000000000e+00,-1.256546784501824110e-01,-2.661692949581284662e-01,5.807501942844437437e-01,1.241484209424223994e+00,0.000000000000000000e+00,0.000000000000000000e+00,0.000000000000000000e+00
4.155939876719977333e-02,1.176684021675050484e+00,8.894885706980993900e-01,-1.115176919926437124e-02,1.630016567813714207e-02,6.984723105957075795e-01,7.153645042729501746e-01,-2.984877513671252980e-01,-1.194945991278784370e-01,-1.165885947001981532e-01,5.353593847446638243e-01,-5.148761906791855525e-01,1.175164345427023443e-01,-2.508357616681665125e-01,3.823020236176934844e-02,6.333825392348138572e-02,3.939590784257119838e-01,-3.341412238570652948e-01,9.996105401646425415e-02,4.365669203557282115e-03,0.000000000000000000e+00,0.000000000000000000e+00,-7.192023886755172235e-02,2.403527578428163447e-01,-5.143718744056799963e-01,1.239634547282261634e+00,0.000000000000000000e+00,0.000000000000000000e+00,0.000000000000000000e+00,-1.257598593316464064e-01,-2.675828168196801582e-01,5.812564961597619373e-01,1.238321632479585377e+00,0.000000000000000000e+00,0.000000000000000000e+00,0.000000000000000000e+00
4.163683758395349960e-02,1.176699833689886621e+00,8.892739718397535409e-01,-1.100689850836009988e-02,1.615180428748171776e-02,6.978028020136972653e-01,7.160231957872016384e-01,-2.992596920512203829e-01,-1.195167615892909624e-01,-1.165586470018089016e-01,5.384765388364256555e-01,-5.171336232307615077e-01,1.171093533628701361e-01,-2.514940633602850140e-01,3.836115081661046339e-02,6.274380155007196203e-02,3.963875952518863266e-01,-3.372366848801700567e-01,1.002116271921756896e-01,4.308875354074977876e-03,0.000000000000000000e+00,0.000000000000000000e+00,-7.036246157444864258e-02,2.405541024983390286e-01,-5.121678495638546380e-01,1.238594100988635649e+00,0.000000000000000000e+00,0.000000000000000000e+00,0.000000000000000000e+00,-1.262087561152226145e-01,-2.673186782643136583e-01,5.807092395179390687e-01,1.236868693752166237e+00,0.000000000000000000e+00,0.000000000000000000e+00,0.000000000000000000e+00
4.170136926391140170e-02,1.176644298200666405e+00,8.892889130021798261e-01,-1.081006304302631338e-02,1.549044148690863730e-02,6.971485894205713407e-01,7.166777748950032834e-01,-2.986366944771442489e-01,-1.182939228102677098e-01,-1.159276104067587243e-01,5.400543544725840972e-01,-5.175964565612064527e-01,1.168318453325170314e-01,-2.491892785247590281e-01,3.963754516305592612e-02,6.388984811637256345e-02,3.938407597452251441e-01,-3.362000155338067398e-01,9.998165600991168467e-02,4.267713786421607758e-03,0.000000000000000000e+00,0.000000000000000000e+00,-6.989065755019002735e-02,2.406258449013655154e-01,-5.124897829898091839e-01,1.240154340296418578e+00,0.000000000000000000e+00,0.000000000000000000e+00,0.000000000000000000e+00,-1.255012230897455394e-01,-2.670996409513918812e-01,5.802538814968304370e-01,1.233714404035247680e+00,0.000000000000000000e+00,0.000000000000000000e+00,0.000000000000000000e+00
4.170944544982185809e-02,1.176562894499324718e+00,8.890145835767711002e-01,-1.033754842560229842e-02,1.505304323724437725e-02,6.968454222510864771e-01,7.169888412447921189e-01,-2.991943205962961372e-01,-1.187570824889633558e-01,-1.156198900999129142e-01,5.441426554193385945e-01,-5.194546926037262313e-01,1.184327008692433875e-01,-2.509058932470336623e-01,4.036435893929189028e-02,6.538179970982491152e-02,4.001372118520114540e-01,-3.387582710719690415e-01,1.007871883474493468e-01,4.815894567364460352e-03,0.000000000000000000e+00,0.000000000000000000e+00,-6.931403103766163587e-02,2.403880991751972118e-01,-5.097862851429950659e-01,1.240000100260558291e+00,0.000000000000000000e+00,0.000000000000000000e+00,0.000000000000000000e+00,-1.266300728392846242e-01,-2.660088234073475499e-01,5.809226474244996163e-01,1.237566879602755687e+00,0.000000000000000000e+00,0.000000000000000000e+00,0.000000000000000000e+00
4.172621100689106327e-02,1.176448892338064045e+00,8.889907427681168484e-01,-1.045064370230772491e-02,1.512630189711399072e-02,6.969877596574010070e-01,7.168472933093080757e-01,-2.996187164693469018e-01,-1.185689836187876767e-01,-1.152593301767570744e-01,5.443790652514821637e-01,-5.208978966501868202e-01,1.190319787167875565e-01,-2.507168431705869560e-01,3.990070248251207513e-02,6.378934685437961938e-02,3.992971880953596342e-01,-3.397811860106053627e-01,1.004295789867848676e-01,5.598564932349101887e-03,0.000000000000000000e+00,0.000000000000000000e+00,-7.062268475953800695e-02,2.404053812235123488e-01,-5.104124752470842186e-01,1.240669818233773425e+00,0.000000000000000000e+00,0.000000000000000000e+00,0.000000000000000000e+00,-1.269859130389116020e-01,-2.659596342051738227e-01,5.821922965502251968e-01,1.238645036565319879e+00,0.000000000000000000e+00,0.000000000000000000e+00,0.000000000000000000e+00
4.162115315562930212e-02,1.176373416036992081e+00,8.891534358930892612e-01,-9.903402108654044481e-03,1.572794432595909023e-02,6.959435811614185230e-01,7.178558951726818904e-01,-2.971293917484706393e-01,-1.193334687616396939e-01,-1.132838101206226078e-01,5.389371057026367540e-01,-5.190356799509285857e-01,1.187098326309894425e-01,-2.512504013196509289e-01,3.839831549666607863e-02,6.536157495866161404e-02,3.994730424603010199e-01,-3.395742798128888462e-01,1.012562377110021727e-01,4.707368409933264386e-03,0.000000000000000000e+00,0.000000000000000000e+00,-6.966677280156488572e-02,2.384896913133756069e-01,-5.085354210136732167e-01,1.242691796011492711e+00,0.000000000000000000e+00,0.000000000000000000e+00,0.000000000000000000e+00,-1.302715223634236530e-01,-2.665231344365276422e-01,5.840268017381521348e-01,1.241403806740683402e+00,0.000000000000000000e+00,0.000000000000000000e+00,0.000000000000000000e+00
4.147552226296468553e-02,1.176248058981267164e+00,8.889060364805116965e-01,-9.893893934086392394e-03,1.515161264326976912e-02,6.952863424435307138e-01,7.185050045118858142e-01,-2.982923549019659837e-01,-1.183395895094580125e-01,-1.118527334152044361e-01,5.434289757570461843e-01,-5.218920335472154726e-01,1.196641290280621994e-01,-2.512638345570155085e-01,3.932375541857385109e-02,6.554319721405679755e-02,4.008193361976302715e-01,-3.412070111118977178e-01,1.026372344138644643e-01,4.962462635087272651e-03,0.000000000000000000e+00,0.000000000000000000e+00,-6.925369735319934772e-02,2.376150051146954656e-01,-5.055314161045773025e-01,1.243672293034267851e+00,0.000000000000000000e+00,0.000000000000000000e+00,0.000000000000000000e+00,-1.297724775464153546e-01,-2.666979796815173720e-01,5.839409859729403074e-01,1.238862448624822754e+00,0.000000000000000000e+00,0.000000000000000000e+00,0.000000000000000000e+00
4.134192937949601049e-02,1.176207724618573369e+00,8.889437775941817499e-01,-1.027387566178180993e-02,1.489279559483297662e-02,6.958430484046317366e-01,7.179659491265618643e-01,-2.995199087117643710e-01,-1.186003743083566125e-01,-1.138663968573100094e-01,5.450831163481869579e-01,-5.208301703102385938e-01,1.219582305681446710e-01,-2.513684225719486354e-01,4.051263280604688183e-02,6.639786239140958723e-02,4.005806852194557788e-01,-3.390789298092112825e-01,1.016241486316099008e-01,6.290358789275515838e-03,0.000000000000000000e+00,0.000000000000000000e+00,-7.117009047629463403e-02,2.384987270442121554e-01,-5.091671537420594529e-01,1.244539332797103048e+00,0.000000000000000000e+00,0.000000000000000000e+00,0.000000000000000000e+00,-1.283369978264767008e-01,-2.671757223347452359e-01,5.820873605611949220e-01,1.239825123867480672e+00,0.000000000000000000e+00,0.000000000000000000e+00,0.000000000000000000e+00
4.121046676501784189e-02,1.176202514361958107e+00,8.889258794652087348e-01,-1.066767035740779322e-02,1.472688824941993657e-02,6.949119048387162323e-01,7.188649136555913532e-01,-3.005575098503502351e-01,-1.168106724535920848e-01,-1.117655300658356443e-01,5.469169075110734690e-01,-5.218010973204079139e-01,1.209097135602083956e-01,-2.501069809310335623e-01,4.136258643251719547e-02,6.674490974977950741e-02,3.968483378473200429e-01,-3.386618315022417169e-01,1.026294913874937209e-01,7.275833834234374936e-03,0.000000000000000000e+00,0.000000000000000000e+00,-7.115607572742232989e-02,2.382690625953343133e-01,-5.069422001637176045e-01,1.245724027147594448e+00,0.000000000000000000e+00,0.000000000000000000e+00,0.000000000000000000e+00,-1.291482771880689551e-01,-2.665425800676873291e-01,5.828798167673685526e-01,1.239197560784492058e+00,0.000000000000000000e+00,0.000000000000000000e+00,0.000000000000000000e+00
4.110356096639920104e-02,1.176233037406420712e+00,8.891875147548001790e-01,-1.127809975984067452e-02,1.533922266150108266e-02,6.947056352154402648e-01,7.190421358403547014e-01,-3.003351906489715728e-01,-1.161981232027228528e-01,-1.112223916080541108e-01,5.427279407532483724e-01,-5.209527163012975803e-01,1.200027816817422072e-01,-2.489419407717047839e-01,4.129817455012869259e-02,6.761213736436538779e-02,3.903476018683338933e-01,-3.360035487830262402e-01,1.025147009640055562e-01,7.444651798423508778e-03,0.000000000000000000e+00,0.000000000000000000e+00,-7.119048469530005196e-02,2.385634732355301768e-01,-5.086906017735598473e-01,1.244348372030899208e+00,0.000000000000000000e+00,0.000000000000000000e+00,0.000000000000000000e+00,-1.281450620706761911e-01,-2.687034557627349107e-01,5.849691101909000324e-01,1.233399297265916017e+00,0.000000000000000000e+00,0.000000000000000000e+00,0.000000000000000000e+00
4.101266024434128965e-02,1.176198927379662029e+00,8.889819683819843998e-01,-1.063334334567764966e-02,1.492457108993343676e-02,6.947538007672835469e-01,7.190141483354050012e-01,-3.000210134997999267e-01,-1.170990235248809130e-01,-1.112343433590836650e-01,5.453223350226016342e-01,-5.217878471488981429e-01,1.207542174633531168e-01,-2.501539094209235259e-01,4.120646101375143033e-02,6.813418672236443152e-02,3.963363684050270619e-01,-3.384077972730639705e-01,1.019023959396764406e-01,7.185008887708586867e-03,0.000000000000000000e+00,0.000000000000000000e+00,-7.102394873453055091e-02,2.380446760604884304e-01,-5.095455095023380121e-01,1.245477798173373785e+00,0.000000000000000000e+00,0.000000000000000000e+00,0.000000000000000000e+00,-1.289506479333593358e-01,-2.681334017093021660e-01,5.828567336342896921e-01,1.237107000164905601e+00,0.000000000000000000e+00,0.000000000000000000e+00,0.000000000000000000e+00
4.098379672273460422e-02,1.176200615180811093e+00,8.886338023871387382e-01,-1.008400850769821874e-02,1.441666396959991395e-02,6.948008580255550237e-01,7.189869541649251961e-01,-3.010483667033508337e-01,-1.179656105243293562e-01,-1.116089530541107683e-01,5.508673882229327967e-01,-5.238732521037124945e-01,1.216805787633237768e-01,-2.517103382469459971e-01,4.124816351171860240e-02,6.751175297431588618e-02,4.032380699739677721e-01,-3.422322261252507825e-01,1.002876250277974501e-01,8.095648345333642318e-03,0.000000000000000000e+00,0.000000000000000000e+00,-7.116502713223632481e-02,2.373989488221565081e-01,-5.099847290373372699e-01,1.247095683163879309e+00,0.000000000000000000e+00,0.000000000000000000e+00,0.000000000000000000e+00,-1.276682381822662471e-01,-2.674785923328547588e-01,5.819061896832792291e-01,1.237997196360637542e+00,0.000000000000000000e+00,0.000000000000000000e+00,0.000000000000000000e+00
4.088352470526121496e-02,1.176344693263229546e+00,8.890601872319336962e-01,-1.078389985578457298e-02,1.506286248343677997e-02,6.950763781947851827e-01,7.186971866880547122e-01,-2.997056679394137779e-01,-1.178256783193552537e-01,-1.123867476669153653e-01,5.440595213810721642e-01,-5.213192587814530210e-01,1.225751091841338763e-01,-2.503057600226934465e-01,4.077057647352778230e-02,6.740341517048462072e-02,3.961350580891802586e-01,-3.376591480741496509e-01,1.013373743262322157e-01,7.274122434646778691e-03,0.000000000000000000e+00,0.000000000000000000e+00,-7.246698352990914305e-02,2.361271406897802738e-01,-5.082702925266111560e-01,1.248759567025651940e+00,0.000000000000000000e+00,0.000000000000000000e+00,0.000000000000000000e+00,-1.291470351022879215e-01,-2.677473512310284409e-01,5.833300812568011917e-01,1.240791667372468599e+00,0.000000000000000000e+00,0.000000000000000000e+00,0.000000000000000000e+00
4.082825387499936648e-02,1.176426644082071427e+00,8.891500826587852568e-01,-1.045267599277994314e-02,1.545283549674986504e-02,6.954109982617096009e-01,7.183700264740672248e-01,-2.979681431785054513e-01,-1.187079078916228325e-01,-1.119193339879686055e-01,5.403257742649059114e-01,-5.205739773951834071e-01,1.220058248898619330e-01,-2.509359250466932645e-01,3.944190907708675781e-02,6.757810867790661757e-02,3.976534057873754580e-01,-3.378303962255095882e-01,1.016563675256540594e-01,6.461293061454752643e-03,0.000000000000000000e+00,0.000000000000000000e+00,-7.148127382545402253e-02,2.355856665714569365e-01,-5.076960263615966085e-01,1.246307128570318001e+00,0.000000000000000000e+00,0.000000000000000000e+00,0.000000000000000000e+00,-1.281800412878622009e-01,-2.694325076463807700e-01,5.837210589586195875e-01,1.237881729377964479e+00,0.000000000000000000e+00,0.000000000000000000e+00,0.000000000000000000e+00
4.079509068198660521e-02,1.176502593691360898e+00,8.891526862344127924e-01,-1.008161079384488866e-02,1.522226632665907992e-02,6.954188500765650094e-01,7.183726516856477895e-01,-2.971401242134006360e-01,-1.193877033007220007e-01,-1.126718859196088052e-01,5.406662829883420729e-01,-5.197651983938330611e-01,1.226060320683785010e-01,-2.502555031295334853e-01,3.914283481478560839e-02,6.755470531484659980e-02,3.985297952615839412e-01,-3.382150374444195529e-01,1.018483870289290383e-01,6.355311674188869435e-03,0.000000000000000000e+00,0.000000000000000000e+00,-7.155795036780568386e-02,2.357185739017645942e-01,-5.092016021728263953e-01,1.247119103004669549e+00,0.000000000000000000e+00,0.000000000000000000e+00,0.000000000000000000e+00,-1.290723476284450222e-01,-2.681033962803712756e-01,5.824246362392125898e-01,1.242556045077201521e+00,0.000000000000000000e+00,0.000000000000000000e+00,0.000000000000000000e+00
4.076418015171553305e-02,1.176627529638746505e+00,8.890449736788573754e-01,-1.032959535478614882e-02,1.488112238999779111e-02,6.955596990270280777e-01,7.182399019447818223e-01,-2.983581194959824545e-01,-1.185968455425872176e-01,-1.126165734614355818e-01,5.438380177669279725e-01,-5.209306194198113360e-01,1.221796830835748804e-01,-2.499049628271250989e-01,3.981258993366662557e-02,6.659052424731431996e-02,3.985968988434430149e-01,-3.388547992587537250e-01,1.010392434942091466e-01,7.689997516545725095e-03,0.000000000000000000e+00,0.000000000000000000e+00,-7.247539573534582391e-02,2.353396173917302048e-01,-5.069668352075610285e-01,1.248800014477305487e+00,0.000000000000000000e+00,0.000000000000000000e+00,0.000000000000000000e+00,-1.280262948941039147e-01,-2.674676499858731349e-01,5.810490291798332541e-01,1.242622868216175069e+00,0.000000000000000000e+00,0.000000000000000000e+00,0.000000000000000000e+00
4.071618075331299991e-02,1.176735981651970908e+00,8.892441153520839192e-01,-9.980350987980878344e-03,1.504447937165870330e-02,6.958923340485437814e-01,7.179191567628359083e-01,-2.957416383877058408e-01,-1.187450435621911493e-01,-1.115119803560484513e-01,5.390374897978849056e-01,-5.190853817746247101e-01,1.216752584068180876e-01,-2.486759979967152479e-01,3.824351544125218633e-02,6.580700672065503687e-02,3.968747821704267098e-01,-3.372601044298347839e-01,1.037903835913522865e-01,6.579342471760210066e-03,0.000000000000000000e+00,0.000000000000000000e+00,-7.151885977434289943e-02,2.342916342495325321e-01,-5.069342155510841996e-01,1.247185970163148472e+00,0.000000000000000000e+00,0.000000000000000000e+00,0.000000000000000000e+00,-1.282201898709268151e-01,-2.679971109100151017e-01,5.782629625624502445e-01,1.243813759946883923e+00,0.000000000000000000e+00,0.000000000000000000e+00,0.000000000000000000e+00
4.070124649782752568e-02,1.176839423457209044e+00,8.893332988028065378e-01,-9.413647209556976619e-03,1.585197898283854587e-02,6.954568557326544775e-01,7.183313022714447049e-01,-2.936897963114084575e-01,-1.205681360667831686e-01,-1.111974638147092687e-01,5.342010296631157784e-01,-5.175487454545761867e-01,1.206795839940493081e-01,-2.501828026548664208e-01,3.626800690349112066e-02,6.659659971120304722e-02,3.994552582267596463e-01,-3.389397141575717365e-01,1.034975848610918264e-01,6.548999138055476565e-03,0.000000000000000000e+00,0.000000000000000000e+00,-6.998520554398209026e-02,2.342368669517931878e-01,-5.090814075327565469e-01,1.244445313295400757e+00,0.000000000000000000e+00,0.000000000000000000e+00,0.000000000000000000e+00,-1.281721331375453854e-01,-2.698694202211547877e-01,5.802421099150105732e-01,1.242063169387777943e+00,0.000000000000000000e+00,0.000000000000000000e+00,0.000000000000000000e+00
4.060591204690337103e-02,1.176932190272616863e+00,8.893965069774373289e-01,-9.335312474529140064e-03,1.613994488186524731e-02,6.952997465601437055e-01,7.184779861301329174e-01,-2.926497025497946658e-01,-1.205066843493965006e-01,-1.095853568566764885e-01,5.317027602737504077e-01,-5.174881849544543666e-01,1.213593959153542734e-01,-2.505963039436017725e-01,3.572207556171243942e-02,6.756280816921073074e-02,3.996795312287495516e-01,-3.385774878107042918e-01,1.050113691324313647e-01,5.393408831266035749e-03,0.000000000000000000e+00,0.000000000000000000e+00,-6.812638311459716378e-02,2.341694111068360062e-01,-5.107968737428887351e-01,1.241193838007594419e+00,0.000000000000000000e+00,0.000000000000000000e+00,0.000000000000000000e+00,-1.294021764912789141e-01,-2.696959336560383891e-01,5.814639294949277559e-01,1.243826145306675679e+00,0.000000000000000000e+00,0.000000000000000000e+00,0.000000000000000000e+00
4.062668392859648120e-02,1.176950031845581446e+00,8.890454824026811087e-01,-8.901964505752155490e-03,1.582404139430646298e-02,6.964395123165357804e-01,7.173857821466740337e-01,-2.942172037995136047e-01,-1.221563724294734699e-01,-1.113559357358375329e-01,5.370348192708693791e-01,-5.193051543021366401e-01,1.226017365358429700e-01,-2.528509003104761343e-01,3.482861611133122176e-02,6.498243329165774573e-02,4.074213553934229459e-01,-3.412218843305079297e-01,1.038110984291402694e-01,6.345400564944159334e-03,0.000000000000000000e+00,0.000000000000000000e+00,-6.929483149951819188e-02,2.336353026363102159e-01,-5.103615067874058830e-01,1.241618696319455983e+00,0.000000000000000000e+00,0.000000000000000000e+00,0.000000000000000000e+00,-1.262741377582552449e-01,-2.702258487308915602e-01,5.758876574668831960e-01,1.242821958293032658e+00,0.000000000000000000e+00,0.000000000000000000e+00,0.000000000000000000e+00
4.061024016606738091e-02,1.176998878318672004e+00,8.891183594202110019e-01,-8.841114288373931249e-03,1.614785157344470964e-02,6.965016601912280558e-01,7.173189799096105768e-01,-2.936444736336125683e-01,-1.227891028435470905e-01,-1.116520170869579054e-01,5.351010306383734427e-01,-5.187154724780153048e-01,1.221653339601903587e-01,-2.526375202412629584e-01,3.421325223047837899e-02,6.528870245443915699e-02,4.062757039629585898e-01,-3.412496152602728650e-01,1.033829313320690918e-01,6.131973917965063969e-03,0.000000000000000000e+00,0.000000000000000000e+00,-6.923345441340607309e-02,2.335849336433630796e-01,-5.092019429497932625e-01,1.241397053878966039e+00,0.000000000000000000e+00,0.000000000000000000e+00,0.000000000000000000e+00,-1.264199108492969070e-01,-2.709826248856488373e-01,5.753183514096928963e-01,1.241861221594503295e+00,0.000000000000000000e+00,0.000000000000000000e+00,0.000000000000000000e+00
4.055404725182815140e-02,1.177041017902380027e+00,8.891179537196696181e-01,-8.439477579944388436e-03,1.573056164442195384e-02,6.961196235824981260e-01,7.177038346782669276e-01,-2.921346838068179519e-01,-1.224800274186458177e-01,-1.106562930203482814e-01,5.349151034262573656e-01,-5.190813630089329278e-01,1.227474886424038264e-01,-2.521542437589762709e-01,3.459507319490404825e-02,6.631533483196247469e-02,4.076562828713821141e-01,-3.406385631972067007e-01,1.035784843148570694e-01,5.737725555580813937e-03,0.000000000000000000e+00,0.000000000000000000e+00,-6.738554352526129887e-02,2.332218480091804713e-01,-5.085584888161164274e-01,1.239477260287455085e+00,0.000000000000000000e+00,0.000000000000000000e+00,0.000000000000000000e+00,-1.283437350927440768e-01,-2.690343883553181770e-01,5.768403707313852768e-01,1.247963446200168969e+00,0.000000000000000000e+00,0.000000000000000000e+00,0.000000000000000000e+00
4.057827423981633097e-02,1.177121075272462569e+00,8.890214737591541905e-01,-8.980579012677930573e-03,1.614571207303794331e-02,6.961592073774812706e-01,7.176496521045682142e-01,-2.949949520013046000e-01,-1.226603607650238320e-01,-1.111184254881175115e-01,5.376159252715605463e-01,-5.185594092999505911e-01,1.232273647408123757e-01,-2.536530939457354306e-01,3.491728967435809433e-02,6.663568690326487909e-02,4.075759650861454642e-01,-3.402818531171453165e-01,1.042809690148503859e-01,5.721042903572031400e-03,0.000000000000000000e+00,0.000000000000000000e+00,-6.758575418254214595e-02,2.336253632918657008e-01,-5.089885589333111859e-01,1.238663808815633427e+00,0.000000000000000000e+00,0.000000000000000000e+00,0.000000000000000000e+00,-1.267649200148950051e-01,-2.703867992276637322e-01,5.762975742412320690e-01,1.242666267577928307e+00,0.000000000000000000e+00,0.000000000000000000e+00,0.000000000000000000e+00
4.065930585749192444e-02,1.177228906168525935e+00,8.891307798214058700e-01,-9.483386085774939134e-03,1.620641635996781724e-02,6.959923340532054858e-01,7.178036558811092815e-01,-2.948490140707553109e-01,-1.210939968840685360e-01,-1.105268299215767386e-01,5.361983276871824522e-01,-5.198291623386886995e-01,1.203643536316141016e-01,-2.512731265260019220e-01,3.584556704879949401e-02,6.708224737064218124e-02,4.013684657273081102e-01,-3.405059447463247846e-01,1.029572911507660032e-01,6.835899442707880219e-03,0.000000000000000000e+00,0.000000000000000000e+00,-6.650291794894667985e-02,2.361807814193342403e-01,-5.117351191470704830e-01,1.233469366786031696e+00,0.000000000000000000e+00,0.000000000000000000e+00,0.000000000000000000e+00,-1.251682862014716902e-01,-2.709866877520678008e-01,5.777226419880132635e-01,1.238421829764156712e+00,0.000000000000000000e+00,0.000000000000000000e+00,0.000000000000000000e+00
4.075931624149183030e-02,1.177373345502918278e+00,8.891158122856729351e-01,-9.969656805592920848e-03,1.634896008840625720e-02,6.958464696205013400e-01,7.179352395334070991e-01,-2.961601564207220205e-01,-1.201261432458615580e-01,-1.096007192437730704e-01,5.374512375515123619e-01,-5.203684397243653059e-01,1.213096291084905798e-01,-2.512623089168203872e-01,3.685403415819309136e-02,6.782706971597243784e-02,3.998134792892897860e-01,-3.406859829671287088e-01,1.026477434099465208e-01,6.715410768359279629e-03,0.000000000000000000e+00,0.000000000000000000e+00,-6.702156713478098216e-02,2.364645778611271509e-01,-5.095911700520779908e-01,1.235350830702433900e+00,0.000000000000000000e+00,0.000000000000000000e+00,0.000000000000000000e+00,-1.261383408858879063e-01,-2.697576072513687695e-01,5.756098800976596763e-01,1.240838233235614485e+00,0.000000000000000000e+00,0.000000000000000000e+00,0.000000000000000000e+00
4.091856174444068184e-02,1.177404668533353016e+00,8.889088650342086284e-01,-1.038413917599369934e-02,1.585275764324803327e-02,6.958086422120131065e-01,7.179771536419189415e-01,-2.985385901172876721e-01,-1.187562261530516056e-01,-1.099257844026084036e-01,5.429921393182687295e-01,-5.228590778146511298e-01,1.205301040322264289e-01,-2.511415914918802561e-01,3.861163982124712901e-02,6.751517089783506953e-02,4.000518883072307630e-01,-3.418833334788545231e-01,1.024886769589177932e-01,7.798771594633813892e-03,0.000000000000000000e+00,0.000000000000000000e+00,-6.764927811709062211e-02,2.377541704442097947e-01,-5.123920218986375286e-01,1.235178394804134161e+00,0.000000000000000000e+00,0.000000000000000000e+00,0.000000000000000000e+00,-1.254542837311704018e-01,-2.687333187725624573e-01,5.755729666296978131e-01,1.240718737384500114e+00,0.000000000000000000e+00,0.000000000000000000e+00,0.000000000000000000e+00
4.116264229312632805e-02,1.177382733836766393e+00,8.888811783481491702e-01,-1.044159725828222064e-02,1.601299803808902550e-02,6.964277712776592022e-01,7.173722299711351447e-01,-2.991981588252555224e-01,-1.193664953917948218e-01,-1.113926145364658588e-01,5.434810755151099348e-01,-5.227248008399527635e-01,1.208983224366978748e-01,-2.516796466285906031e-01,3.831024607324193948e-02,6.631499667471284221e-02,4.007865946978343419e-01,-3.420280593911377842e-01,1.027409112400058944e-01,8.085857691475236558e-03,0.000000000000000000e+00,0.000000000000000000e+00,-6.859500888055826417e-02,2.376040055903360648e-01,-5.113841070453710724e-01,1.235072018498263757e+00,0.000000000000000000e+00,0.000000000000000000e+00,0.000000000000000000e+00,-1.242652260368312389e-01,-2.679348850348911570e-01,5.733789982628897386e-01,1.241043654940054086e+00,0.000000000000000000e+00,0.000000000000000000e+00,0.000000000000000000e+00
4.137417927958746827e-02,1.177361128815536784e+00,8.887913406508647363e-01,-1.040945385998815788e-02,1.578817099483382017e-02,6.962209934398129185e-01,7.175783617282879279e-01,-2.995710892603991593e-01,-1.180653018334542892e-01,-1.100342861679040329e-01,5.451168504644900992e-01,-5.239992997801197205e-01,1.189195787186860254e-01,-2.509225543739994624e-01,3.843471696641454632e-02,6.502750921224202674e-02,3.999059018401082688e-01,-3.425338759348703910e-01,1.030231590136122116e-01,8.011517360845885408e-03,0.000000000000000000e+00,0.000000000000000000e+00,-6.851309346936632072e-02,2.387803333417203577e-01,-5.134439721864808570e-01,1.235125127717727755e+00,0.000000000000000000e+00,0.000000000000000000e+00,0.000000000000000000e+00,-1.249088823669112780e-01,-2.680542466147311509e-01,5.735748884849625195e-01,1.240657866784000030e+00,0.000000000000000000e+00,0.000000000000000000e+00,0.000000000000000000e+00
4.161543654888914812e-02,1.177276473031240611e+00,8.884264997219041282e-01,-9.397000447744481219e-03,1.553790187351117985e-02,6.955790104076160496e-01,7.182200987638228673e-01,-2.991785742058427067e-01,-1.189133640203386688e-01,-1.092828849130292601e-01,5.484461632619863636e-01,-5.266274975483471454e-01,1.176984526183411650e-01,-2.533066182429528079e-01,3.807505700411104033e-02,6.529355265535444208e-02,4.086224607729010971e-01,-3.474203650605738325e-01,1.010420436547447287e-01,6.994074659980631208e-03,0.000000000000000000e+00,0.000000000000000000e+00,-6.628974888688489442e-02,2.385689909881452686e-01,-5.120548477675221921e-01,1.234313955288443232e+00,0.000000000000000000e+00,0.000000000000000000e+00,0.000000000000000000e+00,-1.252806691772741232e-01,-2.684045232602006448e-01,5.727286290029216520e-01,1.237821075007921712e+00,0.000000000000000000e+00,0.000000000000000000e+00,0.000000000000000000e+00
4.177091222123621023e-02,1.177175764914754286e+00,8.882666754434485057e-01,-9.204209939308040725e-03,1.522546746372939463e-02,6.950165220645435626e-01,7.187736095024703786e-01,-2.992373770042211500e-01,-1.185739292808785511e-01,-1.088363651790689446e-01,5.507455985208714599e-01,-5.295736206492650533e-01,1.193326317175152917e-01,-2.540463437278688286e-01,3.955789054629342549e-02,6.767834044543499794e-02,4.113639188101356203e-01,-3.489525285660893261e-01,1.009079970213550975e-01,6.424431474855204181e-03,0.000000000000000000e+00,0.000000000000000000e+00,-6.543000836490923955e-02,2.380970608663545152e-01,-5.101945880008562639e-01,1.235469380319490273e+00,0.000000000000000000e+00,0.000000000000000000e+00,0.000000000000000000e+00,-1.263274921713107568e-01,-2.668626048914909399e-01,5.721679167923994225e-01,1.239729361745846470e+00,0.000000000000000000e+00,0.000000000000000000e+00,0.000000000000000000e+00
4.190161095391652102e-02,1.177143331357223488e+00,8.881955584314762397e-01,-9.118977438857036114e-03,1.479757217245276923e-02,6.948156503637146209e-01,7.189778078062765143e-01,-2.993324151753798401e-01,-1.176252979932586040e-01,-1.081636784117326333e-01,5.526688711786569286e-01,-5.302010769197282869e-01,1.194408543961316682e-01,-2.534970145844220313e-01,4.049708045987398392e-02,6.812130325389328944e-02,4.116228725671013389e-01,-3.485921368877232251e-01,1.015683587585752556e-01,5.286439601115698432e-03,0.000000000000000000e+00,0.000000000000000000e+00,-6.488112666305057008e-02,2.386696452336823371e-01,-5.141851577397561490e-01,1.235648175690013950e+00,0.000000000000000000e+00,0.000000000000000000e+00,0.000000000000000000e+00,-1.267457039036423982e-01,-2.660266610660123598e-01,5.719892914803175188e-01,1.239629510646799160e+00,0.000000000000000000e+00,0.000000000000000000e+00,0.000000000000000000e+00
4.204617465299318596e-02,1.177182698227440039e+00,8.881722726509075905e-01,-9.683737997554118723e-03,1.524825380263328603e-02,6.947742592361754177e-01,7.190010046426834611e-01,-3.013435888171813737e-01,-1.170682910801160853e-01,-1.078545588761814222e-01,5.536854063569855988e-01,-5.300456983465263727e-01,1.195584630448408847e-01,-2.544995130203464018e-01,4.006629830958549632e-02,6.619083502775091610e-02,4.105871680392212397e-01,-3.483189137138856251e-01,1.034560219030927486e-01,5.646144109774737553e-03,0.000000000000000000e+00,0.000000000000000000e+00,-6.614819728118985498e-02,2.383500098510826226e-01,-5.138669182711487204e-01,1.237725335671025606e+00,0.000000000000000000e+00,0.000000000000000000e+00,0.000000000000000000e+00,-1.272841278181507940e-01,-2.659328660204027250e-01,5.696076526146189867e-01,1.240786411771182651e+00,0.000000000000000000e+00,0.000000000000000000e+00,0.000000000000000000e+00
4.216596019619873320e-02,1.177107717424433098e+00,8.881545952341819428e-01,-9.076760372841717259e-03,1.488537129172562597e-02,6.945968719899232591e-01,7.191878916976109926e-01,-2.998691380650821414e-01,-1.169996955990446064e-01,-1.073534969336251699e-01,5.534431684179648148e-01,-5.298758658975750713e-01,1.175941750634038191e-01,-2.539447381903136014e-01,4.018252550926737499e-02,6.676939946994896180e-02,4.121844306841735972e-01,-3.485824441889730507e-01,1.021816239424142708e-01,4.683281414122305100e-03,0.000000000000000000e+00,0.000000000000000000e+00,-6.389214407695262277e-02,2.398274809983310663e-01,-5.147341330346988375e-01,1.234062142657152972e+00,0.000000000000000000e+00,0.000000000000000000e+00,0.000000000000000000e+00,-1.268055352761028876e-01,-2.662820057857195333e-01,5.703352786943858277e-01,1.238994482227280924e+00,0.000000000000000000e+00,0.000000000000000000e+00,0.000000000000000000e+00
4.219353448480347990e-02,1.177103373392599517e+00,8.878249280741418170e-01,-8.951045020147076203e-03,1.514112097482547478e-02,6.941140061022614827e-01,7.196501731962146042e-01,-3.017890978006881886e-01,-1.181479869871732424e-01,-1.071703527306875903e-01,5.573229278615757787e-01,-5.320827010587243500e-01,1.204865494536379450e-01,-2.579629327339856282e-01,4.039929811033455415e-02,6.807362180608163282e-02,4.198911288337747738e-01,-3.517714211879274799e-01,1.030378192197515808e-01,4.520255429042299017e-03,0.000000000000000000e+00,0.000000000000000000e+00,-6.458158241712497194e-02,2.378625123848380207e-01,-5.134534315273969751e-01,1.238397858040477528e+00,0.000000000000000000e+00,0.000000000000000000e+00,0.000000000000000000e+00,-1.279979926059931494e-01,-2.661028520432640598e-01,5.692264743270816219e-01,1.241212571035557710e+00,0.000000000000000000e+00,0.000000000000000000e+00,0.000000000000000000e+00
4.224250183118859886e-02,1.177101167155379269e+00,8.879926200547476611e-01,-9.781416669129456079e-03,1.593769525755556193e-02,6.937315456049077955e-01,7.199908724355097434e-01,-3.030163245264718141e-01,-1.179799187371056990e-01,-1.079050958755310846e-01,5.547717958563835872e-01,-5.312003398713285307e-01,1.204238291407584982e-01,-2.584457812020732326e-01,4.065433485192080504e-02,6.851629688134242002e-02,4.154891086710132408e-01,-3.506338147824646923e-01,1.025779566354687866e-01,4.242253261348913514e-03,0.000000000000000000e+00,0.000000000000000000e+00,-6.632452816327180645e-02,2.379629438048986856e-01,-5.145123005437877151e-01,1.240402932565680683e+00,0.000000000000000000e+00,0.000000000000000000e+00,0.000000000000000000e+00,-1.301549213110141934e-01,-2.658542624488155481e-01,5.674325324939127890e-01,1.242992095566840982e+00,0.000000000000000000e+00,0.000000000000000000e+00,0.000000000000000000e+00
4.218007284981910299e-02,1.177022425060068267e+00,8.879056224801552544e-01,-1.000525794629212976e-02,1.514261158555957332e-02,6.930450754547849979e-01,7.206657474277980979e-01,-3.036390510844758084e-01,-1.161532693032169966e-01,-1.072411818254857263e-01,5.582358416180069893e-01,-5.330519453133664154e-01,1.198519884980301237e-01,-2.569613974391304345e-01,4.268550271914030303e-02,6.955113793978606740e-02,4.137738975136471820e-01,-3.502090375961537383e-01,1.037687240735571947e-01,4.152914719087392667e-03,0.000000000000000000e+00,0.000000000000000000e+00,-6.538029542359133361e-02,2.388740985297152508e-01,-5.145796401387858765e-01,1.240480174836703364e+00,0.000000000000000000e+00,0.000000000000000000e+00,0.000000000000000000e+00,-1.305188142670429541e-01,-2.657475916168787200e-01,5.693627546395800820e-01,1.241403927404525875e+00,0.000000000000000000e+00,0.000000000000000000e+00,0.000000000000000000e+00
4.210130148224296154e-02,1.176950390476491304e+00,8.880526326581127394e-01,-1.017178255250860558e-02,1.512884265858151570e-02,6.923541848624721329e-01,7.213274815664078021e-01,-3.034173622746319521e-01,-1.155112317002895128e-01,-1.064985782862422070e-01,5.572064505099617593e-01,-5.318092824688923637e-01,1.208029725502274554e-01,-2.566649668136494755e-01,4.329608978707269462e-02,7.060002844568626090e-02,4.118056551938407139e-01,-3.472825044223141755e-01,1.040040098670912821e-01,5.150785710897378897e-03,0.000000000000000000e+00,0.000000000000000000e+00,-6.516815071988930896e-02,2.382796011147612636e-01,-5.118287907948050330e-01,1.240997325205321022e+00,0.000000000000000000e+00,0.000000000000000000e+00,0.000000000000000000e+00,-1.309790520966674920e-01,-2.657731173971771832e-01,5.687779242095367671e-01,1.242284040760233799e+00,0.000000000000000000e+00,0.000000000000000000e+00,0.000000000000000000e+00
4.204202072166905724e-02,1.176837161552056754e+00,8.878697494551642810e-01,-9.884629404097863489e-03,1.502961795397171098e-02,6.914362398267753784e-01,7.222134940167693751e-01,-3.040205136632878058e-01,-1.153648517232258308e-01,-1.049074325287243509e-01,5.594188655392060561e-01,-5.321298269208556420e-01,1.208182139393104149e-01,-2.583414071559486103e-01,4.342811846018003463e-02,7.100451225494737451e-02,4.158913993708364676e-01,-3.494248708200976550e-01,1.035424312366868965e-01,4.331243304294522117e-03,0.000000000000000000e+00,0.000000000000000000e+00,-6.392659609877095195e-02,2.382340290897697610e-01,-5.103189920784099165e-01,1.241766038902779812e+00,0.000000000000000000e+00,0.000000000000000000e+00,0.000000000000000000e+00,-1.327688589753072135e-01,-2.659972503759789886e-01,5.710807053423573310e-01,1.243461712411895848e+00,0.000000000000000000e+00,0.000000000000000000e+00,0.000000000000000000e+00
4.198210773210453439e-02,1.176784391240287553e+00,8.880316379399311177e-01,-9.768154760216819429e-03,1.554294562243348395e-02,6.914143966503231153e-01,7.222251256350937787e-01,-3.031622246775399487e-01,-1.159251899436424260e-01,-1.043864594182458555e-01,5.556530596186292081e-01,-5.292484015026023281e-01,1.197632112005364013e-01,-2.583952933877957658e-01,4.197609251068451508e-02,7.050091895939500364e-02,4.143995087038765956e-01,-3.484007169423102845e-01,1.035536084372987581e-01,2.895595868826836804e-03,0.000000000000000000e+00,0.000000000000000000e+00,-6.326034357192862612e-02,2.376176480895222654e-01,-5.109945377397775435e-01,1.240873963050436624e+00,0.000000000000000000e+00,0.000000000000000000e+00,0.000000000000000000e+00,-1.335574990190424027e-01,-2.673966194977568378e-01,5.723023256841102135e-01,1.242668133248791440e+00,0.000000000000000000e+00,0.000000000000000000e+00,0.000000000000000000e+00
4.181037732430573084e-02,1.176815316179205428e+00,8.882384678777291986e-01,-1.008515525426635813e-02,1.548688056835951718e-02,6.912469652793616914e-01,7.223822251175833209e-01,-3.021665913263543723e-01,-1.152204814196079730e-01,-1.040924304899047137e-01,5.530856134744857044e-01,-5.287765715932147836e-01,1.204964179564002175e-01,-2.570083819135094982e-01,4.258215486939455341e-02,7.161472946354838220e-02,4.105382041354994072e-01,-3.456707570609346969e-01,1.046644375090702711e-01,2.732881284354554165e-03,0.000000000000000000e+00,0.000000000000000000e+00,-6.413044888922625475e-02,2.369290563940220085e-01,-5.105060497567855959e-01,1.242569477468094874e+00,0.000000000000000000e+00,0.000000000000000000e+00,0.000000000000000000e+00,-1.336664576434814233e-01,-2.679268846493116918e-01,5.736978717558697261e-01,1.242203627357475026e+00,0.000000000000000000e+00,0.000000000000000000e+00,0.000000000000000000e+00
4.172408096053869392e-02,1.176854122897188049e+00,8.882595522511570474e-01,-1.003204805370086494e-02,1.514053360808347536e-02,6.913128209640051480e-01,7.223272844249343239e-01,-3.013951807121602045e-01,-1.147751614143089072e-01,-1.038652197068258287e-01,5.530071448231105302e-01,-5.294851920050310801e-01,1.209317891465038347e-01,-2.558982226842794194e-01,4.287635780746955338e-02,7.156855447362650557e-02,4.097320364692714767e-01,-3.456466912912692369e-01,1.046638848522394999e-01,1.601929061079435329e-03,0.000000000000000000e+00,0.000000000000000000e+00,-6.222924969393084371e-02,2.376280532241056009e-01,-5.112803114247228553e-01,1.239216033055261290e+00,0.000000000000000000e+00,0.000000000000000000e+00,0.000000000000000000e+00,-1.329904086181678546e-01,-2.686066563122977979e-01,5.741752112545117637e-01,1.240121068670832605e+00,0.000000000000000000e+00,0.000000000000000000e+00,0.000000000000000000e+00
4.167697656314602733e-02,1.177013180140648929e+00,8.884293117143133856e-01,-1.072901822589091871e-02,1.666378293717837508e-02,6.916815330248454741e-01,7.219306499786045661e-01,-3.029293705080677857e-01,-1.168541910804447581e-01,-1.055267568287398816e-01,5.489902306893719164e-01,-5.269202060040015789e-01,1.230267256423311917e-01,-2.590151981021918681e-01,4.112480850076697531e-02,7.144691863607294247e-02,4.092812635548888633e-01,-3.440976852117583751e-01,1.071468748377102931e-01,1.185314246452998013e-03,0.000000000000000000e+00,0.000000000000000000e+00,-6.308686346079267482e-02,2.360732881094672886e-01,-5.118438291316045330e-01,1.239461963758176966e+00,0.000000000000000000e+00,0.000000000000000000e+00,0.000000000000000000e+00,-1.317687747866276571e-01,-2.707476763818873478e-01,5.756074689064195615e-01,1.237139485435859942e+00,0.000000000000000000e+00,0.000000000000000000e+00,0.000000000000000000e+00
4.166547320721137454e-02,1.177140497206953906e+00,8.885100839770906367e-01,-1.025142027458773170e-02,1.642510112520414317e-02,6.912122296156398837e-01,7.223923989530594003e-01,-3.011604425799340179e-01,-1.171096791631620615e-01,-1.052810683757924720e-01,5.479910899318668482e-01,-5.256630394192354228e-01,1.237566061528036498e-01,-2.580476505961159517e-01,4.117800839556221698e-02,7.246082585675860110e-02,4.097109863812027353e-01,-3.437894141731049902e-01,1.057631600052049564e-01,1.709849674239983771e-03,0.000000000000000000e+00,0.000000000000000000e+00,-6.285945532653430812e-02,2.352802123086917274e-01,-5.107566866165076380e-01,1.241143524463174996e+00,0.000000000000000000e+00,0.000000000000000000e+00,0.000000000000000000e+00,-1.328930052375643656e-01,-2.703917753816835745e-01,5.771774570538891203e-01,1.240794150777362326e+00,0.000000000000000000e+00,0.000000000000000000e+00,0.000000000000000000e+00
4.168413330316701748e-02,1.177342341776907331e+00,8.887000835100523632e-01,-1.035322524232913481e-02,1.689500414649612245e-02,6.911594825430454891e-01,7.224305774624998344e-01,-2.998104365846671615e-01,-1.173076408251899488e-01,-1.054673974641780476e-01,5.438441069942274719e-01,-5.245485961589769763e-01,1.222923580888912592e-01,-2.572922236879635616e-01,4.085716052253190317e-02,7.366225570643687715e-02,4.068526715756799472e-01,-3.433437557813030505e-01,1.056862011908984711e-01,4.106350502845127880e-04,0.000000000000000000e+00,0.000000000000000000e+00,-6.202763510655409651e-02,2.342892521937964823e-01,-5.085487583442377391e-01,1.241130553349642618e+00,0.000000000000000000e+00,0.000000000000000000e+00,0.000000000000000000e+00,-1.318098089399038497e-01,-2.714016520574574765e-01,5.792962930459428783e-01,1.236279618911339417e+00,0.000000000000000000e+00,0.000000000000000000e+00,0.000000000000000000e+00
4.175197641931602949e-02,1.177475001581314018e+00,8.886847917496668581e-01,-9.951300967621336951e-03,1.705102478873328151e-02,6.914416384177248798e-01,7.221625127524400334e-01,-2.992210007890218071e-01,-1.182922023794163724e-01,-1.057171562120772096e-01,5.433551989246447889e-01,-5.231264382724375439e-01,1.217341808679656967e-01,-2.572832618979786767e-01,3.929401537913407988e-02,7.185288528222927296e-02,4.082006451419501469e-01,-3.442901910521125597e-01,1.062680453896327204e-01,1.122149079856385630e-03,0.000000000000000000e+00,0.000000000000000000e+00,-6.302999264609336627e-02,2.335464480432479228e-01,-5.076100115729915707e-01,1.243090908595713362e+00,0.000000000000000000e+00,0.000000000000000000e+00,0.000000000000000000e+00,-1.308697648658504742e-01,-2.719390495226686744e-01,5.792085335869364693e-01,1.237256695839611620e+00,0.000000000000000000e+00,0.000000000000000000e+00,0.000000000000000000e+00
4.175579024585894528e-02,1.177621603510461856e+00,8.888192005179066379e-01,-9.590098717246194754e-03,1.749713355329764533e-02,6.910963509695638995e-01,7.224871722048530343e-01,-2.970147707633485901e-01,-1.191263878452549080e-01,-1.050213084635654437e-01,5.391148960384880562e-01,-5.230489841196069856e-01,1.226159406105933047e-01,-2.574648611344057536e-01,3.820794065845970616e-02,7.251350245363792635e-02,4.085575475728960293e-01,-3.445780082295853419e-01,1.052299565186386732e-01,4.515309247728519458e-04,0.000000000000000000e+00,0.000000000000000000e+00,-6.221589755458135917e-02,2.325059773247349360e-01,-5.075993613801739190e-01,1.243516548066831984e+00,0.000000000000000000e+00,0.000000000000000000e+00,0.000000000000000000e+00,-1.319750934960665090e-01,-2.727890112509481768e-01,5.820628332857750165e-01,1.237821635715425916e+00,0.000000000000000000e+00,0.000000000000000000e+00,0.000000000000000000e+00
4.171324212625516364e-02,1.177725357089038472e+00,8.888409927769407304e-01,-1.001718343546418102e-02,1.751786050914798040e-02,6.908585586398261480e-01,7.227082624083556173e-01,-2.976707944090894453e-01,-1.182254971435479501e-01,-1.042302977310314849e-01,5.396225652740331835e-01,-5.238251510858119575e-01,1.232009951174373175e-01,-2.569790160316138827e-01,3.888398990443219655e-02,7.267095746615299945e-02,4.062800579237775822e-01,-3.439317334577536300e-01,1.054103865664951650e-01,2.361399525187893311e-04,0.000000000000000000e+00,0.000000000000000000e+00,-6.340085240790825638e-02,2.320101218775991736e-01,-5.063978154021859801e-01,1.246734620770955981e+00,0.000000000000000000e+00,0.000000000000000000e+00,0.000000000000000000e+00,-1.330050424473829263e-01,-2.721044516187506868e-01,5.830257445254132254e-01,1.240187394402284982e+00,0.000000000000000000e+00,0.000000000000000000e+00,0.000000000000000000e+00
4.161556114251952626e-02,1.177778233603616664e+00,8.887851891765360390e-01,-1.065053067897809430e-02,1.678629928627666662e-02,6.915558876628395968e-01,7.220493339041248460e-01,-2.993704185127914474e-01,-1.171278605832083153e-01,-1.060524772354536072e-01,5.435997825412325346e-01,-5.250779846068082124e-01,1.237474319084465452e-01,-2.556780734769069641e-01,4.104563584759869654e-02,7.300531063534157483e-02,4.041212151936585673e-01,-3.417640345629888721e-01,1.053776019303521022e-01,1.720691353094950084e-04,0.000000000000000000e+00,0.000000000000000000e+00,-6.382521941824889633e-02,2.328239152324427241e-01,-5.074438618297943959e-01,1.245417658998283716e+00,0.000000000000000000e+00,0.000000000000000000e+00,0.000000000000000000e+00,-1.309997617822099003e-01,-2.720093438924814366e-01,5.813416921904293044e-01,1.238103788410554573e+00,0.000000000000000000e+00,0.000000000000000000e+00,0.000000000000000000e+00
4.156786423900046823e-02,1.177768710974599564e+00,8.887919773577620530e-01,-1.045186890361076391e-02,1.674186587083815320e-02,6.916886534610661164e-01,7.219260869623717047e-01,-2.987608913180679893e-01,-1.174355432557912665e-01,-1.058768504765469076e-01,5.430790714028914667e-01,-5.250602663541109605e-01,1.241307199716317894e-01,-2.556373160203636030e-01,4.054386136085493669e-02,7.254989282695768760e-02,4.048871104080696282e-01,-3.419518581779074085e-01,1.055079642831989600e-01,1.324390388484480855e-03,0.000000000000000000e+00,0.000000000000000000e+00,-6.452059186518496747e-02,2.329493862650072189e-01,-5.084374951996536440e-01,1.245223261570818529e+00,0.000000000000000000e+00,0.000000000000000000e+00,0.000000000000000000e+00,-1.311301651800137191e-01,-2.717642590932592972e-01,5.830230164807965743e-01,1.241423148562955880e+00,0.000000000000000000e+00,0.000000000000000000e+00,0.000000000000000000e+00
4.153502735390791206e-02,1.177720873114441069e+00,8.887652002691314168e-01,-1.081421338467346283e-02,1.704002660421000126e-02,6.914320525160381203e-01,7.221595440314122483e-01,-3.002538631369773281e-01,-1.174479255709232894e-01,-1.061984678241720270e-01,5.437747419615993616e-01,-5.242322908853537244e-01,1.239165175659006218e-01,-2.565480147020940960e-01,4.069683013179199033e-02,7.275631748905238283e-02,4.044833488137352107e-01,-3.423392804154817282e-01,1.059520856007550027e-01,2.454463104206184958e-03,0.000000000000000000e+00,0.000000000000000000e+00,-6.408530768723351423e-02,2.338802963469905627e-01,-5.084378931220641107e-01,1.242712123502887289e+00,0.000000000000000000e+00,0.000000000000000000e+00,0.000000000000000000e+00,-1.305455810587518584e-01,-2.724697865921757445e-01,5.822209034844118003e-01,1.240027767743500986e+00,0.000000000000000000e+00,0.000000000000000000e+00,0.000000000000000000e+00
4.150467528872789358e-02,1.177551977993275489e+00,8.885968148640619457e-01,-1.067552262786876545e-02,1.651689651030227926e-02,6.910987159367686372e-01,7.224927613317934094e-01,-3.009589295095426165e-01,-1.173638140299477495e-01,-1.066804304420301275e-01,5.474626269787727928e-01,-5.267495517026919982e-01,1.253044933138827699e-01,-2.567818171205985545e-01,4.176845467451636984e-02,7.315398333085897098e-02,4.064459082252050992e-01,-3.429290696222149215e-01,1.033444223253275895e-01,2.989475661275455519e-03,0.000000000000000000e+00,0.000000000000000000e+00,-6.449570477002591895e-02,2.336988511001941715e-01,-5.054388490416386048e-01,1.244176421436332891e+00,0.000000000000000000e+00,0.000000000000000000e+00,0.000000000000000000e+00,-1.313120426414784436e-01,-2.714020895644732034e-01,5.820783723695404088e-01,1.241437001389952055e+00,0.000000000000000000e+00,0.000000000000000000e+00,0.000000000000000000e+00
4.154214306774620113e-02,1.177470280015888493e+00,8.883438015234080831e-01,-1.041048654663248932e-02,1.700289224484913958e-02,6.915598486297513947e-01,7.220439731680948769e-01,-3.021219399062177180e-01,-1.189724998126533567e-01,-1.068262164306509887e-01,5.487026184527779016e-01,-5.278947396201423281e-01,1.258182170046312498e-01,-2.601805910179468828e-01,4.035916643015714095e-02,7.237252550521086625e-02,4.129983912727740458e-01,-3.466854153756315782e-01,1.045006380290046111e-01,4.266228525165472255e-03,0.000000000000000000e+00,0.000000000000000000e+00,-6.478510070575874136e-02,2.334397215636820899e-01,-5.064361646022103036e-01,1.241446590088312929e+00,0.000000000000000000e+00,0.000000000000000000e+00,0.000000000000000000e+00,-1.297802241582942939e-01,-2.728828592199118996e-01,5.843937255020348331e-01,1.240179174323231770e+00,0.000000000000000000e+00,0.000000000000000000e+00,0.000000000000000000e+00
4.154458397051153523e-02,1.177296066725284085e+00,8.881676943979756045e-01,-1.020506540999712407e-02,1.662708618227454541e-02,6.908244267066271371e-01,7.227593016423417005e-01,-3.029459172038856951e-01,-1.181567909844054715e-01,-1.054802284140119728e-01,5.519858440826138635e-01,-5.287489960296948288e-01,1.244501652292956534e-01,-2.605510472138349298e-01,4.109937415515502873e-02,7.287450247249316337e-02,4.148237485618060938e-01,-3.476944161791441501e-01,1.036677419041435039e-01,3.786791034451251169e-03,0.000000000000000000e+00,0.000000000000000000e+00,-6.328256233698564825e-02,2.339038014705668300e-01,-5.032392668738131514e-01,1.240984114084050294e+00,0.000000000000000000e+00,0.000000000000000000e+00,0.000000000000000000e+00,-1.309736650596731722e-01,-2.730115147402538134e-01,5.840853856970876778e-01,1.239261493574403961e+00,0.000000000000000000e+00,0.000000000000000000e+00,0.000000000000000000e+00
4.153250004049958283e-02,1.177158884530142835e+00,8.878276310688661965e-01,-9.855006178143204537e-03,1.631653674806356202e-02,6.910981297403890888e-01,7.225095324984409650e-01,-3.039479184599244155e-01,-1.189238084318748057e-01,-1.056951490638504548e-01,5.561407926772106158e-01,-5.321049284902680254e-01,1.259998185071305454e-01,-2.627421305321114287e-01,4.136838269934967754e-02,7.303218787051676819e-02,4.214604158797699007e-01,-3.509676864362686888e-01,1.029199028355803763e-01,3.581556409022790093e-03,0.000000000000000000e+00,0.000000000000000000e+00,-6.366669903430952071e-02,2.335069301006573173e-01,-5.041348796592248771e-01,1.240397684451901128e+00,0.000000000000000000e+00,0.000000000000000000e+00,0.000000000000000000e+00,-1.305340095502849074e-01,-2.728721824160189047e-01,5.853342801163953224e-01,1.238837882964850312e+00,0.000000000000000000e+00,0.000000000000000000e+00,0.000000000000000000e+00
4.159955129059585838e-02,1.177075329146366256e+00,8.876445801633583432e-01,-9.950141464011422188e-03,1.694062975176604743e-02,6.909182969365719185e-01,7.226658402793980640e-01,-3.062559512884748258e-01,-1.197686553593227676e-01,-1.056551922550055533e-01,5.580294295255701087e-01,-5.315863684977967241e-01,1.252130968873804706e-01,-2.652998141941972365e-01,4.049068524412529485e-02,7.219849322202942510e-02,4.243942231578531343e-01,-3.541696542986544904e-01,1.019474853464191061e-01,4.490345839693334583e-03,0.000000000000000000e+00,0.000000000000000000e+00,-6.511812398066826879e-02,2.330915342536286072e-01,-5.027097561215352339e-01,1.243067582276280225e+00,0.000000000000000000e+00,0.000000000000000000e+00,0.000000000000000000e+00,-1.293099700453883005e-01,-2.735598907136895797e-01,5.839499453259158201e-01,1.236338859975198101e+00,0.000000000000000000e+00,0.000000000000000000e+00,0.000000000000000000e+00
4.145966967596964592e-02,1.177026385236040529e+00,8.874604071500200586e-01,-9.485378103354943566e-03,1.654034962806360740e-02,6.905766725489407287e-01,7.230078172244426282e-01,-3.058627457518539594e-01,-1.203850565873429146e-01,-1.057170573048701601e-01,5.600561890411051014e-01,-5.329122859897535980e-01,1.261095345332754747e-01,-2.665523526888807226e-01,4.063178655411429224e-02,7.276851305840131845e-02,4.294861343456186087e-01,-3.557254966994182199e-01,1.021027619057623959e-01,3.531774136942385060e-03,0.000000000000000000e+00,0.000000000000000000e+00,-6.332232435457904596e-02,2.333124466418371457e-01,-5.077238922009306155e-01,1.240578765775400161e+00,0.000000000000000000e+00,0.000000000000000000e+00,0.000000000000000000e+00,-1.299676282045457709e-01,-2.741500057041531546e-01,5.859191289668413960e-01,1.236023736334628254e+00,0.000000000000000000e+00,0.000000000000000000e+00,0.000000000000000000e+00
4.137265165863709265e-02,1.176965497007221861e+00,8.874688012881862820e-01,-9.701816927392243120e-03,1.641188168032261738e-02,6.907736980896767021e-01,7.228196337368889557e-01,-3.064860398874272862e-01,-1.193637454935838893e-01,-1.043202439221329464e-01,5.608001430510419771e-01,-5.327012371247741296e-01,1.258526889777203117e-01,-2.655493899766176447e-01,4.064037193276787141e-02,7.203836220780732158e-02,4.271929482434363989e-01,-3.556836985042987065e-01,1.032122038108449630e-01,4.084007280784441446e-03,0.000000000000000000e+00,0.000000000000000000e+00,-6.491371011855461004e-02,2.335071552680158258e-01,-5.073876376547448164e-01,1.241824491013052034e+00,0.000000000000000000e+00,0.000000000000000000e+00,0.000000000000000000e+00,-1.289741754031255294e-01,-2.746032613583577753e-01,5.830210034172389477e-01,1.234801065518362329e+00,0.000000000000000000e+00,0.000000000000000000e+00,0.000000000000000000e+00
4.120628020840123168e-02,1.177017261646115864e+00,8.876103569262310256e-01,-1.063589829353390852e-02,1.660851952361209333e-02,6.914280783997468482e-01,7.221760499678429035e-01,-3.077430194583509193e-01,-1.189746659850440674e-01,-1.056752767960055517e-01,5.599438244423960986e-01,-5.325320819215593193e-01,1.270542070759901887e-01,-2.653395327559522343e-01,4.126500148918436917e-02,7.169949013186945053e-02,4.234063605039196099e-01,-3.530046646241854491e-01,1.045055814808209249e-01,3.440784815511363417e-03,0.000000000000000000e+00,0.000000000000000000e+00,-6.645111711282752909e-02,2.325673955324743802e-01,-5.070049780408758533e-01,1.242767440879889440e+00,0.000000000000000000e+00,0.000000000000000000e+00,0.000000000000000000e+00,-1.289861082771908418e-01,-2.750814834663805053e-01,5.835903710423291368e-01,1.235634675563789919e+00,0.000000000000000000e+00,0.000000000000000000e+00,0.000000000000000000e+00
4.119293304558523106e-02,1.176979479648706306e+00,8.876633627059614673e-01,-9.804587897115253636e-03,1.766075179902586167e-02,6.913156838469222132e-01,7.222704432339195346e-01,-3.058718425942048014e-01,-1.213706460010313543e-01,-1.050158826288325326e-01,5.545984792839262489e-01,-5.300931742022673143e-01,1.244274797503861635e-01,-2.675292942252707751e-01,3.807935244927854179e-02,7.136462415102784451e-02,4.273883955318312777e-01,-3.560886390572491345e-01,1.027882605446223396e-01,2.725809460386896185e-03,0.000000000000000000e+00,0.000000000000000000e+00,-6.445069907513922836e-02,2.325337128335570880e-01,-5.092970474955539339e-01,1.238532892154332821e+00,0.000000000000000000e+00,0.000000000000000000e+00,0.000000000000000000e+00,-1.289401038038106850e-01,-2.768556327412843854e-01,5.846212414516295253e-01,1.233025752894533422e+00,0.000000000000000000e+00,0.000000000000000000e+00,0.000000000000000000e+00
4.102180859221399994e-02,1.176913007573681780e+00,8.875398862523807830e-01,-1.029704960534880143e-02,1.666438411039723039e-02,6.919178996282820959e-01,7.217103915322489183e-01,-3.077247628159837101e-01,-1.198495047125071739e-01,-1.053937533079362110e-01,5.598823803537038568e-01,-5.313462218835399709e-01,1.264366552010556810e-01,-2.668457213755686674e-01,3.996615817210777410e-02,7.053927324610019534e-02,4.274147355789417180e-01,-3.537508127435594063e-01,1.039594515856512302e-01,2.776543213495540063e-03,0.000000000000000000e+00,0.000000000000000000e+00,-6.589908718706706525e-02,2.320187771669906807e-01,-5.080226907069927966e-01,1.239482463529461453e+00,0.000000000000000000e+00,0.000000000000000000e+00,0.000000000000000000e+00,-1.293642985574159632e-01,-2.748294552759187881e-01,5.821170460241509304e-01,1.237677384655401891e+00,0.000000000000000000e+00,0.000000000000000000e+00,0.000000000000000000e+00
4.102657382181979645e-02,1.176824676414444992e+00,8.875247023602949037e-01,-9.455985429776591136e-03,1.689121459828344177e-02,6.923781133685503741e-01,7.212751342845203917e-01,-3.061450622616613826e-01,-1.222477851960382389e-01,-1.067032904419339540e-01,5.577843977287733068e-01,-5.295394167011036046e-01,1.265042659835300953e-01,-2.680582517136133047e-01,3.798793249520880655e-02,7.006517843085352526e-02,4.319797534066233680e-01,-3.552758052939112288e-01,1.040302536462263672e-01,3.323453862583129574e-03,0.000000000000000000e+00,0.000000000000000000e+00,-6.560129352371794897e-02,2.315625384917801566e-01,-5.084045401404688747e-01,1.237745439349893228e+00,0.000000000000000000e+00,0.000000000000000000e+00,0.000000000000000000e+00,-1.278321934926447689e-01,-2.763419836544099839e-01,5.823997976551920086e-01,1.236636697092660109e+00,0.000000000000000000e+00,0.000000000000000000e+00,0.000000000000000000e+00
4.106715944860447887e-02,1.176768166019764639e+00,8.875549355810519181e-01,-9.280421733647839164e-03,1.753601317129500209e-02,6.923129145373707605e-01,7.213246081891794281e-01,-3.058516165791660968e-01,-1.235482880402374306e-01,-1.069500097926560367e-01,5.553794444464825730e-01,-5.286056196024395692e-01,1.263798986584384054e-01,-2.693597636166852882e-01,3.646901922249100314e-02,6.938520370365106049e-02,4.331333726487887059e-01,-3.561475026563467039e-01,1.037979366389337882e-01,2.669261006592415879e-03,0.000000000000000000e+00,0.000000000000000000e+00,-6.656989489521823733e-02,2.309759581803653150e-01,-5.071890394974996052e-01,1.239824654168058427e+00,0.000000000000000000e+00,0.000000000000000000e+00,0.000000000000000000e+00,-1.285238335479313709e-01,-2.771209589182943578e-01,5.795705380075409918e-01,1.236009779821894750e+00,0.000000000000000000e+00,0.000000000000000000e+00,0.000000000000000000e+00
4.111304154187514492e-02,1.176771561417323753e+00,8.874592581675527780e-01,-9.557950030035186964e-03,1.777457159021002958e-02,6.924714080772972347e-01,7.211629907250184379e-01,-3.074678639802207458e-01,-1.235917873206710121e-01,-1.068508042798893415e-01,5.568341650378327845e-01,-5.286702843933743790e-01,1.274017763877722531e-01,-2.712420717767003442e-01,3.642604375291587371e-02,6.911502698270344247e-02,4.351899474853718752e-01,-3.558834305097640649e-01,1.059135225982385797e-01,2.475059614059815956e-03,0.000000000000000000e+00,0.000000000000000000e+00,-6.654403431741633124e-02,2.314860379393698375e-01,-5.087494403236946239e-01,1.238692662982339820e+00,0.000000000000000000e+00,0.000000000000000000e+00,0.000000000000000000e+00,-1.281479135730085595e-01,-2.776955984768549879e-01,5.798200533857200689e-01,1.236075041423631893e+00,0.000000000000000000e+00,0.000000000000000000e+00,0.000000000000000000e+00
4.123239878624180427e-02,1.176788107151601315e+00,8.876604014075416549e-01,-9.153213026190858831e-03,1.808862231024488051e-02,6.920020419266759149e-01,7.216108330696855422e-01,-3.052706209363571510e-01,-1.237789953257742021e-01,-1.059690718481227645e-01,5.526021616946555914e-01,-5.268718885409293673e-01,1.263003384024940223e-01,-2.704714807593013304e-01,3.553639124209376915e-02,6.970191916609037863e-02,4.337052550580799970e-01,-3.553652510099718498e-01,1.055562933766661937e-01,1.936349538590294512e-03,0.000000000000000000e+00,0.000000000000000000e+00,-6.535377488386892586e-02,2.304613359249566007e-01,-5.066231330510744257e-01,1.238564926322385018e+00,0.000000000000000000e+00,0.000000000000000000e+00,0.000000000000000000e+00,-1.283742039406284563e-01,-2.773688416186690375e-01,5.807908454635689610e-01,1.235305079445875975e+00,0.000000000000000000e+00,0.000000000000000000e+00,0.000000000000000000e+00
4.140922438669622507e-02,1.176906075409703156e+00,8.878531152225891399e-01,-1.026483646016449099e-02,1.898229086417444270e-02,6.924733061911984011e-01,7.211206736591487809e-01,-3.072852476798914045e-01,-1.232263236041113708e-01,-1.066597819998563873e-01,5.504307318287173789e-01,-5.254845010932781557e-01,1.259603872237462230e-01,-2.703236476040068448e-01,3.557261980229481368e-02,6.895843782845571812e-02,4.277238816715893122e-01,-3.545438080145705828e-01,1.065223601650038404e-01,2.307680070042465639e-03,0.000000000000000000e+00,0.000000000000000000e+00,-6.761425197715753566e-02,2.318039831938177864e-01,-5.076657774280807223e-01,1.239079685350098270e+00,0.000000000000000000e+00,0.000000000000000000e+00,0.000000000000000000e+00,-1.283978957731038151e-01,-2.771445619993267440e-01,5.810077590701637762e-01,1.236328310080598847e+00,0.000000000000000000e+00,0.000000000000000000e+00,0.000000000000000000e+00
4.158477135598082769e-02,1.176909645887472822e+00,8.876944183525172782e-01,-9.824047974535407915e-03,1.903639871627820640e-02,6.922962632774012359e-01,7.212953538304928136e-01,-3.067184886331250637e-01,-1.237076514622620083e-01,-1.062198780974393797e-01,5.508187294462798533e-01,-5.274746796626244016e-01,1.258538414231992475e-01,-2.715518987156889108e-01,3.472387488640617942e-02,6.747118311859598427e-02,4.317777986914796973e-01,-3.575676186980651927e-01,1.047904771278568292e-01,2.085468972463013805e-03,0.000000000000000000e+00,0.000000000000000000e+00,-6.650271634453350234e-02,2.318830257657192861e-01,-5.073200007056334337e-01,1.237651244974185438e+00,0.000000000000000000e+00,0.000000000000000000e+00,0.000000000000000000e+00,-1.285916166605077515e-01,-2.776437515274043366e-01,5.823668631445838573e-01,1.236015334193998561e+00,0.000000000000000000e+00,0.000000000000000000e+00,0.000000000000000000e+00
4.174769722061500571e-02,1.176933399635902822e+00,8.878201901912196048e-01,-9.909877224789096287e-03,1.955814682479968189e-02,6.922120249979240025e-01,7.213610647064637726e-01,-3.065629942494774163e-01,-1.237743948847474379e-01,-1.058965029239345712e-01,5.483514539157438028e-01,-5.257644262805183377e-01,1.252305458131685867e-01,-2.719435306535054608e-01,3.406359947538387112e-02,6.752365545435616567e-02,4.306558851181078729e-01,-3.568424962731566175e-01,1.061346284223409486e-01,2.608168005270065318e-03,0.000000000000000000e+00,0.000000000000000000e+00,-6.651254400850732662e-02,2.321341679301890393e-01,-5.085345370530902631e-01,1.236341912670110732e+00,0.000000000000000000e+00,0.000000000000000000e+00,0.000000000000000000e+00,-1.278819049346736902e-01,-2.785760009026504447e-01,5.817096105994313815e-01,1.233475468468034464e+00,0.000000000000000000e+00,0.000000000000000000e+00,0.000000000000000000e+00
4.194733027126146263e-02,1.176905831230516064e+00,8.874947406695630203e-01,-9.118134710909071156e-03,1.938669793219206794e-02,6.923792602128349127e-01,7.212156235064567378e-01,-3.071089608977872754e-01,-1.256241728106171629e-01,-1.073973388757960418e-01,5.523076772696717818e-01,-5.267282406125994854e-01,1.253648598001579906e-01,-2.737207481882490967e-01,3.342864841799937647e-02,6.694968275635267141e-02,4.376646219630918044e-01,-3.604720253805157038e-01,1.036405240044552672e-01,2.886623818688220135e-03,0.000000000000000000e+00,0.000000000000000000e+00,-6.638750437170516661e-02,2.323170113619633104e-01,-5.107910633330491335e-01,1.236349186278002055e+00,0.000000000000000000e+00,0.000000000000000000e+00,0.000000000000000000e+00,-1.274356070685712106e-01,-2.787729661244512380e-01,5.830391000558209358e-01,1.233140658676446400e+00,0.000000000000000000e+00,0.000000000000000000e+00,0.000000000000000000e+00
4.201117440784789270e-02,1.176880254714094187e+00,8.874234033825675327e-01,-9.256356134086048126e-03,1.895526550576046715e-02,6.923547796442993674e-01,7.212488314613888507e-01,-3.077233029923904795e-01,-1.246832311290428930e-01,-1.071716091538967436e-01,5.546918195674037655e-01,-5.275792019835610080e-01,1.261717830599155821e-01,-2.735179569660024512e-01,3.424536969532215869e-02,6.648257798991656642e-02,4.379574846274663646e-01,-3.595913460006656681e-01,1.052210944137619147e-01,2.504266854320042011e-03,0.000000000000000000e+00,0.000000000000000000e+00,-6.749117630052314798e-02,2.315340567931097049e-01,-5.102166614158940572e-01,1.239451050260264475e+00,0.000000000000000000e+00,0.000000000000000000e+00,0.000000000000000000e+00,-1.274561109964912897e-01,-2.777016973006778966e-01,5.815497332301118316e-01,1.234389650835269192e+00,0.000000000000000000e+00,0.000000000000000000e+00,0.000000000000000000e+00
4.210411041663771753e-02,1.176856872879273208e+00,8.875233084775175918e-01,-9.357214140585899675e-03,1.923705963293275908e-02,6.921243472978617639e-01,7.214612019767351336e-01,-3.075557494618199605e-01,-1.249020057254204008e-01,-1.075035845460569073e-01,5.530660769518155329e-01,-5.264698946730341778e-01,1.270570243753091078e-01,-2.738099962144756039e-01,3.440596641413512513e-02,6.718526306083963395e-02,4.372088193812381784e-01,-3.590688909873467338e-01,1.044264569717705260e-01,2.708599111620956304e-03,0.000000000000000000e+00,0.000000000000000000e+00,-6.708642967279054847e-02,2.310615203568101572e-01,-5.068246852000746205e-01,1.238724804529388601e+00,0.000000000000000000e+00,0.000000000000000000e+00,0.000000000000000000e+00,-1.276043262400162470e-01,-2.777099627403485371e-01,5.814849802183981176e-01,1.234005195008777589e+00,0.000000000000000000e+00,0.000000000000000000e+00,0.000000000000000000e+00
4.223262120151189541e-02,1.176624580159594036e+00,8.871571153618708072e-01,-8.133205371727727714e-03,1.862452969747779505e-02,6.924598976016086427e-01,7.211700687615227867e-01,-3.073018462127702355e-01,-1.268568195967320622e-01,-1.088771936656615369e-01,5.574695570985627180e-01,-5.273410463707917106e-01,1.263447553351332853e-01,-2.753463695921071763e-01,3.329479105052562254e-02,6.538596220645201407e-02,4.462752564332925220e-01,-3.633245942419822128e-01,1.016995823256537923e-01,3.197340855445913229e-03,0.000000000000000000e+00,0.000000000000000000e+00,-6.565710457221182739e-02,2.315057375561904163e-01,-5.071295670866029504e-01,1.235529393882962790e+00,0.000000000000000000e+00,0.000000000000000000e+00,0.000000000000000000e+00,-1.255324195960537681e-01,-2.788643079915714140e-01,5.815230121675065700e-01,1.231137102178118781e+00,0.000000000000000000e+00,0.000000000000000000e+00,0.000000000000000000e+00
4.216354855812734503e-02,1.176618590375309692e+00,8.875421139007481086e-01,-9.061565157729779482e-03,1.856970749357085212e-02,6.920511967358266014e-01,7.215526280854407393e-01,-3.063703530082692583e-01,-1.243511595257722896e-01,-1.074244859072644859e-01,5.536802712205610710e-01,-5.280852226988741460e-01,1.288221276725554920e-01,-2.725070321506201654e-01,3.531262712799303205e-02,6.776619382378366863e-02,4.369350704266720675e-01,-3.576964157257239707e-01,1.047408447755408950e-01,2.773745301779294032e-03,0.000000000000000000e+00,0.000000000000000000e+00,-6.717374102290173121e-02,2.312399618411178914e-01,-5.067087632663432872e-01,1.238530654122778074e+00,0.000000000000000000e+00,0.000000000000000000e+00,0.000000000000000000e+00,-1.286832989451872911e-01,-2.769460711447730983e-01,5.812890804860996186e-01,1.236807406613725790e+00,0.000000000000000000e+00,0.000000000000000000e+00,0.000000000000000000e+00
4.222676604819002033e-02,1.176447373836323473e+00,8.874446858255170545e-01,-8.660582616739274237e-03,1.839528444581318631e-02,6.915262298398813234e-01,7.220651502893192797e-01,-3.064144942505025448e-01,-1.240555328447931344e-01,-1.057798757454816163e-01,5.549926404351577247e-01,-5.276032438220928933e-01,1.289213758647206332e-01,-2.731283150269420146e-01,3.496331392156930978e-02,6.748579423927925092e-02,4.390786497272115008e-01,-3.571188333512640423e-01,1.060769237589287012e-01,2.779754157677659723e-03,0.000000000000000000e+00,0.000000000000000000e+00,-6.585200264487432731e-02,2.312039207957346798e-01,-5.018330459178925729e-01,1.238059022932731068e+00,0.000000000000000000e+00,0.000000000000000000e+00,0.000000000000000000e+00,-1.286041715480849279e-01,-2.773878463213320100e-01,5.811788287125934094e-01,1.235498169180810235e+00,0.000000000000000000e+00,0.000000000000000000e+00,0.000000000000000000e+00
4.232437198891055713e-02,1.176259397868923084e+00,8.873254447952585444e-01,-8.212510354995587736e-03,1.859778543258014047e-02,6.916775464052692390e-01,7.219202510315529953e-01,-3.061086484804209640e-01,-1.250641290282234752e-01,-1.060512460839087012e-01,5.545113834978752099e-01,-5.277488538043396682e-01,1.272765439881021754e-01,-2.738820977975938709e-01,3.368609559991063429e-02,6.645081017390144784e-02,4.412187883260296206e-01,-3.595380867722359763e-01,1.053980485171045062e-01,1.706529424840789750e-03,0.000000000000000000e+00,0.000000000000000000e+00,-6.613979441867759435e-02,2.312034551044982178e-01,-5.004885480641757534e-01,1.238598102300358050e+00,0.000000000000000000e+00,0.000000000000000000e+00,0.000000000000000000e+00,-1.296013031402227789e-01,-2.784106858181547572e-01,5.825512285885410257e-01,1.235527882532279298e+00,0.000000000000000000e+00,0.000000000000000000e+00,0.000000000000000000e+00
4.240786570640423664e-02,1.176122446528836463e+00,8.875301900332281946e-01,-7.848551160563739873e-03,1.953989619129707297e-02,6.908329432720080598e-01,7.227077121434705154e-01,-3.049601275754444396e-01,-1.264550947966457672e-01,-1.057878817177177744e-01,5.497471517671888019e-01,-5.248708964625234952e-01,1.262084378682927222e-01,-2.746257393134435287e-01,3.239671320526897602e-02,6.811954289726454559e-02,4.403185943825885795e-01,-3.600099091606805413e-01,1.029834775658872992e-01,2.593487055985334647e-03,0.000000000000000000e+00,0.000000000000000000e+00,-6.594675089690656133e-02,2.309780547254625949e-01,-5.011864751746716307e-01,1.238804265804188676e+00,0.000000000000000000e+00,0.000000000000000000e+00,0.000000000000000000e+00,-1.299728314054411638e-01,-2.795302594210001823e-01,5.810122101241752546e-01,1.232356913934747444e+00,0.000000000000000000e+00,0.000000000000000000e+00,0.000000000000000000e+00
4.237489525862264683e-02,1.175967082848199396e+00,8.871401239053177123e-01,-8.135012558034459412e-03,1.916043264022104786e-02,6.917494809414237444e-01,7.218374851786185653e-01,-3.081852977442346986e-01,-1.263227602151911766e-01,-1.061069712824278810e-01,5.562491965329516841e-01,-5.281160415838478395e-01,1.279884725124998679e-01,-2.771873186378000509e-01,3.279873088494097283e-02,6.592707927530716550e-02,4.460916264452953750e-01,-3.622265035732804006e-01,1.032118895997316543e-01,3.077457891807006303e-03,0.000000000000000000e+00,0.000000000000000000e+00,-6.773052402550663875e-02,2.314174359093171818e-01,-5.018084852045838762e-01,1.239455759145428271e+00,0.000000000000000000e+00,0.000000000000000000e+00,0.000000000000000000e+00,-1.281189625752666705e-01,-2.793947348448443391e-01,5.800105256279106669e-01,1.232947403703669842e+00,0.000000000000000000e+00,0.000000000000000000e+00,0.000000000000000000e+00
4.228990794989739843e-02,1.175800412511100124e+00,8.869810296047370146e-01,-7.985893421251607366e-03,1.822064694034920829e-02,6.915685232456675324e-01,7.220368489122610534e-01,-3.088991866837365041e-01,-1.251101589049306573e-01,-1.053072522233787361e-01,5.607385273837350859e-01,-5.291332649803192067e-01,1.285407752130729997e-01,-2.764037407065110807e-01,3.434569385581694861e-02,6.668156052996307426e-02,4.470874016476199531e-01,-3.612371050990003107e-01,1.036711131480547721e-01,3.125097852194252089e-03,0.000000000000000000e+00,0.000000000000000000e+00,-6.667513551468860766e-02,2.313407315621351379e-01,-4.994188325778242121e-01,1.238073955535710979e+00,0.000000000000000000e+00,0.000000000000000000e+00,0.000000000000000000e+00,-1.282296035404533185e-01,-2.781837450133247125e-01,5.804576526631085587e-01,1.233925427722161849e+00,0.000000000000000000e+00,0.000000000000000000e+00,0.000000000000000000e+00
4.214542937386899640e-02,1.175800889359060575e+00,8.870059851950070628e-01,-8.106421065722386674e-03,1.807291978175606592e-02,6.919945160159429731e-01,7.216309619964548228e-01,-3.084825566433605504e-01,-1.257068340523364580e-01,-1.071749359147904646e-01,5.601616251465382224e-01,-5.294972201886214425e-01,1.287628986809437603e-01,-2.762671076940885762e-01,3.432799503311805694e-02,6.637546892233804618e-02,4.472141908894256557e-01,-3.608236329841306711e-01,1.047357738311044950e-01,3.736107312733446140e-03,0.000000000000000000e+00,0.000000000000000000e+00,-6.747370200821238562e-02,2.315998313845299139e-01,-5.011699355776821907e-01,1.236929072244106642e+00,0.000000000000000000e+00,0.000000000000000000e+00,0.000000000000000000e+00,-1.276575985628904675e-01,-2.786889467614591109e-01,5.802362639205301820e-01,1.235504340173955606e+00,0.000000000000000000e+00,0.000000000000000000e+00,0.000000000000000000e+00
4.203902406115989088e-02,1.175891361617851016e+00,8.872485087499291101e-01,-8.795400827215749118e-03,1.842631152597545494e-02,6.922439180899919720e-01,7.213747083418253769e-01,-3.086280715032407862e-01,-1.252429291023154367e-01,-1.078930660547166576e-01,5.572767654924389857e-01,-5.282557833683407811e-01,1.283066507860385619e-01,-2.751727160314284548e-01,3.454253276951433499e-02,6.641119293269355517e-02,4.418710723377683447e-01,-3.589334102782992808e-01,1.049265166061723459e-01,3.966433556870537641e-03,0.000000000000000000e+00,0.000000000000000000e+00,-6.905957094223298676e-02,2.304797158186063788e-01,-4.998363575351845167e-01,1.238649225792458841e+00,0.000000000000000000e+00,0.000000000000000000e+00,0.000000000000000000e+00,-1.268288349403954574e-01,-2.792899395162989351e-01,5.812895055286914081e-01,1.233597612183744863e+00,0.000000000000000000e+00,0.000000000000000000e+00,0.000000000000000000e+00
4.191718777862046136e-02,1.176042154690876584e+00,8.876377222458765592e-01,-9.370295374271166849e-03,1.887009774515352456e-02,6.920944499336026956e-01,7.214994035664842320e-01,-3.073073012812496119e-01,-1.242298082107851781e-01,-1.069060499514663531e-01,5.517781349792129086e-01,-5.264796060504727260e-01,1.283540695173213675e-01,-2.730534316728091548e-01,3.405834536773635901e-02,6.580301454155976226e-02,4.343304544017957403e-01,-3.550861729902151653e-01,1.053794807468284717e-01,3.188197484155669802e-03,0.000000000000000000e+00,0.000000000000000000e+00,-6.938646870122568144e-02,2.301638497571940611e-01,-4.997686400092547498e-01,1.239905666398259498e+00,0.000000000000000000e+00,0.000000000000000000e+00,0.000000000000000000e+00,-1.284205781486053022e-01,-2.789525016531029800e-01,5.818580789408808185e-01,1.236550493171079790e+00,0.000000000000000000e+00,0.000000000000000000e+00,0.000000000000000000e+00
4.189058408354134205e-02,1.176109786865158879e+00,8.875234919271167700e-01,-8.493972424179400613e-03,1.868672507461079102e-02,6.930998268734713808e-01,7.205492965275923645e-01,-3.057826843935165795e-01,-1.265338722668488680e-01,-1.091255975448579413e-01,5.517407653085193431e-01,-5.266084024694478449e-01,1.273082566805580629e-01,-2.734767417260200451e-01,3.219700353817124550e-02,6.386749421949404482e-02,4.397567871077673884e-01,-3.582080358477807702e-01,1.034335780612635758e-01,4.481873121146064468e-03,0.000000000000000000e+00,0.000000000000000000e+00,-6.866129912597296325e-02,2.300970748058714099e-01,-5.017402560660467747e-01,1.236176151689911906e+00,0.000000000000000000e+00,0.000000000000000000e+00,0.000000000000000000e+00,-1.247538077340327733e-01,-2.809632295912802280e-01,5.808144121341658472e-01,1.233350070340754945e+00,0.000000000000000000e+00,0.000000000000000000e+00,0.000000000000000000e+00
4.184292811077050533e-02,1.176268446236396814e+00,8.878776077753567364e-01,-8.443145938062918132e-03,1.934262617784159380e-02,6.934553831868582874e-01,7.201903967898912740e-01,-3.031850491039271289e-01,-1.268986217007395390e-01,-1.088544341991147107e-01,5.444076325735459632e-01,-5.237111402152863082e-01,1.246738296833490717e-01,-2.711627192105425244e-01,3.020158852177524944e-02,6.302454876655746996e-02,4.337904108231938616e-01,-3.574895258228247830e-01,1.037169399682943416e-01,4.163303774260489198e-03,0.000000000000000000e+00,0.000000000000000000e+00,-6.910521219237486523e-02,2.298522369655202346e-01,-5.053745908832495415e-01,1.235409940519784922e+00,0.000000000000000000e+00,0.000000000000000000e+00,0.000000000000000000e+00,-1.246125558249662479e-01,-2.815098797065336833e-01,5.815866243654530532e-01,1.233472974808091482e+00,0.000000000000000000e+00,0.000000000000000000e+00,0.000000000000000000e+00
4.170598870607499647e-02,1.176451896106627260e+00,8.883190534946696637e-01,-9.310204813930663195e-03,1.961995911377104052e-02,6.939823160112433831e-01,7.196644512231845647e-01,-3.020930550712441764e-01,-1.256383313574270522e-01,-1.087078903103154137e-01,5.389522805936164396e-01,-5.216996944025249494e-01,1.256434765113887964e-01,-2.684525478639133156e-01,3.047266252440926707e-02,6.284237359190172900e-02,4.248156705549616663e-01,-3.517029982991461967e-01,1.050316798020897863e-01,4.001886071901456648e-03,0.000000000000000000e+00,0.000000000000000000e+00,-7.022925682727525210e-02,2.293008523114246078e-01,-5.046923604626190052e-01,1.235512123352378255e+00,0.000000000000000000e+00,0.000000000000000000e+00,0.000000000000000000e+00,-1.251607452906565443e-01,-2.816173285353885669e-01,5.822727192992001033e-01,1.235867893288741692e+00,0.000000000000000000e+00,0.000000000000000000e+00,0.000000000000000000e+00
4.169030862729536380e-02,1.176547030776632807e+00,8.882785819383779424e-01,-9.292173706545456616e-03,1.942658831334971928e-02,6.938816870373427648e-01,7.197669536513343624e-01,-3.022450215077936431e-01,-1.254313174778314277e-01,-1.088519092145911749e-01,5.403279329245170848e-01,-5.226770404033481698e-01,1.250774396958890811e-01,-2.673372958292543067e-01,3.072900998377091700e-02,6.263762345679758925e-02,4.234399506907982613e-01,-3.520418313690802936e-01,1.031183556610987262e-01,4.988981298085747029e-03,0.000000000000000000e+00,0.000000000000000000e+00,-6.974587649344496376e-02,2.295747023393385211e-01,-5.034744088407949736e-01,1.235132053039793565e+00,0.000000000000000000e+00,0.000000000000000000e+00,0.000000000000000000e+00,-1.248228767216771062e-01,-2.811545811189802291e-01,5.812680531958634988e-01,1.236490798348609754e+00,0.000000000000000000e+00,0.000000000000000000e+00,0.000000000000000000e+00
4.158000068777557151e-02,1.176645314777710061e+00,8.885192889985157327e-01,-9.711343757819993275e-03,1.870239729409849117e-02,6.936705589501186431e-01,7.199840732847503366e-01,-3.009564799752215691e-01,-1.230613369774934684e-01,-1.076951209885312899e-01,5.392039303361819691e-01,-5.225525066940850394e-01,1.258180544050814531e-01,-2.640253833227824698e-01,3.301858523199505124e-02,6.456623843161486687e-02,4.174232601333884851e-01,-3.477719071267509343e-01,1.040922035936716061e-01,4.732951897891576193e-03,0.000000000000000000e+00,0.000000000000000000e+00,-6.880574177656997858e-02,2.306634448515855196e-01,-5.028592591095846220e-01,1.233576233451006310e+00,0.000000000000000000e+00,0.000000000000000000e+00,0.000000000000000000e+00,-1.265751009967346352e-01,-2.798373476926017678e-01,5.815879182222556398e-01,1.241563874363406761e+00,0.000000000000000000e+00,0.000000000000000000e+00,0.000000000000000000e+00
4.166418533262722379e-02,1.176685580840274969e+00,8.885861775417152053e-01,-1.016654205274743553e-02,1.866930510835192875e-02,6.940905493169186036e-01,7.195737681561206189e-01,-3.023782732675654450e-01,-1.224760876510797014e-01,-1.085263668133284870e-01,5.403936577345316294e-01,-5.209465721691842743e-01,1.253408815076215710e-01,-2.630909303735233240e-01,3.323243288427572134e-02,6.315860847349219487e-02,4.142054678155451808e-01,-3.459543101219060279e-01,1.049110812512648178e-01,6.420926684037444286e-03,0.000000000000000000e+00,0.000000000000000000e+00,-7.028782466643734850e-02,2.309784249752851737e-01,-5.035471162477501705e-01,1.233328050848357726e+00,0.000000000000000000e+00,0.000000000000000000e+00,0.000000000000000000e+00,-1.235973262983800225e-01,-2.803416119361185621e-01,5.813499344125712121e-01,1.237929125007142250e+00,0.000000000000000000e+00,0.000000000000000000e+00,0.000000000000000000e+00
4.184911961643125733e-02,1.176822914677010168e+00,8.887907624916658866e-01,-1.114804344607722014e-02,1.951707668026474510e-02,6.949265161246632738e-01,7.187293941616820225e-01,-3.039320853654756682e-01,-1.228857326972654512e-01,-1.111778382579733382e-01,5.378839394933004892e-01,-5.196694013131991641e-01,1.253071211233041660e-01,-2.627789382183397526e-01,3.354570566468847992e-02,6.363298770346284550e-02,4.082932854959946400e-01,-3.440537509442192499e-01,1.049232798637459441e-01,6.965614503284901782e-03,0.000000000000000000e+00,0.000000000000000000e+00,-7.344094273550816343e-02,2.307973402476168612e-01,-5.030993304574572500e-01,1.236229956144072384e+00,0.000000000000000000e+00,0.000000000000000000e+00,0.000000000000000000e+00,-1.223936061451579571e-01,-2.804355455501170713e-01,5.810096938242285125e-01,1.236641626163354601e+00,0.000000000000000000e+00,0.000000000000000000e+00,0.000000000000000000e+00
4.209660681294215279e-02,1.176880064548007310e+00,8.887533441589945404e-01,-1.139512558590057185e-02,1.910896672763205684e-02,6.949930829500439167e-01,7.186721179752809663e-01,-3.047833693866073834e-01,-1.210512409925581512e-01,-1.104675754412798167e-01,5.402137378314213478e-01,-5.198224275256351223e-01,1.230748479469172818e-01,-2.610523517255333159e-01,3.449158346395916203e-02,6.232659670946209818e-02,4.056675551529174140e-01,-3.441327827607775780e-01,1.045155474731126327e-01,8.030627713354740113e-03,0.000000000000000000e+00,0.000000000000000000e+00,-7.393993049020550212e-02,2.320537795653834778e-01,-5.046727861166883100e-01,1.236485530962674995e+00,0.000000000000000000e+00,0.000000000000000000e+00,0.000000000000000000e+00,-1.211115588371501489e-01,-2.793889518707975972e-01,5.823239635965364869e-01,1.235435001860218485e+00,0.000000000000000000e+00,0.000000000000000000e+00,0.000000000000000000e+00
4.242351713228830618e-02,1.176981411028204194e+00,8.887202398492364264e-01,-1.152251256841836484e-02,1.969015232991707526e-02,6.954199987790278259e-01,7.182412929534967017e-01,-3.058130823555906264e-01,-1.222991303696485677e-01,-1.124762667808275329e-01,5.401484836323636740e-01,-5.193721844479274319e-01,1.233198372439898577e-01,-2.627166509573868880e-01,3.424357771810503798e-02,6.219893535680291047e-02,4.075305305517816779e-01,-3.457057278225925123e-01,1.026913616997051359e-01,7.946715417538141243e-03,0.000000000000000000e+00,0.000000000000000000e+00,-7.445140318548074121e-02,2.323899147510385677e-01,-5.039581790567136954e-01,1.236934953565057560e+00,0.000000000000000000e+00,0.000000000000000000e+00,0.000000000000000000e+00,-1.207974335853902875e-01,-2.792129110633792544e-01,5.845092275737030496e-01,1.235633953662025108e+00,0.000000000000000000e+00,0.000000000000000000e+00,0.000000000000000000e+00
4.276234476179908983e-02,1.177038895333961666e+00,8.886937108332625401e-01,-1.122978458993158409e-02,1.953538549721745357e-02,6.959881368116532796e-01,7.176996405662896539e-01,-3.052743278920680980e-01,-1.219127676208623806e-01,-1.123684970878987832e-01,5.404666824124438884e-01,-5.197034901677992647e-01,1.209565333086765060e-01,-2.612008407794351728e-01,3.379681904781040025e-02,6.033593227808548010e-02,4.065800286523801321e-01,-3.473088831495370066e-01,1.006891238531667232e-01,7.852328371528523657e-03,0.000000000000000000e+00,0.000000000000000000e+00,-7.477385055921356716e-02,2.328979050426012998e-01,-5.024130004944488137e-01,1.237393150259433305e+00,0.000000000000000000e+00,0.000000000000000000e+00,0.000000000000000000e+00,-1.197232327181018685e-01,-2.787998434024487882e-01,5.837705743901351330e-01,1.233690711883451918e+00,0.000000000000000000e+00,0.000000000000000000e+00,0.000000000000000000e+00
4.301506355333135911e-02,1.177081263824006463e+00,8.887669274555189958e-01,-1.078251542245662817e-02,1.969320911617193290e-02,6.965342639595691887e-01,7.171721787731106801e-01,-3.037776994534637232e-01,-1.229669280105415846e-01,-1.135336839964067729e-01,5.380375221871604996e-01,-5.182275128932652963e-01,1.208455765577248070e-01,-2.614726554757110799e-01,3.293325798773528990e-02,6.033402373212250203e-02,4.082103869013644637e-01,-3.465190237432559939e-01,1.020757918276203324e-01,6.561674275952621843e-03,0.000000000000000000e+00,0.000000000000000000e+00,-7.356895449720537994e-02,2.340920944833501660e-01,-5.046111943997273475e-01,1.233747761045903335e+00,0.000000000000000000e+00,0.000000000000000000e+00,0.000000000000000000e+00,-1.192246478031143420e-01,-2.797748378816071746e-01,5.827369999156183367e-01,1.232072030934470819e+00,0.000000000000000000e+00,0.000000000000000000e+00,0.000000000000000000e+00
4.324729316176502414e-02,1.177103550889415429e+00,8.886468898819274154e-01,-1.066370535165575908e-02,1.880886962169208906e-02,6.979605741398723362e-01,7.158097154677808271e-01,-3.038339991614848468e-01,-1.224183413629529732e-01,-1.155261431142547146e-01,5.411475833341955477e-01,-5.194748536270467065e-01,1.191360934475609451e-01,-2.601880805146164488e-01,3.352420638909527767e-02,5.762226744437132925e-02,4.097894698710896622e-01,-3.473232464771661143e-01,1.000266726791643190e-01,8.034120481261397551e-03,0.000000000000000000e+00,0.000000000000000000e+00,-7.433061794053621996e-02,2.349882203310675599e-01,-5.044996460309630892e-01,1.232029695072347941e+00,0.000000000000000000e+00,0.000000000000000000e+00,0.000000000000000000e+00,-1.167842462932961872e-01,-2.789710562349021483e-01,5.844618301322264120e-01,1.234357026177833161e+00,0.000000000000000000e+00,0.000000000000000000e+00,0.000000000000000000e+00
4.341538522576643411e-02,1.177201411410760512e+00,8.889827498232845127e-01,-1.129910728483235482e-02,2.013586325182194214e-02,6.990436727048571219e-01,7.147061080171154268e-01,-3.032711219388063428e-01,-1.232921091406360137e-01,-1.167587390592597918e-01,5.334878898607154918e-01,-5.168163012412316792e-01,1.181765750176422547e-01,-2.608536709127355913e-01,3.173703298319783400e-02,5.635398348578921773e-02,4.057813178440567992e-01,-3.461162098801852105e-01,1.011748894195834692e-01,6.922573930858115857e-03,0.000000000000000000e+00,0.000000000000000000e+00,-7.640801168132391186e-02,2.350519333104285624e-01,-5.092885244493978725e-01,1.231952786914029208e+00,0.000000000000000000e+00,0.000000000000000000e+00,0.000000000000000000e+00,-1.157407160240881278e-01,-2.803017126668433390e-01,5.844072677859584175e-01,1.232107021656076995e+00,0.000000000000000000e+00,0.000000000000000000e+00,0.000000000000000000e+00
4.343472871329179252e-02,1.177306900067570217e+00,8.892505578007067202e-01,-1.141968212008348874e-02,2.055653043061842628e-02,6.994429840031008982e-01,7.143014294020187949e-01,-3.016297449485695337e-01,-1.236603081506616325e-01,-1.171386441060023320e-01,5.285266611594915398e-01,-5.146832982399957013e-01,1.195621557556083847e-01,-2.606631517418385724e-01,3.102837353391273492e-02,5.613868872296999546e-02,4.039288833687938451e-01,-3.433786677358206529e-01,1.009793312087722411e-01,5.353460071291998336e-03,0.000000000000000000e+00,0.000000000000000000e+00,-7.721161781783400513e-02,2.331905016525997187e-01,-5.071106655920818440e-01,1.234620054696290437e+00,0.000000000000000000e+00,0.000000000000000000e+00,0.000000000000000000e+00,-1.176341512360235264e-01,-2.798196779376934673e-01,5.862567466349700718e-01,1.236037090459072507e+00,0.000000000000000000e+00,0.000000000000000000e+00,0.000000000000000000e+00
4.346314175708644589e-02,1.177297561235731260e+00,8.891383848560333591e-01,-1.126194548756108242e-02,2.022372955976936212e-02,6.997185848375672146e-01,7.140434660295118530e-01,-3.023322717903403900e-01,-1.235286310268466914e-01,-1.167360480595791838e-01,5.313327498408130234e-01,-5.152560787380390250e-01,1.200792517351776806e-01,-2.609554378373428740e-01,3.134662917737572607e-02,5.598886567377918400e-02,4.060005021392609215e-01,-3.432348305730771876e-01,1.009828057427736431e-01,5.172143939679671454e-03,0.000000000000000000e+00,0.000000000000000000e+00,-7.719118024122542665e-02,2.332734792055946027e-01,-5.074701846434240826e-01,1.235278379487856570e+00,0.000000000000000000e+00,0.000000000000000000e+00,0.000000000000000000e+00,-1.165874032762793389e-01,-2.793708588060260789e-01,5.847468447160055760e-01,1.236102832018213249e+00,0.000000000000000000e+00,0.000000000000000000e+00,0.000000000000000000e+00
4.349209148657696977e-02,1.177249688047974141e+00,8.887522894995752987e-01,-1.030146386694523290e-02,2.007898261626513484e-02,7.005566365472037926e-01,7.132398707931031367e-01,-3.021768457430792920e-01,-1.257006267926214504e-01,-1.178405260173265301e-01,5.342045570626702267e-01,-5.174310607666640083e-01,1.185551505355131874e-01,-2.636759655121473367e-01,2.957185399965959680e-02,5.429759592419201170e-02,4.160411765097955517e-01,-3.492336925414624149e-01,1.004263062495074077e-01,3.973972421465880520e-03,0.000000000000000000e+00,0.000000000000000000e+00,-7.563226744399675905e-02,2.333919278098398331e-01,-5.079276973144558616e-01,1.231679610730072483e+00,0.000000000000000000e+00,0.000000000000000000e+00,0.000000000000000000e+00,-1.146245230896745931e-01,-2.813535146566290002e-01,5.836764173108633935e-01,1.231845029674281777e+00,0.000000000000000000e+00,0.000000000000000000e+00,0.000000000000000000e+00
4.340222784108712512e-02,1.177230207113180604e+00,8.886358036644024239e-01,-1.058167388538985496e-02,1.942882602156787916e-02,7.010376706088006227e-01,7.127809854959612501e-01,-3.035297273197581358e-01,-1.247290415590131957e-01,-1.179741747579300948e-01,5.381401761658700655e-01,-5.187541682076892702e-01,1.193748198468333327e-01,-2.636797875449134465e-01,3.085507541945847754e-02,5.379559132258755760e-02,4.171305110455900689e-01,-3.477898799769821303e-01,1.001618493418829636e-01,4.302875359634573266e-03,0.000000000000000000e+00,0.000000000000000000e+00,-7.646137683208231728e-02,2.336646425788764247e-01,-5.073696242495597808e-01,1.231747002374943722e+00,0.000000000000000000e+00,0.000000000000000000e+00,0.000000000000000000e+00,-1.150697539087905674e-01,-2.793721585519652884e-01,5.830817310086359173e-01,1.236911309690261973e+00,0.000000000000000000e+00,0.000000000000000000e+00,0.000000000000000000e+00
4.332545049833388950e-02,1.177216763200059857e+00,8.884449282711850415e-01,-1.073359594508506952e-02,1.926850697636948301e-02,7.013032983200094828e-01,7.125217177900367016e-01,-3.052315756192779950e-01,-1.247661736020683199e-01,-1.180887007567322927e-01,5.416342220916855466e-01,-5.201328243910073867e-01,1.201523019121742281e-01,-2.651604346283382152e-01,3.105358713316738045e-02,5.294855160070799371e-02,4.201985887850751555e-01,-3.485277651567745272e-01,1.000849374057363322e-01,3.655244808938781613e-03,0.000000000000000000e+00,0.000000000000000000e+00,-7.680036519071462009e-02,2.334088393324009469e-01,-5.081486609759875428e-01,1.232642000252936798e+00,0.000000000000000000e+00,0.000000000000000000e+00,0.000000000000000000e+00,-1.150147675480672760e-01,-2.798503139397031103e-01,5.832843112565869736e-01,1.236731768061795744e+00,0.000000000000000000e+00,0.000000000000000000e+00,0.000000000000000000e+00
4.327693502304312545e-02,1.177219062603444888e+00,8.884940810346747542e-01,-1.073243961352000550e-02,1.984566558090752886e-02,7.011236333059061021e-01,7.126826889419424216e-01,-3.047640048828232362e-01,-1.252957709558662203e-01,-1.176272016209450044e-01,5.390544548202649278e-01,-5.202294309870244549e-01,1.186567423334620730e-01,-2.654282977413437994e-01,2.999561392078881408e-02,5.282224687797455742e-02,4.191376779070022929e-01,-3.494523283092048072e-01,9.937802284088634308e-02,3.539371835450675144e-03,0.000000000000000000e+00,0.000000000000000000e+00,-7.751633135384621009e-02,2.332450190963633596e-01,-5.074927188400664146e-01,1.233767898576272337e+00,0.000000000000000000e+00,0.000000000000000000e+00,0.000000000000000000e+00,-1.167873463149977226e-01,-2.794910067117092334e-01,5.801205320543985078e-01,1.238682400050554966e+00,0.000000000000000000e+00,0.000000000000000000e+00,0.000000000000000000e+00
4.323351062590865407e-02,1.177176736588967598e+00,8.878843214720503196e-01,-1.079007205907007126e-02,1.974580662145141580e-02,7.017488350873097858e-01,7.120689923872767224e-01,-3.091022451659157233e-01,-1.270193680642689726e-01,-1.199074296634734249e-01,5.479601739260210325e-01,-5.240563004603306929e-01,1.193560234125957825e-01,-2.699873176518522988e-01,3.054562567524912037e-02,5.251951220422738931e-02,4.291879059914876504e-01,-3.554825682472766424e-01,9.633522884128627173e-02,4.793274547481145634e-03,0.000000000000000000e+00,0.000000000000000000e+00,-7.836776090224210900e-02,2.332713550055432739e-01,-5.068605619039988630e-01,1.232977016029870754e+00,0.000000000000000000e+00,0.000000000000000000e+00,0.000000000000000000e+00,-1.147378522581848637e-01,-2.802498969233083725e-01,5.801032693793227724e-01,1.236912519427966872e+00,0.000000000000000000e+00,0.000000000000000000e+00,0.000000000000000000e+00
4.303542046529300336e-02,1.177144273826083998e+00,8.879690910620904321e-01,-1.110158126382307549e-02,1.961099394953587371e-02,7.012878506853573723e-01,7.125219395154546165e-01,-3.094135591627535931e-01,-1.260455420125621007e-01,-1.189132529788152759e-01,5.479727320451776018e-01,-5.233531629716969835e-01,1.193489744785764528e-01,-2.695844228958583777e-01,3.124194853377592132e-02,5.314381124189085370e-02,4.272195592053238955e-01,-3.534960094370735439e-01,9.746869942914127005e-02,4.451258336125895818e-03,0.000000000000000000e+00,0.000000000000000000e+00,-7.944425929444304257e-02,2.331463177488922456e-01,-5.099373429897565702e-01,1.235643896428218369e+00,0.000000000000000000e+00,0.000000000000000000e+00,0.000000000000000000e+00,-1.171240804480495751e-01,-2.795652729239216372e-01,5.823164478389964982e-01,1.240835821649759918e+00,0.000000000000000000e+00,0.000000000000000000e+00,0.000000000000000000e+00
4.286192671296194107e-02,1.177096750198628916e+00,8.878095585089524899e-01,-1.152875551709501255e-02,1.864329619112626429e-02,7.022346494963013219e-01,7.116080468559665695e-01,-3.115788127949974951e-01,-1.255255041216745693e-01,-1.210336590752544988e-01,5.539460275059782113e-01,-5.246787956209125747e-01,1.213219576811089412e-01,-2.682599407838965888e-01,3.308218146111437802e-02,5.290784869941382584e-02,4.263639537695923520e-01,-3.521106672590056386e-01,9.857348471596290296e-02,4.967654221717299201e-03,0.000000000000000000e+00,0.000000000000000000e+00,-8.114542800326457472e-02,2.328472234314508116e-01,-5.077647490294221466e-01,1.236808035940578643e+00,0.000000000000000000e+00,0.000000000000000000e+00,0.000000000000000000e+00,-1.162390035823799850e-01,-2.778033270580311243e-01,5.793867728302399822e-01,1.243571388136364364e+00,0.000000000000000000e+00,0.000000000000000000e+00,0.000000000000000000e+00
4.273302801995526590e-02,1.177033427911992503e+00,8.876439664648352323e-01,-1.117695501659117345e-02,1.880289765283729014e-02,7.021607478934808189e-01,7.116823805842610318e-01,-3.115035446027621946e-01,-1.266084334838022962e-01,-1.209423375825763730e-01,5.543697199906180151e-01,-5.257217066797282845e-01,1.207448814134144122e-01,-2.697586841884995201e-01,3.224682664328873405e-02,5.305367658735821862e-02,4.302486415236427830e-01,-3.555225352066626598e-01,9.800276489036915950e-02,5.051812526157712160e-03,0.000000000000000000e+00,0.000000000000000000e+00,-8.074076031896046390e-02,2.323895416884557141e-01,-5.068941499567646281e-01,1.236188460588424576e+00,0.000000000000000000e+00,0.000000000000000000e+00,0.000000000000000000e+00,-1.157639942307819997e-01,-2.787957691423258999e-01,5.790536676573850849e-01,1.242108812321151445e+00,0.000000000000000000e+00,0.000000000000000000e+00,0.000000000000000000e+00
4.250040041896576554e-02,1.176951420107214652e+00,8.873676852854026631e-01,-1.035028616914711493e-02,1.873544840478740328e-02,7.020200297605316830e-01,7.118354672003285311e-01,-3.113413536982166940e-01,-1.278844160277313735e-01,-1.193566324988333260e-01,5.564911283240854267e-01,-5.265386201828040624e-01,1.211178069199938812e-01,-2.729108881070561043e-01,3.081664522976371515e-02,5.308217549372070548e-02,4.392725948784498291e-01,-3.571935412359247275e-01,9.899955094520135335e-02,4.052193035021292231e-03,0.000000000000000000e+00,0.000000000000000000e+00,-7.891795425121311824e-02,2.314904595172170010e-01,-5.064120838176550121e-01,1.235412068612197656e+00,0.000000000000000000e+00,0.000000000000000000e+00,0.000000000000000000e+00,-1.170716021985339916e-01,-2.795538022171629722e-01,5.789677948483258341e-01,1.244140393793639054e+00,0.000000000000000000e+00,0.000000000000000000e+00,0.000000000000000000e+00
4.228967123988761762e-02,1.176921613888916696e+00,8.871893731259191673e-01,-1.108746331432182083e-02,1.862277066553460689e-02,7.022375963868812132e-01,7.116126887505362930e-01,-3.141426224530202149e-01,-1.269241289345216239e-01,-1.188686388391263365e-01,5.604596957648373401e-01,-5.288578039759617155e-01,1.222531252565578902e-01,-2.741192194342287336e-01,3.134901951814086235e-02,5.152313425659847679e-02,4.398817263498736030e-01,-3.574844300599150371e-01,1.003804293675358561e-01,4.301151151179438345e-03,0.000000000000000000e+00,0.000000000000000000e+00,-7.977800970227931499e-02,2.313289120877539684e-01,-5.063618269923456650e-01,1.235571675800087643e+00,0.000000000000000000e+00,0.000000000000000000e+00,0.000000000000000000e+00,-1.169786409836119923e-01,-2.790125386617449132e-01,5.770176706699737812e-01,1.245512413537759766e+00,0.000000000000000000e+00,0.000000000000000000e+00,0.000000000000000000e+00
4.215432736636462452e-02,1.176864074396408055e+00,8.870202681164418568e-01,-9.798278393813081646e-03,1.872808730977207348e-02,7.021717617457978733e-01,7.116938031857777958e-01,-3.117033707002402898e-01,-1.294310181593321674e-01,-1.186003807428709506e-01,5.590059911438475249e-01,-5.293936776843001235e-01,1.224548221642451085e-01,-2.761221539949827442e-01,2.965209238643120443e-02,5.309056546221128936e-02,4.477203303772371301e-01,-3.605646841976251626e-01,9.823712536353129687e-02,2.991114485944297401e-03,0.000000000000000000e+00,0.000000000000000000e+00,-7.777631649052967056e-02,2.302210669318304481e-01,-5.086680773496425889e-01,1.233888486639981963e+00,0.000000000000000000e+00,0.000000000000000000e+00,0.000000000000000000e+00,-1.175202609493045947e-01,-2.802699644524577760e-01,5.793842308518697415e-01,1.245175698707643663e+00,0.000000000000000000e+00,0.000000000000000000e+00,0.000000000000000000e+00
4.201287833441143260e-02,1.176841247591901451e+00,8.867688069274453078e-01,-1.015484188988237738e-02,1.878862377406855313e-02,7.022447977447966450e-01,7.116151423650545205e-01,-3.145684250740255483e-01,-1.299566319962529304e-01,-1.194406704162159216e-01,5.635346778810520485e-01,-5.307307954225315427e-01,1.232181258684563185e-01,-2.780092486563757737e-01,2.996977458947213888e-02,5.283951936533594351e-02,4.503088500226707369e-01,-3.620900769209609016e-01,9.773746765301384587e-02,3.978605972779565743e-03,0.000000000000000000e+00,0.000000000000000000e+00,-7.793759392750516934e-02,2.305898831058776910e-01,-5.088495972393430877e-01,1.232924935616549922e+00,0.000000000000000000e+00,0.000000000000000000e+00,0.000000000000000000e+00,-1.166483658062333756e-01,-2.805650697734020649e-01,5.784720364427768935e-01,1.244268756184101266e+00,0.000000000000000000e+00,0.000000000000000000e+00,0.000000000000000000e+00
4.182949452600511625e-02,1.176870939864375076e+00,8.869736319312445660e-01,-1.132595816866749545e-02,1.841224478477022225e-02,7.032880317650308521e-01,7.105762846377687847e-01,-3.158715573866870407e-01,-1.274615526335950155e-01,-1.193458098042510379e-01,5.633835255837942313e-01,-5.297288612859957224e-01,1.221554593746673884e-01,-2.753506600686220773e-01,3.148078064769845724e-02,5.169768354025841561e-02,4.425378280051154856e-01,-3.580024638916851076e-01,9.952199668302305624e-02,4.348008138076463885e-03,0.000000000000000000e+00,0.000000000000000000e+00,-8.092046909368885710e-02,2.310844207440727605e-01,-5.087469932966387498e-01,1.233506590680200077e+00,0.000000000000000000e+00,0.000000000000000000e+00,0.000000000000000000e+00,-1.157066367975342902e-01,-2.805071274692471084e-01,5.779959037019761769e-01,1.244560735216853287e+00,0.000000000000000000e+00,0.000000000000000000e+00,0.000000000000000000e+00
4.175483107427029050e-02,1.176799733534500625e+00,8.864870077202928744e-01,-9.934425384134231568e-03,1.832240093270272666e-02,7.027086061606805378e-01,7.111724204748525180e-01,-3.154099077609753832e-01,-1.304118961518753450e-01,-1.198727239443058423e-01,5.672613402119954795e-01,-5.323720612942069996e-01,1.219136410713457658e-01,-2.786299303934641758e-01,2.962545066839753286e-02,5.157005873190015355e-02,4.541641072656599221e-01,-3.644748600276817574e-01,9.755321730933494417e-02,4.848804319915965208e-03,0.000000000000000000e+00,0.000000000000000000e+00,-7.899400835621159245e-02,2.301163164944477757e-01,-5.101486587134196338e-01,1.233181861239479149e+00,0.000000000000000000e+00,0.000000000000000000e+00,0.000000000000000000e+00,-1.152555084392324763e-01,-2.813702526651931102e-01,5.782425056311238931e-01,1.243490916408416469e+00,0.000000000000000000e+00,0.000000000000000000e+00,0.000000000000000000e+00
4.159226201487644520e-02,1.176836851219417390e+00,8.865340843007509797e-01,-9.917603309248212637e-03,1.808759354449809495e-02,7.020969374000916030e-01,7.117825304106442097e-01,-3.141592779330748542e-01,-1.298862779100488640e-01,-1.194184670042461316e-01,5.662710121527309015e-01,-5.341778035578916839e-01,1.220567694406666515e-01,-2.769654001826807321e-01,3.027984377035478764e-02,5.278130067616491894e-02,4.514313210513916652e-01,-3.649611782262970894e-01,9.681762768490445592e-02,4.296761280676165105e-03,0.000000000000000000e+00,0.000000000000000000e+00,-7.756731291895517522e-02,2.301397496087565775e-01,-5.084027198430058903e-01,1.231582851996187111e+00,0.000000000000000000e+00,0.000000000000000000e+00,0.000000000000000000e+00,-1.166182387602900661e-01,-2.811447545881390342e-01,5.773419475745198426e-01,1.243547058401187844e+00,0.000000000000000000e+00,0.000000000000000000e+00,0.000000000000000000e+00
4.145977264473066359e-02,1.176889550414218277e+00,8.865473653220957706e-01,-1.039190027658558335e-02,1.761710329690998472e-02,7.021279566854515819e-01,7.117569659095581702e-01,-3.152438901610364885e-01,-1.286410308349286435e-01,-1.198306093599472433e-01,5.686421433617785404e-01,-5.339659496253177373e-01,1.209640007569467851e-01,-2.748261543722677058e-01,3.167468154814023079e-02,5.276838744122473029e-02,4.474415864199491333e-01,-3.650324183991019433e-01,9.603597291988923146e-02,6.377762576984488327e-03,0.000000000000000000e+00,0.000000000000000000e+00,-7.965050189724598440e-02,2.307028030810990560e-01,-5.087290930226826546e-01,1.234098829959577204e+00,0.000000000000000000e+00,0.000000000000000000e+00,0.000000000000000000e+00,-1.163701691428306872e-01,-2.803535774583974516e-01,5.755182282950639383e-01,1.246086562853528923e+00,0.000000000000000000e+00,0.000000000000000000e+00,0.000000000000000000e+00
4.125376709566780375e-02,1.176876408594988543e+00,8.862846436441856879e-01,-1.070879945457544301e-02,1.608127682492234770e-02,7.022378474686696848e-01,7.116802088947610239e-01,-3.167910281853657528e-01,-1.259305002553320618e-01,-1.186368032078955054e-01,5.760847920482276008e-01,-5.372532243890896231e-01,1.221361747348682358e-01,-2.731044619390765593e-01,3.430708461788704172e-02,5.211182376369215274e-02,4.476482327651020721e-01,-3.642357357934135620e-01,9.740715631360688520e-02,6.682811565987313747e-03,0.000000000000000000e+00,0.000000000000000000e+00,-7.891598561301856052e-02,2.316131033146885954e-01,-5.076680076140558384e-01,1.232763188290705747e+00,0.000000000000000000e+00,0.000000000000000000e+00,0.000000000000000000e+00,-1.148482783797101781e-01,-2.791748600129827507e-01,5.742657905668857588e-01,1.245903963189961106e+00,0.000000000000000000e+00,0.000000000000000000e+00,0.000000000000000000e+00
4.111157238869880826e-02,1.176960648935348797e+00,8.864543008530624268e-01,-1.087946155876445310e-02,1.598530440205530798e-02,7.021784694643465885e-01,7.117383679274793540e-01,-3.158023408323979986e-01,-1.255057306157381092e-01,-1.186548046141522733e-01,5.742858778538343367e-01,-5.374353949919113971e-01,1.227574679051458423e-01,-2.717784356549579616e-01,3.476859097528513937e-02,5.298882082476372851e-02,4.445988702009295301e-01,-3.618159722472616968e-01,9.756093301837046039e-02,6.487392730061662845e-03,0.000000000000000000e+00,0.000000000000000000e+00,-7.876865665756119239e-02,2.310155569865590397e-01,-5.090114517173405240e-01,1.233656156963267359e+00,0.000000000000000000e+00,0.000000000000000000e+00,0.000000000000000000e+00,-1.158153192562947492e-01,-2.792684485726240062e-01,5.762390962117580617e-01,1.247172929862379043e+00,0.000000000000000000e+00,0.000000000000000000e+00,0.000000000000000000e+00
4.109808835876621602e-02,1.177046028564984192e+00,8.865591554276762709e-01,-1.092177240658638582e-02,1.587965937928395924e-02,7.019210357320656568e-01,7.119939683047323831e-01,-3.145370032425570117e-01,-1.241383769549628258e-01,-1.169138865797313687e-01,5.723713652183736178e-01,-5.380715465553831400e-01,1.208709274552525331e-01,-2.694178688720399450e-01,3.444620206762461639e-02,5.180927620382740073e-02,4.404124613851564951e-01,-3.626146833073736753e-01,9.788968762585517625e-02,7.516918335377277202e-03,0.000000000000000000e+00,0.000000000000000000e+00,-7.771840176330534200e-02,2.323009564193838916e-01,-5.088385258322729587e-01,1.230584875006317302e+00,0.000000000000000000e+00,0.000000000000000000e+00,0.000000000000000000e+00,-1.153384387035307768e-01,-2.795441486907153661e-01,5.757979259676483386e-01,1.246338608587954866e+00,0.000000000000000000e+00,0.000000000000000000e+00,0.000000000000000000e+00
4.113640198029366868e-02,1.177127846654699050e+00,8.865598554603747461e-01,-1.056405644999344057e-02,1.630603687179179792e-02,7.020473552880239776e-01,7.118651731935949911e-01,-3.138658018525981030e-01,-1.260273040429134850e-01,-1.183131621954967710e-01,5.708236842733863670e-01,-5.370819185820673303e-01,1.213798319765937717e-01,-2.707963314283435285e-01,3.313461489391035519e-02,5.159639570224061611e-02,4.432410997627671545e-01,-3.628878909727236146e-01,9.737476100296690862e-02,6.908315078610800103e-03,0.000000000000000000e+00,0.000000000000000000e+00,-7.759318801626251261e-02,2.309741885008750883e-01,-5.077935294699019719e-01,1.231956801503254928e+00,0.000000000000000000e+00,0.000000000000000000e+00,0.000000000000000000e+00,-1.141153254824664731e-01,-2.807203883586151250e-01,5.743575979148460853e-01,1.243115195331656819e+00,0.000000000000000000e+00,0.000000000000000000e+00,0.000000000000000000e+00
4.120611976403209392e-02,1.177253809535287798e+00,8.865022044027993653e-01,-1.063104455785015591e-02,1.618399208983508156e-02,7.017612912322063190e-01,7.121489657506712145e-01,-3.139093347139735868e-01,-1.250763321893518798e-01,-1.170826836864824749e-01,5.717489359773064717e-01,-5.382844796353288830e-01,1.211753251725724290e-01,-2.703710771586507189e-01,3.348883620737302946e-02,5.134056703972038338e-02,4.428832552112351717e-01,-3.638678865413765284e-01,9.739425937732286431e-02,7.833778747408958951e-03,0.000000000000000000e+00,0.000000000000000000e+00,-7.739103059925064865e-02,2.310208998845932060e-01,-5.074435439563168559e-01,1.231972839945396414e+00,0.000000000000000000e+00,0.000000000000000000e+00,0.000000000000000000e+00,-1.142741284876992586e-01,-2.798256217615294195e-01,5.738010672364299847e-01,1.244689075390368549e+00,0.000000000000000000e+00,0.000000000000000000e+00,0.000000000000000000e+00
4.131140376185242491e-02,1.177352860550580305e+00,8.866095496605602699e-01,-1.004082015577072336e-02,1.571492108337903607e-02,7.019859608825141928e-01,7.119465807978820893e-01,-3.115898564395286341e-01,-1.257325875882446264e-01,-1.184306447871019685e-01,5.705380483161457406e-01,-5.372268957552625013e-01,1.219774963729489820e-01,-2.685654678077101787e-01,3.366904442747241377e-02,5.209171676728132500e-02,4.427936601680461659e-01,-3.625000668709495444e-01,9.706505191036807201e-02,8.033669625594912905e-03,0.000000000000000000e+00,0.000000000000000000e+00,-7.704545710971075212e-02,2.310633807194762412e-01,-5.102163047509038485e-01,1.232607529798215751e+00,0.000000000000000000e+00,0.000000000000000000e+00,0.000000000000000000e+00,-1.136519149459153111e-01,-2.802557737617122902e-01,5.757320619772624548e-01,1.245039315088730003e+00,0.000000000000000000e+00,0.000000000000000000e+00,0.000000000000000000e+00
4.147354826120479981e-02,1.177484985435274245e+00,8.866551309475750875e-01,-9.392385913442999681e-03,1.586707580293711395e-02,7.010642343653543662e-01,7.128597044903264290e-01,-3.097251322682938457e-01,-1.258722023815453672e-01,-1.167170102764514550e-01,5.687064071665248743e-01,-5.362552487575562576e-01,1.216517852881995598e-01,-2.683492276827421641e-01,3.269362551615512952e-02,5.225619019645400681e-02,4.439313865359308942e-01,-3.631480478034134207e-01,9.728564348156786001e-02,7.579900339542058191e-03,0.000000000000000000e+00,0.000000000000000000e+00,-7.502165158162667213e-02,2.306694443297324371e-01,-5.102837203713648240e-01,1.232857602909883665e+00,0.000000000000000000e+00,0.000000000000000000e+00,0.000000000000000000e+00,-1.148729735697907872e-01,-2.802837813670511768e-01,5.764238593730438565e-01,1.244315818391267037e+00,0.000000000000000000e+00,0.000000000000000000e+00,0.000000000000000000e+00
4.161225133192263115e-02,1.177667055102357141e+00,8.868597668880069396e-01,-9.441222585639882925e-03,1.646516290371029603e-02,7.012131864161597061e-01,7.126989749696133192e-01,-3.086354147798337499e-01,-1.269056182132950183e-01,-1.180463274082869246e-01,5.646932957813000087e-01,-5.342613146743945274e-01,1.215761365555134144e-01,-2.686801229241645439e-01,3.223669692987284063e-02,5.339006070207326371e-02,4.428999646954403513e-01,-3.618030981306279426e-01,9.793652470938372934e-02,6.795360037755588875e-03,0.000000000000000000e+00,0.000000000000000000e+00,-7.417598405307362919e-02,2.305056404582413454e-01,-5.080211509455609953e-01,1.231791780765368438e+00,0.000000000000000000e+00,0.000000000000000000e+00,0.000000000000000000e+00,-1.145781637578571210e-01,-2.809984277419089738e-01,5.747653754675464688e-01,1.243490860912229490e+00,0.000000000000000000e+00,0.000000000000000000e+00,0.000000000000000000e+00
4.173118020748949747e-02,1.177864116126370764e+00,8.868842196292617830e-01,-9.385731973056516894e-03,1.602596360442090639e-02,7.016918296335563632e-01,7.122384802517977009e-01,-3.077352877002417220e-01,-1.262404618503842335e-01,-1.184480777117532940e-01,5.649148029240211866e-01,-5.346172185522025666e-01,1.208012114598403519e-01,-2.668458274359686300e-01,3.259003166853254030e-02,5.236807233288570673e-02,4.415609373227104006e-01,-3.617082293142336313e-01,9.769827274388340199e-02,6.876392847986330728e-03,0.000000000000000000e+00,0.000000000000000000e+00,-7.388350963171635977e-02,2.308043993412037254e-01,-5.077976208449570539e-01,1.230827095104843893e+00,0.000000000000000000e+00,0.000000000000000000e+00,0.000000000000000000e+00,-1.125774964961485242e-01,-2.808936151739556686e-01,5.757391348494547145e-01,1.241322840444824438e+00,0.000000000000000000e+00,0.000000000000000000e+00,0.000000000000000000e+00
4.181808286908195865e-02,1.178109618789600521e+00,8.873958186618152721e-01,-9.074548411628408431e-03,1.679499822370291925e-02,7.015186817686553944e-01,7.123953394958149055e-01,-3.039600563445279402e-01,-1.271998525872103103e-01,-1.184100380298419297e-01,5.560167806386739908e-01,-5.300757107677271929e-01,1.215707131174180861e-01,-2.649485530500566566e-01,3.070327562476187280e-02,5.261712969414053531e-02,4.366088354442703157e-01,-3.585227734451094661e-01,9.810806994861853703e-02,6.658573819690473579e-03,0.000000000000000000e+00,0.000000000000000000e+00,-7.495975111500963184e-02,2.289914606914190132e-01,-5.085982447368709858e-01,1.235190842585842885e+00,0.000000000000000000e+00,0.000000000000000000e+00,0.000000000000000000e+00,-1.136825561379577326e-01,-2.812995890471454707e-01,5.757044991692281677e-01,1.243413054467323642e+00,0.000000000000000000e+00,0.000000000000000000e+00,0.000000000000000000e+00
4.181261019481632979e-02,1.178334888781668033e+00,8.876966114106420447e-01,-8.931966576701897559e-03,1.665262920661688198e-02,7.020214745114500277e-01,7.119050212200696004e-01,-3.014756928514354395e-01,-1.272327338603484181e-01,-1.190581532649463703e-01,5.521543024746752293e-01,-5.277903663106652266e-01,1.218988506821897383e-01,-2.622577654283882453e-01,3.046537353824479988e-02,5.288043067218772819e-02,4.326026363791682372e-01,-3.552095037633088981e-01,9.922227268957846402e-02,7.115509097453413291e-03,0.000000000000000000e+00,0.000000000000000000e+00,-7.480052795649030917e-02,2.288278378202946439e-01,-5.094500416841131196e-01,1.234199809467009468e+00,0.000000000000000000e+00,0.000000000000000000e+00,0.000000000000000000e+00,-1.126704944975480543e-01,-2.809229627999798029e-01,5.737357330975436653e-01,1.245104279253482993e+00,0.000000000000000000e+00,0.000000000000000000e+00,0.000000000000000000e+00
4.178158515895327024e-02,1.178596018130986467e+00,8.881473311672564153e-01,-9.536398942928387898e-03,1.726182091175074845e-02,7.021112551893156084e-01,7.117941218993695252e-01,-3.000835315313228890e-01,-1.264872296101965110e-01,-1.188141289340199774e-01,5.457305657060853576e-01,-5.243098354134020367e-01,1.208681827129185482e-01,-2.598035239704139521e-01,3.028702542370220394e-02,5.333135392179087081e-02,4.242309858425590274e-01,-3.517323707941549804e-01,9.933433639065623877e-02,6.162239046168629594e-03,0.000000000000000000e+00,0.000000000000000000e+00,-7.541048371051375931e-02,2.290653412060131844e-01,-5.104670182450167237e-01,1.235135222775468389e+00,0.000000000000000000e+00,0.000000000000000000e+00,0.000000000000000000e+00,-1.132049807995489654e-01,-2.815749313140446519e-01,5.743987410645814418e-01,1.244111666236114466e+00,0.000000000000000000e+00,0.000000000000000000e+00,0.000000000000000000e+00
4.171336993882678729e-02,1.178759392429308273e+00,8.881560461421958985e-01,-8.911688808620607180e-03,1.740571887962161571e-02,7.021963891671049174e-01,7.117147278183441061e-01,-2.981791153824164819e-01,-1.280896095155370229e-01,-1.196817703179869491e-01,5.435251243510345054e-01,-5.232532457480026933e-01,1.198114423177774335e-01,-2.605299274825781386e-01,2.910767754897476689e-02,5.366546782625337964e-02,4.276771860305855211e-01,-3.521752067414974374e-01,9.817789374459903740e-02,4.550886569231403847e-03,0.000000000000000000e+00,0.000000000000000000e+00,-7.264350982896278230e-02,2.285494142060777445e-01,-5.094660736822906877e-01,1.232252493688573924e+00,0.000000000000000000e+00,0.000000000000000000e+00,0.000000000000000000e+00,-1.127006074017211784e-01,-2.830481658942771706e-01,5.737124071131767256e-01,1.241360351520268690e+00,0.000000000000000000e+00,0.000000000000000000e+00,0.000000000000000000e+00
4.164373315924341928e-02,1.178852724972130561e+00,8.881477807950891590e-01,-8.779930020458289602e-03,1.663683744762826239e-02,7.027837107685308560e-01,7.111548244559612320e-01,-2.977340931914500000e-01,-1.276601974777577531e-01,-1.200459773478037562e-01,5.456604788379741944e-01,-5.234556432325846442e-01,1.218688632503571040e-01,-2.589273348042733236e-01,2.975798806681926451e-02,5.298083183246660166e-02,4.276800711169129743e-01,-3.508821857691101220e-01,9.838618667129314654e-02,5.231981023973219375e-03,0.000000000000000000e+00,0.000000000000000000e+00,-7.354858890997792442e-02,2.283056754442662484e-01,-5.111041485174458998e-01,1.233052428473387474e+00,0.000000000000000000e+00,0.000000000000000000e+00,0.000000000000000000e+00,-1.113548433329694526e-01,-2.823856309347545501e-01,5.748249140833788795e-01,1.243044026770263821e+00,0.000000000000000000e+00,0.000000000000000000e+00,0.000000000000000000e+00
4.162122943463614916e-02,1.178980683828490417e+00,8.881174559755168341e-01,-8.979736629161745587e-03,1.642321218813596467e-02,7.034702124476034379e-01,7.104782210809964527e-01,-2.978293254141435309e-01,-1.274174890911728142e-01,-1.210641536851787270e-01,5.462691171338199814e-01,-5.245313619483252809e-01,1.210066442931144737e-01,-2.579954997785986470e-01,2.971655233604531682e-02,5.163151586321627906e-02,4.267598662075354765e-01,-3.516024306401630550e-01,9.961932185657784711e-02,5.506374867554049077e-03,0.000000000000000000e+00,0.000000000000000000e+00,-7.473372768223217333e-02,2.283943536950126529e-01,-5.123895965812328424e-01,1.233506188782042212e+00,0.000000000000000000e+00,0.000000000000000000e+00,0.000000000000000000e+00,-1.111341341691041151e-01,-2.816506460134577394e-01,5.749423366949893976e-01,1.245940937245691771e+00,0.000000000000000000e+00,0.000000000000000000e+00,0.000000000000000000e+00
4.160963514104263489e-02,1.179058020574931032e+00,8.880795937139168705e-01,-8.742111871886218064e-03,1.552332079783117109e-02,7.034983872065009303e-01,7.104735189922829486e-01,-2.972656632925111952e-01,-1.262912078077441103e-01,-1.203376189206922381e-01,5.490635092603050049e-01,-5.250836845828397159e-01,1.218076806033853154e-01,-2.558022427332294346e-01,3.046198414729884771e-02,5.072938080768438218e-02,4.259383707128608920e-01,-3.503597138380903919e-01,1.001071507541543837e-01,5.626361780308556347e-03,0.000000000000000000e+00,0.000000000000000000e+00,-7.497558371004975353e-02,2.281493327023569884e-01,-5.099317607503638383e-01,1.235194055746286157e+00,0.000000000000000000e+00,0.000000000000000000e+00,0.000000000000000000e+00,-1.105587453229073258e-01,-2.801759155527273060e-01,5.719516430983280220e-01,1.247407161410954979e+00,0.000000000000000000e+00,0.000000000000000000e+00,0.000000000000000000e+00
4.167420049689570666e-02,1.179222519131015057e+00,8.880005483208147643e-01,-8.652386843584250822e-03,1.587438981662505494e-02,7.038920732106153100e-01,7.100768192393829281e-01,-2.974306874285023716e-01,-1.275173290618040467e-01,-1.217177743622361030e-01,5.488394960237290565e-01,-5.250329252690827397e-01,1.209949303002886140e-01,-2.571211610142112858e-01,2.967263380185777844e-02,5.044506962042401288e-02,4.284185252375137254e-01,-3.515186335307732834e-01,1.000444962109913599e-01,4.944625336797765260e-03,0.000000000000000000e+00,0.000000000000000000e+00,-7.398012613385379632e-02,2.278415075076339336e-01,-5.084818169960858558e-01,1.232939295715234085e+00,0.000000000000000000e+00,0.000000000000000000e+00,0.000000000000000000e+00,-1.098286956814422399e-01,-2.806589160985060172e-01,5.716082958023571692e-01,1.245435566604539579e+00,0.000000000000000000e+00,0.000000000000000000e+00,0.000000000000000000e+00
4.182088096313568010e-02,1.179386461957670829e+00,8.879314082589451207e-01,-8.466945561306352119e-03,1.607829525113095570e-02,7.039343066538108484e-01,7.100325986674811407e-01,-2.975107161369449082e-01,-1.283271528886643364e-01,-1.223569961255407401e-01,5.494521491820980597e-01,-5.256653432299833728e-01,1.209295255722590140e-01,-2.573056507998890408e-01,2.951714246209502859e-02,5.063795911872348565e-02,4.296652673513767229e-01,-3.541158366811685831e-01,9.704849457504151344e-02,6.347065587254680473e-03,0.000000000000000000e+00,0.000000000000000000e+00,-7.446305411091452831e-02,2.280830212651293321e-01,-5.067075885068262897e-01,1.234041510017309218e+00,0.000000000000000000e+00,0.000000000000000000e+00,0.000000000000000000e+00,-1.094307391940684271e-01,-2.803908772106883385e-01,5.699301413171605768e-01,1.246208058612610303e+00,0.000000000000000000e+00,0.000000000000000000e+00,0.000000000000000000e+00
4.191376319530357858e-02,1.179581998620623517e+00,8.880468030174001326e-01,-8.273333898723842644e-03,1.648187835248428323e-02,7.040074260083972746e-01,7.099531278593005368e-01,-2.961539443981138220e-01,-1.292777570353960404e-01,-1.229698490154892687e-01,5.463806928916804528e-01,-5.242139313342749629e-01,1.209948090991472686e-01,-2.574170875871470421e-01,2.851060618517826245e-02,5.057346936632454298e-02,4.297882582496210246e-01,-3.537575838044517140e-01,9.777202374124374651e-02,5.651170378070042785e-03,0.000000000000000000e+00,0.000000000000000000e+00,-7.363431348713780911e-02,2.280155659215589992e-01,-5.050884631580213613e-01,1.233421697504901271e+00,0.000000000000000000e+00,0.000000000000000000e+00,0.000000000000000000e+00,-1.100613331431102571e-01,-2.801567033532887385e-01,5.700913473859695602e-01,1.248678322699460219e+00,0.000000000000000000e+00,0.000000000000000000e+00,0.000000000000000000e+00
4.198542600385861412e-02,1.179743195318287308e+00,8.880756394002450316e-01,-7.611918926484390578e-03,1.615030536939334946e-02,7.042385943589621888e-01,7.097388453100502703e-01,-2.937424218569602008e-01,-1.297777475398714797e-01,-1.233794486856070738e-01,5.450355400826170094e-01,-5.242380504278055797e-01,1.203973394345986131e-01,-2.560796966716880618e-01,2.819976330786858401e-02,5.089414147434048741e-02,4.309661431334872450e-01,-3.544936989853105791e-01,9.672857244091974394e-02,5.368344546329076317e-03,0.000000000000000000e+00,0.000000000000000000e+00,-7.209286660332793473e-02,2.282775097791488461e-01,-5.044858203553397313e-01,1.231515236481330433e+00,0.000000000000000000e+00,0.000000000000000000e+00,0.000000000000000000e+00,-1.090393069454831942e-01,-2.805506700931959529e-01,5.695774975733592926e-01,1.247673877430712785e+00,0.000000000000000000e+00,0.000000000000000000e+00,0.000000000000000000e+00
4.198173659272942670e-02,1.179973146940126449e+00,8.881219011963000787e-01,-8.101513791427445571e-03,1.630638555756184702e-02,7.045900153857777015e-01,7.093809819011243079e-01,-2.939838103325319585e-01,-1.283948430010411756e-01,-1.217714942021734525e-01,5.440491951657235870e-01,-5.251174541700099896e-01,1.195711831146617221e-01,-2.556576806308613059e-01,2.843305861453904529e-02,5.064463733713393812e-02,4.286510983323471580e-01,-3.537440824904911629e-01,9.825233361652944974e-02,4.947637801103854649e-03,0.000000000000000000e+00,0.000000000000000000e+00,-7.241884121437050514e-02,2.290162780247976815e-01,-5.066968325026355302e-01,1.230587744602304578e+00,0.000000000000000000e+00,0.000000000000000000e+00,0.000000000000000000e+00,-1.089483465470396650e-01,-2.807905766992275787e-01,5.707343832447050458e-01,1.248284072117178622e+00,0.000000000000000000e+00,0.000000000000000000e+00,0.000000000000000000e+00
4.193895379027585274e-02,1.180152423724318611e+00,8.882981599500225922e-01,-8.284833786507239672e-03,1.654001413588520111e-02,7.048217851999204475e-01,7.091431735334621234e-01,-2.937960269097563692e-01,-1.294938486257002086e-01,-1.238715563317138446e-01,5.426562281733537940e-01,-5.230913780501007526e-01,1.220210613722187837e-01,-2.552816071920083196e-01,2.846761103476164873e-02,5.121685865809200155e-02,4.267977450929457128e-01,-3.510091488378485614e-01,9.695751487110877698e-02,4.449986512149558399e-03,0.000000000000000000e+00,0.000000000000000000e+00,-7.283750554906930075e-02,2.280356206298855826e-01,-5.049032982096410827e-01,1.232444647313951203e+00,0.000000000000000000e+00,0.000000000000000000e+00,0.000000000000000000e+00,-1.087316705758601953e-01,-2.816109444917775928e-01,5.686586275266104495e-01,1.247161235365119580e+00,0.000000000000000000e+00,0.000000000000000000e+00,0.000000000000000000e+00
4.193822391448996656e-02,1.180255206722620187e+00,8.883939717345812337e-01,-8.325533253004918643e-03,1.641030026909371525e-02,7.055150054096667178e-01,7.084560428727580961e-01,-2.930519299271816536e-01,-1.295223580870835112e-01,-1.250551423328609968e-01,5.416367625432635391e-01,-5.228400142891916902e-01,1.206573736494120641e-01,-2.528178747073982491e-01,2.821037489214354640e-02,5.024416150359190675e-02,4.230218936365928162e-01,-3.513003308285735926e-01,9.675577523911596534e-02,5.256450574360298222e-03,0.000000000000000000e+00,0.000000000000000000e+00,-7.389276901023754396e-02,2.285363195279764281e-01,-5.035414784220464401e-01,1.232255108418249145e+00,0.000000000000000000e+00,0.000000000000000000e+00,0.000000000000000000e+00,-1.075304104296259528e-01,-2.813372129345812489e-01,5.673999168249993508e-01,1.247560133864301424e+00,0.000000000000000000e+00,0.000000000000000000e+00,0.000000000000000000e+00
4.186668177398349122e-02,1.180347336612704412e+00,8.883462478051962208e-01,-8.178483005424522223e-03,1.646523564482380714e-02,7.057913564394118211e-01,7.081811700449994751e-01,-2.928600078886499092e-01,-1.303305721379244553e-01,-1.255893618311777482e-01,5.416338127678471670e-01,-5.229263835377764291e-01,1.215674041328371341e-01,-2.533086656670065495e-01,2.782055863125952599e-02,5.055196471475887493e-02,4.244979997123012883e-01,-3.513085825009690244e-01,9.708825421513704590e-02,4.868580272022346445e-03,0.000000000000000000e+00,0.000000000000000000e+00,-7.313467116434749227e-02,2.277717340895415443e-01,-5.030581553502432302e-01,1.231333023072432198e+00,0.000000000000000000e+00,0.000000000000000000e+00,0.000000000000000000e+00,-1.068242259642512293e-01,-2.813183675810698170e-01,5.682171185072844022e-01,1.247219926142226765e+00,0.000000000000000000e+00,0.000000000000000000e+00,0.000000000000000000e+00
4.178917717834904760e-02,1.180377962190558572e+00,8.881974868488077268e-01,-8.199604459466696554e-03,1.615971709565756920e-02,7.054501640075605540e-01,7.085278372313974504e-01,-2.938529334857140629e-01,-1.296886249718075257e-01,-1.246037286375336062e-01,5.447174654586729448e-01,-5.237017550497338192e-01,1.211963787112098206e-01,-2.536311292153826669e-01,2.859690733287243922e-02,5.115392344043474121e-02,4.259173102036186709e-01,-3.521266734741169691e-01,9.714011288421442458e-02,5.032043698632474721e-03,0.000000000000000000e+00,0.000000000000000000e+00,-7.244057423240225779e-02,2.284316698616377095e-01,-5.033194230213600129e-01,1.230531140307184801e+00,0.000000000000000000e+00,0.000000000000000000e+00,0.000000000000000000e+00,-1.067204932520061794e-01,-2.810623516761441287e-01,5.694543393717051982e-01,1.246840459552934544e+00,0.000000000000000000e+00,0.000000000000000000e+00,0.000000000000000000e+00
4.175197354249297887e-02,1.180400908124776604e+00,8.883122035624191337e-01,-8.221634611596846318e-03,1.573965465108597903e-02,7.059736232484596918e-01,7.080154738939103964e-01,-2.932722685393640560e-01,-1.296076477333980292e-01,-1.261321268509025817e-01,5.445392662857412303e-01,-5.223705847005262193e-01,1.211606087302751350e-01,-2.514459255706887331e-01,2.888701638053521592e-02,5.041811169295464662e-02,4.229735062415588276e-01,-3.506101134396514274e-01,9.667575461804341075e-02,4.998370762682162460e-03,0.000000000000000000e+00,0.000000000000000000e+00,-7.255538330135526126e-02,2.286876440360282314e-01,-5.026279713358980938e-01,1.229949209447256608e+00,0.000000000000000000e+00,0.000000000000000000e+00,0.000000000000000000e+00,-1.058464821237824344e-01,-2.809043798969725336e-01,5.705231964463947092e-01,1.246558890312414070e+00,0.000000000000000000e+00,0.000000000000000000e+00,0.000000000000000000e+00
4.170429689903089321e-02,1.180436641837327771e+00,8.883230185745030205e-01,-7.759607496127974603e-03,1.505918876452096156e-02,7.057452118872727942e-01,7.082631609955776231e-01,-2.914906139386355677e-01,-1.285824991775031123e-01,-1.245880511663175760e-01,5.447654329278065477e-01,-5.229397169466840634e-01,1.203531219932115065e-01,-2.489855643871314861e-01,2.928439504622998638e-02,5.059040792022432426e-02,4.215678200617339333e-01,-3.502749961045559801e-01,9.613218454973351812e-02,5.550874006744047941e-03,0.000000000000000000e+00,0.000000000000000000e+00,-7.252071089843814544e-02,2.292048112414808436e-01,-5.023758906377401301e-01,1.230683169606398453e+00,0.000000000000000000e+00,0.000000000000000000e+00,0.000000000000000000e+00,-1.070254882076028674e-01,-2.799760913198573453e-01,5.716837637888794177e-01,1.249749159390060704e+00,0.000000000000000000e+00,0.000000000000000000e+00,0.000000000000000000e+00
4.171008690360528820e-02,1.180505153314241884e+00,8.883071298410695205e-01,-7.737945947110229199e-03,1.491009030618578764e-02,7.060924217353208299e-01,7.079204089214621298e-01,-2.916177959700625433e-01,-1.293384653599080614e-01,-1.264332049450806739e-01,5.458656269496043878e-01,-5.229296496353244006e-01,1.212605479322619029e-01,-2.486566177548353296e-01,2.943412614169444580e-02,5.005956028531280411e-02,4.220312984506423004e-01,-3.509276635355494944e-01,9.447212492646994697e-02,7.242439680424603635e-03,0.000000000000000000e+00,0.000000000000000000e+00,-7.332274405188590749e-02,2.289980231533163546e-01,-5.007513251730143500e-01,1.230497615723983973e+00,0.000000000000000000e+00,0.000000000000000000e+00,0.000000000000000000e+00,-1.052836252644720472e-01,-2.793726895267742427e-01,5.677988939832306903e-01,1.250150716721129429e+00,0.000000000000000000e+00,0.000000000000000000e+00,0.000000000000000000e+00
4.164706457035079190e-02,1.180673180813020640e+00,8.884499096621996106e-01,-8.096525652826728689e-03,1.543926142093577508e-02,7.062716137352130774e-01,7.077262769680001675e-01,-2.911935698056854482e-01,-1.289942503146097319e-01,-1.255591714337729592e-01,5.424525649105178537e-01,-5.223180159210982776e-01,1.207463158837820821e-01,-2.488874473862768277e-01,2.850468534658231676e-02,4.940232060547552345e-02,4.200715949543047945e-01,-3.496139172342190848e-01,9.714914605432839467e-02,6.660237966490263964e-03,0.000000000000000000e+00,0.000000000000000000e+00,-7.263378894677456621e-02,2.296966543833712515e-01,-5.038504484978233444e-01,1.227863836173619383e+00,0.000000000000000000e+00,0.000000000000000000e+00,0.000000000000000000e+00,-1.058009464048087350e-01,-2.800305889816152582e-01,5.726240059504301705e-01,1.251100731095268870e+00,0.000000000000000000e+00,0.000000000000000000e+00,0.000000000000000000e+00
4.164133280148977351e-02,1.180812214378153424e+00,8.885307984446498830e-01,-7.942716902276724528e-03,1.569265197809972812e-02,7.068329070669204794e-01,7.071618594136918068e-01,-2.900153007641445013e-01,-1.302379800786137576e-01,-1.272707800086576024e-01,5.400345310201960514e-01,-5.219299794702182416e-01,1.205259155214759709e-01,-2.486008936938038927e-01,2.740148436931837128e-02,4.810986124820861715e-02,4.199763748960593790e-01,-3.501431223217575384e-01,9.442282036983652704e-02,6.847535065157043035e-03,0.000000000000000000e+00,0.000000000000000000e+00,-7.300345548510735194e-02,2.281818936520276786e-01,-5.009747359484475471e-01,1.229174102028544269e+00,0.000000000000000000e+00,0.000000000000000000e+00,0.000000000000000000e+00,-1.049170727534067538e-01,-2.798870478326895839e-01,5.707843540393906512e-01,1.251766390853369160e+00,0.000000000000000000e+00,0.000000000000000000e+00,0.000000000000000000e+00
4.151878263503269023e-02,1.180938452284891360e+00,8.886389871639754912e-01,-7.761869774786449641e-03,1.588813023632550461e-02,7.060758652816923053e-01,7.079153855948474572e-01,-2.886346265505007613e-01,-1.301471094039538534e-01,-1.257502712764654584e-01,5.374700327192625249e-01,-5.207427619602023050e-01,1.202944895873257758e-01,-2.484039637931551858e-01,2.738178241232196164e-02,5.043004610376780605e-02,4.192133142614057340e-01,-3.492545769423086033e-01,9.556040989359340654e-02,5.418334938030634415e-03,0.000000000000000000e+00,0.000000000000000000e+00,-7.062265055662045321e-02,2.285809314449889496e-01,-5.026198635620826582e-01,1.227469117497723472e+00,0.000000000000000000e+00,0.000000000000000000e+00,0.000000000000000000e+00,-1.061593641367635510e-01,-2.813686738067405768e-01,5.730607787725426894e-01,1.249040088749176824e+00,0.000000000000000000e+00,0.000000000000000000e+00,0.000000000000000000e+00
4.143450525244710830e-02,1.181064285040738238e+00,8.888029963746892914e-01,-7.945664436842227174e-03,1.659640440562857797e-02,7.062327113004500667e-01,7.077406186355817974e-01,-2.880048502062630411e-01,-1.310518956581317174e-01,-1.264098186160351189e-01,5.335518796257885388e-01,-5.193265012851047135e-01,1.199066767275929341e-01,-2.485622713803461170e-01,2.605737867239944772e-02,4.987401094591148443e-02,4.174101198788708889e-01,-3.497122630495773654e-01,9.549165717876448300e-02,6.693322966138640258e-03,0.000000000000000000e+00,0.000000000000000000e+00,-7.219689086662678390e-02,2.275879011862709245e-01,-5.033559386118354739e-01,1.228902150096037982e+00,0.000000000000000000e+00,0.000000000000000000e+00,0.000000000000000000e+00,-1.056152194340148620e-01,-2.818134429396418894e-01,5.755591559161954418e-01,1.249214482644815272e+00,0.000000000000000000e+00,0.000000000000000000e+00,0.000000000000000000e+00
4.128658653907877479e-02,1.181056759036471338e+00,8.884556798932178312e-01,-7.971595748561349781e-03,1.561005506608326848e-02,7.067005681326797850e-01,7.072956148902677098e-01,-2.902205447067014443e-01,-1.303164098978865926e-01,-1.261956815647254926e-01,5.412862208280718734e-01,-5.226896766354615087e-01,1.215639498580805694e-01,-2.488314781575149404e-01,2.748418543116578489e-02,4.944344395363280131e-02,4.210581247675259653e-01,-3.504776823153646359e-01,9.571428648419369467e-02,8.212974884861374766e-03,0.000000000000000000e+00,0.000000000000000000e+00,-7.285547288802329824e-02,2.281513429934702575e-01,-5.045651924581718850e-01,1.228563333029263571e+00,0.000000000000000000e+00,0.000000000000000000e+00,0.000000000000000000e+00,-1.035385619557521314e-01,-2.809579558846805325e-01,5.750496736804963094e-01,1.249892839129427280e+00,0.000000000000000000e+00,0.000000000000000000e+00,0.000000000000000000e+00
4.117228255418729083e-02,1.181099820709803572e+00,8.888248871208991320e-01,-8.644374525496866316e-03,1.652412580084013788e-02,7.069499801723668764e-01,7.070176472973430659e-01,-2.900140704800540092e-01,-1.305768036899943307e-01,-1.267177991948722493e-01,5.353117357888209638e-01,-5.185368912900578664e-01,1.214067601723046591e-01,-2.482619144652966348e-01,2.691737910357751284e-02,5.030142519228444214e-02,4.148220434996099382e-01,-3.476125717841538898e-01,9.660990613237821489e-02,8.360555806752321614e-03,0.000000000000000000e+00,0.000000000000000000e+00,-7.520295862177095447e-02,2.275181882854496185e-01,-5.070358775008882990e-01,1.230742689387367417e+00,0.000000000000000000e+00,0.000000000000000000e+00,0.000000000000000000e+00,-1.033761296115398021e-01,-2.821856118300595240e-01,5.790535592020440436e-01,1.248161303630617835e+00,0.000000000000000000e+00,0.000000000000000000e+00,0.000000000000000000e+00
4.102676688257556742e-02,1.181017357601301221e+00,8.889523787276859546e-01,-9.614049911802447293e-03,1.647326536316611259e-02,7.079992837497934843e-01,7.059555338563094917e-01,-2.918887083672716543e-01,-1.300197597642184233e-01,-1.286987361783026307e-01,5.358518253916162433e-01,-5.184782440510852242e-01,1.223584255353788314e-01,-2.474943744791265887e-01,2.759580341528721642e-02,4.858813135553324142e-02,4.102488338504371446e-01,-3.441035617996838769e-01,9.680269520985859688e-02,8.350249816448881285e-03,0.000000000000000000e+00,0.000000000000000000e+00,-7.767921018362361485e-02,2.279908839291349965e-01,-5.099796328035434145e-01,1.231392258445895616e+00,0.000000000000000000e+00,0.000000000000000000e+00,0.000000000000000000e+00,-1.026920963597711817e-01,-2.827145907682004911e-01,5.785496863265339185e-01,1.247207485243830405e+00,0.000000000000000000e+00,0.000000000000000000e+00,0.000000000000000000e+00
4.098175316227110898e-02,1.180827254269653181e+00,8.888542340174862000e-01,-8.557468829105390612e-03,1.678129079436823864e-02,7.077584635908940047e-01,7.062033101182475514e-01,-2.899457375709951767e-01,-1.319130680379664022e-01,-1.278897685226120795e-01,5.335922715037737518e-01,-5.178448184344968119e-01,1.216707051872156081e-01,-2.501666993897124214e-01,2.558438987462129111e-02,4.889648938045913079e-02,4.176011550474609813e-01,-3.462319772297355325e-01,9.525391384205092460e-02,7.250021082078437519e-03,0.000000000000000000e+00,0.000000000000000000e+00,-7.598778593597792230e-02,2.269200862412836806e-01,-5.086789165402314516e-01,1.230382649759834246e+00,0.000000000000000000e+00,0.000000000000000000e+00,0.000000000000000000e+00,-1.041940586811574004e-01,-2.838798595207080444e-01,5.776132289807661691e-01,1.247360477369930276e+00,0.000000000000000000e+00,0.000000000000000000e+00,0.000000000000000000e+00
4.104641582776310388e-02,1.180595310433705691e+00,8.886491858875875671e-01,-8.603206637532402265e-03,1.698827767093973734e-02,7.079668321825344224e-01,7.059889147761123640e-01,-2.924706126537583439e-01,-1.329623945690116271e-01,-1.290179734421992852e-01,5.369915066856164598e-01,-5.176753723695225462e-01,1.218362401445436810e-01,-2.525663702239895891e-01,2.549642087311813562e-02,4.886697038441581431e-02,4.211541764090513951e-01,-3.474986367575841339e-01,9.460827949655367664e-02,8.058322019389742991e-03,0.000000000000000000e+00,0.000000000000000000e+00,-7.754790373828901462e-02,2.266377475309930833e-01,-5.074617142389471480e-01,1.232544964756772554e+00,0.000000000000000000e+00,0.000000000000000000e+00,0.000000000000000000e+00,-1.041366155598494325e-01,-2.845968850143187900e-01,5.805639526255793603e-01,1.245734622200073138e+00,0.000000000000000000e+00,0.000000000000000000e+00,0.000000000000000000e+00
4.114182892291997490e-02,1.180376271715658287e+00,8.886667569747188633e-01,-9.413396790173509179e-03,1.753351181384772695e-02,7.089791813022171540e-01,7.049485686235423820e-01,-2.951644525845545375e-01,-1.333337809024305320e-01,-1.308734409106933061e-01,5.372165859551254474e-01,-5.169709205830185228e-01,1.228570063345447577e-01,-2.545176060530046636e-01,2.525374689539553255e-02,4.725869575301274578e-02,4.206851300840057650e-01,-3.464807570497118183e-01,9.597923635405561371e-02,7.540029199693386135e-03,0.000000000000000000e+00,0.000000000000000000e+00,-8.035513551301928792e-02,2.267235165362241622e-01,-5.086100364067808188e-01,1.233709785287750993e+00,0.000000000000000000e+00,0.000000000000000000e+00,0.000000000000000000e+00,-1.043486770428489474e-01,-2.847779658853140106e-01,5.812982954701337857e-01,1.245719633584385200e+00,0.000000000000000000e+00,0.000000000000000000e+00,0.000000000000000000e+00
4.133841130511094891e-02,1.180025678217114349e+00,8.883528678730516770e-01,-8.863661523686020005e-03,1.771145731936355286e-02,7.088444068917657548e-01,7.050867653007517610e-01,-2.967638842040467573e-01,-1.343849361233996620e-01,-1.299459151843567195e-01,5.404673273447598847e-01,-5.172674218025837822e-01,1.237413667097380515e-01,-2.587083588424795022e-01,2.433128801735902347e-02,4.644061229121120710e-02,4.295116750651064019e-01,-3.493350463989846610e-01,9.436950016482521797e-02,6.914791893753983142e-03,0.000000000000000000e+00,0.000000000000000000e+00,-7.977237640915402217e-02,2.261937363109948751e-01,-5.096956803233301248e-01,1.233984773395597090e+00,0.000000000000000000e+00,0.000000000000000000e+00,0.000000000000000000e+00,-1.058170712381858308e-01,-2.840531141702158369e-01,5.846780109575706597e-01,1.247395702270239548e+00,0.000000000000000000e+00,0.000000000000000000e+00,0.000000000000000000e+00
4.156387031976455093e-02,1.179666677909991357e+00,8.880101984983509444e-01,-8.372103911742046975e-03,1.788112385759405010e-02,7.090769607939004793e-01,7.048546211503223802e-01,-2.990003857111278029e-01,-1.357282460389270529e-01,-1.299393429095023478e-01,5.447085783139627990e-01,-5.176768863363887530e-01,1.240837523821921168e-01,-2.626938142816908628e-01,2.346914489282107483e-02,4.549060911643382915e-02,4.381034354632084571e-01,-3.525121767254764671e-01,9.294563110580987553e-02,6.431290541418568929e-03,0.000000000000000000e+00,0.000000000000000000e+00,-8.028592351837483820e-02,2.260828198002546308e-01,-5.104263656822451978e-01,1.234837042446334410e+00,0.000000000000000000e+00,0.000000000000000000e+00,0.000000000000000000e+00,-1.058072777961999306e-01,-2.841517960851799862e-01,5.847175903265696695e-01,1.245572895522044865e+00,0.000000000000000000e+00,0.000000000000000000e+00,0.000000000000000000e+00
4.180512508518342135e-02,1.179445815970260103e+00,8.883080652055440618e-01,-9.186097211485394140e-03,1.910075786249576524e-02,7.099919915045038721e-01,7.038907221057592034e-01,-2.997581989176525408e-01,-1.360332095782841311e-01,-1.312736043041791423e-01,5.386483968148451096e-01,-5.145041443942229842e-01,1.225106513424554927e-01,-2.632263877193707358e-01,2.205565696757426711e-02,4.358166633736304529e-02,4.327125248986274375e-01,-3.511583077844290801e-01,9.318623199471226526e-02,6.925975238988430621e-03,0.000000000000000000e+00,0.000000000000000000e+00,-8.332638990458167416e-02,2.267893596451148741e-01,-5.116022636826954573e-01,1.234523552581842099e+00,0.000000000000000000e+00,0.000000000000000000e+00,0.000000000000000000e+00,-1.061767947022957403e-01,-2.852977981464926982e-01,5.861727341397803270e-01,1.245178787969374534e+00,0.000000000000000000e+00,0.000000000000000000e+00,0.000000000000000000e+00
4.202347465627265244e-02,1.179116786594266442e+00,8.879534839774917421e-01,-8.729983334343667523e-03,1.942594876701242423e-02,7.105862567496383786e-01,7.032877018859492457e-01,-3.014239862827304273e-01,-1.382365241322114358e-01,-1.332617943595243437e-01,5.414452035504663252e-01,-5.160179975173097011e-01,1.211886056929653149e-01,-2.668273462551246089e-01,2.062712855339324941e-02,4.187543775297257465e-02,4.406058388572656748e-01,-3.564497495561257390e-01,9.114514483355887209e-02,8.493396974382113468e-03,0.000000000000000000e+00,0.000000000000000000e+00,-8.326138862714926869e-02,2.273526727737631703e-01,-5.122951059286946496e-01,1.230422879655204360e+00,0.000000000000000000e+00,0.000000000000000000e+00,0.000000000000000000e+00,-1.048572481044719035e-01,-2.851902890139255686e-01,5.865594102529624321e-01,1.244681150107569190e+00,0.000000000000000000e+00,0.000000000000000000e+00,0.000000000000000000e+00
4.201685785050907757e-02,1.178789147053027397e+00,8.877206878531598289e-01,-8.420061400763826157e-03,1.971579371728371041e-02,7.106974551774110083e-01,7.031710440913054860e-01,-3.022910970930067776e-01,-1.392277100965392811e-01,-1.326304278594072350e-01,5.424910696778975083e-01,-5.175823720282798357e-01,1.212424322535277654e-01,-2.707753826848426915e-01,1.964101652782078780e-02,4.171812159843774764e-02,4.478095106887668986e-01,-3.575564628827929692e-01,9.127855909314908089e-02,6.936589979509752771e-03,0.000000000000000000e+00,0.000000000000000000e+00,-8.365815103698981403e-02,2.263472059073319276e-01,-5.151155794522488396e-01,1.231240707785906441e+00,0.000000000000000000e+00,0.000000000000000000e+00,0.000000000000000000e+00,-1.076653934318820699e-01,-2.854070086824329056e-01,5.887651421185743361e-01,1.247401179557858120e+00,0.000000000000000000e+00,0.000000000000000000e+00,0.000000000000000000e+00
4.199989622376733289e-02,1.178493329929843236e+00,8.875393385256603596e-01,-8.622524034417308747e-03,1.958894389958963297e-02,7.119776629701630721e-01,7.018758670788723952e-01,-3.045894262001476727e-01,-1.399653612776974865e-01,-1.345061514914910328e-01,5.455832497015267180e-01,-5.172932405274123235e-01,1.210727969273226456e-01,-2.723261574716345779e-01,1.882829338878813305e-02,3.855080902898899015e-02,4.506836750497719701e-01,-3.578596072769484326e-01,9.212631294637527168e-02,7.800592604972679880e-03,0.000000000000000000e+00,0.000000000000000000e+00,-8.642030257002644711e-02,2.262815600000639416e-01,-5.145581354128990759e-01,1.231233846141154276e+00,0.000000000000000000e+00,0.000000000000000000e+00,0.000000000000000000e+00,-1.066000398966800572e-01,-2.852866327647072264e-01,5.905700476115602893e-01,1.249170871735325150e+00,0.000000000000000000e+00,0.000000000000000000e+00,0.000000000000000000e+00
4.178497645809868544e-02,1.178288995039871390e+00,8.877134917119697821e-01,-8.788280903156432330e-03,1.864129620305620891e-02,7.119805970701668096e-01,7.018966430965782877e-01,-3.033710948816331077e-01,-1.382639390776896349e-01,-1.346485345471459538e-01,5.450683997026326555e-01,-5.169039791269970374e-01,1.204909982155729087e-01,-2.695380332684942926e-01,2.077025364557445047e-02,3.949862569516398442e-02,4.464524772673416630e-01,-3.540770956555082671e-01,9.156023576525622321e-02,7.244844822995812408e-03,0.000000000000000000e+00,0.000000000000000000e+00,-8.495405733132517512e-02,2.270504405541020065e-01,-5.158525338355097745e-01,1.227561067209326451e+00,0.000000000000000000e+00,0.000000000000000000e+00,0.000000000000000000e+00,-1.078783500412565377e-01,-2.842342390018920972e-01,5.933647712181038258e-01,1.251416832381081257e+00,0.000000000000000000e+00,0.000000000000000000e+00,0.000000000000000000e+00
4.158246092834402136e-02,1.178147816396769132e+00,8.873033556469264171e-01,-9.414551665240874709e-03,1.834533615193420508e-02,7.128514815545231587e-01,7.010118259372919436e-01,-3.080340131138151749e-01,-1.388389004882149280e-01,-1.366638224085830466e-01,5.531955421474576973e-01,-5.197961107658902735e-01,1.224188979213265138e-01,-2.723592223463890960e-01,2.128507987309399829e-02,3.734311724867647037e-02,4.513064619497503260e-01,-3.558625564915522954e-01,9.133791827717259448e-02,9.009196932191876339e-03,0.000000000000000000e+00,0.000000000000000000e+00,-8.828128830791286130e-02,2.268030543347155925e-01,-5.183436826192606706e-01,1.229930029604429320e+00,0.000000000000000000e+00,0.000000000000000000e+00,0.000000000000000000e+00,-1.058273548663025143e-01,-2.848187855274984526e-01,5.953076308305338404e-01,1.249960525482105789e+00,0.000000000000000000e+00,0.000000000000000000e+00,0.000000000000000000e+00
4.134675109996630016e-02,1.178174364887561776e+00,8.875722778217681741e-01,-1.060080338752334046e-02,1.856498996071853994e-02,7.129361115204808641e-01,7.009030353803252789e-01,-3.094845364399785304e-01,-1.372225540277663969e-01,-1.365554423214322965e-01,5.515574077032963096e-01,-5.182354335866388162e-01,1.217469543132428805e-01,-2.709343334437601114e-01,2.225800460251234694e-02,3.682481226037877947e-02,4.437666780415425172e-01,-3.527497348517481535e-01,9.108168879056953438e-02,1.055066977365474307e-02,0.000000000000000000e+00,0.000000000000000000e+00,-9.013873006095210472e-02,2.276851940560205845e-01,-5.188407104234222800e-01,1.229561612122733516e+00,0.000000000000000000e+00,0.000000000000000000e+00,0.000000000000000000e+00,-1.059085575938686630e-01,-2.848556061185538724e-01,5.949481809191378145e-01,1.249937785218093955e+00,0.000000000000000000e+00,0.000000000000000000e+00,0.000000000000000000e+00
4.119856258231440610e-02,1.178224957911079285e+00,8.874514994046492911e-01,-1.053119887327551296e-02,1.834015029691237961e-02,7.129185084066411715e-01,7.009279086387042446e-01,-3.096471925878260811e-01,-1.366475047978220336e-01,-1.353819319644046226e-01,5.528851500944852448e-01,-5.194057316466761387e-01,1.200688696681063428e-01,-2.701642082642202736e-01,2.205022837013766515e-02,3.600747600812655158e-02,4.435541406794285546e-01,-3.547849237544645207e-01,9.065253887886490225e-02,1.126166485864204050e-02,0.000000000000000000e+00,0.000000000000000000e+00,-9.048733639974992915e-02,2.276149793557742107e-01,-5.178981546846171957e-01,1.230598985156315495e+00,0.000000000000000000e+00,0.000000000000000000e+00,0.000000000000000000e+00,-1.064995422179031009e-01,-2.838870493486524982e-01,5.933257785142466156e-01,1.253049439732183634e+00,0.000000000000000000e+00,0.000000000000000000e+00,0.000000000000000000e+00
4.102421573762146667e-02,1.178500433430894168e+00,8.880354325105167534e-01,-1.132471681423894393e-02,1.846250278012570925e-02,7.137051210661883305e-01,7.001113389626452133e-01,-3.069802285754604232e-01,-1.358133734049715990e-01,-1.375223969448976513e-01,5.451363514598337456e-01,-5.166758554274780701e-01,1.187774595144318601e-01,-2.652424780085760880e-01,2.278409001398548281e-02,3.701249013063125093e-02,4.314698154538183505e-01,-3.500236529834062083e-01,9.239052192225452598e-02,1.199564896119157710e-02,0.000000000000000000e+00,0.000000000000000000e+00,-9.026806074853828410e-02,2.280767247837391376e-01,-5.182942209796405075e-01,1.226370403959936572e+00,0.000000000000000000e+00,0.000000000000000000e+00,0.000000000000000000e+00,-1.057067821226286009e-01,-2.829057559359020591e-01,5.942668978744444219e-01,1.254558637343014427e+00,0.000000000000000000e+00,0.000000000000000000e+00,0.000000000000000000e+00
4.096300474700662053e-02,1.178743958245487056e+00,8.880017047397109620e-01,-1.212596700740927770e-02,1.813390628216188238e-02,7.133981025892132122e-01,7.004193526660970059e-01,-3.090054062826559367e-01,-1.343956671269686820e-01,-1.379161059264691347e-01,5.488495791912592070e-01,-5.184358147264759298e-01,1.194784852518908924e-01,-2.637699195220084003e-01,2.469575430316347034e-02,3.698972010391117504e-02,4.274634809427998450e-01,-3.498960586446054899e-01,9.160286502905254369e-02,1.412773934074635328e-02,0.000000000000000000e+00,0.000000000000000000e+00,-9.219137997578538690e-02,2.279137515490303745e-01,-5.172281213739773342e-01,1.230297334022206535e+00,0.000000000000000000e+00,0.000000000000000000e+00,0.000000000000000000e+00,-1.049304639025909758e-01,-2.815338275187281303e-01,5.930008254170671123e-01,1.254749467061198720e+00,0.000000000000000000e+00,0.000000000000000000e+00,0.000000000000000000e+00
4.095433910086627299e-02,1.178993250372362356e+00,8.881924596884198664e-01,-1.274752326700300496e-02,1.804927017515857435e-02,7.139641621665080429e-01,6.998334799354605229e-01,-3.087935947783918555e-01,-1.333774219400465644e-01,-1.387599826439640527e-01,5.474033379774171371e-01,-5.184751750386646929e-01,1.191770975998970306e-01,-2.615594185936670479e-01,2.532173882229916614e-02,3.611050937109775566e-02,4.220119187804812766e-01,-3.473433368268275534e-01,9.214995563077443830e-02,1.400400912982987384e-02,0.000000000000000000e+00,0.000000000000000000e+00,-9.241926891491973606e-02,2.281958606515632204e-01,-5.181854094980647973e-01,1.229944780971160556e+00,0.000000000000000000e+00,0.000000000000000000e+00,0.000000000000000000e+00,-1.040550985523619326e-01,-2.812785394715371368e-01,5.933318367333241250e-01,1.253919801688081703e+00,0.000000000000000000e+00,0.000000000000000000e+00,0.000000000000000000e+00
4.109829074633442048e-02,1.179159837957562296e+00,8.880454157344478405e-01,-1.268262960108460131e-02,1.765111333492863643e-02,7.139637855361505858e-01,6.998451986313307671e-01,-3.091750022794483299e-01,-1.326296794876721252e-01,-1.388011159447507803e-01,5.502301192625025372e-01,-5.204093298880506646e-01,1.169771115678358286e-01,-2.602836596267096847e-01,2.578853336598552551e-02,3.470070613229628981e-02,4.216754805559919661e-01,-3.496009036185899754e-01,8.959052773191128471e-02,1.523022038757463476e-02,0.000000000000000000e+00,0.000000000000000000e+00,-9.218424597120961073e-02,2.283928468446955740e-01,-5.142014183767116275e-01,1.230438680013839825e+00,0.000000000000000000e+00,0.000000000000000000e+00,0.000000000000000000e+00,-1.022821074086784354e-01,-2.807846558039417406e-01,5.901783018151340876e-01,1.250505824126786125e+00,0.000000000000000000e+00,0.000000000000000000e+00,0.000000000000000000e+00
4.120062193112666860e-02,1.179341562488497308e+00,8.881601249333729298e-01,-1.254378851908212120e-02,1.745138268886537933e-02,7.142836210833057864e-01,6.995262763213077051e-01,-3.076032143460274426e-01,-1.330389686100947877e-01,-1.404774438595427499e-01,5.487984341382243780e-01,-5.205254148578289941e-01,1.184240138499004086e-01,-2.588147786630465852e-01,2.641012858144644801e-02,3.592244365954352925e-02,4.203481957974373184e-01,-3.489885520554317222e-01,8.926625628799157719e-02,1.512322769375824827e-02,0.000000000000000000e+00,0.000000000000000000e+00,-9.222571143537837413e-02,2.279665073776234729e-01,-5.151832938997600309e-01,1.231565069895736553e+00,0.000000000000000000e+00,0.000000000000000000e+00,0.000000000000000000e+00,-1.026537141348854432e-01,-2.796095967459570897e-01,5.931043378853816384e-01,1.253012412863870439e+00,0.000000000000000000e+00,0.000000000000000000e+00,0.000000000000000000e+00
4.131324536218749371e-02,1.179445099519786044e+00,8.881833782384800369e-01,-1.297918792914622491e-02,1.697339235844523911e-02,7.147041376791616329e-01,6.991004507342493124e-01,-3.079954046778343169e-01,-1.319300068290163996e-01,-1.416306532793810968e-01,5.503133294482145388e-01,-5.219458415245220584e-01,1.178623326535454957e-01,-2.566582263858075419e-01,2.781329864158660695e-02,3.521170130167451673e-02,4.165452824259812115e-01,-3.477972451623676520e-01,8.908257516910035589e-02,1.530054988001559695e-02,0.000000000000000000e+00,0.000000000000000000e+00,-9.216359027292374273e-02,2.292668137691307728e-01,-5.131433303318615469e-01,1.230148886884593562e+00,0.000000000000000000e+00,0.000000000000000000e+00,0.000000000000000000e+00,-1.024960132571604565e-01,-2.785493953432816028e-01,5.912883715786581007e-01,1.252887885917943533e+00,0.000000000000000000e+00,0.000000000000000000e+00,0.000000000000000000e+00
4.146810262590649304e-02,1.179443678934973150e+00,8.880014097843029752e-01,-1.202518083146767759e-02,1.649957031564491458e-02,7.144211790904986259e-01,6.994179995341195388e-01,-3.067903906053324747e-01,-1.325196418891233796e-01,-1.411930987437885199e-01,5.522554693154058114e-01,-5.219866485617332685e-01,1.173289080115921534e-01,-2.571285658444529831e-01,2.755698321870793735e-02,3.552093627823774136e-02,4.220480328762464817e-01,-3.501482740823134154e-01,8.824270412104115446e-02,1.571097215131793748e-02,0.000000000000000000e+00,0.000000000000000000e+00,-9.057227578460935735e-02,2.290556409473951671e-01,-5.140881571045919918e-01,1.229165645574765042e+00,0.000000000000000000e+00,0.000000000000000000e+00,0.000000000000000000e+00,-1.023367209505517267e-01,-2.782183639090450855e-01,5.922639543103023207e-01,1.252629611740919691e+00,0.000000000000000000e+00,0.000000000000000000e+00,0.000000000000000000e+00
4.156560791960907386e-02,1.179524187747372777e+00,8.886042653680741310e-01,-1.279119217280337388e-02,1.645889232861781279e-02,7.147498176673727777e-01,6.990695161502676891e-01,-3.050305140221890032e-01,-1.301486650036905168e-01,-1.415091933577715955e-01,5.459889363422547603e-01,-5.174863608465201104e-01,1.142964870683265272e-01,-2.514783985535825050e-01,2.796385351722499232e-02,3.361810217930278483e-02,4.080750360225466888e-01,-3.429733652972636326e-01,8.910274588713258670e-02,1.695696488969705013e-02,0.000000000000000000e+00,0.000000000000000000e+00,-9.140351154648626575e-02,2.304942350914874483e-01,-5.153734337980916402e-01,1.227400023295811327e+00,0.000000000000000000e+00,0.000000000000000000e+00,0.000000000000000000e+00,-1.010069020137764478e-01,-2.783548828692915533e-01,5.919183837640568102e-01,1.249719015453131910e+00,0.000000000000000000e+00,0.000000000000000000e+00,0.000000000000000000e+00
4.161395890036501122e-02,1.179607250086503134e+00,8.884997085156641772e-01,-1.277975946686090748e-02,1.636959779472018511e-02,7.143626248895428299e-01,6.994674789987943564e-01,-3.057634754400438415e-01,-1.296025297744180793e-01,-1.400655146093951198e-01,5.481879472513181417e-01,-5.183122598400721204e-01,1.152453501187299251e-01,-2.525342373210047175e-01,2.851461276715525767e-02,3.431658447788805966e-02,4.103934602820504818e-01,-3.429187957302384793e-01,8.959806817220340724e-02,1.653063108884088306e-02,0.000000000000000000e+00,0.000000000000000000e+00,-8.997464553730322168e-02,2.303002018302117149e-01,-5.142329580436687531e-01,1.227894732829364566e+00,0.000000000000000000e+00,0.000000000000000000e+00,0.000000000000000000e+00,-1.010910654609859655e-01,-2.774829886820597280e-01,5.900360777887196928e-01,1.249130551671562284e+00,0.000000000000000000e+00,0.000000000000000000e+00,0.000000000000000000e+00
4.167657733390113528e-02,1.179638913946466028e+00,8.885922324359185609e-01,-1.251206802558014683e-02,1.533521086492519760e-02,7.139971447711592756e-01,6.998688139359292570e-01,-3.039292799214045049e-01,-1.279269988124044910e-01,-1.399953304927435416e-01,5.488508608470087369e-01,-5.185665164553272533e-01,1.135994708638326939e-01,-2.485222811393916487e-01,2.991354197324912895e-02,3.427466220511880823e-02,4.060913386414444215e-01,-3.412892591775639750e-01,8.929919072589427576e-02,1.763458296907079517e-02,0.000000000000000000e+00,0.000000000000000000e+00,-8.929152716732413619e-02,2.307531185234925342e-01,-5.139061423267510254e-01,1.228380382016622363e+00,0.000000000000000000e+00,0.000000000000000000e+00,0.000000000000000000e+00,-9.988701115821796428e-02,-2.768864979260679537e-01,5.894632707215575751e-01,1.246822646333653362e+00,0.000000000000000000e+00,0.000000000000000000e+00,0.000000000000000000e+00
4.166098039951730836e-02,1.179702053880073320e+00,8.883744215122726384e-01,-1.192227866299175841e-02,1.414964970065779939e-02,7.134330968343024493e-01,7.004790239730580570e-01,-3.028770163039608554e-01,-1.265430345237049670e-01,-1.384259178452431349e-01,5.531695525685932369e-01,-5.219562849418484252e-01,1.136807696176521526e-01,-2.470020117245506075e-01,3.153775175664495084e-02,3.551055028214486486e-02,4.085194053576525208e-01,-3.425193883231285596e-01,8.939579943180218924e-02,1.744867521767577354e-02,0.000000000000000000e+00,0.000000000000000000e+00,-8.645882734077978138e-02,2.313186043223952326e-01,-5.118431279758449692e-01,1.226686604723567164e+00,0.000000000000000000e+00,0.000000000000000000e+00,0.000000000000000000e+00,-1.000185065219589137e-01,-2.758349990124533413e-01,5.893475728982525697e-01,1.246955070379483832e+00,0.000000000000000000e+00,0.000000000000000000e+00,0.000000000000000000e+00
4.168138656593582680e-02,1.179881509650888338e+00,8.885037516782445799e-01,-1.205246114112556825e-02,1.505344075561903736e-02,7.127962157772417262e-01,7.011060453850779250e-01,-3.020970130273377685e-01,-1.269615497871248444e-01,-1.376393273970398790e-01,5.490763068679919146e-01,-5.213455153825686805e-01,1.122581178124178042e-01,-2.476737299640732470e-01,3.026953400171129849e-02,3.547283717104336015e-02,4.071555702430005308e-01,-3.438416348779766984e-01,8.927357050756679069e-02,1.755256194529680042e-02,0.000000000000000000e+00,0.000000000000000000e+00,-8.643283711264920788e-02,2.303285831645784099e-01,-5.113982284305732540e-01,1.229042509040803477e+00,0.000000000000000000e+00,0.000000000000000000e+00,0.000000000000000000e+00,-1.018257843366880688e-01,-2.765142813773258101e-01,5.894023771530693123e-01,1.247303949937422773e+00,0.000000000000000000e+00,0.000000000000000000e+00,0.000000000000000000e+00
4.162352623413734937e-02,1.180031213570508886e+00,8.887271827506344479e-01,-1.241484154148656156e-02,1.477603204845596985e-02,7.136511572529412595e-01,7.002353649580551620e-01,-3.014829708197346858e-01,-1.266235942720534136e-01,-1.392625789392902547e-01,5.476213865861051522e-01,-5.198236002857961058e-01,1.131582968939715411e-01,-2.456505629585618855e-01,3.072162669725361783e-02,3.470589528245356797e-02,4.031893946540267559e-01,-3.397761894489395584e-01,9.091581100780807279e-02,1.684150622643833944e-02,0.000000000000000000e+00,0.000000000000000000e+00,-8.669313792943711405e-02,2.300153036079049251e-01,-5.095473500769079900e-01,1.228444650940838878e+00,0.000000000000000000e+00,0.000000000000000000e+00,0.000000000000000000e+00,-1.011310796260072864e-01,-2.760135839264422630e-01,5.865554849794681891e-01,1.247537969276488301e+00,0.000000000000000000e+00,0.000000000000000000e+00,0.000000000000000000e+00
4.159658564920521578e-02,1.180064192532608303e+00,8.887318027306103652e-01,-1.188403748602125110e-02,1.452737560282435676e-02,7.127320690513826440e-01,7.011852271382085222e-01,-2.995922261818202426e-01,-1.260640580175000081e-01,-1.372539074208297127e-01,5.468006895326158467e-01,-5.207577913084854293e-01,1.128840188865430361e-01,-2.449008850584992181e-01,3.078304078585096526e-02,3.565503384045447255e-02,4.039901297433737826e-01,-3.410221121876823025e-01,8.943734979860783196e-02,1.748218177981177707e-02,0.000000000000000000e+00,0.000000000000000000e+00,-8.509401205601394014e-02,2.299929320673470556e-01,-5.105512377383814027e-01,1.228085077848918738e+00,0.000000000000000000e+00,0.000000000000000000e+00,0.000000000000000000e+00,-1.022577017533196908e-01,-2.758681737203042550e-01,5.869469614671835034e-01,1.248053189208197189e+00,0.000000000000000000e+00,0.000000000000000000e+00,0.000000000000000000e+00
4.154289484667521293e-02,1.180087616293862496e+00,8.887736884900059309e-01,-1.219340181162087249e-02,1.435029223072867982e-02,7.128871171366075732e-01,7.010259255447055526e-01,-3.002444972466967732e-01,-1.254074231218348656e-01,-1.373449679770648579e-01,5.476391049831735858e-01,-5.203241670305410738e-01,1.129760534628354851e-01,-2.438448459674131541e-01,3.156342723187693239e-02,3.606088091695251741e-02,4.013075210597746856e-01,-3.394297662144449279e-01,9.001950607675629490e-02,1.673632085388131185e-02,0.000000000000000000e+00,0.000000000000000000e+00,-8.530703231503086736e-02,2.299303507471898711e-01,-5.093539035017644601e-01,1.229104043850508976e+00,0.000000000000000000e+00,0.000000000000000000e+00,0.000000000000000000e+00,-1.031040899610783379e-01,-2.751178638868789217e-01,5.849739511830207572e-01,1.248793797489769597e+00,0.000000000000000000e+00,0.000000000000000000e+00,0.000000000000000000e+00
4.150689629582785672e-02,1.179979548451850713e+00,8.887214009524503355e-01,-1.196806510428959774e-02,1.455890921835820834e-02,7.126235692063596083e-01,7.012934137660361555e-01,-2.997393279157581358e-01,-1.260318411377828740e-01,-1.370144644817997415e-01,5.466893681131128613e-01,-5.211103536333339115e-01,1.131410914420747371e-01,-2.450683418617383702e-01,3.099716710886681395e-02,3.632828510873947064e-02,4.036251746332321089e-01,-3.405813600634596261e-01,8.978314861913005984e-02,1.623194576385985494e-02,0.000000000000000000e+00,0.000000000000000000e+00,-8.496244876900066467e-02,2.296603079396363212e-01,-5.088491829421813994e-01,1.229283698740456732e+00,0.000000000000000000e+00,0.000000000000000000e+00,0.000000000000000000e+00,-1.050230281021593826e-01,-2.753258778435113130e-01,5.848177010282188393e-01,1.250746892884077699e+00,0.000000000000000000e+00,0.000000000000000000e+00,0.000000000000000000e+00
4.148080078637655932e-02,1.179807413520082449e+00,8.883769646583119517e-01,-1.181465293780153969e-02,1.403394108690449171e-02,7.130419141752916135e-01,7.008813673531103516e-01,-3.018662743811189042e-01,-1.260641218378654449e-01,-1.370595898646328192e-01,5.526015327566634605e-01,-5.229127606536680961e-01,1.130801539388578691e-01,-2.468550999377332467e-01,3.154639778154697677e-02,3.564450660784854175e-02,4.091411257887432318e-01,-3.425854610098570396e-01,8.836810799675236250e-02,1.617386501747595379e-02,0.000000000000000000e+00,0.000000000000000000e+00,-8.505318967471550695e-02,2.307720506245009018e-01,-5.123998393375838178e-01,1.228126905188227536e+00,0.000000000000000000e+00,0.000000000000000000e+00,0.000000000000000000e+00,-1.038299219829597886e-01,-2.756305208768790593e-01,5.836744988268346424e-01,1.248646706300647891e+00,0.000000000000000000e+00,0.000000000000000000e+00,0.000000000000000000e+00
4.139261407853927349e-02,1.179577180311198070e+00,8.879257637227997435e-01,-1.134233940797372588e-02,1.293181709287792060e-02,7.128066065786460292e-01,7.011496709414239970e-01,-3.035438959862758468e-01,-1.257820166802927353e-01,-1.367710471512003922e-01,5.607610820361526027e-01,-5.262586350907377808e-01,1.137576722933063278e-01,-2.483007506440338408e-01,3.271725089371103901e-02,3.563258724138507194e-02,4.163401289638871683e-01,-3.444826526739867556e-01,8.907816974164486923e-02,1.575905836100081892e-02,0.000000000000000000e+00,0.000000000000000000e+00,-8.417982790598957377e-02,2.309256493832775869e-01,-5.127540475688573407e-01,1.228596258656040607e+00,0.000000000000000000e+00,0.000000000000000000e+00,0.000000000000000000e+00,-1.052850691196679234e-01,-2.742386188223542298e-01,5.819970983417718235e-01,1.251783055522747823e+00,0.000000000000000000e+00,0.000000000000000000e+00,0.000000000000000000e+00
4.138430814778414762e-02,1.179450630382185228e+00,8.881009439032097053e-01,-1.156431850292890216e-02,1.353432367949904472e-02,7.128183435054454842e-01,7.011227408822616747e-01,-3.031105207073919172e-01,-1.262770018855578491e-01,-1.375760807884538195e-01,5.568826336064457427e-01,-5.249340838308398371e-01,1.118243681997956318e-01,-2.473922535747482276e-01,3.165561719698081061e-02,3.512692088909836335e-02,4.118786328657947915e-01,-3.449113123882207588e-01,9.007083538892350638e-02,1.683762206801591235e-02,0.000000000000000000e+00,0.000000000000000000e+00,-8.464587632973935571e-02,2.310267606182934697e-01,-5.104497141676719307e-01,1.226831320963010397e+00,0.000000000000000000e+00,0.000000000000000000e+00,0.000000000000000000e+00,-1.053570176397609220e-01,-2.748854496138838366e-01,5.814292618808873936e-01,1.250048066033881300e+00,0.000000000000000000e+00,0.000000000000000000e+00,0.000000000000000000e+00
4.139048677907859047e-02,1.179268218261052104e+00,8.876043566855078559e-01,-1.123147142445560069e-02,1.288298719981793503e-02,7.128887875123861573e-01,7.010687978576514157e-01,-3.055808680737140404e-01,-1.265831390698785586e-01,-1.377210938585363698e-01,5.646931626271192162e-01,-5.278354504600272223e-01,1.121878842956730155e-01,-2.496795716203268345e-01,3.257772960383152616e-02,3.483562435008743380e-02,4.196276259320977919e-01,-3.498502977362081823e-01,8.649720362456272960e-02,1.652510303446071138e-02,0.000000000000000000e+00,0.000000000000000000e+00,-8.432263939867307156e-02,2.320781446515954860e-01,-5.115173474605954063e-01,1.225999867157566703e+00,0.000000000000000000e+00,0.000000000000000000e+00,0.000000000000000000e+00,-1.050762191999597001e-01,-2.740467029209368022e-01,5.793656687896696633e-01,1.249246630059092311e+00,0.000000000000000000e+00,0.000000000000000000e+00,0.000000000000000000e+00
4.123136512818170035e-02,1.179203080472648324e+00,8.878577651772268098e-01,-1.172064663454670287e-02,1.309269786201184248e-02,7.128725158881819013e-01,7.010734510708681588e-01,-3.052893432457747802e-01,-1.255919507638006416e-01,-1.365587151976249969e-01,5.614724685154106609e-01,-5.261566453185710923e-01,1.130283545173416532e-01,-2.494065784034959488e-01,3.293558243624857690e-02,3.588460924616260900e-02,4.159411373602652229e-01,-3.447318053594905507e-01,8.916120933549319394e-02,1.537055130726504119e-02,0.000000000000000000e+00,0.000000000000000000e+00,-8.496941874415360474e-02,2.311953240674417265e-01,-5.105979196620921146e-01,1.228221953163674662e+00,0.000000000000000000e+00,0.000000000000000000e+00,0.000000000000000000e+00,-1.066364311649899699e-01,-2.752034447638357362e-01,5.800333982883829620e-01,1.249395678638598017e+00,0.000000000000000000e+00,0.000000000000000000e+00,0.000000000000000000e+00
4.121012970753504950e-02,1.179265543777788361e+00,8.879872272085139739e-01,-1.189991112441737831e-02,1.390950068328126663e-02,7.128262533324295491e-01,7.011017404528567809e-01,-3.053510420695100258e-01,-1.268613648721108045e-01,-1.372944972888980875e-01,5.584042766534652591e-01,-5.239176355229465676e-01,1.136111563252302920e-01,-2.506233216597609226e-01,3.204015235947077489e-02,3.644187442535539584e-02,4.155922900285042854e-01,-3.454970060845594104e-01,8.861295850862886680e-02,1.552225309829748448e-02,0.000000000000000000e+00,0.000000000000000000e+00,-8.604887724620528811e-02,2.305117886906725977e-01,-5.118217768861845762e-01,1.230381237428924912e+00,0.000000000000000000e+00,0.000000000000000000e+00,0.000000000000000000e+00,-1.071892244304164243e-01,-2.750703749588266356e-01,5.806305833734151101e-01,1.251766019989836165e+00,0.000000000000000000e+00,0.000000000000000000e+00,0.000000000000000000e+00
4.119282538736883381e-02,1.179304426676039297e+00,8.878942789814044945e-01,-1.150140643349112542e-02,1.360666884717804184e-02,7.135568740610908067e-01,7.003707330357977767e-01,-3.048414312968709128e-01,-1.277081215582389628e-01,-1.381855451841913218e-01,5.594800783809746880e-01,-5.242484930568562795e-01,1.141358136159024289e-01,-2.507323065963977249e-01,3.159402994886101324e-02,3.590599802537445401e-02,4.185710423826145554e-01,-3.461254179188600899e-01,8.913576332503285460e-02,1.450091995634934794e-02,0.000000000000000000e+00,0.000000000000000000e+00,-8.455698912681411383e-02,2.304532303654659997e-01,-5.098884052034543535e-01,1.228308807399570046e+00,0.000000000000000000e+00,0.000000000000000000e+00,0.000000000000000000e+00,-1.063065984545069342e-01,-2.747803597521982222e-01,5.778352449485203435e-01,1.252306906745103365e+00,0.000000000000000000e+00,0.000000000000000000e+00,0.000000000000000000e+00
4.119702134833126694e-02,1.179426345376207275e+00,8.880642107959294540e-01,-1.159778572267211247e-02,1.381951916271745295e-02,7.128606580445280283e-01,7.010736013206931849e-01,-3.041559799367259398e-01,-1.271534194435567644e-01,-1.370391406692138270e-01,5.574055517887251954e-01,-5.226317376071385468e-01,1.149018054982372805e-01,-2.497837393049313071e-01,3.122123278581200381e-02,3.552423927230747430e-02,4.153773859996026108e-01,-3.443606456351524514e-01,8.971363820109098941e-02,1.439691449971899732e-02,0.000000000000000000e+00,0.000000000000000000e+00,-8.425139399643226390e-02,2.296488271875981868e-01,-5.093711901900763728e-01,1.230680823855938577e+00,0.000000000000000000e+00,0.000000000000000000e+00,0.000000000000000000e+00,-1.071843261413337467e-01,-2.747878251522027915e-01,5.769928965450369374e-01,1.251851242967680911e+00,0.000000000000000000e+00,0.000000000000000000e+00,0.000000000000000000e+00
4.129554501933516836e-02,1.179590847964890665e+00,8.879543613967526561e-01,-1.102898776842864068e-02,1.378300963104936092e-02,7.133162210690190408e-01,7.006199817548242059e-01,-3.028957137917794307e-01,-1.278656580613867222e-01,-1.368205568055478050e-01,5.571875750749628597e-01,-5.239054328599654919e-01,1.146832180576348031e-01,-2.508339093928931840e-01,3.001959221041705997e-02,3.437409797802073314e-02,4.202770785313157953e-01,-3.459415667822058893e-01,9.038792077659793534e-02,1.358518747577565008e-02,0.000000000000000000e+00,0.000000000000000000e+00,-8.270150862967332039e-02,2.294227250633419368e-01,-5.128831989447394379e-01,1.228738685741946002e+00,0.000000000000000000e+00,0.000000000000000000e+00,0.000000000000000000e+00,-1.055991240034954426e-01,-2.753548308604806816e-01,5.778571932364013897e-01,1.250394807912092343e+00,0.000000000000000000e+00,0.000000000000000000e+00,0.000000000000000000e+00
4.144574700658684718e-02,1.179854363191709332e+00,8.881536185249186977e-01,-1.096335084006417812e-02,1.414966559631158569e-02,7.136703737723979479e-01,7.002529467995387558e-01,-3.014396252555492373e-01,-1.282764054754773897e-01,-1.371660204515227355e-01,5.537499314709978249e-01,-5.221246748394311465e-01,1.147415027310463437e-01,-2.496353836069945265e-01,2.951442277826480873e-02,3.456827137272923400e-02,4.176904000489203850e-01,-3.447740834520318653e-01,8.912104948103813373e-02,1.280136388667423020e-02,0.000000000000000000e+00,0.000000000000000000e+00,-8.371584348917199270e-02,2.283396206013720564e-01,-5.087880505874237125e-01,1.232517706340070074e+00,0.000000000000000000e+00,0.000000000000000000e+00,0.000000000000000000e+00,-1.070799212344925311e-01,-2.744916781603563005e-01,5.752473652384623160e-01,1.254181514669515218e+00,0.000000000000000000e+00,0.000000000000000000e+00,0.000000000000000000e+00
4.161925484792015212e-02,1.180107582503231889e+00,8.881317739776479758e-01,-1.053795445638119020e-02,1.454156667349697923e-02,7.136287166226678025e-01,7.002939019911864627e-01,-3.003834473895017898e-01,-1.297430592399166083e-01,-1.378718334978281390e-01,5.525571202984882468e-01,-5.224528519434376017e-01,1.162793938808174415e-01,-2.506999029600320839e-01,2.837721482018909502e-02,3.457969688835573624e-02,4.207486486037289031e-01,-3.459579597380080251e-01,8.952363839052106254e-02,1.239499042605541473e-02,0.000000000000000000e+00,0.000000000000000000e+00,-8.258520539329886057e-02,2.279701818243149991e-01,-5.084608825977613433e-01,1.232275115123121267e+00,0.000000000000000000e+00,0.000000000000000000e+00,0.000000000000000000e+00,-1.058702089170567434e-01,-2.750159746108966630e-01,5.747851071795239131e-01,1.251875504090953495e+00,0.000000000000000000e+00,0.000000000000000000e+00,0.000000000000000000e+00
4.181669760717899448e-02,1.180353283815039900e+00,8.882560901959133393e-01,-1.003040135817235244e-02,1.501818019997051661e-02,7.138519866040575756e-01,7.000637017682873608e-01,-2.983749026992618125e-01,-1.308009117311959291e-01,-1.380643174998633371e-01,5.486874495090259263e-01,-5.197981558272131153e-01,1.147849706469188935e-01,-2.504938688610202080e-01,2.673938079131880918e-02,3.404413143794551844e-02,4.213451530590950345e-01,-3.466278102128687033e-01,8.892491585268517962e-02,1.196267461942700228e-02,0.000000000000000000e+00,0.000000000000000000e+00,-8.160051470331318446e-02,2.282276034153145061e-01,-5.106064903687144163e-01,1.231582623464499093e+00,0.000000000000000000e+00,0.000000000000000000e+00,0.000000000000000000e+00,-1.053275032560814783e-01,-2.757456423392690148e-01,5.762174264019396253e-01,1.251589349356013958e+00,0.000000000000000000e+00,0.000000000000000000e+00,0.000000000000000000e+00
4.194985669608078394e-02,1.180567364317935297e+00,8.881497480071264272e-01,-9.946227114486404924e-03,1.538674361701168961e-02,7.135593634242031191e-01,7.003551638680886038e-01,-2.978599765007532985e-01,-1.309592561900037866e-01,-1.372960240301644985e-01,5.478561730265675278e-01,-5.220962225129134326e-01,1.142591699150821705e-01,-2.515419322049007866e-01,2.655177755356267696e-02,3.509512043894060657e-02,4.231467684682250208e-01,-3.489387695650596477e-01,8.984849889832882686e-02,1.144113093593965465e-02,0.000000000000000000e+00,0.000000000000000000e+00,-8.067032350044320288e-02,2.278978656306153983e-01,-5.085746187310238309e-01,1.231440352496112833e+00,0.000000000000000000e+00,0.000000000000000000e+00,0.000000000000000000e+00,-1.053933233779293932e-01,-2.764426427667336927e-01,5.757760500755451094e-01,1.248618403332906190e+00,0.000000000000000000e+00,0.000000000000000000e+00,0.000000000000000000e+00
4.202736782217925127e-02,1.180776294209791910e+00,8.883995304708285357e-01,-1.007431260362165806e-02,1.543503682866271404e-02,7.141284820369648845e-01,6.997719478567587803e-01,-2.967957126356749464e-01,-1.311308309983597320e-01,-1.384837864772684168e-01,5.453136983716171393e-01,-5.200100388784758554e-01,1.160476803942147306e-01,-2.501140511796596799e-01,2.652870296917018977e-02,3.486927515870436034e-02,4.201687367574541976e-01,-3.459471732672892430e-01,9.026485572153211678e-02,1.168072009330647573e-02,0.000000000000000000e+00,0.000000000000000000e+00,-8.129915716493028854e-02,2.277815734842381923e-01,-5.098019388740309132e-01,1.232141660730122990e+00,0.000000000000000000e+00,0.000000000000000000e+00,0.000000000000000000e+00,-1.050562157375983380e-01,-2.757116348305823639e-01,5.769056158477997576e-01,1.251633035675386418e+00,0.000000000000000000e+00,0.000000000000000000e+00,0.000000000000000000e+00
4.212670716501670798e-02,1.180863160278867285e+00,8.883369609700663139e-01,-1.030600844342148895e-02,1.565965977421846997e-02,7.142270856557177972e-01,6.996629412520433133e-01,-2.977418634567731703e-01,-1.306776387802222328e-01,-1.378648090232161005e-01,5.458892623119058207e-01,-5.203094914594400544e-01,1.145910878482331585e-01,-2.506501983231231856e-01,2.646885178540875350e-02,3.426805864401361035e-02,4.201553948035263164e-01,-3.471424450493417746e-01,8.963275559348005128e-02,1.147654777181849467e-02,0.000000000000000000e+00,0.000000000000000000e+00,-8.052666601301217142e-02,2.292167163022339749e-01,-5.097891343069905767e-01,1.229466684050287473e+00,0.000000000000000000e+00,0.000000000000000000e+00,0.000000000000000000e+00,-1.048836838958250445e-01,-2.771775124413051739e-01,5.793017179698918273e-01,1.247984677266425146e+00,0.000000000000000000e+00,0.000000000000000000e+00,0.000000000000000000e+00
4.220693889612335548e-02,1.180916246888031873e+00,8.886230985438552388e-01,-1.054913362091530402e-02,1.690309900437610841e-02,7.140865893887029525e-01,6.997737805027467450e-01,-2.972986141051949804e-01,-1.323873186048482309e-01,-1.389297686208736671e-01,5.400186287918935513e-01,-5.166945686607440358e-01,1.164380834703154927e-01,-2.524156543801359676e-01,2.522670819355085636e-02,3.532517105147497255e-02,4.190736662384904054e-01,-3.457263530927584538e-01,8.918977244071846222e-02,1.103583613011109750e-02,0.000000000000000000e+00,0.000000000000000000e+00,-8.189325240091885338e-02,2.269910909098546148e-01,-5.097674032685269863e-01,1.233770070710301647e+00,0.000000000000000000e+00,0.000000000000000000e+00,0.000000000000000000e+00,-1.061386023818765290e-01,-2.770647320984401807e-01,5.802716780966793442e-01,1.249119909317072841e+00,0.000000000000000000e+00,0.000000000000000000e+00,0.000000000000000000e+00
4.225712639227388601e-02,1.180789193829538286e+00,8.886805987307485610e-01,-1.080429378089441117e-02,1.659065064305207879e-02,7.145023871073780120e-01,6.993528125095334058e-01,-2.975298840537420886e-01,-1.310686672282012077e-01,-1.385451921119257301e-01,5.400752160116384371e-01,-5.165202100755951209e-01,1.149012805729738018e-01,-2.510626530286143021e-01,2.582953903764589887e-02,3.463374142700271358e-02,4.160670621725670593e-01,-3.435947385356697970e-01,8.978228924094037999e-02,1.169683688377901390e-02,0.000000000000000000e+00,0.000000000000000000e+00,-8.198037849499305307e-02,2.284079742415418002e-01,-5.115363248801081397e-01,1.231598539474532350e+00,0.000000000000000000e+00,0.000000000000000000e+00,0.000000000000000000e+00,-1.052254218226609528e-01,-2.773396484620749280e-01,5.805401257974001084e-01,1.247800443432168782e+00,0.000000000000000000e+00,0.000000000000000000e+00,0.000000000000000000e+00
4.235622792372954748e-02,1.180635751521672772e+00,8.888483812692951069e-01,-1.073278281097694853e-02,1.724259592136727012e-02,7.145612322725867216e-01,6.992780173808605948e-01,-2.966894054836187733e-01,-1.321231604247358193e-01,-1.392956749366402736e-01,5.358854747488011050e-01,-5.143976844657560665e-01,1.148859700223884839e-01,-2.516043929762236120e-01,2.461921879299224306e-02,3.449956861817774639e-02,4.147731928484912345e-01,-3.423358007795489488e-01,8.934205417605434185e-02,1.205542026381022092e-02,0.000000000000000000e+00,0.000000000000000000e+00,-8.211345475384572434e-02,2.276180124669373306e-01,-5.093612717700308767e-01,1.230369436821614038e+00,0.000000000000000000e+00,0.000000000000000000e+00,0.000000000000000000e+00,-1.049561306099619229e-01,-2.783951689986457478e-01,5.809497550655359221e-01,1.245264011223649270e+00,0.000000000000000000e+00,0.000000000000000000e+00,0.000000000000000000e+00
4.244300712895321404e-02,1.180345190268955680e+00,8.885711018490923818e-01,-1.082870473184384397e-02,1.721541389028206914e-02,7.148751690744127307e-01,6.989562656699249699e-01,-2.996499521674424460e-01,-1.327333362179236587e-01,-1.403849150180742911e-01,5.407982656500480712e-01,-5.153552009442280424e-01,1.149833950380408643e-01,-2.542301976925797069e-01,2.469429811179053857e-02,3.358820488208421468e-02,4.194773834343145658e-01,-3.446252163098255661e-01,8.899524581148449132e-02,1.304561688537830312e-02,0.000000000000000000e+00,0.000000000000000000e+00,-8.298141541952312739e-02,2.274102785717460606e-01,-5.069115339705838608e-01,1.230200434278015287e+00,0.000000000000000000e+00,0.000000000000000000e+00,0.000000000000000000e+00,-1.042292643172468142e-01,-2.784127456701304126e-01,5.817193344512512354e-01,1.243628565232745453e+00,0.000000000000000000e+00,0.000000000000000000e+00,0.000000000000000000e+00
4.242214995751199258e-02,1.180054727379004742e+00,8.885415773332477896e-01,-1.115372845920087515e-02,1.635212989296094821e-02,7.139931996182834473e-01,6.998727835030220668e-01,-3.008223354387863369e-01,-1.303770619807191333e-01,-1.391146935813929175e-01,5.443154052509271423e-01,-5.156840895088820043e-01,1.151404241695089259e-01,-2.529090009066344846e-01,2.750085369119888504e-02,3.543784997310309159e-02,4.167836051446034418e-01,-3.422312459283130548e-01,8.930765870831829101e-02,1.175948888482664448e-02,0.000000000000000000e+00,0.000000000000000000e+00,-8.215520622713717858e-02,2.279189761131623082e-01,-5.058116484815304847e-01,1.231109806088082737e+00,0.000000000000000000e+00,0.000000000000000000e+00,0.000000000000000000e+00,-1.071774485109751179e-01,-2.770115111428985144e-01,5.840557461508610881e-01,1.244642085589554581e+00,0.000000000000000000e+00,0.000000000000000000e+00,0.000000000000000000e+00
4.253311228915988840e-02,1.179757874520248606e+00,8.876795513118714842e-01,-1.097261550489886384e-02,1.593267171300326995e-02,7.142004969974604656e-01,6.996737823940868406e-01,-3.062766761161233586e-01,-1.314940179433874423e-01,-1.399145828706004624e-01,5.570115598453496686e-01,-5.219948695911846848e-01,1.150951486716495220e-01,-2.586611946026378117e-01,2.782019648622155797e-02,3.339717529940665341e-02,4.303722017598040073e-01,-3.499972149846016234e-01,8.734316461187106861e-02,1.453604142057845702e-02,0.000000000000000000e+00,0.000000000000000000e+00,-8.348476913931864030e-02,2.293928444337506034e-01,-5.076798372516295732e-01,1.230198349970552885e+00,0.000000000000000000e+00,0.000000000000000000e+00,0.000000000000000000e+00,-1.062602681601252930e-01,-2.765898252531382440e-01,5.859041103802979933e-01,1.245444692281583832e+00,0.000000000000000000e+00,0.000000000000000000e+00,0.000000000000000000e+00
4.249538427239969024e-02,1.179587965767691315e+00,8.879429713882767139e-01,-1.087270956953107458e-02,1.619612261805731396e-02,7.142174708149329199e-01,6.996519664672419259e-01,-3.043339499106276214e-01,-1.311187094642121131e-01,-1.389512104149248639e-01,5.518028621981502235e-01,-5.197903376775661055e-01,1.134458227121121765e-01,-2.567424324443204897e-01,2.705051656087659184e-02,3.375909809821416030e-02,4.256080606599479399e-01,-3.488505608521531021e-01,8.802299237191260617e-02,1.475181687680741753e-02,0.000000000000000000e+00,0.000000000000000000e+00,-8.340334188633601042e-02,2.293631841887965317e-01,-5.079591244641067371e-01,1.229056361628173111e+00,0.000000000000000000e+00,0.000000000000000000e+00,0.000000000000000000e+00,-1.079580732259496217e-01,-2.769897208862848181e-01,5.892251216132867730e-01,1.247547170669291106e+00,0.000000000000000000e+00,0.000000000000000000e+00,0.000000000000000000e+00
4.242171551940842472e-02,1.179453265618394697e+00,8.877800961115043243e-01,-1.103024328602936546e-02,1.628122646787318051e-02,7.143939295316676930e-01,6.994673465188037120e-01,-3.060716715737647475e-01,-1.316499404799104656e-01,-1.393093828933186784e-01,5.542679241448664751e-01,-5.208038408832224020e-01,1.144011388056545286e-01,-2.587433310784189033e-01,2.675272187271111879e-02,3.267450767918272936e-02,4.286040902488222337e-01,-3.491319447888729943e-01,8.798001442317379683e-02,1.552936594635708975e-02,0.000000000000000000e+00,0.000000000000000000e+00,-8.479642496586092815e-02,2.286586146897261473e-01,-5.066265253824500103e-01,1.230708594912729881e+00,0.000000000000000000e+00,0.000000000000000000e+00,0.000000000000000000e+00,-1.085215718595069212e-01,-2.764968589181047154e-01,5.863464336359242024e-01,1.249903252130602160e+00,0.000000000000000000e+00,0.000000000000000000e+00,0.000000000000000000e+00
4.222526810121464413e-02,1.179436956196749708e+00,8.884005121435331054e-01,-1.219553929820110794e-02,1.636020932464215746e-02,7.144945992541220647e-01,6.993433205577734846e-01,-3.047197567696832698e-01,-1.294369548968768158e-01,-1.395832355872750341e-01,5.474659178674169402e-01,-5.180050997346592467e-01,1.147231682530305413e-01,-2.539240111110359632e-01,2.866249515420661587e-02,3.491086021211178142e-02,4.140087241263746831e-01,-3.418227432219190232e-01,8.980759913256841642e-02,1.541548899015716262e-02,0.000000000000000000e+00,0.000000000000000000e+00,-8.566221116908634414e-02,2.294384790902809779e-01,-5.074309181808985825e-01,1.228833450025576646e+00,0.000000000000000000e+00,0.000000000000000000e+00,0.000000000000000000e+00,-1.097474426564821193e-01,-2.755233345462988481e-01,5.872980374448556473e-01,1.251229423427169474e+00,0.000000000000000000e+00,0.000000000000000000e+00,0.000000000000000000e+00
4.204285941490296802e-02,1.179414284002154867e+00,8.885684561373273782e-01,-1.217326919688166420e-02,1.639084547807308917e-02,7.142832722671528245e-01,6.995588314508680572e-01,-3.033214948581762771e-01,-1.292606764105449224e-01,-1.394120912958009273e-01,5.445274069138407169e-01,-5.172984695269986499e-01,1.133114165746272606e-01,-2.528935842013977919e-01,2.834239036500611764e-02,3.482252225175231503e-02,4.116802184665018238e-01,-3.403578102658432192e-01,8.811856278988877689e-02,1.499550422732301262e-02,0.000000000000000000e+00,0.000000000000000000e+00,-8.496982135688359306e-02,2.297469060215763248e-01,-5.116078945662925204e-01,1.228045372054268558e+00,0.000000000000000000e+00,0.000000000000000000e+00,0.000000000000000000e+00,-1.102938308232646047e-01,-2.765496243402083554e-01,5.894183043128049526e-01,1.249697657758124247e+00,0.000000000000000000e+00,0.000000000000000000e+00,0.000000000000000000e+00
4.184430390501045482e-02,1.179435470492052662e+00,8.885587217798367465e-01,-1.169029373944799333e-02,1.652480714096987713e-02,7.140143110823420347e-01,6.998384323190959266e-01,-3.017012791569562147e-01,-1.301437018563381953e-01,-1.387312478676221150e-01,5.425455620885968333e-01,-5.175984027777369434e-01,1.131899765912573880e-01,-2.537811545659028889e-01,2.742724271659685922e-02,3.575138795067810821e-02,4.146212577483384676e-01,-3.414171796314958152e-01,8.801748302208822761e-02,1.434357153831429879e-02,0.000000000000000000e+00,0.000000000000000000e+00,-8.299722916128939032e-02,2.288735619679505284e-01,-5.100803714014719992e-01,1.226081351938992370e+00,0.000000000000000000e+00,0.000000000000000000e+00,0.000000000000000000e+00,-1.113569957097137325e-01,-2.771635558972063151e-01,5.864040512230578317e-01,1.250041732196463196e+00,0.000000000000000000e+00,0.000000000000000000e+00,0.000000000000000000e+00
4.166311801275589255e-02,1.179476693169267287e+00,8.886396148551876095e-01,-1.226191625866752261e-02,1.654806400564828514e-02,7.144283717099829678e-01,6.994053965213253843e-01,-3.030611380684195000e-01,-1.302096054433417582e-01,-1.401510502807298553e-01,5.431261524637959193e-01,-5.154343547978277318e-01,1.136339925939920809e-01,-2.533866441348011089e-01,2.750109205013456098e-02,3.446226895789628042e-02,4.121747556050531780e-01,-3.398146854744154566e-01,8.922767249563982872e-02,1.618665004041093189e-02,0.000000000000000000e+00,0.000000000000000000e+00,-8.650280094420433052e-02,2.282548869741870268e-01,-5.108516513980932983e-01,1.230244622867263216e+00,0.000000000000000000e+00,0.000000000000000000e+00,0.000000000000000000e+00,-1.108420936553160402e-01,-2.764723601103089567e-01,5.851124114987404923e-01,1.253495677019359933e+00,0.000000000000000000e+00,0.000000000000000000e+00,0.000000000000000000e+00
4.144056993538895034e-02,1.179456547204669414e+00,8.887827899945888177e-01,-1.225622364274074096e-02,1.654984392405527832e-02,7.143281612611317444e-01,6.995078024421160778e-01,-3.019184112335354664e-01,-1.301238324158141835e-01,-1.397053564767168354e-01,5.406480267531980077e-01,-5.144232547371064834e-01,1.137968578589984292e-01,-2.527968561823230043e-01,2.712578703733044272e-02,3.459626276272217971e-02,4.106527751309111962e-01,-3.378796699862955388e-01,9.012192035224569908e-02,1.514105522845545990e-02,0.000000000000000000e+00,0.000000000000000000e+00,-8.476830927840750540e-02,2.283628069439698205e-01,-5.116984984764681998e-01,1.227368922653643946e+00,0.000000000000000000e+00,0.000000000000000000e+00,0.000000000000000000e+00,-1.110101755221093028e-01,-2.771738550688988001e-01,5.836473220015639951e-01,1.251981695633786140e+00,0.000000000000000000e+00,0.000000000000000000e+00,0.000000000000000000e+00
4.127897023595308162e-02,1.179487083286321125e+00,8.888416514210799591e-01,-1.319591659334659953e-02,1.673474278915918628e-02,7.146039444214254965e-01,6.992045614742384840e-01,-3.035829785506637957e-01,-1.285581577157184907e-01,-1.390688256322708816e-01,5.404070147182382655e-01,-5.148828578191994021e-01,1.117128142040613170e-01,-2.523858806524825749e-01,2.770023450214711622e-02,3.389379455709540939e-02,4.062966014970860740e-01,-3.367159291307219582e-01,9.116548589833681215e-02,1.604829554946881481e-02,0.000000000000000000e+00,0.000000000000000000e+00,-8.699719864481983422e-02,2.276455212934337113e-01,-5.135636451848474282e-01,1.229700507329450687e+00,0.000000000000000000e+00,0.000000000000000000e+00,0.000000000000000000e+00,-1.117339114193018207e-01,-2.768087652545002664e-01,5.884959746490912025e-01,1.254514394012105960e+00,0.000000000000000000e+00,0.000000000000000000e+00,0.000000000000000000e+00
4.116549307860404433e-02,1.179377807229799568e+00,8.886743775849607063e-01,-1.216120757357675060e-02,1.606478368672296583e-02,7.146164569885596896e-01,6.992262489041501938e-01,-3.018151918310409410e-01,-1.295531057115196782e-01,-1.390906952821085174e-01,5.419464459728002836e-01,-5.157392110223382176e-01,1.115822067476704843e-01,-2.528035696587929704e-01,2.725968469089282142e-02,3.391550996571412319e-02,4.124912952525973120e-01,-3.385894981727005648e-01,8.851807855720973672e-02,1.581945722842922897e-02,0.000000000000000000e+00,0.000000000000000000e+00,-8.550470120431687138e-02,2.270315537675042794e-01,-5.136888101422257824e-01,1.228937163579708836e+00,0.000000000000000000e+00,0.000000000000000000e+00,0.000000000000000000e+00,-1.121454851739824010e-01,-2.765684401205145138e-01,5.894815717324471960e-01,1.256613501629404217e+00,0.000000000000000000e+00,0.000000000000000000e+00,0.000000000000000000e+00
4.103136846878712579e-02,1.179357977225482523e+00,8.888195589429805921e-01,-1.305012429656181305e-02,1.580179092542337640e-02,7.151905645358920260e-01,6.986289816907290673e-01,-3.033079511494155556e-01,-1.282145363307694019e-01,-1.399659093084055783e-01,5.427158362574294737e-01,-5.148730878538392286e-01,1.114976309143186767e-01,-2.510013233782688591e-01,2.868678771215573547e-02,3.356539930327081395e-02,4.067867433538250865e-01,-3.353822662812068756e-01,8.963640127300992466e-02,1.606308233949370334e-02,0.000000000000000000e+00,0.000000000000000000e+00,-8.614001052128077152e-02,2.272133674194457276e-01,-5.102613475239092811e-01,1.227105556932116093e+00,0.000000000000000000e+00,0.000000000000000000e+00,0.000000000000000000e+00,-1.112782881402807900e-01,-2.755877381901907230e-01,5.865790385959697151e-01,1.256126198619588408e+00,0.000000000000000000e+00,0.000000000000000000e+00,0.000000000000000000e+00
4.096016298205119865e-02,1.179308663468808582e+00,8.888451581783288757e-01,-1.314556614149460685e-02,1.601854907624724461e-02,7.151129658197238337e-01,6.987016861957822123e-01,-3.034153138140849859e-01,-1.285909890917531773e-01,-1.401131911804060493e-01,5.421282173038517449e-01,-5.154085064816728012e-01,1.122676303116148938e-01,-2.511021034154555798e-01,2.836913168730535728e-02,3.352242874711292009e-02,4.060863502028552730e-01,-3.359943786731681148e-01,8.969665672500777565e-02,1.718014169647954364e-02,0.000000000000000000e+00,0.000000000000000000e+00,-8.812581180149493820e-02,2.261275302090882400e-01,-5.110032120348712015e-01,1.231372867198246457e+00,0.000000000000000000e+00,0.000000000000000000e+00,0.000000000000000000e+00,-1.111955050009811596e-01,-2.760731745462513542e-01,5.847885224449075325e-01,1.255843664783716784e+00,0.000000000000000000e+00,0.000000000000000000e+00,0.000000000000000000e+00
4.099118226579970270e-02,1.179221616398759664e+00,8.886218008207736885e-01,-1.324138964048178491e-02,1.582575206140668378e-02,7.156658190328385460e-01,6.981379853869399410e-01,-3.055758046441909848e-01,-1.284995353820418129e-01,-1.402715174809869847e-01,5.461201807483612169e-01,-5.158306272853829810e-01,1.108737544258464325e-01,-2.521437922787822528e-01,2.849493726608723701e-02,3.230483861276055996e-02,4.088792526007242745e-01,-3.383090427562319147e-01,8.933535734052164279e-02,1.817459205982989087e-02,0.000000000000000000e+00,0.000000000000000000e+00,-8.754327941497663801e-02,2.279606131376620271e-01,-5.127903801235820236e-01,1.226446781062009661e+00,0.000000000000000000e+00,0.000000000000000000e+00,0.000000000000000000e+00,-1.097746826372298645e-01,-2.756651354458211078e-01,5.837918220929150248e-01,1.254993329451949968e+00,0.000000000000000000e+00,0.000000000000000000e+00,0.000000000000000000e+00
4.104100598288107360e-02,1.179057899738933379e+00,8.880791657401226891e-01,-1.277801668950388249e-02,1.503200768043370245e-02,7.157982099210282723e-01,6.980284261464061446e-01,-3.077984745742079475e-01,-1.293269898652110450e-01,-1.414199237588828484e-01,5.547196782549398408e-01,-5.202929143447615479e-01,1.126981465681252681e-01,-2.547894398415139761e-01,2.990728970506448259e-02,3.325454694273703021e-02,4.181636213748474717e-01,-3.432468770310650452e-01,8.622798326449548911e-02,1.826145712867026025e-02,0.000000000000000000e+00,0.000000000000000000e+00,-8.727394223206180746e-02,2.275361349264684308e-01,-5.133524011051799896e-01,1.227536383721112179e+00,0.000000000000000000e+00,0.000000000000000000e+00,0.000000000000000000e+00,-1.090881739423443242e-01,-2.746226795594944869e-01,5.851113835056029888e-01,1.254968657873591686e+00,0.000000000000000000e+00,0.000000000000000000e+00,0.000000000000000000e+00
4.102973752769344118e-02,1.179011735055302212e+00,8.883064954555177639e-01,-1.344309382463401183e-02,1.516448037481990356e-02,7.160521361474593283e-01,6.977525779830866526e-01,-3.081080018308329782e-01,-1.282518739584458944e-01,-1.415861812558757704e-01,5.524042303601702786e-01,-5.181369534427068269e-01,1.122307659449365419e-01,-2.534610612909700134e-01,3.009334134014581691e-02,3.205881312088844359e-02,4.125950453935625095e-01,-3.396812279278537128e-01,8.820550861878906357e-02,1.833013847797935331e-02,0.000000000000000000e+00,0.000000000000000000e+00,-8.882005970958974095e-02,2.275728687522898808e-01,-5.137223483519005596e-01,1.228562035319172629e+00,0.000000000000000000e+00,0.000000000000000000e+00,0.000000000000000000e+00,-1.088270154615502694e-01,-2.750781007970947156e-01,5.845652274152235428e-01,1.254096159493882201e+00,0.000000000000000000e+00,0.000000000000000000e+00,0.000000000000000000e+00
4.110209063444476146e-02,1.178946769475611722e+00,8.881055259347091502e-01,-1.379852466674618382e-02,1.512171552777482816e-02,7.160737331007031026e-01,6.977244034715572862e-01,-3.106925746336047789e-01,-1.282049878755730232e-01,-1.424862655355852437e-01,5.565502924630351123e-01,-5.190191765438927352e-01,1.114624531056849499e-01,-2.547138180097455740e-01,3.109813369929125340e-02,3.222723070679266166e-02,4.141092866586930099e-01,-3.415512351840770955e-01,8.700292597889952573e-02,1.846266936508639614e-02,0.000000000000000000e+00,0.000000000000000000e+00,-8.919875490602359458e-02,2.284106135309836860e-01,-5.108760215393817194e-01,1.228181080197574104e+00,0.000000000000000000e+00,0.000000000000000000e+00,0.000000000000000000e+00,-1.089157822686217664e-01,-2.748197272223747989e-01,5.827374638165087051e-01,1.252446246036036381e+00,0.000000000000000000e+00,0.000000000000000000e+00,0.000000000000000000e+00
4.116629034565242456e-02,1.178878240287615009e+00,8.880183028670555201e-01,-1.358250558191856708e-02,1.504547175034761514e-02,7.167030902954435456e-01,6.970838039166360467e-01,-3.108012731858431077e-01,-1.288539176299415279e-01,-1.433584565860806515e-01,5.573318551088526362e-01,-5.195090395440835618e-01,1.114463073997817855e-01,-2.549736457776924370e-01,2.998766629596321537e-02,2.970363423166803157e-02,4.160246832540279160e-01,-3.428028530341953317e-01,8.685753755783684471e-02,1.965307393999247282e-02,0.000000000000000000e+00,0.000000000000000000e+00,-8.996547390584042070e-02,2.276927634537116718e-01,-5.095201584805847395e-01,1.228588177235277579e+00,0.000000000000000000e+00,0.000000000000000000e+00,0.000000000000000000e+00,-1.077720192679338523e-01,-2.740562029308048486e-01,5.808446086423469934e-01,1.253878840576726050e+00,0.000000000000000000e+00,0.000000000000000000e+00,0.000000000000000000e+00
4.111528126949366702e-02,1.178792934921783608e+00,8.878607808822325254e-01,-1.266321404845927728e-02,1.433457628700860603e-02,7.167218015284326782e-01,6.970968527733231168e-01,-3.090561192181912054e-01,-1.299578492235700378e-01,-1.443503169516870965e-01,5.589296424078664671e-01,-5.202435478004991953e-01,1.117872479495098242e-01,-2.554270324818346261e-01,3.019705039172957198e-02,3.058351881104240388e-02,4.220096699361777781e-01,-3.441762037308498390e-01,8.495970921569472034e-02,1.880452271325005684e-02,0.000000000000000000e+00,0.000000000000000000e+00,-8.821059733413072479e-02,2.266468346603946471e-01,-5.057827989619545495e-01,1.228513555829496839e+00,0.000000000000000000e+00,0.000000000000000000e+00,0.000000000000000000e+00,-1.084038369560089005e-01,-2.738936058641560090e-01,5.803452950727061577e-01,1.255821446672660269e+00,0.000000000000000000e+00,0.000000000000000000e+00,0.000000000000000000e+00
4.102592705277544743e-02,1.178786772582464337e+00,8.877341693430157443e-01,-1.219697460993464898e-02,1.449255129512658224e-02,7.163936432954114419e-01,6.974391354184595881e-01,-3.082987164132178770e-01,-1.309718708090102657e-01,-1.437304981281567751e-01,5.586734420811683144e-01,-5.214917787033118701e-01,1.130065552681682461e-01,-2.573505928267812992e-01,2.891403654266462564e-02,3.009110391001556389e-02,4.269058150855259415e-01,-3.456616088500343298e-01,8.558541077545138431e-02,1.776604788851073383e-02,0.000000000000000000e+00,0.000000000000000000e+00,-8.731836323879810235e-02,2.251499184272802712e-01,-5.047395551520630352e-01,1.229656998499892850e+00,0.000000000000000000e+00,0.000000000000000000e+00,0.000000000000000000e+00,-1.096191476491607530e-01,-2.743357906006537728e-01,5.805714446799068451e-01,1.256373917694921571e+00,0.000000000000000000e+00,0.000000000000000000e+00,0.000000000000000000e+00
4.092691023246744497e-02,1.178833577021616730e+00,8.877132818243054224e-01,-1.223604173708697611e-02,1.413395520055426777e-02,7.165790472879294271e-01,6.972553187899820371e-01,-3.082008597610759737e-01,-1.305081244516657080e-01,-1.439853985895743205e-01,5.595304917886527729e-01,-5.215692126508133519e-01,1.119832730769546453e-01,-2.559877427838266328e-01,2.952083342536336932e-02,3.060405225365791376e-02,4.253647802371144926e-01,-3.458035873956197825e-01,8.653920242036802768e-02,1.763224811934259451e-02,0.000000000000000000e+00,0.000000000000000000e+00,-8.630648886996908353e-02,2.259508316949999096e-01,-5.031251124222808624e-01,1.227303172699623746e+00,0.000000000000000000e+00,0.000000000000000000e+00,0.000000000000000000e+00,-1.083511519888939179e-01,-2.745712604098611842e-01,5.788410990293914038e-01,1.254401824653062159e+00,0.000000000000000000e+00,0.000000000000000000e+00,0.000000000000000000e+00
4.074478861135377022e-02,1.178983799834442348e+00,8.878774205190119728e-01,-1.258589945834464111e-02,1.470160891684755590e-02,7.167963805275997524e-01,6.970139214482102830e-01,-3.078243320399921545e-01,-1.311009288905059522e-01,-1.437806219691430132e-01,5.564264292196697825e-01,-5.215287958696359638e-01,1.153983779660703174e-01,-2.566431464377686433e-01,2.893747366856179448e-02,3.118378401313660897e-02,4.241572306771941858e-01,-3.440347945026805410e-01,8.785268524465159046e-02,1.768713881324974688e-02,0.000000000000000000e+00,0.000000000000000000e+00,-8.673087762200937245e-02,2.247109533737491616e-01,-5.020259524553830621e-01,1.228252540725948361e+00,0.000000000000000000e+00,0.000000000000000000e+00,0.000000000000000000e+00,-1.085419799168074600e-01,-2.750319256707142168e-01,5.758208525632783070e-01,1.255390333153620253e+00,0.000000000000000000e+00,0.000000000000000000e+00,0.000000000000000000e+00
4.061859806127012668e-02,1.179148019117142399e+00,8.880970062352927519e-01,-1.305710566954363175e-02,1.430634528612329155e-02,7.171267076250218420e-01,6.966736148922134664e-01,-3.075014128203947261e-01,-1.298585273383345284e-01,-1.446903550742146272e-01,5.555992925357364776e-01,-5.197534189894807977e-01,1.134108682481310137e-01,-2.531541256432791043e-01,2.984906826785207329e-02,3.039820612223344959e-02,4.171762485482702898e-01,-3.416857102999030227e-01,8.677418254675950404e-02,1.803056527193270392e-02,0.000000000000000000e+00,0.000000000000000000e+00,-8.670941898022611893e-02,2.252556013993166351e-01,-4.988361370618819013e-01,1.227235813993580393e+00,0.000000000000000000e+00,0.000000000000000000e+00,0.000000000000000000e+00,-1.068364563397446454e-01,-2.756193109648930051e-01,5.746055754978520724e-01,1.252075093184221055e+00,0.000000000000000000e+00,0.000000000000000000e+00,0.000000000000000000e+00
4.049848301257124444e-02,1.179371338950906845e+00,8.883274943648562516e-01,-1.358408456491256439e-02,1.456210513445712132e-02,7.167394383964467153e-01,6.970566656934945593e-01,-3.068399129800588043e-01,-1.287063503676095233e-01,-1.437929966049600605e-01,5.523440153931594709e-01,-5.186731978550547240e-01,1.124422371502670492e-01,-2.510568169360235524e-01,3.024592685395274469e-02,3.113155509045131136e-02,4.106650441349779523e-01,-3.398581792231608056e-01,8.829158273707873872e-02,1.896600408824299783e-02,0.000000000000000000e+00,0.000000000000000000e+00,-8.619552814709668942e-02,2.260482024358966280e-01,-4.975377443224575646e-01,1.224938889624457738e+00,0.000000000000000000e+00,0.000000000000000000e+00,0.000000000000000000e+00,-1.071939282675373056e-01,-2.761163858715214858e-01,5.736970282931271869e-01,1.251676295192826860e+00,0.000000000000000000e+00,0.000000000000000000e+00,0.000000000000000000e+00
4.039779927147514604e-02,1.179511720489246240e+00,8.881954364886238684e-01,-1.360580497100241128e-02,1.514573362457741906e-02,7.172313963442009666e-01,6.965375890231708667e-01,-3.080796674411425684e-01,-1.305716273933865135e-01,-1.447040446051647278e-01,5.531058537079929227e-01,-5.184030753772587152e-01,1.146951276854341062e-01,-2.540370086530535643e-01,2.903714034559818497e-02,3.074473477473030347e-02,4.155638256090615212e-01,-3.413024675107404482e-01,8.769137026819803782e-02,1.742317151561104116e-02,0.000000000000000000e+00,0.000000000000000000e+00,-8.644916494552579156e-02,2.252918442314822967e-01,-5.002624633409873400e-01,1.227077941716070208e+00,0.000000000000000000e+00,0.000000000000000000e+00,0.000000000000000000e+00,-1.074252321015421452e-01,-2.765982087021324753e-01,5.723116408270113586e-01,1.252526542225932182e+00,0.000000000000000000e+00,0.000000000000000000e+00,0.000000000000000000e+00
4.033993936032940347e-02,1.179597538561878212e+00,8.881371402121828185e-01,-1.296926341667755875e-02,1.542509695275366341e-02,7.174073780624113938e-01,6.963623471239976936e-01,-3.065962546802722954e-01,-1.319176341769816851e-01,-1.446034488415863239e-01,5.511984375369562983e-01,-5.179286715583344414e-01,1.126357560427467264e-01,-2.551319785962321562e-01,2.747991907033287690e-02,3.081750812891063257e-02,4.194873125630438904e-01,-3.434730839433409177e-01,8.686682351383440137e-02,1.685862783178720264e-02,0.000000000000000000e+00,0.000000000000000000e+00,-8.511799747223292023e-02,2.251811041233389987e-01,-5.022631117864277961e-01,1.225567661333494263e+00,0.000000000000000000e+00,0.000000000000000000e+00,0.000000000000000000e+00,-1.072962603433633144e-01,-2.777088240667236474e-01,5.744843577758546038e-01,1.252067355749620692e+00,0.000000000000000000e+00,0.000000000000000000e+00,0.000000000000000000e+00
4.021634809707737290e-02,1.179753082839235967e+00,8.884345675536866604e-01,-1.330479827631298427e-02,1.586686308510209739e-02,7.175756548699498971e-01,6.961726829865039212e-01,-3.053549419038394941e-01,-1.317736807736037963e-01,-1.446211193175450660e-01,5.465787595483871941e-01,-5.164080699227328042e-01,1.127841666172074986e-01,-2.534282085022978581e-01,2.646959898099073699e-02,2.973507015228099570e-02,4.140711004092562098e-01,-3.412155678485560006e-01,8.828638389918623541e-02,1.781586167091644968e-02,0.000000000000000000e+00,0.000000000000000000e+00,-8.603706563564317289e-02,2.239625132828038656e-01,-4.999183929376664337e-01,1.226945763275912871e+00,0.000000000000000000e+00,0.000000000000000000e+00,0.000000000000000000e+00,-1.071920596787545171e-01,-2.773795543074362713e-01,5.714350365087179640e-01,1.253918648480832898e+00,0.000000000000000000e+00,0.000000000000000000e+00,0.000000000000000000e+00
4.012721247960761989e-02,1.179708510837996993e+00,8.882174152715572868e-01,-1.301952491074570561e-02,1.549947837113472594e-02,7.181595254154881092e-01,6.955840381983487974e-01,-3.059494182404901008e-01,-1.325636572721450024e-01,-1.456129356367472372e-01,5.494852667498637544e-01,-5.171617954580813858e-01,1.127975908685197870e-01,-2.543935710939000949e-01,2.603003696762713065e-02,2.820935707020921779e-02,4.184214978277536745e-01,-3.431920099742678532e-01,8.721115388457223450e-02,1.703588395537505504e-02,0.000000000000000000e+00,0.000000000000000000e+00,-8.457538162947784988e-02,2.239474860739734952e-01,-5.011433443978398072e-01,1.223536613217839575e+00,0.000000000000000000e+00,0.000000000000000000e+00,0.000000000000000000e+00,-1.051101995765748587e-01,-2.780887999468116822e-01,5.704847045101153480e-01,1.249849000875626670e+00,0.000000000000000000e+00,0.000000000000000000e+00,0.000000000000000000e+00
3.995421831978614169e-02,1.179677426652811834e+00,8.882949019872669050e-01,-1.279272235010704695e-02,1.584703001939421346e-02,7.178198100217468847e-01,6.959309866896147279e-01,-3.050862049828244049e-01,-1.329892733412700312e-01,-1.440486867224605727e-01,5.470288496500006481e-01,-5.154016461730082099e-01,1.131936603055364726e-01,-2.556200329776626146e-01,2.491332067632861039e-02,2.852118035126469803e-02,4.200807781278220188e-01,-3.421361839717962927e-01,8.823571022067150382e-02,1.549468052906979344e-02,0.000000000000000000e+00,0.000000000000000000e+00,-8.373573315506765979e-02,2.228010333518829766e-01,-5.006585316095284455e-01,1.224265856099203686e+00,0.000000000000000000e+00,0.000000000000000000e+00,0.000000000000000000e+00,-1.064130001078983645e-01,-2.788294096039365400e-01,5.714965368156890158e-01,1.249694754824525189e+00,0.000000000000000000e+00,0.000000000000000000e+00,0.000000000000000000e+00
3.976131487508088175e-02,1.179604053956682108e+00,8.882720273750971396e-01,-1.289875523865710930e-02,1.622056445425952217e-02,7.179091538886563928e-01,6.958282562277505745e-01,-3.047908074038597204e-01,-1.335879583165860418e-01,-1.438518396725341209e-01,5.449933364758623444e-01,-5.169699416685168414e-01,1.143211121906872463e-01,-2.579130672338401098e-01,2.437558044164684495e-02,2.893656236559046663e-02,4.230874849701951046e-01,-3.424562425166787771e-01,8.770071001414744827e-02,1.418882013405984611e-02,0.000000000000000000e+00,0.000000000000000000e+00,-8.291244083147794597e-02,2.226789754033151603e-01,-5.029098173432104968e-01,1.222444178885487620e+00,0.000000000000000000e+00,0.000000000000000000e+00,0.000000000000000000e+00,-1.079491894524430839e-01,-2.799333473096572433e-01,5.712312166169508654e-01,1.250027279308790984e+00,0.000000000000000000e+00,0.000000000000000000e+00,0.000000000000000000e+00
3.963001948671970864e-02,1.179533358144047916e+00,8.883713313772965137e-01,-1.278492223401360948e-02,1.605610539849895366e-02,7.180750876374818459e-01,6.956629325739045466e-01,-3.043696981809578261e-01,-1.341299944809775657e-01,-1.446717795331814993e-01,5.445557765580001375e-01,-5.148813705425145937e-01,1.154192192915643039e-01,-2.569229351693416152e-01,2.402050695717325782e-02,2.861620142076113510e-02,4.216878973855719970e-01,-3.410549531801225775e-01,8.930995484528816974e-02,1.562394911236244556e-02,0.000000000000000000e+00,0.000000000000000000e+00,-8.381351279496586371e-02,2.219977441023619769e-01,-5.011387314742740129e-01,1.223147251407418201e+00,0.000000000000000000e+00,0.000000000000000000e+00,0.000000000000000000e+00,-1.071833964542296819e-01,-2.801158677216218362e-01,5.700195299017470907e-01,1.251084280637695612e+00,0.000000000000000000e+00,0.000000000000000000e+00,0.000000000000000000e+00
3.954321012245186340e-02,1.179450633445700225e+00,8.882591340544480074e-01,-1.205408453054437716e-02,1.637137890168205781e-02,7.174430067948063261e-01,6.963204786592270823e-01,-3.032200725151457665e-01,-1.353455937919199881e-01,-1.432201049731024467e-01,5.433781278844029838e-01,-5.149680134625576056e-01,1.159409971527744082e-01,-2.597151581321696101e-01,2.253552358290712015e-02,2.912869817287427887e-02,4.283231905912089355e-01,-3.427608936585019861e-01,8.845292152581220313e-02,1.428880582806078652e-02,0.000000000000000000e+00,0.000000000000000000e+00,-8.237940651095970734e-02,2.204202097781125247e-01,-5.006559364313312166e-01,1.224778907767096525e+00,0.000000000000000000e+00,0.000000000000000000e+00,0.000000000000000000e+00,-1.101641472674824013e-01,-2.798856005212626008e-01,5.714828372665222700e-01,1.255352990095717214e+00,0.000000000000000000e+00,0.000000000000000000e+00,0.000000000000000000e+00
3.948835165874634012e-02,1.179510193018770803e+00,8.885782821153325184e-01,-1.300199337429419795e-02,1.684511946008704353e-02,7.172481631197797913e-01,6.964928302717637854e-01,-3.038328419356566834e-01,-1.342774755502755546e-01,-1.434724133243077127e-01,5.399398375996572463e-01,-5.121077638160979051e-01,1.148440439313113820e-01,-2.584389296115216506e-01,2.334597885447398102e-02,2.972374393104931789e-02,4.208909561631185015e-01,-3.394969847082733860e-01,8.894571234810730309e-02,1.283194478464026733e-02,0.000000000000000000e+00,0.000000000000000000e+00,-8.397083758870904635e-02,2.202959619097726862e-01,-5.018621982600990350e-01,1.227796543601389567e+00,0.000000000000000000e+00,0.000000000000000000e+00,0.000000000000000000e+00,-1.109896424998471492e-01,-2.806897521056174738e-01,5.720434576885965461e-01,1.251550516073938191e+00,0.000000000000000000e+00,0.000000000000000000e+00,0.000000000000000000e+00
3.948266949979974821e-02,1.179525991125033757e+00,8.884021481923096708e-01,-1.340336731677961926e-02,1.658558139604018877e-02,7.173124779529067574e-01,6.964252129320043228e-01,-3.062014506554286974e-01,-1.340904121708471064e-01,-1.443698332560042208e-01,5.445853776832111359e-01,-5.135474938988320304e-01,1.164404774909996859e-01,-2.593723131448888441e-01,2.452078610185848620e-02,2.984875989753846964e-02,4.222743503292784584e-01,-3.397560186124225501e-01,8.963834860636478441e-02,1.386465122604647014e-02,0.000000000000000000e+00,0.000000000000000000e+00,-8.537920754661440514e-02,2.204120429598881437e-01,-5.024136367985596596e-01,1.230177742582622358e+00,0.000000000000000000e+00,0.000000000000000000e+00,0.000000000000000000e+00,-1.106410008354755115e-01,-2.801474276499179572e-01,5.710403416638769603e-01,1.252561354706388519e+00,0.000000000000000000e+00,0.000000000000000000e+00,0.000000000000000000e+00
3.948263341609944271e-02,1.179491588704115301e+00,8.883396292404661665e-01,-1.251467316436936580e-02,1.617762225054389727e-02,7.160682995775563553e-01,6.977305051622831877e-01,-3.039943173935475973e-01,-1.342739218483174068e-01,-1.430768821653044254e-01,5.447775806708688995e-01,-5.149052548786068328e-01,1.171860552257828897e-01,-2.593548175966519653e-01,2.485159460372768359e-02,3.221928154476202955e-02,4.255576397300566693e-01,-3.403330453894562457e-01,8.914649053374576471e-02,1.316106565918813941e-02,0.000000000000000000e+00,0.000000000000000000e+00,-8.203350951319270112e-02,2.194651113780637375e-01,-4.988237335438113207e-01,1.230157851045312611e+00,0.000000000000000000e+00,0.000000000000000000e+00,0.000000000000000000e+00,-1.121498247120465558e-01,-2.800331464266345716e-01,5.730424969816212410e-01,1.251948295116135146e+00,0.000000000000000000e+00,0.000000000000000000e+00,0.000000000000000000e+00
3.954212889099433664e-02,1.179490656594645470e+00,8.884754929962370706e-01,-1.172517563329822030e-02,1.670444274872460305e-02,7.155538211876592003e-01,6.982594151406499305e-01,-3.012457703192674696e-01,-1.350556045003210026e-01,-1.414319274979668750e-01,5.396549262388350421e-01,-5.122448403112572768e-01,1.152031319114960040e-01,-2.592931446967243203e-01,2.282202932313332627e-02,3.263653002602392300e-02,4.261371792840524253e-01,-3.407946626569197113e-01,8.935974357436228532e-02,1.226242481933695512e-02,0.000000000000000000e+00,0.000000000000000000e+00,-8.012059015139399998e-02,2.193849253423541257e-01,-5.011314723459269205e-01,1.228774980559663721e+00,0.000000000000000000e+00,0.000000000000000000e+00,0.000000000000000000e+00,-1.123671595653049915e-01,-2.818502319450102434e-01,5.741631773160498220e-01,1.248382249736953220e+00,0.000000000000000000e+00,0.000000000000000000e+00,0.000000000000000000e+00
3.952684384574559756e-02,1.179469979234658350e+00,8.883684566346876643e-01,-1.204565674396692460e-02,1.679441151638834742e-02,7.151007740560193504e-01,6.987157740024958485e-01,-3.028802611140401502e-01,-1.348362333036404737e-01,-1.410313580592753580e-01,5.419881944953242048e-01,-5.135862982497090279e-01,1.164401068745494483e-01,-2.604080699401104537e-01,2.380872591683461797e-02,3.410272836885945569e-02,4.266522717387306596e-01,-3.411095744867972401e-01,9.024644992306417313e-02,1.262940759715111549e-02,0.000000000000000000e+00,0.000000000000000000e+00,-8.048837844113673756e-02,2.193561802354865309e-01,-4.985994500551541586e-01,1.230007978203892849e+00,0.000000000000000000e+00,0.000000000000000000e+00,0.000000000000000000e+00,-1.126113090101702741e-01,-2.813768190275732772e-01,5.733781956356328591e-01,1.247701603994057606e+00,0.000000000000000000e+00,0.000000000000000000e+00,0.000000000000000000e+00
3.947356623896448868e-02,1.179454493205176480e+00,8.884334203697605847e-01,-1.197090551466777585e-02,1.701040836973224599e-02,7.153285788856168503e-01,6.984786093057812062e-01,-3.023625791582106315e-01,-1.351982533784490681e-01,-1.410355410922911334e-01,5.402019911995957768e-01,-5.122807417478405512e-01,1.155135250272062708e-01,-2.604321753383281868e-01,2.301410654067264153e-02,3.360782992669410219e-02,4.263973377592800151e-01,-3.408424510010388264e-01,8.991539223094224820e-02,1.206596150858986471e-02,0.000000000000000000e+00,0.000000000000000000e+00,-8.061831396269862615e-02,2.189581588946042934e-01,-4.986770393500135623e-01,1.230207872323929807e+00,0.000000000000000000e+00,0.000000000000000000e+00,0.000000000000000000e+00,-1.129651546276377871e-01,-2.817812185869920105e-01,5.749723789640400762e-01,1.247891483245898936e+00,0.000000000000000000e+00,0.000000000000000000e+00,0.000000000000000000e+00
3.936375775612498823e-02,1.179424673385014444e+00,8.882547379088588935e-01,-1.215992937030844004e-02,1.680187694587578426e-02,7.151690465608139258e-01,6.986437345958963485e-01,-3.038781926179936477e-01,-1.350554590318925052e-01,-1.412177415517893997e-01,5.435772348371764595e-01,-5.145917812671584324e-01,1.156213422161511961e-01,-2.607308319030938182e-01,2.379535755488946386e-02,3.375295052145406427e-02,4.270990224281768222e-01,-3.430735044847110227e-01,8.796286800004438078e-02,1.254926833418614461e-02,0.000000000000000000e+00,0.000000000000000000e+00,-8.076647134597021715e-02,2.191995239860566602e-01,-4.986504449205092504e-01,1.230573989050543382e+00,0.000000000000000000e+00,0.000000000000000000e+00,0.000000000000000000e+00,-1.125710153462255170e-01,-2.819075366120905590e-01,5.776616797334339637e-01,1.246066887085413022e+00,0.000000000000000000e+00,0.000000000000000000e+00,0.000000000000000000e+00
3.908616993458728650e-02,1.179334463829585955e+00,8.882581234804796111e-01,-1.229585845098217847e-02,1.520840471620561740e-02,7.157398491835276211e-01,6.980931059548450834e-01,-3.039580247748630559e-01,-1.328447261392809164e-01,-1.408961877626349057e-01,5.479109560541555179e-01,-5.147031191826507701e-01,1.168029956877911918e-01,-2.569371928915878955e-01,2.638881768321255789e-02,3.459879881676157509e-02,4.232427209494392661e-01,-3.383840419953697554e-01,9.075794520654328901e-02,1.320661703328807404e-02,0.000000000000000000e+00,0.000000000000000000e+00,-8.129186029936981417e-02,2.199403557538832377e-01,-4.997388559098972505e-01,1.229902374517212627e+00,0.000000000000000000e+00,0.000000000000000000e+00,0.000000000000000000e+00,-1.112507459105340490e-01,-2.809638059824807743e-01,5.757181166010854056e-01,1.248564452391456747e+00,0.000000000000000000e+00,0.000000000000000000e+00,0.000000000000000000e+00
3.891843612443107725e-02,1.179363885870850837e+00,8.881484305026307036e-01,-1.222568593263980742e-02,1.544958564118149857e-02,7.156344255056760195e-01,6.981971153894527271e-01,-3.041805880823191810e-01,-1.336347744947152250e-01,-1.409924539918053499e-01,5.480773248303772993e-01,-5.157746221649945895e-01,1.159370577273627217e-01,-2.575256130474117278e-01,2.542806086814090871e-02,3.343098494953131161e-02,4.246193333079051335e-01,-3.420951732340212770e-01,8.838852852520698300e-02,1.376224847691252112e-02,0.000000000000000000e+00,0.000000000000000000e+00,-8.139502468388049028e-02,2.198780612861183648e-01,-5.007885669518369331e-01,1.229368029679742680e+00,0.000000000000000000e+00,0.000000000000000000e+00,0.000000000000000000e+00,-1.111500729415672017e-01,-2.814394908428781705e-01,5.752261182916296178e-01,1.247484854347096883e+00,0.000000000000000000e+00,0.000000000000000000e+00,0.000000000000000000e+00
3.863578553105649627e-02,1.179454605539447476e+00,8.883971653123867718e-01,-1.240887603460328822e-02,1.506065253513902066e-02,7.160388237367607545e-01,6.977876463813680319e-01,-3.028930251118171491e-01,-1.329606448274147090e-01,-1.415047272594850136e-01,5.462005575908915889e-01,-5.145819521977186284e-01,1.154009304394512797e-01,-2.542460743489691755e-01,2.564844670726557779e-02,3.322267659339502716e-02,4.186569726821459114e-01,-3.381438806900093907e-01,8.937052272601014868e-02,1.459440282458726937e-02,0.000000000000000000e+00,0.000000000000000000e+00,-8.196578588248697173e-02,2.204175107963618485e-01,-5.041049620261107700e-01,1.229544539473397924e+00,0.000000000000000000e+00,0.000000000000000000e+00,0.000000000000000000e+00,-1.105877106677306959e-01,-2.812793919631421669e-01,5.754935179208052753e-01,1.249712267252260256e+00,0.000000000000000000e+00,0.000000000000000000e+00,0.000000000000000000e+00
3.841599845387189821e-02,1.179505321950893082e+00,8.880999599601697714e-01,-1.111807795924865498e-02,1.462314839957646467e-02,7.159471531424324020e-01,6.979127637324176181e-01,-3.012061617674391956e-01,-1.348650402483909383e-01,-1.408703216209136466e-01,5.486327518372610124e-01,-5.166296359330109222e-01,1.165503686178018944e-01,-2.555399529197202035e-01,2.432331788324161234e-02,3.387337992148602150e-02,4.272318766316743344e-01,-3.419182397947593266e-01,8.897683519923109408e-02,1.499218255791638296e-02,0.000000000000000000e+00,0.000000000000000000e+00,-7.947472105841529855e-02,2.189164242592125387e-01,-5.001684412063160945e-01,1.227458507613226502e+00,0.000000000000000000e+00,0.000000000000000000e+00,0.000000000000000000e+00,-1.098533309715551548e-01,-2.809337330884110751e-01,5.730214586446638059e-01,1.250984133121096908e+00,0.000000000000000000e+00,0.000000000000000000e+00,0.000000000000000000e+00
3.816555853264901738e-02,1.179817016488921677e+00,8.885427287741285429e-01,-1.188086784450143388e-02,1.582577981464232744e-02,7.156564188010559047e-01,6.981720990567916729e-01,-2.999732658230640503e-01,-1.347211247150797431e-01,-1.399132367437133928e-01,5.404757041123323669e-01,-5.135855454573760026e-01,1.156876575351823699e-01,-2.547000131576663828e-01,2.344710688908954038e-02,3.537576377010609452e-02,4.196770628404823400e-01,-3.387282327120852976e-01,9.082519811235904850e-02,1.436407958192794168e-02,0.000000000000000000e+00,0.000000000000000000e+00,-7.998485832673754570e-02,2.186847598458477038e-01,-5.034858463617205571e-01,1.228423653560454687e+00,0.000000000000000000e+00,0.000000000000000000e+00,0.000000000000000000e+00,-1.121092469517697560e-01,-2.818858231572390349e-01,5.760350532139699720e-01,1.253259692665875447e+00,0.000000000000000000e+00,0.000000000000000000e+00,0.000000000000000000e+00
3.796076420861210776e-02,1.180019969532725144e+00,8.886118128690155826e-01,-1.181911792280914732e-02,1.528404368991120518e-02,7.160735896072742968e-01,6.977573508942511715e-01,-2.982937100541857012e-01,-1.342408695233663352e-01,-1.400641544360241852e-01,5.396947756868011314e-01,-5.143737556485949991e-01,1.159938520544543661e-01,-2.526960146645527150e-01,2.366003624184377999e-02,3.460812402668908550e-02,4.183533833414872505e-01,-3.379322671848144499e-01,9.107043366926317884e-02,1.386949087150775826e-02,0.000000000000000000e+00,0.000000000000000000e+00,-7.924253384347312856e-02,2.182269303737056076e-01,-5.028325753612392646e-01,1.227085490496627962e+00,0.000000000000000000e+00,0.000000000000000000e+00,0.000000000000000000e+00,-1.109264643478581058e-01,-2.823387907385503937e-01,5.770025992659338909e-01,1.252940252852615233e+00,0.000000000000000000e+00,0.000000000000000000e+00,0.000000000000000000e+00
3.783722631913813417e-02,1.180266433788333735e+00,8.888441736665949611e-01,-1.265643040161745086e-02,1.552607356282335177e-02,7.161059554632103197e-01,6.977041037283154834e-01,-2.986489682753016850e-01,-1.331671517551124007e-01,-1.402003232052891901e-01,5.375531534328885641e-01,-5.131792100526216815e-01,1.159506927608565802e-01,-2.508438055056222415e-01,2.419859246334536002e-02,3.433597476241389418e-02,4.116489907892070810e-01,-3.354858267774210590e-01,9.193337886859187513e-02,1.485514191348317331e-02,0.000000000000000000e+00,0.000000000000000000e+00,-7.941796129176674490e-02,2.192101961092528806e-01,-5.031270727968433221e-01,1.225744276261759413e+00,0.000000000000000000e+00,0.000000000000000000e+00,0.000000000000000000e+00,-1.096532165034325434e-01,-2.827634591232119354e-01,5.775128266155955536e-01,1.250992774066356672e+00,0.000000000000000000e+00,0.000000000000000000e+00,0.000000000000000000e+00
3.782327942488564881e-02,1.180445385480153986e+00,8.890694256948553642e-01,-1.230745826275477482e-02,1.555743965467128349e-02,7.159915247448918052e-01,6.978270767432183108e-01,-2.964975493503335113e-01,-1.332878601427708032e-01,-1.396852664041167147e-01,5.344615350290474742e-01,-5.108482904812257086e-01,1.162689736666565471e-01,-2.488996111272163136e-01,2.371386080108548594e-02,3.502311791329871388e-02,4.090092726753674079e-01,-3.337696596679191607e-01,9.179446267263627335e-02,1.474313960696227617e-02,0.000000000000000000e+00,0.000000000000000000e+00,-7.948754603652520567e-02,2.184407033427748779e-01,-5.031162777067290648e-01,1.227850227133174599e+00,0.000000000000000000e+00,0.000000000000000000e+00,0.000000000000000000e+00,-1.100463011522263557e-01,-2.817109890678595741e-01,5.769269875109724888e-01,1.253223056356294274e+00,0.000000000000000000e+00,0.000000000000000000e+00,0.000000000000000000e+00
3.787363835323435957e-02,1.180533953131724267e+00,8.888494059334498543e-01,-1.155390665401865267e-02,1.541977384515090532e-02,7.157775420236470731e-01,6.980624958771094457e-01,-2.956199678309039403e-01,-1.343728555685148041e-01,-1.393884747570346416e-01,5.360197273233995308e-01,-5.125944483867812540e-01,1.167303066077307744e-01,-2.506494073957526991e-01,2.324587858210614214e-02,3.571256044712316918e-02,4.159042478374782581e-01,-3.369787962062980036e-01,9.070809685168604308e-02,1.366676742027394739e-02,0.000000000000000000e+00,0.000000000000000000e+00,-7.751807319175349487e-02,2.183459572472959409e-01,-5.029070987530800396e-01,1.226956501722824555e+00,0.000000000000000000e+00,0.000000000000000000e+00,0.000000000000000000e+00,-1.110259094964991811e-01,-2.817169544019555993e-01,5.785035393757904654e-01,1.254279498286267946e+00,0.000000000000000000e+00,0.000000000000000000e+00,0.000000000000000000e+00
3.799815860096650982e-02,1.180621781365117640e+00,8.887438671079598285e-01,-1.115213009773190385e-02,1.528970034673954488e-02,7.159914101796405195e-01,6.978525314180341610e-01,-2.956357966606665832e-01,-1.350912666400917450e-01,-1.399822284288022578e-01,5.375307593511875481e-01,-5.115937918226182157e-01,1.164140941921946032e-01,-2.511492872202239490e-01,2.282627400444531621e-02,3.551873786701831293e-02,4.187988268451375284e-01,-3.372995271523022143e-01,9.206134952201804056e-02,1.316828907274987352e-02,0.000000000000000000e+00,0.000000000000000000e+00,-7.756627215235004091e-02,2.177613060447845250e-01,-5.028637905209728531e-01,1.229127066911563926e+00,0.000000000000000000e+00,0.000000000000000000e+00,0.000000000000000000e+00,-1.099789021659472454e-01,-2.821403956607292374e-01,5.763385441455962654e-01,1.252724031550529471e+00,0.000000000000000000e+00,0.000000000000000000e+00,0.000000000000000000e+00
3.815745356889817946e-02,1.180656326931100342e+00,8.883789483848265611e-01,-1.062664285049136001e-02,1.432728787998142385e-02,7.158498840060392165e-01,6.980263224637528463e-01,-2.959680947844371968e-01,-1.349144355605775558e-01,-1.403338928414476494e-01,5.438589365246003782e-01,-5.160011781307559664e-01,1.175281227220042607e-01,-2.512678406767090422e-01,2.408800766239661134e-02,3.537666123941998059e-02,4.240385349730851905e-01,-3.406730106864368501e-01,9.015155432632175614e-02,1.546302599846486291e-02,0.000000000000000000e+00,0.000000000000000000e+00,-7.739592006895847087e-02,2.180104074403336201e-01,-5.024049859090118364e-01,1.229091588433452342e+00,0.000000000000000000e+00,0.000000000000000000e+00,0.000000000000000000e+00,-1.080059166898213463e-01,-2.805872666064422871e-01,5.758564855754997325e-01,1.253393860799116188e+00,0.000000000000000000e+00,0.000000000000000000e+00,0.000000000000000000e+00
3.836805497314058760e-02,1.180739489427111044e+00,8.884148826959676892e-01,-1.027163486217606315e-02,1.438788469436049974e-02,7.155920481129164346e-01,6.982947106837058548e-01,-2.945926691950262466e-01,-1.348262069960539933e-01,-1.399513691975279028e-01,5.422901642624908813e-01,-5.160630075759180535e-01,1.158025142529496565e-01,-2.509240294922855941e-01,2.348292970600315138e-02,3.476758916398814403e-02,4.245551569875543607e-01,-3.410383704151899176e-01,9.043349309929962776e-02,1.472969920273907787e-02,0.000000000000000000e+00,0.000000000000000000e+00,-7.566042610488064868e-02,2.187888447133749525e-01,-5.017481058812652828e-01,1.227405377810968368e+00,0.000000000000000000e+00,0.000000000000000000e+00,0.000000000000000000e+00,-1.086243042456124103e-01,-2.807491095538654502e-01,5.753521623520586603e-01,1.252391256333593494e+00,0.000000000000000000e+00,0.000000000000000000e+00,0.000000000000000000e+00
3.850915734923526096e-02,1.180883581646403613e+00,8.887514612843865347e-01,-1.055916316403774854e-02,1.439494302943722902e-02,7.151547687613073467e-01,6.987381100286530478e-01,-2.926546328458503043e-01,-1.331400483725332928e-01,-1.386941399786950635e-01,5.379745755689593345e-01,-5.146433028143049260e-01,1.166218210796561433e-01,-2.478832807248664838e-01,2.444940872412499147e-02,3.615246949176370572e-02,4.173245136188014071e-01,-3.380115129754657777e-01,9.191793827965635821e-02,1.498354846987519362e-02,0.000000000000000000e+00,0.000000000000000000e+00,-7.496458486393495213e-02,2.197264555303803935e-01,-5.023805067959687953e-01,1.226640414980137317e+00,0.000000000000000000e+00,0.000000000000000000e+00,0.000000000000000000e+00,-1.086357797320326585e-01,-2.813451943677808820e-01,5.775123254498395475e-01,1.251057293780845514e+00,0.000000000000000000e+00,0.000000000000000000e+00,0.000000000000000000e+00
3.880290254509793924e-02,1.180994554031509214e+00,8.886324199453273787e-01,-9.944365768778053519e-03,1.452053018480442201e-02,7.151283910736985217e-01,6.987715278064431379e-01,-2.922520250627624327e-01,-1.344093915855388011e-01,-1.398096500788447438e-01,5.388132269806243935e-01,-5.141573008959705593e-01,1.149558985635668606e-01,-2.481965023866583020e-01,2.298641544383729293e-02,3.411252250376851924e-02,4.202735192111742291e-01,-3.408589660812804678e-01,9.124981543294416464e-02,1.493058231291819957e-02,0.000000000000000000e+00,0.000000000000000000e+00,-7.471347637831290966e-02,2.193656104473336310e-01,-5.008400150383767180e-01,1.228161706060058922e+00,0.000000000000000000e+00,0.000000000000000000e+00,0.000000000000000000e+00,-1.078932426829130181e-01,-2.813114030328795478e-01,5.782137993282244759e-01,1.249194697798951204e+00,0.000000000000000000e+00,0.000000000000000000e+00,0.000000000000000000e+00
3.895449546650115585e-02,1.181167378259750933e+00,8.885473510707916356e-01,-1.038749338434693734e-02,1.424772934935839702e-02,7.152286091215984687e-01,6.986681178381908275e-01,-2.935916093329873910e-01,-1.336574605600248378e-01,-1.403434220773147056e-01,5.418767187649744521e-01,-5.161979209756333287e-01,1.174108568403561814e-01,-2.482561332780761354e-01,2.490792581854754661e-02,3.546240482424303786e-02,4.201074839286892959e-01,-3.404808974749343187e-01,9.138139832080034719e-02,1.465493585659219909e-02,0.000000000000000000e+00,0.000000000000000000e+00,-7.522838945750962014e-02,2.198302840198486652e-01,-5.028532882986597174e-01,1.230122386317047845e+00,0.000000000000000000e+00,0.000000000000000000e+00,0.000000000000000000e+00,-1.082541088417025843e-01,-2.803124880618782511e-01,5.779556857192786889e-01,1.250699979647052151e+00,0.000000000000000000e+00,0.000000000000000000e+00,0.000000000000000000e+00
3.917876926419069927e-02,1.181318912852894476e+00,8.885297635208878608e-01,-1.048293728658667226e-02,1.442708065352807031e-02,7.149067492048151173e-01,6.989923513966830315e-01,-2.938953502823093977e-01,-1.338394787943861242e-01,-1.414586609260142791e-01,5.422890893543809154e-01,-5.163876071028959958e-01,1.166661725973171526e-01,-2.481022057632862043e-01,2.546768149852755153e-02,3.609472097612251296e-02,4.194760907646434833e-01,-3.421334645046425482e-01,8.998298598041973295e-02,1.539124950248764792e-02,0.000000000000000000e+00,0.000000000000000000e+00,-7.608744176206994059e-02,2.201650059815182803e-01,-5.001564965188878276e-01,1.232799836524069548e+00,0.000000000000000000e+00,0.000000000000000000e+00,0.000000000000000000e+00,-1.085705097758418725e-01,-2.801652312442404202e-01,5.793884255455460375e-01,1.250658437415141488e+00,0.000000000000000000e+00,0.000000000000000000e+00,0.000000000000000000e+00
3.931373233934933042e-02,1.181367180947185069e+00,8.882078973235443264e-01,-1.028642537273188363e-02,1.393276225095787559e-02,7.149510001249350655e-01,6.989600382063791972e-01,-2.953492231401769197e-01,-1.331989584300607710e-01,-1.401002475701355887e-01,5.478187532978283647e-01,-5.194488803549706102e-01,1.174180473113190376e-01,-2.491982528241408756e-01,2.566751900652535293e-02,3.424836660723278720e-02,4.241311859991877542e-01,-3.437795137863025041e-01,9.009017332152739754e-02,1.585459033570745663e-02,0.000000000000000000e+00,0.000000000000000000e+00,-7.642990986552813948e-02,2.207195389754220971e-01,-5.011665850330498939e-01,1.233905366369388412e+00,0.000000000000000000e+00,0.000000000000000000e+00,0.000000000000000000e+00,-1.082231799322605909e-01,-2.796623140735776114e-01,5.779805602304521894e-01,1.250813338698822497e+00,0.000000000000000000e+00,0.000000000000000000e+00,0.000000000000000000e+00
3.944644649571910772e-02,1.181403518113101736e+00,8.881200703037815947e-01,-1.051811639282011768e-02,1.392884617423552004e-02,7.140207395313044048e-01,6.999069509520314813e-01,-2.962747750755099219e-01,-1.317420293472359727e-01,-1.380711421967838470e-01,5.495675976103649996e-01,-5.214119900624124559e-01,1.167038438167970205e-01,-2.497542770270077261e-01,2.701036751168325867e-02,3.561527745339419099e-02,4.242652012207164813e-01,-3.451032070212911029e-01,8.853695172718190065e-02,1.603798225367099317e-02,0.000000000000000000e+00,0.000000000000000000e+00,-7.620248735665072215e-02,2.209128113052630515e-01,-5.010730956853292062e-01,1.236258582567334008e+00,0.000000000000000000e+00,0.000000000000000000e+00,0.000000000000000000e+00,-1.094840329103329013e-01,-2.787730340562615261e-01,5.791462517696496226e-01,1.250205606424918514e+00,0.000000000000000000e+00,0.000000000000000000e+00,0.000000000000000000e+00
3.950289749225945751e-02,1.181424615077640627e+00,8.881042073405823745e-01,-1.048286107873561482e-02,1.383405898422523927e-02,7.143618549428724096e-01,6.995611972073652041e-01,-2.959499968011167770e-01,-1.316798531800486283e-01,-1.383136359896055545e-01,5.495003560026227030e-01,-5.223429714431160331e-01,1.168460886503558949e-01,-2.494709286918590230e-01,2.710580353346676158e-02,3.559086193936468467e-02,4.242585189316139815e-01,-3.448688653787932434e-01,8.925246646874081258e-02,1.556423239906969645e-02,0.000000000000000000e+00,0.000000000000000000e+00,-7.675570418677762907e-02,2.202509670237994821e-01,-5.001178079722592429e-01,1.238074494943043113e+00,0.000000000000000000e+00,0.000000000000000000e+00,0.000000000000000000e+00,-1.102830502528856782e-01,-2.787230113755119199e-01,5.797808460897178051e-01,1.251617664210329384e+00,0.000000000000000000e+00,0.000000000000000000e+00,0.000000000000000000e+00
3.953911728795311831e-02,1.181389541707047908e+00,8.880998873751256850e-01,-1.108191027950402273e-02,1.358407500663405369e-02,7.146524754889834741e-01,6.992599684296516571e-01,-2.972272664524552854e-01,-1.300791666097936283e-01,-1.378446813654955194e-01,5.510428719507343143e-01,-5.238479471915786778e-01,1.167458772264889227e-01,-2.484173690647292210e-01,2.831012624473969175e-02,3.517269100477238286e-02,4.210528049026322495e-01,-3.444716477421084222e-01,9.022746545081328229e-02,1.575176074320657968e-02,0.000000000000000000e+00,0.000000000000000000e+00,-7.816269320570434775e-02,2.209330555487252212e-01,-5.009099375614415317e-01,1.239198606543686854e+00,0.000000000000000000e+00,0.000000000000000000e+00,0.000000000000000000e+00,-1.096215377124906548e-01,-2.781824418185161463e-01,5.792465582176089534e-01,1.250509622418400024e+00,0.000000000000000000e+00,0.000000000000000000e+00,0.000000000000000000e+00
3.961322967996536853e-02,1.181294451213334984e+00,8.879016908824797216e-01,-1.036547466918795631e-02,1.341974876950496713e-02,7.146505214537784978e-01,6.992761253351114092e-01,-2.969777428758158533e-01,-1.310753879143788381e-01,-1.378689921259126927e-01,5.527863232972014540e-01,-5.233323275572824285e-01,1.154338166331647514e-01,-2.498897333572877022e-01,2.720383392352771976e-02,3.371634374929442790e-02,4.269700563947481653e-01,-3.470689534390675735e-01,8.880756226232917883e-02,1.527000055485485883e-02,0.000000000000000000e+00,0.000000000000000000e+00,-7.712557880250982267e-02,2.212321648352054970e-01,-5.028201206519252731e-01,1.238324282002891685e+00,0.000000000000000000e+00,0.000000000000000000e+00,0.000000000000000000e+00,-1.096284904566582064e-01,-2.782722940779984722e-01,5.815816145874912468e-01,1.250521560202094484e+00,0.000000000000000000e+00,0.000000000000000000e+00,0.000000000000000000e+00
3.958484693369038881e-02,1.181152298753553653e+00,8.876775780154518847e-01,-1.032459472941374239e-02,1.285976982130006795e-02,7.142618339252343462e-01,6.996842585492244471e-01,-2.980495254298142771e-01,-1.305304219745777872e-01,-1.374876208570770808e-01,5.570277973169228680e-01,-5.263049747896720865e-01,1.172224433786451803e-01,-2.506492978697184570e-01,2.831131273357360284e-02,3.373223146948312046e-02,4.298116317099048844e-01,-3.479261213048993606e-01,8.756173338515779725e-02,1.582328034946338391e-02,0.000000000000000000e+00,0.000000000000000000e+00,-7.726748744332613550e-02,2.214586474018992168e-01,-5.024632773608624925e-01,1.239409210826306618e+00,0.000000000000000000e+00,0.000000000000000000e+00,0.000000000000000000e+00,-1.100607930204482443e-01,-2.783406130520896804e-01,5.834261777323973552e-01,1.250274029166177137e+00,0.000000000000000000e+00,0.000000000000000000e+00,0.000000000000000000e+00
3.958459092016820835e-02,1.181096636827037694e+00,8.878862481887643820e-01,-1.086291940204712689e-02,1.332525658268654892e-02,7.146942593886180806e-01,6.992256789592511401e-01,-2.984479493705555764e-01,-1.307439864551949438e-01,-1.390788421920091111e-01,5.542013503446266975e-01,-5.243235618067608739e-01,1.158710598967322147e-01,-2.503811531501502485e-01,2.842441221606653579e-02,3.408627683737187192e-02,4.260871042560825939e-01,-3.461076973208074281e-01,8.730553775621768819e-02,1.650670513153773902e-02,0.000000000000000000e+00,0.000000000000000000e+00,-7.779674600644791160e-02,2.221587695831699905e-01,-5.074560303193117461e-01,1.236261589691939555e+00,0.000000000000000000e+00,0.000000000000000000e+00,0.000000000000000000e+00,-1.090377570522491346e-01,-2.783125817924050338e-01,5.830654589036096125e-01,1.247738048314765313e+00,0.000000000000000000e+00,0.000000000000000000e+00,0.000000000000000000e+00
3.951971504040619615e-02,1.180991565871108762e+00,8.878852946781545796e-01,-1.123271081586425801e-02,1.322643520008133684e-02,7.148662790610968987e-01,6.990458430467690887e-01,-2.999813550689985897e-01,-1.306209632060055248e-01,-1.398762623875196565e-01,5.559291134606484386e-01,-5.232031924884299467e-01,1.170892891247858336e-01,-2.507947719638582429e-01,2.896788746389683880e-02,3.408256804200070211e-02,4.255572835967410539e-01,-3.443853526254312958e-01,8.907551327856229328e-02,1.800697128818556231e-02,0.000000000000000000e+00,0.000000000000000000e+00,-7.847955658987257332e-02,2.217383100070925428e-01,-5.042158509066283489e-01,1.236643163281780256e+00,0.000000000000000000e+00,0.000000000000000000e+00,0.000000000000000000e+00,-1.082642876972922941e-01,-2.780945481341631220e-01,5.804906158927358728e-01,1.249134919398203980e+00,0.000000000000000000e+00,0.000000000000000000e+00,0.000000000000000000e+00
3.949769598353571748e-02,1.180868279334982507e+00,8.880592572977270560e-01,-1.160486757115085886e-02,1.333591703537142029e-02,7.145370391827930989e-01,6.993742202865148583e-01,-2.996581005256720998e-01,-1.292713386432152167e-01,-1.388653665400633730e-01,5.534599042876017227e-01,-5.226855064200609524e-01,1.154292188085950382e-01,-2.491030715044347532e-01,2.914845958062945233e-02,3.356887842055912563e-02,4.202074891582380234e-01,-3.437888875312211656e-01,8.848717359825838957e-02,1.812073413262711014e-02,0.000000000000000000e+00,0.000000000000000000e+00,-7.926393345584815953e-02,2.226142152085169301e-01,-5.068713410190902602e-01,1.236645990801799710e+00,0.000000000000000000e+00,0.000000000000000000e+00,0.000000000000000000e+00,-1.104946628231428946e-01,-2.777001632271233755e-01,5.813691943224359449e-01,1.250964888354315407e+00,0.000000000000000000e+00,0.000000000000000000e+00,0.000000000000000000e+00
3.946492497210325745e-02,1.180759872047902670e+00,8.883544252330346502e-01,-1.180899548670116643e-02,1.353626951329174773e-02,7.145785533063629957e-01,6.993245370983670606e-01,-2.984262151951352915e-01,-1.285541250156151116e-01,-1.380614744246287107e-01,5.490841856567678647e-01,-5.201653202332073844e-01,1.151948437949281978e-01,-2.471685300450072176e-01,2.928249215783514103e-02,3.472051265839037892e-02,4.144402065201561181e-01,-3.410285929207971800e-01,8.953542757361848681e-02,1.905072541398978442e-02,0.000000000000000000e+00,0.000000000000000000e+00,-8.024631722552377777e-02,2.218952772709722465e-01,-5.056792337372300050e-01,1.237760940782743013e+00,0.000000000000000000e+00,0.000000000000000000e+00,0.000000000000000000e+00,-1.100677468501651962e-01,-2.771921577642789680e-01,5.787839868339544891e-01,1.252118233281388049e+00,0.000000000000000000e+00,0.000000000000000000e+00,0.000000000000000000e+00
3.945720417646327721e-02,1.180516496700158902e+00,8.882210290659758867e-01,-1.103625204076039840e-02,1.296077442706573650e-02,7.148564319337465944e-01,6.990640179483544880e-01,-2.973842873183019098e-01,-1.289289251670110159e-01,-1.379987637759694241e-01,5.504147714190392726e-01,-5.207782796783522183e-01,1.136530455607900753e-01,-2.470575414011302040e-01,2.859414053139523737e-02,3.335081945511328416e-02,4.181229628986061764e-01,-3.420710684165208515e-01,8.808334812122102508e-02,1.850649486148167946e-02,0.000000000000000000e+00,0.000000000000000000e+00,-7.932478255594731242e-02,2.225843539808862181e-01,-5.083641246242950329e-01,1.235092719244670567e+00,0.000000000000000000e+00,0.000000000000000000e+00,0.000000000000000000e+00,-1.107268203063217910e-01,-2.777266964532115190e-01,5.827027203279528944e-01,1.252187635217603123e+00,0.000000000000000000e+00,0.000000000000000000e+00,0.000000000000000000e+00
3.941982409680934440e-02,1.180315280283882773e+00,8.880515035558609327e-01,-1.096589614119164793e-02,1.255279231271590364e-02,7.146562918169334644e-01,6.992771704363338614e-01,-2.984666154743988997e-01,-1.288367716124939333e-01,-1.380383465274958033e-01,5.538855900591381776e-01,-5.221220592493612811e-01,1.146705409367654305e-01,-2.476016912287926364e-01,2.938629560797849372e-02,3.379888917758384903e-02,4.201279544380602249e-01,-3.429779192103766805e-01,8.823585511977712070e-02,1.935898970018661708e-02,0.000000000000000000e+00,0.000000000000000000e+00,-7.976025053896343420e-02,2.220835192024355198e-01,-5.045994095680917946e-01,1.236733449304713073e+00,0.000000000000000000e+00,0.000000000000000000e+00,0.000000000000000000e+00,-1.113019116457516222e-01,-2.766646030663796885e-01,5.796039873967131495e-01,1.254669565244033391e+00,0.000000000000000000e+00,0.000000000000000000e+00,0.000000000000000000e+00
3.939414891982335326e-02,1.180172329616768989e+00,8.881669770197515579e-01,-1.125272542473632412e-02,1.265581459754708434e-02,7.152201097834063326e-01,6.986940683080122838e-01,-2.988210092431023979e-01,-1.291523657695615446e-01,-1.396341922982697603e-01,5.526585757649022934e-01,-5.206738692724884876e-01,1.142822232096443597e-01,-2.474987169353536354e-01,2.938126789649269863e-02,3.327153047191176022e-02,4.184330956849290351e-01,-3.409452676377300318e-01,8.806810661917384431e-02,1.925178906864257258e-02,0.000000000000000000e+00,0.000000000000000000e+00,-8.050707611879651115e-02,2.220114715558386131e-01,-5.041646368669170375e-01,1.235437669654412263e+00,0.000000000000000000e+00,0.000000000000000000e+00,0.000000000000000000e+00,-1.120131639914968280e-01,-2.760184209344832551e-01,5.786197814517900495e-01,1.256631101262908556e+00,0.000000000000000000e+00,0.000000000000000000e+00,0.000000000000000000e+00
3.935447505102938892e-02,1.179973488420767769e+00,8.880561944545599662e-01,-1.062672290244423036e-02,1.205348143233411773e-02,7.150540716934379315e-01,6.988844403049417897e-01,-2.981692557125464882e-01,-1.294690480335443927e-01,-1.397683485075200405e-01,5.547122712291160385e-01,-5.206811378241714694e-01,1.141952024816351718e-01,-2.471842713184971563e-01,2.916632985138197659e-02,3.285903545765871125e-02,4.209902388901694548e-01,-3.410344503095057989e-01,8.883004343810695091e-02,2.123605920296164212e-02,0.000000000000000000e+00,0.000000000000000000e+00,-7.985546108585800384e-02,2.217637122869323130e-01,-5.039374744902024306e-01,1.233720152623198008e+00,0.000000000000000000e+00,0.000000000000000000e+00,0.000000000000000000e+00,-1.104249787900940527e-01,-2.749349617442431448e-01,5.755894320682016785e-01,1.257453341012846559e+00,0.000000000000000000e+00,0.000000000000000000e+00,0.000000000000000000e+00
3.928446961681966720e-02,1.179910230113541347e+00,8.879140804484805249e-01,-1.047630497744079722e-02,1.205295092310764218e-02,7.154264634653926258e-01,6.985055109170345000e-01,-2.987882924567387133e-01,-1.296927268665833688e-01,-1.391015496700989673e-01,5.560748911846975506e-01,-5.213346677062923318e-01,1.130091873992141033e-01,-2.483293861592735519e-01,2.857117304706441319e-02,3.209337297800437389e-02,4.239252857910892902e-01,-3.418630080708569552e-01,8.865901788013602625e-02,2.110791509982332809e-02,0.000000000000000000e+00,0.000000000000000000e+00,-8.052981466851305559e-02,2.221082218883984327e-01,-5.048317386657318329e-01,1.233951672643579300e+00,0.000000000000000000e+00,0.000000000000000000e+00,0.000000000000000000e+00,-1.112407347157429449e-01,-2.759446787175638405e-01,5.762686082620014361e-01,1.258200675713859296e+00,0.000000000000000000e+00,0.000000000000000000e+00,0.000000000000000000e+00
3.913888958675044299e-02,1.179956660628113552e+00,8.882187706180426634e-01,-1.158879820436264571e-02,1.272628209188643097e-02,7.153506911939899737e-01,6.985535985939652637e-01,-2.997072649396038124e-01,-1.289744044828785852e-01,-1.393915888860875474e-01,5.525921801765952823e-01,-5.204241143248143908e-01,1.144590693740238363e-01,-2.477265038671250530e-01,2.917351344291784637e-02,3.294004489845100275e-02,4.167962004674520271e-01,-3.386748351728320894e-01,8.969381614568040784e-02,2.092249577460190274e-02,0.000000000000000000e+00,0.000000000000000000e+00,-8.131937065746980275e-02,2.219630040916800717e-01,-5.033604321875361221e-01,1.233571282160101479e+00,0.000000000000000000e+00,0.000000000000000000e+00,0.000000000000000000e+00,-1.118620814838024863e-01,-2.757129442442831091e-01,5.788230538653438284e-01,1.257995814677944191e+00,0.000000000000000000e+00,0.000000000000000000e+00,0.000000000000000000e+00
3.900316716322677763e-02,1.180062588521888500e+00,8.884477910796491074e-01,-1.197969418226945380e-02,1.304998918520752262e-02,7.158333508469068018e-01,6.980464157381343071e-01,-2.990817835547733283e-01,-1.288976169544799877e-01,-1.397575937105717536e-01,5.489011848548203121e-01,-5.184957174230622190e-01,1.146266085218704406e-01,-2.465226572461383103e-01,2.882484098217127921e-02,3.277178114779679546e-02,4.123106980416028078e-01,-3.360913677336437311e-01,8.987294041579700632e-02,1.965337859458034589e-02,0.000000000000000000e+00,0.000000000000000000e+00,-8.149798919541904885e-02,2.222949161477424662e-01,-5.045051813979704036e-01,1.232879236695707759e+00,0.000000000000000000e+00,0.000000000000000000e+00,0.000000000000000000e+00,-1.125011300155799310e-01,-2.762156665611360529e-01,5.783580834069448340e-01,1.257998903657313372e+00,0.000000000000000000e+00,0.000000000000000000e+00,0.000000000000000000e+00
3.895099377331116830e-02,1.180093562909236171e+00,8.881448072498459023e-01,-1.142746795552851413e-02,1.254373034663263178e-02,7.161990988295254823e-01,6.976897008275911860e-01,-2.998340139402255744e-01,-1.293960204498128819e-01,-1.397572747171228202e-01,5.534103225857001096e-01,-5.191217372828436094e-01,1.123399304604397742e-01,-2.470120814478437565e-01,2.864141376308057541e-02,3.214075814643627127e-02,4.172264253978661963e-01,-3.397725429461503355e-01,8.812585516897382398e-02,2.022820628412357741e-02,0.000000000000000000e+00,0.000000000000000000e+00,-8.048734401349563750e-02,2.230028989460051403e-01,-5.058927649432020113e-01,1.230277888252874208e+00,0.000000000000000000e+00,0.000000000000000000e+00,0.000000000000000000e+00,-1.101868342823551367e-01,-2.770945423468480495e-01,5.790923380563335332e-01,1.254966804258480284e+00,0.000000000000000000e+00,0.000000000000000000e+00,0.000000000000000000e+00
3.877157010181052355e-02,1.180309949803044045e+00,8.884271395373571911e-01,-1.192461852822350454e-02,1.272212750606399080e-02,7.165644474222223614e-01,6.973029066590521463e-01,-2.989709613209927674e-01,-1.293467876002653283e-01,-1.410731128797364786e-01,5.499198073030702183e-01,-5.175075794918757577e-01,1.126923677999775303e-01,-2.451600458952530870e-01,2.909572379462690289e-02,3.328355370720368495e-02,4.117082343395475630e-01,-3.366891238690103427e-01,8.883166689763470625e-02,1.957459557985793963e-02,0.000000000000000000e+00,0.000000000000000000e+00,-8.072578807214417229e-02,2.227278797729598525e-01,-5.063646998963355905e-01,1.231057535036141237e+00,0.000000000000000000e+00,0.000000000000000000e+00,0.000000000000000000e+00,-1.096652534438532778e-01,-2.776094341749288374e-01,5.816861665611769983e-01,1.254558616761420220e+00,0.000000000000000000e+00,0.000000000000000000e+00,0.000000000000000000e+00
3.860642087267951439e-02,1.180551978610302699e+00,8.887725354459743432e-01,-1.221113627956821844e-02,1.329129448685249099e-02,7.162692633779438323e-01,6.975905475145454115e-01,-2.966191530665087672e-01,-1.290645117811817510e-01,-1.406831999244312348e-01,5.430695073399072204e-01,-5.155004397309533859e-01,1.111233352136756641e-01,-2.431681339740667247e-01,2.816203118794381038e-02,3.321819380661315130e-02,4.055000414965810873e-01,-3.352545863932311354e-01,8.995424829216513984e-02,1.920491918821332772e-02,0.000000000000000000e+00,0.000000000000000000e+00,-8.009481417608267650e-02,2.216328307791308183e-01,-5.031564183887157204e-01,1.230620067312236943e+00,0.000000000000000000e+00,0.000000000000000000e+00,0.000000000000000000e+00,-1.103133273322520203e-01,-2.781815760686395245e-01,5.810624929558217966e-01,1.254089341563801696e+00,0.000000000000000000e+00,0.000000000000000000e+00,0.000000000000000000e+00
3.850706528543784007e-02,1.180810799885065654e+00,8.891753191132226730e-01,-1.263049411533828659e-02,1.422517837486510575e-02,7.168590815286675078e-01,6.969585153712385406e-01,-2.947645603800165270e-01,-1.298565515953967187e-01,-1.418404817672310747e-01,5.354410733064225436e-01,-5.127552570045492697e-01,1.108737461739376651e-01,-2.411471469550630353e-01,2.683983924959498779e-02,3.332214719746378478e-02,3.982623821152238563e-01,-3.335498006596740450e-01,9.055928940795097970e-02,1.853717286025192632e-02,0.000000000000000000e+00,0.000000000000000000e+00,-8.088915617090847165e-02,2.212477234452675245e-01,-5.051604394589386260e-01,1.230087310199881045e+00,0.000000000000000000e+00,0.000000000000000000e+00,0.000000000000000000e+00,-1.092041676421983409e-01,-2.796226371641293840e-01,5.818243456960314752e-01,1.250387755439814619e+00,0.000000000000000000e+00,0.000000000000000000e+00,0.000000000000000000e+00
3.841096145266652967e-02,1.180922069119382467e+00,8.891088318337438956e-01,-1.211850704109129588e-02,1.404450224055521154e-02,7.173127400251432251e-01,6.965043623277109575e-01,-2.945404919421212853e-01,-1.310163365403651525e-01,-1.421109015352842453e-01,5.368389880613312348e-01,-5.109225123642090471e-01,1.122077245866290179e-01,-2.422655162200849088e-01,2.604089768172705016e-02,3.290723225466028745e-02,4.028996542946740034e-01,-3.325826167900791663e-01,9.013866164645992218e-02,1.773321291439218517e-02,0.000000000000000000e+00,0.000000000000000000e+00,-8.019310720131324344e-02,2.199780126506149236e-01,-5.050836547856176750e-01,1.230997021533951186e+00,0.000000000000000000e+00,0.000000000000000000e+00,0.000000000000000000e+00,-1.092018379623091034e-01,-2.792477712937885270e-01,5.812737031903918439e-01,1.253353196258653712e+00,0.000000000000000000e+00,0.000000000000000000e+00,0.000000000000000000e+00
3.832898883434071591e-02,1.180995051852726352e+00,8.887950110834956785e-01,-1.167718138492026408e-02,1.378042395946824442e-02,7.177420326734385014e-01,6.960747933118980324e-01,-2.951507088681922797e-01,-1.325472113193979784e-01,-1.430765025630655329e-01,5.408021295283744756e-01,-5.136560103385624521e-01,1.147489001347627713e-01,-2.447245239155685370e-01,2.596807428731283396e-02,3.342294200652172476e-02,4.108986898305274638e-01,-3.359990012456020025e-01,8.989883900116675541e-02,1.751286849886413144e-02,0.000000000000000000e+00,0.000000000000000000e+00,-8.003353680218100452e-02,2.205720490007297974e-01,-5.066515186278754967e-01,1.230251640980385419e+00,0.000000000000000000e+00,0.000000000000000000e+00,0.000000000000000000e+00,-1.090959466139744261e-01,-2.794393357288523783e-01,5.813533974738324117e-01,1.255133312079443231e+00,0.000000000000000000e+00,0.000000000000000000e+00,0.000000000000000000e+00
3.828502064861497023e-02,1.181049277199134995e+00,8.888338097971306695e-01,-1.165936093410271414e-02,1.428804451780828558e-02,7.176036197407831274e-01,6.962075524018611627e-01,-2.949033949665451071e-01,-1.335050207218154428e-01,-1.434945738984519381e-01,5.388841595204900692e-01,-5.127190026642121090e-01,1.147192786291827415e-01,-2.452156365783249303e-01,2.513423821501348243e-02,3.378776839867234788e-02,4.105572872582905486e-01,-3.368850242356298819e-01,8.975504740441436757e-02,1.692320433202870733e-02,0.000000000000000000e+00,0.000000000000000000e+00,-8.065777092123611880e-02,2.194988878667918919e-01,-5.062847651575543839e-01,1.232524386704801245e+00,0.000000000000000000e+00,0.000000000000000000e+00,0.000000000000000000e+00,-1.093594630187572636e-01,-2.805894738475989136e-01,5.818467988217553843e-01,1.252615053945335344e+00,0.000000000000000000e+00,0.000000000000000000e+00,0.000000000000000000e+00
3.827249873986771772e-02,1.180896156924345242e+00,8.883707292598937988e-01,-1.080825361661912239e-02,1.396397447073894835e-02,7.177935083187431120e-01,6.960320886900325243e-01,-2.959649610350965077e-01,-1.352146704799912780e-01,-1.434317838548615776e-01,5.445846634393163299e-01,-5.156063726991858553e-01,1.164749721627757473e-01,-2.486830778789397012e-01,2.449280176146447288e-02,3.387327593747017224e-02,4.214065855581674014e-01,-3.411315485016435667e-01,8.948661172084609872e-02,1.696893952190483418e-02,0.000000000000000000e+00,0.000000000000000000e+00,-7.972047432444862025e-02,2.185876712752358730e-01,-5.024446625445141423e-01,1.231900576330729580e+00,0.000000000000000000e+00,0.000000000000000000e+00,0.000000000000000000e+00,-1.092101744754997300e-01,-2.798816827053416390e-01,5.779000517819224969e-01,1.254439721224816395e+00,0.000000000000000000e+00,0.000000000000000000e+00,0.000000000000000000e+00
3.823290033999442866e-02,1.180789175874237928e+00,8.883208586646300642e-01,-1.110856091851594903e-02,1.419098249882728806e-02,7.177650516068350139e-01,6.960521148462045504e-01,-2.970824021402888038e-01,-1.352641272466764133e-01,-1.437588821750874768e-01,5.449858501444015957e-01,-5.160218158865693683e-01,1.155163635763753055e-01,-2.493864401904510864e-01,2.451654247088392441e-02,3.368474301469719101e-02,4.211583278988595413e-01,-3.425646521902812602e-01,8.960383105991515107e-02,1.761307570388849497e-02,0.000000000000000000e+00,0.000000000000000000e+00,-8.059445976816449753e-02,2.188932614306429991e-01,-5.029285712795120711e-01,1.231619172667302253e+00,0.000000000000000000e+00,0.000000000000000000e+00,0.000000000000000000e+00,-1.084349370740731178e-01,-2.804401234009999966e-01,5.777271821791412076e-01,1.252054798374737876e+00,0.000000000000000000e+00,0.000000000000000000e+00,0.000000000000000000e+00
3.812794509171631846e-02,1.180578905776392462e+00,8.881136770300738226e-01,-1.072369380958343270e-02,1.387907417375311078e-02,7.175092043752996362e-01,6.963281664042327845e-01,-2.976775582241235618e-01,-1.354785906696651387e-01,-1.424261327893947826e-01,5.480355564450707373e-01,-5.172336928630740793e-01,1.177290005825598340e-01,-2.510625938189762762e-01,2.455144155735387509e-02,3.416631142108030733e-02,4.260435620730850803e-01,-3.435490344023467424e-01,8.986924763467141197e-02,1.716759874872777342e-02,0.000000000000000000e+00,0.000000000000000000e+00,-8.013575136058539994e-02,2.188665984942244902e-01,-5.047326166464329855e-01,1.231743415997661018e+00,0.000000000000000000e+00,0.000000000000000000e+00,0.000000000000000000e+00,-1.094087516152843359e-01,-2.807322920024382107e-01,5.794407959698111288e-01,1.252695366877122574e+00,0.000000000000000000e+00,0.000000000000000000e+00,0.000000000000000000e+00
3.801871013923681375e-02,1.180357918067924228e+00,8.881277857810341292e-01,-1.098566188531032231e-02,1.364847853286469195e-02,7.181391142728033028e-01,6.956789825904987623e-01,-2.986420346743994259e-01,-1.358227562720141779e-01,-1.445623938521471696e-01,5.490455997746196415e-01,-5.164957098541513858e-01,1.170967026626573565e-01,-2.505858529403856561e-01,2.513419613626454233e-02,3.396017999592731290e-02,4.244803569752568229e-01,-3.422225041637885767e-01,8.881216697443210240e-02,1.713674450629369683e-02,0.000000000000000000e+00,0.000000000000000000e+00,-8.153503710684367745e-02,2.185665846232183740e-01,-5.029429166084414815e-01,1.232638571692926233e+00,0.000000000000000000e+00,0.000000000000000000e+00,0.000000000000000000e+00,-1.093151118714495856e-01,-2.807257850128968557e-01,5.791115141101784713e-01,1.252659739742900680e+00,0.000000000000000000e+00,0.000000000000000000e+00,0.000000000000000000e+00
3.788913128044856665e-02,1.180064216132622246e+00,8.877650006394723903e-01,-1.028781287438678554e-02,1.349747230896184737e-02,7.182121196318181910e-01,6.956172297761892276e-01,-2.995490658413431095e-01,-1.374086471689472122e-01,-1.445685349996936597e-01,5.527896511578744843e-01,-5.178877554038537889e-01,1.165943412877213786e-01,-2.535195294544815292e-01,2.378682137541008462e-02,3.260575381989784527e-02,4.328902992136693939e-01,-3.460647898768640651e-01,8.790402096140938204e-02,1.640690547117859902e-02,0.000000000000000000e+00,0.000000000000000000e+00,-8.128933450420607054e-02,2.181981773300713523e-01,-5.039487000151052776e-01,1.232336854599445086e+00,0.000000000000000000e+00,0.000000000000000000e+00,0.000000000000000000e+00,-1.091726990079998350e-01,-2.812103839220392310e-01,5.762753153375336224e-01,1.251027646163243467e+00,0.000000000000000000e+00,0.000000000000000000e+00,0.000000000000000000e+00
3.767406865009502448e-02,1.179858122249368924e+00,8.879866931257683893e-01,-1.026809422961402242e-02,1.389397783955939950e-02,7.179568529957178757e-01,6.958731787166172467e-01,-2.984558579842558346e-01,-1.375301818887869343e-01,-1.435829431564323300e-01,5.484764936623390819e-01,-5.150364156683935324e-01,1.159369731412818044e-01,-2.535013671113519051e-01,2.299587368230054246e-02,3.356628171208140415e-02,4.307939152811001149e-01,-3.439164674844502612e-01,8.892427404521438539e-02,1.538231729378961715e-02,0.000000000000000000e+00,0.000000000000000000e+00,-8.189424037648825039e-02,2.170736379156608387e-01,-5.068795171774416186e-01,1.233923939926766744e+00,0.000000000000000000e+00,0.000000000000000000e+00,0.000000000000000000e+00,-1.113181686732961639e-01,-2.813280321005137141e-01,5.776642025733429442e-01,1.253298291035981782e+00,0.000000000000000000e+00,0.000000000000000000e+00,0.000000000000000000e+00
3.740745281319091814e-02,1.179672898924524205e+00,8.877439442229821953e-01,-1.015618445172921866e-02,1.359907990027920711e-02,7.186686109243441978e-01,6.951455564234874096e-01,-2.994914070574563048e-01,-1.383023150411345770e-01,-1.439160778541019037e-01,5.513684612496654314e-01,-5.168013704880813908e-01,1.173059933969444746e-01,-2.557616837312783331e-01,2.271740181457531857e-02,3.324681949855356339e-02,4.364945787679014866e-01,-3.445773647721936950e-01,9.059791476394998821e-02,1.487099534131972392e-02,0.000000000000000000e+00,0.000000000000000000e+00,-8.079400775653060307e-02,2.169345138377820614e-01,-5.078414056649379615e-01,1.229618149871946953e+00,0.000000000000000000e+00,0.000000000000000000e+00,0.000000000000000000e+00,-1.106716168231900721e-01,-2.814033702644781476e-01,5.778051233241762175e-01,1.254095443876011462e+00,0.000000000000000000e+00,0.000000000000000000e+00,0.000000000000000000e+00
3.716090020696804358e-02,1.179481563521252774e+00,8.874397094041530654e-01,-9.294603040273663117e-03,1.311121108375326409e-02,7.182196045279621854e-01,6.956308691899294461e-01,-2.991104160995334271e-01,-1.396424584397334689e-01,-1.435239054318470930e-01,5.548411214604257458e-01,-5.192881995558982222e-01,1.195573499851838584e-01,-2.577534062412323856e-01,2.221276610117757511e-02,3.373590173878682902e-02,4.442526001242108058e-01,-3.466216465928863566e-01,8.972526092823716881e-02,1.422668566492143322e-02,0.000000000000000000e+00,0.000000000000000000e+00,-7.896260506935864898e-02,2.159551273810756400e-01,-5.068890602937452527e-01,1.229864756134765535e+00,0.000000000000000000e+00,0.000000000000000000e+00,0.000000000000000000e+00,-1.116114760589449056e-01,-2.815318760782856145e-01,5.767656001131155064e-01,1.255503245339872009e+00,0.000000000000000000e+00,0.000000000000000000e+00,0.000000000000000000e+00
3.694038600035379205e-02,1.179477285687663191e+00,8.876090539072333252e-01,-1.004046067407362262e-02,1.343769086284392171e-02,7.180431187928416614e-01,6.957964480851955846e-01,-2.998193274684137211e-01,-1.389258730374889339e-01,-1.433692471620892084e-01,5.529340700347684656e-01,-5.187264274764900041e-01,1.191862266091600481e-01,-2.572943283009792581e-01,2.265547626209821544e-02,3.405690281223482802e-02,4.397061799864903087e-01,-3.452040641078138461e-01,8.993806359603247202e-02,1.331259900769453906e-02,0.000000000000000000e+00,0.000000000000000000e+00,-7.919562541822403046e-02,2.161347015435361174e-01,-5.079497381738218298e-01,1.228903366430533772e+00,0.000000000000000000e+00,0.000000000000000000e+00,0.000000000000000000e+00,-1.127932932323980064e-01,-2.818860282758052227e-01,5.784042232861634769e-01,1.254035167632432168e+00,0.000000000000000000e+00,0.000000000000000000e+00,0.000000000000000000e+00
3.681634143107665597e-02,1.179610862723097675e+00,8.879712261591093947e-01,-1.068656926798058904e-02,1.464372940882987216e-02,7.187111595882209603e-01,6.950723901218024414e-01,-2.992108488265211585e-01,-1.399713094441941974e-01,-1.447165745149226745e-01,5.458274489082188818e-01,-5.159660429217607369e-01,1.184472629889699452e-01,-2.573739988474403328e-01,2.055649237900849732e-02,3.213922011367525977e-02,4.348382377993819659e-01,-3.435053369997418393e-01,8.980221733701151954e-02,1.328231224465679580e-02,0.000000000000000000e+00,0.000000000000000000e+00,-8.167041056126478349e-02,2.153114927206458695e-01,-5.105429911713047497e-01,1.230703748368367378e+00,0.000000000000000000e+00,0.000000000000000000e+00,0.000000000000000000e+00,-1.126955882050982571e-01,-2.828211187437603691e-01,5.770727450052253182e-01,1.254411371751760207e+00,0.000000000000000000e+00,0.000000000000000000e+00,0.000000000000000000e+00
3.665353716653747818e-02,1.179579330304459273e+00,8.875871403681782068e-01,-9.938857297730845780e-03,1.298860361117299897e-02,7.185586813983472210e-01,6.952740011527211994e-01,-2.990874068165065847e-01,-1.387434761691865581e-01,-1.432606579328402630e-01,5.533218112251352405e-01,-5.189723677266411261e-01,1.190664310560965722e-01,-2.563511460291001964e-01,2.274690543886418240e-02,3.384339651254758552e-02,4.399447196669253879e-01,-3.442682794291355153e-01,8.977898662730052215e-02,1.236253483706735434e-02,0.000000000000000000e+00,0.000000000000000000e+00,-7.877768206985802379e-02,2.160403576118748725e-01,-5.089603951560121020e-01,1.228600652342078048e+00,0.000000000000000000e+00,0.000000000000000000e+00,0.000000000000000000e+00,-1.121030248074244839e-01,-2.820069980279346078e-01,5.764108755109241811e-01,1.254613191364778668e+00,0.000000000000000000e+00,0.000000000000000000e+00,0.000000000000000000e+00
3.662789702554176269e-02,1.179762678454574942e+00,8.880153983831498010e-01,-1.030355887819956774e-02,1.373647334831464353e-02,7.182661599311149780e-01,6.955565178130405091e-01,-2.972120795986683550e-01,-1.387461384261290676e-01,-1.437857616178859765e-01,5.464252660178727794e-01,-5.162917046221774386e-01,1.176148077643132533e-01,-2.538919364770524933e-01,2.194308812437019418e-02,3.391640177784111670e-02,4.319524525250910130e-01,-3.431950891531544978e-01,8.906842768912896779e-02,1.313226656686177808e-02,0.000000000000000000e+00,0.000000000000000000e+00,-7.985712745015523251e-02,2.158921080280777893e-01,-5.107608411253301561e-01,1.229908875410792302e+00,0.000000000000000000e+00,0.000000000000000000e+00,0.000000000000000000e+00,-1.122742964483650491e-01,-2.824081207891144807e-01,5.771838637521534698e-01,1.253723811794546394e+00,0.000000000000000000e+00,0.000000000000000000e+00,0.000000000000000000e+00
3.656872741283717643e-02,1.179867044260404452e+00,8.878490012079529592e-01,-1.029253779758065000e-02,1.358709373569068346e-02,7.187393974214797421e-01,6.950705957985199301e-01,-2.976506509942183354e-01,-1.393502154963577322e-01,-1.451636898312397284e-01,5.482269227540161882e-01,-5.179915554241198983e-01,1.165952887916154035e-01,-2.546623879405904844e-01,2.181654405311657385e-02,3.328755227137128458e-02,4.347129159716702218e-01,-3.445888670536478293e-01,8.986016212805618408e-02,1.417834657157609340e-02,0.000000000000000000e+00,0.000000000000000000e+00,-7.965725140366217150e-02,2.164279875028125022e-01,-5.123218951832704260e-01,1.227629035499309573e+00,0.000000000000000000e+00,0.000000000000000000e+00,0.000000000000000000e+00,-1.110270977079832744e-01,-2.829516578625190792e-01,5.767617399673733436e-01,1.253923600930118232e+00,0.000000000000000000e+00,0.000000000000000000e+00,0.000000000000000000e+00
3.655234320424686351e-02,1.179993835783111233e+00,8.880162180849127118e-01,-9.984802044863851436e-03,1.360057403575561270e-02,7.183283094168076977e-01,6.954996534897859295e-01,-2.959375920772868152e-01,-1.397828692963662967e-01,-1.453447725237582422e-01,5.458519414263932612e-01,-5.155612026667877323e-01,1.173868613351384815e-01,-2.534864951695681157e-01,2.192823570773651948e-02,3.512096558029918769e-02,4.331905846600663246e-01,-3.433352193875445213e-01,9.019203229735635319e-02,1.341456377952431403e-02,0.000000000000000000e+00,0.000000000000000000e+00,-7.990487459407182025e-02,2.157825352434890320e-01,-5.109851865971244411e-01,1.230708530401314338e+00,0.000000000000000000e+00,0.000000000000000000e+00,0.000000000000000000e+00,-1.118483598058174489e-01,-2.823161683895576424e-01,5.755720501335063188e-01,1.255505639700321918e+00,0.000000000000000000e+00,0.000000000000000000e+00,0.000000000000000000e+00
3.650703060492192786e-02,1.180154049845278053e+00,8.882913401263174968e-01,-1.107614696794093426e-02,1.296713447219972892e-02,7.181441728691551063e-01,6.956853594592892209e-01,-2.961870289961935354e-01,-1.362354649505775339e-01,-1.442606363911767275e-01,5.455989133635840149e-01,-5.162394187705133808e-01,1.175729622317751299e-01,-2.492965131272123769e-01,2.458368056617818778e-02,3.494683533142708964e-02,4.228733021062727193e-01,-3.383447226415614018e-01,9.086150867084460958e-02,1.449571442059664240e-02,0.000000000000000000e+00,0.000000000000000000e+00,-8.039088419271131492e-02,2.174458363161133612e-01,-5.110607126037945980e-01,1.230106048826459686e+00,0.000000000000000000e+00,0.000000000000000000e+00,0.000000000000000000e+00,-1.124212590031337250e-01,-2.809681302533034164e-01,5.767004843317189433e-01,1.257233518797318039e+00,0.000000000000000000e+00,0.000000000000000000e+00,0.000000000000000000e+00
3.655168038489445270e-02,1.180289867291665074e+00,8.884408816146363019e-01,-1.104763511612462043e-02,1.315474956123454872e-02,7.178577152340138712e-01,6.959778753676891805e-01,-2.948010853859990843e-01,-1.360972748203599925e-01,-1.440538944956940570e-01,5.428802447427093503e-01,-5.162225991227508137e-01,1.172892839358809502e-01,-2.483198378159552910e-01,2.456914508235528982e-02,3.579442857439055214e-02,4.206523095387935118e-01,-3.379213881301555977e-01,9.055760205652883810e-02,1.504290947319120511e-02,0.000000000000000000e+00,0.000000000000000000e+00,-8.027944666758163317e-02,2.163768911977675957e-01,-5.087178216174634837e-01,1.232143701924008239e+00,0.000000000000000000e+00,0.000000000000000000e+00,0.000000000000000000e+00,-1.125412341768225882e-01,-2.810911647930374180e-01,5.769675403597485097e-01,1.257484403146670537e+00,0.000000000000000000e+00,0.000000000000000000e+00,0.000000000000000000e+00
3.662543113087210478e-02,1.180375105511644929e+00,8.884367720991100947e-01,-1.124550541305866826e-02,1.237406100337599957e-02,7.171335447830292642e-01,6.967351721918557672e-01,-2.951883438232124623e-01,-1.340658702409637248e-01,-1.429482759278469239e-01,5.462444230606862128e-01,-5.179588848904319587e-01,1.179996255761668333e-01,-2.458746008550098672e-01,2.691824319257843379e-02,3.694965392188522685e-02,4.169525671295527536e-01,-3.359068261675355882e-01,8.951411375921972113e-02,1.617491085806109508e-02,0.000000000000000000e+00,0.000000000000000000e+00,-8.032068407375167474e-02,2.166011966567846780e-01,-5.070670660995617585e-01,1.234640060240317361e+00,0.000000000000000000e+00,0.000000000000000000e+00,0.000000000000000000e+00,-1.126117552318997850e-01,-2.797448415954476020e-01,5.751836126802882809e-01,1.256572459788538376e+00,0.000000000000000000e+00,0.000000000000000000e+00,0.000000000000000000e+00
3.682662584583985127e-02,1.180510902456484157e+00,8.884906359645546869e-01,-1.129706658224184992e-02,1.292793375426818520e-02,7.174276051605488203e-01,6.964214788252005572e-01,-2.952683859694984481e-01,-1.351351357162958178e-01,-1.442654490815915569e-01,5.446162429415825068e-01,-5.168290237128990716e-01,1.187096424952528151e-01,-2.467211530495974359e-01,2.587836440940632921e-02,3.595738875678482910e-02,4.171526146361070886e-01,-3.353244787124626813e-01,9.004489776995364125e-02,1.625758150112702194e-02,0.000000000000000000e+00,0.000000000000000000e+00,-8.117358246828766666e-02,2.154161474874131121e-01,-5.063669260380515569e-01,1.237207090116800856e+00,0.000000000000000000e+00,0.000000000000000000e+00,0.000000000000000000e+00,-1.122750044061930630e-01,-2.791149498068163370e-01,5.715697194476866416e-01,1.258141233827860583e+00,0.000000000000000000e+00,0.000000000000000000e+00,0.000000000000000000e+00
3.703087648746170024e-02,1.180635836408666428e+00,8.887750953228054085e-01,-1.176812145303378875e-02,1.323572570466391429e-02,7.167854116922645069e-01,6.970688635046670134e-01,-2.948663380980328652e-01,-1.335181415745213263e-01,-1.433149956464553343e-01,5.414810615759437784e-01,-5.146253186182792039e-01,1.165525213214759215e-01,-2.441737572672676992e-01,2.615322957022623088e-02,3.503802130369876311e-02,4.094313660960966494e-01,-3.336790533850209073e-01,8.842838388184225129e-02,1.604078002696280106e-02,0.000000000000000000e+00,0.000000000000000000e+00,-8.185899340126567836e-02,2.162182931796139962e-01,-5.051152677060652962e-01,1.240201460289588331e+00,0.000000000000000000e+00,0.000000000000000000e+00,0.000000000000000000e+00,-1.131186691832601343e-01,-2.790274798282079693e-01,5.742414182234081288e-01,1.255661448885354581e+00,0.000000000000000000e+00,0.000000000000000000e+00,0.000000000000000000e+00
3.703087648746170024e-02,1.180635836408666428e+00,8.887750953228054085e-01,-1.176812145303378875e-02,1.323572570466391429e-02,7.167854116922645069e-01,6.970688635046670134e-01,-2.928457970417950307e-01,-1.323371569942456694e-01,-1.418798285686397320e-01,5.380403297227434045e-01,-5.119084039845299694e-01,1.163010268574744266e-01,-2.432765014629260647e-01,2.677449683737223932e-02,3.615904326334726943e-02,4.086390830543082942e-01,-3.344317038243008744e-01,8.811505797083471481e-02,1.571572193393993080e-02,0.000000000000000000e+00,0.000000000000000000e+00,-8.148812961858233062e-02,2.164217341734346323e-01,-5.062592279377381432e-01,1.239247529430691497e+00,0.000000000000000000e+00,0.000000000000000000e+00,0.000000000000000000e+00,-1.129577816420732211e-01,-2.782824853628117490e-01,5.755372711509365580e-01,1.254966017879227236e+00,0.000000000000000000e+00,0.000000000000000000e+00,0.000000000000000000e+00
3.703087648746170024e-02,1.180635836408666428e+00,8.887750953228054085e-01,-1.176812145303378875e-02,1.323572570466391429e-02,7.167854116922645069e-01,6.970688635046670134e-01,-2.908252559855572517e-01,-1.311561724139700125e-01,-1.404446614908241298e-01,5.345995978695431416e-01,-5.091914893507808459e-01,1.160495323934729456e-01,-2.423792456585844579e-01,2.739576410451825123e-02,3.728006522299576880e-02,4.078468000125200499e-01,-3.351843542635809525e-01,8.780173205982719220e-02,1.539066384091706749e-02,0.000000000000000000e+00,0.000000000000000000e+00,-8.111726583589899675e-02,2.166251751672553238e-01,-5.074031881694109902e-01,1.238293598571794885e+00,0.000000000000000000e+00,0.000000000000000000e+00,0.000000000000000000e+00,-1.127968941008863357e-01,-2.775374908974155286e-01,5.768331240784650982e-01,1.254270586873100335e+00,0.000000000000000000e+00,0.000000000000000000e+00,0.000000000000000000e+00
3.703087648746170024e-02,1.180635836408666428e+00,8.887750953228054085e-01,-1.176812145303378875e-02,1.323572570466391429e-02,7.167854116922645069e-01,6.970688635046670134e-01,-2.888047149293194726e-01,-1.299751878336943556e-01,-1.390094944130085275e-01,5.311588660163428788e-01,-5.064745747170316115e-01,1.157980379294714507e-01,-2.414819898542427956e-01,2.801703137166425966e-02,3.840108718264426818e-02,4.070545169707316946e-01,-3.359370047028609196e-01,8.748840614881966959e-02,1.506560574789419897e-02,0.000000000000000000e+00,0.000000000000000000e+00,-8.074640205321566289e-02,2.168286161610759877e-01,-5.085471484010838372e-01,1.237339667712898272e+00,0.000000000000000000e+00,0.000000000000000000e+00,0.000000000000000000e+00,-1.126360065596994225e-01,-2.767924964320193082e-01,5.781289770059935273e-01,1.253575155866972990e+00,0.000000000000000000e+00,0.000000000000000000e+00,0.000000000000000000e+00
3.703087648746170024e-02,1.180635836408666428e+00,8.887750953228054085e-01,-1.176812145303378875e-02,1.323572570466391429e-02,7.167854116922645069e-01,6.970688635046670134e-01,-2.867841738730816936e-01,-1.287942032534186709e-01,-1.375743273351928975e-01,5.277181341631426159e-01,-5.037576600832823770e-01,1.155465434654699558e-01,-2.405847340499012166e-01,2.863829863881026810e-02,3.952210914229277450e-02,4.062622339289434503e-01,-3.366896551421409423e-01,8.717508023781214699e-02,1.474054765487133219e-02,0.000000000000000000e+00,0.000000000000000000e+00,-8.037553827053231514e-02,2.170320571548966515e-01,-5.096911086327566842e-01,1.236385736854001660e+00,0.000000000000000000e+00,0.000000000000000000e+00,0.000000000000000000e+00,-1.124751190185125371e-01,-2.760475019666230878e-01,5.794248299335220675e-01,1.252879724860845867e+00,0.000000000000000000e+00,0.000000000000000000e+00,0.000000000000000000e+00
3.703087648746170024e-02,1.180635836408666428e+00,8.887750953228054085e-01,-1.176812145303378875e-02,1.323572570466391429e-02,7.167854116922645069e-01,6.970688635046670134e-01,-2.847636328168438591e-01,-1.276132186731430140e-01,-1.361391602573772952e-01,5.242774023099423530e-01,-5.010407454495331425e-01,1.152950490014684748e-01,-2.396874782455595820e-01,2.925956590595627654e-02,4.064313110194127387e-02,4.054699508871550950e-01,-3.374423055814209094e-01,8.686175432680462438e-02,1.441548956184846367e-02,0.000000000000000000e+00,0.000000000000000000e+00,-8.000467448784898128e-02,2.172354981487173153e-01,-5.108350688644295312e-01,1.235431805995104826e+00,0.000000000000000000e+00,0.000000000000000000e+00,0.000000000000000000e+00,-1.123142314773256240e-01,-2.753025075012268674e-01,5.807206828610504967e-01,1.252184293854718522e+00,0.000000000000000000e+00,0.000000000000000000e+00,0.000000000000000000e+00
3.703087648746170024e-02,1.180635836408666428e+00,8.887750953228054085e-01,-1.176812145303378875e-02,1.323572570466391429e-02,7.167854116922645069e-01,6.970688635046670134e-01,-2.827430917606060801e-01,-1.264322340928673571e-01,-1.347039931795617207e-01,5.208366704567420902e-01,-4.983238308157840191e-01,1.150435545374669938e-01,-2.387902224412179752e-01,2.988083317310228845e-02,4.176415306158978019e-02,4.046776678453667953e-01,-3.381949560207009320e-01,8.654842841579710178e-02,1.409043146882559862e-02,0.000000000000000000e+00,0.000000000000000000e+00,-7.963381070516566129e-02,2.174389391425379792e-01,-5.119790290961024892e-01,1.234477875136208436e+00,0.000000000000000000e+00,0.000000000000000000e+00,0.000000000000000000e+00,-1.121533439361387247e-01,-2.745575130358306470e-01,5.820165357885790369e-01,1.251488862848591621e+00,0.000000000000000000e+00,0.000000000000000000e+00,0.000000000000000000e+00
3.703087648746170024e-02,1.180635836408666428e+00,8.887750953228054085e-01,-1.176812145303378875e-02,1.323572570466391429e-02,7.167854116922645069e-01,6.970688635046670134e-01,-2.807225507043683010e-01,-1.252512495125917003e-01,-1.332688261017460907e-01,5.173959386035417163e-01,-4.956069161820347846e-01,1.147920600734654850e-01,-2.378929666368763129e-01,3.050210044024829689e-02,4.288517502123827957e-02,4.038853848035784955e-01,-3.389476064599809546e-01,8.623510250478957917e-02,1.376537337580273010e-02,0.000000000000000000e+00,0.000000000000000000e+00,-7.926294692248231355e-02,2.176423801363586152e-01,-5.131229893277753362e-01,1.233523944277311601e+00,0.000000000000000000e+00,0.000000000000000000e+00,0.000000000000000000e+00,-1.119924563949518254e-01,-2.738125185704343711e-01,5.833123887161075771e-01,1.250793431842464276e+00,0.000000000000000000e+00,0.000000000000000000e+00,0.000000000000000000e+00
3.703087648746170024e-02,1.180635836408666428e+00,8.887750953228054085e-01,-1.176812145303378875e-02,1.323572570466391429e-02,7.167854116922645069e-01,6.970688635046670134e-01,-2.787020096481305220e-01,-1.240702649323160295e-01,-1.318336590239304884e-01,5.139552067503414534e-01,-4.928900015482856056e-01,1.145405656094640179e-01,-2.369957108325347062e-01,3.112336770739430880e-02,4.400619698088678589e-02,4.030931017617901402e-01,-3.397002568992609772e-01,8.592177659378205656e-02,1.344031528277986332e-02,0.000000000000000000e+00,0.000000000000000000e+00,-7.889208313979897969e-02,2.178458211301793068e-01,-5.142669495594481832e-01,1.232570013418414767e+00,0.000000000000000000e+00,0.000000000000000000e+00,0.000000000000000000e+00,-1.118315688537649261e-01,-2.730675241050382063e-01,5.846082416436360063e-01,1.250098000836337375e+00,0.000000000000000000e+00,0.000000000000000000e+00,0.000000000000000000e+00
3.703087648746170024e-02,1.180635836408666428e+00,8.887750953228054085e-01,-1.176812145303378875e-02,1.323572570466391429e-02,7.167854116922645069e-01,6.970688635046670134e-01,-2.766814685918926875e-01,-1.228892803520403726e-01,-1.303984919461148861e-01,5.105144748971410795e-01,-4.901730869145363712e-01,1.142890711454625091e-01,-2.360984550281930994e-01,3.174463497454031724e-02,4.512721894053528526e-02,4.023008187200017849e-01,-3.404529073385409998e-01,8.560845068277452008e-02,1.311525718975699653e-02,0.000000000000000000e+00,0.000000000000000000e+00,-7.852121935711563194e-02,2.180492621239999707e-01,-5.154109097911209192e-01,1.231616082559518155e+00,0.000000000000000000e+00,0.000000000000000000e+00,0.000000000000000000e+00,-1.116706813125780129e-01,-2.723225296396419859e-01,5.859040945711644355e-01,1.249402569830210030e+00,0.000000000000000000e+00,0.000000000000000000e+00,0.000000000000000000e+00
3.703087648746170024e-02,1.180635836408666428e+00,8.887750953228054085e-01,-1.176812145303378875e-02,1.323572570466391429e-02,7.167854116922645069e-01,6.970688635046670134e-01,-2.746609275356549085e-01,-1.217082957717647018e-01,-1.289633248682992839e-01,5.070737430439409277e-01,-4.874561722807871922e-01,1.140375766814610281e-01,-2.352011992238514648e-01,3.236590224168632568e-02,4.624824090018378464e-02,4.015085356782135406e-01,-3.412055577778210225e-01,8.529512477176699747e-02,1.279019909673412975e-02,0.000000000000000000e+00,0.000000000000000000e+00,-7.815035557443229808e-02,2.182527031178206345e-01,-5.165548700227938772e-01,1.230662151700621543e+00,0.000000000000000000e+00,0.000000000000000000e+00,0.000000000000000000e+00,-1.115097937713911136e-01,-2.715775351742457655e-01,5.871999474986929757e-01,1.248707138824083129e+00,0.000000000000000000e+00,0.000000000000000000e+00,0.000000000000000000e+00
3.703087648746170024e-02,1.180635836408666428e+00,8.887750953228054085e-01,-1.176812145303378875e-02,1.323572570466391429e-02,7.167854116922645069e-01,6.970688635046670134e-01,-2.726403864794170739e-01,-1.205273111914890449e-01,-1.275281577904836539e-01,5.036330111907405538e-01,-4.847392576470379577e-01,1.137860822174595332e-01,-2.343039434195098303e-01,3.298716950883233412e-02,4.736926285983228402e-02,4.007162526364251853e-01,-3.419582082171009896e-01,8.498179886075946099e-02,1.246514100371126123e-02,0.000000000000000000e+00,0.000000000000000000e+00,-7.777949179174896421e-02,2.184561441116412706e-01,-5.176988302544667242e-01,1.229708220841724930e+00,0.000000000000000000e+00,0.000000000000000000e+00,0.000000000000000000e+00,-1.113489062302042004e-01,-2.708325407088495451e-01,5.884958004262215159e-01,1.248011707817955784e+00,0.000000000000000000e+00,0.000000000000000000e+00,0.000000000000000000e+00
3.703087648746170024e-02,1.180635836408666428e+00,8.887750953228054085e-01,-1.176812145303378875e-02,1.323572570466391429e-02,7.167854116922645069e-01,6.970688635046670134e-01,-2.706198454231792949e-01,-1.193463266112133880e-01,-1.260929907126680793e-01,5.001922793375402909e-01,-4.820223430132887787e-01,1.135345877534580522e-01,-2.334066876151682235e-01,3.360843677597834950e-02,4.849028481948079727e-02,3.999239695946369411e-01,-3.427108586563810122e-01,8.466847294975195226e-02,1.214008291068839444e-02,0.000000000000000000e+00,0.000000000000000000e+00,-7.740862800906561647e-02,2.186595851054619621e-01,-5.188427904861395712e-01,1.228754289982828096e+00,0.000000000000000000e+00,0.000000000000000000e+00,0.000000000000000000e+00,-1.111880186890173150e-01,-2.700875462434533247e-01,5.897916533537499451e-01,1.247316276811828661e+00,0.000000000000000000e+00,0.000000000000000000e+00,0.000000000000000000e+00
3.703087648746170024e-02,1.180635836408666428e+00,8.887750953228054085e-01,-1.176812145303378875e-02,1.323572570466391429e-02,7.167854116922645069e-01,6.970688635046670134e-01,-2.685993043669414604e-01,-1.181653420309377311e-01,-1.246578236348524493e-01,4.967515474843399725e-01,-4.793054283795395998e-01,1.132830932894565573e-01,-2.325094318108266167e-01,3.422970404312435794e-02,4.961130677912929665e-02,3.991316865528485858e-01,-3.434635090956610348e-01,8.435514703874442966e-02,1.181502481766552766e-02,0.000000000000000000e+00,0.000000000000000000e+00,-7.703776422638228261e-02,2.188630260992826260e-01,-5.199867507178124182e-01,1.227800359123931484e+00,0.000000000000000000e+00,0.000000000000000000e+00,0.000000000000000000e+00,-1.110271311478304157e-01,-2.693425517780571044e-01,5.910875062812783742e-01,1.246620845805701538e+00,0.000000000000000000e+00,0.000000000000000000e+00,0.000000000000000000e+00
3.703087648746170024e-02,1.180635836408666428e+00,8.887750953228054085e-01,-1.176812145303378875e-02,1.323572570466391429e-02,7.167854116922645069e-01,6.970688635046670134e-01,-2.665787633107036814e-01,-1.169843574506620465e-01,-1.232226565570368471e-01,4.933108156311396542e-01,-4.765885137457903098e-01,1.130315988254550763e-01,-2.316121760064849544e-01,3.485097131027036638e-02,5.073232873877779603e-02,3.983394035110602305e-01,-3.442161595349410019e-01,8.404182112773689317e-02,1.148996672464265914e-02,0.000000000000000000e+00,0.000000000000000000e+00,-7.666690044369893486e-02,2.190664670931032620e-01,-5.211307109494852652e-01,1.226846428265034650e+00,0.000000000000000000e+00,0.000000000000000000e+00,0.000000000000000000e+00,-1.108662436066435025e-01,-2.685975573126608285e-01,5.923833592088069144e-01,1.245925414799574193e+00,0.000000000000000000e+00,0.000000000000000000e+00,0.000000000000000000e+00
3.703087648746170024e-02,1.180635836408666428e+00,8.887750953228054085e-01,-1.176812145303378875e-02,1.323572570466391429e-02,7.167854116922645069e-01,6.970688635046670134e-01,-2.645582222544659023e-01,-1.158033728703863896e-01,-1.217874894792212448e-01,4.898700837779393913e-01,-4.738715991120411863e-01,1.127801043614535814e-01,-2.307149202021433476e-01,3.547223857741638176e-02,5.185335069842630235e-02,3.975471204692719862e-01,-3.449688099742210246e-01,8.372849521672937056e-02,1.116490863161979409e-02,0.000000000000000000e+00,0.000000000000000000e+00,-7.629603666101560100e-02,2.192699080869239536e-01,-5.222746711811581122e-01,1.225892497406138038e+00,0.000000000000000000e+00,0.000000000000000000e+00,0.000000000000000000e+00,-1.107053560654566032e-01,-2.678525628472646636e-01,5.936792121363354546e-01,1.245229983793447071e+00,0.000000000000000000e+00,0.000000000000000000e+00,0.000000000000000000e+00
3.703087648746170024e-02,1.180635836408666428e+00,8.887750953228054085e-01,-1.176812145303378875e-02,1.323572570466391429e-02,7.167854116922645069e-01,6.970688635046670134e-01,-2.625376811982281233e-01,-1.146223882901107466e-01,-1.203523224014056425e-01,4.864293519247391284e-01,-4.711546844782920074e-01,1.125286098974520865e-01,-2.298176643978017408e-01,3.609350584456239019e-02,5.297437265807480866e-02,3.967548374274836864e-01,-3.457214604135010472e-01,8.341516930572184796e-02,1.083985053859692731e-02,0.000000000000000000e+00,0.000000000000000000e+00,-7.592517287833228101e-02,2.194733490807446175e-01,-5.234186314128310702e-01,1.224938566547241425e+00,0.000000000000000000e+00,0.000000000000000000e+00,0.000000000000000000e+00,-1.105444685242697039e-01,-2.671075683818684432e-01,5.949750650638638838e-01,1.244534552787319948e+00,0.000000000000000000e+00,0.000000000000000000e+00,0.000000000000000000e+00
3.703087648746170024e-02,1.180635836408666428e+00,8.887750953228054085e-01,-1.176812145303378875e-02,1.323572570466391429e-02,7.167854116922645069e-01,6.970688635046670134e-01,-2.605171401419903443e-01,-1.134414037098350758e-01,-1.189171553235900264e-01,4.829886200715388656e-01,-4.684377698445427729e-01,1.122771154334506055e-01,-2.289204085934600785e-01,3.671477311170839863e-02,5.409539461772330804e-02,3.959625543856953866e-01,-3.464741108527810143e-01,8.310184339471432535e-02,1.051479244557405879e-02,0.000000000000000000e+00,0.000000000000000000e+00,-7.555430909564891939e-02,2.196767900745652535e-01,-5.245625916445039172e-01,1.223984635688344591e+00,0.000000000000000000e+00,0.000000000000000000e+00,0.000000000000000000e+00,-1.103835809830828046e-01,-2.663625739164722228e-01,5.962709179913924240e-01,1.243839121781192825e+00,0.000000000000000000e+00,0.000000000000000000e+00,0.000000000000000000e+00
3.703087648746170024e-02,1.180635836408666428e+00,8.887750953228054085e-01,-1.176812145303378875e-02,1.323572570466391429e-02,7.167854116922645069e-01,6.970688635046670134e-01,-2.584965990857525098e-01,-1.122604191295594050e-01,-1.174819882457744102e-01,4.795478882183384917e-01,-4.657208552107935384e-01,1.120256209694491106e-01,-2.280231527891184717e-01,3.733604037885440707e-02,5.521641657737180742e-02,3.951702713439070314e-01,-3.472267612920610369e-01,8.278851748370678887e-02,1.018973435255119200e-02,0.000000000000000000e+00,0.000000000000000000e+00,-7.518344531296558553e-02,2.198802310683858896e-01,-5.257065518761766532e-01,1.223030704829447979e+00,0.000000000000000000e+00,0.000000000000000000e+00,0.000000000000000000e+00,-1.102226934418958915e-01,-2.656175794510759469e-01,5.975667709189207422e-01,1.243143690775065480e+00,0.000000000000000000e+00,0.000000000000000000e+00,0.000000000000000000e+00
3.703087648746170024e-02,1.180635836408666428e+00,8.887750953228054085e-01,-1.176812145303378875e-02,1.323572570466391429e-02,7.167854116922645069e-01,6.970688635046670134e-01,-2.564760580295147308e-01,-1.110794345492837482e-01,-1.160468211679588080e-01,4.761071563651382288e-01,-4.630039405770443595e-01,1.117741265054476296e-01,-2.271258969847768650e-01,3.795730764600041551e-02,5.633743853702030679e-02,3.943779883021187316e-01,-3.479794117313410595e-01,8.247519157269928014e-02,9.864676259528323485e-03,0.000000000000000000e+00,0.000000000000000000e+00,-7.481258153028225166e-02,2.200836720622065812e-01,-5.268505121078495002e-01,1.222076773970551367e+00,0.000000000000000000e+00,0.000000000000000000e+00,0.000000000000000000e+00,-1.100618059007090060e-01,-2.648725849856797820e-01,5.988626238464493934e-01,1.242448259768938357e+00,0.000000000000000000e+00,0.000000000000000000e+00,0.000000000000000000e+00
3.703087648746170024e-02,1.180635836408666428e+00,8.887750953228054085e-01,-1.176812145303378875e-02,1.323572570466391429e-02,7.167854116922645069e-01,6.970688635046670134e-01,-2.544555169732769517e-01,-1.098984499690081051e-01,-1.146116540901432057e-01,4.726664245119379659e-01,-4.602870259432951805e-01,1.115226320414461486e-01,-2.262286411804352582e-01,3.857857491314642395e-02,5.745846049666882005e-02,3.935857052603304318e-01,-3.487320621706210821e-01,8.216186566169175753e-02,9.539618166505458435e-03,0.000000000000000000e+00,0.000000000000000000e+00,-7.444171774759891780e-02,2.202871130560272728e-01,-5.279944723395224582e-01,1.221122843111654532e+00,0.000000000000000000e+00,0.000000000000000000e+00,0.000000000000000000e+00,-1.099009183595221067e-01,-2.641275905202835617e-01,6.001584767739778226e-01,1.241752828762811234e+00,0.000000000000000000e+00,0.000000000000000000e+00,0.000000000000000000e+00
3.703087648746170024e-02,1.180635836408666428e+00,8.887750953228054085e-01,-1.176812145303378875e-02,1.323572570466391429e-02,7.167854116922645069e-01,6.970688635046670134e-01,-2.524349759170391172e-01,-1.087174653887324205e-01,-1.131764870123276034e-01,4.692256926587377031e-01,-4.575701113095459460e-01,1.112711375774446398e-01,-2.253313853760935959e-01,3.919984218029243239e-02,5.857948245631731943e-02,3.927934222185421320e-01,-3.494847126099011048e-01,8.184853975068422105e-02,9.214560073482589916e-03,0.000000000000000000e+00,0.000000000000000000e+00,-7.407085396491557006e-02,2.204905540498479088e-01,-5.291384325711953052e-01,1.220168912252757920e+00,0.000000000000000000e+00,0.000000000000000000e+00,0.000000000000000000e+00,-1.097400308183351936e-01,-2.633825960548872858e-01,6.014543297015062517e-01,1.241057397756684111e+00,0.000000000000000000e+00,0.000000000000000000e+00,0.000000000000000000e+00
3.703087648746170024e-02,1.180635836408666428e+00,8.887750953228054085e-01,-1.176812145303378875e-02,1.323572570466391429e-02,7.167854116922645069e-01,6.970688635046670134e-01,-2.504144348608012827e-01,-1.075364808084567636e-01,-1.117413199345119873e-01,4.657849608055373292e-01,-4.548531966757967115e-01,1.110196431134431450e-01,-2.244341295717519891e-01,3.982110944743844083e-02,5.970050441596581881e-02,3.920011391767538322e-01,-3.502373630491810719e-01,8.153521383967669844e-02,8.889501980459723132e-03,0.000000000000000000e+00,0.000000000000000000e+00,-7.369999018223223619e-02,2.206939950436685727e-01,-5.302823928028681522e-01,1.219214981393861086e+00,0.000000000000000000e+00,0.000000000000000000e+00,0.000000000000000000e+00,-1.095791432771482943e-01,-2.626376015894910654e-01,6.027501826290347919e-01,1.240361966750556988e+00,0.000000000000000000e+00,0.000000000000000000e+00,0.000000000000000000e+00
3.703087648746170024e-02,1.180635836408666428e+00,8.887750953228054085e-01,-1.176812145303378875e-02,1.323572570466391429e-02,7.167854116922645069e-01,6.970688635046670134e-01,-2.483938938045635036e-01,-1.063554962281811067e-01,-1.103061528566963989e-01,4.623442289523370663e-01,-4.521362820420475326e-01,1.107681486494416778e-01,-2.235368737674103823e-01,4.044237671458444927e-02,6.082152637561431818e-02,3.912088561349654769e-01,-3.509900134884611500e-01,8.122188792866917584e-02,8.564443887436856348e-03,0.000000000000000000e+00,0.000000000000000000e+00,-7.332912639954890233e-02,2.208974360374892365e-01,-5.314263530345409992e-01,1.218261050534964474e+00,0.000000000000000000e+00,0.000000000000000000e+00,0.000000000000000000e+00,-1.094182557359613950e-01,-2.618926071240949005e-01,6.040460355565632211e-01,1.239666535744429865e+00,0.000000000000000000e+00,0.000000000000000000e+00,0.000000000000000000e+00
3.703087648746170024e-02,1.180635836408666428e+00,8.887750953228054085e-01,-1.176812145303378875e-02,1.323572570466391429e-02,7.167854116922645069e-01,6.970688635046670134e-01,-2.463733527483257246e-01,-1.051745116479054359e-01,-1.088709857788807966e-01,4.589034970991368034e-01,-4.494193674082983536e-01,1.105166541854401829e-01,-2.226396179630687200e-01,4.106364398173046465e-02,6.194254833526282450e-02,3.904165730931771772e-01,-3.517426639277411171e-01,8.090856201766165323e-02,8.239385794413987829e-03,0.000000000000000000e+00,0.000000000000000000e+00,-7.295826261686556846e-02,2.211008770313099003e-01,-5.325703132662138461e-01,1.217307119676067861e+00,0.000000000000000000e+00,0.000000000000000000e+00,0.000000000000000000e+00,-1.092573681947744957e-01,-2.611476126586986801e-01,6.053418884840917613e-01,1.238971104738302742e+00,0.000000000000000000e+00,0.000000000000000000e+00,0.000000000000000000e+00
3.703087648746170024e-02,1.180635836408666428e+00,8.887750953228054085e-01,-1.176812145303378875e-02,1.323572570466391429e-02,7.167854116922645069e-01,6.970688635046670134e-01,-2.443528116920879178e-01,-1.039935270676297652e-01,-1.074358187010651805e-01,4.554627652459364295e-01,-4.467024527745491191e-01,1.102651597214386742e-01,-2.217423621587271132e-01,4.168491124887647309e-02,6.306357029491133082e-02,3.896242900513888219e-01,-3.524953143670210842e-01,8.059523610665411675e-02,7.914327701391119310e-03,0.000000000000000000e+00,0.000000000000000000e+00,-7.258739883418222072e-02,2.213043180251305642e-01,-5.337142734978866931e-01,1.216353188817171027e+00,0.000000000000000000e+00,0.000000000000000000e+00,0.000000000000000000e+00,-1.090964806535875825e-01,-2.604026181933024042e-01,6.066377414116201905e-01,1.238275673732175397e+00,0.000000000000000000e+00,0.000000000000000000e+00,0.000000000000000000e+00
3.703087648746170024e-02,1.180635836408666428e+00,8.887750953228054085e-01,-1.176812145303378875e-02,1.323572570466391429e-02,7.167854116922645069e-01,6.970688635046670134e-01,-2.423322706358501111e-01,-1.028125424873541083e-01,-1.060006516232495782e-01,4.520220333927361667e-01,-4.439855381407999957e-01,1.100136652574371932e-01,-2.208451063543854787e-01,4.230617851602248847e-02,6.418459225455983019e-02,3.888320070096005221e-01,-3.532479648063011624e-01,8.028191019564659414e-02,7.589269608368252526e-03,0.000000000000000000e+00,0.000000000000000000e+00,-7.221653505149888685e-02,2.215077590189512557e-01,-5.348582337295595401e-01,1.215399257958274415e+00,0.000000000000000000e+00,0.000000000000000000e+00,0.000000000000000000e+00,-1.089355931124006832e-01,-2.596576237279062394e-01,6.079335943391487307e-01,1.237580242726048274e+00,0.000000000000000000e+00,0.000000000000000000e+00,0.000000000000000000e+00
3.703087648746170024e-02,1.180635836408666428e+00,8.887750953228054085e-01,-1.176812145303378875e-02,1.323572570466391429e-02,7.167854116922645069e-01,6.970688635046670134e-01,-2.403117295796123321e-01,-1.016315579070784653e-01,-1.045654845454339760e-01,4.485813015395359593e-01,-4.412686235070507612e-01,1.097621707934357260e-01,-2.199478505500438996e-01,4.292744578316849691e-02,6.530561421420832957e-02,3.880397239678122778e-01,-3.540006152455811850e-01,7.996858428463907154e-02,7.264211515345387477e-03,0.000000000000000000e+00,0.000000000000000000e+00,-7.184567126881555299e-02,2.217112000127718918e-01,-5.360021939612324982e-01,1.214445327099377803e+00,0.000000000000000000e+00,0.000000000000000000e+00,0.000000000000000000e+00,-1.087747055712137978e-01,-2.589126292625100190e-01,6.092294472666772709e-01,1.236884811719921373e+00,0.000000000000000000e+00,0.000000000000000000e+00,0.000000000000000000e+00
3.703087648746170024e-02,1.180635836408666428e+00,8.887750953228054085e-01,-1.176812145303378875e-02,1.323572570466391429e-02,7.167854116922645069e-01,6.970688635046670134e-01,-2.382911885233745253e-01,-1.004505733268027945e-01,-1.031303174676183598e-01,4.451405696863355854e-01,-4.385517088733015267e-01,1.095106763294342311e-01,-2.190505947457022373e-01,4.354871305031450535e-02,6.642663617385684283e-02,3.872474409260239225e-01,-3.547532656848611521e-01,7.965525837363154893e-02,6.939153422322518958e-03,0.000000000000000000e+00,0.000000000000000000e+00,-7.147480748613221913e-02,2.219146410065925556e-01,-5.371461541929052341e-01,1.213491396240481190e+00,0.000000000000000000e+00,0.000000000000000000e+00,0.000000000000000000e+00,-1.086138180300268707e-01,-2.581676347971137431e-01,6.105253001942057001e-01,1.236189380713794028e+00,0.000000000000000000e+00,0.000000000000000000e+00,0.000000000000000000e+00
3.703087648746170024e-02,1.180635836408666428e+00,8.887750953228054085e-01,-1.176812145303378875e-02,1.323572570466391429e-02,7.167854116922645069e-01,6.970688635046670134e-01,-2.362706474671367185e-01,-9.926958874652712372e-02,-1.016951503898027437e-01,4.416998378331352670e-01,-4.358347942395522923e-01,1.092591818654327224e-01,-2.181533389413606305e-01,4.416998031746051379e-02,6.754765813350532833e-02,3.864551578842355672e-01,-3.555059161241411747e-01,7.934193246262402632e-02,6.614095329299652173e-03,0.000000000000000000e+00,0.000000000000000000e+00,-7.110394370344887138e-02,2.221180820004132195e-01,-5.382901144245781921e-01,1.212537465381584578e+00,0.000000000000000000e+00,0.000000000000000000e+00,0.000000000000000000e+00,-1.084529304888399714e-01,-2.574226403317175227e-01,6.118211531217341292e-01,1.235493949707666683e+00,0.000000000000000000e+00,0.000000000000000000e+00,0.000000000000000000e+00
3.703087648746170024e-02,1.180635836408666428e+00,8.887750953228054085e-01,-1.176812145303378875e-02,1.323572570466391429e-02,7.167854116922645069e-01,6.970688635046670134e-01,-2.342501064108989395e-01,-9.808860416625146683e-02,-1.002599833119871553e-01,4.382591059799350042e-01,-4.331178796058031688e-01,1.090076874014312414e-01,-2.172560831370189960e-01,4.479124758460652223e-02,6.866868009315384158e-02,3.856628748424473230e-01,-3.562585665634211418e-01,7.902860655161650372e-02,6.289037236276785389e-03,0.000000000000000000e+00,0.000000000000000000e+00,-7.073307992076553752e-02,2.223215229942338833e-01,-5.394340746562509281e-01,1.211583534522687744e+00,0.000000000000000000e+00,0.000000000000000000e+00,0.000000000000000000e+00,-1.082920429476530721e-01,-2.566776458663213023e-01,6.131170060492626694e-01,1.234798518701539560e+00,0.000000000000000000e+00,0.000000000000000000e+00,0.000000000000000000e+00
3.703087648746170024e-02,1.180635836408666428e+00,8.887750953228054085e-01,-1.176812145303378875e-02,1.323572570466391429e-02,7.167854116922645069e-01,6.970688635046670134e-01,-2.322295653546611327e-01,-9.690761958597579606e-02,-9.882481623417155303e-02,4.348183741267347413e-01,-4.304009649720539343e-01,1.087561929374297465e-01,-2.163588273326773614e-01,4.541251485175253066e-02,6.978970205280234096e-02,3.848705918006589677e-01,-3.570112170027011644e-01,7.871528064060898111e-02,5.963979143253918605e-03,0.000000000000000000e+00,0.000000000000000000e+00,-7.036221613808218978e-02,2.225249639880545471e-01,-5.405780348879238861e-01,1.210629603663790910e+00,0.000000000000000000e+00,0.000000000000000000e+00,0.000000000000000000e+00,-1.081311554064661729e-01,-2.559326514009250819e-01,6.144128589767912096e-01,1.234103087695412437e+00,0.000000000000000000e+00,0.000000000000000000e+00,0.000000000000000000e+00
3.703087648746170024e-02,1.180635836408666428e+00,8.887750953228054085e-01,-1.176812145303378875e-02,1.323572570466391429e-02,7.167854116922645069e-01,6.970688635046670134e-01,-2.302090242984233537e-01,-9.572663500570013917e-02,-9.738964915635593689e-02,4.313776422735344784e-01,-4.276840503383046999e-01,1.085046984734282516e-01,-2.154615715283357547e-01,4.603378211889853910e-02,7.091072401245084034e-02,3.840783087588706679e-01,-3.577638674419811871e-01,7.840195472960144463e-02,5.638921050231050953e-03,0.000000000000000000e+00,0.000000000000000000e+00,-6.999135235539885591e-02,2.227284049818752110e-01,-5.417219951195967331e-01,1.209675672804894297e+00,0.000000000000000000e+00,0.000000000000000000e+00,0.000000000000000000e+00,-1.079702678652792736e-01,-2.551876569355288615e-01,6.157087119043196388e-01,1.233407656689285314e+00,0.000000000000000000e+00,0.000000000000000000e+00,0.000000000000000000e+00
3.703087648746170024e-02,1.180635836408666428e+00,8.887750953228054085e-01,-1.176812145303378875e-02,1.323572570466391429e-02,7.167854116922645069e-01,6.970688635046670134e-01,-2.281884832421855469e-01,-9.454565042542448228e-02,-9.595448207854032074e-02,4.279369104203341601e-01,-4.249671357045555209e-01,1.082532040094267706e-01,-2.145643157239941479e-01,4.665504938604455448e-02,7.203174597209935359e-02,3.832860257170823681e-01,-3.585165178812611542e-01,7.808862881859392202e-02,5.313862957208183302e-03,0.000000000000000000e+00,0.000000000000000000e+00,-6.962048857271552205e-02,2.229318459756958748e-01,-5.428659553512695801e-01,1.208721741945997685e+00,0.000000000000000000e+00,0.000000000000000000e+00,0.000000000000000000e+00,-1.078093803240923743e-01,-2.544426624701326412e-01,6.170045648318480680e-01,1.232712225683158191e+00,0.000000000000000000e+00,0.000000000000000000e+00,0.000000000000000000e+00
3.703087648746170024e-02,1.180635836408666428e+00,8.887750953228054085e-01,-1.176812145303378875e-02,1.323572570466391429e-02,7.167854116922645069e-01,6.970688635046670134e-01,-2.261679421859477679e-01,-9.336466584514882538e-02,-9.451931500072471848e-02,4.244961785671338417e-01,-4.222502210708063419e-01,1.080017095454252896e-01,-2.136670599196525133e-01,4.727631665319056986e-02,7.315276793174785297e-02,3.824937426752940128e-01,-3.592691683205412323e-01,7.777530290758639941e-02,4.988804864185316518e-03,0.000000000000000000e+00,0.000000000000000000e+00,-6.924962479003218818e-02,2.231352869695165386e-01,-5.440099155829424271e-01,1.207767811087101073e+00,0.000000000000000000e+00,0.000000000000000000e+00,0.000000000000000000e+00,-1.076484927829054750e-01,-2.536976680047364208e-01,6.183004177593766082e-01,1.232016794677031069e+00,0.000000000000000000e+00,0.000000000000000000e+00,0.000000000000000000e+00
3.703087648746170024e-02,1.180635836408666428e+00,8.887750953228054085e-01,-1.176812145303378875e-02,1.323572570466391429e-02,7.167854116922645069e-01,6.970688635046670134e-01,-2.241474011297099334e-01,-9.218368126487315461e-02,-9.308414792290911621e-02,4.210554467139335788e-01,-4.195333064370571075e-01,1.077502150814237947e-01,-2.127698041153108788e-01,4.789758392033657830e-02,7.427378989139635235e-02,3.817014596335057131e-01,-3.600218187598211994e-01,7.746197699657886293e-02,4.663746771162447999e-03,0.000000000000000000e+00,0.000000000000000000e+00,-6.887876100734885432e-02,2.233387279633372025e-01,-5.451538758146152741e-01,1.206813880228204461e+00,0.000000000000000000e+00,0.000000000000000000e+00,0.000000000000000000e+00,-1.074876052417185757e-01,-2.529526735393402004e-01,6.195962706869051484e-01,1.231321363670903946e+00,0.000000000000000000e+00,0.000000000000000000e+00,0.000000000000000000e+00
3.703087648746170024e-02,1.180635836408666428e+00,8.887750953228054085e-01,-1.176812145303378875e-02,1.323572570466391429e-02,7.167854116922645069e-01,6.970688635046670134e-01,-2.221268600734721543e-01,-9.100269668459749772e-02,-9.164898084509351395e-02,4.176147148607333159e-01,-4.168163918033079285e-01,1.074987206174222998e-01,-2.118725483109692442e-01,4.851885118748258674e-02,7.539481185104485172e-02,3.809091765917174133e-01,-3.607744691991012220e-01,7.714865108557134032e-02,4.338688678139582082e-03,0.000000000000000000e+00,0.000000000000000000e+00,-6.850789722466549270e-02,2.235421689571578663e-01,-5.462978360462881211e-01,1.205859949369307627e+00,0.000000000000000000e+00,0.000000000000000000e+00,0.000000000000000000e+00,-1.073267177005316764e-01,-2.522076790739439800e-01,6.208921236144335776e-01,1.230625932664776823e+00,0.000000000000000000e+00,0.000000000000000000e+00,0.000000000000000000e+00
3.703087648746170024e-02,1.180635836408666428e+00,8.887750953228054085e-01,-1.176812145303378875e-02,1.323572570466391429e-02,7.167854116922645069e-01,6.970688635046670134e-01,-2.201063190172343753e-01,-8.982171210432182695e-02,-9.021381376727791168e-02,4.141739830075329420e-01,-4.140994771695587495e-01,1.072472261534208049e-01,-2.109752925066276097e-01,4.914011845462859518e-02,7.651583381069336498e-02,3.801168935499291135e-01,-3.615271196383812446e-01,7.683532517456381772e-02,4.013630585116714430e-03,0.000000000000000000e+00,0.000000000000000000e+00,-6.813703344198215883e-02,2.237456099509785301e-01,-5.474417962779609681e-01,1.204906018510411014e+00,0.000000000000000000e+00,0.000000000000000000e+00,0.000000000000000000e+00,-1.071658301593447632e-01,-2.514626846085477596e-01,6.221879765419620067e-01,1.229930501658649478e+00,0.000000000000000000e+00,0.000000000000000000e+00,0.000000000000000000e+00
3.703087648746170024e-02,1.180635836408666428e+00,8.887750953228054085e-01,-1.176812145303378875e-02,1.323572570466391429e-02,7.167854116922645069e-01,6.970688635046670134e-01,-2.180857779609965408e-01,-8.864072752404617006e-02,-8.877864668946230942e-02,4.107332511543326792e-01,-4.113825625358095150e-01,1.069957316894193378e-01,-2.100780367022860307e-01,4.976138572177460362e-02,7.763685577034185048e-02,3.793246105081408137e-01,-3.622797700776612118e-01,7.652199926355629511e-02,3.688572492093848080e-03,0.000000000000000000e+00,0.000000000000000000e+00,-6.776616965929882497e-02,2.239490509447991662e-01,-5.485857565096338151e-01,1.203952087651514180e+00,0.000000000000000000e+00,0.000000000000000000e+00,0.000000000000000000e+00,-1.070049426181578639e-01,-2.507176901431515392e-01,6.234838294694905469e-01,1.229235070652522355e+00,0.000000000000000000e+00,0.000000000000000000e+00,0.000000000000000000e+00
3.703087648746170024e-02,1.180635836408666428e+00,8.887750953228054085e-01,-1.176812145303378875e-02,1.323572570466391429e-02,7.167854116922645069e-01,6.970688635046670134e-01,-2.160652369047587618e-01,-8.745974294377051317e-02,-8.734347961164667939e-02,4.072925193011324163e-01,-4.086656479020603361e-01,1.067442372254178429e-01,-2.091807808979443961e-01,5.038265298892061206e-02,7.875787772999037761e-02,3.785323274663524584e-01,-3.630324205169412344e-01,7.620867335254877251e-02,3.363514399070979995e-03,0.000000000000000000e+00,0.000000000000000000e+00,-6.739530587661549110e-02,2.241524919386198578e-01,-5.497297167413066621e-01,1.202998156792617568e+00,0.000000000000000000e+00,0.000000000000000000e+00,0.000000000000000000e+00,-1.068440550769709507e-01,-2.499726956777553188e-01,6.247796823970190871e-01,1.228539639646395232e+00,0.000000000000000000e+00,0.000000000000000000e+00,0.000000000000000000e+00
3.703087648746170024e-02,1.180635836408666428e+00,8.887750953228054085e-01,-1.176812145303378875e-02,1.323572570466391429e-02,7.167854116922645069e-01,6.970688635046670134e-01,-2.140446958485209827e-01,-8.627875836349485628e-02,-8.590831253383107713e-02,4.038517874479321534e-01,-4.059487332683111571e-01,1.064927427614163480e-01,-2.082835250936027616e-01,5.100392025606662050e-02,7.987889968963886311e-02,3.777400444245642142e-01,-3.637850709562212570e-01,7.589534744154124990e-02,3.038456306048114078e-03,0.000000000000000000e+00,0.000000000000000000e+00,-6.702444209393215724e-02,2.243559329324405216e-01,-5.508736769729795091e-01,1.202044225933720956e+00,0.000000000000000000e+00,0.000000000000000000e+00,0.000000000000000000e+00,-1.066831675357840653e-01,-2.492277012123590985e-01,6.260755353245475163e-01,1.227844208640267887e+00,0.000000000000000000e+00,0.000000000000000000e+00,0.000000000000000000e+00
3.703087648746170024e-02,1.180635836408666428e+00,8.887750953228054085e-01,-1.176812145303378875e-02,1.323572570466391429e-02,7.167854116922645069e-01,6.970688635046670134e-01,-2.120241547922831482e-01,-8.509777378321918551e-02,-8.447314545601547486e-02,4.004110555947318351e-01,-4.032318186345619226e-01,1.062412482974148531e-01,-2.073862692892611548e-01,5.162518752321262894e-02,8.099992164928736249e-02,3.769477613827758589e-01,-3.645377213955012241e-01,7.558202153053372729e-02,2.713398213025245993e-03,0.000000000000000000e+00,0.000000000000000000e+00,-6.665357831124882337e-02,2.245593739262611854e-01,-5.520176372046523561e-01,1.201090295074824343e+00,0.000000000000000000e+00,0.000000000000000000e+00,0.000000000000000000e+00,-1.065222799945971521e-01,-2.484827067469628781e-01,6.273713882520759455e-01,1.227148777634140764e+00,0.000000000000000000e+00,0.000000000000000000e+00,0.000000000000000000e+00
3.703087648746170024e-02,1.180635836408666428e+00,8.887750953228054085e-01,-1.176812145303378875e-02,1.323572570466391429e-02,7.167854116922645069e-01,6.970688635046670134e-01,-2.100036137360453692e-01,-8.391678920294351474e-02,-8.303797837819987260e-02,3.969703237415315167e-01,-4.005149040008126882e-01,1.059897538334133721e-01,-2.064890134849195202e-01,5.224645479035864432e-02,8.212094360893587575e-02,3.761554783409875591e-01,-3.652903718347812467e-01,7.526869561952620469e-02,2.388340120002379208e-03,0.000000000000000000e+00,0.000000000000000000e+00,-6.628271452856547563e-02,2.247628149200818215e-01,-5.531615974363253141e-01,1.200136364215927509e+00,0.000000000000000000e+00,0.000000000000000000e+00,0.000000000000000000e+00,-1.063613924534102667e-01,-2.477377122815666577e-01,6.286672411796044857e-01,1.226453346628013641e+00,0.000000000000000000e+00,0.000000000000000000e+00,0.000000000000000000e+00
3.703087648746170024e-02,1.180635836408666428e+00,8.887750953228054085e-01,-1.176812145303378875e-02,1.323572570466391429e-02,7.167854116922645069e-01,6.970688635046670134e-01,-2.079830726798075624e-01,-8.273580462266785784e-02,-8.160281130038427033e-02,3.935295918883312538e-01,-3.977979893670635092e-01,1.057382593694118911e-01,-2.055917576805779134e-01,5.286772205750465276e-02,8.324196556858437512e-02,3.753631952991992593e-01,-3.660430222740612693e-01,7.495536970851866820e-02,2.063282026979511123e-03,0.000000000000000000e+00,0.000000000000000000e+00,-6.591185074588214177e-02,2.249662559139025131e-01,-5.543055576679981611e-01,1.199182433357030897e+00,0.000000000000000000e+00,0.000000000000000000e+00,0.000000000000000000e+00,-1.062005049122233535e-01,-2.469927178161704373e-01,6.299630941071330259e-01,1.225757915621886518e+00,0.000000000000000000e+00,0.000000000000000000e+00,0.000000000000000000e+00
3.703087648746170024e-02,1.180635836408666428e+00,8.887750953228054085e-01,-1.176812145303378875e-02,1.323572570466391429e-02,7.167854116922645069e-01,6.970688635046670134e-01,-2.059625316235697556e-01,-8.155482004239220095e-02,-8.016764422256866807e-02,3.900888600351309354e-01,-3.950810747333143302e-01,1.054867649054103962e-01,-2.046945018762362789e-01,5.348898932465066119e-02,8.436298752823287450e-02,3.745709122574109595e-01,-3.667956727133412920e-01,7.464204379751114560e-02,1.738223933956644773e-03,0.000000000000000000e+00,0.000000000000000000e+00,-6.554098696319880790e-02,2.251696969077231492e-01,-5.554495178996710081e-01,1.198228502498134063e+00,0.000000000000000000e+00,0.000000000000000000e+00,0.000000000000000000e+00,-1.060396173710364542e-01,-2.462477233507742169e-01,6.312589470346614551e-01,1.225062484615759395e+00,0.000000000000000000e+00,0.000000000000000000e+00,0.000000000000000000e+00
3.703087648746170024e-02,1.180635836408666428e+00,8.887750953228054085e-01,-1.176812145303378875e-02,1.323572570466391429e-02,7.167854116922645069e-01,6.970688635046670134e-01,-2.039419905673319766e-01,-8.037383546211654406e-02,-7.873247714475305192e-02,3.866481281819306726e-01,-3.923641600995650958e-01,1.052352704414089013e-01,-2.037972460718946444e-01,5.411025659179666963e-02,8.548400948788138776e-02,3.737786292156226042e-01,-3.675483231526213146e-01,7.432871788650362299e-02,1.413165840933776687e-03,0.000000000000000000e+00,0.000000000000000000e+00,-6.517012318051546016e-02,2.253731379015438407e-01,-5.565934781313438551e-01,1.197274571639237450e+00,0.000000000000000000e+00,0.000000000000000000e+00,0.000000000000000000e+00,-1.058787298298495549e-01,-2.455027288853779965e-01,6.325547999621898843e-01,1.224367053609632272e+00,0.000000000000000000e+00,0.000000000000000000e+00,0.000000000000000000e+00
3.703087648746170024e-02,1.180635836408666428e+00,8.887750953228054085e-01,-1.176812145303378875e-02,1.323572570466391429e-02,7.167854116922645069e-01,6.970688635046670134e-01,-2.019214495110941976e-01,-7.919285088184088717e-02,-7.729731006693744966e-02,3.832073963287304097e-01,-3.896472454658158613e-01,1.049837759774074064e-01,-2.028999902675530376e-01,5.473152385894267807e-02,8.660503144752987326e-02,3.729863461738343045e-01,-3.683009735919013372e-01,7.401539197549610039e-02,1.088107747910910771e-03,0.000000000000000000e+00,0.000000000000000000e+00,-6.479925939783212629e-02,2.255765788953645046e-01,-5.577374383630167021e-01,1.196320640780340838e+00,0.000000000000000000e+00,0.000000000000000000e+00,0.000000000000000000e+00,-1.057178422886626418e-01,-2.447577344199817762e-01,6.338506528897184245e-01,1.223671622603505149e+00,0.000000000000000000e+00,0.000000000000000000e+00,0.000000000000000000e+00
3.703087648746170024e-02,1.180635836408666428e+00,8.887750953228054085e-01,-1.176812145303378875e-02,1.323572570466391429e-02,7.167854116922645069e-01,6.970688635046670134e-01,-1.999009084548563908e-01,-7.801186630156521640e-02,-7.586214298912184739e-02,3.797666644755300913e-01,-3.869303308320666823e-01,1.047322815134059254e-01,-2.020027344632113753e-01,5.535279112608868651e-02,8.772605340717838651e-02,3.721940631320460047e-01,-3.690536240311813598e-01,7.370206606448856390e-02,7.630496548880422517e-04,0.000000000000000000e+00,0.000000000000000000e+00,-6.442839561514879243e-02,2.257800198891851406e-01,-5.588813985946895491e-01,1.195366709921444004e+00,0.000000000000000000e+00,0.000000000000000000e+00,0.000000000000000000e+00,-1.055569547474757564e-01,-2.440127399545855558e-01,6.351465058172468536e-01,1.222976191597377804e+00,0.000000000000000000e+00,0.000000000000000000e+00,0.000000000000000000e+00
3.703087648746170024e-02,1.180635836408666428e+00,8.887750953228054085e-01,-1.176812145303378875e-02,1.323572570466391429e-02,7.167854116922645069e-01,6.970688635046670134e-01,-1.978803673986185840e-01,-7.683088172128954563e-02,-7.442697591130623125e-02,3.763259326223297729e-01,-3.842134161983175034e-01,1.044807870494044305e-01,-2.011054786588697685e-01,5.597405839323470189e-02,8.884707536682688589e-02,3.714017800902577049e-01,-3.698062744704613269e-01,7.338874015348104130e-02,4.379915618651741664e-04,0.000000000000000000e+00,0.000000000000000000e+00,-6.405753183246544469e-02,2.259834608830058045e-01,-5.600253588263623961e-01,1.194412779062547392e+00,0.000000000000000000e+00,0.000000000000000000e+00,0.000000000000000000e+00,-1.053960672062888432e-01,-2.432677454891893076e-01,6.364423587447753938e-01,1.222280760591250681e+00,0.000000000000000000e+00,0.000000000000000000e+00,0.000000000000000000e+00
3.703087648746170024e-02,1.180635836408666428e+00,8.887750953228054085e-01,-1.176812145303378875e-02,1.323572570466391429e-02,7.167854116922645069e-01,6.970688635046670134e-01,-1.958598263423808050e-01,-7.564989714101388874e-02,-7.299180883349062898e-02,3.728852007691295101e-01,-3.814965015645682689e-01,1.042292925854029356e-01,-2.002082228545281339e-01,5.659532566038071033e-02,8.996809732647539914e-02,3.706094970484694051e-01,-3.705589249097412941e-01,7.307541424247351869e-02,1.129334688423082496e-04,0.000000000000000000e+00,0.000000000000000000e+00,-6.368666804978211082e-02,2.261869018768264961e-01,-5.611693190580352431e-01,1.193458848203650557e+00,0.000000000000000000e+00,0.000000000000000000e+00,0.000000000000000000e+00,-1.052351796651019300e-01,-2.425227510237930872e-01,6.377382116723039340e-01,1.221585329585123558e+00,0.000000000000000000e+00,0.000000000000000000e+00,0.000000000000000000e+00
3.703087648746170024e-02,1.180635836408666428e+00,8.887750953228054085e-01,-1.176812145303378875e-02,1.323572570466391429e-02,7.167854116922645069e-01,6.970688635046670134e-01,-1.938392852861429982e-01,-7.446891256073823184e-02,-7.155664175567502672e-02,3.694444689159291917e-01,-3.787795869308190899e-01,1.039777981214014546e-01,-1.993109670501865271e-01,5.721659292752672571e-02,9.108911928612389852e-02,3.698172140066810498e-01,-3.713115753490213722e-01,7.276208833146599608e-02,-2.121246241805598357e-04,0.000000000000000000e+00,0.000000000000000000e+00,-6.331580426709876308e-02,2.263903428706471321e-01,-5.623132792897080900e-01,1.192504917344753945e+00,0.000000000000000000e+00,0.000000000000000000e+00,0.000000000000000000e+00,-1.050742921239150446e-01,-2.417777565583968669e-01,6.390340645998324742e-01,1.220889898578996213e+00,0.000000000000000000e+00,0.000000000000000000e+00,0.000000000000000000e+00
3.703087648746170024e-02,1.180635836408666428e+00,8.887750953228054085e-01,-1.176812145303378875e-02,1.323572570466391429e-02,7.167854116922645069e-01,6.970688635046670134e-01,-1.918187442299051915e-01,-7.328792798046257495e-02,-7.012147467785942445e-02,3.660037370627289288e-01,-3.760626722970699110e-01,1.037263036573999597e-01,-1.984137112458448926e-01,5.783786019467272721e-02,9.221014124577238402e-02,3.690249309648927500e-01,-3.720642257883013393e-01,7.244876242045847348e-02,-5.371827172034261862e-04,0.000000000000000000e+00,0.000000000000000000e+00,-6.294494048441542922e-02,2.265937838644677960e-01,-5.634572395213809370e-01,1.191550986485857333e+00,0.000000000000000000e+00,0.000000000000000000e+00,0.000000000000000000e+00,-1.049134045827281314e-01,-2.410327620930006742e-01,6.403299175273609034e-01,1.220194467572869312e+00,0.000000000000000000e+00,0.000000000000000000e+00,0.000000000000000000e+00
3.703087648746170024e-02,1.180635836408666428e+00,8.887750953228054085e-01,-1.176812145303378875e-02,1.323572570466391429e-02,7.167854116922645069e-01,6.970688635046670134e-01,-1.897982031736673847e-01,-7.210694340018690418e-02,-6.868630760004380831e-02,3.625630052095285549e-01,-3.733457576633207320e-01,1.034748091933984648e-01,-1.975164554415032581e-01,5.845912746181874259e-02,9.333116320542091116e-02,3.682326479231044503e-01,-3.728168762275813619e-01,7.213543650945093699e-02,-8.622408102262942714e-04,0.000000000000000000e+00,0.000000000000000000e+00,-6.257407670173209535e-02,2.267972248582884875e-01,-5.646011997530537840e-01,1.190597055626960721e+00,0.000000000000000000e+00,0.000000000000000000e+00,0.000000000000000000e+00,-1.047525170415412460e-01,-2.402877676276044538e-01,6.416257704548893326e-01,1.219499036566741967e+00,0.000000000000000000e+00,0.000000000000000000e+00,0.000000000000000000e+00
3.703087648746170024e-02,1.180635836408666428e+00,8.887750953228054085e-01,-1.176812145303378875e-02,1.323572570466391429e-02,7.167854116922645069e-01,6.970688635046670134e-01,-1.877776621174296057e-01,-7.092595881991123341e-02,-6.725114052222820604e-02,3.591222733563282921e-01,-3.706288430295714975e-01,1.032233147293969977e-01,-1.966191996371616513e-01,5.908039472896474409e-02,9.445218516506939666e-02,3.674403648813160950e-01,-3.735695266668613845e-01,7.182211059844341439e-02,-1.187298903249160188e-03,0.000000000000000000e+00,0.000000000000000000e+00,-6.220321291904875455e-02,2.270006658521091236e-01,-5.657451599847266310e-01,1.189643124768063887e+00,0.000000000000000000e+00,0.000000000000000000e+00,0.000000000000000000e+00,-1.045916295003543328e-01,-2.395427731622082335e-01,6.429216233824177618e-01,1.218803605560614844e+00,0.000000000000000000e+00,0.000000000000000000e+00,0.000000000000000000e+00
3.703087648746170024e-02,1.180635836408666428e+00,8.887750953228054085e-01,-1.176812145303378875e-02,1.323572570466391429e-02,7.167854116922645069e-01,6.970688635046670134e-01,-1.857571210611917989e-01,-6.974497423963557652e-02,-6.581597344441260378e-02,3.556815415031280292e-01,-3.679119283958223185e-01,1.029718202653955028e-01,-1.957219438328200167e-01,5.970166199611075947e-02,9.557320712471790991e-02,3.666480818395277952e-01,-3.743221771061414072e-01,7.150878468743589178e-02,-1.512356996272028490e-03,0.000000000000000000e+00,0.000000000000000000e+00,-6.183234913636541374e-02,2.272041068459297875e-01,-5.668891202163995890e-01,1.188689193909167274e+00,0.000000000000000000e+00,0.000000000000000000e+00,0.000000000000000000e+00,-1.044307419591674335e-01,-2.387977786968120131e-01,6.442174763099463020e-01,1.218108174554487722e+00,0.000000000000000000e+00,0.000000000000000000e+00,0.000000000000000000e+00
3.703087648746170024e-02,1.180635836408666428e+00,8.887750953228054085e-01,-1.176812145303378875e-02,1.323572570466391429e-02,7.167854116922645069e-01,6.970688635046670134e-01,-1.837365800049539921e-01,-6.856398965935991963e-02,-6.438080636659700151e-02,3.522408096499277663e-01,-3.651950137620730841e-01,1.027203258013940079e-01,-1.948246880284784099e-01,6.032292926325676097e-02,9.669422908436640929e-02,3.658557987977394954e-01,-3.750748275454214298e-01,7.119545877642836917e-02,-1.837415089294894407e-03,0.000000000000000000e+00,0.000000000000000000e+00,-6.146148535368207988e-02,2.274075478397504790e-01,-5.680330804480724360e-01,1.187735263050270662e+00,0.000000000000000000e+00,0.000000000000000000e+00,0.000000000000000000e+00,-1.042698544179805342e-01,-2.380527842314157927e-01,6.455133292374748422e-01,1.217412743548360599e+00,0.000000000000000000e+00,0.000000000000000000e+00,0.000000000000000000e+00
3.703087648746170024e-02,1.180635836408666428e+00,8.887750953228054085e-01,-1.176812145303378875e-02,1.323572570466391429e-02,7.167854116922645069e-01,6.970688635046670134e-01,-1.817160389487161853e-01,-6.738300507908424886e-02,-6.294563928878138537e-02,3.488000777967274479e-01,-3.624780991283239051e-01,1.024688313373925269e-01,-1.939274322241367754e-01,6.094419653040277635e-02,9.781525104401490867e-02,3.650635157559511956e-01,-3.758274779847013969e-01,7.088213286542084657e-02,-2.162473182317762709e-03,0.000000000000000000e+00,0.000000000000000000e+00,-6.109062157099873908e-02,2.276109888335711151e-01,-5.691770406797451720e-01,1.186781332191373828e+00,0.000000000000000000e+00,0.000000000000000000e+00,0.000000000000000000e+00,-1.041089668767936210e-01,-2.373077897660195446e-01,6.468091821650032713e-01,1.216717312542233476e+00,0.000000000000000000e+00,0.000000000000000000e+00,0.000000000000000000e+00
3.703087648746170024e-02,1.180635836408666428e+00,8.887750953228054085e-01,-1.176812145303378875e-02,1.323572570466391429e-02,7.167854116922645069e-01,6.970688635046670134e-01,-1.796954978924784063e-01,-6.620202049880859196e-02,-6.151047221096579004e-02,3.453593459435271851e-01,-3.597611844945746706e-01,1.022173368733910320e-01,-1.930301764197951686e-01,6.156546379754879172e-02,9.893627300366340804e-02,3.642712327141628958e-01,-3.765801284239813640e-01,7.056880695441331008e-02,-2.487531275340628626e-03,0.000000000000000000e+00,0.000000000000000000e+00,-6.071975778831540521e-02,2.278144298273917789e-01,-5.703210009114181300e-01,1.185827401332477216e+00,0.000000000000000000e+00,0.000000000000000000e+00,0.000000000000000000e+00,-1.039480793356067356e-01,-2.365627953006233242e-01,6.481050350925318115e-01,1.216021881536106131e+00,0.000000000000000000e+00,0.000000000000000000e+00,0.000000000000000000e+00
3.703087648746170024e-02,1.180635836408666428e+00,8.887750953228054085e-01,-1.176812145303378875e-02,1.323572570466391429e-02,7.167854116922645069e-01,6.970688635046670134e-01,-1.776749568362405995e-01,-6.502103591853293507e-02,-6.007530513315017390e-02,3.419186140903268667e-01,-3.570442698608254917e-01,1.019658424093895371e-01,-1.921329206154535341e-01,6.218673106469480016e-02,1.000572949633119074e-01,3.634789496723745406e-01,-3.773327788632613866e-01,7.025548104340580136e-02,-2.812589368363496711e-03,0.000000000000000000e+00,0.000000000000000000e+00,-6.034889400563206441e-02,2.280178708212124428e-01,-5.714649611430909770e-01,1.184873470473580603e+00,0.000000000000000000e+00,0.000000000000000000e+00,0.000000000000000000e+00,-1.037871917944198225e-01,-2.358178008352271038e-01,6.494008880200602407e-01,1.215326450529979008e+00,0.000000000000000000e+00,0.000000000000000000e+00,0.000000000000000000e+00
3.703087648746170024e-02,1.180635836408666428e+00,8.887750953228054085e-01,-1.176812145303378875e-02,1.323572570466391429e-02,7.167854116922645069e-01,6.970688635046670134e-01,-1.756544157800028205e-01,-6.384005133825727818e-02,-5.864013805533457163e-02,3.384778822371265483e-01,-3.543273552270762572e-01,1.017143479453880561e-01,-1.912356648111119273e-01,6.280799833184080860e-02,1.011783169229604207e-01,3.626866666305862408e-01,-3.780854293025414092e-01,6.994215513239827875e-02,-3.137647461386363062e-03,0.000000000000000000e+00,0.000000000000000000e+00,-5.997803022294872360e-02,2.282213118150331066e-01,-5.726089213747638240e-01,1.183919539614683769e+00,0.000000000000000000e+00,0.000000000000000000e+00,0.000000000000000000e+00,-1.036263042532329370e-01,-2.350728063698308834e-01,6.506967409475886699e-01,1.214631019523851885e+00,0.000000000000000000e+00,0.000000000000000000e+00,0.000000000000000000e+00
3.703087648746170024e-02,1.180635836408666428e+00,8.887750953228054085e-01,-1.176812145303378875e-02,1.323572570466391429e-02,7.167854116922645069e-01,6.970688635046670134e-01,-1.736338747237650137e-01,-6.265906675798160741e-02,-5.720497097751896243e-02,3.350371503839262854e-01,-3.516104405933270782e-01,1.014628534813865612e-01,-1.903384090067702927e-01,6.342926559898681704e-02,1.022993388826089201e-01,3.618943835887979410e-01,-3.788380797418214319e-01,6.962882922139074227e-02,-3.462705554409231147e-03,0.000000000000000000e+00,0.000000000000000000e+00,-5.960716644026538974e-02,2.284247528088537704e-01,-5.737528816064366710e-01,1.182965608755787157e+00,0.000000000000000000e+00,0.000000000000000000e+00,0.000000000000000000e+00,-1.034654167120460239e-01,-2.343278119044346630e-01,6.519925938751172101e-01,1.213935588517724762e+00,0.000000000000000000e+00,0.000000000000000000e+00,0.000000000000000000e+00
