2.142217784902511121e-05,-1.876179953915687454e-02,9.168742945868473271e-01,6.412698012915475643e-03,-1.843387679586324214e-03,6.878812651015572266e-01,7.257925628913118876e-01,-1.100555408099643528e-01,-1.154644712663021808e-02,1.316891696769995623e-01,3.228230807384018242e-01,-3.094703179020152350e-01,1.251400824062482986e-01,-2.699636697679649866e-01,-2.038054800249672338e-01,-1.934788713748337163e-01,5.299027587477125323e-01,-1.403459178592739443e-01,3.322499656296474396e-02,-1.959433201243647796e-02,0.000000000000000000e+00,0.000000000000000000e+00,-1.003340189449920955e-01,2.218800400294370645e-01,-5.484719730599006970e-01,1.122220678007662009e+00,0.000000000000000000e+00,0.000000000000000000e+00,0.000000000000000000e+00,-1.936128519954018468e-01,-2.963087000843422913e-01,7.949527958850853837e-01,1.092098329481853591e+00,0.000000000000000000e+00,0.000000000000000000e+00,0.000000000000000000e+00
-6.880879094605834353e-04,-1.818047036845321651e-02,9.162153067546874308e-01,4.780739345707689901e-03,8.635233772100396176e-04,6.888988951731783716e-01,7.248411626610755665e-01,-1.220374953442204397e-01,-1.516834031808194858e-02,1.275258429627337819e-01,3.335318293045718141e-01,-3.141640492398898310e-01,1.290205002619186636e-01,-2.846231722031305478e-01,-2.122466197868551618e-01,-2.010853061536662378e-01,5.454937178631480421e-01,-1.212696024177364051e-01,3.154485035425093342e-02,-3.144589078703545482e-02,0.000000000000000000e+00,0.000000000000000000e+00,-1.171252906980546349e-01,2.126065653836933522e-01,-5.371888619588734981e-01,1.144865077834733569e+00,0.000000000000000000e+00,0.000000000000000000e+00,0.000000000000000000e+00,-2.153192943466827047e-01,-2.846906320449220651e-01,8.046067379852694934e-01,1.116641693942480806e+00,0.000000000000000000e+00,0.000000000000000000e+00,0.000000000000000000e+00
-1.479686303347970463e-03,-1.705961150636725251e-02,9.158648048525601659e-01,4.741098730095833630e-03,1.543922147657714270e-03,6.886507666749758227e-01,7.250760372851948743e-01,-1.240001352408216517e-01,-1.682788728764412003e-02,1.290012257491129355e-01,3.378966175457113752e-01,-3.148666765423884240e-01,1.308473979213440885e-01,-2.917844347400674332e-01,-2.171279899071915931e-01,-2.026694234663400374e-01,5.556474949714829137e-01,-1.036300086928980124e-01,3.361110326353290711e-02,-3.441076600395793356e-02,0.000000000000000000e+00,0.000000000000000000e+00,-1.171293757224818183e-01,2.096686700675999826e-01,-5.350984145928525670e-01,1.146675504817351365e+00,0.000000000000000000e+00,0.000000000000000000e+00,0.000000000000000000e+00,-2.179957032257105465e-01,-2.837970704563485547e-01,8.110511785812773988e-01,1.122389745752593981e+00,0.000000000000000000e+00,0.000000000000000000e+00,0.000000000000000000e+00
-2.317573294645654085e-03,-1.570295946226298034e-02,9.150741990646101831e-01,5.611159064344989518e-03,1.450666992692408504e-03,6.895699120788425507e-01,7.241959312332595378e-01,-1.242849351536670782e-01,-1.977216932750815517e-02,1.270255774656193493e-01,3.449039139924355291e-01,-3.212437495608490567e-01,1.312274251451218399e-01,-2.989381764686953047e-01,-2.234426209960109766e-01,-2.078850536940597404e-01,5.698283765701488424e-01,-9.452133342698872120e-02,2.842108719142408604e-02,-3.782002148366886418e-02,0.000000000000000000e+00,0.000000000000000000e+00,-1.168265674095977924e-01,2.084234573712482053e-01,-5.356299247561137067e-01,1.147215034571867021e+00,0.000000000000000000e+00,0.000000000000000000e+00,0.000000000000000000e+00,-2.157023837245857223e-01,-2.852133024035906628e-01,8.093397356083547045e-01,1.122022716042730961e+00,0.000000000000000000e+00,0.000000000000000000e+00,0.000000000000000000e+00
-3.274038825693645349e-03,-1.389316704199038653e-02,9.147542966627157934e-01,6.066616432482511978e-03,5.447654842043552197e-04,6.897689429030388064e-01,7.240039397697033419e-01,-1.228232361076510154e-01,-2.039528298697471445e-02,1.268216878398136516e-01,3.506765080082360209e-01,-3.233555459733742365e-01,1.344919149792971613e-01,-3.083614446894684669e-01,-2.235552391931989458e-01,-2.034200210411518939e-01,5.819975074761409850e-01,-8.111887064868322783e-02,2.919687700394114557e-02,-4.145139829671866394e-02,0.000000000000000000e+00,0.000000000000000000e+00,-1.131553244255676105e-01,2.073313610170447741e-01,-5.401864843766408519e-01,1.147673096726096187e+00,0.000000000000000000e+00,0.000000000000000000e+00,0.000000000000000000e+00,-2.126561836876692257e-01,-2.864785658525513257e-01,8.138240432271043323e-01,1.121956789204469507e+00,0.000000000000000000e+00,0.000000000000000000e+00,0.000000000000000000e+00
-4.061772034023104598e-03,-1.156483896968537109e-02,9.145781897418117090e-01,5.977607380485087246e-03,-3.473198794893823764e-05,6.915596868669959818e-01,7.222945842965429186e-01,-1.198519928666845064e-01,-2.159527847868095846e-02,1.233086152007958347e-01,3.519213079346075745e-01,-3.282239871118744490e-01,1.353882586747021111e-01,-3.207922041959209714e-01,-2.205146154821085724e-01,-1.990257391591682690e-01,5.965927827562422792e-01,-8.291770637104001196e-02,2.773501576427565146e-02,-4.712375941979170951e-02,0.000000000000000000e+00,0.000000000000000000e+00,-1.096151314400626714e-01,2.071271164908302931e-01,-5.409503948156269004e-01,1.146076176192871054e+00,0.000000000000000000e+00,0.000000000000000000e+00,0.000000000000000000e+00,-2.078339391629042410e-01,-2.860815939582471157e-01,8.110384634429363970e-01,1.120232948468616430e+00,0.000000000000000000e+00,0.000000000000000000e+00,0.000000000000000000e+00
-4.671027842241198130e-03,-8.825104675924353229e-03,9.145598519883031408e-01,6.360956545347899727e-03,-1.121644238298011732e-03,6.926569634689671018e-01,7.212382485032112767e-01,-1.160748183153493818e-01,-2.219435244240149097e-02,1.197075106065962624e-01,3.548162151767496053e-01,-3.271033293611608772e-01,1.338981003762467481e-01,-3.347979910774906420e-01,-2.169661217856951319e-01,-1.944955138626693614e-01,6.088804836867511838e-01,-8.750751941165318959e-02,2.880072054911708701e-02,-4.930923024776711489e-02,0.000000000000000000e+00,0.000000000000000000e+00,-1.073217090729213785e-01,2.056580033995526469e-01,-5.426679710680780699e-01,1.149143055182441531e+00,0.000000000000000000e+00,0.000000000000000000e+00,0.000000000000000000e+00,-2.026086634583147417e-01,-2.859882366697984457e-01,8.140775040430709986e-01,1.121102624654987556e+00,0.000000000000000000e+00,0.000000000000000000e+00,0.000000000000000000e+00
-5.149747925817827442e-03,-5.401396887512996403e-03,9.144051722847128527e-01,6.417496703862696390e-03,-1.747426425723432476e-03,6.951140113882390281e-01,7.188687456056862546e-01,-1.127159758084530783e-01,-2.379146445134280169e-02,1.132844389976383620e-01,3.577540429283879164e-01,-3.296103346152144953e-01,1.332438502382540246e-01,-3.476283345857680840e-01,-2.144907602238591282e-01,-1.923263391325670257e-01,6.174605988579007221e-01,-8.934181881215040588e-02,2.821544549466249024e-02,-5.412839506200561868e-02,0.000000000000000000e+00,0.000000000000000000e+00,-1.036917617222009036e-01,2.039629192495089893e-01,-5.417527127801051723e-01,1.150034633412899909e+00,0.000000000000000000e+00,0.000000000000000000e+00,0.000000000000000000e+00,-1.950159878536698033e-01,-2.871132912188491537e-01,8.130571461689688473e-01,1.116244939963897620e+00,0.000000000000000000e+00,0.000000000000000000e+00,0.000000000000000000e+00
-5.390137294676821712e-03,-1.263234155834860872e-03,9.143040735052863077e-01,6.776888113106525890e-03,-1.692870767902481368e-03,6.974638335903617925e-01,7.165859395840113999e-01,-1.068885633488722842e-01,-2.558412236771190340e-02,1.105358487421894548e-01,3.565036961204895438e-01,-3.305812604614162264e-01,1.302397718772322077e-01,-3.573745508674895377e-01,-2.128560682846917240e-01,-1.936105011181932234e-01,6.121354423230350728e-01,-9.031853237278995861e-02,3.119353111479785182e-02,-5.967688382619779075e-02,0.000000000000000000e+00,0.000000000000000000e+00,-1.007655950270614498e-01,2.015996209019969565e-01,-5.384522343750316464e-01,1.152555039108698942e+00,0.000000000000000000e+00,0.000000000000000000e+00,0.000000000000000000e+00,-1.891395564380351224e-01,-2.876197644702389589e-01,8.093223694349535036e-01,1.112793844643988450e+00,0.000000000000000000e+00,0.000000000000000000e+00,0.000000000000000000e+00
-5.461699642038317024e-03,3.395764347138616364e-03,9.137955127077809214e-01,7.542527830320790681e-03,-2.315174691159097974e-03,7.012444131818649229e-01,7.128772848262870943e-01,-1.027367552087223163e-01,-2.801230994442211950e-02,1.025925212303368250e-01,3.626897171418979049e-01,-3.341145402720411828e-01,1.298924037802063891e-01,-3.680932066143642878e-01,-2.150331055659172041e-01,-1.977599900129959898e-01,6.069853806060320212e-01,-8.405994620043870380e-02,3.137964280886877677e-02,-6.388619265416342619e-02,0.000000000000000000e+00,0.000000000000000000e+00,-9.921711352609119405e-02,1.984790318930300945e-01,-5.396584759994896840e-01,1.154953120377219866e+00,0.000000000000000000e+00,0.000000000000000000e+00,0.000000000000000000e+00,-1.824940549987633109e-01,-2.890807653854966519e-01,8.057537396439401478e-01,1.111976061060670817e+00,0.000000000000000000e+00,0.000000000000000000e+00,0.000000000000000000e+00
-5.273473463086524732e-03,8.829117004304883748e-03,9.134561275433004113e-01,7.664802547318331355e-03,-2.918253681690221625e-03,7.063207172687938629e-01,7.078444595772828141e-01,-9.846785549340489330e-02,-2.917417282303159595e-02,9.299153240606720938e-02,3.678419152964248484e-01,-3.363280457899557319e-01,1.273607382488219086e-01,-3.746204777476784265e-01,-2.162612542657693093e-01,-2.027279930062978464e-01,5.871434077426441744e-01,-8.602242166075779739e-02,3.182556805825222102e-02,-6.695409193930437763e-02,0.000000000000000000e+00,0.000000000000000000e+00,-1.007121785074005099e-01,1.937718743115254272e-01,-5.359014393471048798e-01,1.162637634420749189e+00,0.000000000000000000e+00,0.000000000000000000e+00,0.000000000000000000e+00,-1.753398520392905613e-01,-2.899380712704541230e-01,8.013730848290322450e-01,1.113051896844635458e+00,0.000000000000000000e+00,0.000000000000000000e+00,0.000000000000000000e+00
-5.007358661953691462e-03,1.493663436116064724e-02,9.124377746690811586e-01,8.725170276094641048e-03,-2.935776332513773210e-03,7.093954221154250561e-01,7.047505854574762640e-01,-9.335813918858332228e-02,-3.128950751958219090e-02,8.789933167473505671e-02,3.757970003930435343e-01,-3.426216771686547147e-01,1.219840821760601601e-01,-3.830204474512652890e-01,-2.173215139512845173e-01,-2.066664312758194899e-01,5.645148302409155328e-01,-8.183352552864271712e-02,3.630790545592604834e-02,-7.242513138224340730e-02,0.000000000000000000e+00,0.000000000000000000e+00,-9.693478040131435491e-02,1.903093562261981009e-01,-5.329432424185408523e-01,1.164893717575957055e+00,0.000000000000000000e+00,0.000000000000000000e+00,0.000000000000000000e+00,-1.722309474503238846e-01,-2.924902039660478015e-01,8.040389839739683353e-01,1.110703791267263041e+00,0.000000000000000000e+00,0.000000000000000000e+00,0.000000000000000000e+00
-4.599906631821186476e-03,2.173156299878640715e-02,9.116312387823191088e-01,9.697737592192267123e-03,-2.467080184699230704e-03,7.125961904292859028e-01,7.015030554364126703e-01,-8.704774101560286415e-02,-3.445270321395606239e-02,8.131563281512516062e-02,3.807156132628132239e-01,-3.459785669409881081e-01,1.183186912097074217e-01,-3.886293706396070080e-01,-2.206820557481546097e-01,-2.151433033090303648e-01,5.334970045061478983e-01,-7.300007936655714125e-02,3.965203143836026900e-02,-7.616303130464036064e-02,0.000000000000000000e+00,0.000000000000000000e+00,-9.510277266414160491e-02,1.859900805123339829e-01,-5.285156153018852887e-01,1.169073105011959823e+00,0.000000000000000000e+00,0.000000000000000000e+00,0.000000000000000000e+00,-1.710640682416152414e-01,-2.941330771528350985e-01,8.020883467372055264e-01,1.111430206776774954e+00,0.000000000000000000e+00,0.000000000000000000e+00,0.000000000000000000e+00
-4.121862741214446166e-03,2.889628236598926203e-02,9.105385878221290419e-01,1.183492696655093906e-02,-3.185667268647762989e-03,7.164862416640030984e-01,6.974935494568680339e-01,-7.934022630912163088e-02,-3.693989701322929198e-02,7.418355881092153492e-02,3.902711115875441283e-01,-3.471754105998086648e-01,1.132972562516524062e-01,-3.956477341191341757e-01,-2.236976355559566476e-01,-2.214158397104197540e-01,5.061564041632515831e-01,-6.311166789084184103e-02,4.151956822291635180e-02,-8.238211339345441475e-02,0.000000000000000000e+00,0.000000000000000000e+00,-9.221124199225751161e-02,1.814569755552872254e-01,-5.270400314113262707e-01,1.169647570328031794e+00,0.000000000000000000e+00,0.000000000000000000e+00,0.000000000000000000e+00,-1.695958345479345597e-01,-2.980699690145213743e-01,8.052375101341371355e-01,1.105103660280746247e+00,0.000000000000000000e+00,0.000000000000000000e+00,0.000000000000000000e+00
-3.678818009729192644e-03,3.673142145737585962e-02,9.096346670748451935e-01,1.303274129950523011e-02,-3.272714289437677736e-03,7.201888538945157014e-01,6.936479306690843671e-01,-7.090436736023721098e-02,-3.915433970682440090e-02,6.674259970394778863e-02,3.955483411978409913e-01,-3.487544852670372286e-01,1.087234064517848681e-01,-4.002088579228685883e-01,-2.279516034595461815e-01,-2.254839638131572177e-01,4.721400146276827359e-01,-5.405901821331812740e-02,4.902365500290762484e-02,-8.806608947795366293e-02,0.000000000000000000e+00,0.000000000000000000e+00,-9.180052739216516822e-02,1.787458327860915186e-01,-5.266359621086045273e-01,1.171018746763714091e+00,0.000000000000000000e+00,0.000000000000000000e+00,0.000000000000000000e+00,-1.705402056994381743e-01,-2.999125100150240586e-01,7.992697898969668424e-01,1.106271039996869154e+00,0.000000000000000000e+00,0.000000000000000000e+00,0.000000000000000000e+00
-3.274353121556774007e-03,4.487698057321987122e-02,9.087201534881749199e-01,1.509743361719245378e-02,-4.367789851912552181e-03,7.233750637843986420e-01,6.902763989916649301e-01,-5.902284526002456178e-02,-3.940670909244845671e-02,6.402536895435209652e-02,4.010662403437449397e-01,-3.492013331606076409e-01,1.049323939433769448e-01,-4.011970647003042512e-01,-2.346366346390947322e-01,-2.343797384231030012e-01,4.405543859630441372e-01,-4.203173266790362350e-02,5.608953730728780118e-02,-9.300480404005496970e-02,0.000000000000000000e+00,0.000000000000000000e+00,-9.188594261352996118e-02,1.736865481449672288e-01,-5.330038563059843471e-01,1.173736838833759677e+00,0.000000000000000000e+00,0.000000000000000000e+00,0.000000000000000000e+00,-1.713605262765678927e-01,-3.019009165139807660e-01,7.974293675341390664e-01,1.109205952796256334e+00,0.000000000000000000e+00,0.000000000000000000e+00,0.000000000000000000e+00
-2.872485916742859718e-03,5.356639644443438042e-02,9.072839453634311546e-01,1.694126405259721233e-02,-4.760920705291727013e-03,7.274866949183316223e-01,6.858960824521009858e-01,-4.983532360320000465e-02,-4.082948385601563313e-02,5.844571758751465618e-02,4.097770796161458451e-01,-3.501408085686284477e-01,9.963297108611512964e-02,-4.027158545017611169e-01,-2.376279447007127454e-01,-2.364655046553748030e-01,4.018667889383246150e-01,-2.681093634431094483e-02,6.503685637237947847e-02,-9.990913020722155813e-02,0.000000000000000000e+00,0.000000000000000000e+00,-9.287966591657612070e-02,1.683661922661981170e-01,-5.351256794569445585e-01,1.173163064371671727e+00,0.000000000000000000e+00,0.000000000000000000e+00,0.000000000000000000e+00,-1.727048300482787735e-01,-3.062503246424629344e-01,7.924158259889763078e-01,1.106455094974175157e+00,0.000000000000000000e+00,0.000000000000000000e+00,0.000000000000000000e+00
-2.523428066724778349e-03,6.257577957281000580e-02,9.054907781042351722e-01,1.907700742364905680e-02,-5.997989710457921238e-03,7.311331355163728229e-01,6.819416617696761884e-01,-3.897979728776088115e-02,-4.225640381944813229e-02,5.148430251341827579e-02,4.215283577145241822e-01,-3.581701997215490096e-01,9.942277766165329156e-02,-4.054094511424347624e-01,-2.454063372219673356e-01,-2.448941753991461800e-01,3.621452634570146989e-01,-1.434812269261253118e-02,7.533101580618126181e-02,-1.037598997238056570e-01,0.000000000000000000e+00,0.000000000000000000e+00,-9.414544752306694408e-02,1.641603332402671866e-01,-5.377979017606264733e-01,1.174251645259208443e+00,0.000000000000000000e+00,0.000000000000000000e+00,0.000000000000000000e+00,-1.713912931174418341e-01,-3.098183483296618190e-01,7.848627936811491956e-01,1.109387199083343267e+00,0.000000000000000000e+00,0.000000000000000000e+00,0.000000000000000000e+00
-2.037264728087634022e-03,7.175682878673968201e-02,9.040794212096194826e-01,2.037102818415610986e-02,-6.410208412931361552e-03,7.349684662928178680e-01,6.777649179427958082e-01,-2.831804975428312693e-02,-4.178820295754465813e-02,4.751663386964066066e-02,4.275171287493000349e-01,-3.613974213016531989e-01,9.527943174699476936e-02,-4.098407508665576349e-01,-2.526626190036023178e-01,-2.473179865772463515e-01,3.303292552160578266e-01,2.236179348313391615e-03,8.212927506966247182e-02,-1.088984654926841295e-01,0.000000000000000000e+00,0.000000000000000000e+00,-9.390976802023151548e-02,1.616476639988569386e-01,-5.376146278998041872e-01,1.172801823324755244e+00,0.000000000000000000e+00,0.000000000000000000e+00,0.000000000000000000e+00,-1.733493607214981747e-01,-3.157663239526880550e-01,7.846496003554329635e-01,1.106836507754847876e+00,0.000000000000000000e+00,0.000000000000000000e+00,0.000000000000000000e+00
-1.424267042281831793e-03,8.102824496347077465e-02,9.017502782031984188e-01,2.254162252936296393e-02,-6.895658135342561633e-03,7.386891806370581293e-01,6.736338913403735473e-01,-1.913835902567380398e-02,-4.304793794310384641e-02,4.233431713896464860e-02,4.415972277433219961e-01,-3.718907192217144608e-01,9.469351794512148590e-02,-4.116701199533012723e-01,-2.615821327982198463e-01,-2.528634287283625937e-01,3.014245797483969813e-01,1.389671351560489015e-02,8.903676207619079519e-02,-1.137684210089190268e-01,0.000000000000000000e+00,0.000000000000000000e+00,-9.359892228921273816e-02,1.587539503748125469e-01,-5.401422490698849499e-01,1.173317911497202548e+00,0.000000000000000000e+00,0.000000000000000000e+00,0.000000000000000000e+00,-1.731322002582310615e-01,-3.179953731359421720e-01,7.780263817927982606e-01,1.110227133147210887e+00,0.000000000000000000e+00,0.000000000000000000e+00,0.000000000000000000e+00
-5.489747129566089311e-04,9.032256814167012593e-02,9.010303886942457874e-01,2.431202784425353855e-02,-6.802502994224853688e-03,7.433150795947969236e-01,6.684649158348500153e-01,-2.878727719347023983e-03,-4.280240814428570156e-02,3.798015210021290361e-02,4.356649394204889503e-01,-3.709275079843293299e-01,8.775936950285682936e-02,-4.165789085232143307e-01,-2.705151129785267616e-01,-2.537440994718236920e-01,2.799626524437115460e-01,2.934261929303243893e-02,9.712756133974140282e-02,-1.197085834216577299e-01,0.000000000000000000e+00,0.000000000000000000e+00,-8.996262707087465671e-02,1.596697699290381411e-01,-5.460452054477408224e-01,1.169479667972526338e+00,0.000000000000000000e+00,0.000000000000000000e+00,0.000000000000000000e+00,-1.730326866185735446e-01,-3.219501372032258502e-01,7.744694463527388439e-01,1.106865197151906122e+00,0.000000000000000000e+00,0.000000000000000000e+00,0.000000000000000000e+00
3.722674644964906604e-04,9.952300481734525917e-02,8.988617741781189663e-01,2.621444472159593919e-02,-7.327704867757654783e-03,7.469127588244867111e-01,6.643646877540244633e-01,7.717854609480663541e-03,-4.189056220013574749e-02,3.326775662664333694e-02,4.448763056834143526e-01,-3.778974502264968449e-01,8.279843843601629449e-02,-4.196353846437409496e-01,-2.772418534062019990e-01,-2.564691280357891401e-01,2.601066654317078508e-01,3.626559480485794240e-02,1.033555609901030820e-01,-1.232786051837933272e-01,0.000000000000000000e+00,0.000000000000000000e+00,-8.710186014615292627e-02,1.594201592501201248e-01,-5.477508617189754681e-01,1.169384975192848231e+00,0.000000000000000000e+00,0.000000000000000000e+00,0.000000000000000000e+00,-1.720675251848274023e-01,-3.256570600645474212e-01,7.693420603314714556e-01,1.107713708488723636e+00,0.000000000000000000e+00,0.000000000000000000e+00,0.000000000000000000e+00
1.392885152579757813e-03,1.088213044307499433e-01,8.978694195513896581e-01,2.596718949245578612e-02,-7.881326025137243979e-03,7.514849789080231268e-01,6.591918660341274938e-01,1.865787803393499644e-02,-3.640641094881465201e-02,2.941345614547877241e-02,4.461872316017809759e-01,-3.820952064621380151e-01,7.949075633787038020e-02,-4.204495606797372664e-01,-2.854369624594214061e-01,-2.617310040075478961e-01,2.401053992830357309e-01,5.034227297643929788e-02,1.087796929537500762e-01,-1.288928361860210980e-01,0.000000000000000000e+00,0.000000000000000000e+00,-8.466610639938855487e-02,1.600262163053968734e-01,-5.548022620374625236e-01,1.165218832779034708e+00,0.000000000000000000e+00,0.000000000000000000e+00,0.000000000000000000e+00,-1.729739727735093158e-01,-3.251509297964647049e-01,7.654503597061286246e-01,1.109873985953182318e+00,0.000000000000000000e+00,0.000000000000000000e+00,0.000000000000000000e+00
2.519130242409222970e-03,1.180118760862761823e-01,8.956731227595696732e-01,2.785773137925223047e-02,-6.999063034939215396e-03,7.543090220207387953e-01,6.558908897195856458e-01,2.902716017136246565e-02,-3.937443586816283259e-02,2.044701839576252428e-02,4.517868935027974930e-01,-3.894441726489032418e-01,7.671504291290726085e-02,-4.265314256676550619e-01,-2.924450997824570297e-01,-2.540923561492467453e-01,2.320638149195848321e-01,5.398250277167655764e-02,1.113994545551612453e-01,-1.324932686028899853e-01,0.000000000000000000e+00,0.000000000000000000e+00,-8.042587541579450383e-02,1.621881689817276651e-01,-5.531387338232425233e-01,1.158794630419280436e+00,0.000000000000000000e+00,0.000000000000000000e+00,0.000000000000000000e+00,-1.722787141212917816e-01,-3.291584604497780342e-01,7.566268681204771918e-01,1.105009347340404569e+00,0.000000000000000000e+00,0.000000000000000000e+00,0.000000000000000000e+00
3.639349081015584922e-03,1.271213871955422237e-01,8.946424049136658674e-01,2.846855552113223414e-02,-6.563544237598593727e-03,7.571433251075545545e-01,6.525951627760170348e-01,4.312544431495637237e-02,-3.624517231423146635e-02,1.930366558857047471e-02,4.458941931767603228e-01,-3.917067041474817102e-01,7.261206596843466921e-02,-4.305524263983599997e-01,-2.992082967140062832e-01,-2.546028198839351830e-01,2.251287760937458193e-01,5.682725681101456067e-02,1.164772024723016580e-01,-1.362707705101903477e-01,0.000000000000000000e+00,0.000000000000000000e+00,-7.874602919888840091e-02,1.664000580527452144e-01,-5.533467682560485601e-01,1.153955384038004572e+00,0.000000000000000000e+00,0.000000000000000000e+00,0.000000000000000000e+00,-1.736686877348040947e-01,-3.306057610125687773e-01,7.480639336505302550e-01,1.103176535984317086e+00,0.000000000000000000e+00,0.000000000000000000e+00,0.000000000000000000e+00
4.715214365387801303e-03,1.361603708125194712e-01,8.917802983780358517e-01,2.974988525644335635e-02,-6.963069110847545234e-03,7.592707264808070677e-01,6.500572466368573776e-01,5.046306654623642501e-02,-3.590493153569358775e-02,1.021933782555090042e-02,4.596297231825735019e-01,-4.030505097045463114e-01,7.059945629513644794e-02,-4.350984225499893721e-01,-3.040940594254269991e-01,-2.531340728534508533e-01,2.194259594428667470e-01,5.779871377164911422e-02,1.192145956155773179e-01,-1.374785482641943390e-01,0.000000000000000000e+00,0.000000000000000000e+00,-7.739749010718210975e-02,1.689116842328566570e-01,-5.523327806956236374e-01,1.151800979420290361e+00,0.000000000000000000e+00,0.000000000000000000e+00,0.000000000000000000e+00,-1.712427584843435047e-01,-3.320863627165228094e-01,7.408114040217802510e-01,1.098703673504182188e+00,0.000000000000000000e+00,0.000000000000000000e+00,0.000000000000000000e+00
5.757093202457413267e-03,1.453716083645696378e-01,8.901928715114009183e-01,2.916252198227466813e-02,-6.001470007389092878e-03,7.620890139097048488e-01,6.467873410538552692e-01,5.821199272260638852e-02,-3.252739955834834523e-02,5.637902946065226351e-03,4.606255202367458557e-01,-4.056660241692578439e-01,6.587979082273467957e-02,-4.376072539941444628e-01,-3.087026338976449624e-01,-2.521750810735230441e-01,2.214811227133129667e-01,5.986538389859354797e-02,1.178846882237298971e-01,-1.385472826115214939e-01,0.000000000000000000e+00,0.000000000000000000e+00,-7.623506945566878301e-02,1.697290003768562316e-01,-5.513135176288287420e-01,1.148946738061866091e+00,0.000000000000000000e+00,0.000000000000000000e+00,0.000000000000000000e+00,-1.715048426286205629e-01,-3.327643046515449399e-01,7.364352540192601326e-01,1.101377067292989231e+00,0.000000000000000000e+00,0.000000000000000000e+00,0.000000000000000000e+00
6.613048766363250480e-03,1.546185958791704562e-01,8.874866230074444085e-01,2.937183957407908663e-02,-6.481243592350669630e-03,7.639951030577306623e-01,6.445205745554888344e-01,6.514835670708253590e-02,-2.827191798683776139e-02,2.460737829089801321e-03,4.722523933876467961e-01,-4.155237725371501711e-01,6.486468363755082400e-02,-4.400353012470306080e-01,-3.106119102995960612e-01,-2.480725186975595853e-01,2.259856689412961805e-01,5.460742239530094744e-02,1.156797706967018502e-01,-1.400054203260349961e-01,0.000000000000000000e+00,0.000000000000000000e+00,-7.487168979017733150e-02,1.711506693538543677e-01,-5.493527359578993519e-01,1.148348553318297105e+00,0.000000000000000000e+00,0.000000000000000000e+00,0.000000000000000000e+00,-1.679025420784853451e-01,-3.307844166201638902e-01,7.303107586292958420e-01,1.106011944276406700e+00,0.000000000000000000e+00,0.000000000000000000e+00,0.000000000000000000e+00
7.670358629169369766e-03,1.644009257515471889e-01,8.864830155584404459e-01,2.923724900672149130e-02,-5.560293290055883832e-03,7.672680775215079407e-01,6.406355934737747448e-01,7.757544008914368794e-02,-2.499988901724892881e-02,-3.790998752972105090e-03,4.646007845409377279e-01,-4.099959544397053790e-01,5.836165564233778552e-02,-4.411388260875869216e-01,-3.156045948911794241e-01,-2.497361079827913610e-01,2.255850423066082522e-01,5.399159616850136845e-02,1.178721675116982531e-01,-1.402705541449892623e-01,0.000000000000000000e+00,0.000000000000000000e+00,-7.431118130010921918e-02,1.726715376123749701e-01,-5.448183746005730299e-01,1.146467162543813423e+00,0.000000000000000000e+00,0.000000000000000000e+00,0.000000000000000000e+00,-1.636971146812556122e-01,-3.277715878752411882e-01,7.266879787269042712e-01,1.105667136259324446e+00,0.000000000000000000e+00,0.000000000000000000e+00,0.000000000000000000e+00
8.505832298358242255e-03,1.746938383043153409e-01,8.850753497597604325e-01,2.911604605984717195e-02,-5.292557714466792837e-03,7.694373210037950273e-01,6.380364047146381834e-01,9.147113405001819353e-02,-2.250764118798762037e-02,-1.213682264708869363e-02,4.583704483852906741e-01,-4.069306765080794031e-01,5.682094808875176595e-02,-4.404503626612248368e-01,-3.166863717262223266e-01,-2.436485380935851375e-01,2.257064764481774843e-01,5.333686297595888193e-02,1.168590585046088703e-01,-1.407264085783330176e-01,0.000000000000000000e+00,0.000000000000000000e+00,-7.263120477121179364e-02,1.702408391933787346e-01,-5.418306075662768784e-01,1.146802334869527540e+00,0.000000000000000000e+00,0.000000000000000000e+00,0.000000000000000000e+00,-1.587194403199032877e-01,-3.232453580221341105e-01,7.228235754972263116e-01,1.113223695213919839e+00,0.000000000000000000e+00,0.000000000000000000e+00,0.000000000000000000e+00
9.384623735871549383e-03,1.854935690509809942e-01,8.842994870522278283e-01,2.736824847759312951e-02,-4.953121360776360609e-03,7.714890040886898115e-01,6.356344563774799505e-01,1.039602349753978167e-01,-1.595973171019221537e-02,-1.793224878100979636e-02,4.491135394275531101e-01,-3.947212153950969138e-01,4.867503639069208077e-02,-4.404013784188764991e-01,-3.157651052578999140e-01,-2.413336723877733125e-01,2.261523904277075447e-01,4.544406886324882378e-02,1.145275553376770283e-01,-1.424883843209260870e-01,0.000000000000000000e+00,0.000000000000000000e+00,-7.089821989591789386e-02,1.733850949119653539e-01,-5.411486029863106229e-01,1.145018777675829158e+00,0.000000000000000000e+00,0.000000000000000000e+00,0.000000000000000000e+00,-1.573015498794273215e-01,-3.196079080248449555e-01,7.183474555943927253e-01,1.116501920907581935e+00,0.000000000000000000e+00,0.000000000000000000e+00,0.000000000000000000e+00
1.040037676985436192e-02,1.966839797073190177e-01,8.834955677221959514e-01,2.585911305678469108e-02,-4.663816324321799767e-03,7.732653555371258314e-01,6.335378797003781148e-01,1.170525621342334288e-01,-9.305263295314109354e-03,-2.272660178760478600e-02,4.394806817408266064e-01,-3.770015386937602409e-01,4.326499970245973464e-02,-4.393268025817173017e-01,-3.160846243924382848e-01,-2.441584976060221790e-01,2.325163945902258833e-01,3.666851068600934793e-02,1.092690752130973664e-01,-1.411859519024221965e-01,0.000000000000000000e+00,0.000000000000000000e+00,-7.145679057676077028e-02,1.727319344789381428e-01,-5.433838486655064859e-01,1.148633495505917868e+00,0.000000000000000000e+00,0.000000000000000000e+00,0.000000000000000000e+00,-1.520322016405742105e-01,-3.112699189952172207e-01,7.152317668501133596e-01,1.130054343322918209e+00,0.000000000000000000e+00,0.000000000000000000e+00,0.000000000000000000e+00
1.163106647736579687e-02,2.085357924456950618e-01,8.834687333595818703e-01,2.319119888303878413e-02,-4.061649969663100324e-03,7.761473053631574581e-01,6.301119199566057594e-01,1.330201210021253466e-01,-3.694849337149856694e-03,-4.082681927376990982e-02,4.193493965337112273e-01,-3.546796284202617389e-01,2.911050791761827725e-02,-4.346851527164854456e-01,-3.122089948687740146e-01,-2.433419624479484233e-01,2.342158154665812675e-01,2.600729931292092983e-02,1.018431379314978097e-01,-1.390847844463967420e-01,0.000000000000000000e+00,0.000000000000000000e+00,-7.104402776868594394e-02,1.775825814895473087e-01,-5.407982843641604420e-01,1.145750553618243739e+00,0.000000000000000000e+00,0.000000000000000000e+00,0.000000000000000000e+00,-1.499629714499802757e-01,-3.093845906338666407e-01,7.138454633343078726e-01,1.125777619373629745e+00,0.000000000000000000e+00,0.000000000000000000e+00,0.000000000000000000e+00
1.286945408640931959e-02,2.205864402420449344e-01,8.825118452000184632e-01,1.868556998060725768e-02,-3.115019892140086753e-03,7.768693124146314188e-01,6.293768486002547791e-01,1.391454885823377730e-01,1.759032589122642813e-03,-5.697265763865622806e-02,4.172487910805693367e-01,-3.357702658931897011e-01,2.144723383291321020e-02,-4.349977572869149212e-01,-3.048286169573369842e-01,-2.472889633523019937e-01,2.438599479056128283e-01,2.090335573668647765e-03,8.806629623713793653e-02,-1.362417692008639769e-01,0.000000000000000000e+00,0.000000000000000000e+00,-6.830405830552727098e-02,1.796949254650127836e-01,-5.412896544751689687e-01,1.146304808875713510e+00,0.000000000000000000e+00,0.000000000000000000e+00,0.000000000000000000e+00,-1.443597170162965737e-01,-3.001603605676882447e-01,7.077425228203549912e-01,1.131110174327476070e+00,0.000000000000000000e+00,0.000000000000000000e+00,0.000000000000000000e+00
1.437353502081868857e-02,2.329357829142210123e-01,8.829906901377284623e-01,1.351633577250306584e-02,-2.775128182438075033e-03,7.778376876106501969e-01,6.283137266233895790e-01,1.513536280294394687e-01,1.267935106444199010e-02,-7.009793384714045617e-02,3.974668290633310841e-01,-3.003771696191558371e-01,2.640733379375739300e-03,-4.288484120068574157e-01,-2.952060351920770542e-01,-2.550566138754672973e-01,2.436145090406811042e-01,-1.621941191266516175e-02,7.972624492032452659e-02,-1.333488041439918892e-01,0.000000000000000000e+00,0.000000000000000000e+00,-6.739480946173102838e-02,1.876816855459132460e-01,-5.382242307388096503e-01,1.140371503810529097e+00,0.000000000000000000e+00,0.000000000000000000e+00,0.000000000000000000e+00,-1.453747398618606412e-01,-2.924825734412157541e-01,6.999714808663868304e-01,1.132838724208631076e+00,0.000000000000000000e+00,0.000000000000000000e+00,0.000000000000000000e+00
1.598060158779649950e-02,2.451589933286726919e-01,8.828828856462043184e-01,8.684089943798659755e-03,-2.636539328294263979e-03,7.780246696226934544e-01,6.281681691240940113e-01,1.601429422297178662e-01,2.417522941732413305e-02,-7.749317588704751625e-02,3.861087103253029729e-01,-2.619425370593295166e-01,-1.306666349783796102e-02,-4.290134890020049774e-01,-2.854989898457355180e-01,-2.585630759114517230e-01,2.576018909586259009e-01,-4.880677236497873994e-02,6.367136099255368831e-02,-1.288353416561849318e-01,0.000000000000000000e+00,0.000000000000000000e+00,-6.692307077667503101e-02,1.929196843126149696e-01,-5.343240422112274235e-01,1.146531855961835156e+00,0.000000000000000000e+00,0.000000000000000000e+00,0.000000000000000000e+00,-1.445448505549049301e-01,-2.868605183900961864e-01,6.975225055648669459e-01,1.134707710433941807e+00,0.000000000000000000e+00,0.000000000000000000e+00,0.000000000000000000e+00
1.770428087459680055e-02,2.574667684456963257e-01,8.837165989681682321e-01,2.508112212389310841e-03,-3.003028288172684534e-03,7.784117539711258305e-01,6.277418517781219176e-01,1.677494192931207606e-01,3.920698757510816812e-02,-8.349647055297831910e-02,3.727572254441852695e-01,-2.147072482905595658e-01,-2.980471609929842905e-02,-4.260877277573725808e-01,-2.730256804501545176e-01,-2.670245028279349397e-01,2.657704830200237067e-01,-7.122387578114758311e-02,5.035146745295773774e-02,-1.266483288252550354e-01,0.000000000000000000e+00,0.000000000000000000e+00,-6.790543626623009310e-02,2.029602418207311354e-01,-5.296220025643372242e-01,1.146050446042416127e+00,0.000000000000000000e+00,0.000000000000000000e+00,0.000000000000000000e+00,-1.456056725288154274e-01,-2.787071762354477733e-01,6.901919217669665318e-01,1.134276765814982157e+00,0.000000000000000000e+00,0.000000000000000000e+00,0.000000000000000000e+00
1.975690352555668772e-02,2.696941825567819029e-01,8.851639039533414355e-01,-2.864246222737324224e-03,-3.593865015354265509e-03,7.790084472998283216e-01,6.269965863251069083e-01,1.777430321083504627e-01,5.241936750992413213e-02,-9.655062128978050828e-02,3.549661149208755972e-01,-1.538971447768360812e-01,-5.427594247288729939e-02,-4.208039051180259005e-01,-2.605879225552427680e-01,-2.744042216183465999e-01,2.721343039850741552e-01,-9.033376958525778100e-02,3.458469610428065860e-02,-1.265840570407389953e-01,0.000000000000000000e+00,0.000000000000000000e+00,-6.457410169571470293e-02,2.102073132958315882e-01,-5.312240016980639412e-01,1.152879797320543132e+00,0.000000000000000000e+00,0.000000000000000000e+00,0.000000000000000000e+00,-1.456694322204932501e-01,-2.679950646537642700e-01,6.866165317546226721e-01,1.139562163402185968e+00,0.000000000000000000e+00,0.000000000000000000e+00,0.000000000000000000e+00
2.200589013671998620e-02,2.819855840943913949e-01,8.878288903596770476e-01,-9.337093170849190132e-03,-3.410136799356881711e-03,7.805926769810199728e-01,6.249610086251247143e-01,1.828762339484880373e-01,7.109851054352259170e-02,-9.656199089268159563e-02,3.351433698634663783e-01,-7.216743312316881154e-02,-8.177563338756080324e-02,-4.156204611215229550e-01,-2.481161843613737816e-01,-2.824172482710448073e-01,2.761156784887686122e-01,-1.013254116578501812e-01,2.361405841715553955e-02,-1.267258294970682875e-01,0.000000000000000000e+00,0.000000000000000000e+00,-6.898707634068537708e-02,2.217310464401150982e-01,-5.282041535583272829e-01,1.153700726281985167e+00,0.000000000000000000e+00,0.000000000000000000e+00,0.000000000000000000e+00,-1.506559107592232161e-01,-2.617715632958126371e-01,6.796976419294490368e-01,1.139671226981926244e+00,0.000000000000000000e+00,0.000000000000000000e+00,0.000000000000000000e+00
2.430114198272445222e-02,2.943373799720578887e-01,8.901231810012570911e-01,-1.569044093171768559e-02,-3.937885773591524516e-03,7.814255884093401772e-01,6.237887085368878370e-01,1.893930213478311475e-01,8.764345927536591752e-02,-1.037412021205742496e-01,3.167267174072520008e-01,4.325685395206113615e-03,-1.081575016924123112e-01,-4.089153293720932947e-01,-2.343038787809843260e-01,-2.929631628717294101e-01,2.780021438445668402e-01,-1.122961769792608228e-01,1.316326170371518063e-02,-1.246322675318271289e-01,0.000000000000000000e+00,0.000000000000000000e+00,-7.001354494511252691e-02,2.352916280896661660e-01,-5.264720521374300910e-01,1.149186330779945697e+00,0.000000000000000000e+00,0.000000000000000000e+00,0.000000000000000000e+00,-1.556183625835518280e-01,-2.559352047420870302e-01,6.779549676642597777e-01,1.137543742443372974e+00,0.000000000000000000e+00,0.000000000000000000e+00,0.000000000000000000e+00
2.664086456485014950e-02,3.065986435883332750e-01,8.924762519258655491e-01,-2.147443707848984903e-02,-5.339411127121327857e-03,7.804193000375855283e-01,6.248648296790449974e-01,1.923515223063221036e-01,1.023024875895010843e-01,-1.100097180136515723e-01,3.086816593565653299e-01,9.730093143494557284e-02,-1.369721203610893834e-01,-4.025642883061602006e-01,-2.152790553462398393e-01,-2.952114778368460923e-01,2.803457628040462168e-01,-1.202828687087233034e-01,-8.100977545848161467e-04,-1.232493896660952909e-01,0.000000000000000000e+00,0.000000000000000000e+00,-6.980117237059314805e-02,2.436213486756403646e-01,-5.278624891733623148e-01,1.151573476324132317e+00,0.000000000000000000e+00,0.000000000000000000e+00,0.000000000000000000e+00,-1.596810381396523704e-01,-2.453971205376185849e-01,6.741978395921287559e-01,1.138556479345527839e+00,0.000000000000000000e+00,0.000000000000000000e+00,0.000000000000000000e+00
2.922880219986051173e-02,3.189688317992903643e-01,8.946744227536759242e-01,-2.591443779541722364e-02,-6.301854641621302926e-03,7.805497452826869464e-01,6.245244780478627078e-01,1.954679889205347409e-01,1.178807408814858126e-01,-1.050011273193671574e-01,3.018966975663527341e-01,1.729984345862853323e-01,-1.582647025491170367e-01,-3.952288637762842449e-01,-2.022645748859803194e-01,-3.030327513882236090e-01,2.867312233763911200e-01,-1.320724584677640812e-01,-1.312141941226820097e-02,-1.193054420140066268e-01,0.000000000000000000e+00,0.000000000000000000e+00,-7.197081837757848821e-02,2.565436286969984270e-01,-5.196609783038048658e-01,1.148725752578950710e+00,0.000000000000000000e+00,0.000000000000000000e+00,0.000000000000000000e+00,-1.664412310601388612e-01,-2.422487221504079913e-01,6.687623990238493743e-01,1.135986309450872422e+00,0.000000000000000000e+00,0.000000000000000000e+00,0.000000000000000000e+00
3.183882184382488129e-02,3.318504847268729518e-01,8.988118185928157811e-01,-3.063350792169550196e-02,-3.519771742901686012e-03,7.796386357676957646e-01,6.254700608482992585e-01,1.848205552929221007e-01,1.211430223076081919e-01,-1.066447675401144130e-01,3.168724195454653003e-01,2.390217031583994067e-01,-1.848137554325512133e-01,-3.888232005141515901e-01,-1.894662924856152508e-01,-3.016989686008443305e-01,2.817184489349390253e-01,-1.380866933592793944e-01,-2.417505947269607894e-02,-1.087050531239791978e-01,0.000000000000000000e+00,0.000000000000000000e+00,-7.609785569535955363e-02,2.655403189101429584e-01,-5.184901794999353664e-01,1.148744120314135753e+00,0.000000000000000000e+00,0.000000000000000000e+00,0.000000000000000000e+00,-1.712411985885412824e-01,-2.437909301669775042e-01,6.668791116430057286e-01,1.130754576621872287e+00,0.000000000000000000e+00,0.000000000000000000e+00,0.000000000000000000e+00
3.442443745505214397e-02,3.446458609056258782e-01,9.024950052376610188e-01,-3.306655568071042994e-02,-1.659442424231675952e-03,7.776241750657062468e-01,6.278570629527352454e-01,1.675225172581408517e-01,1.217200061992763371e-01,-9.746391691738261198e-02,3.482514009161636892e-01,2.916458732190247427e-01,-2.003768188377912929e-01,-3.800852334210313987e-01,-1.765055470296513773e-01,-2.948909187591627901e-01,2.799011703223722169e-01,-1.479442619202383513e-01,-3.616526475272717478e-02,-9.708418317034053779e-02,0.000000000000000000e+00,0.000000000000000000e+00,-8.099708991548190684e-02,2.727947374804951530e-01,-5.156160187149185781e-01,1.140394988698721246e+00,0.000000000000000000e+00,0.000000000000000000e+00,0.000000000000000000e+00,-1.794740826633755837e-01,-2.521812130517020467e-01,6.663851200789803197e-01,1.116352661545460423e+00,0.000000000000000000e+00,0.000000000000000000e+00,0.000000000000000000e+00
3.715676097150870383e-02,3.571216070551093136e-01,9.055444170253673652e-01,-3.309043849612492566e-02,-8.865716872562992394e-04,7.757329515306811141e-01,6.301925299305566330e-01,1.442480112823822103e-01,1.191151544798721429e-01,-8.483664804627005784e-02,3.890338008470878295e-01,3.084990765532634183e-01,-2.071666839381993419e-01,-3.677482719631243735e-01,-1.658058703229886577e-01,-2.866423167464700605e-01,2.800919709587324502e-01,-1.610627959772940598e-01,-4.831363808541772747e-02,-8.419355650813782621e-02,0.000000000000000000e+00,0.000000000000000000e+00,-8.519748936078745671e-02,2.769173301198538661e-01,-5.075052683439883472e-01,1.130506597609080011e+00,0.000000000000000000e+00,0.000000000000000000e+00,0.000000000000000000e+00,-1.859777414027871389e-01,-2.638042815650024076e-01,6.635917968794786681e-01,1.105346191080327500e+00,0.000000000000000000e+00,0.000000000000000000e+00,0.000000000000000000e+00
3.995492978692865432e-02,3.691535339590076847e-01,9.093229990776028338e-01,-3.232605624999927707e-02,7.422968958493139299e-04,7.730768153685219080e-01,6.334877367576303708e-01,1.123097707673950674e-01,1.107087341041303463e-01,-7.679084609122344141e-02,4.421454618232531497e-01,3.139447147748065103e-01,-2.163430122989593862e-01,-3.508433488297941216e-01,-1.551801292213391692e-01,-2.764136414589088986e-01,2.688512388976113110e-01,-1.690673031601308551e-01,-5.543080735293330619e-02,-6.853138534073521804e-02,0.000000000000000000e+00,0.000000000000000000e+00,-8.955406462841197790e-02,2.793732161480044773e-01,-5.016292341425580004e-01,1.119796989035939161e+00,0.000000000000000000e+00,0.000000000000000000e+00,0.000000000000000000e+00,-1.918717862690542397e-01,-2.757497067018671588e-01,6.551601388790538882e-01,1.094497291584994425e+00,0.000000000000000000e+00,0.000000000000000000e+00,0.000000000000000000e+00
4.313665484534646988e-02,3.804625758245503975e-01,9.128962641469741124e-01,-3.045772592411825214e-02,4.315924489085693448e-03,7.701972192738348877e-01,6.370635314866081034e-01,7.161416734386201466e-02,1.079455838175472082e-01,-5.355988054519081332e-02,5.021656267641211313e-01,3.028347307764572838e-01,-2.110489547497780283e-01,-3.398721984479098346e-01,-1.503089794407255209e-01,-2.643950361090006140e-01,2.654969124375248235e-01,-1.797891304088191922e-01,-6.595896425644880157e-02,-4.919592911520843936e-02,0.000000000000000000e+00,0.000000000000000000e+00,-9.911440610379460003e-02,2.827408721768270849e-01,-4.960409142002161764e-01,1.105298133365865576e+00,0.000000000000000000e+00,0.000000000000000000e+00,0.000000000000000000e+00,-2.000818230472516668e-01,-2.928137786757884498e-01,6.560627014589607287e-01,1.077013564156833914e+00,0.000000000000000000e+00,0.000000000000000000e+00,0.000000000000000000e+00
4.646561950328335217e-02,3.909658833344048512e-01,9.159981456338863737e-01,-2.855492963302129136e-02,7.032032252004273912e-03,7.688855687276405781e-01,6.387097531104666270e-01,3.134928138272018161e-02,1.083707425178260103e-01,-3.666287035899466751e-02,5.516795184935688878e-01,2.906246313411958160e-01,-2.041636210583501476e-01,-3.276150505907223232e-01,-1.469992747048208814e-01,-2.573719717289844611e-01,2.622969646079729711e-01,-1.872945434150856403e-01,-7.499458820920716640e-02,-3.603360129600772371e-02,0.000000000000000000e+00,0.000000000000000000e+00,-1.084932338623125492e-01,2.851565493802237228e-01,-4.891606643514244124e-01,1.091437108551446933e+00,0.000000000000000000e+00,0.000000000000000000e+00,0.000000000000000000e+00,-2.108996460221500280e-01,-3.110927791732431280e-01,6.504631091659449638e-01,1.054879763731953357e+00,0.000000000000000000e+00,0.000000000000000000e+00,0.000000000000000000e+00
4.990561716793402020e-02,4.008810493718737433e-01,9.188452502737146643e-01,-2.580285459540807361e-02,9.378163754023231130e-03,7.663148275023152767e-01,6.418783746859121342e-01,-1.554791184420919320e-02,1.084191080992229356e-01,-7.620717297494734518e-03,6.036055684196165450e-01,2.599298640230625068e-01,-1.898308761342190065e-01,-3.139521726507820687e-01,-1.439573853265904702e-01,-2.506405236047728469e-01,2.576763270456176591e-01,-1.959844199361914230e-01,-7.730661120719921342e-02,-2.162726753871195562e-02,0.000000000000000000e+00,0.000000000000000000e+00,-1.170499551332595117e-01,2.872770345002461090e-01,-4.817839762235983647e-01,1.072959100025467682e+00,0.000000000000000000e+00,0.000000000000000000e+00,0.000000000000000000e+00,-2.206276275905148521e-01,-3.335171050499492473e-01,6.451004276132175086e-01,1.024788265012720911e+00,0.000000000000000000e+00,0.000000000000000000e+00,0.000000000000000000e+00
5.336113823139904816e-02,4.100763772870987811e-01,9.213524089474611767e-01,-2.358978453826480332e-02,1.191280013112789096e-02,7.648213326435012727e-01,6.437001913871807091e-01,-7.081556419684600923e-02,1.132761068055955639e-01,2.256845650286999627e-02,6.630439603304603136e-01,2.369226454834454099e-01,-1.722507522082418752e-01,-3.034751313394509764e-01,-1.404996083849185673e-01,-2.392873928694640440e-01,2.558914243659679011e-01,-2.051132481886429604e-01,-8.366111717890148403e-02,-8.194737758973075908e-03,0.000000000000000000e+00,0.000000000000000000e+00,-1.319888512964761673e-01,2.925565081975957105e-01,-4.720387559189038740e-01,1.044825000933478076e+00,0.000000000000000000e+00,0.000000000000000000e+00,0.000000000000000000e+00,-2.340116501958596495e-01,-3.589347130113170192e-01,6.330784461053410306e-01,9.988526953324176061e-01,0.000000000000000000e+00,0.000000000000000000e+00,0.000000000000000000e+00
5.682458013898936122e-02,4.187349050982874243e-01,9.236970525138524790e-01,-2.206229949841395643e-02,1.492480507410696294e-02,7.635676703349464356e-01,6.451782063535661527e-01,-1.224973741106212544e-01,1.176636403649726492e-01,4.897904698601475426e-02,7.063562172035068309e-01,2.130364272193126240e-01,-1.576163957946075111e-01,-2.928160048408711691e-01,-1.391593661607021526e-01,-2.361663100426758533e-01,2.507539920476055118e-01,-2.138462733082834299e-01,-8.393015192318620254e-02,6.260212943138678508e-03,0.000000000000000000e+00,0.000000000000000000e+00,-1.447647827483087568e-01,3.021543132953830590e-01,-4.650764404749556102e-01,1.014451296619318654e+00,0.000000000000000000e+00,0.000000000000000000e+00,0.000000000000000000e+00,-2.475442294920709996e-01,-3.868173068838976492e-01,6.213107146856536867e-01,9.662982971588791603e-01,0.000000000000000000e+00,0.000000000000000000e+00,0.000000000000000000e+00
6.001647514373092962e-02,4.266335367839313442e-01,9.249471332554121128e-01,-2.148189664479675798e-02,1.712169022081683548e-02,7.615412274835577922e-01,6.475340413316977850e-01,-1.750262629621653354e-01,1.271692859000027875e-01,7.470800925684280280e-02,7.456483122243814377e-01,1.775939797074070903e-01,-1.389540475813345610e-01,-2.888683000944776702e-01,-1.354698416275473272e-01,-2.293233420287448809e-01,2.556595580836563686e-01,-2.269092829647610943e-01,-8.403864134300242927e-02,1.803936670636941200e-02,0.000000000000000000e+00,0.000000000000000000e+00,-1.589545370767947441e-01,3.119754216943645964e-01,-4.537359804903093319e-01,9.806757403806687368e-01,0.000000000000000000e+00,0.000000000000000000e+00,0.000000000000000000e+00,-2.640156957939351345e-01,-4.171191628661950479e-01,6.086204399061447834e-01,9.355062995056477870e-01,0.000000000000000000e+00,0.000000000000000000e+00,0.000000000000000000e+00
6.309934375021082620e-02,4.339096991821850824e-01,9.257438674949561852e-01,-2.094088113869527548e-02,1.858042293899614741e-02,7.600213485142447434e-01,6.492948461085549239e-01,-2.236299998938081901e-01,1.419335961498425502e-01,1.000807239090392847e-01,7.634133357697088229e-01,1.431339797183141249e-01,-1.184179125344242967e-01,-2.855900318908616842e-01,-1.319349314027926101e-01,-2.245957835292548832e-01,2.631483417084574672e-01,-2.403003493918624278e-01,-8.513039527077968793e-02,3.034448889590232387e-02,0.000000000000000000e+00,0.000000000000000000e+00,-1.741250200463317355e-01,3.230861592034341978e-01,-4.432755685463229955e-01,9.526196132823370188e-01,0.000000000000000000e+00,0.000000000000000000e+00,0.000000000000000000e+00,-2.813859743821400250e-01,-4.514235478592662498e-01,6.025001246769000618e-01,8.959254288900765362e-01,0.000000000000000000e+00,0.000000000000000000e+00,0.000000000000000000e+00
6.595707894298023788e-02,4.403893119445932425e-01,9.263017015429467760e-01,-2.017544126721834349e-02,1.956351897502899007e-02,7.590247681106052635e-01,6.504549344033208058e-01,-2.606998650535654605e-01,1.535403556786910095e-01,1.155973022300128272e-01,7.660980398815151471e-01,1.210809408176420354e-01,-1.078100648859968702e-01,-2.833417172070575862e-01,-1.288094588702137777e-01,-2.195249683846925981e-01,2.727291837044404921e-01,-2.510134865627708933e-01,-9.027066953834092522e-02,3.852878516641929096e-02,0.000000000000000000e+00,0.000000000000000000e+00,-1.902038510862621989e-01,3.349862493130475460e-01,-4.339510013367957053e-01,9.207342269308289584e-01,0.000000000000000000e+00,0.000000000000000000e+00,0.000000000000000000e+00,-2.999986060737762084e-01,-4.807495406571064556e-01,5.900240627765619417e-01,8.623923024706944274e-01,0.000000000000000000e+00,0.000000000000000000e+00,0.000000000000000000e+00
6.857657354753536605e-02,4.464174318179632839e-01,9.265860606455419424e-01,-2.010106813044329824e-02,2.123533078157350748e-02,7.578995054270941667e-01,6.517156952690170701e-01,-2.913207349015712322e-01,1.680092559978373090e-01,1.277426839752373866e-01,7.581414419576286701e-01,9.158454918971900560e-02,-9.032752844316083163e-02,-2.833318455768563671e-01,-1.284712708329878716e-01,-2.205035682530714358e-01,2.825570206557397879e-01,-2.616104440824753019e-01,-8.365575962294856394e-02,4.981301780486430131e-02,0.000000000000000000e+00,0.000000000000000000e+00,-2.052859064228670649e-01,3.495245270790512393e-01,-4.277037400994075922e-01,8.850321830008882618e-01,0.000000000000000000e+00,0.000000000000000000e+00,0.000000000000000000e+00,-3.182614671866352829e-01,-5.118059844820624926e-01,5.732929091333088811e-01,8.264793939544862189e-01,0.000000000000000000e+00,0.000000000000000000e+00,0.000000000000000000e+00
7.079980582642465825e-02,4.516031534515350110e-01,9.258262433071815511e-01,-1.940339469121721283e-02,2.065959411669795673e-02,7.556249360262410342e-01,6.543910493739422130e-01,-3.145568649297773578e-01,1.815505025202235057e-01,1.369497168158685385e-01,7.343585473369307337e-01,7.156500710079491401e-02,-8.095066007675047470e-02,-2.852289070521693559e-01,-1.243447585934764898e-01,-2.155790764111160662e-01,3.016454861767485229e-01,-2.777350706965371341e-01,-8.166814192256167948e-02,5.634333746775732621e-02,0.000000000000000000e+00,0.000000000000000000e+00,-2.178633444463722035e-01,3.640051914463294791e-01,-4.150340777095987144e-01,8.535393319750368413e-01,0.000000000000000000e+00,0.000000000000000000e+00,0.000000000000000000e+00,-3.367833735407743667e-01,-5.399597709304079229e-01,5.668973550965862307e-01,7.925946546658496628e-01,0.000000000000000000e+00,0.000000000000000000e+00,0.000000000000000000e+00
7.283488626137432642e-02,4.562638954538913993e-01,9.249525925358927925e-01,-1.796339651817661920e-02,2.112057265081335178e-02,7.533682354848389995e-01,6.570141091018459889e-01,-3.290224951428955547e-01,1.911620648639076603e-01,1.338016364085110876e-01,7.093513524998195097e-01,5.228199517818112735e-02,-7.010243282011857646e-02,-2.902370822040689635e-01,-1.240279886614229499e-01,-2.100006405638278340e-01,3.248083530524396023e-01,-2.927381859297663591e-01,-7.941013556108639238e-02,6.342046484010537000e-02,0.000000000000000000e+00,0.000000000000000000e+00,-2.293350411548811529e-01,3.784510636909601544e-01,-4.083089329358825514e-01,8.183468890633135429e-01,0.000000000000000000e+00,0.000000000000000000e+00,0.000000000000000000e+00,-3.583345510019561586e-01,-5.685983573152664228e-01,5.580869368266694330e-01,7.560943151250408834e-01,0.000000000000000000e+00,0.000000000000000000e+00,0.000000000000000000e+00
7.445907625629101523e-02,4.602937715250512984e-01,9.235523392404542120e-01,-1.719708579898904244e-02,1.999016360221704883e-02,7.512711447219196925e-01,6.594666941608153810e-01,-3.369650761574018993e-01,2.038880724667189448e-01,1.357143349018732348e-01,6.877124391397371195e-01,3.637712876116927507e-02,-5.927398709332283577e-02,-2.947948108844751225e-01,-1.209428136269322940e-01,-2.062045648856496438e-01,3.487163078000880545e-01,-3.079530126592051054e-01,-7.913146344372747054e-02,6.733102201964991096e-02,0.000000000000000000e+00,0.000000000000000000e+00,-2.427460991718149996e-01,3.905400844990463693e-01,-3.996266034686532520e-01,8.015119501032980098e-01,0.000000000000000000e+00,0.000000000000000000e+00,0.000000000000000000e+00,-3.821263803001542780e-01,-5.949770197827859430e-01,5.621516232615331177e-01,7.380128639552483438e-01,0.000000000000000000e+00,0.000000000000000000e+00,0.000000000000000000e+00
7.583261198447521778e-02,4.638247796606285167e-01,9.220933909116189042e-01,-1.547195730077574258e-02,1.950571718697903176e-02,7.483670412006684369e-01,6.628174086268860954e-01,-3.392005221680349236e-01,2.085747726268510904e-01,1.251738554971181805e-01,6.572953692538728854e-01,2.136783702172039001e-02,-5.246548274065163109e-02,-3.010627778347610972e-01,-1.208365108359109596e-01,-2.014500954899174912e-01,3.747291221446575338e-01,-3.199258553734892208e-01,-7.627582292135023923e-02,7.320493038713658807e-02,0.000000000000000000e+00,0.000000000000000000e+00,-2.515102779706572256e-01,4.056498386288078239e-01,-3.940415856248494775e-01,7.704744543299802961e-01,0.000000000000000000e+00,0.000000000000000000e+00,0.000000000000000000e+00,-4.070267115998901231e-01,-6.221154672246578254e-01,5.705273371390928716e-01,7.168588672173714649e-01,0.000000000000000000e+00,0.000000000000000000e+00,0.000000000000000000e+00
7.690057006630580949e-02,4.667703752378432047e-01,9.199711972173807428e-01,-1.451134702219764733e-02,1.888809285589325426e-02,7.458790838777422660e-01,6.656553560135808345e-01,-3.419085001457526918e-01,2.180516435832680622e-01,1.194687415014175497e-01,6.297399062260855551e-01,5.673489801834814134e-03,-4.777415175445264700e-02,-3.108091485180739522e-01,-1.210246390853373100e-01,-1.991489678288444198e-01,4.054319676478421730e-01,-3.351078035323846183e-01,-7.683999935965406258e-02,7.845258044078186332e-02,0.000000000000000000e+00,0.000000000000000000e+00,-2.674187042568145767e-01,4.201691987135001694e-01,-3.790277360499101356e-01,7.396448766721950285e-01,0.000000000000000000e+00,0.000000000000000000e+00,0.000000000000000000e+00,-4.384300571607865349e-01,-6.525678511824937189e-01,5.782613971484871218e-01,7.070859579466018952e-01,0.000000000000000000e+00,0.000000000000000000e+00,0.000000000000000000e+00
7.755657586081207699e-02,4.692030328686165874e-01,9.182855959075767460e-01,-1.277324668407670352e-02,1.853487671850525056e-02,7.429714495927329798e-01,6.689444876850760835e-01,-3.388779997708075697e-01,2.216725049350244392e-01,1.047958972229669494e-01,5.979018604494518163e-01,-3.086374230909447181e-04,-4.717830850015643229e-02,-3.182823712714567543e-01,-1.227628672272211285e-01,-1.965733103215473454e-01,4.307950496998200762e-01,-3.444649605609324539e-01,-7.930249401490738204e-02,8.191401635750181209e-02,0.000000000000000000e+00,0.000000000000000000e+00,-2.784841996884052651e-01,4.370300176716628848e-01,-3.657673014119068866e-01,7.002967998520851500e-01,0.000000000000000000e+00,0.000000000000000000e+00,0.000000000000000000e+00,-4.646973409828586421e-01,-6.759943795439369296e-01,5.813477963882880406e-01,6.999904316529041992e-01,0.000000000000000000e+00,0.000000000000000000e+00,0.000000000000000000e+00
7.773582869167677822e-02,4.712440317365418352e-01,9.161053533175054220e-01,-1.238708196295464949e-02,1.735929336801299294e-02,7.416264153700832251e-01,6.704740674772778908e-01,-3.357234522960838574e-01,2.249113005605607452e-01,9.586152354482857518e-02,5.717110479872037354e-01,-9.195421131351567273e-03,-4.827458359466560434e-02,-3.249398657788025169e-01,-1.229377734339330425e-01,-1.962754607138561536e-01,4.542256599461153566e-01,-3.578762698156517930e-01,-7.655157940615346657e-02,8.206024926019092613e-02,0.000000000000000000e+00,0.000000000000000000e+00,-2.971412305945438370e-01,4.514301109734225048e-01,-3.590224153691302100e-01,6.739006633787691936e-01,0.000000000000000000e+00,0.000000000000000000e+00,0.000000000000000000e+00,-4.844082016029089832e-01,-6.955323379297043696e-01,5.742675635224275821e-01,6.807273983704592579e-01,0.000000000000000000e+00,0.000000000000000000e+00,0.000000000000000000e+00
7.743177176989701760e-02,4.728741987956640580e-01,9.132880634129020292e-01,-1.256033530174361854e-02,1.740854619275792464e-02,7.386932474282147387e-01,6.736998342737804402e-01,-3.324944230510422649e-01,2.277696294851817016e-01,8.518379276817618362e-02,5.460906523940693980e-01,-1.296656551567706289e-02,-5.173736809962355132e-02,-3.395137188724982047e-01,-1.228047253675633443e-01,-1.899560423098021200e-01,4.844869725023274731e-01,-3.715168710944637409e-01,-7.901640776846101388e-02,8.169294328296439200e-02,0.000000000000000000e+00,0.000000000000000000e+00,-3.140783068216639329e-01,4.647577992841485095e-01,-3.510525645499938396e-01,6.508567556300332013e-01,0.000000000000000000e+00,0.000000000000000000e+00,0.000000000000000000e+00,-5.065060180157582304e-01,-7.116093309497408814e-01,5.798488027173638315e-01,6.683145119666858980e-01,0.000000000000000000e+00,0.000000000000000000e+00,0.000000000000000000e+00
7.676381824429726053e-02,4.739857374441054927e-01,9.105679780192504902e-01,-1.191112318706617074e-02,1.794981603377598933e-02,7.365764193319126463e-01,6.760111742663380552e-01,-3.324737380225404881e-01,2.312101863156408588e-01,8.080186328462506118e-02,5.293305436508418671e-01,-1.899782258268970306e-02,-5.241770382051409022e-02,-3.530235931569778440e-01,-1.271776219352342419e-01,-1.871191059249433519e-01,5.138269760951665877e-01,-3.852954452113177553e-01,-7.918960888580234281e-02,8.057176050662587241e-02,0.000000000000000000e+00,0.000000000000000000e+00,-3.404071002330631979e-01,4.807146744626576429e-01,-3.484989513202043643e-01,6.195519672366428532e-01,0.000000000000000000e+00,0.000000000000000000e+00,0.000000000000000000e+00,-5.375331354918829740e-01,-7.327655275554928460e-01,5.896904612827418291e-01,6.515461858959037400e-01,0.000000000000000000e+00,0.000000000000000000e+00,0.000000000000000000e+00
7.566604253826789139e-02,4.744976821057604877e-01,9.072371030218701060e-01,-1.101467305580011713e-02,1.864234298921403979e-02,7.356066141014288018e-01,6.770628104656000179e-01,-3.351201307524455109e-01,2.333948138170015563e-01,7.902751156885236272e-02,5.224863368330817659e-01,-3.515224315518945819e-02,-4.987706550424907820e-02,-3.689451153416645757e-01,-1.333134586164151369e-01,-1.829097116304333470e-01,5.479232755151773882e-01,-4.014786425510690204e-01,-8.034452102439422483e-02,7.426250309825990770e-02,0.000000000000000000e+00,0.000000000000000000e+00,-3.721243236162969925e-01,4.983632639317290836e-01,-3.427810301413520278e-01,5.967259480048684450e-01,0.000000000000000000e+00,0.000000000000000000e+00,0.000000000000000000e+00,-5.654165089061297111e-01,-7.481617966052501734e-01,5.890865609354190013e-01,6.323279736415526875e-01,0.000000000000000000e+00,0.000000000000000000e+00,0.000000000000000000e+00
7.402143798827172383e-02,4.746291320550630743e-01,9.046376222008820633e-01,-1.092653427292113524e-02,1.938234697640334528e-02,7.334681537341983804e-01,6.793595535003641439e-01,-3.363611753436043239e-01,2.347265132661379150e-01,7.921090196097708980e-02,5.188682571393855580e-01,-5.788625908673011855e-02,-4.742799658630950099e-02,-3.818755408932568707e-01,-1.369524343040296188e-01,-1.774894888709781793e-01,5.710296215537545850e-01,-4.140081930566674728e-01,-7.530645708620246903e-02,6.848085680041267331e-02,0.000000000000000000e+00,0.000000000000000000e+00,-4.037712690116509462e-01,5.162807574262008314e-01,-3.414648798220626391e-01,5.809804761126281525e-01,0.000000000000000000e+00,0.000000000000000000e+00,0.000000000000000000e+00,-6.048330569980671090e-01,-7.613201454572487981e-01,6.036426026877267370e-01,6.229376439372064089e-01,0.000000000000000000e+00,0.000000000000000000e+00,0.000000000000000000e+00
7.201083783093499557e-02,4.740054581249839583e-01,9.014182577393030638e-01,-9.487246332679133767e-03,1.959096207137224141e-02,7.324880742066527395e-01,6.804317802007554539e-01,-3.405199321984880290e-01,2.340271612942143031e-01,8.163358527353593852e-02,5.267069401422097563e-01,-8.319202037482978374e-02,-3.894374716934796699e-02,-3.962823962843613490e-01,-1.440282435118949156e-01,-1.721656437571362497e-01,6.008919526191663918e-01,-4.227524275727682079e-01,-7.261311979491297253e-02,6.155806564593953312e-02,0.000000000000000000e+00,0.000000000000000000e+00,-4.338108786669070960e-01,5.274951974713248948e-01,-3.407901167159389511e-01,5.628383144306919883e-01,0.000000000000000000e+00,0.000000000000000000e+00,0.000000000000000000e+00,-6.358966229758538091e-01,-7.667840733777712137e-01,6.004764904078134791e-01,6.057787703684170966e-01,0.000000000000000000e+00,0.000000000000000000e+00,0.000000000000000000e+00
6.964062894307725127e-02,4.728437613207657764e-01,8.983184984880939750e-01,-1.028763830612278683e-02,2.294300634554927859e-02,7.312866252884824281e-01,6.816066714991074749e-01,-3.538002541628028075e-01,2.308086547139949207e-01,8.671353921369727435e-02,5.401755754433480439e-01,-1.143863713556668715e-01,-2.967044548660178332e-02,-4.184726846839272874e-01,-1.527942761193634980e-01,-1.655777969829673735e-01,6.275358568649583857e-01,-4.304947915830880101e-01,-6.588207086099810705e-02,5.328939730350577136e-02,0.000000000000000000e+00,0.000000000000000000e+00,-4.718337786284396151e-01,5.429695835306320717e-01,-3.396085339335136455e-01,5.471649343519513486e-01,0.000000000000000000e+00,0.000000000000000000e+00,0.000000000000000000e+00,-6.640305667407010448e-01,-7.709329993094706790e-01,5.852217060076739807e-01,5.740259444803702538e-01,0.000000000000000000e+00,0.000000000000000000e+00,0.000000000000000000e+00
6.698558649633294670e-02,4.708097695053237164e-01,8.952716531752837881e-01,-1.017267330889615358e-02,2.489472139713445886e-02,7.301356931268109252e-01,6.827727580875939672e-01,-3.675589419490120080e-01,2.277659923466663627e-01,9.104873845029946844e-02,5.601099338303815456e-01,-1.360650972376279688e-01,-1.928555561251581868e-02,-4.382373178714948914e-01,-1.608689684246607243e-01,-1.588272858835619583e-01,6.525707648646282832e-01,-4.299587861131907718e-01,-6.255487650377898612e-02,4.874870391562648869e-02,0.000000000000000000e+00,0.000000000000000000e+00,-5.039829564504876291e-01,5.440702079170604000e-01,-3.322485444534027943e-01,5.324753065380034567e-01,0.000000000000000000e+00,0.000000000000000000e+00,0.000000000000000000e+00,-6.859553557987927430e-01,-7.634414475803646960e-01,5.611683523907611271e-01,5.510851856409455518e-01,0.000000000000000000e+00,0.000000000000000000e+00,0.000000000000000000e+00
6.417748719059536422e-02,4.680994328486333678e-01,8.925209520413442954e-01,-9.476959575207910894e-03,2.694245834558687408e-02,7.299031446353312358e-01,6.829536518878570606e-01,-3.790753112270699443e-01,2.236042857236162085e-01,9.877445898066805618e-02,5.770406558531011587e-01,-1.676994087957992541e-01,-8.508411992653145892e-03,-4.566630275600588318e-01,-1.701863471898339975e-01,-1.512342190496957506e-01,6.752421129275513190e-01,-4.269684519588893279e-01,-5.774390803587901161e-02,3.716245280646199300e-02,0.000000000000000000e+00,0.000000000000000000e+00,-5.328788387274671079e-01,5.509720951435815861e-01,-3.173896212725733079e-01,5.148943585323515482e-01,0.000000000000000000e+00,0.000000000000000000e+00,0.000000000000000000e+00,-7.008473511011592549e-01,-7.561603171069704032e-01,5.276669571171948014e-01,5.137663011066007090e-01,0.000000000000000000e+00,0.000000000000000000e+00,0.000000000000000000e+00
6.118310098063051150e-02,4.646933690404176920e-01,8.898073035564194599e-01,-9.958728113858648229e-03,2.817368467003742230e-02,7.315493496375811144e-01,6.811333322274712998e-01,-3.971124536412256600e-01,2.212445485525930677e-01,1.030485500588735892e-01,5.997457460388655459e-01,-1.883528451825563221e-01,-1.073757778927006065e-03,-4.723475527912694982e-01,-1.803017182975024668e-01,-1.508032575064395808e-01,6.929222910640775446e-01,-4.237754501579121258e-01,-4.983493007933499641e-02,3.071936206802151903e-02,0.000000000000000000e+00,0.000000000000000000e+00,-5.747913167884221020e-01,5.538406361002427003e-01,-3.116432383465872480e-01,5.047885089691042104e-01,0.000000000000000000e+00,0.000000000000000000e+00,0.000000000000000000e+00,-7.175435978769987289e-01,-7.337314991345710302e-01,4.664511255514853239e-01,4.962999335984224492e-01,0.000000000000000000e+00,0.000000000000000000e+00,0.000000000000000000e+00
5.808622653505843281e-02,4.607836159653285746e-01,8.872492115009213975e-01,-1.007989876866336766e-02,2.897914145906301669e-02,7.311039194397533914e-01,6.815758681034259636e-01,-4.118430460826550954e-01,2.215604603923629901e-01,1.120537651138566460e-01,6.208290049256792731e-01,-2.073349532372751602e-01,8.198205609453067949e-03,-4.888585957815882455e-01,-1.863766667496074558e-01,-1.443730040346253851e-01,7.085705106070800952e-01,-4.126155856959053958e-01,-4.245191416672083190e-02,2.128068211759117853e-02,0.000000000000000000e+00,0.000000000000000000e+00,-6.154648569215198650e-01,5.519369433409396786e-01,-3.008462736660800219e-01,4.976837883858095668e-01,0.000000000000000000e+00,0.000000000000000000e+00,0.000000000000000000e+00,-7.379523111176217176e-01,-7.106723043568858866e-01,4.123984041185183580e-01,4.769305052597613281e-01,0.000000000000000000e+00,0.000000000000000000e+00,0.000000000000000000e+00
5.509588250028080864e-02,4.565263699724130819e-01,8.838098639508656928e-01,-1.108951071541191581e-02,2.948232535202820193e-02,7.315114756392216977e-01,6.811011497949899240e-01,-4.326282286110864073e-01,2.231005647268219927e-01,1.169048390828508199e-01,6.491877658834172005e-01,-2.274991853256877195e-01,1.366891804655635465e-02,-5.062824503431275769e-01,-1.937567085369591435e-01,-1.438077879356737254e-01,7.270581387620619340e-01,-4.128735325674242618e-01,-3.461858758803589009e-02,1.658039376414652613e-02,0.000000000000000000e+00,0.000000000000000000e+00,-6.648021048535064370e-01,5.408294848626437057e-01,-2.882413205599643757e-01,4.974535908722712563e-01,0.000000000000000000e+00,0.000000000000000000e+00,0.000000000000000000e+00,-7.593726658360748782e-01,-6.813273616106451103e-01,3.537928939853102195e-01,4.696921071362422651e-01,0.000000000000000000e+00,0.000000000000000000e+00,0.000000000000000000e+00
5.226355198305880634e-02,4.521776444028711706e-01,8.816830825349056822e-01,-1.196354851585110755e-02,2.968990835380692916e-02,7.311057412781971632e-01,6.815128596871143918e-01,-4.477215163830446931e-01,2.234865798450820784e-01,1.205530475666145435e-01,6.674949746777487647e-01,-2.396027859870468180e-01,2.002302023121558042e-02,-5.193389282366865922e-01,-1.975995589759232396e-01,-1.409560966193884601e-01,7.361623860279171705e-01,-4.067620386634200891e-01,-2.859043826113963696e-02,1.350698282877063790e-02,0.000000000000000000e+00,0.000000000000000000e+00,-7.073877382895323862e-01,5.278844760620172716e-01,-2.775298546076518380e-01,4.970282278388123420e-01,0.000000000000000000e+00,0.000000000000000000e+00,0.000000000000000000e+00,-7.783641079678588204e-01,-6.555109509576140248e-01,3.109234144719297266e-01,4.562389422889449597e-01,0.000000000000000000e+00,0.000000000000000000e+00,0.000000000000000000e+00
4.966451337146400580e-02,4.479318742103852169e-01,8.806367976773425976e-01,-1.324456331141868858e-02,2.994121279981898712e-02,7.311109001672908558e-01,6.814726384641854873e-01,-4.594917006657435188e-01,2.240753465594758631e-01,1.243569212941980084e-01,6.762513960900615739e-01,-2.430149097957571280e-01,2.087084224895716100e-02,-5.283188286330098293e-01,-2.013974763901943132e-01,-1.418138803027538530e-01,7.363326428590559747e-01,-3.959781344157431993e-01,-2.619425755842038142e-02,1.449858398169974645e-02,0.000000000000000000e+00,0.000000000000000000e+00,-7.393855125116324256e-01,5.084802720108934082e-01,-2.631410467401777975e-01,4.867742021953359588e-01,0.000000000000000000e+00,0.000000000000000000e+00,0.000000000000000000e+00,-7.984405109358978514e-01,-6.370814760338532334e-01,2.887022103135706841e-01,4.496296719989635871e-01,0.000000000000000000e+00,0.000000000000000000e+00,0.000000000000000000e+00
4.732267879996635007e-02,4.436899174846927751e-01,8.785001844555387907e-01,-1.400421518601824289e-02,2.955042309572620748e-02,7.313698054020403294e-01,6.811966398904709674e-01,-4.731050942793368908e-01,2.267095248775112815e-01,1.286445702211538311e-01,6.924366631457599119e-01,-2.507116653852801136e-01,1.992552407712661067e-02,-5.384448102532910507e-01,-2.040322889924553740e-01,-1.399645934170273553e-01,7.430202925128883695e-01,-3.931259181742568498e-01,-2.359861938446019061e-02,1.219212062282724190e-02,0.000000000000000000e+00,0.000000000000000000e+00,-7.756690507848541527e-01,4.994451162253881749e-01,-2.560851110582123558e-01,4.821104308746150813e-01,0.000000000000000000e+00,0.000000000000000000e+00,0.000000000000000000e+00,-8.239872448315932463e-01,-6.210338247894215957e-01,2.739915697994045884e-01,4.444695446326950572e-01,0.000000000000000000e+00,0.000000000000000000e+00,0.000000000000000000e+00
4.533137608284823483e-02,4.396479675189144953e-01,8.760031375567834955e-01,-1.342256465168721082e-02,2.881279261885549836e-02,7.315601362426948917e-01,6.810355532571280568e-01,-4.847027010046687234e-01,2.262219817656486165e-01,1.289781437670977082e-01,7.095222310127098364e-01,-2.568662592273258105e-01,2.181861946281068998e-02,-5.480298120290215680e-01,-2.101885677964620003e-01,-1.415211131179675841e-01,7.547104978195147140e-01,-3.907237123253978761e-01,-2.475667506230363676e-02,1.212588336203492163e-02,0.000000000000000000e+00,0.000000000000000000e+00,-8.056466732052228741e-01,4.794269889862342038e-01,-2.476090082681194626e-01,4.760028515670624016e-01,0.000000000000000000e+00,0.000000000000000000e+00,0.000000000000000000e+00,-8.456264611531706388e-01,-5.971742320885040645e-01,2.599731889975209764e-01,4.432766846281811501e-01,0.000000000000000000e+00,0.000000000000000000e+00,0.000000000000000000e+00
4.346321518807352846e-02,4.360503160830555558e-01,8.730303684828026878e-01,-1.435800796791030301e-02,2.865901175378090388e-02,7.319297326542758553e-01,6.806257232202800322e-01,-5.008170448610239633e-01,2.297097064317312753e-01,1.320567189350280723e-01,7.311314398154117322e-01,-2.684837922108178621e-01,1.951646797949404405e-02,-5.615057844723415625e-01,-2.128436119462680243e-01,-1.390530105611295364e-01,7.689281129300252760e-01,-3.901591548483042682e-01,-2.097298745519610846e-02,1.238609682878799058e-02,0.000000000000000000e+00,0.000000000000000000e+00,-8.525660989653865984e-01,4.640243970661757644e-01,-2.406984472618678150e-01,4.784953173036365359e-01,0.000000000000000000e+00,0.000000000000000000e+00,0.000000000000000000e+00,-8.812390465583207488e-01,-5.871863237623071718e-01,2.503129488060593100e-01,4.556810654140622807e-01,0.000000000000000000e+00,0.000000000000000000e+00,0.000000000000000000e+00
4.192315703916282832e-02,4.328709047687557265e-01,8.694859280631284104e-01,-1.487580878922834145e-02,2.807945607636226290e-02,7.313213543901558866e-01,6.812923976328141284e-01,-5.176230455970074473e-01,2.318157904581046036e-01,1.297976195427388846e-01,7.566017917106357960e-01,-2.749050894278391999e-01,2.459821682202185250e-02,-5.757259879377952805e-01,-2.157194379559326247e-01,-1.384072984543217033e-01,7.867099493202860394e-01,-3.908355760992165973e-01,-2.147091808282875630e-02,1.727449457879633513e-02,0.000000000000000000e+00,0.000000000000000000e+00,-8.861153318278468527e-01,4.567304168490212701e-01,-2.453727006352323103e-01,4.633726155529888091e-01,0.000000000000000000e+00,0.000000000000000000e+00,0.000000000000000000e+00,-9.144498827659190976e-01,-5.934460243111838729e-01,2.697858570226833175e-01,4.596693708713990301e-01,0.000000000000000000e+00,0.000000000000000000e+00,0.000000000000000000e+00
4.053746223285916578e-02,4.300773569542213903e-01,8.656499584188009910e-01,-1.443135219572702112e-02,2.792930411210936895e-02,7.313804310369614869e-01,6.812447101752815426e-01,-5.323579593321838832e-01,2.328138619586186953e-01,1.305701342348734584e-01,7.820464677230060113e-01,-2.898182592441091443e-01,2.839856861835712842e-02,-5.901160829451106427e-01,-2.215019229643220289e-01,-1.367808816367896696e-01,8.085817570816170585e-01,-3.946377572977456949e-01,-1.885793833033022268e-02,1.612611384490502189e-02,0.000000000000000000e+00,0.000000000000000000e+00,-9.249775270626251489e-01,4.536864777771943968e-01,-2.516077780690330612e-01,4.681772413351908413e-01,0.000000000000000000e+00,0.000000000000000000e+00,0.000000000000000000e+00,-9.440752739710945862e-01,-5.924137720610576086e-01,2.796229895471701310e-01,4.730366244161369194e-01,0.000000000000000000e+00,0.000000000000000000e+00,0.000000000000000000e+00
3.941060979853773516e-02,4.276545792386943212e-01,8.620946489649555788e-01,-1.284844951632641008e-02,2.758616699771142614e-02,7.321663776079354591e-01,6.804456747131788497e-01,-5.430890650485156179e-01,2.326382953291591116e-01,1.327580352322281498e-01,8.044427817557801008e-01,-3.041309394347745942e-01,3.093542596058179717e-02,-6.014095021807061014e-01,-2.266340685034687052e-01,-1.316513759270721007e-01,8.297613854812674328e-01,-4.007877675717192445e-01,-2.033327134203110134e-02,1.492118504467979112e-02,0.000000000000000000e+00,0.000000000000000000e+00,-9.637696749911569549e-01,4.447177440724222608e-01,-2.531590285508257820e-01,4.649305319264260827e-01,0.000000000000000000e+00,0.000000000000000000e+00,0.000000000000000000e+00,-9.744688762400717241e-01,-5.859592957613704023e-01,2.832176061260798239e-01,4.827333773619034152e-01,0.000000000000000000e+00,0.000000000000000000e+00,0.000000000000000000e+00
3.834420717741941764e-02,4.260584882202178569e-01,8.603141360101508317e-01,-1.283545811895697372e-02,2.817448311057228760e-02,7.319122655969744207e-01,6.806951483483855148e-01,-5.513128839690462080e-01,2.301383705814950553e-01,1.312859400870916293e-01,8.161890348290120611e-01,-3.124715952491916582e-01,3.409922907697246486e-02,-6.098819071356847976e-01,-2.284540184628542359e-01,-1.270682615411267702e-01,8.390436707648382120e-01,-4.032277564022072047e-01,-1.756519392268279800e-02,1.594527605830782513e-02,0.000000000000000000e+00,0.000000000000000000e+00,-9.928022414788227890e-01,4.500259129963836147e-01,-2.666733710046744754e-01,4.659490885623105427e-01,0.000000000000000000e+00,0.000000000000000000e+00,0.000000000000000000e+00,-9.999709686473231551e-01,-5.839291670757836838e-01,2.908120903584175410e-01,4.933488691010706195e-01,0.000000000000000000e+00,0.000000000000000000e+00,0.000000000000000000e+00
3.750839582268766098e-02,4.247475630716277539e-01,8.587742474000544801e-01,-1.242160607777013058e-02,2.938555068545011667e-02,7.316226469675027877e-01,6.809629179020133538e-01,-5.578201439657138883e-01,2.263571820934155154e-01,1.304102985557376027e-01,8.243517653217938834e-01,-3.163001923409382021e-01,3.207409827623189380e-02,-6.166556648831823528e-01,-2.312974864370822559e-01,-1.231944968245269612e-01,8.468231008721671671e-01,-4.168546870516751102e-01,-2.115641588839211121e-02,1.919593782667522799e-02,0.000000000000000000e+00,0.000000000000000000e+00,-1.012329227813421939e+00,4.484744980551096938e-01,-2.744556448456676456e-01,4.600621861776627020e-01,0.000000000000000000e+00,0.000000000000000000e+00,0.000000000000000000e+00,-1.016835195148870996e+00,-5.838412521043980785e-01,3.015570731818186245e-01,4.936582508555997229e-01,0.000000000000000000e+00,0.000000000000000000e+00,0.000000000000000000e+00
3.641401506085596013e-02,4.235954573169335990e-01,8.575830256120643424e-01,-1.220763269818040189e-02,2.901738712586095573e-02,7.324958351094194020e-01,6.800432460481087293e-01,-5.624304931564810817e-01,2.268927411002941152e-01,1.328611235876214491e-01,8.328324278453534957e-01,-3.236911292108654581e-01,3.414040553797415695e-02,-6.201038164260025409e-01,-2.350551320179061487e-01,-1.231983140491080542e-01,8.525767655623701646e-01,-4.137793086695347733e-01,-1.566399254058817997e-02,1.620070515340662695e-02,0.000000000000000000e+00,0.000000000000000000e+00,-1.032622920640796638e+00,4.410537649009567684e-01,-2.718869930861609330e-01,4.611077096709164103e-01,0.000000000000000000e+00,0.000000000000000000e+00,0.000000000000000000e+00,-1.031059354052509036e+00,-5.751442124294007252e-01,2.937996528419180020e-01,4.963817017194155912e-01,0.000000000000000000e+00,0.000000000000000000e+00,0.000000000000000000e+00
3.549014962030283549e-02,4.225787614153409533e-01,8.566119607155775473e-01,-1.091321150214900199e-02,2.889006644740586133e-02,7.320321066071483473e-01,6.805698059506271047e-01,-5.638780532997241801e-01,2.255092855734379120e-01,1.349672247483080789e-01,8.386651988755229326e-01,-3.227163179296052009e-01,3.677617738409584558e-02,-6.227306461243129476e-01,-2.371092004186484969e-01,-1.196746481326290690e-01,8.578109269368052736e-01,-4.155549560373961171e-01,-1.819260357616698034e-02,1.648141636567943685e-02,0.000000000000000000e+00,0.000000000000000000e+00,-1.047885299093310962e+00,4.384339041741728837e-01,-2.763096752022420333e-01,4.650647580761657074e-01,0.000000000000000000e+00,0.000000000000000000e+00,0.000000000000000000e+00,-1.040213491722505212e+00,-5.713228126635432336e-01,2.975085245130366096e-01,4.969216108658948694e-01,0.000000000000000000e+00,0.000000000000000000e+00,0.000000000000000000e+00
3.450736352849623212e-02,4.218491334657853975e-01,8.560049824641908778e-01,-1.099712191754686347e-02,2.933907925024561297e-02,7.324985535700566652e-01,6.800471680376686257e-01,-5.675069961743059999e-01,2.240226374800843856e-01,1.359377811839117545e-01,8.420485627825438080e-01,-3.228890400531899130e-01,3.619357117413703195e-02,-6.255027750253969732e-01,-2.408024425487211295e-01,-1.202153313757653996e-01,8.600603401270151549e-01,-4.159383533865764204e-01,-1.712418452916549330e-02,1.572332919111175259e-02,0.000000000000000000e+00,0.000000000000000000e+00,-1.060126515347189935e+00,4.332515105318713311e-01,-2.780609424970956756e-01,4.623737331965931396e-01,0.000000000000000000e+00,0.000000000000000000e+00,0.000000000000000000e+00,-1.044867727361156851e+00,-5.683123238371166064e-01,2.960186715884559061e-01,4.910023457145736292e-01,0.000000000000000000e+00,0.000000000000000000e+00,0.000000000000000000e+00
3.345286857852460688e-02,4.212695847057932874e-01,8.552923986754974450e-01,-1.094724186123717524e-02,2.962754206292641732e-02,7.320362679541355666e-01,6.805330771143470736e-01,-5.702495887948024755e-01,2.231378058249866569e-01,1.376688261538259739e-01,8.473547968204209191e-01,-3.289300830005645881e-01,4.161180720186876542e-02,-6.295558734988231375e-01,-2.418145599608454155e-01,-1.166860136452698982e-01,8.636113210099084503e-01,-4.116811364642345983e-01,-1.196971725173034441e-02,1.563444618829475802e-02,0.000000000000000000e+00,0.000000000000000000e+00,-1.068362543759548089e+00,4.287768871111879432e-01,-2.738038062106132320e-01,4.622440159030811180e-01,0.000000000000000000e+00,0.000000000000000000e+00,0.000000000000000000e+00,-1.047329865130939064e+00,-5.656047962498784720e-01,2.907069912966018799e-01,4.852596611904120838e-01,0.000000000000000000e+00,0.000000000000000000e+00,0.000000000000000000e+00
3.245981776591540940e-02,4.206982294781919651e-01,8.544437653529838306e-01,-1.069102278913862739e-02,3.002626425203934815e-02,7.317661753370812150e-01,6.808100984263738553e-01,-5.730972269919607509e-01,2.221791565707383620e-01,1.392520990007640458e-01,8.526072532178512464e-01,-3.317579670635942279e-01,3.961847377573287504e-02,-6.332940505985352742e-01,-2.443517056988142311e-01,-1.151253827999201285e-01,8.679815252906085687e-01,-4.126381392329118714e-01,-1.284336076706020513e-02,1.453884156658385995e-02,0.000000000000000000e+00,0.000000000000000000e+00,-1.076024409127715131e+00,4.263799158939114431e-01,-2.770206582444240118e-01,4.640463982041736490e-01,0.000000000000000000e+00,0.000000000000000000e+00,0.000000000000000000e+00,-1.050322167424337483e+00,-5.570049290251716245e-01,2.821713562540881237e-01,4.797125192286292861e-01,0.000000000000000000e+00,0.000000000000000000e+00,0.000000000000000000e+00
3.143442684420797578e-02,4.203417003523075568e-01,8.537172080590611500e-01,-1.108398093721628744e-02,2.929692614273896045e-02,7.318909755166289610e-01,6.807014289998863932e-01,-5.761136129195291167e-01,2.243890252759839776e-01,1.406576787233614623e-01,8.591544049914483505e-01,-3.357044165756005727e-01,4.255314185498217799e-02,-6.351505214906394414e-01,-2.453002525829165448e-01,-1.156645817748486182e-01,8.705629568235117022e-01,-4.065282211732502704e-01,-1.007957394587984459e-02,1.254824482994777030e-02,0.000000000000000000e+00,0.000000000000000000e+00,-1.083632414447355252e+00,4.261439475745084637e-01,-2.820160449691518911e-01,4.615123531820324310e-01,0.000000000000000000e+00,0.000000000000000000e+00,0.000000000000000000e+00,-1.050760231014618462e+00,-5.573313041804577317e-01,2.842205196293519642e-01,4.775768060254523828e-01,0.000000000000000000e+00,0.000000000000000000e+00,0.000000000000000000e+00
3.065081967459233614e-02,4.200754333174802069e-01,8.530254582299224841e-01,-1.066841313799334577e-02,2.971012508343041231e-02,7.313996977588470561e-01,6.812180088245695098e-01,-5.779542972979698767e-01,2.235470230535920311e-01,1.425814653321601511e-01,8.633267247571381198e-01,-3.352932721796669790e-01,4.473523069948093928e-02,-6.384146099715267697e-01,-2.463502481997925375e-01,-1.123146669008897175e-01,8.741810759333633607e-01,-4.062836191087417226e-01,-1.290866867651049334e-02,1.330320725918347768e-02,0.000000000000000000e+00,0.000000000000000000e+00,-1.087398889535774682e+00,4.187298365204508155e-01,-2.806843344368517568e-01,4.582479667116005073e-01,0.000000000000000000e+00,0.000000000000000000e+00,0.000000000000000000e+00,-1.052087826440952112e+00,-5.504446911069293957e-01,2.830656867475344063e-01,4.736650962461014802e-01,0.000000000000000000e+00,0.000000000000000000e+00,0.000000000000000000e+00
2.989542833924610510e-02,4.200368610513544043e-01,8.535223972617035360e-01,-9.951216480081580967e-03,2.930600367793801536e-02,7.316243531249999599e-01,6.810050934856659577e-01,-5.747160236084293272e-01,2.210190809146822533e-01,1.429051886275115590e-01,8.610961460861644712e-01,-3.383631211489817048e-01,4.740080634659830927e-02,-6.350757762684795527e-01,-2.475583505798829853e-01,-1.112531275731405145e-01,8.709397198363122428e-01,-4.035000177725317494e-01,-8.955859968989272543e-03,1.558665140172870930e-02,0.000000000000000000e+00,0.000000000000000000e+00,-1.091476425844171594e+00,4.202851355054181282e-01,-2.863337139307032819e-01,4.619657009086482469e-01,0.000000000000000000e+00,0.000000000000000000e+00,0.000000000000000000e+00,-1.050297140257502537e+00,-5.552464230409761559e-01,2.848425740620784685e-01,4.761506311737139230e-01,0.000000000000000000e+00,0.000000000000000000e+00,0.000000000000000000e+00
2.925725274701453452e-02,4.202221872997338736e-01,8.534049702459860498e-01,-9.944812158608123953e-03,3.044078816126559450e-02,7.317730166025263605e-01,6.807956457702192266e-01,-5.755402668698611501e-01,2.181735332227892066e-01,1.438821883844798033e-01,8.608877979419010673e-01,-3.419070197550390655e-01,4.383827742872696553e-02,-6.367753966666888088e-01,-2.499203685028990318e-01,-1.097078641156443574e-01,8.720581176307398152e-01,-4.097204476368504489e-01,-1.099126740401042829e-02,1.566573901375256303e-02,0.000000000000000000e+00,0.000000000000000000e+00,-1.096664879907883083e+00,4.206879191852831990e-01,-2.915564303252663469e-01,4.644263392018296299e-01,0.000000000000000000e+00,0.000000000000000000e+00,0.000000000000000000e+00,-1.051765320836619999e+00,-5.521304161007546396e-01,2.836013618853476803e-01,4.721192034013190209e-01,0.000000000000000000e+00,0.000000000000000000e+00,0.000000000000000000e+00
2.861875605962447763e-02,4.204608476307948317e-01,8.530901416816869531e-01,-9.835549741290073450e-03,3.049235194825147474e-02,7.318728897016179014e-01,6.806875581011848642e-01,-5.759188208188835700e-01,2.187389305224836378e-01,1.465522513761383649e-01,8.633789697201285085e-01,-3.442758055740512413e-01,4.554487423987603478e-02,-6.379170378051637336e-01,-2.518649280678650904e-01,-1.095718289621798874e-01,8.747380578292686115e-01,-4.075324928277215264e-01,-1.002135716630685527e-02,1.393020936423233942e-02,0.000000000000000000e+00,0.000000000000000000e+00,-1.102089134623896793e+00,4.267060808325309207e-01,-2.991177097807006247e-01,4.644441176221512091e-01,0.000000000000000000e+00,0.000000000000000000e+00,0.000000000000000000e+00,-1.049791837860753363e+00,-5.529668790860680083e-01,2.876510834220776802e-01,4.683152121642993881e-01,0.000000000000000000e+00,0.000000000000000000e+00,0.000000000000000000e+00
2.805032688517064207e-02,4.207919909943109715e-01,8.531339950674134975e-01,-9.809253161784757882e-03,3.034255359596529228e-02,7.325835285184562062e-01,6.799297623557393200e-01,-5.756789277306915142e-01,2.191297391028618480e-01,1.488231410468572602e-01,8.639371459290735578e-01,-3.432403853609060640e-01,4.711507903617086213e-02,-6.367600187485608076e-01,-2.542215303729394860e-01,-1.109761139809248426e-01,8.743571333128959955e-01,-4.041739409513536163e-01,-9.566155430574164661e-03,1.394070926053600848e-02,0.000000000000000000e+00,0.000000000000000000e+00,-1.105139269702194005e+00,4.277283132160829004e-01,-3.080884517403074674e-01,4.612780611883054993e-01,0.000000000000000000e+00,0.000000000000000000e+00,0.000000000000000000e+00,-1.043015255987363554e+00,-5.497827254245447604e-01,2.854217639610047152e-01,4.623119786070644666e-01,0.000000000000000000e+00,0.000000000000000000e+00,0.000000000000000000e+00
2.750004812956028180e-02,4.211011463191445814e-01,8.531934515069299341e-01,-9.425216573562300235e-03,2.981718814782892066e-02,7.322666187840214391e-01,6.802997130663183123e-01,-5.739311358985674794e-01,2.184130791185989184e-01,1.484167281283159390e-01,8.650052911823747914e-01,-3.458308514016303903e-01,5.000497746409616334e-02,-6.347322507454257190e-01,-2.547565279978974973e-01,-1.114517874293079330e-01,8.739452321420725367e-01,-4.047683849246889731e-01,-1.003118975888659184e-02,1.482983435626189506e-02,0.000000000000000000e+00,0.000000000000000000e+00,-1.106400560432446056e+00,4.356739309274706429e-01,-3.170642715837385106e-01,4.589787187329170126e-01,0.000000000000000000e+00,0.000000000000000000e+00,0.000000000000000000e+00,-1.036382577651910442e+00,-5.549444887993826292e-01,2.939356222473080704e-01,4.575342574450746991e-01,0.000000000000000000e+00,0.000000000000000000e+00,0.000000000000000000e+00
2.684625576631084753e-02,4.214245975296471713e-01,8.526662236350042168e-01,-9.476124245125991385e-03,2.905756792806769157e-02,7.319158970680966769e-01,6.807091746365695473e-01,-5.746036707986120762e-01,2.189867778437666335e-01,1.470914155875391871e-01,8.705094175314440630e-01,-3.516586590407220214e-01,5.141838905864078157e-02,-6.344917379374940269e-01,-2.545099905293858877e-01,-1.116806667418599464e-01,8.766595113768611558e-01,-4.064635652841099844e-01,-8.310021262843888049e-03,1.327842416780657467e-02,0.000000000000000000e+00,0.000000000000000000e+00,-1.110395838132417490e+00,4.472774588794868333e-01,-3.253564028959376464e-01,4.591013083936189010e-01,0.000000000000000000e+00,0.000000000000000000e+00,0.000000000000000000e+00,-1.034005027140926014e+00,-5.584298999777441708e-01,2.963370705030785590e-01,4.556268891318272507e-01,0.000000000000000000e+00,0.000000000000000000e+00,0.000000000000000000e+00
2.639774391173957749e-02,4.217742851974316531e-01,8.523692199673890135e-01,-9.653713100522475291e-03,2.905593574084903291e-02,7.319239416700018541e-01,6.806980990364549511e-01,-5.760438575552375706e-01,2.167132889326599532e-01,1.438115543578712408e-01,8.734978530435850708e-01,-3.551393609351658487e-01,5.286129933323584218e-02,-6.346637371364104441e-01,-2.543997183471594092e-01,-1.107621170306000991e-01,8.782378357559149640e-01,-4.114896216046549093e-01,-8.420670463289989596e-03,1.558424220978577371e-02,0.000000000000000000e+00,0.000000000000000000e+00,-1.114673356685375039e+00,4.567496110629923334e-01,-3.373324818224002764e-01,4.598001960204248229e-01,0.000000000000000000e+00,0.000000000000000000e+00,0.000000000000000000e+00,-1.032452457312423189e+00,-5.695243077777034646e-01,3.032021295650641490e-01,4.536744321898926735e-01,0.000000000000000000e+00,0.000000000000000000e+00,0.000000000000000000e+00
2.603662225897704699e-02,4.220100046053352760e-01,8.522440613905236662e-01,-9.318393050888048451e-03,2.953256499374720678e-02,7.310715827275138246e-01,6.815976350341350631e-01,-5.757903317145274258e-01,2.156104014427868143e-01,1.443447833796240865e-01,8.739225826103335093e-01,-3.509933902719387100e-01,5.166508482100620053e-02,-6.352456772581989153e-01,-2.540843054877785501e-01,-1.085349080495416618e-01,8.786149628290691460e-01,-4.176785367474009636e-01,-1.484404692810034967e-02,1.748413109082211370e-02,0.000000000000000000e+00,0.000000000000000000e+00,-1.113419909849491463e+00,4.520615664734326522e-01,-3.348955142246425321e-01,4.556522540444747915e-01,0.000000000000000000e+00,0.000000000000000000e+00,0.000000000000000000e+00,-1.028878093277525663e+00,-5.613663614277312197e-01,3.025475957103253566e-01,4.452338986708738178e-01,0.000000000000000000e+00,0.000000000000000000e+00,0.000000000000000000e+00
2.562854832104025787e-02,4.221086493669410911e-01,8.522051830143245743e-01,-8.708550656361196962e-03,2.878666021976072562e-02,7.315563259315527311e-01,6.811173403521485481e-01,-5.736406075734716836e-01,2.176010997758573151e-01,1.480170290404712596e-01,8.747094939700302829e-01,-3.517605691585653505e-01,5.093307245353553836e-02,-6.332271168208042367e-01,-2.558689483926550601e-01,-1.095736891087580323e-01,8.792436298416053120e-01,-4.134831468581648406e-01,-1.293924531204327689e-02,1.475441543337861761e-02,0.000000000000000000e+00,0.000000000000000000e+00,-1.117313819805886288e+00,4.648049450786800874e-01,-3.447102226056566465e-01,4.621125538436927638e-01,0.000000000000000000e+00,0.000000000000000000e+00,0.000000000000000000e+00,-1.028480396183784729e+00,-5.637773220962372100e-01,2.985159818074849536e-01,4.487766040250536492e-01,0.000000000000000000e+00,0.000000000000000000e+00,0.000000000000000000e+00
2.531693463205151803e-02,4.221732340514082193e-01,8.521287279557479000e-01,-9.418615029664137439e-03,2.849545285284107304e-02,7.311845150767303236e-01,6.815192614810237082e-01,-5.752140741931025536e-01,2.190239642858283209e-01,1.475795071237374356e-01,8.769449854014104151e-01,-3.529445736944105128e-01,5.429638386365320812e-02,-6.333068162702891746e-01,-2.543492142585530025e-01,-1.102319303057785749e-01,8.782444350714099235e-01,-4.145543413444039427e-01,-1.407950449250650743e-02,1.672967957765309627e-02,0.000000000000000000e+00,0.000000000000000000e+00,-1.116967325344304651e+00,4.568839029555188946e-01,-3.396712408425656138e-01,4.542801510660711695e-01,0.000000000000000000e+00,0.000000000000000000e+00,0.000000000000000000e+00,-1.022523028774699139e+00,-5.622735509889158489e-01,3.013146252165458949e-01,4.426633138353326391e-01,0.000000000000000000e+00,0.000000000000000000e+00,0.000000000000000000e+00
2.511380341096575153e-02,4.222697329209653683e-01,8.520444701063435433e-01,-8.979271540757064601e-03,2.828643505968431865e-02,7.306586535446503161e-01,6.820976339751730899e-01,-5.737701834607329410e-01,2.205323018966012794e-01,1.501843672455858147e-01,8.775081713274817119e-01,-3.514918620723456177e-01,5.310436339197766031e-02,-6.328627216698295976e-01,-2.540506043464564878e-01,-1.092355309857159229e-01,8.787145021491735708e-01,-4.152436225461823560e-01,-1.602417375029931146e-02,1.628002613227503073e-02,0.000000000000000000e+00,0.000000000000000000e+00,-1.118452091150977656e+00,4.687879292394349084e-01,-3.450223942724748305e-01,4.542126041488621646e-01,0.000000000000000000e+00,0.000000000000000000e+00,0.000000000000000000e+00,-1.018607274508192218e+00,-5.633926261993716933e-01,3.015959155110059520e-01,4.364302490796828637e-01,0.000000000000000000e+00,0.000000000000000000e+00,0.000000000000000000e+00
2.497886398932242999e-02,4.223380721035021601e-01,8.520997751860871494e-01,-9.541293380011448694e-03,2.795030540578847048e-02,7.307024139453675016e-01,6.820569817858118666e-01,-5.745260315806293150e-01,2.218166791769754786e-01,1.497104259398703285e-01,8.780858123652833802e-01,-3.521242456042768532e-01,5.404078978117614340e-02,-6.327102560957575950e-01,-2.536709447387430205e-01,-1.111681797330025812e-01,8.780837923630857578e-01,-4.126690676172449224e-01,-1.709969134894969572e-02,1.662001983938686533e-02,0.000000000000000000e+00,0.000000000000000000e+00,-1.115450512324573928e+00,4.601733292387337748e-01,-3.356363384532212168e-01,4.439709764051839036e-01,0.000000000000000000e+00,0.000000000000000000e+00,0.000000000000000000e+00,-1.010514810981276046e+00,-5.588532821798659622e-01,2.971040517306395290e-01,4.279294108756658832e-01,0.000000000000000000e+00,0.000000000000000000e+00,0.000000000000000000e+00
2.505184251926316497e-02,4.225565248465463775e-01,8.525263822665369862e-01,-1.072442663881007299e-02,2.953347967056022330e-02,7.306033001947636052e-01,6.820788649388984659e-01,-5.765402700736650399e-01,2.195780316287424816e-01,1.486924181122708244e-01,8.741780192212297296e-01,-3.527022827293165852e-01,5.269235006747814004e-02,-6.347208149209915273e-01,-2.531859553712359490e-01,-1.105640919113504705e-01,8.747197250263744062e-01,-4.161530209379243894e-01,-1.831738460784902364e-02,1.781381457738884580e-02,0.000000000000000000e+00,0.000000000000000000e+00,-1.118186398333667508e+00,4.795143257307979967e-01,-3.469282469773115052e-01,4.370858328748332688e-01,0.000000000000000000e+00,0.000000000000000000e+00,0.000000000000000000e+00,-1.010875033668481970e+00,-5.702345869151430602e-01,2.999108880133544708e-01,4.209048977114721590e-01,0.000000000000000000e+00,0.000000000000000000e+00,0.000000000000000000e+00
2.510377202256146301e-02,4.226869387488986218e-01,8.519109916258406079e-01,-9.654503289146855807e-03,2.847920062800396446e-02,7.301703191953973215e-01,6.826031282259993338e-01,-5.749448768173989199e-01,2.213592507287510391e-01,1.493921273659665205e-01,8.789220816540892489e-01,-3.547576002034287801e-01,5.339055668943753358e-02,-6.340232062768925703e-01,-2.529053870155169026e-01,-1.093361485409017064e-01,8.789260052820837554e-01,-4.154595480194832602e-01,-1.693959045021080356e-02,1.709281715639958052e-02,0.000000000000000000e+00,0.000000000000000000e+00,-1.120650833942686830e+00,4.867311655239225932e-01,-3.501507741936349394e-01,4.398996738924629835e-01,0.000000000000000000e+00,0.000000000000000000e+00,0.000000000000000000e+00,-1.010011017806333955e+00,-5.707219394643957555e-01,3.034462858199650226e-01,4.218321256086188242e-01,0.000000000000000000e+00,0.000000000000000000e+00,0.000000000000000000e+00
2.529894654243892635e-02,4.227970755796389146e-01,8.513878815424311686e-01,-8.799809112104210046e-03,2.823836308276066534e-02,7.301942966989106720e-01,6.825990384393888499e-01,-5.744149871485025871e-01,2.208364627602554253e-01,1.489710084129214351e-01,8.814164366993189059e-01,-3.543272037721176826e-01,5.255512849730677172e-02,-6.344565137023590040e-01,-2.541902231131784595e-01,-1.089913297042531815e-01,8.831626304725122001e-01,-4.157882930970367985e-01,-1.787629137135335680e-02,1.693844581122948625e-02,0.000000000000000000e+00,0.000000000000000000e+00,-1.124404209349563200e+00,4.989560940804232958e-01,-3.588230256372131333e-01,4.447938365033264341e-01,0.000000000000000000e+00,0.000000000000000000e+00,0.000000000000000000e+00,-1.011987270754074686e+00,-5.764435482087412188e-01,3.072481212233422188e-01,4.240143923023140249e-01,0.000000000000000000e+00,0.000000000000000000e+00,0.000000000000000000e+00
2.551510153067019712e-02,4.229841681650870489e-01,8.508990416274557766e-01,-8.872590159885502051e-03,2.838894343945510060e-02,7.300699566147370589e-01,6.827248373120757829e-01,-5.762862878806480627e-01,2.191246092689209668e-01,1.452084837945653295e-01,8.843596410863800994e-01,-3.565085762899325994e-01,5.239106986128502785e-02,-6.358486555763387393e-01,-2.534011571499659721e-01,-1.081955786935322739e-01,8.861937342384776928e-01,-4.220087520876736331e-01,-2.221859153492005898e-02,1.886995117033671288e-02,0.000000000000000000e+00,0.000000000000000000e+00,-1.120052236432971027e+00,4.894846399593608122e-01,-3.526996719896260402e-01,4.368695205293493533e-01,0.000000000000000000e+00,0.000000000000000000e+00,0.000000000000000000e+00,-1.006281808657899735e+00,-5.699515386520844773e-01,3.036344246789127732e-01,4.165544112654269160e-01,0.000000000000000000e+00,0.000000000000000000e+00,0.000000000000000000e+00
2.574520638111184659e-02,4.232537153915716388e-01,8.502047933251389855e-01,-8.363663342256501265e-03,2.790183811719408949e-02,7.296915601819240482e-01,6.831557388798306096e-01,-5.765490771929083769e-01,2.192728823613067646e-01,1.434868394533397040e-01,8.888277657750885963e-01,-3.581660242645533510e-01,5.331247094327998259e-02,-6.362222880186070295e-01,-2.534239178857618513e-01,-1.081053628628896313e-01,8.905268239091014282e-01,-4.251125625896854943e-01,-2.083816300756886897e-02,2.043863613131385870e-02,0.000000000000000000e+00,0.000000000000000000e+00,-1.123457890305639140e+00,5.061215317377734113e-01,-3.638860989232438614e-01,4.353252587862566636e-01,0.000000000000000000e+00,0.000000000000000000e+00,0.000000000000000000e+00,-1.005363343624614769e+00,-5.815083670190942522e-01,3.110109982746388502e-01,4.154933946725991589e-01,0.000000000000000000e+00,0.000000000000000000e+00,0.000000000000000000e+00
2.590967125005977020e-02,4.234070957746980390e-01,8.497316714007766558e-01,-8.069495260727064384e-03,2.749077047824790079e-02,7.298227677743013286e-01,6.830357738969504711e-01,-5.771478952659595540e-01,2.193226251057134590e-01,1.420278021162579840e-01,8.924694116074585182e-01,-3.611379993974030422e-01,5.439170837901771000e-02,-6.360418193288882582e-01,-2.537443490340498542e-01,-1.088112564452749925e-01,8.937744947025386688e-01,-4.290047532409383968e-01,-2.140659371510004322e-02,1.989485604322240378e-02,0.000000000000000000e+00,0.000000000000000000e+00,-1.123970774430432140e+00,5.075650983717330256e-01,-3.624859223076583037e-01,4.369009887179452489e-01,0.000000000000000000e+00,0.000000000000000000e+00,0.000000000000000000e+00,-1.006668735450384045e+00,-5.791890315246199794e-01,3.061763917445723959e-01,4.171386385172230482e-01,0.000000000000000000e+00,0.000000000000000000e+00,0.000000000000000000e+00
2.613076592980275586e-02,4.236138096996950875e-01,8.492160138446457340e-01,-7.787272412051252091e-03,2.738472302220714555e-02,7.291733957594378479e-01,6.837364947478127286e-01,-5.772933802470178177e-01,2.206030807229109603e-01,1.426723431789632401e-01,8.961073031479950268e-01,-3.649292897657831491e-01,5.502042872796134021e-02,-6.369159979588585596e-01,-2.533065064089248808e-01,-1.083385754313842680e-01,8.967476332575541331e-01,-4.328293125952537568e-01,-2.149646035451008297e-02,2.099638331212283493e-02,0.000000000000000000e+00,0.000000000000000000e+00,-1.122189447607411461e+00,5.085629773227332562e-01,-3.603683338821265236e-01,4.325762584002853517e-01,0.000000000000000000e+00,0.000000000000000000e+00,0.000000000000000000e+00,-1.004600580026546286e+00,-5.807475563724544543e-01,3.097607123529549922e-01,4.114355326242911670e-01,0.000000000000000000e+00,0.000000000000000000e+00,0.000000000000000000e+00
2.637463204235934028e-02,4.237680089219512669e-01,8.492375972490472380e-01,-8.242123672748600388e-03,2.780867737029074291e-02,7.288876075935338816e-01,6.840187134551587445e-01,-5.779964699714346121e-01,2.217532292690682638e-01,1.433276359340592276e-01,8.951422283287957526e-01,-3.620250471539628312e-01,5.167499346163351853e-02,-6.379564938890175396e-01,-2.528035831553154256e-01,-1.089651944717564824e-01,8.963190560665138529e-01,-4.331827625924049574e-01,-2.341255902683418016e-02,2.019412687590995195e-02,0.000000000000000000e+00,0.000000000000000000e+00,-1.122103098655283571e+00,5.175505396324906471e-01,-3.611632128524175367e-01,4.301452497484612447e-01,0.000000000000000000e+00,0.000000000000000000e+00,0.000000000000000000e+00,-1.004184468942436848e+00,-5.790026402510404235e-01,3.028364725650546929e-01,4.076765476114026510e-01,0.000000000000000000e+00,0.000000000000000000e+00,0.000000000000000000e+00
2.661288244273555051e-02,4.239859580902213265e-01,8.487238253868861770e-01,-6.764088896475763113e-03,2.623251131912010883e-02,7.282954331562554451e-01,6.847275841493717374e-01,-5.743228911800382086e-01,2.248799715306859237e-01,1.453882594908869896e-01,8.991938072542685623e-01,-3.632554905116409105e-01,5.479760940121103374e-02,-6.356983347094397052e-01,-2.519420176797856348e-01,-1.081643815462278030e-01,9.005965853481209260e-01,-4.316861509226930793e-01,-2.281376507522545755e-02,1.816410711883321288e-02,0.000000000000000000e+00,0.000000000000000000e+00,-1.123892094780989614e+00,5.322771722685029072e-01,-3.711508633410629532e-01,4.344027262522634492e-01,0.000000000000000000e+00,0.000000000000000000e+00,0.000000000000000000e+00,-1.004785437995712627e+00,-5.813335101274837990e-01,3.085303873749650205e-01,4.126566996006795218e-01,0.000000000000000000e+00,0.000000000000000000e+00,0.000000000000000000e+00
2.687864329820994699e-02,4.242742151547830298e-01,8.487634763244709113e-01,-7.884728098577174771e-03,2.706557352551337836e-02,7.273379421178265414e-01,6.857002287795680440e-01,-5.764538279759315875e-01,2.248701745309074629e-01,1.436150054257161190e-01,8.991590054262738052e-01,-3.659421523060600312e-01,5.534940697930625098e-02,-6.376043540691477274e-01,-2.501259635331270492e-01,-1.087633505187172306e-01,8.989699038023822864e-01,-4.363072642209660512e-01,-2.319545101676297183e-02,2.146834172108603306e-02,0.000000000000000000e+00,0.000000000000000000e+00,-1.120393950350124568e+00,5.295047561832467720e-01,-3.652006896691751270e-01,4.235058731336689974e-01,0.000000000000000000e+00,0.000000000000000000e+00,0.000000000000000000e+00,-1.002557054107543255e+00,-5.810220381546411517e-01,3.077598022725774318e-01,4.044638029111874977e-01,0.000000000000000000e+00,0.000000000000000000e+00,0.000000000000000000e+00
2.718433456344471547e-02,4.245834455910517669e-01,8.488187835756418886e-01,-7.186185030617888748e-03,2.714849691742443269e-02,7.266573659395424434e-01,6.864258083621540552e-01,-5.741787884957482158e-01,2.244569941462480622e-01,1.440277485796982726e-01,8.981475623899698446e-01,-3.640897439293240834e-01,5.524985385309448549e-02,-6.374013096119952593e-01,-2.494989056762427215e-01,-1.069947057560257930e-01,8.997083695000982484e-01,-4.354133628583335414e-01,-2.550090392101702144e-02,2.133180282164900965e-02,0.000000000000000000e+00,0.000000000000000000e+00,-1.118811581842856562e+00,5.414088765597852015e-01,-3.682691606171379917e-01,4.223897437685003031e-01,0.000000000000000000e+00,0.000000000000000000e+00,0.000000000000000000e+00,-1.000815553981832640e+00,-5.852524979439981401e-01,3.119062288040750364e-01,4.013209053206436838e-01,0.000000000000000000e+00,0.000000000000000000e+00,0.000000000000000000e+00
2.733621393289832613e-02,4.248741607876498905e-01,8.490069484398573563e-01,-7.379442484566670589e-03,2.719485140119712666e-02,7.263005496858598864e-01,6.867994579292429069e-01,-5.737688792761371781e-01,2.243833773564167244e-01,1.428631664789783984e-01,8.973205027821616886e-01,-3.622707747928166078e-01,5.438479485732378160e-02,-6.366381888523965360e-01,-2.487986987782748183e-01,-1.078308310396940417e-01,8.985812562443589169e-01,-4.377993202916830029e-01,-2.724923487106747227e-02,2.161293548984148660e-02,0.000000000000000000e+00,0.000000000000000000e+00,-1.114784518241215716e+00,5.385365864453692808e-01,-3.649686069811028388e-01,4.174299742511316524e-01,0.000000000000000000e+00,0.000000000000000000e+00,0.000000000000000000e+00,-9.979904062202233916e-01,-5.803524321801850627e-01,3.074788697817975036e-01,3.976501441106803370e-01,0.000000000000000000e+00,0.000000000000000000e+00,0.000000000000000000e+00
2.750633754485679039e-02,4.252149835654120968e-01,8.494392494697757812e-01,-7.360070110978781527e-03,2.709777014830494490e-02,7.260796112733371999e-01,6.870370720085713367e-01,-5.715854032096522319e-01,2.248549299735418117e-01,1.434296968417701490e-01,8.949579882931308905e-01,-3.639299951009832279e-01,5.426713648146992003e-02,-6.345422887521701139e-01,-2.474774792406141399e-01,-1.074748254580401019e-01,8.962971480582155870e-01,-4.400853963233204436e-01,-2.625517867874026939e-02,2.154668857331824144e-02,0.000000000000000000e+00,0.000000000000000000e+00,-1.113168000841105121e+00,5.443864916700411616e-01,-3.640059313322551171e-01,4.138396350003808455e-01,0.000000000000000000e+00,0.000000000000000000e+00,0.000000000000000000e+00,-9.967868462507450955e-01,-5.881024823263161228e-01,3.134071991288012171e-01,3.951501867330325379e-01,0.000000000000000000e+00,0.000000000000000000e+00,0.000000000000000000e+00
2.750527565353953416e-02,4.255077556804313099e-01,8.498898222855313378e-01,-7.993897234793396339e-03,2.739198650080748240e-02,7.258986145199951556e-01,6.872095591015093818e-01,-5.714672480090343676e-01,2.239149249737008851e-01,1.415513912614805303e-01,8.929053632920794792e-01,-3.658571513139249332e-01,5.308118235567000492e-02,-6.331681613129435116e-01,-2.467598534620765727e-01,-1.087210973052151614e-01,8.929541807972732892e-01,-4.452082623534314720e-01,-2.560308908412214229e-02,2.238953924002342125e-02,0.000000000000000000e+00,0.000000000000000000e+00,-1.111433256182597695e+00,5.417724671320109930e-01,-3.612260487836791434e-01,4.089703102125074041e-01,0.000000000000000000e+00,0.000000000000000000e+00,0.000000000000000000e+00,-9.962016025036773970e-01,-5.895610165897251509e-01,3.125844491299845096e-01,3.944827553450879765e-01,0.000000000000000000e+00,0.000000000000000000e+00,0.000000000000000000e+00
2.744182697988662226e-02,4.257046920434202630e-01,8.499051271290126719e-01,-8.103326698259387048e-03,2.701117796830386844e-02,7.250163852719982982e-01,6.881540332282530814e-01,-5.708099402006495682e-01,2.262716621698293018e-01,1.427714816273400189e-01,8.937122760917769471e-01,-3.633150416657488502e-01,5.508521659675486015e-02,-6.329604621359929961e-01,-2.460613999612261127e-01,-1.100204573504657557e-01,8.926491153015257973e-01,-4.430283816282998832e-01,-2.633873544480991313e-02,2.152226085506625877e-02,0.000000000000000000e+00,0.000000000000000000e+00,-1.109444065039969285e+00,5.447876716553938792e-01,-3.613546673195018322e-01,4.025693070005475493e-01,0.000000000000000000e+00,0.000000000000000000e+00,0.000000000000000000e+00,-9.941978869099762361e-01,-5.904862306450384679e-01,3.169912458528076904e-01,3.919374270893356549e-01,0.000000000000000000e+00,0.000000000000000000e+00,0.000000000000000000e+00
2.745786318808132384e-02,4.258122134195509445e-01,8.501344654159351810e-01,-8.091604351098683617e-03,2.721986096646523273e-02,7.246288124061267544e-01,6.885540569475125938e-01,-5.700952079594412414e-01,2.250393832848631703e-01,1.415950697446758111e-01,8.922110779228326072e-01,-3.631181079686839897e-01,5.497000229901446988e-02,-6.326179694921195695e-01,-2.456302572773632897e-01,-1.094494301676238596e-01,8.910475569624519698e-01,-4.426667241492926452e-01,-2.602512398312615410e-02,2.131394176702483198e-02,0.000000000000000000e+00,0.000000000000000000e+00,-1.109222784874458911e+00,5.499273394296126938e-01,-3.615014845554070377e-01,4.002840909520063439e-01,0.000000000000000000e+00,0.000000000000000000e+00,0.000000000000000000e+00,-9.934974339987341363e-01,-5.942911764933462848e-01,3.199571926713666303e-01,3.888281689987491685e-01,0.000000000000000000e+00,0.000000000000000000e+00,0.000000000000000000e+00
2.744392346432059787e-02,4.259080129498023504e-01,8.499109883244826413e-01,-8.418457843062302978e-03,2.700990970716381223e-02,7.247149898862143003e-01,6.884677027859624765e-01,-5.710276472743723852e-01,2.271537451600544877e-01,1.427311471994317515e-01,8.938482559998701671e-01,-3.630789296523112553e-01,5.499462140320838383e-02,-6.328792101765925437e-01,-2.465846176873814910e-01,-1.117555750079627375e-01,8.915787670222686812e-01,-4.408538534242319451e-01,-2.369326182359735716e-02,1.994344831019634334e-02,0.000000000000000000e+00,0.000000000000000000e+00,-1.110173620867160205e+00,5.508084962672636919e-01,-3.593727382717076813e-01,3.962854256501969208e-01,0.000000000000000000e+00,0.000000000000000000e+00,0.000000000000000000e+00,-9.916519317632261910e-01,-5.939669667461515701e-01,3.187648173684125563e-01,3.872035181328539744e-01,0.000000000000000000e+00,0.000000000000000000e+00,0.000000000000000000e+00
2.741504644462105025e-02,4.259367942403547436e-01,8.499766879963143174e-01,-8.307007557856575103e-03,2.727925372358135439e-02,7.237346604884300483e-01,6.894889246024302754e-01,-5.700698734955880198e-01,2.274898466740273295e-01,1.441047269568416223e-01,8.936438038192666689e-01,-3.655737879362488396e-01,5.703969067573802509e-02,-6.337610959386577036e-01,-2.450556653147653863e-01,-1.091536824711928089e-01,8.911313585690912031e-01,-4.399696098336129957e-01,-2.185828244128244779e-02,1.880032441534164322e-02,0.000000000000000000e+00,0.000000000000000000e+00,-1.108294118864371347e+00,5.545683996855429454e-01,-3.577394386442918073e-01,3.937476695994523435e-01,0.000000000000000000e+00,0.000000000000000000e+00,0.000000000000000000e+00,-9.929406404751472959e-01,-5.911538897655308489e-01,3.170307404614036706e-01,3.859809086115113530e-01,0.000000000000000000e+00,0.000000000000000000e+00,0.000000000000000000e+00
2.750814797732412109e-02,4.260240643942180272e-01,8.497409725690654447e-01,-8.470272667869920002e-03,2.768046765604157203e-02,7.233500317257853807e-01,6.898744652424677604e-01,-5.708686095795523219e-01,2.282390207270961202e-01,1.451643789735913292e-01,8.947696319833994272e-01,-3.671468875419223732e-01,5.550527992048656656e-02,-6.350001682867071340e-01,-2.447963631721674638e-01,-1.085108330273612393e-01,8.920062270864759224e-01,-4.435254714411295263e-01,-2.136927191457935540e-02,1.819537374406682284e-02,0.000000000000000000e+00,0.000000000000000000e+00,-1.108520603054387044e+00,5.579196088224117611e-01,-3.552132817383691354e-01,3.906626147827987894e-01,0.000000000000000000e+00,0.000000000000000000e+00,0.000000000000000000e+00,-9.947605585020814489e-01,-5.906191201501203025e-01,3.152613476475640275e-01,3.835949521565254483e-01,0.000000000000000000e+00,0.000000000000000000e+00,0.000000000000000000e+00
2.766398924112474164e-02,4.260176821041494755e-01,8.496598251157261306e-01,-8.210272537335859197e-03,2.801593472061029294e-02,7.229169439337216341e-01,6.903178912646856791e-01,-5.706976402370671497e-01,2.261620730505901622e-01,1.432480121909459614e-01,8.946868100418283731e-01,-3.691902870102827805e-01,5.569638525213951863e-02,-6.356056129924673170e-01,-2.446437605335978760e-01,-1.075778757864146035e-01,8.929521790041634599e-01,-4.477783157479209297e-01,-2.354047199981271904e-02,1.847584589760752766e-02,0.000000000000000000e+00,0.000000000000000000e+00,-1.109195482228273910e+00,5.637646158555136289e-01,-3.572310111477207117e-01,3.901933490909316737e-01,0.000000000000000000e+00,0.000000000000000000e+00,0.000000000000000000e+00,-9.973257016291292576e-01,-5.945867147031741462e-01,3.185918154515813838e-01,3.844090366739247866e-01,0.000000000000000000e+00,0.000000000000000000e+00,0.000000000000000000e+00
2.771047007814134849e-02,4.259571312968177814e-01,8.492621874645324143e-01,-7.974077835505997275e-03,2.779604264816657594e-02,7.226506451357812555e-01,6.906083109698398781e-01,-5.711669280513351765e-01,2.265444749573464200e-01,1.429149063961740462e-01,8.974244401027499096e-01,-3.711943243285312777e-01,5.647823597655076550e-02,-6.361352532336103094e-01,-2.445428985817054701e-01,-1.073165030944002729e-01,8.953424945342959296e-01,-4.498802158618118163e-01,-2.260258745029463182e-02,1.753327980640193712e-02,0.000000000000000000e+00,0.000000000000000000e+00,-1.112245900799586851e+00,5.653280121127823854e-01,-3.558442460790780526e-01,3.948534320918606899e-01,0.000000000000000000e+00,0.000000000000000000e+00,0.000000000000000000e+00,-1.002215438398383451e+00,-5.949036841795612984e-01,3.163228154628588418e-01,3.901916474578475125e-01,0.000000000000000000e+00,0.000000000000000000e+00,0.000000000000000000e+00
2.784705017152028228e-02,4.259096114975495229e-01,8.490953845666231459e-01,-7.914213221344671562e-03,2.764177340154711990e-02,7.225687483838274527e-01,6.907008769730463849e-01,-5.711443948553329708e-01,2.286904921469828100e-01,1.450024378874445186e-01,8.984541546722834005e-01,-3.714584786075680878e-01,5.521147450685235519e-02,-6.362316951566896472e-01,-2.455942488370713161e-01,-1.093217024372364760e-01,8.961799621396686621e-01,-4.497587219093923672e-01,-2.235283192408548877e-02,1.655274160739334671e-02,0.000000000000000000e+00,0.000000000000000000e+00,-1.113776393527704078e+00,5.572531110382045183e-01,-3.517805644949783539e-01,3.962235081206074705e-01,0.000000000000000000e+00,0.000000000000000000e+00,0.000000000000000000e+00,-1.002787393007731120e+00,-5.876483543794226438e-01,3.119530663875023646e-01,3.900462973528449617e-01,0.000000000000000000e+00,0.000000000000000000e+00,0.000000000000000000e+00
2.800862071740787759e-02,4.257791113704504915e-01,8.489194680679915672e-01,-7.900407710636984937e-03,2.762635218149769173e-02,7.220517952336064083e-01,6.912420511102297382e-01,-5.719411664247704419e-01,2.289858233368226303e-01,1.443069612817949876e-01,8.997417269161185338e-01,-3.686650716572251185e-01,5.668761892387554069e-02,-6.372618352550494247e-01,-2.448273710006095560e-01,-1.090355373805327599e-01,8.968455555130283585e-01,-4.485693945781599190e-01,-2.479840895062910069e-02,1.876539450180000207e-02,0.000000000000000000e+00,0.000000000000000000e+00,-1.112892166116307369e+00,5.487423751751011602e-01,-3.488635839350787693e-01,3.926795232688763404e-01,0.000000000000000000e+00,0.000000000000000000e+00,0.000000000000000000e+00,-9.993049709727038765e-01,-5.822880188154938574e-01,3.098306394731457636e-01,3.875807280869461580e-01,0.000000000000000000e+00,0.000000000000000000e+00,0.000000000000000000e+00
2.823341931415057626e-02,4.255374357283880915e-01,8.482135633953945542e-01,-7.128430440226777610e-03,2.769228498244169848e-02,7.219193989185246352e-01,6.913860747057521960e-01,-5.723234539535898557e-01,2.293387675353499300e-01,1.459076927786825406e-01,9.030236023935473977e-01,-3.712337286266530478e-01,5.747251673344740824e-02,-6.388756839939613297e-01,-2.460480028805333841e-01,-1.083327334073791448e-01,9.016312569640081431e-01,-4.529916669230034110e-01,-2.692430440082777682e-02,1.942548968338833268e-02,0.000000000000000000e+00,0.000000000000000000e+00,-1.114524759096332973e+00,5.522094445538699992e-01,-3.507227153558150068e-01,3.949220426608907597e-01,0.000000000000000000e+00,0.000000000000000000e+00,0.000000000000000000e+00,-1.002178294165254169e+00,-5.864106277778954324e-01,3.096210730704837544e-01,3.878251986650180227e-01,0.000000000000000000e+00,0.000000000000000000e+00,0.000000000000000000e+00
2.837515592459517733e-02,4.252959111836852046e-01,8.481056078700299761e-01,-7.046651627119595099e-03,2.747532454331967633e-02,7.220158684654004455e-01,6.912948263412945771e-01,-5.725817529924908111e-01,2.290308143713999378e-01,1.446068259851905902e-01,9.035035843292859026e-01,-3.720874516597663106e-01,5.682384998750732163e-02,-6.385882537655583890e-01,-2.456229731433387242e-01,-1.081270180928838587e-01,9.018213614932096833e-01,-4.539573140246059846e-01,-2.524928835016351791e-02,1.986842906747571247e-02,0.000000000000000000e+00,0.000000000000000000e+00,-1.118601480554499927e+00,5.544669922015431629e-01,-3.570104174128321817e-01,3.998157928037118225e-01,0.000000000000000000e+00,0.000000000000000000e+00,0.000000000000000000e+00,-1.004649851168949448e+00,-5.912482668331972002e-01,3.113121557564137443e-01,3.924882239705554943e-01,0.000000000000000000e+00,0.000000000000000000e+00,0.000000000000000000e+00
2.855577745547061008e-02,4.250839642054495826e-01,8.483729677610865050e-01,-7.258023425101445096e-03,2.838801504345309784e-02,7.216737535819376381e-01,6.916129228758034486e-01,-5.729375861610672693e-01,2.274534574293428091e-01,1.444434852450500184e-01,9.010751627468316372e-01,-3.735901709341660215e-01,5.495991963123233320e-02,-6.394504675882413114e-01,-2.442292744836608576e-01,-1.054737821148559462e-01,8.998348725526382763e-01,-4.595079546184799302e-01,-2.511230677243458248e-02,1.970489937076493406e-02,0.000000000000000000e+00,0.000000000000000000e+00,-1.121086908678581739e+00,5.558491583274487446e-01,-3.586647844837115295e-01,4.033667999555843875e-01,0.000000000000000000e+00,0.000000000000000000e+00,0.000000000000000000e+00,-1.008211721647250370e+00,-5.871757125479560857e-01,3.073260178421107214e-01,3.938881627174879996e-01,0.000000000000000000e+00,0.000000000000000000e+00,0.000000000000000000e+00
2.871459720875544838e-02,4.247611062320738040e-01,8.481003033511439471e-01,-6.742088237564209004e-03,2.761995921389761438e-02,7.213570340966000138e-01,6.919795600005667069e-01,-5.725351776874557652e-01,2.284098304273064206e-01,1.436257127469683648e-01,9.027563829587120781e-01,-3.701475684609081829e-01,5.571139725458281594e-02,-6.385760148602569464e-01,-2.440134932179010563e-01,-1.063210675113979153e-01,9.004521724651792791e-01,-4.587502008672543763e-01,-2.612166604433360101e-02,1.996183690249073855e-02,0.000000000000000000e+00,0.000000000000000000e+00,-1.122703234018288976e+00,5.531051643926525596e-01,-3.594934168947998554e-01,4.032911566504278067e-01,0.000000000000000000e+00,0.000000000000000000e+00,0.000000000000000000e+00,-1.006990815977834242e+00,-5.860629266591306230e-01,3.137702052780207418e-01,3.947270020379446964e-01,0.000000000000000000e+00,0.000000000000000000e+00,0.000000000000000000e+00
2.886464199983414941e-02,4.244822766362550404e-01,8.477859846103925623e-01,-6.301932879669063826e-03,2.746953343187338165e-02,7.211471290510320653e-01,6.922084430548871570e-01,-5.725247536271578230e-01,2.289167199186465107e-01,1.445907608688005719e-01,9.045218176026482704e-01,-3.715269615939039149e-01,5.888109115911544650e-02,-6.391429437122880808e-01,-2.440061341247121429e-01,-1.056858506913403301e-01,9.023458669067131455e-01,-4.597330736545527929e-01,-2.685533157704485946e-02,1.956888019284593397e-02,0.000000000000000000e+00,0.000000000000000000e+00,-1.126721186033851518e+00,5.587759864675684307e-01,-3.638666011761189645e-01,4.064482244694071489e-01,0.000000000000000000e+00,0.000000000000000000e+00,0.000000000000000000e+00,-1.007210305360124458e+00,-5.881643798697687719e-01,3.162710025311999407e-01,3.947699183864433747e-01,0.000000000000000000e+00,0.000000000000000000e+00,0.000000000000000000e+00
2.894367070168015962e-02,4.241639577546716944e-01,8.474664341227138298e-01,-5.919411123355337520e-03,2.645930781018107289e-02,7.214230197450149928e-01,6.919636494673285787e-01,-5.724048979840200557e-01,2.303871642014437005e-01,1.441118499355608096e-01,9.068153211091554144e-01,-3.701714830552708113e-01,5.970178062742530906e-02,-6.378162136674482285e-01,-2.431830773919420596e-01,-1.059306978250542097e-01,9.034985777474622282e-01,-4.593115003758906356e-01,-2.800709896321694828e-02,1.779045332124658957e-02,0.000000000000000000e+00,0.000000000000000000e+00,-1.132319155475874251e+00,5.671874367907968617e-01,-3.741077818591549420e-01,4.114730863565626562e-01,0.000000000000000000e+00,0.000000000000000000e+00,0.000000000000000000e+00,-1.010012781505852608e+00,-5.975056693582639911e-01,3.244211760913525144e-01,4.002758091699754051e-01,0.000000000000000000e+00,0.000000000000000000e+00,0.000000000000000000e+00
2.904307419670427645e-02,4.240880236043140239e-01,8.477204747336580803e-01,-6.759523056668911671e-03,2.716247659595230277e-02,7.210302800317831551e-01,6.923379550411133954e-01,-5.739486604474381970e-01,2.296359357054052197e-01,1.426093119197248682e-01,9.049829162419155137e-01,-3.708225433237725133e-01,5.889550065748500041e-02,-6.389339789478698517e-01,-2.422014412681318674e-01,-1.061314017141665594e-01,9.007667034194513089e-01,-4.615630934324598256e-01,-2.775632622097641902e-02,1.916769853327511541e-02,0.000000000000000000e+00,0.000000000000000000e+00,-1.135002976952465659e+00,5.601203700950871944e-01,-3.703831886617043878e-01,4.087387520306892119e-01,0.000000000000000000e+00,0.000000000000000000e+00,0.000000000000000000e+00,-1.010414031292788506e+00,-5.919019753011707241e-01,3.206545220932166540e-01,3.985681474048562989e-01,0.000000000000000000e+00,0.000000000000000000e+00,0.000000000000000000e+00
2.908946967315873683e-02,4.238894310547553501e-01,8.474322671526518524e-01,-6.868229172940497861e-03,2.750949479332596287e-02,7.211796046139293814e-01,6.921676336070200497e-01,-5.751552603179117540e-01,2.295743561003782962e-01,1.430571456559961707e-01,9.061614317425817910e-01,-3.747855851629974810e-01,5.657681994597384828e-02,-6.402316120324382798e-01,-2.424927321227142718e-01,-1.056350280127228702e-01,9.025139829392626600e-01,-4.660862167435022574e-01,-2.712617279297275391e-02,1.781793625981587317e-02,0.000000000000000000e+00,0.000000000000000000e+00,-1.140901579501356844e+00,5.705498367968147022e-01,-3.775422227521995078e-01,4.125051362225427565e-01,0.000000000000000000e+00,0.000000000000000000e+00,0.000000000000000000e+00,-1.015555849652905351e+00,-5.957681588532541817e-01,3.170574343256559735e-01,4.021956170947925124e-01,0.000000000000000000e+00,0.000000000000000000e+00,0.000000000000000000e+00
2.918200681003115318e-02,4.237871929613141742e-01,8.475526919937461656e-01,-6.978438991336758344e-03,2.799411997727831170e-02,7.214364643376448560e-01,6.918793670575396071e-01,-5.758295612066831604e-01,2.273919815851122850e-01,1.412177167710406689e-01,9.046230585753337605e-01,-3.749805230780333121e-01,5.557029379558617310e-02,-6.408215998545541137e-01,-2.426546447480294466e-01,-1.050951909703883580e-01,9.021005011293611320e-01,-4.675630149527419399e-01,-2.955256342961428209e-02,1.952266355802709588e-02,0.000000000000000000e+00,0.000000000000000000e+00,-1.144660978821704367e+00,5.665488346592807423e-01,-3.788050373705321161e-01,4.154943573826470060e-01,0.000000000000000000e+00,0.000000000000000000e+00,0.000000000000000000e+00,-1.018313751674631229e+00,-5.983609540183566500e-01,3.163844130888547324e-01,4.026793415438404411e-01,0.000000000000000000e+00,0.000000000000000000e+00,0.000000000000000000e+00
2.911455255186721700e-02,4.235898077250204730e-01,8.477273698154791370e-01,-6.533050244131949347e-03,2.752973650387436494e-02,7.212072607255077816e-01,6.921412572151339759e-01,-5.739836566674798579e-01,2.275751639881297694e-01,1.419636001246039614e-01,9.040426470674765014e-01,-3.764648194975130369e-01,5.846194148951348868e-02,-6.397616769625182886e-01,-2.420086990427667284e-01,-1.041862338504263852e-01,9.014194690007655275e-01,-4.636785380620930819e-01,-2.845921906438002302e-02,1.812279223379424653e-02,0.000000000000000000e+00,0.000000000000000000e+00,-1.149874739960400793e+00,5.728059994211377459e-01,-3.876098115304869030e-01,4.226676570602255767e-01,0.000000000000000000e+00,0.000000000000000000e+00,0.000000000000000000e+00,-1.021065994150841538e+00,-6.004223187716194454e-01,3.189153548753640433e-01,4.106667071853289941e-01,0.000000000000000000e+00,0.000000000000000000e+00,0.000000000000000000e+00
2.901791236772340715e-02,4.232991637221446557e-01,8.471352100085635106e-01,-6.502779922660525437e-03,2.682723115794437979e-02,7.211367571531315246e-01,6.922425810395823609e-01,-5.752483136734338753e-01,2.294844485385593991e-01,1.421016176322602576e-01,9.082610279381035934e-01,-3.788283751993939963e-01,6.045723499495887776e-02,-6.400862560372848620e-01,-2.436131391430819138e-01,-1.075165825928412200e-01,9.039991905849805720e-01,-4.630921978199084021e-01,-2.558196666511229622e-02,1.824736508148527489e-02,0.000000000000000000e+00,0.000000000000000000e+00,-1.155510629664641131e+00,5.690932426616227557e-01,-3.882122578017765946e-01,4.276680369387179104e-01,0.000000000000000000e+00,0.000000000000000000e+00,0.000000000000000000e+00,-1.024827873151914703e+00,-5.981872766266990160e-01,3.148363905543385965e-01,4.189515114295844223e-01,0.000000000000000000e+00,0.000000000000000000e+00,0.000000000000000000e+00
2.892883091317106567e-02,4.230828842788282862e-01,8.472270138988555743e-01,-6.740775242464834734e-03,2.650244909102349167e-02,7.206979299867226629e-01,6.927096620187731535e-01,-5.755290434851182413e-01,2.297495393477633763e-01,1.405443795066635415e-01,9.081806159431751180e-01,-3.766657919376860675e-01,6.039695216455311100e-02,-6.395477846436691260e-01,-2.423164835958568075e-01,-1.079878483733749672e-01,9.023265654040377726e-01,-4.630821177590707105e-01,-2.694668179224151902e-02,1.910188464484127019e-02,0.000000000000000000e+00,0.000000000000000000e+00,-1.157835048355136953e+00,5.636699239569896713e-01,-3.894351169728689221e-01,4.291789766982431198e-01,0.000000000000000000e+00,0.000000000000000000e+00,0.000000000000000000e+00,-1.023686975241880015e+00,-5.943076313834946278e-01,3.133450410668573993e-01,4.207531158035825447e-01,0.000000000000000000e+00,0.000000000000000000e+00,0.000000000000000000e+00
2.886982230366062427e-02,4.228909528399917295e-01,8.471681878495636031e-01,-6.849957777767201605e-03,2.656688462059153544e-02,7.208623464677255122e-01,6.925350216162685646e-01,-5.761271825208519326e-01,2.299182912544085466e-01,1.408230388348683804e-01,9.081699750973355467e-01,-3.771413752951706666e-01,5.926285404907423449e-02,-6.398848639360555923e-01,-2.426232515661578548e-01,-1.081194249066163710e-01,9.021912901989566080e-01,-4.627035131036330018e-01,-2.613413231126975392e-02,1.870894944776418586e-02,0.000000000000000000e+00,0.000000000000000000e+00,-1.162756837070563876e+00,5.678330619493415776e-01,-3.938265742503105349e-01,4.329900626837517863e-01,0.000000000000000000e+00,0.000000000000000000e+00,0.000000000000000000e+00,-1.026617343100385993e+00,-5.966422716056614117e-01,3.098500970018460698e-01,4.232343676713826719e-01,0.000000000000000000e+00,0.000000000000000000e+00,0.000000000000000000e+00
2.886707898491168781e-02,4.227120773399750675e-01,8.471428237141770401e-01,-7.098203127613831806e-03,2.681949682163167759e-02,7.205854719852472501e-01,6.928108743852059437e-01,-5.767115977759548207e-01,2.293137424067932528e-01,1.401686614468093672e-01,9.082014108876794722e-01,-3.816656817377691580e-01,6.019390936968701394e-02,-6.408197672920412646e-01,-2.419412333858240449e-01,-1.073017805987611373e-01,9.018785806169076213e-01,-4.635479756828476128e-01,-2.438414160993699828e-02,1.940336431428541647e-02,0.000000000000000000e+00,0.000000000000000000e+00,-1.167259233599562185e+00,5.709559653093199127e-01,-3.988538925286277959e-01,4.346916554234910857e-01,0.000000000000000000e+00,0.000000000000000000e+00,0.000000000000000000e+00,-1.027570408420307890e+00,-5.999239893011827363e-01,3.141538633807720027e-01,4.233410988952067133e-01,0.000000000000000000e+00,0.000000000000000000e+00,0.000000000000000000e+00
2.878947923591892652e-02,4.224478675221596813e-01,8.472784285756852496e-01,-6.799052017379779780e-03,2.686997282365623241e-02,7.204149762483925690e-01,6.929892058677036282e-01,-5.755181938333592262e-01,2.307134406413650363e-01,1.434305969688378091e-01,9.069093660774403265e-01,-3.808753914717614153e-01,5.803014180905767538e-02,-6.404055539670469033e-01,-2.430480624652081034e-01,-1.076348175221490400e-01,9.007061159785747506e-01,-4.615035314820443713e-01,-2.068193540673861353e-02,1.760675645386066551e-02,0.000000000000000000e+00,0.000000000000000000e+00,-1.172823007395461303e+00,5.789271186375158917e-01,-4.062067535438077526e-01,4.429412597524528539e-01,0.000000000000000000e+00,0.000000000000000000e+00,0.000000000000000000e+00,-1.033264574392460888e+00,-6.053113605325292079e-01,3.204454421320883095e-01,4.282726877367040719e-01,0.000000000000000000e+00,0.000000000000000000e+00,0.000000000000000000e+00
2.872445198820249360e-02,4.221176845778801257e-01,8.471327685997249723e-01,-7.245431371631970950e-03,2.708840194443646460e-02,7.204735949266252160e-01,6.929152337897052094e-01,-5.778303034960087237e-01,2.297410182112832877e-01,1.412712370399892281e-01,9.074514059693781221e-01,-3.789334787476686950e-01,5.774017633996201410e-02,-6.420775188020648727e-01,-2.426750372054786997e-01,-1.074728420675248874e-01,9.009345623095652567e-01,-4.604547631666234819e-01,-2.212961120382721594e-02,1.844992735897828945e-02,0.000000000000000000e+00,0.000000000000000000e+00,-1.173981676255437590e+00,5.690882503534759884e-01,-4.023960760572774520e-01,4.432493140196151482e-01,0.000000000000000000e+00,0.000000000000000000e+00,0.000000000000000000e+00,-1.034410170241901739e+00,-6.016084716056505632e-01,3.183404518927959725e-01,4.296044530082206991e-01,0.000000000000000000e+00,0.000000000000000000e+00,0.000000000000000000e+00
2.869373308925791607e-02,4.216389695272194649e-01,8.468059866162306326e-01,-6.496565801844120767e-03,2.707000004653028688e-02,7.202504205649437052e-01,6.931553515672272958e-01,-5.775545045429029134e-01,2.293229415624766787e-01,1.423442726288492999e-01,9.083689943943382694e-01,-3.769043504579390746e-01,5.725850926129188306e-02,-6.428537053245004795e-01,-2.426363945232224983e-01,-1.052118535345816092e-01,9.030572563327314839e-01,-4.625779839742560351e-01,-2.477995825971694710e-02,1.827531101133440111e-02,0.000000000000000000e+00,0.000000000000000000e+00,-1.174761539900244678e+00,5.721365053651485955e-01,-4.057661735506518652e-01,4.462738141282515669e-01,0.000000000000000000e+00,0.000000000000000000e+00,0.000000000000000000e+00,-1.036627069041104798e+00,-6.022455833451031415e-01,3.192718558431951736e-01,4.331156340930744086e-01,0.000000000000000000e+00,0.000000000000000000e+00,0.000000000000000000e+00
2.861421086889158472e-02,4.212180681548483019e-01,8.470446861797567006e-01,-6.120433909100051958e-03,2.674042036600843275e-02,7.205354588950084738e-01,6.928752720961939282e-01,-5.763153052369724971e-01,2.275972009322429213e-01,1.409839110273936047e-01,9.068700197419846676e-01,-3.793765166799887845e-01,5.790725327636769143e-02,-6.409536054423875528e-01,-2.436235596284414273e-01,-1.063109945240018617e-01,9.012092501349857621e-01,-4.623927927629414292e-01,-2.325003533798673458e-02,1.927816433253864287e-02,0.000000000000000000e+00,0.000000000000000000e+00,-1.175025149769720834e+00,5.674062731112969882e-01,-4.055875688206242446e-01,4.489055582397980526e-01,0.000000000000000000e+00,0.000000000000000000e+00,0.000000000000000000e+00,-1.035728053864495068e+00,-6.055635643324881467e-01,3.222896342626458965e-01,4.364170445394808251e-01,0.000000000000000000e+00,0.000000000000000000e+00,0.000000000000000000e+00
2.839839007209539468e-02,4.208203280837298776e-01,8.471214250219932795e-01,-5.875609181595597454e-03,2.541922965043579355e-02,7.202463404285749382e-01,6.932276315035130754e-01,-5.746946374155622594e-01,2.305048050599438070e-01,1.422886944430856171e-01,9.077049148485252239e-01,-3.787495689300543478e-01,6.088877392249191639e-02,-6.386514904241064050e-01,-2.421513490103262001e-01,-1.068168247738174176e-01,8.993726376129005384e-01,-4.564350502531105414e-01,-2.036656854335499797e-02,1.833101848069942225e-02,0.000000000000000000e+00,0.000000000000000000e+00,-1.174821265734290909e+00,5.631420530923587631e-01,-4.018096253433862119e-01,4.483072664042273003e-01,0.000000000000000000e+00,0.000000000000000000e+00,0.000000000000000000e+00,-1.031177476482188604e+00,-6.052673390847347346e-01,3.257521084000094547e-01,4.375160436799782615e-01,0.000000000000000000e+00,0.000000000000000000e+00,0.000000000000000000e+00
2.824205711580946368e-02,4.204385116268482547e-01,8.471715662638832356e-01,-5.876048318041164620e-03,2.565694015153153346e-02,7.201319184408553342e-01,6.933377340956712320e-01,-5.752816910856294319e-01,2.287718219793928864e-01,1.410344035135659979e-01,9.071808387194074674e-01,-3.795386158810490906e-01,6.126203646341330661e-02,-6.389094180300405323e-01,-2.428518013009210996e-01,-1.070682939626422664e-01,8.981695081560269189e-01,-4.569192028404250872e-01,-2.000849067305256537e-02,1.933970081895031515e-02,0.000000000000000000e+00,0.000000000000000000e+00,-1.172759587483012789e+00,5.584974713948351877e-01,-3.983556199731255743e-01,4.464332207191065161e-01,0.000000000000000000e+00,0.000000000000000000e+00,0.000000000000000000e+00,-1.029530224975401032e+00,-6.037597354044311748e-01,3.229431670898285645e-01,4.352094165664584513e-01,0.000000000000000000e+00,0.000000000000000000e+00,0.000000000000000000e+00
2.810709622976682517e-02,4.201689585682362171e-01,8.472320315269764590e-01,-5.652843530832302003e-03,2.538270711442388444e-02,7.197229122390496059e-01,6.937742378740381355e-01,-5.742211246205874975e-01,2.301650854352893238e-01,1.430396568750125774e-01,9.068155348070803257e-01,-3.789535929033886474e-01,6.141911347893318912e-02,-6.384391076149762423e-01,-2.426324102083296796e-01,-1.069806227517989539e-01,8.972424535886355246e-01,-4.546096831723313580e-01,-1.934785041689877916e-02,1.850466288269492568e-02,0.000000000000000000e+00,0.000000000000000000e+00,-1.171644021071694519e+00,5.598311531206447977e-01,-3.966081605094327611e-01,4.444460663230540565e-01,0.000000000000000000e+00,0.000000000000000000e+00,0.000000000000000000e+00,-1.027971552619498796e+00,-6.041373940345499127e-01,3.227604272530690266e-01,4.328599523781354597e-01,0.000000000000000000e+00,0.000000000000000000e+00,0.000000000000000000e+00
2.798446516843969625e-02,4.200623136187388584e-01,8.476764234558962219e-01,-5.814056126103268191e-03,2.495898711443334320e-02,7.196518830413741741e-01,6.938619552537726998e-01,-5.729204105356650034e-01,2.307599757173598720e-01,1.432018913949365257e-01,9.048991356355137183e-01,-3.791540130090328975e-01,6.327057894280935235e-02,-6.366101803200489018e-01,-2.416178541543970992e-01,-1.072341776426735394e-01,8.939361848603527561e-01,-4.504179653248119863e-01,-1.634689685391009159e-02,1.673568137242168255e-02,0.000000000000000000e+00,0.000000000000000000e+00,-1.174322938981927411e+00,5.685777953635513526e-01,-4.044071996705662642e-01,4.456838711433084299e-01,0.000000000000000000e+00,0.000000000000000000e+00,0.000000000000000000e+00,-1.027324087495277150e+00,-6.104837462010684890e-01,3.291433774445085003e-01,4.350671492017698649e-01,0.000000000000000000e+00,0.000000000000000000e+00,0.000000000000000000e+00
2.799618459801490877e-02,4.198727158243535929e-01,8.473555433089559052e-01,-5.468511057755004456e-03,2.514813323519476257e-02,7.195789855721927974e-01,6.939335345005961386e-01,-5.736483274824054623e-01,2.279192419642654399e-01,1.401092242314612990e-01,9.059027321177034464e-01,-3.803097511298364486e-01,6.211775574681678569e-02,-6.372960482066079013e-01,-2.422221021324190704e-01,-1.065181592071513528e-01,8.955520978967068668e-01,-4.545741108915629658e-01,-1.798242049571516579e-02,1.823609783149495941e-02,0.000000000000000000e+00,0.000000000000000000e+00,-1.172876853887351078e+00,5.650390759743588731e-01,-4.025445806084762546e-01,4.425806592534666795e-01,0.000000000000000000e+00,0.000000000000000000e+00,0.000000000000000000e+00,-1.026292536309925341e+00,-6.093938511660409452e-01,3.271330081574271298e-01,4.319954570971419328e-01,0.000000000000000000e+00,0.000000000000000000e+00,0.000000000000000000e+00
2.800690224297152156e-02,4.198408593976715175e-01,8.475426627876679886e-01,-5.085264491536754805e-03,2.522420924197791084e-02,7.194878106013825603e-01,6.940282197066608427e-01,-5.719803165501099462e-01,2.291172526114324537e-01,1.432986827035026001e-01,9.042342464883487141e-01,-3.780855900251908763e-01,5.953453009451097760e-02,-6.361753498631322890e-01,-2.433611616166500013e-01,-1.074963977494838574e-01,8.949206401943703426e-01,-4.570169687280751236e-01,-1.977461082286489230e-02,1.704135636189827233e-02,0.000000000000000000e+00,0.000000000000000000e+00,-1.172900732068093088e+00,5.691645744858808698e-01,-4.042846977381744922e-01,4.436433326609833805e-01,0.000000000000000000e+00,0.000000000000000000e+00,0.000000000000000000e+00,-1.026592713674322699e+00,-6.085446493416690750e-01,3.231372273050547306e-01,4.316739099762360032e-01,0.000000000000000000e+00,0.000000000000000000e+00,0.000000000000000000e+00
2.800355975013189835e-02,4.199176235448798811e-01,8.478775747708631183e-01,-5.413232529901917944e-03,2.508759721476011562e-02,7.196430303319476529e-01,6.938697415756208686e-01,-5.716503022204575402e-01,2.291656812313346281e-01,1.426042106385630448e-01,9.028505406891391694e-01,-3.785644343292781100e-01,6.004048486917639565e-02,-6.347504791781493072e-01,-2.429460109555169611e-01,-1.087052789009869402e-01,8.925928410651299272e-01,-4.572737207421460059e-01,-2.010325034333239336e-02,1.734435386037803950e-02,0.000000000000000000e+00,0.000000000000000000e+00,-1.172077458247516191e+00,5.679307405469137260e-01,-4.040840265841077472e-01,4.388724164704502217e-01,0.000000000000000000e+00,0.000000000000000000e+00,0.000000000000000000e+00,-1.024602614149742630e+00,-6.106756592094827463e-01,3.217626697201755315e-01,4.298528164916382011e-01,0.000000000000000000e+00,0.000000000000000000e+00,0.000000000000000000e+00
2.802764894346948532e-02,4.199353583144022073e-01,8.481159970419988037e-01,-5.229047095131180399e-03,2.456538189247779724e-02,7.196437080040916090e-01,6.938891356759203655e-01,-5.697973682384341876e-01,2.304334074485927530e-01,1.435014402175534554e-01,9.015392953714724822e-01,-3.776192300922822098e-01,5.815532360920112886e-02,-6.323848200660932006e-01,-2.435644613157674776e-01,-1.109765668176179443e-01,8.909483218959597384e-01,-4.564712451942191107e-01,-1.850479427349753514e-02,1.834311596805569822e-02,0.000000000000000000e+00,0.000000000000000000e+00,-1.170949263378700866e+00,5.634176342764796175e-01,-4.022677604084051173e-01,4.404109151522656029e-01,0.000000000000000000e+00,0.000000000000000000e+00,0.000000000000000000e+00,-1.022892417949927246e+00,-6.106424999111034202e-01,3.173289957021502294e-01,4.323262542394811225e-01,0.000000000000000000e+00,0.000000000000000000e+00,0.000000000000000000e+00
2.811606233680103220e-02,4.200504280182433825e-01,8.487301601604200219e-01,-5.118327897817903996e-03,2.505549428221526612e-02,7.200499217118387918e-01,6.934508887935608712e-01,-5.678470991742103902e-01,2.287002136155702192e-01,1.438829892798487720e-01,8.967524295119840838e-01,-3.776959301645446132e-01,5.514917882145466826e-02,-6.306120480334357348e-01,-2.443363945625054434e-01,-1.111684615027641321e-01,8.878231323949189457e-01,-4.580911816103061529e-01,-2.007545398509998080e-02,1.849041243165417889e-02,0.000000000000000000e+00,0.000000000000000000e+00,-1.171503354599973123e+00,5.672339186877479733e-01,-4.055680239942656695e-01,4.401013753640490855e-01,0.000000000000000000e+00,0.000000000000000000e+00,0.000000000000000000e+00,-1.023135795111551838e+00,-6.131757629322021064e-01,3.138156469997935294e-01,4.315806936361777368e-01,0.000000000000000000e+00,0.000000000000000000e+00,0.000000000000000000e+00
2.813365925978826912e-02,4.202724063324290160e-01,8.493526538237092804e-01,-5.734356921014764803e-03,2.534547094836023945e-02,7.195649817848409624e-01,6.939387301787456330e-01,-5.672230279989073365e-01,2.285171844226061844e-01,1.431735168313178763e-01,8.932750988202734499e-01,-3.750943510683225068e-01,5.570841508614091109e-02,-6.298180832780027050e-01,-2.434939965457031674e-01,-1.122256825911569361e-01,8.836115854985869822e-01,-4.551220344642212812e-01,-1.904071217600941321e-02,1.962123344362670316e-02,0.000000000000000000e+00,0.000000000000000000e+00,-1.170979366737315841e+00,5.667945072993095801e-01,-4.031453621412285360e-01,4.346262394040822374e-01,0.000000000000000000e+00,0.000000000000000000e+00,0.000000000000000000e+00,-1.019285776268449961e+00,-6.123209242983885803e-01,3.109618451245842463e-01,4.273328847558912069e-01,0.000000000000000000e+00,0.000000000000000000e+00,0.000000000000000000e+00
2.816095744046926558e-02,4.202990221458535181e-01,8.497360744062723015e-01,-5.795429962563472884e-03,2.492937047484035384e-02,7.197215941484627066e-01,6.937908664689044214e-01,-5.658415416656598085e-01,2.297128025562384934e-01,1.441688778868311094e-01,8.916458919098693148e-01,-3.746062025718396304e-01,5.719213477379588018e-02,-6.276470169988597192e-01,-2.430365290160282354e-01,-1.132608519030235683e-01,8.808349396911580031e-01,-4.527516554172401619e-01,-1.823791290557875630e-02,1.961096371940705685e-02,0.000000000000000000e+00,0.000000000000000000e+00,-1.170260136585679511e+00,5.674779617143406174e-01,-4.033806108728553719e-01,4.336203584841081815e-01,0.000000000000000000e+00,0.000000000000000000e+00,0.000000000000000000e+00,-1.015673749193910735e+00,-6.120647848746649800e-01,3.069839206140554388e-01,4.282773909200324747e-01,0.000000000000000000e+00,0.000000000000000000e+00,0.000000000000000000e+00
2.825324917567374750e-02,4.203294873413660482e-01,8.496354540741904993e-01,-5.239217832154812078e-03,2.392172924974293388e-02,7.191803050439246059e-01,6.943918132460498160e-01,-5.636274031358828873e-01,2.326261976192686709e-01,1.461284106800224414e-01,8.928553888405184047e-01,-3.734393608423091093e-01,5.879857750913488473e-02,-6.255005909640267703e-01,-2.431601212883160723e-01,-1.153925604412259359e-01,8.809024323161507297e-01,-4.505171123293814639e-01,-1.770851114060237666e-02,2.008166529117324378e-02,0.000000000000000000e+00,0.000000000000000000e+00,-1.169118548284065140e+00,5.651928441057640917e-01,-3.987604534198896378e-01,4.329236873549632270e-01,0.000000000000000000e+00,0.000000000000000000e+00,0.000000000000000000e+00,-1.011762844310569731e+00,-6.120101047141734973e-01,3.086183078494990073e-01,4.248439354036549487e-01,0.000000000000000000e+00,0.000000000000000000e+00,0.000000000000000000e+00
2.837103386956641229e-02,4.204292189331469975e-01,8.497463235530657855e-01,-5.411043478208845715e-03,2.441848848583647036e-02,7.194786570894383670e-01,6.940640604593518725e-01,-5.639459562702957562e-01,2.314550652144835019e-01,1.455386773409820811e-01,8.917330886986334360e-01,-3.753104437319336739e-01,5.632701305912080070e-02,-6.249486584302801351e-01,-2.444335136195825431e-01,-1.167080675607386486e-01,8.797096178001392319e-01,-4.554008452898460901e-01,-1.712039012262831297e-02,2.108592720857247263e-02,0.000000000000000000e+00,0.000000000000000000e+00,-1.168616444040450508e+00,5.651491247154853959e-01,-3.983251546502969975e-01,4.300388686848080066e-01,0.000000000000000000e+00,0.000000000000000000e+00,0.000000000000000000e+00,-1.010305025024682557e+00,-6.122824121268675146e-01,3.025841941509990196e-01,4.201135165749011469e-01,0.000000000000000000e+00,0.000000000000000000e+00,0.000000000000000000e+00
2.851339461134288697e-02,4.205158149388991129e-01,8.494459420453236431e-01,-4.589744984722187240e-03,2.436025826980594416e-02,7.194955573827728212e-01,6.940545043182537732e-01,-5.629474182576232888e-01,2.293564583588935113e-01,1.439347940889405542e-01,8.926597883645073228e-01,-3.774598910089846937e-01,5.581358067581879134e-02,-6.250845371133829653e-01,-2.452113061435850505e-01,-1.153725454955571716e-01,8.828831924447835267e-01,-4.568358539395334650e-01,-1.825395383770965149e-02,2.106139118749254802e-02,0.000000000000000000e+00,0.000000000000000000e+00,-1.169840858026965469e+00,5.714428957528749908e-01,-4.029101106047091596e-01,4.330465637556091263e-01,0.000000000000000000e+00,0.000000000000000000e+00,0.000000000000000000e+00,-1.012647067246075894e+00,-6.157297585474921231e-01,3.033260456418184758e-01,4.218118304212216119e-01,0.000000000000000000e+00,0.000000000000000000e+00,0.000000000000000000e+00
2.862549878095100447e-02,4.206286640485351058e-01,8.492145346991820665e-01,-3.752631986584179999e-03,2.416466126539436321e-02,7.193404399863334575e-01,6.942271373976752757e-01,-5.612666097763646667e-01,2.286396249121666335e-01,1.441098943763382545e-01,8.935552145981326966e-01,-3.793942104953516026e-01,5.551398209952867341e-02,-6.243160838936397949e-01,-2.451872469203762173e-01,-1.135675782257092731e-01,8.848084210159530283e-01,-4.598336587225811956e-01,-1.939972779060782082e-02,1.914558902471922425e-02,0.000000000000000000e+00,0.000000000000000000e+00,-1.173281353223465828e+00,5.837561531039827667e-01,-4.121570272655137868e-01,4.360619310208008748e-01,0.000000000000000000e+00,0.000000000000000000e+00,0.000000000000000000e+00,-1.015696621017830870e+00,-6.214042944716906547e-01,3.109714065805190275e-01,4.229825720035877423e-01,0.000000000000000000e+00,0.000000000000000000e+00,0.000000000000000000e+00
2.863411304843021740e-02,4.208034291322112486e-01,8.492450677156571093e-01,-3.688377447825730987e-03,2.434211844179451356e-02,7.195896724885770812e-01,6.939629387722017206e-01,-5.611386118833481262e-01,2.289385595966935694e-01,1.453853145376029499e-01,8.931653641488923601e-01,-3.777280722453065231e-01,5.483544604355856250e-02,-6.241127164512800807e-01,-2.471658865883539780e-01,-1.152362195510495957e-01,8.849270146507471901e-01,-4.582735404653696665e-01,-1.742599870348131297e-02,1.756409092914804418e-02,0.000000000000000000e+00,0.000000000000000000e+00,-1.175817755480409454e+00,5.851678964952550244e-01,-4.139740037424289865e-01,4.378353849427016886e-01,0.000000000000000000e+00,0.000000000000000000e+00,0.000000000000000000e+00,-1.017715950055701812e+00,-6.174401426512096114e-01,3.057808271451678550e-01,4.237742947957395812e-01,0.000000000000000000e+00,0.000000000000000000e+00,0.000000000000000000e+00
2.857805070732762770e-02,4.209826961022146152e-01,8.496112159400974750e-01,-4.273154478816940452e-03,2.470594140559942767e-02,7.195050304823720211e-01,6.940344859735895211e-01,-5.618945389345604280e-01,2.277538253481368735e-01,1.437225445571765348e-01,8.917234507226595719e-01,-3.766795717528451104e-01,5.695497352703728089e-02,-6.235747297396584399e-01,-2.466385649523643586e-01,-1.159838018714194618e-01,8.822100798656171694e-01,-4.605447132660371867e-01,-1.889534787117823703e-02,1.837387501884570756e-02,0.000000000000000000e+00,0.000000000000000000e+00,-1.174855749492849544e+00,5.791588885992742242e-01,-4.105154863951413491e-01,4.364352062112482056e-01,0.000000000000000000e+00,0.000000000000000000e+00,0.000000000000000000e+00,-1.015018953379840605e+00,-6.147228206983786913e-01,3.003262853500884844e-01,4.223316794137962349e-01,0.000000000000000000e+00,0.000000000000000000e+00,0.000000000000000000e+00
2.846306370826473531e-02,4.210760483692715939e-01,8.496071333206905996e-01,-4.034567868993969852e-03,2.425435653603316352e-02,7.192521746368619739e-01,6.943138755140060292e-01,-5.608032281276780218e-01,2.291456731729436258e-01,1.451118941929614714e-01,8.925590519241746179e-01,-3.759236956282421271e-01,5.773783436962351412e-02,-6.222915832046739260e-01,-2.464568516342660609e-01,-1.163001920867599293e-01,8.819897554041258303e-01,-4.606120053995464980e-01,-1.874483500691885227e-02,1.727335749117085706e-02,0.000000000000000000e+00,0.000000000000000000e+00,-1.174961787504797517e+00,5.839478658575089076e-01,-4.106432434073128968e-01,4.366097831109655436e-01,0.000000000000000000e+00,0.000000000000000000e+00,0.000000000000000000e+00,-1.012361431155734515e+00,-6.158969489368126826e-01,2.969064630351984091e-01,4.198950922030336153e-01,0.000000000000000000e+00,0.000000000000000000e+00,0.000000000000000000e+00
2.832982030508992069e-02,4.212418774735489646e-01,8.505224000698248243e-01,-4.065043201957295460e-03,2.401667269522874196e-02,7.194787366914894289e-01,6.940871863860008650e-01,-5.580301924435283611e-01,2.289528073309817224e-01,1.454587544621670780e-01,8.873863746570025413e-01,-3.713424338051617424e-01,5.580000932487699100e-02,-6.179567116014519357e-01,-2.467170073191418123e-01,-1.183083673729807689e-01,8.756624718636709659e-01,-4.599699257485631576e-01,-1.757211104435401142e-02,1.752501945041397974e-02,0.000000000000000000e+00,0.000000000000000000e+00,-1.172067418804749739e+00,5.779046022053716536e-01,-4.085143972478432195e-01,4.360348387087552569e-01,0.000000000000000000e+00,0.000000000000000000e+00,0.000000000000000000e+00,-1.007673905659791869e+00,-6.125091966635081153e-01,2.895744273085497089e-01,4.180739075075129985e-01,0.000000000000000000e+00,0.000000000000000000e+00,0.000000000000000000e+00
2.824195030374488519e-02,4.213227049464414731e-01,8.505230219890315135e-01,-3.207237070432194734e-03,2.323174907988692639e-02,7.195089568973659366e-01,6.940870697610840301e-01,-5.548523506253683069e-01,2.296457343253437144e-01,1.472394777883098138e-01,8.875328035878039534e-01,-3.755926048491050606e-01,5.760187715439151618e-02,-6.154748398342709814e-01,-2.470425440889874591e-01,-1.180047986642685509e-01,8.761381596391795146e-01,-4.591170574592460807e-01,-1.612957568613843790e-02,1.622247863265847273e-02,0.000000000000000000e+00,0.000000000000000000e+00,-1.174971135084447615e+00,5.883538987653631480e-01,-4.156363834248662514e-01,4.415582865237661081e-01,0.000000000000000000e+00,0.000000000000000000e+00,0.000000000000000000e+00,-1.006998926656480942e+00,-6.203189627359729785e-01,2.933428534669632604e-01,4.198323896259770205e-01,0.000000000000000000e+00,0.000000000000000000e+00,0.000000000000000000e+00
2.819125550130937088e-02,4.213971195332797959e-01,8.506256130890343936e-01,-2.826951063555014840e-03,2.338066589447548860e-02,7.194594419297464238e-01,6.941350475434544531e-01,-5.536947341991291793e-01,2.283021786688129717e-01,1.471198965258374014e-01,8.864443251834699389e-01,-3.759193224512431541e-01,5.603707955280232827e-02,-6.144439129249952281e-01,-2.481851077436420805e-01,-1.182428020709497263e-01,8.755887901179896238e-01,-4.612383876118747450e-01,-1.527083256872624126e-02,1.779055965276708784e-02,0.000000000000000000e+00,0.000000000000000000e+00,-1.172978015722815570e+00,5.824589363920060769e-01,-4.116210101818014722e-01,4.428678276517520329e-01,0.000000000000000000e+00,0.000000000000000000e+00,0.000000000000000000e+00,-1.005981289282908309e+00,-6.178876416269809546e-01,2.870185159476797976e-01,4.184780240557814945e-01,0.000000000000000000e+00,0.000000000000000000e+00,0.000000000000000000e+00
2.809385135280036833e-02,4.213780304982606695e-01,8.501069178008533456e-01,-2.296862591290185426e-03,2.255085531844714525e-02,7.195774310306347621e-01,6.940421486466051837e-01,-5.536792911866783573e-01,2.283887942907735225e-01,1.462592853207226318e-01,8.906677288927159486e-01,-3.800975453544621074e-01,6.226490003450081689e-02,-6.141576409714795126e-01,-2.481153022397714070e-01,-1.176751275713831812e-01,8.789496533644504117e-01,-4.600882562625932537e-01,-1.544825171279005406e-02,1.855288560412622634e-02,0.000000000000000000e+00,0.000000000000000000e+00,-1.170517654284543463e+00,5.790273244881333214e-01,-4.075859262495584723e-01,4.394539203982591458e-01,0.000000000000000000e+00,0.000000000000000000e+00,0.000000000000000000e+00,-1.001219224018775833e+00,-6.183121830587126055e-01,2.829870098650631438e-01,4.181106801423918884e-01,0.000000000000000000e+00,0.000000000000000000e+00,0.000000000000000000e+00
2.809617518230624056e-02,4.214332039614575587e-01,8.502798709076526684e-01,-1.630161192167871656e-03,2.254638847987066111e-02,7.194161554570300821e-01,6.942113498124543591e-01,-5.514919582993759173e-01,2.269169888851682859e-01,1.462919885681992216e-01,8.888862271295860928e-01,-3.800470153686580921e-01,6.213297381604193648e-02,-6.132913767844437869e-01,-2.480815452690003642e-01,-1.158511352349965995e-01,8.786560103046259229e-01,-4.588648559372777158e-01,-1.731706123117349519e-02,1.902755918913603961e-02,0.000000000000000000e+00,0.000000000000000000e+00,-1.169795680954564432e+00,5.862015262638720081e-01,-4.123596247186028796e-01,4.375779044646588289e-01,0.000000000000000000e+00,0.000000000000000000e+00,0.000000000000000000e+00,-9.980646916552660119e-01,-6.243637198298421787e-01,2.888887103043526472e-01,4.145693371729975429e-01,0.000000000000000000e+00,0.000000000000000000e+00,0.000000000000000000e+00
2.792518320102124058e-02,4.214249319936514415e-01,8.507375707170460322e-01,-1.815423868390933851e-03,2.268874426166004807e-02,7.198134118985539676e-01,6.937943334814512530e-01,-5.503984804119813612e-01,2.261760327641984814e-01,1.466913593659993909e-01,8.860502890090597994e-01,-3.834973459744044910e-01,6.091139067041434485e-02,-6.118562342908394625e-01,-2.493548656254513107e-01,-1.176136799142683126e-01,8.762662653525509215e-01,-4.582568802965920618e-01,-1.520648677484160056e-02,1.726474975930525693e-02,0.000000000000000000e+00,0.000000000000000000e+00,-1.171325946433535048e+00,5.918118438655688429e-01,-4.157321347137673540e-01,4.397967737015165413e-01,0.000000000000000000e+00,0.000000000000000000e+00,0.000000000000000000e+00,-9.985824818850563833e-01,-6.264196430404448401e-01,2.808405124609043013e-01,4.150605313898830806e-01,0.000000000000000000e+00,0.000000000000000000e+00,0.000000000000000000e+00
2.788106966340673371e-02,4.213605419647870609e-01,8.505926182010350445e-01,-1.938823438444150019e-03,2.230032945362749389e-02,7.203957887294542006e-01,6.932018781356578119e-01,-5.511880443935799345e-01,2.280217016933953345e-01,1.480095040152597519e-01,8.871777080027590801e-01,-3.813681847673399128e-01,6.116845670693547149e-02,-6.111598596275121809e-01,-2.515581381528584903e-01,-1.214525333407967395e-01,8.766314525162363092e-01,-4.559446579362472773e-01,-1.487332363274077029e-02,1.838160603683693106e-02,0.000000000000000000e+00,0.000000000000000000e+00,-1.169653691003953888e+00,5.801494365431909550e-01,-4.099908374824525747e-01,4.377108677657997604e-01,0.000000000000000000e+00,0.000000000000000000e+00,0.000000000000000000e+00,-9.935665187582232161e-01,-6.238140368936001545e-01,2.768385374163569446e-01,4.116168723195828272e-01,0.000000000000000000e+00,0.000000000000000000e+00,0.000000000000000000e+00
2.774510854970503940e-02,4.213698699287839466e-01,8.512161194961870292e-01,-2.657781806311593567e-03,2.271006397690204445e-02,7.203836132222264377e-01,6.931988452031105918e-01,-5.515944542572788212e-01,2.271531772860272136e-01,1.469142743818020735e-01,8.836738994799603342e-01,-3.773364410411621517e-01,5.992193770909259865e-02,-6.102086564416795422e-01,-2.504611745979450910e-01,-1.215010182787070320e-01,8.720701773692232095e-01,-4.564613771605033898e-01,-1.451934165992021901e-02,1.923962665758908314e-02,0.000000000000000000e+00,0.000000000000000000e+00,-1.168419141149831253e+00,5.817433956112290083e-01,-4.094463700556289498e-01,4.320600528359236914e-01,0.000000000000000000e+00,0.000000000000000000e+00,0.000000000000000000e+00,-9.902921940495230668e-01,-6.269116215094422406e-01,2.702508806767132121e-01,4.072517962862136076e-01,0.000000000000000000e+00,0.000000000000000000e+00,0.000000000000000000e+00
2.770664751597008008e-02,4.212359272236976815e-01,8.514087010396546029e-01,-2.602984916404569443e-03,2.238265310161596106e-02,7.207982899269952393e-01,6.927785118982677792e-01,-5.508255736792188051e-01,2.277359933382066548e-01,1.474192509081787839e-01,8.819896267600071393e-01,-3.746139684130919689e-01,5.783649133915265417e-02,-6.086485935238058476e-01,-2.516153444435488273e-01,-1.239868676484093268e-01,8.708099594461906623e-01,-4.547310765981470992e-01,-1.619236493355077564e-02,2.003014004157820105e-02,0.000000000000000000e+00,0.000000000000000000e+00,-1.166863899469196886e+00,5.799331105912907125e-01,-4.083524889561190863e-01,4.304134460930895689e-01,0.000000000000000000e+00,0.000000000000000000e+00,0.000000000000000000e+00,-9.857097532567342668e-01,-6.290255024654848315e-01,2.649655518900191908e-01,4.037110695800190663e-01,0.000000000000000000e+00,0.000000000000000000e+00,0.000000000000000000e+00
2.767381942635728856e-02,4.212639468385002695e-01,8.524000871727013262e-01,-3.272029314862123436e-03,2.217200148550059133e-02,7.214601187896181322e-01,6.920931968820102087e-01,-5.497347206269073139e-01,2.274418009398402885e-01,1.458917313666912019e-01,8.761441743813660477e-01,-3.681940920449839894e-01,5.552137851525466156e-02,-6.047966768881191113e-01,-2.509684243080735344e-01,-1.266136144455392021e-01,8.635493441565338379e-01,-4.527189730272495050e-01,-1.677242488818478719e-02,2.058674984944528635e-02,0.000000000000000000e+00,0.000000000000000000e+00,-1.166441568258693051e+00,5.790586051780055588e-01,-4.121773648404093993e-01,4.286036841277343079e-01,0.000000000000000000e+00,0.000000000000000000e+00,0.000000000000000000e+00,-9.816097279379075724e-01,-6.384496049910836080e-01,2.702617057997195316e-01,4.018714991970687156e-01,0.000000000000000000e+00,0.000000000000000000e+00,0.000000000000000000e+00
2.770371089428296310e-02,4.211801281967153532e-01,8.525380926056027597e-01,-3.254941370586900487e-03,2.260229110619715528e-02,7.209881730111604714e-01,6.925710044258670539e-01,-5.490882237402932020e-01,2.267084135772854392e-01,1.463662086853076971e-01,8.747879590246221415e-01,-3.710898747755564386e-01,5.549135231566871412e-02,-6.045486852745506345e-01,-2.508956789942771715e-01,-1.264879038369240427e-01,8.621699792907314697e-01,-4.580617647100953538e-01,-1.792760517117681501e-02,2.166077235421647734e-02,0.000000000000000000e+00,0.000000000000000000e+00,-1.165847765178378737e+00,5.838069602106835676e-01,-4.110281095929682049e-01,4.281466968800235473e-01,0.000000000000000000e+00,0.000000000000000000e+00,0.000000000000000000e+00,-9.826473042165183580e-01,-6.409355830183501856e-01,2.686953656021486281e-01,4.015199299789120602e-01,0.000000000000000000e+00,0.000000000000000000e+00,0.000000000000000000e+00
2.772363794467016390e-02,4.211696293310867589e-01,8.531490900496646601e-01,-3.453292280965764710e-03,2.249502779322545484e-02,7.207114943251555772e-01,6.928614511174699953e-01,-5.473729903151038911e-01,2.281647745343922673e-01,1.481256480247279961e-01,8.712235239285107680e-01,-3.678602998231269017e-01,5.490593477268684158e-02,-6.026777247335379784e-01,-2.501823827406011169e-01,-1.271464373901971256e-01,8.574806660206993891e-01,-4.533854363616338645e-01,-1.495838033304485067e-02,2.097871340449900673e-02,0.000000000000000000e+00,0.000000000000000000e+00,-1.163241095976911499e+00,5.807152304244089791e-01,-4.044361669811742388e-01,4.288303076347683707e-01,0.000000000000000000e+00,0.000000000000000000e+00,0.000000000000000000e+00,-9.807687672041162097e-01,-6.394623482041337237e-01,2.678041474281740997e-01,3.993355809410525370e-01,0.000000000000000000e+00,0.000000000000000000e+00,0.000000000000000000e+00
2.784976211579309399e-02,4.212111934420777470e-01,8.529862407616412012e-01,-3.270215249449983166e-03,2.271003289973659925e-02,7.205444792184326763e-01,6.930290135093579718e-01,-5.473708639680072707e-01,2.277994565881831246e-01,1.483968517864504288e-01,8.716270292729991764e-01,-3.692784782853462122e-01,5.708193444834348818e-02,-6.036089008678080514e-01,-2.500383865267957195e-01,-1.258505488755730650e-01,8.589580665535008208e-01,-4.535553044167387471e-01,-1.595454416378321721e-02,2.102499506548100028e-02,0.000000000000000000e+00,0.000000000000000000e+00,-1.162841712529028459e+00,5.872841683941115720e-01,-4.064219435941059944e-01,4.271152488201031550e-01,0.000000000000000000e+00,0.000000000000000000e+00,0.000000000000000000e+00,-9.813388837554842814e-01,-6.452768123107580633e-01,2.706884525878130998e-01,3.956935627541484091e-01,0.000000000000000000e+00,0.000000000000000000e+00,0.000000000000000000e+00
2.806167681130968677e-02,4.213982057160495232e-01,8.531106989187964285e-01,-3.562177180243861208e-03,2.303055031197170227e-02,7.208911740860304285e-01,6.926563504155073270e-01,-5.477288263186560480e-01,2.278952560442932540e-01,1.485359817474051214e-01,8.704255632179865865e-01,-3.690281505256407524e-01,5.490083741130663553e-02,-6.033469871988309530e-01,-2.508779228165143871e-01,-1.270830585126358214e-01,8.577864818340485975e-01,-4.533275553194697771e-01,-1.388246217954937009e-02,2.292191788315007389e-02,0.000000000000000000e+00,0.000000000000000000e+00,-1.163352962582248074e+00,5.867145727663412025e-01,-4.091102563346634136e-01,4.262093613281826565e-01,0.000000000000000000e+00,0.000000000000000000e+00,0.000000000000000000e+00,-9.820473826318697474e-01,-6.493978951721117721e-01,2.706034781048592408e-01,3.938688054721295462e-01,0.000000000000000000e+00,0.000000000000000000e+00,0.000000000000000000e+00
2.824604656342616024e-02,4.214893787557102423e-01,8.528480617809127695e-01,-3.481488659905275854e-03,2.314793607037695516e-02,7.207848947427107911e-01,6.927634428887925466e-01,-5.477299972859147603e-01,2.285071733410307671e-01,1.492658037516919056e-01,8.715808020308474235e-01,-3.737613089572709990e-01,5.412009598946752181e-02,-6.037568007208248266e-01,-2.511445989098386455e-01,-1.272361384162861153e-01,8.595841954031695487e-01,-4.571777576703852097e-01,-1.352123534269596139e-02,2.261268331963620093e-02,0.000000000000000000e+00,0.000000000000000000e+00,-1.165764876520430926e+00,5.979007488379073365e-01,-4.156603376964614904e-01,4.285957762432598406e-01,0.000000000000000000e+00,0.000000000000000000e+00,0.000000000000000000e+00,-9.852838029566617362e-01,-6.582988957877664582e-01,2.755433770112528102e-01,3.943957235298002351e-01,0.000000000000000000e+00,0.000000000000000000e+00,0.000000000000000000e+00
2.848230154810401510e-02,4.215251883309630854e-01,8.518981379892560657e-01,-2.389420070866942261e-03,2.227056656615212030e-02,7.206479878338575285e-01,6.929392398815077403e-01,-5.474849141857229817e-01,2.296094426905793406e-01,1.494228843257408845e-01,8.774337742142843677e-01,-3.753569215462168596e-01,5.772713912731348984e-02,-6.044525504168412056e-01,-2.523288719394937152e-01,-1.272714952245801445e-01,8.663552707906914119e-01,-4.562173360609009243e-01,-1.449041792851427438e-02,2.260208117403584432e-02,0.000000000000000000e+00,0.000000000000000000e+00,-1.167392435742949264e+00,5.974723447069186788e-01,-4.181682921503572792e-01,4.348718040175258426e-01,0.000000000000000000e+00,0.000000000000000000e+00,0.000000000000000000e+00,-9.872898678437453945e-01,-6.538212696766446674e-01,2.752322323673339066e-01,3.994352248718520682e-01,0.000000000000000000e+00,0.000000000000000000e+00,0.000000000000000000e+00
2.873309614055361352e-02,4.217762751188919856e-01,8.518156222390897980e-01,-2.944086464785113447e-03,2.288140093219377669e-02,7.214853506292815410e-01,6.920452750171859346e-01,-5.496222345656432973e-01,2.279840645785311259e-01,1.473428693022108826e-01,8.779883693588758087e-01,-3.803855946717185077e-01,5.766520128331380224e-02,-6.052594561280209007e-01,-2.532150628787234736e-01,-1.279767323303773463e-01,8.670111850818570387e-01,-4.589495522549121298e-01,-1.313994796592102450e-02,2.293373089107211479e-02,0.000000000000000000e+00,0.000000000000000000e+00,-1.169138890497516403e+00,6.002833703269779830e-01,-4.201717357966563982e-01,4.334773783217591436e-01,0.000000000000000000e+00,0.000000000000000000e+00,0.000000000000000000e+00,-9.886368884345826391e-01,-6.588837090625182524e-01,2.728382824673495910e-01,3.974084036996055058e-01,0.000000000000000000e+00,0.000000000000000000e+00,0.000000000000000000e+00
2.897009432343291419e-02,4.219460202409337501e-01,8.520930396281637398e-01,-2.826096373725526384e-03,2.316844404015093450e-02,7.218228549172687192e-01,6.916841782917476644e-01,-5.487998775582128008e-01,2.273675479378624020e-01,1.477508602755290557e-01,8.757905676334474254e-01,-3.790057908881201421e-01,5.681916378289759983e-02,-6.046843037221473205e-01,-2.540166008031790601e-01,-1.282274705481535881e-01,8.661662310805054998e-01,-4.570551498049091332e-01,-1.303236694440887064e-02,2.339986723742536884e-02,0.000000000000000000e+00,0.000000000000000000e+00,-1.166731939280157615e+00,5.968513536414248311e-01,-4.167415140140579566e-01,4.326016484148424435e-01,0.000000000000000000e+00,0.000000000000000000e+00,0.000000000000000000e+00,-9.883119131661592949e-01,-6.541847116666421602e-01,2.655750813638544372e-01,3.965806428489092039e-01,0.000000000000000000e+00,0.000000000000000000e+00,0.000000000000000000e+00
2.916383969888143232e-02,4.220938508894042651e-01,8.516706895849136538e-01,-2.818307617147391281e-03,2.291593785391612959e-02,7.219234657972438685e-01,6.915876130077432959e-01,-5.500474062731794955e-01,2.284185529466359055e-01,1.473685330560830509e-01,8.785395239288581459e-01,-3.769581236873337793e-01,5.842479802144311118e-02,-6.053076574711542257e-01,-2.544130174483458795e-01,-1.292163412576350923e-01,8.686730802542994567e-01,-4.566175990179774380e-01,-1.445197808468373646e-02,2.396477175549995703e-02,0.000000000000000000e+00,0.000000000000000000e+00,-1.166225806236631302e+00,5.954369815338296235e-01,-4.142491800252545153e-01,4.324473474029775222e-01,0.000000000000000000e+00,0.000000000000000000e+00,0.000000000000000000e+00,-9.866447536325932965e-01,-6.549370280935902233e-01,2.622324442229542751e-01,3.968100022521870995e-01,0.000000000000000000e+00,0.000000000000000000e+00,0.000000000000000000e+00
2.935892095730797263e-02,4.221976552820558282e-01,8.515371479470711380e-01,-2.950216720229071124e-03,2.276646072585617256e-02,7.217780919806395801e-01,6.917437173000637873e-01,-5.504713338805452549e-01,2.294567566616721455e-01,1.469919196418355833e-01,8.795066173422098066e-01,-3.767198012692759002e-01,5.787803286216588322e-02,-6.048275077227414087e-01,-2.553227539573272864e-01,-1.323692528030825932e-01,8.690595009998534071e-01,-4.594051801350991782e-01,-1.693919951724025957e-02,2.496797480670622654e-02,0.000000000000000000e+00,0.000000000000000000e+00,-1.168217589161936631e+00,6.000450692067413883e-01,-4.180182275611086240e-01,4.312377352432021360e-01,0.000000000000000000e+00,0.000000000000000000e+00,0.000000000000000000e+00,-9.851219156169210844e-01,-6.610035580525183141e-01,2.699701891019294364e-01,3.931497852728553788e-01,0.000000000000000000e+00,0.000000000000000000e+00,0.000000000000000000e+00
2.958914727124497754e-02,4.223889484887916046e-01,8.515814420702561005e-01,-3.041350827739645879e-03,2.378691649728471511e-02,7.223439322932923012e-01,6.911180624667241368e-01,-5.509339802823142174e-01,2.278549177645038393e-01,1.476912534303472246e-01,8.775942484832677248e-01,-3.796535699920954299e-01,5.450845200011428249e-02,-6.060027273895419730e-01,-2.564443402581134679e-01,-1.313915296861352944e-01,8.698058406434204803e-01,-4.634654250355781380e-01,-1.860359337534920818e-02,2.378234232835237105e-02,0.000000000000000000e+00,0.000000000000000000e+00,-1.168535391545405977e+00,6.026843420867790124e-01,-4.197437292348734639e-01,4.317048427789532128e-01,0.000000000000000000e+00,0.000000000000000000e+00,0.000000000000000000e+00,-9.873365534839729785e-01,-6.606562968959714954e-01,2.653809848159660589e-01,3.922691864072526124e-01,0.000000000000000000e+00,0.000000000000000000e+00,0.000000000000000000e+00
2.965212951330526217e-02,4.224698770170510209e-01,8.510172103814842570e-01,-2.848244456260518725e-03,2.329629474511846557e-02,7.221673755380250137e-01,6.913200791696917369e-01,-5.514607294145663641e-01,2.291729518212754224e-01,1.478017775518097598e-01,8.817654382370242461e-01,-3.843380042759374504e-01,5.729254981552985709e-02,-6.064638828001795989e-01,-2.570372934467742287e-01,-1.324304042642026058e-01,8.733361771294398945e-01,-4.640141418924973449e-01,-1.623393090255216553e-02,2.289101736765725148e-02,0.000000000000000000e+00,0.000000000000000000e+00,-1.173149393596198964e+00,6.132719322178042942e-01,-4.254287149753335218e-01,4.348399392857235091e-01,0.000000000000000000e+00,0.000000000000000000e+00,0.000000000000000000e+00,-9.890784198831964469e-01,-6.700301320497092927e-01,2.728524351723702335e-01,3.952482631741535690e-01,0.000000000000000000e+00,0.000000000000000000e+00,0.000000000000000000e+00
2.973027076669183116e-02,4.224095534606984170e-01,8.503585264125700371e-01,-1.963301982246567698e-03,2.241642058868294207e-02,7.219846248910363196e-01,6.915430940688140904e-01,-5.508706742642762721e-01,2.312034359333313138e-01,1.490809532138563931e-01,8.858205729543494611e-01,-3.823527001590049101e-01,5.803619378741180224e-02,-6.063286179230029660e-01,-2.581943289256775631e-01,-1.332859565278807779e-01,8.774176645941651476e-01,-4.623181097470107082e-01,-1.844890626798471531e-02,2.341885900180719349e-02,0.000000000000000000e+00,0.000000000000000000e+00,-1.172280099694815725e+00,6.081262976558358124e-01,-4.207148207547449781e-01,4.363297915266196592e-01,0.000000000000000000e+00,0.000000000000000000e+00,0.000000000000000000e+00,-9.867011163468167867e-01,-6.654804201135389174e-01,2.726474153757738605e-01,3.967368099220456301e-01,0.000000000000000000e+00,0.000000000000000000e+00,0.000000000000000000e+00
2.970845193482673022e-02,4.225481364271793661e-01,8.509692176682365217e-01,-2.202638011540294580e-03,2.235449705808336199e-02,7.221650621829536210e-01,6.913559487046903040e-01,-5.493401836402503902e-01,2.312569911766625408e-01,1.492933977984479688e-01,8.824551591395202177e-01,-3.823036591366094639e-01,5.737174038458966313e-02,-6.040652244953463867e-01,-2.574679172308983466e-01,-1.337271797239304172e-01,8.734212355186793397e-01,-4.610174309676657312e-01,-1.793114782043253932e-02,2.175934017457721234e-02,0.000000000000000000e+00,0.000000000000000000e+00,-1.170294037576319113e+00,6.082377532654916763e-01,-4.169725568936613613e-01,4.328185253505988372e-01,0.000000000000000000e+00,0.000000000000000000e+00,0.000000000000000000e+00,-9.834337378502389093e-01,-6.624512427166795447e-01,2.678368515659841909e-01,3.935462854352719253e-01,0.000000000000000000e+00,0.000000000000000000e+00,0.000000000000000000e+00
2.969523928802423468e-02,4.226738705984532940e-01,8.508743016911678447e-01,-2.695856251200327847e-03,2.231950040184184011e-02,7.220224158487563715e-01,6.915043045945640232e-01,-5.507225711288832315e-01,2.310012516187177067e-01,1.470776991953746116e-01,8.837627864245095610e-01,-3.831902705902147654e-01,5.816095344019157898e-02,-6.041125401508299353e-01,-2.565910699566086861e-01,-1.344168203474873091e-01,8.731398761521247387e-01,-4.634662940357176519e-01,-1.990084903441731098e-02,2.328604905674156247e-02,0.000000000000000000e+00,0.000000000000000000e+00,-1.169008825456372858e+00,6.045997339489019851e-01,-4.117734460856424805e-01,4.285976516119489599e-01,0.000000000000000000e+00,0.000000000000000000e+00,0.000000000000000000e+00,-9.791132586336362964e-01,-6.616154223161329062e-01,2.635946622098915837e-01,3.898730136226676302e-01,0.000000000000000000e+00,0.000000000000000000e+00,0.000000000000000000e+00
2.964281178675227252e-02,4.226763496921390750e-01,8.504586519069758932e-01,-1.657795784350071105e-03,2.191070183813729685e-02,7.218760445530081338e-01,6.916734411256530990e-01,-5.486872032865912630e-01,2.323096878897740192e-01,1.505484238575933165e-01,8.860023413389973568e-01,-3.872877315470341086e-01,5.901369257270719371e-02,-6.038646484515446389e-01,-2.578854907609351987e-01,-1.332806697371709537e-01,8.766299229184116859e-01,-4.628087014450086301e-01,-1.787910850694482065e-02,2.187473002836327549e-02,0.000000000000000000e+00,0.000000000000000000e+00,-1.169259163911301913e+00,6.124946809139043546e-01,-4.136499035799831581e-01,4.320832285186351207e-01,0.000000000000000000e+00,0.000000000000000000e+00,0.000000000000000000e+00,-9.815316422207399638e-01,-6.644761350909634823e-01,2.605616201608572102e-01,3.927411874284174043e-01,0.000000000000000000e+00,0.000000000000000000e+00,0.000000000000000000e+00
2.951540709628716966e-02,4.227849788973083722e-01,8.499425694724862534e-01,-1.915608118557610845e-03,2.134685151381553528e-02,7.208688629536582626e-01,6.927400124143864302e-01,-5.493736964113469234e-01,2.363169465548305148e-01,1.525704187079949536e-01,8.906760864992037119e-01,-3.901367186864653780e-01,5.906470554935325246e-02,-6.046620937557692921e-01,-2.566071578351154514e-01,-1.338670630007556261e-01,8.785124611182235643e-01,-4.638877913521347596e-01,-1.674867567127188983e-02,2.046332012537443318e-02,0.000000000000000000e+00,0.000000000000000000e+00,-1.170685778352981377e+00,6.146811674980566798e-01,-4.103088578305920109e-01,4.299343044748933917e-01,0.000000000000000000e+00,0.000000000000000000e+00,0.000000000000000000e+00,-9.822564332063876691e-01,-6.597862176229040143e-01,2.608722434539309520e-01,3.936983452448612475e-01,0.000000000000000000e+00,0.000000000000000000e+00,0.000000000000000000e+00
2.954518172481176291e-02,4.229836055162921604e-01,8.500182429426921260e-01,-2.438366222729341018e-03,2.234619662191841480e-02,7.202633986056063975e-01,6.933363819213591572e-01,-5.503301951187782315e-01,2.365937671696453637e-01,1.543033838719149731e-01,8.899667039272449731e-01,-3.920219915275477973e-01,5.850782337839616210e-02,-6.068639377952939062e-01,-2.559184607269920919e-01,-1.322631060792167634e-01,8.779044042650918644e-01,-4.656887654893519524e-01,-1.754700032619331204e-02,2.000206514148619372e-02,0.000000000000000000e+00,0.000000000000000000e+00,-1.171455376333093712e+00,6.209468145940106876e-01,-4.116850831745828554e-01,4.285114201454574556e-01,0.000000000000000000e+00,0.000000000000000000e+00,0.000000000000000000e+00,-9.848881727003709896e-01,-6.627650052845081019e-01,2.640966215727946209e-01,3.917277134351645485e-01,0.000000000000000000e+00,0.000000000000000000e+00,0.000000000000000000e+00
2.959020534706664068e-02,4.230477045913398904e-01,8.498917685271758504e-01,-2.475298570586219674e-03,2.297114755359746380e-02,7.203195616838833359e-01,6.932574762183214556e-01,-5.521302564329386708e-01,2.341615560696124199e-01,1.520139141756269852e-01,8.901122214740800898e-01,-3.874576438469831685e-01,5.844831790460958132e-02,-6.082782155923802669e-01,-2.565823421163975215e-01,-1.313275955984642973e-01,8.784334187965240348e-01,-4.664424605296212389e-01,-1.966224018603163898e-02,2.061131467258508349e-02,0.000000000000000000e+00,0.000000000000000000e+00,-1.170959269339861830e+00,6.170098343502894433e-01,-4.075731942921026474e-01,4.270674536788588993e-01,0.000000000000000000e+00,0.000000000000000000e+00,0.000000000000000000e+00,-9.843524917304304900e-01,-6.572142848769407797e-01,2.602206808787411729e-01,3.896045768410199561e-01,0.000000000000000000e+00,0.000000000000000000e+00,0.000000000000000000e+00
2.953350868715802144e-02,4.231193469782991712e-01,8.497329261243731224e-01,-3.230702940156978537e-03,2.316338173538735890e-02,7.208453829473866481e-01,6.927012012321976941e-01,-5.548692320827115498e-01,2.332185426023549446e-01,1.488414485372226703e-01,8.910310009851657442e-01,-3.877637457821631606e-01,5.673812767163369242e-02,-6.092893806434788173e-01,-2.567908855514877131e-01,-1.325241909721729949e-01,8.788376977409639856e-01,-4.672868343461047957e-01,-2.008018703890521867e-02,2.021497627846762998e-02,0.000000000000000000e+00,0.000000000000000000e+00,-1.170529637801186684e+00,6.172928805322603907e-01,-4.114988279346882272e-01,4.214386329344584348e-01,0.000000000000000000e+00,0.000000000000000000e+00,0.000000000000000000e+00,-9.815462996270745144e-01,-6.626039075941644318e-01,2.615401427374372534e-01,3.849829678655795062e-01,0.000000000000000000e+00,0.000000000000000000e+00,0.000000000000000000e+00
2.940447047063114022e-02,4.230283347451583853e-01,8.487343921610871478e-01,-2.958650733223764859e-03,2.249268041006954183e-02,7.200185035209482054e-01,6.935839389008835454e-01,-5.560526786361056351e-01,2.367255258028055920e-01,1.507217549344864738e-01,8.976587782751886957e-01,-3.901345264207736752e-01,5.658268001189545315e-02,-6.111738011371516954e-01,-2.565611812657686563e-01,-1.321858085143034767e-01,8.839035401916024437e-01,-4.677955464559442333e-01,-1.854370514179178725e-02,1.889041431382407210e-02,0.000000000000000000e+00,0.000000000000000000e+00,-1.171140010557928157e+00,6.202848943517632607e-01,-4.095367631472184300e-01,4.210509097277950197e-01,0.000000000000000000e+00,0.000000000000000000e+00,0.000000000000000000e+00,-9.823084343012266073e-01,-6.609543033629495801e-01,2.608673383055056250e-01,3.869268103271519266e-01,0.000000000000000000e+00,0.000000000000000000e+00,0.000000000000000000e+00
2.928920078245281916e-02,4.230316593627441168e-01,8.482508150526255619e-01,-3.392061789786317977e-03,2.246113224314199783e-02,7.198957242145030966e-01,6.937104134383798026e-01,-5.583671395887923605e-01,2.370187518315746422e-01,1.491898726275861509e-01,9.012014874699957323e-01,-3.942568750393498078e-01,5.686611527117656217e-02,-6.129604305155700317e-01,-2.563723149106509336e-01,-1.324692286548729281e-01,8.864626274847116072e-01,-4.689722713596196635e-01,-1.815556965620066313e-02,1.812723207371746970e-02,0.000000000000000000e+00,0.000000000000000000e+00,-1.173108841103573496e+00,6.247738061694194656e-01,-4.139033684721661333e-01,4.209245940159785926e-01,0.000000000000000000e+00,0.000000000000000000e+00,0.000000000000000000e+00,-9.843476210700097262e-01,-6.637594245493890766e-01,2.613636088227206944e-01,3.893661013015842220e-01,0.000000000000000000e+00,0.000000000000000000e+00,0.000000000000000000e+00
2.923498490619637000e-02,4.230314112890963263e-01,8.482650579249684242e-01,-3.605507571176169712e-03,2.247404991271795272e-02,7.205138368065568955e-01,6.930669003537612838e-01,-5.592116644856500729e-01,2.370294717891946179e-01,1.492207155937691765e-01,9.012778956743818792e-01,-3.947260844798980428e-01,5.681286923998517258e-02,-6.125987069834502030e-01,-2.573913491450280366e-01,-1.337209818215145951e-01,8.860184314916780268e-01,-4.680915204177090172e-01,-1.781977695733914097e-02,1.929475587615684523e-02,0.000000000000000000e+00,0.000000000000000000e+00,-1.172992735816411169e+00,6.194775292289693702e-01,-4.131077370114227820e-01,4.179691654545016899e-01,0.000000000000000000e+00,0.000000000000000000e+00,0.000000000000000000e+00,-9.826258871788785543e-01,-6.625223710210079719e-01,2.579101537372078257e-01,3.886364396073468952e-01,0.000000000000000000e+00,0.000000000000000000e+00,0.000000000000000000e+00
2.904367060247211099e-02,4.229527692201252020e-01,8.479448012522943223e-01,-3.702512165682616749e-03,2.194786282757438256e-02,7.201132397291843956e-01,6.934994626441353116e-01,-5.601211055384748283e-01,2.372366615559161340e-01,1.471867463194714842e-01,9.042917489072201942e-01,-3.964007694671604076e-01,5.849540203767811947e-02,-6.128599645363864701e-01,-2.564390300410566148e-01,-1.336276193555772651e-01,8.871492614490971151e-01,-4.672434851873226158e-01,-1.728296324711389720e-02,1.980285127435099657e-02,0.000000000000000000e+00,0.000000000000000000e+00,-1.172740697919365305e+00,6.206390734052008584e-01,-4.137981603396451713e-01,4.185599638694748048e-01,0.000000000000000000e+00,0.000000000000000000e+00,0.000000000000000000e+00,-9.809735622255142395e-01,-6.657885937281708966e-01,2.593547967361822804e-01,3.911325704170457440e-01,0.000000000000000000e+00,0.000000000000000000e+00,0.000000000000000000e+00
2.894661524782286832e-02,4.229029730413683130e-01,8.478943562819130086e-01,-3.174431970807321812e-03,2.185264427724803449e-02,7.198584666994806147e-01,6.937695387092380761e-01,-5.583196829330121513e-01,2.384639759279811033e-01,1.506560925282888486e-01,9.044176114652215936e-01,-4.002117242168893307e-01,5.968709305453907127e-02,-6.123766594363645455e-01,-2.577688107491572511e-01,-1.340816549660673040e-01,8.877504190830605157e-01,-4.672281606772343832e-01,-1.677717024986762409e-02,1.912460947544787279e-02,0.000000000000000000e+00,0.000000000000000000e+00,-1.172654121404375083e+00,6.234134602058871710e-01,-4.135668377036116339e-01,4.196000527164439053e-01,0.000000000000000000e+00,0.000000000000000000e+00,0.000000000000000000e+00,-9.805615791448598628e-01,-6.606090583126738025e-01,2.543762829531296399e-01,3.930036592271282658e-01,0.000000000000000000e+00,0.000000000000000000e+00,0.000000000000000000e+00
2.886164245558682159e-02,4.230315604064063817e-01,8.481082403703904538e-01,-3.415145877100598387e-03,2.144021358940625607e-02,7.197641691753363657e-01,6.938790923433401092e-01,-5.581659059074058904e-01,2.390728700800112128e-01,1.499536068025691948e-01,9.042537082359010103e-01,-3.981781321037421439e-01,6.322744756145438905e-02,-6.109066765033099866e-01,-2.575788437942201914e-01,-1.357642450046545601e-01,8.854619158121113109e-01,-4.642954836093919346e-01,-1.589669286876429707e-02,2.069032448981997577e-02,0.000000000000000000e+00,0.000000000000000000e+00,-1.167620351597848938e+00,6.092149796146997254e-01,-4.034262618070601492e-01,4.134018800078779754e-01,0.000000000000000000e+00,0.000000000000000000e+00,0.000000000000000000e+00,-9.723499194217568586e-01,-6.525042141119681283e-01,2.522926621489122168e-01,3.883060069903795375e-01,0.000000000000000000e+00,0.000000000000000000e+00,0.000000000000000000e+00
2.877061619294983552e-02,4.231527741299866419e-01,8.483179318452648277e-01,-3.151398238937326221e-03,2.190846748703967686e-02,7.198257570563874053e-01,6.938018212859553557e-01,-5.570237721635501460e-01,2.380707345112635098e-01,1.514592240622373853e-01,9.021869241129125694e-01,-3.981886729882861409e-01,6.230959164592458216e-02,-6.105997150713825539e-01,-2.590947171490037837e-01,-1.356254644978076851e-01,8.846428563635129194e-01,-4.637854256570360101e-01,-1.535377875164608934e-02,2.068077462098009273e-02,0.000000000000000000e+00,0.000000000000000000e+00,-1.164946082399841210e+00,6.157568663510571971e-01,-4.051855779823898551e-01,4.083337895194806277e-01,0.000000000000000000e+00,0.000000000000000000e+00,0.000000000000000000e+00,-9.690404446930538374e-01,-6.527955783376621079e-01,2.477709340376366975e-01,3.839026001730793114e-01,0.000000000000000000e+00,0.000000000000000000e+00,0.000000000000000000e+00
2.858719543602325150e-02,4.233664449696529775e-01,8.488326606039262590e-01,-3.324123061957331635e-03,2.168707568069943095e-02,7.195687673385544603e-01,6.940744989013518662e-01,-5.549566327145908362e-01,2.389401628226948959e-01,1.525517365737369402e-01,8.999125508259551154e-01,-4.003581251483089853e-01,6.151752473386713077e-02,-6.081910515075157342e-01,-2.588738785334584458e-01,-1.368516123134747298e-01,8.809786321652741670e-01,-4.626998299308652252e-01,-1.146775640730693900e-02,1.969671382183820971e-02,0.000000000000000000e+00,0.000000000000000000e+00,-1.163241111907584724e+00,6.193192463127225045e-01,-4.076643515071293744e-01,4.054538327173992651e-01,0.000000000000000000e+00,0.000000000000000000e+00,0.000000000000000000e+00,-9.664310551287286222e-01,-6.569062976229904649e-01,2.498590999327472695e-01,3.832653279689785530e-01,0.000000000000000000e+00,0.000000000000000000e+00,0.000000000000000000e+00
2.851508576028138550e-02,4.235507918727928200e-01,8.487693076312139429e-01,-3.409510455722412209e-03,2.163348107786610547e-02,7.198544958855926934e-01,6.937794119806424131e-01,-5.552689981258334129e-01,2.392996150083600004e-01,1.528288270756049394e-01,9.002630175336635565e-01,-3.985688726900766254e-01,6.062144414040768203e-02,-6.072730485468543771e-01,-2.606098699361013571e-01,-1.397754920636340714e-01,8.809920096885175411e-01,-4.646735503535429079e-01,-1.424280657025049981e-02,2.146532554795120562e-02,0.000000000000000000e+00,0.000000000000000000e+00,-1.161221843534416598e+00,6.129566165151931756e-01,-4.016839158637012241e-01,4.025129108096163755e-01,0.000000000000000000e+00,0.000000000000000000e+00,0.000000000000000000e+00,-9.638460945909601563e-01,-6.534760724598440707e-01,2.418977680814742015e-01,3.827930582668078174e-01,0.000000000000000000e+00,0.000000000000000000e+00,0.000000000000000000e+00
2.833107821776408367e-02,4.236456131463937624e-01,8.487324542970416941e-01,-3.039254179898934205e-03,2.115090233884382373e-02,7.195099044090367268e-01,6.941533690198313788e-01,-5.537162085919683507e-01,2.392893075905628275e-01,1.525493681309088578e-01,9.010168117537106225e-01,-4.012710887106408775e-01,6.077107665777780471e-02,-6.059348308317147325e-01,-2.605992240488129719e-01,-1.399213477836681874e-01,8.812483246472000431e-01,-4.651702992234199585e-01,-1.377611712930368673e-02,2.158848901805877560e-02,0.000000000000000000e+00,0.000000000000000000e+00,-1.159982122173818908e+00,6.197766002947543429e-01,-4.042147474336523216e-01,4.004716914487764234e-01,0.000000000000000000e+00,0.000000000000000000e+00,0.000000000000000000e+00,-9.615469184802839520e-01,-6.584969967545954983e-01,2.420426430359292336e-01,3.830312362027620821e-01,0.000000000000000000e+00,0.000000000000000000e+00,0.000000000000000000e+00
2.816251438052772005e-02,4.237284077669379867e-01,8.480535575612875299e-01,-2.810064439435711048e-03,2.086646643381252081e-02,7.192132480757422730e-01,6.944703002351896304e-01,-5.547854281128451470e-01,2.400858946288842721e-01,1.526991364376187044e-01,9.055398341766370818e-01,-4.035487721842019315e-01,6.293567515373901800e-02,-6.075223346003302272e-01,-2.611796247270680715e-01,-1.396860898079766156e-01,8.855426233067285047e-01,-4.648042212819180619e-01,-1.472787864186947751e-02,2.236510895589006662e-02,0.000000000000000000e+00,0.000000000000000000e+00,-1.158459569008890133e+00,6.174892263765063838e-01,-3.999380923195210435e-01,3.977880056469038084e-01,0.000000000000000000e+00,0.000000000000000000e+00,0.000000000000000000e+00,-9.605368298785944559e-01,-6.579103063433427989e-01,2.388117494985961820e-01,3.820175673977347919e-01,0.000000000000000000e+00,0.000000000000000000e+00,0.000000000000000000e+00
2.793998711856395326e-02,4.237598787423744184e-01,8.481513237914168890e-01,-2.673809526648454962e-03,2.045541989106860331e-02,7.196783642753663557e-01,6.940010652251402679e-01,-5.542733582678790460e-01,2.378047317720048126e-01,1.497032220984979567e-01,9.056624310983750759e-01,-4.074784403718820225e-01,6.469724276526500617e-02,-6.058043018495390397e-01,-2.609624487223009548e-01,-1.391365301771027851e-01,8.847985365471585650e-01,-4.648901282679344105e-01,-1.355826605934475591e-02,2.258008090994908720e-02,0.000000000000000000e+00,0.000000000000000000e+00,-1.155924044770622938e+00,6.162984592011685470e-01,-4.020665932021653122e-01,3.950890926700842964e-01,0.000000000000000000e+00,0.000000000000000000e+00,0.000000000000000000e+00,-9.559114614563042345e-01,-6.578876671771546336e-01,2.364743746283083370e-01,3.828536716050751076e-01,0.000000000000000000e+00,0.000000000000000000e+00,0.000000000000000000e+00
2.767066343062501294e-02,4.237093339785626966e-01,8.476438746008789771e-01,-1.398274159542392883e-03,1.918597823560322380e-02,7.192995941656095127e-01,6.944336087069147290e-01,-5.516508116695344466e-01,2.411576127418156856e-01,1.539019783059617508e-01,9.093147521883093720e-01,-4.057663466197819480e-01,6.669751936351869803e-02,-6.045306512197510251e-01,-2.619460989272417439e-01,-1.386181886694068666e-01,8.879695441208680373e-01,-4.584722109813086366e-01,-1.158124200475073307e-02,1.998298128618057612e-02,0.000000000000000000e+00,0.000000000000000000e+00,-1.156952492443788394e+00,6.232908910463278440e-01,-4.036524738294773318e-01,3.978287181001355366e-01,0.000000000000000000e+00,0.000000000000000000e+00,0.000000000000000000e+00,-9.552515143443179868e-01,-6.558841887345826516e-01,2.374860303987859633e-01,3.837608198510143453e-01,0.000000000000000000e+00,0.000000000000000000e+00,0.000000000000000000e+00
2.750433210895536495e-02,4.237936906516571178e-01,8.482441888503192695e-01,-2.214526250387472556e-03,2.044651235451751606e-02,7.193072606527989299e-01,6.943875724537347249e-01,-5.528882890103004044e-01,2.389385902428108055e-01,1.535007027587730610e-01,9.054849201290390281e-01,-4.042600869772087213e-01,6.504478531417913489e-02,-6.048760612280160709e-01,-2.629357198922930849e-01,-1.398356135246711096e-01,8.835113373208312026e-01,-4.617577291362238157e-01,-1.298245457240440603e-02,2.131963672543992633e-02,0.000000000000000000e+00,0.000000000000000000e+00,-1.155192224779947319e+00,6.186046693016526987e-01,-3.996429686979895979e-01,3.931224441224587252e-01,0.000000000000000000e+00,0.000000000000000000e+00,0.000000000000000000e+00,-9.544868417589711385e-01,-6.515909286750402041e-01,2.324629842366085497e-01,3.776953945667184120e-01,0.000000000000000000e+00,0.000000000000000000e+00,0.000000000000000000e+00
2.719932621203807396e-02,4.237860607057470919e-01,8.476845117749672864e-01,-1.896299013506713704e-03,2.023411617926864151e-02,7.176767853166009514e-01,6.960797485993438505e-01,-5.525063501855247416e-01,2.406362067740501764e-01,1.553018174864881917e-01,9.094709327314389746e-01,-4.080598580023818145e-01,6.780826343135452905e-02,-6.068810826419025473e-01,-2.616907559183033194e-01,-1.375882435897043676e-01,8.865740428941735196e-01,-4.623348654892546206e-01,-1.203861642299225258e-02,2.142813625990457743e-02,0.000000000000000000e+00,0.000000000000000000e+00,-1.154896935038192129e+00,6.245590123887075906e-01,-3.954759025934400651e-01,3.918210015590001261e-01,0.000000000000000000e+00,0.000000000000000000e+00,0.000000000000000000e+00,-9.553090060736133537e-01,-6.540538120759095131e-01,2.352300051651778912e-01,3.770412025627060681e-01,0.000000000000000000e+00,0.000000000000000000e+00,0.000000000000000000e+00
2.697731362562982849e-02,4.238280307700787453e-01,8.479726845861438322e-01,-2.530550644146103978e-03,2.061043745052167780e-02,7.180569076533126482e-01,6.956745529002039685e-01,-5.539131361740554649e-01,2.401194268908352913e-01,1.549927580289929274e-01,9.083238374419799754e-01,-4.063098832580288033e-01,6.862631081085018847e-02,-6.067280615395337362e-01,-2.624584639599071290e-01,-1.387961132103437412e-01,8.838315951943657156e-01,-4.610305135580331504e-01,-1.017873079059593115e-02,2.163252233833629426e-02,0.000000000000000000e+00,0.000000000000000000e+00,-1.154172524481882123e+00,6.214251904836183282e-01,-3.940731910431825580e-01,3.877296394326936735e-01,0.000000000000000000e+00,0.000000000000000000e+00,0.000000000000000000e+00,-9.544016870743656789e-01,-6.531847406178078463e-01,2.326016943613858079e-01,3.754708560224951919e-01,0.000000000000000000e+00,0.000000000000000000e+00,0.000000000000000000e+00
2.675551755824360362e-02,4.237895511464627174e-01,8.480561712467403757e-01,-1.996275644431357715e-03,2.029995384171524517e-02,7.178232296339496221e-01,6.959265318663049316e-01,-5.518111151605344933e-01,2.411323987064900587e-01,1.574444413448173041e-01,9.075055077215262722e-01,-4.057245074822537489e-01,6.659886888044755371e-02,-6.055056456614760219e-01,-2.627866783005745055e-01,-1.381703326822962263e-01,8.833787967941034713e-01,-4.596284715405249965e-01,-9.454891435704528002e-03,2.005690243665177175e-02,0.000000000000000000e+00,0.000000000000000000e+00,-1.155140483663530393e+00,6.286415267917494498e-01,-3.980659096626966709e-01,3.902761870393925969e-01,0.000000000000000000e+00,0.000000000000000000e+00,0.000000000000000000e+00,-9.553148384204674937e-01,-6.558847242980668790e-01,2.347713709652960723e-01,3.749158399606783987e-01,0.000000000000000000e+00,0.000000000000000000e+00,0.000000000000000000e+00
2.661228797175212504e-02,4.238877711265159887e-01,8.484309482979102146e-01,-2.591766429354805737e-03,2.154303673191036717e-02,7.179744771900696820e-01,6.957311480872413467e-01,-5.532331202189278985e-01,2.377130960928934555e-01,1.557229680374704328e-01,9.045104316951126933e-01,-4.058251479477746337e-01,6.545351867065572760e-02,-6.065237719884774004e-01,-2.636686257646737586e-01,-1.380142327205906572e-01,8.810053616969535373e-01,-4.636071304710374652e-01,-1.049407465215142568e-02,2.014831849228656754e-02,0.000000000000000000e+00,0.000000000000000000e+00,-1.156192291983088927e+00,6.332613727303798568e-01,-4.020863326801749627e-01,3.871876108805638594e-01,0.000000000000000000e+00,0.000000000000000000e+00,0.000000000000000000e+00,-9.562229613088261138e-01,-6.577186695702497143e-01,2.320164864769895252e-01,3.710982932887162966e-01,0.000000000000000000e+00,0.000000000000000000e+00,0.000000000000000000e+00
2.640909770253998048e-02,4.238619423699080957e-01,8.484168624175841833e-01,-2.451754398169900262e-03,2.155479243194206168e-02,7.175119882624340084e-01,6.962082493932953975e-01,-5.524471573755542764e-01,2.386775360199896168e-01,1.574686476588229023e-01,9.042822308849448598e-01,-4.049419157689009285e-01,6.278722209449617842e-02,-6.065353164859677015e-01,-2.643764273602826620e-01,-1.387364941530402906e-01,8.809548634601571671e-01,-4.638638571919378450e-01,-1.166666875454056528e-02,1.846790603306743342e-02,0.000000000000000000e+00,0.000000000000000000e+00,-1.155955036811264991e+00,6.373884612435198882e-01,-4.022829124373590304e-01,3.878661048564741032e-01,0.000000000000000000e+00,0.000000000000000000e+00,0.000000000000000000e+00,-9.559424317077716005e-01,-6.537156721591280695e-01,2.297092767839220562e-01,3.694617395119866310e-01,0.000000000000000000e+00,0.000000000000000000e+00,0.000000000000000000e+00
2.614493595030233444e-02,4.240075668862189340e-01,8.489318182004543800e-01,-3.075859602060580442e-03,2.091565656084792488e-02,7.165173771351874832e-01,6.972488240661651737e-01,-5.510963775517168095e-01,2.427484600825877692e-01,1.598478563177802569e-01,9.028682076441180149e-01,-4.003421644493651010e-01,6.279885130799477133e-02,-6.045472534904452466e-01,-2.627331642315434701e-01,-1.411434887384248604e-01,8.762175216475631689e-01,-4.587086474071887521e-01,-9.543245245171709870e-03,1.692366692762791586e-02,0.000000000000000000e+00,0.000000000000000000e+00,-1.155135060876148589e+00,6.337448398057039523e-01,-3.992626301211551487e-01,3.870011663008795511e-01,0.000000000000000000e+00,0.000000000000000000e+00,0.000000000000000000e+00,-9.523977481731412675e-01,-6.499420912378462978e-01,2.335307708929823256e-01,3.672061531336199836e-01,0.000000000000000000e+00,0.000000000000000000e+00,0.000000000000000000e+00
2.603392748408006607e-02,4.242376921506316734e-01,8.493238172332396863e-01,-3.355039636125392577e-03,2.073491524829466914e-02,7.161402983862309446e-01,6.976402224828841536e-01,-5.502343759640317966e-01,2.437995261362442545e-01,1.603287130260849513e-01,9.014088510176185842e-01,-3.968970900560104265e-01,6.328580193905380957e-02,-6.027864206922882717e-01,-2.615733535891727191e-01,-1.415791528297072055e-01,8.725718265148091346e-01,-4.573884513646548355e-01,-9.520974702354856323e-03,1.785933192797058144e-02,0.000000000000000000e+00,0.000000000000000000e+00,-1.153034198645991326e+00,6.297845356962830099e-01,-3.940387648408735788e-01,3.843296976146330368e-01,0.000000000000000000e+00,0.000000000000000000e+00,0.000000000000000000e+00,-9.496290938842055773e-01,-6.515039956019956779e-01,2.369170143097515113e-01,3.637824180284748854e-01,0.000000000000000000e+00,0.000000000000000000e+00,0.000000000000000000e+00
2.595540743369036465e-02,4.244869113553657036e-01,8.494925363274545838e-01,-3.141010454914765215e-03,2.103913393973738319e-02,7.158835017866933548e-01,6.978956231171040692e-01,-5.487685264390430584e-01,2.422338874135603892e-01,1.600865000994917964e-01,8.998002070247723694e-01,-3.998905258906106375e-01,6.279597215096471841e-02,-6.023605184853662031e-01,-2.621897988222728904e-01,-1.412225347668646658e-01,8.721025414493481787e-01,-4.586352378775265803e-01,-9.461898612280472687e-03,1.719053152056703934e-02,0.000000000000000000e+00,0.000000000000000000e+00,-1.151571144815177750e+00,6.351550652880434411e-01,-3.992218267259439179e-01,3.827622306731366386e-01,0.000000000000000000e+00,0.000000000000000000e+00,0.000000000000000000e+00,-9.500601581994994049e-01,-6.555199628123892230e-01,2.412914504566251450e-01,3.626072765570703682e-01,0.000000000000000000e+00,0.000000000000000000e+00,0.000000000000000000e+00
2.589055165421403834e-02,4.248562081850698058e-01,8.497326377104654771e-01,-3.611674169441707674e-03,2.130907803461934424e-02,7.161687954100782738e-01,6.975923849096169471e-01,-5.483384566655289394e-01,2.429426569494367860e-01,1.615089367971876411e-01,8.986523328171053260e-01,-4.051986868269594200e-01,6.120383530240276065e-02,-6.017938340714886758e-01,-2.632515279671679975e-01,-1.430740130051039172e-01,8.709135722073243491e-01,-4.580729179078686375e-01,-5.760644430191675346e-03,1.581670176827486979e-02,0.000000000000000000e+00,0.000000000000000000e+00,-1.152689747309516566e+00,6.384350267418908986e-01,-3.993592622930110525e-01,3.828203814068094069e-01,0.000000000000000000e+00,0.000000000000000000e+00,0.000000000000000000e+00,-9.510528493770706859e-01,-6.594104590103087027e-01,2.397659724773677781e-01,3.610227121171907250e-01,0.000000000000000000e+00,0.000000000000000000e+00,0.000000000000000000e+00
2.590668268844695948e-02,4.251559539239065377e-01,8.491309383625409435e-01,-3.144742646298021027e-03,2.077751132307383009e-02,7.160777696156138683e-01,6.977041159970587270e-01,-5.484614033761939789e-01,2.426428083350352372e-01,1.599437826103732863e-01,9.029046256841256612e-01,-4.088140789856261614e-01,6.470101165582151093e-02,-6.022362616709749927e-01,-2.620292950992310632e-01,-1.403381835128795774e-01,8.749938895885548407e-01,-4.592342964227091873e-01,-6.979271932775954132e-03,1.521879244454845889e-02,0.000000000000000000e+00,0.000000000000000000e+00,-1.151765557111756877e+00,6.391788834707966549e-01,-4.008656652909513562e-01,3.833376532249873070e-01,0.000000000000000000e+00,0.000000000000000000e+00,0.000000000000000000e+00,-9.514258973161275890e-01,-6.607314349440125412e-01,2.423456462297782221e-01,3.612551631627453630e-01,0.000000000000000000e+00,0.000000000000000000e+00,0.000000000000000000e+00
2.594415789949545970e-02,4.254559082781217416e-01,8.480347275040396315e-01,-2.726002417894958160e-03,2.014976520917850442e-02,7.155573823387803012e-01,6.982579669816211254e-01,-5.495589907089637460e-01,2.446715711411030780e-01,1.601608225664555574e-01,9.102692544939493535e-01,-4.129974298628067975e-01,6.795683167399658997e-02,-6.041736120739360505e-01,-2.628684644903331868e-01,-1.408358357598052668e-01,8.821778412726295482e-01,-4.601063759304313550e-01,-6.584923205005644743e-03,1.469867707682463373e-02,0.000000000000000000e+00,0.000000000000000000e+00,-1.154253988768197514e+00,6.411493718783526363e-01,-4.036688373078377023e-01,3.855568553652610753e-01,0.000000000000000000e+00,0.000000000000000000e+00,0.000000000000000000e+00,-9.534658428191475910e-01,-6.573525952096526126e-01,2.414999160678930612e-01,3.649171234422645682e-01,0.000000000000000000e+00,0.000000000000000000e+00,0.000000000000000000e+00
2.614157852302366469e-02,4.258176908308571318e-01,8.477862738296396694e-01,-2.422332676343478750e-03,2.016709536579402301e-02,7.153004822227715387e-01,6.985217539209385151e-01,-5.489315981391489352e-01,2.453459269069576398e-01,1.607124676660422469e-01,9.112737168548753486e-01,-4.130990567700745797e-01,6.491235799898048553e-02,-6.044017105744564633e-01,-2.633604463702533538e-01,-1.408883864255038310e-01,8.843355534834939080e-01,-4.617445168913578701e-01,-7.477151646293678754e-03,1.414524136716615796e-02,0.000000000000000000e+00,0.000000000000000000e+00,-1.155076629719407943e+00,6.425110008989003418e-01,-4.031745790259866347e-01,3.863910873037396110e-01,0.000000000000000000e+00,0.000000000000000000e+00,0.000000000000000000e+00,-9.547571511320616100e-01,-6.546608080406794983e-01,2.430647683957234129e-01,3.628816864050038449e-01,0.000000000000000000e+00,0.000000000000000000e+00,0.000000000000000000e+00
2.633227296862795594e-02,4.262860984359171934e-01,8.477774104952201517e-01,-2.668277528544706415e-03,2.085305952095733648e-02,7.147842397359993605e-01,6.990289842550714283e-01,-5.492468397729761698e-01,2.446378702523195336e-01,1.604513787970011374e-01,9.113726131803304709e-01,-4.159712271958191376e-01,6.624556111411049331e-02,-6.057340613048020073e-01,-2.622812770488546219e-01,-1.389101054040270955e-01,8.847347760624526547e-01,-4.646913698383788871e-01,-7.958783845661451112e-03,1.402547346812576742e-02,0.000000000000000000e+00,0.000000000000000000e+00,-1.155439710180298452e+00,6.446826107568531805e-01,-4.014393060261993718e-01,3.841800225227799959e-01,0.000000000000000000e+00,0.000000000000000000e+00,0.000000000000000000e+00,-9.545915823450651372e-01,-6.578874264812614170e-01,2.484616503407269250e-01,3.558760303774008982e-01,0.000000000000000000e+00,0.000000000000000000e+00,0.000000000000000000e+00
2.649531247246788082e-02,4.264562798443704006e-01,8.477342570888185547e-01,-2.084182302211221721e-03,2.062677875736798269e-02,7.155044695085939210e-01,6.983004699235514368e-01,-5.481649866682557493e-01,2.444384638513186769e-01,1.612557271735112208e-01,9.111709657353976866e-01,-4.140851076407205400e-01,6.631861754914167295e-02,-6.047025326603089335e-01,-2.648293549716372319e-01,-1.407363570419830900e-01,8.863587329170222739e-01,-4.620127615456774972e-01,-8.821243244074489231e-03,1.332454466414585703e-02,0.000000000000000000e+00,0.000000000000000000e+00,-1.152411059914112856e+00,6.379820108367937337e-01,-3.987379490698200191e-01,3.859036561014468902e-01,0.000000000000000000e+00,0.000000000000000000e+00,0.000000000000000000e+00,-9.521940805510159533e-01,-6.490839870867748385e-01,2.389058159728701669e-01,3.573127886116092555e-01,0.000000000000000000e+00,0.000000000000000000e+00,0.000000000000000000e+00
2.657044896592389988e-02,4.266047854392138183e-01,8.483118050833501345e-01,-1.494628249752915847e-03,2.018007125689927003e-02,7.155678053459455512e-01,6.982501319461742462e-01,-5.448193991076214493e-01,2.437419451539258042e-01,1.609628941489535670e-01,9.075889079447804209e-01,-4.103854038669865201e-01,6.303981654085283326e-02,-6.009550419449971592e-01,-2.648101425555442479e-01,-1.413600438668665416e-01,8.831829403272810630e-01,-4.619359292649378168e-01,-9.555276107151067233e-03,1.331456789946264957e-02,0.000000000000000000e+00,0.000000000000000000e+00,-1.149565508908863887e+00,6.319433163823282573e-01,-3.951515853708239545e-01,3.900566624227493340e-01,0.000000000000000000e+00,0.000000000000000000e+00,0.000000000000000000e+00,-9.496827037670261262e-01,-6.446748748184096822e-01,2.328143153147881061e-01,3.578050986647335896e-01,0.000000000000000000e+00,0.000000000000000000e+00,0.000000000000000000e+00
2.671399181070634177e-02,4.268616405092644506e-01,8.491302246775432883e-01,-1.495098409972176259e-03,2.083002451630017876e-02,7.161818052081216912e-01,6.976012447295603103e-01,-5.429225793411067702e-01,2.424890552544102240e-01,1.624701738804403550e-01,9.016664287530349320e-01,-4.064742137316442183e-01,6.076368243930728441e-02,-5.989640380919233342e-01,-2.668059792378328354e-01,-1.433628030834721567e-01,8.791546814036018676e-01,-4.606050998590859313e-01,-1.053389718192684031e-02,1.392956016606088435e-02,0.000000000000000000e+00,0.000000000000000000e+00,-1.148478259025402570e+00,6.311951126249313315e-01,-3.962073536574466370e-01,3.892809416353117946e-01,0.000000000000000000e+00,0.000000000000000000e+00,0.000000000000000000e+00,-9.473449476656213841e-01,-6.471811338769917210e-01,2.299450148368515912e-01,3.533710485911829569e-01,0.000000000000000000e+00,0.000000000000000000e+00,0.000000000000000000e+00
2.663180174697846181e-02,4.268352660246494956e-01,8.490160329543481321e-01,-2.663043680721198514e-04,1.995249699143017072e-02,7.158747387812999241e-01,6.979435402098058683e-01,-5.392393443896449368e-01,2.426097532050145167e-01,1.636704078889115177e-01,9.022328730204843827e-01,-4.094720881333270279e-01,6.132826455216276729e-02,-5.965769073903698372e-01,-2.665185380491204015e-01,-1.414556425476574675e-01,8.802317232890680687e-01,-4.606339142000446252e-01,-9.176384035459939775e-03,1.273785382036956258e-02,0.000000000000000000e+00,0.000000000000000000e+00,-1.147892139086567953e+00,6.334006688947287911e-01,-3.962947732414037749e-01,3.952680384521706225e-01,0.000000000000000000e+00,0.000000000000000000e+00,0.000000000000000000e+00,-9.468426644556400262e-01,-6.472499012704920895e-01,2.300611053849662135e-01,3.568785291850656294e-01,0.000000000000000000e+00,0.000000000000000000e+00,0.000000000000000000e+00
2.650432933627638876e-02,4.268623983197885052e-01,8.488829320876570828e-01,1.304291879571182339e-04,1.960248789075519707e-02,7.164799229679019721e-01,6.973322346203635336e-01,-5.388763440850768971e-01,2.412903424538475894e-01,1.627679107320751384e-01,9.034767006322539373e-01,-4.128057024182399948e-01,6.467073619871323287e-02,-5.958059503693092784e-01,-2.669956270156897959e-01,-1.406016626498204358e-01,8.815021268267431154e-01,-4.596432163520380865e-01,-9.508106482822999139e-03,1.164880713580893588e-02,0.000000000000000000e+00,0.000000000000000000e+00,-1.147828046429239413e+00,6.324591266449680615e-01,-3.982965925183989397e-01,3.965575427430708122e-01,0.000000000000000000e+00,0.000000000000000000e+00,0.000000000000000000e+00,-9.462115801010695382e-01,-6.461652367329574487e-01,2.259319886401900679e-01,3.604061875899069456e-01,0.000000000000000000e+00,0.000000000000000000e+00,0.000000000000000000e+00
2.634112596394009437e-02,4.269167584181807751e-01,8.491616941977842004e-01,-1.323614576347366401e-04,1.946520712061801384e-02,7.168754981842676566e-01,6.969294141412423205e-01,-5.388175108749372333e-01,2.411416216268343626e-01,1.620073565916893277e-01,9.021257267309636951e-01,-4.112833185674923953e-01,6.195529252572554157e-02,-5.942060212084889770e-01,-2.676079246188876604e-01,-1.424593524785921494e-01,8.794244961913616487e-01,-4.596977903488577155e-01,-8.592785345345394996e-03,1.166177472521206723e-02,0.000000000000000000e+00,0.000000000000000000e+00,-1.145557503213547657e+00,6.205216129547408421e-01,-3.913161311294763856e-01,3.948645122101619442e-01,0.000000000000000000e+00,0.000000000000000000e+00,0.000000000000000000e+00,-9.432890869894139385e-01,-6.407712946171065793e-01,2.190003233905701840e-01,3.575450015837443041e-01,0.000000000000000000e+00,0.000000000000000000e+00,0.000000000000000000e+00
2.619489092948567091e-02,4.270114516407576000e-01,8.493717554338995335e-01,-1.005084327639054614e-04,1.868979029383131818e-02,7.170729599858950420e-01,6.967474805795110804e-01,-5.376860800851185340e-01,2.431062534600706149e-01,1.631571150531153924e-01,9.017298961506740040e-01,-4.073809290455233656e-01,6.419249112489945619e-02,-5.918242241256403968e-01,-2.687281248726554050e-01,-1.459035280269981028e-01,8.778332637611686584e-01,-4.547516692726291665e-01,-7.972666482990296843e-03,1.321493874352835940e-02,0.000000000000000000e+00,0.000000000000000000e+00,-1.144434393244735171e+00,6.167134694400655537e-01,-3.923941085216757774e-01,3.913417722500762697e-01,0.000000000000000000e+00,0.000000000000000000e+00,0.000000000000000000e+00,-9.369078485177430027e-01,-6.456394364997246615e-01,2.235998025111357312e-01,3.555392230427543154e-01,0.000000000000000000e+00,0.000000000000000000e+00,0.000000000000000000e+00
2.605963529223921313e-02,4.272610191866421103e-01,8.501531828568366089e-01,-8.691554370439651817e-04,1.956424770352273648e-02,7.171232841944596981e-01,6.966711419649698200e-01,-5.374078734424004855e-01,2.422422507420268767e-01,1.638520018328384342e-01,8.966993233299146437e-01,-4.056693261439384690e-01,6.166064239409560499e-02,-5.910988112895909641e-01,-2.688756470872128435e-01,-1.468299316175198932e-01,8.727629667424136040e-01,-4.550040793366491587e-01,-7.284873262919636452e-03,1.312210464511934238e-02,0.000000000000000000e+00,0.000000000000000000e+00,-1.142258819740146647e+00,6.148446982637962854e-01,-3.876671919596910154e-01,3.834955495580351648e-01,0.000000000000000000e+00,0.000000000000000000e+00,0.000000000000000000e+00,-9.339562721553500424e-01,-6.403725983595049964e-01,2.138713017781804504e-01,3.485876305149368526e-01,0.000000000000000000e+00,0.000000000000000000e+00,0.000000000000000000e+00
2.594783288186876258e-02,4.273455887373686646e-01,8.505094976101101878e-01,-2.872421903647847524e-04,1.866835265625799850e-02,7.169457793012082858e-01,6.968788701368483496e-01,-5.342387884569478329e-01,2.427132379705671805e-01,1.639981875200886285e-01,8.951596742828139552e-01,-4.032535690059413924e-01,6.227631926251614436e-02,-5.877366561468249095e-01,-2.686856565767852811e-01,-1.477948639004958709e-01,8.705186864589450346e-01,-4.516097977911949224e-01,-8.346379180087546562e-03,1.404444116278953485e-02,0.000000000000000000e+00,0.000000000000000000e+00,-1.138439195465848819e+00,6.111275491442594854e-01,-3.872519633095104497e-01,3.843486517351459297e-01,0.000000000000000000e+00,0.000000000000000000e+00,0.000000000000000000e+00,-9.295520471539410190e-01,-6.380815320436352689e-01,2.123479311051347240e-01,3.496859673474525532e-01,0.000000000000000000e+00,0.000000000000000000e+00,0.000000000000000000e+00
2.598246866647447445e-02,4.276901364643666548e-01,8.509858422793961097e-01,-5.009652221983282305e-05,1.885320359758465084e-02,7.174992746422672596e-01,6.963040608040919066e-01,-5.320312708221281994e-01,2.416827170210379405e-01,1.649367124427766895e-01,8.916490992083846434e-01,-4.038796884542480981e-01,6.089250136329579788e-02,-5.853917983940135628e-01,-2.698280089638651624e-01,-1.483828378413268867e-01,8.683218935997735199e-01,-4.522009962563063867e-01,-7.176056547570977377e-03,1.474076957112505602e-02,0.000000000000000000e+00,0.000000000000000000e+00,-1.138079475671750052e+00,6.114866232003937085e-01,-3.886354772347884179e-01,3.841335060231907406e-01,0.000000000000000000e+00,0.000000000000000000e+00,0.000000000000000000e+00,-9.280539258349190801e-01,-6.390248818022764565e-01,2.073404759553336696e-01,3.485990011777044262e-01,0.000000000000000000e+00,0.000000000000000000e+00,0.000000000000000000e+00
2.599782109257646120e-02,4.280548373429088338e-01,8.510053437076100513e-01,1.841519321798424508e-04,1.870694138110882976e-02,7.176480626638056526e-01,6.961546341058989507e-01,-5.309386595619370874e-01,2.405332792783342333e-01,1.634515155404357156e-01,8.913872135059526247e-01,-4.057637081728948658e-01,5.969932301244475908e-02,-5.839756574912471354e-01,-2.709394474894658011e-01,-1.497007371834521705e-01,8.686329302231068361e-01,-4.536387798499428858e-01,-6.916630072313122504e-03,1.550105123068974862e-02,0.000000000000000000e+00,0.000000000000000000e+00,-1.141057335933383321e+00,6.185566218769290581e-01,-3.945416282824778520e-01,3.862400037159390287e-01,0.000000000000000000e+00,0.000000000000000000e+00,0.000000000000000000e+00,-9.281821198905239045e-01,-6.452061457355193763e-01,2.088834479244791043e-01,3.484796356865877964e-01,0.000000000000000000e+00,0.000000000000000000e+00,0.000000000000000000e+00
2.600107437143284531e-02,4.283370519926505970e-01,8.508729418180269732e-01,5.589306571980173777e-04,1.831602148145621001e-02,7.173018295848552217e-01,6.965215691045270052e-01,-5.299037404025889186e-01,2.406862794296552588e-01,1.630540626073115340e-01,8.927961468881420171e-01,-4.061183104056622084e-01,6.123945458615554643e-02,-5.830463538149884828e-01,-2.718922814085297235e-01,-1.514305784904325658e-01,8.700650503911981914e-01,-4.539242341182211926e-01,-8.567043945571735375e-03,1.704211087790932430e-02,0.000000000000000000e+00,0.000000000000000000e+00,-1.140012453146607152e+00,6.081610397743902885e-01,-3.874007430864928603e-01,3.905378371467443932e-01,0.000000000000000000e+00,0.000000000000000000e+00,0.000000000000000000e+00,-9.294881862102690739e-01,-6.367346759672739553e-01,2.022756791601350579e-01,3.532285758145454757e-01,0.000000000000000000e+00,0.000000000000000000e+00,0.000000000000000000e+00
2.601892034894512026e-02,4.287477526534206329e-01,8.514853140995025660e-01,1.289459673513623089e-04,1.805005273556107084e-02,7.177857555381790267e-01,6.960300195506426979e-01,-5.283507447960439363e-01,2.405639412634147933e-01,1.622268889794300506e-01,8.902217201986275530e-01,-4.103713126843585579e-01,6.128673710426268961e-02,-5.797716248632946989e-01,-2.697905587728015586e-01,-1.509376509384703358e-01,8.659110379853909301e-01,-4.561025674397845009e-01,-5.883851588744331770e-03,1.674267462780736418e-02,0.000000000000000000e+00,0.000000000000000000e+00,-1.141392950066240530e+00,6.118031917413897514e-01,-3.918228091127304857e-01,3.910667224958386812e-01,0.000000000000000000e+00,0.000000000000000000e+00,0.000000000000000000e+00,-9.290427725396325220e-01,-6.432868640688533812e-01,2.045236612978213464e-01,3.551517092365804040e-01,0.000000000000000000e+00,0.000000000000000000e+00,0.000000000000000000e+00
2.611063453427446557e-02,4.290144537570353411e-01,8.513275008423332180e-01,5.890235558896356888e-04,1.838092831978953290e-02,7.174169983230884728e-01,6.964012098226458614e-01,-5.273166996810437768e-01,2.407485122168223080e-01,1.638877356076917646e-01,8.902260528901771997e-01,-4.097658538793256811e-01,5.774702250485604094e-02,-5.800716932304536000e-01,-2.717216891812520574e-01,-1.519960500069060527e-01,8.676871732845671259e-01,-4.588558710662193896e-01,-8.040538902721609121e-03,1.742801153407732423e-02,0.000000000000000000e+00,0.000000000000000000e+00,-1.141010112484085015e+00,6.120065353942478747e-01,-3.936457335278077951e-01,3.923946007089558208e-01,0.000000000000000000e+00,0.000000000000000000e+00,0.000000000000000000e+00,-9.330917411866781475e-01,-6.432161593029506186e-01,2.071558360427419865e-01,3.550928393899527302e-01,0.000000000000000000e+00,0.000000000000000000e+00,0.000000000000000000e+00
2.613372091444116779e-02,4.293305851337646528e-01,8.515601624208141152e-01,2.570359581205387128e-04,1.867722616533080970e-02,7.171977869737207190e-01,6.966192859197084530e-01,-5.268761613131954791e-01,2.419790733968262830e-01,1.656292324771514446e-01,8.887371579031033697e-01,-4.087188604986737861e-01,5.643813972380561095e-02,-5.799060811427361184e-01,-2.716814112616078858e-01,-1.525018720460148136e-01,8.660411748810334931e-01,-4.581786133302301334e-01,-6.954142229710178792e-03,1.665026332617522767e-02,0.000000000000000000e+00,0.000000000000000000e+00,-1.141849858011275920e+00,6.134563599658904298e-01,-3.941570223861696198e-01,3.914953404478897503e-01,0.000000000000000000e+00,0.000000000000000000e+00,0.000000000000000000e+00,-9.356480974665613015e-01,-6.434589863025740319e-01,2.103502514400191759e-01,3.543487130643137584e-01,0.000000000000000000e+00,0.000000000000000000e+00,0.000000000000000000e+00
2.622180384452708901e-02,4.294218990065044594e-01,8.509123186697226116e-01,1.319401387059283490e-03,1.880840348473377527e-02,7.165600574105931431e-01,6.972705265978651479e-01,-5.257922772842977821e-01,2.416210952182132887e-01,1.674078952338976523e-01,8.918891288543214779e-01,-4.130166147102946050e-01,5.727338479370228108e-02,-5.815052424622517702e-01,-2.720986797066032858e-01,-1.491137308904229575e-01,8.710462790326614080e-01,-4.624525129465570927e-01,-8.349410374765142348e-03,1.639622256304981013e-02,0.000000000000000000e+00,0.000000000000000000e+00,-1.140763708412833255e+00,6.189185127710601364e-01,-3.916950259925143785e-01,3.922489257608735014e-01,0.000000000000000000e+00,0.000000000000000000e+00,0.000000000000000000e+00,-9.381434460634865413e-01,-6.402143344320526674e-01,2.095184795942995615e-01,3.528997347349042690e-01,0.000000000000000000e+00,0.000000000000000000e+00,0.000000000000000000e+00
2.618716148644712263e-02,4.296282482053624951e-01,8.509521726934018426e-01,7.033548289738268677e-04,1.876925809811305287e-02,7.160765455061479656e-01,6.977690170954956583e-01,-5.274191954397998705e-01,2.424903959006441123e-01,1.662624519844518312e-01,8.930134915137646345e-01,-4.084213772518489050e-01,6.109444635974294047e-02,-5.821420769818860252e-01,-2.718074338852902172e-01,-1.506949329883405797e-01,8.699049320296360355e-01,-4.579375602207211848e-01,-6.894613374723979234e-03,1.712035782545402382e-02,0.000000000000000000e+00,0.000000000000000000e+00,-1.140082653093456688e+00,6.113111130805528592e-01,-3.856629525202312503e-01,3.898976601068370185e-01,0.000000000000000000e+00,0.000000000000000000e+00,0.000000000000000000e+00,-9.370723763630283143e-01,-6.393146787764589778e-01,2.148836816491570267e-01,3.516364389803709467e-01,0.000000000000000000e+00,0.000000000000000000e+00,0.000000000000000000e+00
2.616209373550721154e-02,4.296329996546209840e-01,8.508793527777505084e-01,1.037441275009454503e-03,1.882706870056919876e-02,7.166499153624016349e-01,6.971781436697573886e-01,-5.269689743377000690e-01,2.403888885485084281e-01,1.649086103862081876e-01,8.927619326076621231e-01,-4.134019706685884143e-01,6.099733159716128755e-02,-5.816435621533607714e-01,-2.731632013662536607e-01,-1.506362636919046094e-01,8.708298136866152728e-01,-4.590427495450152273e-01,-6.155809229541318178e-03,1.664536511250535450e-02,0.000000000000000000e+00,0.000000000000000000e+00,-1.140813568813011658e+00,6.172765709117821187e-01,-3.915678624511922390e-01,3.898257333519324352e-01,0.000000000000000000e+00,0.000000000000000000e+00,0.000000000000000000e+00,-9.388689686655650180e-01,-6.465482777129341052e-01,2.172086565302002725e-01,3.529235570806047440e-01,0.000000000000000000e+00,0.000000000000000000e+00,0.000000000000000000e+00
2.613280407122223897e-02,4.296919376636625376e-01,8.511926180496629524e-01,1.063949007697543789e-03,1.903997452423450074e-02,7.170310116304700054e-01,6.967803640623143613e-01,-5.259423592991387952e-01,2.406797604209479080e-01,1.670595748387880275e-01,8.904188969691939626e-01,-4.131753324937443295e-01,6.000056337420198171e-02,-5.810631335001340547e-01,-2.744932236470596920e-01,-1.516017898857436041e-01,8.697909727631285559e-01,-4.563172182788389764e-01,-5.230445816179200846e-03,1.545474088251113688e-02,0.000000000000000000e+00,0.000000000000000000e+00,-1.143376146668349858e+00,6.199714084890272092e-01,-3.941959072215373006e-01,3.928480846556327011e-01,0.000000000000000000e+00,0.000000000000000000e+00,0.000000000000000000e+00,-9.411807554162535672e-01,-6.461091875905928816e-01,2.135957048017836923e-01,3.556940627479209804e-01,0.000000000000000000e+00,0.000000000000000000e+00,0.000000000000000000e+00
2.602699143404262061e-02,4.295995369717970358e-01,8.512900321789561575e-01,8.379137102348405836e-04,1.869532233626645945e-02,7.170165528907461727e-01,6.968048835248144002e-01,-5.264162271787784508e-01,2.396744320200318856e-01,1.641228990108509200e-01,8.906076286832311784e-01,-4.133963574603822244e-01,6.162141259733799892e-02,-5.801460960411829459e-01,-2.739862159866663927e-01,-1.527699168866755997e-01,8.685587415071115425e-01,-4.557150336362110754e-01,-6.157558565372363985e-03,1.629708405952586675e-02,0.000000000000000000e+00,0.000000000000000000e+00,-1.142346969025326509e+00,6.121701758643571800e-01,-3.895593306038737658e-01,3.929972125121613535e-01,0.000000000000000000e+00,0.000000000000000000e+00,0.000000000000000000e+00,-9.405680597383018204e-01,-6.426430645853438151e-01,2.086442765201049210e-01,3.573509027145080896e-01,0.000000000000000000e+00,0.000000000000000000e+00,0.000000000000000000e+00
2.593526152715628155e-02,4.295897695758908452e-01,8.519347217091036706e-01,5.010811804674625974e-04,1.903671574340904532e-02,7.168003902409444406e-01,6.970183304058695795e-01,-5.253979381851933139e-01,2.393470476547065462e-01,1.645892409281115853e-01,8.864863349754456001e-01,-4.106105758166148645e-01,5.951186090205193985e-02,-5.790572399516960012e-01,-2.739303187543466467e-01,-1.536007869935931414e-01,8.641187055735912725e-01,-4.533253142069429975e-01,-4.646172216709521484e-03,1.706938116170074807e-02,0.000000000000000000e+00,0.000000000000000000e+00,-1.142417184158231347e+00,6.110331048211954386e-01,-3.895461492837830608e-01,3.927275403415926291e-01,0.000000000000000000e+00,0.000000000000000000e+00,0.000000000000000000e+00,-9.409640928344844557e-01,-6.427114417570132243e-01,2.082271059079762177e-01,3.553183935897407109e-01,0.000000000000000000e+00,0.000000000000000000e+00,0.000000000000000000e+00
2.584211234700070636e-02,4.296138245889786766e-01,8.522504506879740038e-01,-2.925674393224070996e-04,1.939813578265812619e-02,7.165529799984169390e-01,6.972628296330160014e-01,-5.263723443720063067e-01,2.397150905964148260e-01,1.645006896716875999e-01,8.845889620122912023e-01,-4.092924699575121172e-01,6.038988090851063473e-02,-5.796104134829227483e-01,-2.727409176140849212e-01,-1.537520225078087555e-01,8.612341946201985676e-01,-4.512003581619753456e-01,-5.209671564531507398e-03,1.711974472663713859e-02,0.000000000000000000e+00,0.000000000000000000e+00,-1.143205153602033342e+00,6.081714318769366745e-01,-3.876586087044192053e-01,3.917977982266953596e-01,0.000000000000000000e+00,0.000000000000000000e+00,0.000000000000000000e+00,-9.413881907288839113e-01,-6.456377092087723923e-01,2.128016012000880919e-01,3.528976100531373006e-01,0.000000000000000000e+00,0.000000000000000000e+00,0.000000000000000000e+00
2.570710605679069408e-02,4.294356582501560604e-01,8.521480447413182224e-01,-5.396425199817433266e-04,1.969925017337278289e-02,7.169085638566050633e-01,6.968886276856713913e-01,-5.271953507006702511e-01,2.403520454014491103e-01,1.664902345778103143e-01,8.848900052713936093e-01,-4.142438708792243740e-01,6.037978168099793208e-02,-5.806436406516981563e-01,-2.740639530817546854e-01,-1.545883671129674175e-01,8.617864283129709202e-01,-4.509201422233005130e-01,-3.892737092780844486e-03,1.547718630601484062e-02,0.000000000000000000e+00,0.000000000000000000e+00,-1.146026519482549855e+00,6.167320072468035486e-01,-3.929934234236592272e-01,3.923620260619376521e-01,0.000000000000000000e+00,0.000000000000000000e+00,0.000000000000000000e+00,-9.438645758159421861e-01,-6.511536437791973775e-01,2.120993317443531645e-01,3.530753016878312445e-01,0.000000000000000000e+00,0.000000000000000000e+00,0.000000000000000000e+00
2.568608625224754957e-02,4.292218334738520102e-01,8.514713850012822771e-01,-3.114646030963792722e-04,1.929973548977224201e-02,7.167956722231892952e-01,6.970160597015919723e-01,-5.289586043843117480e-01,2.410084356175421494e-01,1.655488967424312285e-01,8.890026866439200148e-01,-4.125461433454402083e-01,6.160471558317950208e-02,-5.825789434703715353e-01,-2.745792070284548969e-01,-1.545345410123708796e-01,8.661311332097946236e-01,-4.484544324987719821e-01,-5.267542985286288379e-03,1.450874641169173918e-02,0.000000000000000000e+00,0.000000000000000000e+00,-1.147163485125075599e+00,6.144347165561987456e-01,-3.928235621431695468e-01,3.939447524541194734e-01,0.000000000000000000e+00,0.000000000000000000e+00,0.000000000000000000e+00,-9.453335837744574199e-01,-6.483147824109303237e-01,2.150984217673458931e-01,3.536879616816004379e-01,0.000000000000000000e+00,0.000000000000000000e+00,0.000000000000000000e+00
2.565950491599851974e-02,4.290414151194781311e-01,8.512946495207612818e-01,-8.083812485413094384e-04,1.962690719799526154e-02,7.166202887882603401e-01,6.971868420521356580e-01,-5.314087811134937667e-01,2.400245528279584539e-01,1.634027438486091166e-01,8.905855485732376842e-01,-4.137982681767051196e-01,6.384096718111299806e-02,-5.843561997090316318e-01,-2.738640874761569810e-01,-1.538762376447014302e-01,8.664637582623274659e-01,-4.494883956463041619e-01,-5.804899218480963005e-03,1.633873221445603444e-02,0.000000000000000000e+00,0.000000000000000000e+00,-1.146110028419153881e+00,6.113227220957401231e-01,-3.922557474189324322e-01,3.910324863525970196e-01,0.000000000000000000e+00,0.000000000000000000e+00,0.000000000000000000e+00,-9.446495616295804698e-01,-6.484907407971580717e-01,2.149071460937957978e-01,3.518161347728265831e-01,0.000000000000000000e+00,0.000000000000000000e+00,0.000000000000000000e+00
2.564308846245198781e-02,4.287293068491511705e-01,8.507335817421288748e-01,-6.976717384252865972e-04,1.930949523697786385e-02,7.164425030619823165e-01,6.973785173448641128e-01,-5.328539234664715352e-01,2.412525887152029147e-01,1.634012478723174400e-01,8.940681740906922803e-01,-4.142952489607109601e-01,6.297308447273378129e-02,-5.857354020961210717e-01,-2.744991787562810481e-01,-1.547483945063622690e-01,8.696775267883964933e-01,-4.501640502603787564e-01,-6.731823446642032013e-03,1.576739174447946631e-02,0.000000000000000000e+00,0.000000000000000000e+00,-1.144681303061320099e+00,6.066489276810509423e-01,-3.874704013773113687e-01,3.918080461061667630e-01,0.000000000000000000e+00,0.000000000000000000e+00,0.000000000000000000e+00,-9.466136229330975871e-01,-6.434005621408889208e-01,2.100747119634335247e-01,3.538509783260476715e-01,0.000000000000000000e+00,0.000000000000000000e+00,0.000000000000000000e+00
2.576701186698189538e-02,4.284657549383321107e-01,8.501408056164874161e-01,-4.658631302433685617e-05,1.896353177148720273e-02,7.161783624061505149e-01,6.976596129300541849e-01,-5.335107775998015889e-01,2.408155857721998583e-01,1.620842218656625700e-01,8.975053324667175980e-01,-4.134485909252330615e-01,6.391699249456571363e-02,-5.869329029071090886e-01,-2.741560475684856613e-01,-1.528439989976952129e-01,8.734694992324005813e-01,-4.510281677373353393e-01,-9.568340971409204643e-03,1.592211043798572034e-02,0.000000000000000000e+00,0.000000000000000000e+00,-1.143650338735952898e+00,6.080908545877106164e-01,-3.865140756939972055e-01,3.924060489359385562e-01,0.000000000000000000e+00,0.000000000000000000e+00,0.000000000000000000e+00,-9.482326141377898088e-01,-6.423559231895962229e-01,2.102954821132864138e-01,3.549821645461804231e-01,0.000000000000000000e+00,0.000000000000000000e+00,0.000000000000000000e+00
2.597115076370883069e-02,4.282873069322871706e-01,8.498093742558873176e-01,-7.843629218244781154e-05,1.922559268223256179e-02,7.162773069688264105e-01,6.975508511608685680e-01,-5.348831361925298067e-01,2.410214883063133140e-01,1.621684806140479551e-01,8.987408539133916463e-01,-4.145239017749041688e-01,6.269226004431507904e-02,-5.885238932829259806e-01,-2.752439210912745460e-01,-1.538528257732854065e-01,8.757924462537731713e-01,-4.529856515595011568e-01,-1.168111796621154608e-02,1.636392192779430668e-02,0.000000000000000000e+00,0.000000000000000000e+00,-1.144430128136193714e+00,6.089260088058069398e-01,-3.875161517186579418e-01,3.928700757444885117e-01,0.000000000000000000e+00,0.000000000000000000e+00,0.000000000000000000e+00,-9.508370215241848111e-01,-6.427940206808191448e-01,2.108986810702111747e-01,3.543392115432034140e-01,0.000000000000000000e+00,0.000000000000000000e+00,0.000000000000000000e+00
2.621568646121558502e-02,4.280855831936985489e-01,8.500776598244410565e-01,-3.487427897472146487e-04,2.004921166642068681e-02,7.163945156059344788e-01,6.974072020704704666e-01,-5.357381301361739956e-01,2.391313851388758849e-01,1.613661383646655123e-01,8.965568215280491637e-01,-4.159317669121522787e-01,6.247372977947383138e-02,-5.892798069397061633e-01,-2.754662447062968811e-01,-1.533698185895958632e-01,8.740071036376081404e-01,-4.547624684984137300e-01,-9.235684294211636905e-03,1.825985638836617742e-02,0.000000000000000000e+00,0.000000000000000000e+00,-1.142897064942844931e+00,6.081034865686285595e-01,-3.886139147869798194e-01,3.927072813548838082e-01,0.000000000000000000e+00,0.000000000000000000e+00,0.000000000000000000e+00,-9.516700083304823199e-01,-6.434893971725993422e-01,2.099219085439924248e-01,3.536986102770395268e-01,0.000000000000000000e+00,0.000000000000000000e+00,0.000000000000000000e+00
2.643286471545380420e-02,4.277576945357526306e-01,8.495002373994301470e-01,-1.050738372494579298e-04,1.976087405280880713e-02,7.160843358628845579e-01,6.977339899617697183e-01,-5.368267063696345875e-01,2.409319221728095650e-01,1.619875241717740610e-01,8.996234223591108581e-01,-4.152181334422486159e-01,6.187823552620809464e-02,-5.905767075610676153e-01,-2.744054582914388640e-01,-1.518028291638348626e-01,8.765998117454438798e-01,-4.564145291281520023e-01,-9.907762028638682217e-03,1.764809867527905932e-02,0.000000000000000000e+00,0.000000000000000000e+00,-1.143329446337187250e+00,6.116359378832459948e-01,-3.906902075665790175e-01,3.934303594621015865e-01,0.000000000000000000e+00,0.000000000000000000e+00,0.000000000000000000e+00,-9.525163193229708725e-01,-6.465083551804152728e-01,2.183955484292811056e-01,3.525741546993202968e-01,0.000000000000000000e+00,0.000000000000000000e+00,0.000000000000000000e+00
2.666130538200093061e-02,4.273652008720948414e-01,8.488711318733356270e-01,4.211801409378778532e-04,1.954098920473900172e-02,7.154014608478697079e-01,6.984402065781470936e-01,-5.376660537451185551e-01,2.421161459619452505e-01,1.628351638028946724e-01,9.032283939224355906e-01,-4.143220343761357949e-01,6.544374749037248917e-02,-5.927665383999781712e-01,-2.738166434822040252e-01,-1.499246814283043960e-01,8.803380585041604700e-01,-4.554293995024537023e-01,-1.092752513081110197e-02,1.800682731347706678e-02,0.000000000000000000e+00,0.000000000000000000e+00,-1.141869004569991519e+00,6.098874822041997490e-01,-3.867116470748405144e-01,3.934562816118272743e-01,0.000000000000000000e+00,0.000000000000000000e+00,0.000000000000000000e+00,-9.540827234453159722e-01,-6.428978588904071811e-01,2.212153563658054156e-01,3.533034052301718964e-01,0.000000000000000000e+00,0.000000000000000000e+00,0.000000000000000000e+00
2.685317588143542808e-02,4.268849570894696077e-01,8.483922670745778216e-01,4.860348606247864856e-04,1.982353825501643671e-02,7.153971875997666707e-01,6.984365791362251441e-01,-5.398782059916622522e-01,2.412648611406696952e-01,1.613377188893348746e-01,9.051946087388065276e-01,-4.142706775199582192e-01,6.454309752595592531e-02,-5.948048427837439034e-01,-2.746794353115253884e-01,-1.501153916964061419e-01,8.827663719058868042e-01,-4.582784182569252796e-01,-1.170615696861830590e-02,1.840126430351416223e-02,0.000000000000000000e+00,0.000000000000000000e+00,-1.140191269234201332e+00,6.105155120701742932e-01,-3.869875447462893803e-01,3.901056566337917642e-01,0.000000000000000000e+00,0.000000000000000000e+00,0.000000000000000000e+00,-9.554936550038006793e-01,-6.427487122943160713e-01,2.220376244030907720e-01,3.528393131860672605e-01,0.000000000000000000e+00,0.000000000000000000e+00,0.000000000000000000e+00
2.701963927626388137e-02,4.264137674027448921e-01,8.486065377677914912e-01,2.564067085665117096e-04,2.015532126800596846e-02,7.154530593680876738e-01,6.983699715201296954e-01,-5.403835375985537315e-01,2.411911406641603361e-01,1.617927703377753934e-01,9.033623141367583820e-01,-4.148642777866070053e-01,6.411018934178963624e-02,-5.953937609726379643e-01,-2.751033439065982411e-01,-1.511638069638696069e-01,8.813673980994174428e-01,-4.571844957245078667e-01,-1.128234110292255545e-02,1.851463234508220895e-02,0.000000000000000000e+00,0.000000000000000000e+00,-1.138351618713107527e+00,6.087883499597794845e-01,-3.853332626396808180e-01,3.882060427265847657e-01,0.000000000000000000e+00,0.000000000000000000e+00,0.000000000000000000e+00,-9.553000260536332888e-01,-6.403452828266700259e-01,2.213407371948980240e-01,3.534957499891588917e-01,0.000000000000000000e+00,0.000000000000000000e+00,0.000000000000000000e+00
2.712114292088062262e-02,4.259589812144888299e-01,8.486910321282149505e-01,1.029673106330373372e-04,2.019038867163374870e-02,7.152590268000552642e-01,6.985677219740823451e-01,-5.414925900723368546e-01,2.403893647050562299e-01,1.595772246745290890e-01,9.024926800798912518e-01,-4.102201185061501998e-01,6.333410631189129170e-02,-5.953818125302403619e-01,-2.751558776103203985e-01,-1.523901356753000480e-01,8.793124237822812495e-01,-4.563689823502110054e-01,-1.158392962400426121e-02,2.036748622959725155e-02,0.000000000000000000e+00,0.000000000000000000e+00,-1.135550658770980936e+00,6.044175923450129106e-01,-3.849015345511380692e-01,3.831828572834244384e-01,0.000000000000000000e+00,0.000000000000000000e+00,0.000000000000000000e+00,-9.531240249824681765e-01,-6.393672932824312483e-01,2.237289674014567298e-01,3.515800749947173842e-01,0.000000000000000000e+00,0.000000000000000000e+00,0.000000000000000000e+00
2.717783704159823857e-02,4.255198088320563676e-01,8.489918389435655577e-01,8.170909071180711136e-05,2.038094260935264385e-02,7.152577713335334098e-01,6.985634767499407927e-01,-5.411231988471957299e-01,2.400945346774231992e-01,1.603133609637412138e-01,9.000696774295270375e-01,-4.098040677215337713e-01,6.377874705258818055e-02,-5.953376783178589982e-01,-2.762889548572873277e-01,-1.542556364211352948e-01,8.777476738237240950e-01,-4.537797336837751105e-01,-1.198834913310039760e-02,2.083674496857451652e-02,0.000000000000000000e+00,0.000000000000000000e+00,-1.134367261144002326e+00,6.052955553799332922e-01,-3.835646634338890637e-01,3.826700691104287233e-01,0.000000000000000000e+00,0.000000000000000000e+00,0.000000000000000000e+00,-9.524843144609050904e-01,-6.376694136675146174e-01,2.178573211682137134e-01,3.520529094065889542e-01,0.000000000000000000e+00,0.000000000000000000e+00,0.000000000000000000e+00
2.708332608518719195e-02,4.250878581289703750e-01,8.492292086199316747e-01,2.495189854395465923e-04,1.946373737538577980e-02,7.147903869024877510e-01,6.990678103442107272e-01,-5.393349503930217059e-01,2.427888001518434258e-01,1.622031081475947545e-01,8.991395552728190799e-01,-4.079565680287920992e-01,6.580816912424361509e-02,-5.941686633216564095e-01,-2.745344417185049957e-01,-1.538354751148394151e-01,8.755769758030869099e-01,-4.447107134679794682e-01,-1.062078879044974812e-02,1.839745225236305917e-02,0.000000000000000000e+00,0.000000000000000000e+00,-1.134434480457065186e+00,6.094603140399079688e-01,-3.848542777440696616e-01,3.836565114577347724e-01,0.000000000000000000e+00,0.000000000000000000e+00,0.000000000000000000e+00,-9.502768729259378766e-01,-6.360825299297969693e-01,2.214884943644348791e-01,3.537375602551423026e-01,0.000000000000000000e+00,0.000000000000000000e+00,0.000000000000000000e+00
2.701457351600698373e-02,4.247430365147575326e-01,8.490778086386778778e-01,4.060350910807530855e-07,1.930870196385471929e-02,7.143190485806211187e-01,6.995537655271265587e-01,-5.399757540772609499e-01,2.433556016725214044e-01,1.612824325524174762e-01,8.999970503817862344e-01,-4.103181943730946912e-01,6.316874250454428130e-02,-5.942490517558972618e-01,-2.742513994659500076e-01,-1.550556175386096913e-01,8.751018446249685390e-01,-4.472907801256474913e-01,-8.146141798336409973e-03,1.822008355968467164e-02,0.000000000000000000e+00,0.000000000000000000e+00,-1.136674541585280584e+00,6.148206824784250291e-01,-3.872347559172083509e-01,3.850104361362943761e-01,0.000000000000000000e+00,0.000000000000000000e+00,0.000000000000000000e+00,-9.522666971001315650e-01,-6.391977843671658999e-01,2.240047854445478825e-01,3.543569639804883264e-01,0.000000000000000000e+00,0.000000000000000000e+00,0.000000000000000000e+00
2.694927863407594118e-02,4.245967495611617792e-01,8.491458352533006737e-01,-1.430458421657204715e-04,1.975833069016579013e-02,7.135195947631584046e-01,7.003566061623484051e-01,-5.402517788489465955e-01,2.439199959417264751e-01,1.629837989058394443e-01,8.996169267954795545e-01,-4.096338345901794908e-01,6.467065639360815299e-02,-5.956658368221985356e-01,-2.733767407833943008e-01,-1.533544023223607777e-01,8.741670333856251807e-01,-4.464650703730127512e-01,-6.976135000857025883e-03,1.814730448778394470e-02,0.000000000000000000e+00,0.000000000000000000e+00,-1.137313880639872377e+00,6.176210069759271448e-01,-3.888182090418658143e-01,3.858979508403947989e-01,0.000000000000000000e+00,0.000000000000000000e+00,0.000000000000000000e+00,-9.555767981394587274e-01,-6.409814594312082114e-01,2.310308331692763617e-01,3.556066190056308973e-01,0.000000000000000000e+00,0.000000000000000000e+00,0.000000000000000000e+00
2.690922296019636686e-02,4.243971120727709767e-01,8.491433234613323666e-01,-3.337884876922891236e-04,2.015698589950291886e-02,7.134887834092940029e-01,7.003765704632174405e-01,-5.412564181806459596e-01,2.434258858266286629e-01,1.630261745420015784e-01,8.991814144153457145e-01,-4.091463114710033322e-01,6.419368530797832373e-02,-5.968038505262891480e-01,-2.734711026043508686e-01,-1.528660599646738116e-01,8.737914544225796609e-01,-4.460895253785715497e-01,-8.314960017826871636e-03,1.854294409652486667e-02,0.000000000000000000e+00,0.000000000000000000e+00,-1.134422960637355260e+00,6.107394898609184164e-01,-3.839176830436235588e-01,3.841132019587544244e-01,0.000000000000000000e+00,0.000000000000000000e+00,0.000000000000000000e+00,-9.571821357323118118e-01,-6.363540710580172233e-01,2.286191741562874358e-01,3.565091151275421311e-01,0.000000000000000000e+00,0.000000000000000000e+00,0.000000000000000000e+00
2.693140169226007630e-02,4.243249935674823781e-01,8.491504312905820973e-01,-7.598658740290958197e-04,2.045539390988015613e-02,7.132756028639435364e-01,7.005846942539663003e-01,-5.427308011488662931e-01,2.427315892387253149e-01,1.614039408877744053e-01,8.992622187089833741e-01,-4.082218909185091338e-01,6.462211925194001616e-02,-5.977354915630009868e-01,-2.730790411563336906e-01,-1.532445536802380104e-01,8.733478533603811211e-01,-4.470710696192133349e-01,-1.030274056196484392e-02,1.977064590245642892e-02,0.000000000000000000e+00,0.000000000000000000e+00,-1.133326403691006679e+00,6.090953706271972079e-01,-3.801857664462761077e-01,3.812871690190575147e-01,0.000000000000000000e+00,0.000000000000000000e+00,0.000000000000000000e+00,-9.559442450505704070e-01,-6.382568869716512827e-01,2.316432449815272465e-01,3.547815243144962771e-01,0.000000000000000000e+00,0.000000000000000000e+00,0.000000000000000000e+00
2.696423215867557385e-02,4.242905856090471994e-01,8.484019778782402321e-01,-3.254045510892450421e-04,1.993372479175739564e-02,7.131830548145028370e-01,7.006942778796318994e-01,-5.438418871339540939e-01,2.443574069863169163e-01,1.620795740504045734e-01,9.038728074607428331e-01,-4.061789959536369343e-01,6.708494042265032709e-02,-5.987613582192415906e-01,-2.751830602506943335e-01,-1.551484997383703601e-01,8.778502316168305120e-01,-4.451664702863138978e-01,-9.657954435229735776e-03,2.087363387078970678e-02,0.000000000000000000e+00,0.000000000000000000e+00,-1.133797765957912151e+00,6.094855612513961907e-01,-3.807205290545854215e-01,3.805859833577322493e-01,0.000000000000000000e+00,0.000000000000000000e+00,0.000000000000000000e+00,-9.556784311441507418e-01,-6.425849741691725958e-01,2.352946575330069068e-01,3.562073185650764806e-01,0.000000000000000000e+00,0.000000000000000000e+00,0.000000000000000000e+00
2.702715072388694670e-02,4.243876131473779956e-01,8.482815819095004262e-01,-7.183798168061868161e-04,2.055173090681791659e-02,7.133526539536353406e-01,7.005034627926388646e-01,-5.457753709091441863e-01,2.423595216841217537e-01,1.594289346059129531e-01,9.043075343879868333e-01,-4.079053601674400564e-01,6.439830675979270336e-02,-5.999591390296322713e-01,-2.757163075342123904e-01,-1.556201529959719276e-01,8.786317068931714935e-01,-4.504438630243162711e-01,-1.239882502007644272e-02,2.316581163972509030e-02,0.000000000000000000e+00,0.000000000000000000e+00,-1.132557482061842480e+00,6.057329351250269056e-01,-3.780056270299020915e-01,3.781059873351557687e-01,0.000000000000000000e+00,0.000000000000000000e+00,0.000000000000000000e+00,-9.568083156470695849e-01,-6.456799316643856423e-01,2.336186039133507919e-01,3.536571604201808050e-01,0.000000000000000000e+00,0.000000000000000000e+00,0.000000000000000000e+00
2.709938626095235656e-02,4.245297642525583948e-01,8.483740068372984666e-01,-2.109545263978586382e-04,2.024021843565788903e-02,7.138983045247782044e-01,6.999567842749381263e-01,-5.441509090324936349e-01,2.416622347397358317e-01,1.592861095729950771e-01,9.035686322129259374e-01,-4.092707137453273081e-01,6.354533921080286751e-02,-5.985368755894379111e-01,-2.759220870085815069e-01,-1.545991810947068279e-01,8.791347738444446058e-01,-4.490719316816976225e-01,-1.194604393453366914e-02,2.169907313405891602e-02,0.000000000000000000e+00,0.000000000000000000e+00,-1.131131437610586321e+00,6.075820343083956354e-01,-3.797371481110098368e-01,3.790071677729648369e-01,0.000000000000000000e+00,0.000000000000000000e+00,0.000000000000000000e+00,-9.563689844700636877e-01,-6.453988638809188272e-01,2.311503125218397348e-01,3.553156576166918157e-01,0.000000000000000000e+00,0.000000000000000000e+00,0.000000000000000000e+00
2.721154220562825576e-02,4.247654709707424647e-01,8.480170644133490088e-01,6.841214310064798465e-05,2.025002711369925171e-02,7.138310951479726052e-01,7.000250704949930736e-01,-5.441037319560034780e-01,2.421933147005045639e-01,1.601166049444841533e-01,9.052579615025867499e-01,-4.098005925314661124e-01,6.377563814610459625e-02,-5.994129226194478965e-01,-2.765933033836961985e-01,-1.541896303017734338e-01,8.819243050711375043e-01,-4.487273585263987230e-01,-1.288991037903770842e-02,2.134869472934332324e-02,0.000000000000000000e+00,0.000000000000000000e+00,-1.131580607758320145e+00,6.094878548112958594e-01,-3.817460847297924342e-01,3.792707682207033804e-01,0.000000000000000000e+00,0.000000000000000000e+00,0.000000000000000000e+00,-9.576828123855632979e-01,-6.425147442834977518e-01,2.281204548193056236e-01,3.555453025859188765e-01,0.000000000000000000e+00,0.000000000000000000e+00,0.000000000000000000e+00
2.734472157207839399e-02,4.251250644843412307e-01,8.485601267301871031e-01,-3.038903927159719576e-04,2.054618289622866731e-02,7.143841341999790373e-01,6.994519789251950614e-01,-5.432485251977881013e-01,2.421031291989055867e-01,1.606924192521131389e-01,9.020034434372555809e-01,-4.104061949393993380e-01,6.266427224625606418e-02,-5.977271857164091484e-01,-2.773174698273590533e-01,-1.559547811355025126e-01,8.788160867140408783e-01,-4.478919016858263769e-01,-1.103338845932810841e-02,2.046156652563849848e-02,0.000000000000000000e+00,0.000000000000000000e+00,-1.132946144991860749e+00,6.125649028209302349e-01,-3.860479909600971760e-01,3.792420739304211974e-01,0.000000000000000000e+00,0.000000000000000000e+00,0.000000000000000000e+00,-9.577859425572652352e-01,-6.443061134614530561e-01,2.307181206599974166e-01,3.545503655919640673e-01,0.000000000000000000e+00,0.000000000000000000e+00,0.000000000000000000e+00
2.745340979465665798e-02,4.253392358828393949e-01,8.477551589939487098e-01,1.911621364780492771e-04,2.029031541151389562e-02,7.142512078722927926e-01,6.995952248339828428e-01,-5.436261092392428163e-01,2.432840268668115535e-01,1.617735146286616854e-01,9.068396735308902334e-01,-4.156071793030111650e-01,6.429698197185812480e-02,-5.986945969970033365e-01,-2.782023781297963683e-01,-1.556400065245103770e-01,8.840381760673327038e-01,-4.524905084780569409e-01,-1.087005315091642277e-02,1.971985715305999559e-02,0.000000000000000000e+00,0.000000000000000000e+00,-1.137042362918569083e+00,6.210025153828591105e-01,-3.897511425047104350e-01,3.831712706648096600e-01,0.000000000000000000e+00,0.000000000000000000e+00,0.000000000000000000e+00,-9.611296041497813247e-01,-6.498334959276474976e-01,2.346753890688308419e-01,3.567491325586205075e-01,0.000000000000000000e+00,0.000000000000000000e+00,0.000000000000000000e+00
2.754858719464308228e-02,4.256216437098849781e-01,8.477117066919828137e-01,-1.726166182308089964e-04,2.022757416204720368e-02,7.142218812296152741e-01,6.996269862003985374e-01,-5.447508018143141229e-01,2.430413904968234118e-01,1.596267968954577510e-01,9.079829506514039972e-01,-4.152566831115142021e-01,6.605998754832367870e-02,-5.989590898340531044e-01,-2.767177975978751259e-01,-1.546575704597982215e-01,8.840529029882202572e-01,-4.520040586036337960e-01,-1.089934671298826638e-02,2.154024228163356480e-02,0.000000000000000000e+00,0.000000000000000000e+00,-1.136632480488935615e+00,6.106792556007384354e-01,-3.838775276134883119e-01,3.827362779299589568e-01,0.000000000000000000e+00,0.000000000000000000e+00,0.000000000000000000e+00,-9.608748714404174995e-01,-6.486822279770976252e-01,2.366513406273511311e-01,3.561573384650443819e-01,0.000000000000000000e+00,0.000000000000000000e+00,0.000000000000000000e+00
2.773457683652039152e-02,4.257237749481572187e-01,8.473450276482461518e-01,4.295658465269004689e-04,2.086252542332067694e-02,7.146246022946329823e-01,6.991968594762019151e-01,-5.453719246109928198e-01,2.394863422274637887e-01,1.574310466111360218e-01,9.087388606592915474e-01,-4.164513287776168138e-01,6.401280175836179809e-02,-5.996913971907320562e-01,-2.795940914231385133e-01,-1.551094059423565319e-01,8.873111242911358998e-01,-4.593618136295420928e-01,-1.329687063323153721e-02,2.388140197492695169e-02,0.000000000000000000e+00,0.000000000000000000e+00,-1.134684383280753828e+00,6.067236583641126835e-01,-3.834134781639698675e-01,3.826072167258356416e-01,0.000000000000000000e+00,0.000000000000000000e+00,0.000000000000000000e+00,-9.629262424276369137e-01,-6.451164722200080082e-01,2.290791523796439355e-01,3.558511353109127251e-01,0.000000000000000000e+00,0.000000000000000000e+00,0.000000000000000000e+00
2.779777812678077553e-02,4.258118187851966940e-01,8.473010835052554590e-01,6.976019347999257852e-04,2.059162532535097068e-02,7.150015164121384936e-01,6.988192397511279186e-01,-5.446948256898153096e-01,2.397233476875397229e-01,1.575351012058165967e-01,9.088829113990374298e-01,-4.166010167882445714e-01,6.166798107617544461e-02,-5.989707293010124722e-01,-2.800589521431667839e-01,-1.552571914545068377e-01,8.884249716067535996e-01,-4.589385068735764572e-01,-1.314839877933777525e-02,2.181817432143291768e-02,0.000000000000000000e+00,0.000000000000000000e+00,-1.137495006923795460e+00,6.150594638169828432e-01,-3.908866786714552677e-01,3.867200579006550565e-01,0.000000000000000000e+00,0.000000000000000000e+00,0.000000000000000000e+00,-9.642375084789821527e-01,-6.492684717546362005e-01,2.298042930833925079e-01,3.584519086397012222e-01,0.000000000000000000e+00,0.000000000000000000e+00,0.000000000000000000e+00
2.786952486609129906e-02,4.258402168412441235e-01,8.472158781371690317e-01,3.645418511112191728e-04,2.039008769753636319e-02,7.148542027745403704e-01,6.989760941609542977e-01,-5.453183912048686910e-01,2.421676457982537278e-01,1.591968615002299636e-01,9.101029498463643064e-01,-4.168015853561099493e-01,6.397885512527737295e-02,-5.991246483997962891e-01,-2.801552817049747235e-01,-1.569768903936399063e-01,8.883065436972883422e-01,-4.566780713579302042e-01,-1.150080889089565017e-02,2.264960927357904247e-02,0.000000000000000000e+00,0.000000000000000000e+00,-1.136721161778161626e+00,6.034837122508904805e-01,-3.822548529393796635e-01,3.864274853380336716e-01,0.000000000000000000e+00,0.000000000000000000e+00,0.000000000000000000e+00,-9.638748369485654610e-01,-6.435537703683691380e-01,2.272866143855919729e-01,3.589868052952028266e-01,0.000000000000000000e+00,0.000000000000000000e+00,0.000000000000000000e+00
2.795629197778061112e-02,4.258453928611997119e-01,8.476625714279495405e-01,4.264234864813903209e-04,2.070406504882951054e-02,7.147598449024404887e-01,6.990633189980035578e-01,-5.440255895964858368e-01,2.410923406086669385e-01,1.593427601862613674e-01,9.071030158173365443e-01,-4.168487501931147921e-01,6.366918978937290141e-02,-5.987174080440985646e-01,-2.791281039841191358e-01,-1.551527319761708268e-01,8.862266788027892694e-01,-4.552751333329552730e-01,-1.168002021945482860e-02,2.212147981214217587e-02,0.000000000000000000e+00,0.000000000000000000e+00,-1.135631281352419197e+00,6.045943196073575443e-01,-3.825782258800329294e-01,3.875425450806351257e-01,0.000000000000000000e+00,0.000000000000000000e+00,0.000000000000000000e+00,-9.639732758874701712e-01,-6.410702624699239349e-01,2.237064166398304021e-01,3.599148333684799583e-01,0.000000000000000000e+00,0.000000000000000000e+00,0.000000000000000000e+00
2.816535284877559261e-02,4.257187587508612925e-01,8.477429536281119171e-01,4.613851790596350949e-04,2.116155572162852980e-02,7.155317975289239296e-01,6.982594234295627089e-01,-5.451884890191610600e-01,2.391313083707855558e-01,1.576735622574845785e-01,9.053919870581834672e-01,-4.107985101147629270e-01,6.080087432744609582e-02,-5.988020793821430265e-01,-2.807827121602770037e-01,-1.561871271874994138e-01,8.857736730655116908e-01,-4.556933019168535881e-01,-1.440509770635236067e-02,2.276232199923852728e-02,0.000000000000000000e+00,0.000000000000000000e+00,-1.134501326101935659e+00,5.991065400316247791e-01,-3.793061502157983877e-01,3.870669387040249765e-01,0.000000000000000000e+00,0.000000000000000000e+00,0.000000000000000000e+00,-9.620369687623454569e-01,-6.388660937889953928e-01,2.172997983701263069e-01,3.571253862070594143e-01,0.000000000000000000e+00,0.000000000000000000e+00,0.000000000000000000e+00
2.824722244324491191e-02,4.256169307747773023e-01,8.488179096709936866e-01,7.172590228093737863e-05,2.115160049047629803e-02,7.155371794924811901e-01,6.982543586802968383e-01,-5.429377689676161411e-01,2.400662121896981194e-01,1.591875698980468601e-01,8.989606560025834581e-01,-4.061172099652488043e-01,6.078745448499500714e-02,-5.961067970518085790e-01,-2.806488489971132871e-01,-1.587912087595064470e-01,8.788702152596024053e-01,-4.483593169606658879e-01,-1.215728670960613059e-02,2.247767035145222664e-02,0.000000000000000000e+00,0.000000000000000000e+00,-1.131661462693673625e+00,5.946031772837174767e-01,-3.757061134196905128e-01,3.849092111560724061e-01,0.000000000000000000e+00,0.000000000000000000e+00,0.000000000000000000e+00,-9.571859693202054986e-01,-6.383118968210043098e-01,2.194868456258513567e-01,3.554101576127235984e-01,0.000000000000000000e+00,0.000000000000000000e+00,0.000000000000000000e+00
2.831022306199119237e-02,4.255138396444034798e-01,8.491366663784722935e-01,-3.670373842917448726e-06,2.117171639653947501e-02,7.157322940500726594e-01,6.980537527047430135e-01,-5.423020402213855062e-01,2.395160595365484202e-01,1.586181634171849875e-01,8.966788359956748833e-01,-4.056059204855136380e-01,5.954150583430593141e-02,-5.948582491475103984e-01,-2.808173520821310443e-01,-1.597856097375368323e-01,8.764907498596814506e-01,-4.475393343591215767e-01,-1.122540591530994149e-02,2.220150983114080670e-02,0.000000000000000000e+00,0.000000000000000000e+00,-1.130317439733584450e+00,5.934095690232430442e-01,-3.749567637457655311e-01,3.825316879939618109e-01,0.000000000000000000e+00,0.000000000000000000e+00,0.000000000000000000e+00,-9.557156890707244612e-01,-6.383133252569899163e-01,2.183445383173651111e-01,3.542055346717896125e-01,0.000000000000000000e+00,0.000000000000000000e+00,0.000000000000000000e+00
2.841444741127118964e-02,4.254051439503777066e-01,8.490966915852714569e-01,2.495659008918925392e-04,2.148007084816683579e-02,7.160443637182073440e-01,6.977241671754015329e-01,-5.425967335924222201e-01,2.376302600657416164e-01,1.572923646395528452e-01,8.958266213355630114e-01,-4.040552377399482253e-01,5.790173585994539546e-02,-5.947742829059954328e-01,-2.815710929181431399e-01,-1.592909999210127825e-01,8.763774038847653713e-01,-4.499772715525207634e-01,-1.241097571605792246e-02,2.242112019541547818e-02,0.000000000000000000e+00,0.000000000000000000e+00,-1.130772189739853717e+00,5.948615632764695516e-01,-3.746944570325608792e-01,3.806461639750878811e-01,0.000000000000000000e+00,0.000000000000000000e+00,0.000000000000000000e+00,-9.542665892481742018e-01,-6.385137509775418163e-01,2.177924835746132270e-01,3.506675751171151045e-01,0.000000000000000000e+00,0.000000000000000000e+00,0.000000000000000000e+00
2.838078137497434747e-02,4.252827419406509657e-01,8.490975713479274045e-01,5.805959821449102609e-05,2.141549838505000733e-02,7.164656446156207892e-01,6.972935917843550158e-01,-5.431925970316171526e-01,2.375985026214835205e-01,1.571939204581545846e-01,8.960495117227025297e-01,-4.071513493530582450e-01,6.018668646261304128e-02,-5.948365285661465496e-01,-2.829519379621316388e-01,-1.614662882536561372e-01,8.765698186210284515e-01,-4.475084893970741051e-01,-1.218275520303135039e-02,2.106222414228769296e-02,0.000000000000000000e+00,0.000000000000000000e+00,-1.132190708349449348e+00,5.945570819196428491e-01,-3.763974450380340731e-01,3.802494454086655096e-01,0.000000000000000000e+00,0.000000000000000000e+00,0.000000000000000000e+00,-9.514513693346309253e-01,-6.384489456127859786e-01,2.193105717373998453e-01,3.482315880349126092e-01,0.000000000000000000e+00,0.000000000000000000e+00,0.000000000000000000e+00
2.825456448894766645e-02,4.251490245126274270e-01,8.489093349343362904e-01,5.286555500440444366e-04,2.064291058241421450e-02,7.160405977224015839e-01,6.977531463055846039e-01,-5.419304260339365964e-01,2.391347754428511108e-01,1.579084213674634141e-01,8.975555698405847105e-01,-4.066604160052261219e-01,5.925606065064870087e-02,-5.937729181755256880e-01,-2.820745128784141742e-01,-1.608798940649363851e-01,8.771750290879667400e-01,-4.470649521280588568e-01,-1.323911081626736978e-02,2.183807341408588315e-02,0.000000000000000000e+00,0.000000000000000000e+00,-1.130143300637848069e+00,5.899623130588653730e-01,-3.733198382526959902e-01,3.795536759185734188e-01,0.000000000000000000e+00,0.000000000000000000e+00,0.000000000000000000e+00,-9.498192395938294119e-01,-6.395010190534383687e-01,2.243370733900477143e-01,3.490178965916813647e-01,0.000000000000000000e+00,0.000000000000000000e+00,0.000000000000000000e+00
2.803565706264103327e-02,4.251765042397330774e-01,8.489035052485311983e-01,-2.895023004188639060e-05,2.074371368167968535e-02,7.165438081436477091e-01,6.972335824639952495e-01,-5.436029459507392136e-01,2.370204619281510994e-01,1.545126893721688877e-01,8.982190856749435737e-01,-4.112195053503174824e-01,6.049003414679213209e-02,-5.937913375872039268e-01,-2.821466367405570108e-01,-1.617251243007391259e-01,8.770622575033355517e-01,-4.498961907506128233e-01,-1.399390295240218567e-02,2.253309192840834141e-02,0.000000000000000000e+00,0.000000000000000000e+00,-1.130389567215103863e+00,5.888300200630699477e-01,-3.735349235134863832e-01,3.762299293992256155e-01,0.000000000000000000e+00,0.000000000000000000e+00,0.000000000000000000e+00,-9.492718745631761879e-01,-6.457009220923002335e-01,2.235022377729772580e-01,3.493551546591366908e-01,0.000000000000000000e+00,0.000000000000000000e+00,0.000000000000000000e+00
2.776137416328458563e-02,4.251727972862710536e-01,8.485693189111123136e-01,4.659836189281289093e-04,1.974920257929432127e-02,7.165242051989549887e-01,6.972824501023640043e-01,-5.429393121087676688e-01,2.393007332120387631e-01,1.558731060364073606e-01,9.008769785882673187e-01,-4.073655699969587207e-01,6.016446667327846748e-02,-5.929032792753426984e-01,-2.829792413049475597e-01,-1.626889026184047404e-01,8.790304760378102600e-01,-4.444944198544902303e-01,-1.345371065139392384e-02,2.212933496840193207e-02,0.000000000000000000e+00,0.000000000000000000e+00,-1.129549072857329861e+00,5.835238947244497654e-01,-3.717521137473156490e-01,3.756923936599093627e-01,0.000000000000000000e+00,0.000000000000000000e+00,0.000000000000000000e+00,-9.479933613314756036e-01,-6.434746943607052572e-01,2.256222103249982680e-01,3.509583488466008205e-01,0.000000000000000000e+00,0.000000000000000000e+00,0.000000000000000000e+00
2.749710750693151393e-02,4.253310921888048823e-01,8.483516807951038130e-01,2.193700603777895553e-04,2.026859889268993464e-02,7.162720025521405187e-01,6.975267408032839178e-01,-5.434959737507063515e-01,2.406106263144550950e-01,1.592591343166533668e-01,9.019936729822642940e-01,-4.114007478731862011e-01,6.018026269530472178e-02,-5.945964882983982847e-01,-2.831027974850691131e-01,-1.614133254734282374e-01,8.803775646449094605e-01,-4.475744995256094039e-01,-1.384439158100800316e-02,2.110265099067745037e-02,0.000000000000000000e+00,0.000000000000000000e+00,-1.129761857577733952e+00,5.906152089610157141e-01,-3.726868150782364775e-01,3.711217105035385933e-01,0.000000000000000000e+00,0.000000000000000000e+00,0.000000000000000000e+00,-9.491689082365173391e-01,-6.433392033375410213e-01,2.221692855748912399e-01,3.494407786092494361e-01,0.000000000000000000e+00,0.000000000000000000e+00,0.000000000000000000e+00
2.714106591416631450e-02,4.254075948082571834e-01,8.482241712114529930e-01,-3.898204046833310399e-04,1.962650946960108403e-02,7.159065059490955507e-01,6.979201407796241652e-01,-5.448396101300466698e-01,2.422147449464426283e-01,1.581054298629155086e-01,9.051809021998060700e-01,-4.129900373123723822e-01,6.303128347918524055e-02,-5.943548118394949009e-01,-2.810458968174340266e-01,-1.612966340095637330e-01,8.797927486301027056e-01,-4.456648884305420832e-01,-1.173887088199821946e-02,2.177219186105049109e-02,0.000000000000000000e+00,0.000000000000000000e+00,-1.127971957005823977e+00,5.854564536486918103e-01,-3.685539352726532880e-01,3.682041248844050707e-01,0.000000000000000000e+00,0.000000000000000000e+00,0.000000000000000000e+00,-9.489382587248764711e-01,-6.486956187996216761e-01,2.265105366265218190e-01,3.501945273052318730e-01,0.000000000000000000e+00,0.000000000000000000e+00,0.000000000000000000e+00
2.705472556723587454e-02,4.256107100168014523e-01,8.485030215095715755e-01,-8.088112832073789810e-04,2.042580220134139132e-02,7.167254682219295070e-01,6.970557622104536222e-01,-5.460127260629629165e-01,2.397407044310361501e-01,1.569732209219501518e-01,9.028198684191305334e-01,-4.119813210771803846e-01,6.212254468158173032e-02,-5.950627226961352489e-01,-2.827222868380875886e-01,-1.620073867063470396e-01,8.790105192061105077e-01,-4.445351787637618624e-01,-1.373071536828666950e-02,2.295229939565664873e-02,0.000000000000000000e+00,0.000000000000000000e+00,-1.125466342181184132e+00,5.783421232885345153e-01,-3.622051171542706727e-01,3.644156038632664907e-01,0.000000000000000000e+00,0.000000000000000000e+00,0.000000000000000000e+00,-9.480711220971369535e-01,-6.444431788281010931e-01,2.165323767154358758e-01,3.483944455809818708e-01,0.000000000000000000e+00,0.000000000000000000e+00,0.000000000000000000e+00
2.688345148356932959e-02,4.256082819351125202e-01,8.483398174668337344e-01,-3.986757761482301321e-04,1.991541054031261207e-02,7.164489830784899205e-01,6.973550545643408816e-01,-5.448164601984269995e-01,2.405385079361159750e-01,1.576022618213970272e-01,9.038820887520836456e-01,-4.129447369228176901e-01,6.120115207388810569e-02,-5.945099777587670165e-01,-2.832852745898161162e-01,-1.622565755206595017e-01,8.800474429004027099e-01,-4.417880695601041907e-01,-1.172228389395369580e-02,2.101022034516249193e-02,0.000000000000000000e+00,0.000000000000000000e+00,-1.124070766138513200e+00,5.804009256174963438e-01,-3.607868969980366769e-01,3.657497793807331643e-01,0.000000000000000000e+00,0.000000000000000000e+00,0.000000000000000000e+00,-9.474112943516689311e-01,-6.401125370783620205e-01,2.113844920445517306e-01,3.493543393537570374e-01,0.000000000000000000e+00,0.000000000000000000e+00,0.000000000000000000e+00
2.692432400844653115e-02,4.256638842188220639e-01,8.475952707865382907e-01,4.749254595050669825e-05,1.970652479221171940e-02,7.157043689597472058e-01,6.981252802162394300e-01,-5.455251662373541421e-01,2.426917321645585268e-01,1.591710048025474222e-01,9.081559680766819742e-01,-4.099568449869626652e-01,5.990610320111188630e-02,-5.962605374459559737e-01,-2.832463708924355950e-01,-1.614813126838072210e-01,8.844544186204641445e-01,-4.446271680788870251e-01,-1.692436567884791215e-02,2.150965994262295580e-02,0.000000000000000000e+00,0.000000000000000000e+00,-1.124055250501613701e+00,5.859025805917063012e-01,-3.611579762193731780e-01,3.663024470971978919e-01,0.000000000000000000e+00,0.000000000000000000e+00,0.000000000000000000e+00,-9.482712767505357965e-01,-6.425448476923208974e-01,2.160956732374381406e-01,3.465699102430505607e-01,0.000000000000000000e+00,0.000000000000000000e+00,0.000000000000000000e+00
2.696908569244636442e-02,4.257175675345877819e-01,8.474515153450619120e-01,-8.282215729749076161e-04,1.923583492327954683e-02,7.159941255748081268e-01,6.978407474819717793e-01,-5.476859747883652263e-01,2.441462175476717400e-01,1.571764276926501114e-01,9.105519134959118022e-01,-4.129626918917505551e-01,6.327942757199293833e-02,-5.964762585201756062e-01,-2.818917476247337905e-01,-1.629624179202909529e-01,8.846138598746527970e-01,-4.425425685276232479e-01,-1.496567169574948564e-02,2.064954177751637809e-02,0.000000000000000000e+00,0.000000000000000000e+00,-1.124467511371882278e+00,5.804826299658296662e-01,-3.581123361619673595e-01,3.658975049213282760e-01,0.000000000000000000e+00,0.000000000000000000e+00,0.000000000000000000e+00,-9.489796827376105748e-01,-6.455429352817593225e-01,2.185704216302136738e-01,3.497996623490099433e-01,0.000000000000000000e+00,0.000000000000000000e+00,0.000000000000000000e+00
2.724056763725670599e-02,4.257488742981581642e-01,8.472221403755479940e-01,-4.191243786585557851e-04,1.950971421883181470e-02,7.156407859260704996e-01,6.981958614206845715e-01,-5.476758482403684125e-01,2.429641114681017067e-01,1.561815439285133000e-01,9.112047856460460116e-01,-4.128549089784476767e-01,6.206301819396169844e-02,-5.966880689503545332e-01,-2.822545962997006219e-01,-1.624920539556905796e-01,8.857790118536468249e-01,-4.484181670367000105e-01,-1.642318472498005208e-02,2.326470701553242509e-02,0.000000000000000000e+00,0.000000000000000000e+00,-1.124231997737907607e+00,5.826134890235883379e-01,-3.613795856877985990e-01,3.653627441004632659e-01,0.000000000000000000e+00,0.000000000000000000e+00,0.000000000000000000e+00,-9.503582720719279120e-01,-6.478349195470123334e-01,2.236272418342173385e-01,3.484321015975528346e-01,0.000000000000000000e+00,0.000000000000000000e+00,0.000000000000000000e+00
2.757544023657922463e-02,4.259180673124636218e-01,8.476930660442455467e-01,-7.408514256663188691e-04,2.039824228380781104e-02,7.161009035185620375e-01,6.976982577237786920e-01,-5.475950446563279117e-01,2.417434327650004600e-01,1.564484362102016302e-01,9.073983139907970674e-01,-4.129088690718322741e-01,5.933794465478075403e-02,-5.964904305878409030e-01,-2.824057209172167737e-01,-1.622894397374577968e-01,8.833508837361693233e-01,-4.511604774217885527e-01,-1.638448692807891946e-02,2.292558249570890438e-02,0.000000000000000000e+00,0.000000000000000000e+00,-1.125046445955250940e+00,5.889076915087223529e-01,-3.655949767047052545e-01,3.651027960723239318e-01,0.000000000000000000e+00,0.000000000000000000e+00,0.000000000000000000e+00,-9.522657332559963939e-01,-6.512169519544908081e-01,2.246814580277833873e-01,3.456537686316932811e-01,0.000000000000000000e+00,0.000000000000000000e+00,0.000000000000000000e+00
2.789262350488057318e-02,4.258489226374218006e-01,8.471607890508976446e-01,-1.664812581131085850e-04,2.003165152863581322e-02,7.159752228264315566e-01,6.978382230285673504e-01,-5.478940062517132503e-01,2.421279658401355728e-01,1.555887256974754496e-01,9.099203577524610509e-01,-4.098955341968685828e-01,5.996248606646206736e-02,-5.967520928740339681e-01,-2.841932747225840994e-01,-1.646512540545806424e-01,8.870435221757649868e-01,-4.529978304753076168e-01,-1.962394846473309445e-02,2.344606899757447835e-02,0.000000000000000000e+00,0.000000000000000000e+00,-1.124868645196965611e+00,5.856376427502492099e-01,-3.655305523340922069e-01,3.665742905181467726e-01,0.000000000000000000e+00,0.000000000000000000e+00,0.000000000000000000e+00,-9.518942063724983305e-01,-6.456676928506072111e-01,2.247649156843563312e-01,3.461662090736741804e-01,0.000000000000000000e+00,0.000000000000000000e+00,0.000000000000000000e+00
2.813802779541808852e-02,4.258936890717678891e-01,8.476654755320292001e-01,-5.141287320477288397e-04,2.020377310086353406e-02,7.163759555273362389e-01,6.974217042553471080e-01,-5.469004448083196746e-01,2.431445171731594357e-01,1.569320122049899235e-01,9.065729356655798377e-01,-4.112112962114831682e-01,5.627783277284086061e-02,-5.953049905100352701e-01,-2.835224542514200308e-01,-1.653077941033623544e-01,8.840342909883175393e-01,-4.535861337848726693e-01,-1.828526116512491778e-02,2.262869516393363478e-02,0.000000000000000000e+00,0.000000000000000000e+00,-1.124209323956800288e+00,5.815561281866388210e-01,-3.623354303154550093e-01,3.674891471425205669e-01,0.000000000000000000e+00,0.000000000000000000e+00,0.000000000000000000e+00,-9.542220365919412695e-01,-6.469815103290037506e-01,2.235781406200780530e-01,3.453489722444111343e-01,0.000000000000000000e+00,0.000000000000000000e+00,0.000000000000000000e+00
2.839906411891554572e-02,4.259380595568389993e-01,8.478001852562297991e-01,-3.873543879649547772e-05,2.027766145171076492e-02,7.158811988737572296e-01,6.979275922649059716e-01,-5.449688782773518536e-01,2.436437772594693407e-01,1.587754459675223828e-01,9.052766927833192367e-01,-4.112908275577302208e-01,5.689024597430575314e-02,-5.950113064086522963e-01,-2.832904439783449635e-01,-1.643433429841119342e-01,8.835817868161660593e-01,-4.523222656957588961e-01,-1.832808877143632387e-02,2.382577054114203355e-02,0.000000000000000000e+00,0.000000000000000000e+00,-1.122545952656613721e+00,5.805441599782742434e-01,-3.610749213686682557e-01,3.666870648799859245e-01,0.000000000000000000e+00,0.000000000000000000e+00,0.000000000000000000e+00,-9.527642368281434848e-01,-6.451163027149841023e-01,2.277332670712943208e-01,3.433980373712946510e-01,0.000000000000000000e+00,0.000000000000000000e+00,0.000000000000000000e+00
2.850978103872711319e-02,4.259204545040543022e-01,8.477727045690970353e-01,8.499406339968276769e-05,2.033106355518105382e-02,7.162058889257839622e-01,6.975928363298701251e-01,-5.451268670875450972e-01,2.421756556255191262e-01,1.569949247228741851e-01,9.050875986120833216e-01,-4.125396276885200386e-01,5.592266199719236885e-02,-5.948017715727395016e-01,-2.849396996016957950e-01,-1.660024260000831919e-01,8.842311583363420269e-01,-4.516217241328590037e-01,-1.640348173803621301e-02,2.390364590820703156e-02,0.000000000000000000e+00,0.000000000000000000e+00,-1.122360896722248702e+00,5.752942595551892024e-01,-3.558203234902496681e-01,3.686458761423857533e-01,0.000000000000000000e+00,0.000000000000000000e+00,0.000000000000000000e+00,-9.552322843097063032e-01,-6.413041161521733091e-01,2.195731643800297450e-01,3.446878829360913721e-01,0.000000000000000000e+00,0.000000000000000000e+00,0.000000000000000000e+00
2.860065562427082167e-02,4.258589126375300071e-01,8.476519645753626264e-01,-3.311482402277091119e-05,1.989345379302337805e-02,7.166020231830743104e-01,6.971985296667790877e-01,-5.461787067456436162e-01,2.424653295385509888e-01,1.554785506335777390e-01,9.064881626581686724e-01,-4.113358719605353375e-01,5.940947008922928957e-02,-5.947569800254193240e-01,-2.846880811663734523e-01,-1.666888540078092507e-01,8.848740305954292396e-01,-4.475639059490987837e-01,-1.780219720195131208e-02,2.343305643342262143e-02,0.000000000000000000e+00,0.000000000000000000e+00,-1.121610596474247989e+00,5.670181985368465405e-01,-3.525811639721679325e-01,3.660328084219552358e-01,0.000000000000000000e+00,0.000000000000000000e+00,0.000000000000000000e+00,-9.529058431065562385e-01,-6.408085925177779973e-01,2.243807903260167103e-01,3.451206368792320012e-01,0.000000000000000000e+00,0.000000000000000000e+00,0.000000000000000000e+00
2.870812873512598382e-02,4.258487927079437907e-01,8.482293861831987636e-01,-3.450699678589335545e-04,2.121253224735080226e-02,7.168738801935869986e-01,6.968800106894758040e-01,-5.457515007146741537e-01,2.414696377925265869e-01,1.581995157410067132e-01,9.015476222692601072e-01,-4.124601775900603728e-01,5.393254989278350314e-02,-5.949814620179313396e-01,-2.850933351217408984e-01,-1.654812196671204272e-01,8.813791058950244395e-01,-4.523581490506120018e-01,-1.677385116966989553e-02,2.358897256198454195e-02,0.000000000000000000e+00,0.000000000000000000e+00,-1.120904128314715198e+00,5.698771962844694228e-01,-3.518299428011696373e-01,3.641493397141786215e-01,0.000000000000000000e+00,0.000000000000000000e+00,0.000000000000000000e+00,-9.546748131317996933e-01,-6.405040324770518989e-01,2.203527743558761076e-01,3.406316995506624701e-01,0.000000000000000000e+00,0.000000000000000000e+00,0.000000000000000000e+00
2.871341149658989886e-02,4.256688647984889218e-01,8.477744991284720255e-01,6.591081555102143441e-05,2.114711220986741080e-02,7.168968175438363843e-01,6.968584851291315108e-01,-5.463904316049016385e-01,2.407596085348494286e-01,1.576039769291293913e-01,9.036493622206526188e-01,-4.136118715182605099e-01,5.545221688376528874e-02,-5.960914942127358840e-01,-2.864534505031502976e-01,-1.654982913093528130e-01,8.842213520616044597e-01,-4.521005259466354120e-01,-1.725814831873269742e-02,2.386801746523483161e-02,0.000000000000000000e+00,0.000000000000000000e+00,-1.120846810711523922e+00,5.697629755688627951e-01,-3.525859426400285157e-01,3.626790530094571863e-01,0.000000000000000000e+00,0.000000000000000000e+00,0.000000000000000000e+00,-9.549866356901199893e-01,-6.408185916392985515e-01,2.202748637817079358e-01,3.416974074074428658e-01,0.000000000000000000e+00,0.000000000000000000e+00,0.000000000000000000e+00
2.863719800362006171e-02,4.254327866220184995e-01,8.471723433113066415e-01,3.468931317572535727e-04,2.069318721948031070e-02,7.163543175975197741e-01,6.974296834285499402e-01,-5.476541326238887342e-01,2.410582448991814841e-01,1.561904452073244465e-01,9.077119161921973767e-01,-4.122799136465047920e-01,5.755604687505131573e-02,-5.975565656466357289e-01,-2.857796050967496559e-01,-1.643237561152570969e-01,8.875816142680679199e-01,-4.519302172412084651e-01,-1.867934126312698756e-02,2.426988584015650832e-02,0.000000000000000000e+00,0.000000000000000000e+00,-1.121301200332381454e+00,5.697858626217838784e-01,-3.515353799872055762e-01,3.632435074617040294e-01,0.000000000000000000e+00,0.000000000000000000e+00,0.000000000000000000e+00,-9.554161215135997809e-01,-6.420067627293196688e-01,2.239317871866499110e-01,3.442125095891070408e-01,0.000000000000000000e+00,0.000000000000000000e+00,0.000000000000000000e+00
2.849629015219382056e-02,4.252021075363465741e-01,8.466350042117017916e-01,6.260077128721168449e-04,2.015277414155939445e-02,7.161539801711050979e-01,6.976510234306461111e-01,-5.479210825775049365e-01,2.440002714378086135e-01,1.590195783555420073e-01,9.110918077739634802e-01,-4.133680369459239445e-01,5.789890148722568602e-02,-5.989347027141830315e-01,-2.855881567449564118e-01,-1.631780440295529100e-01,8.909184503492906249e-01,-4.481683924680467390e-01,-1.751980789519342815e-02,2.180496000365896372e-02,0.000000000000000000e+00,0.000000000000000000e+00,-1.123976815267941021e+00,5.767929459027251182e-01,-3.548811680626787757e-01,3.656880205681264928e-01,0.000000000000000000e+00,0.000000000000000000e+00,0.000000000000000000e+00,-9.570392824177026414e-01,-6.414108739111766821e-01,2.254628836087771981e-01,3.476237962018409178e-01,0.000000000000000000e+00,0.000000000000000000e+00,0.000000000000000000e+00
2.835711077436042782e-02,4.249964765394353416e-01,8.469840525995983027e-01,2.735471131616474399e-04,2.035761409006558650e-02,7.161297459418832778e-01,6.976701797395037374e-01,-5.481231359589909813e-01,2.437064674625731842e-01,1.592428691396731155e-01,9.093499879838415900e-01,-4.133116207560846855e-01,5.880496306159518904e-02,-5.984922836890070874e-01,-2.863690515518279578e-01,-1.650936966762685809e-01,8.884684248159938624e-01,-4.472288654562435184e-01,-1.566032962265115347e-02,2.118262611161782563e-02,0.000000000000000000e+00,0.000000000000000000e+00,-1.126019356070885546e+00,5.817096635074051614e-01,-3.618422592001704907e-01,3.677643905961751059e-01,0.000000000000000000e+00,0.000000000000000000e+00,0.000000000000000000e+00,-9.587374472394081248e-01,-6.404898841342959726e-01,2.238870274814577233e-01,3.517987739241961176e-01,0.000000000000000000e+00,0.000000000000000000e+00,0.000000000000000000e+00
2.827834366845388345e-02,4.247959894890980248e-01,8.469434443218886166e-01,1.072294360412798242e-04,2.038720178475868575e-02,7.165429408931255351e-01,6.972449815964739672e-01,-5.491136725855703116e-01,2.439164898924907343e-01,1.594732730882259808e-01,9.091710353601982764e-01,-4.113463672962100470e-01,5.815133785505793157e-02,-5.986116465293956912e-01,-2.864970942973339429e-01,-1.650603952447874390e-01,8.879478331447557826e-01,-4.466505125888767247e-01,-1.633036123763373371e-02,2.118648419320345866e-02,0.000000000000000000e+00,0.000000000000000000e+00,-1.129652464952945801e+00,5.863673351732096028e-01,-3.669986034595841828e-01,3.695264592357122568e-01,0.000000000000000000e+00,0.000000000000000000e+00,0.000000000000000000e+00,-9.589113013927647033e-01,-6.424916158334088578e-01,2.231530476756997672e-01,3.533748932927221476e-01,0.000000000000000000e+00,0.000000000000000000e+00,0.000000000000000000e+00
2.818851348970868517e-02,4.247025448691898464e-01,8.475769157142284405e-01,-1.422223465665882827e-03,2.131119746760298111e-02,7.166724347426987052e-01,6.970828009805460912e-01,-5.523542557147813614e-01,2.419479787901940293e-01,1.560954995683295488e-01,9.060307507979918906e-01,-4.084972719899596094e-01,5.977290441752509259e-02,-5.997117108500721328e-01,-2.842032157282364246e-01,-1.646382032441330023e-01,8.826892157288884766e-01,-4.466134446424774862e-01,-1.708501667409628721e-02,2.338659115122573504e-02,0.000000000000000000e+00,0.000000000000000000e+00,-1.127655030943122139e+00,5.773469972522617955e-01,-3.630899791032436985e-01,3.613967576008434435e-01,0.000000000000000000e+00,0.000000000000000000e+00,0.000000000000000000e+00,-9.556536597345628437e-01,-6.421308479356719889e-01,2.231489428720228874e-01,3.479547575048154706e-01,0.000000000000000000e+00,0.000000000000000000e+00,0.000000000000000000e+00
2.815777759469588123e-02,4.243345060754712961e-01,8.470815199505883353e-01,-1.102447336038772652e-03,2.176638818770401662e-02,7.168161204913192641e-01,6.969215582538026421e-01,-5.540831751478867417e-01,2.400384562531668597e-01,1.549846440284082805e-01,9.075722486131565514e-01,-4.085227559523291752e-01,5.758676550032831853e-02,-6.018256293067051343e-01,-2.856166502878454971e-01,-1.635137253529241608e-01,8.856388502328322865e-01,-4.500061554302909883e-01,-1.836187188030751621e-02,2.506627758858989696e-02,0.000000000000000000e+00,0.000000000000000000e+00,-1.125698876537927218e+00,5.769574014467010459e-01,-3.625953648192740686e-01,3.582313943955659497e-01,0.000000000000000000e+00,0.000000000000000000e+00,0.000000000000000000e+00,-9.553571796221123069e-01,-6.439522841914172568e-01,2.208392642488366808e-01,3.446709540219589085e-01,0.000000000000000000e+00,0.000000000000000000e+00,0.000000000000000000e+00
2.802309164588412740e-02,4.239335821868094878e-01,8.469958857125157170e-01,-1.366590347006377618e-03,2.136101494720113805e-02,7.167712701383776031e-01,6.969797599467767446e-01,-5.550051924584999963e-01,2.416257703013195979e-01,1.552710193485291601e-01,9.085276915538688103e-01,-4.078857514357800973e-01,5.747935113617058667e-02,-6.017466728371592133e-01,-2.866016370251696643e-01,-1.666997126431352394e-01,8.853353243335145839e-01,-4.477835619724784832e-01,-1.800988250886100331e-02,2.551486598196816766e-02,0.000000000000000000e+00,0.000000000000000000e+00,-1.125052726586859064e+00,5.750698907834727036e-01,-3.612435258060988641e-01,3.558867595861576194e-01,0.000000000000000000e+00,0.000000000000000000e+00,0.000000000000000000e+00,-9.543838355785949634e-01,-6.478269259480959885e-01,2.234250139694854698e-01,3.458212002549381214e-01,0.000000000000000000e+00,0.000000000000000000e+00,0.000000000000000000e+00
2.800532921016782653e-02,4.235362627691884874e-01,8.465524301597170398e-01,-1.311543885350242855e-03,2.109960878084079366e-02,7.165809715400233149e-01,6.971834748390765002e-01,-5.568120554400022293e-01,2.414762745628531992e-01,1.536858259513123326e-01,9.113477868796220349e-01,-4.066097460776067485e-01,6.035226253152793652e-02,-6.030346672736887070e-01,-2.861563108575014835e-01,-1.662482377384631727e-01,8.874055107314789970e-01,-4.478984600249022452e-01,-1.971530050845149776e-02,2.701834564957338730e-02,0.000000000000000000e+00,0.000000000000000000e+00,-1.124330299734053185e+00,5.747330950852981291e-01,-3.597150476037782041e-01,3.534931038648618240e-01,0.000000000000000000e+00,0.000000000000000000e+00,0.000000000000000000e+00,-9.532412351771857306e-01,-6.519621541412696786e-01,2.274800908884394568e-01,3.470678597010247168e-01,0.000000000000000000e+00,0.000000000000000000e+00,0.000000000000000000e+00
2.796393160108055428e-02,4.232523992709572025e-01,8.468074736614610298e-01,-2.028941691187819904e-03,2.121275290465082092e-02,7.164381886290503987e-01,6.973250493017915108e-01,-5.579138843689891436e-01,2.430409893997615145e-01,1.547331266038914910e-01,9.105208486365663489e-01,-4.067710082251940196e-01,6.147567339847547635e-02,-6.030750599255431110e-01,-2.860588061933559412e-01,-1.684739686795680425e-01,8.845654403241220987e-01,-4.464350603014605179e-01,-1.758633523636273649e-02,2.724766073219539453e-02,0.000000000000000000e+00,0.000000000000000000e+00,-1.124173451713873062e+00,5.779208682048924128e-01,-3.609455231422440957e-01,3.489733585015006301e-01,0.000000000000000000e+00,0.000000000000000000e+00,0.000000000000000000e+00,-9.517129375327637586e-01,-6.532080787882179607e-01,2.293174009162710081e-01,3.456471499910366840e-01,0.000000000000000000e+00,0.000000000000000000e+00,0.000000000000000000e+00
2.806622973807208418e-02,4.229276916329847147e-01,8.468253087726270723e-01,-2.174727278291493579e-03,2.126060425599760745e-02,7.167516369217116212e-01,6.970009671714828547e-01,-5.590019952399479797e-01,2.419322136720891692e-01,1.524599104039430497e-01,9.093821529224795919e-01,-4.032078103903179445e-01,5.927864624555952838e-02,-6.033923035251044231e-01,-2.862265932910591504e-01,-1.692269084622382014e-01,8.840115767975093020e-01,-4.453210991070024605e-01,-2.026263131223965050e-02,2.744273141539384925e-02,0.000000000000000000e+00,0.000000000000000000e+00,-1.121456667143455155e+00,5.739942955802150859e-01,-3.568866979227908742e-01,3.464766108243060860e-01,0.000000000000000000e+00,0.000000000000000000e+00,0.000000000000000000e+00,-9.488416863834613357e-01,-6.507465216163077493e-01,2.278998719280608543e-01,3.423771272486272332e-01,0.000000000000000000e+00,0.000000000000000000e+00,0.000000000000000000e+00
2.810882162224754427e-02,4.227678512025026536e-01,8.472066358251798546e-01,-2.511022648903554061e-03,2.125400797199251957e-02,7.171049654478942603e-01,6.966365124226251426e-01,-5.592067034825947136e-01,2.415826855120905559e-01,1.513848328491534390e-01,9.069716842637699505e-01,-4.001146373594211547e-01,5.794941314131421550e-02,-6.024759343255758903e-01,-2.871111729555282377e-01,-1.717573184634039185e-01,8.814497765482782743e-01,-4.405782000833359802e-01,-1.798408690832391590e-02,2.733565226091759157e-02,0.000000000000000000e+00,0.000000000000000000e+00,-1.119531051069791117e+00,5.722244656611670255e-01,-3.530117285750587475e-01,3.448286939356414726e-01,0.000000000000000000e+00,0.000000000000000000e+00,0.000000000000000000e+00,-9.470362701623625812e-01,-6.510163383234508494e-01,2.253124768540981926e-01,3.410886963449156761e-01,0.000000000000000000e+00,0.000000000000000000e+00,0.000000000000000000e+00
2.821142788995443379e-02,4.228148546016682330e-01,8.474610992092981299e-01,-2.431035302450276422e-03,2.144184608130278100e-02,7.162459385822039781e-01,6.975142240617624445e-01,-5.574572696767313706e-01,2.429897599691975274e-01,1.544478896392840750e-01,9.054281902443366281e-01,-4.015585658104167122e-01,6.171614831223628389e-02,-6.023882238819313617e-01,-2.861038910473746033e-01,-1.708877533445709862e-01,8.797195344873081080e-01,-4.393270786384149695e-01,-1.758902117979101176e-02,2.756889057331670181e-02,0.000000000000000000e+00,0.000000000000000000e+00,-1.117962509673638527e+00,5.777549398724489693e-01,-3.516598610543778536e-01,3.427802019112805021e-01,0.000000000000000000e+00,0.000000000000000000e+00,0.000000000000000000e+00,-9.453916490523118776e-01,-6.484318926780725523e-01,2.250106932592922104e-01,3.407204349024120504e-01,0.000000000000000000e+00,0.000000000000000000e+00,0.000000000000000000e+00
2.831910445442257368e-02,4.228090794040013090e-01,8.476611224885177709e-01,-1.973023738238266489e-03,2.123254398754514938e-02,7.159942816620614714e-01,6.977803915848989069e-01,-5.556466607244925360e-01,2.432922906116124218e-01,1.550923902649700148e-01,9.038936371749123344e-01,-3.983863124542275647e-01,5.972093058093184276e-02,-6.009305519718800559e-01,-2.863422761441625219e-01,-1.714371481798113162e-01,8.785935255462633542e-01,-4.383419582573821471e-01,-1.906135233863204964e-02,2.775855598059117149e-02,0.000000000000000000e+00,0.000000000000000000e+00,-1.115269627154317211e+00,5.746093643464835754e-01,-3.449845225288323824e-01,3.449353967142517741e-01,0.000000000000000000e+00,0.000000000000000000e+00,0.000000000000000000e+00,-9.453635755869097546e-01,-6.466246230166867726e-01,2.241762483887685120e-01,3.391261217741132761e-01,0.000000000000000000e+00,0.000000000000000000e+00,0.000000000000000000e+00
2.837486569297099914e-02,4.230546495736174917e-01,8.481268556533057001e-01,-2.635241476996313947e-03,2.135392591111946736e-02,7.166675485844884452e-01,6.970829865636094524e-01,-5.558359236947082449e-01,2.425297852512806607e-01,1.534684962070237135e-01,9.015354067052961939e-01,-4.005409478120246503e-01,5.887508555043428904e-02,-5.993835085930588891e-01,-2.864168477350594322e-01,-1.732728363018231632e-01,8.754019285847368659e-01,-4.370945010690941435e-01,-1.596164692061051091e-02,2.756019177762511138e-02,0.000000000000000000e+00,0.000000000000000000e+00,-1.113559252563918633e+00,5.705417298199194631e-01,-3.415415285703469195e-01,3.417723063044844634e-01,0.000000000000000000e+00,0.000000000000000000e+00,0.000000000000000000e+00,-9.433730810194776994e-01,-6.468917056120563336e-01,2.192141434046191717e-01,3.366354847720267052e-01,0.000000000000000000e+00,0.000000000000000000e+00,0.000000000000000000e+00
2.858139774651971207e-02,4.233552435520598900e-01,8.481925137008541338e-01,-3.146413107564163120e-03,2.210857641664141712e-02,7.175104338922667635e-01,6.961896926765853699e-01,-5.573684060102566118e-01,2.404592756764385997e-01,1.514766433231860554e-01,9.001939421391808027e-01,-4.024863563591491999e-01,5.603565253476031766e-02,-6.000702595174823850e-01,-2.870649861857544338e-01,-1.734918931892477367e-01,8.755852805223978130e-01,-4.403307828416195280e-01,-1.756094464540583489e-02,2.853427675545416528e-02,0.000000000000000000e+00,0.000000000000000000e+00,-1.114294467408388556e+00,5.741179627150426734e-01,-3.454378085517027519e-01,3.399755641023009534e-01,0.000000000000000000e+00,0.000000000000000000e+00,0.000000000000000000e+00,-9.431643811121249721e-01,-6.564299092065852825e-01,2.225870524941211126e-01,3.328480567921782152e-01,0.000000000000000000e+00,0.000000000000000000e+00,0.000000000000000000e+00
2.862158949367890962e-02,4.234402989240188542e-01,8.474670972258857571e-01,-1.941647043879621629e-03,2.107344251745597516e-02,7.171164936329781359e-01,6.966319505928254552e-01,-5.554563469642148643e-01,2.426984255142176361e-01,1.538038009952140406e-01,9.049240959154210007e-01,-4.049405611982830888e-01,5.915853002110455644e-02,-5.999362209475749275e-01,-2.875274094498304622e-01,-1.721752912722005202e-01,8.810752796499221606e-01,-4.381280618615376321e-01,-1.725097061812999252e-02,2.642759184432876690e-02,0.000000000000000000e+00,0.000000000000000000e+00,-1.115128122652256470e+00,5.802911426823300634e-01,-3.455222563434484639e-01,3.455100208240530213e-01,0.000000000000000000e+00,0.000000000000000000e+00,0.000000000000000000e+00,-9.450781119885809378e-01,-6.534124129367137046e-01,2.212463985832450186e-01,3.384875233052571653e-01,0.000000000000000000e+00,0.000000000000000000e+00,0.000000000000000000e+00
2.873078165953742852e-02,4.238079068766832935e-01,8.472105791566106880e-01,-1.823141765040104528e-03,2.091502466160188173e-02,7.163410015084320515e-01,6.974344467083677390e-01,-5.555299412462236797e-01,2.426237397753637781e-01,1.521097369330914328e-01,9.072368488050138735e-01,-4.046086839790483114e-01,6.083881090731521613e-02,-6.000736432442015378e-01,-2.866422772990664947e-01,-1.718571125239315989e-01,8.824336564990800102e-01,-4.407992994538710851e-01,-1.961904019124396936e-02,2.896651213193287416e-02,0.000000000000000000e+00,0.000000000000000000e+00,-1.115614886298547326e+00,5.757089400576281824e-01,-3.434264463231458397e-01,3.449326536844011248e-01,0.000000000000000000e+00,0.000000000000000000e+00,0.000000000000000000e+00,-9.457800406358441991e-01,-6.576736790319183124e-01,2.328604318259374639e-01,3.352731588495053150e-01,0.000000000000000000e+00,0.000000000000000000e+00,0.000000000000000000e+00
2.883157397230433697e-02,4.240782144300224155e-01,8.472204420252631429e-01,-1.352316404907258005e-03,2.107222206597646197e-02,7.164232554832780098e-01,6.973462925263790302e-01,-5.536200272416950119e-01,2.443306175933792901e-01,1.565316352224121466e-01,9.067054006066608274e-01,-4.064485515221774592e-01,5.952513267979495787e-02,-5.994712681987149905e-01,-2.884199298323227301e-01,-1.724362348196435968e-01,8.834114593686700490e-01,-4.418722586828455756e-01,-1.818687475384149835e-02,2.834161094749211227e-02,0.000000000000000000e+00,0.000000000000000000e+00,-1.116693687232047871e+00,5.814713650511081910e-01,-3.450365298869526587e-01,3.476113849744861262e-01,0.000000000000000000e+00,0.000000000000000000e+00,0.000000000000000000e+00,-9.480026230060882853e-01,-6.586224876729482869e-01,2.320935070860207505e-01,3.365259695937431461e-01,0.000000000000000000e+00,0.000000000000000000e+00,0.000000000000000000e+00
2.892173664835363117e-02,4.243392686215928244e-01,8.472326955553318717e-01,-1.274854127957242636e-03,2.087815880520686729e-02,7.161881400137042331e-01,6.975937394612777842e-01,-5.533876177438102895e-01,2.433876341329865578e-01,1.538488215107489676e-01,9.067387354919222986e-01,-4.027091923626315295e-01,5.763485164100842773e-02,-5.981963556983436181e-01,-2.890106315778576684e-01,-1.746845996554852176e-01,8.833209808842262811e-01,-4.447427435194473144e-01,-2.054498909163845685e-02,2.964937120447756064e-02,0.000000000000000000e+00,0.000000000000000000e+00,-1.116769692070922249e+00,5.797960093297088724e-01,-3.474871307431297018e-01,3.488340826393540040e-01,0.000000000000000000e+00,0.000000000000000000e+00,0.000000000000000000e+00,-9.497095881872303913e-01,-6.592257596908226436e-01,2.342963713739223686e-01,3.390215594334105020e-01,0.000000000000000000e+00,0.000000000000000000e+00,0.000000000000000000e+00
2.907052283624545624e-02,4.246090849594138517e-01,8.473874367607748814e-01,-4.636542285254181828e-04,2.105702459432456236e-02,7.167238308830963245e-01,6.970389780953790693e-01,-5.507830914239514319e-01,2.415264822974960424e-01,1.546265683985130479e-01,9.045610883098994526e-01,-4.062793190052187975e-01,5.667502823109207832e-02,-5.969006722251057884e-01,-2.903858730012922051e-01,-1.735216385078906798e-01,8.839840996475246682e-01,-4.454673618010514535e-01,-2.115472620929207542e-02,2.979800606011301367e-02,0.000000000000000000e+00,0.000000000000000000e+00,-1.115379590447535429e+00,5.775354027143767555e-01,-3.455401034629085877e-01,3.505262457934942844e-01,0.000000000000000000e+00,0.000000000000000000e+00,0.000000000000000000e+00,-9.517036211262479561e-01,-6.561534312216225073e-01,2.292861353663863400e-01,3.395743083528214301e-01,0.000000000000000000e+00,0.000000000000000000e+00,0.000000000000000000e+00
2.900075058696827135e-02,4.248973236547425869e-01,8.471287579696363812e-01,-6.808646909792232665e-04,2.036096763724594069e-02,7.167227341659764273e-01,6.970606069416029893e-01,-5.511710556996023413e-01,2.427513467053080964e-01,1.536803375542512562e-01,9.079673309836756578e-01,-4.113262092312947593e-01,6.093241007927868019e-02,-5.963883304575926525e-01,-2.891103971518834137e-01,-1.732790286871726260e-01,8.850638490849762618e-01,-4.435754815992147271e-01,-1.833773323307559197e-02,2.917186620197166624e-02,0.000000000000000000e+00,0.000000000000000000e+00,-1.117268150460822396e+00,5.765285386381645560e-01,-3.453424438704092436e-01,3.510042480670319542e-01,0.000000000000000000e+00,0.000000000000000000e+00,0.000000000000000000e+00,-9.500372817727845698e-01,-6.561574922519195496e-01,2.299167164588861445e-01,3.404616023598920349e-01,0.000000000000000000e+00,0.000000000000000000e+00,0.000000000000000000e+00
2.902601452527035428e-02,4.250208683970677082e-01,8.463125089402505630e-01,9.024149408639291214e-05,1.984973158864567280e-02,7.164723496437529482e-01,6.973330281926223284e-01,-5.511379373684021088e-01,2.429795938755366924e-01,1.531962834359891223e-01,9.130732716080908196e-01,-4.153493642210422387e-01,6.091768355553045522e-02,-5.969018151294176455e-01,-2.891301284616619172e-01,-1.714267891565372792e-01,8.902565056712938851e-01,-4.480509052956468952e-01,-1.863603775838506421e-02,2.921181162373446064e-02,0.000000000000000000e+00,0.000000000000000000e+00,-1.118614751440415001e+00,5.834664580954500579e-01,-3.498707094415113850e-01,3.546776067626455364e-01,0.000000000000000000e+00,0.000000000000000000e+00,0.000000000000000000e+00,-9.527023484971929301e-01,-6.597512860920711208e-01,2.322918375311700534e-01,3.421685220025647012e-01,0.000000000000000000e+00,0.000000000000000000e+00,0.000000000000000000e+00
2.906527048735731839e-02,4.252190757806657007e-01,8.457511504462024154e-01,1.486148380127824686e-04,1.950423567196576946e-02,7.163238338522596171e-01,6.974953245432428117e-01,-5.519633311693338262e-01,2.453105274972331995e-01,1.542120805522125271e-01,9.166209515846852618e-01,-4.150767989780528300e-01,5.918063478472963129e-02,-5.979912519224094281e-01,-2.884952540832256829e-01,-1.703457392359037925e-01,8.934787560427077668e-01,-4.480146503733957730e-01,-1.894757933417542603e-02,2.710872451428590277e-02,0.000000000000000000e+00,0.000000000000000000e+00,-1.120773427246812171e+00,5.839264549065029675e-01,-3.497273088582299461e-01,3.567696570749551155e-01,0.000000000000000000e+00,0.000000000000000000e+00,0.000000000000000000e+00,-9.548734798187920036e-01,-6.594639816216556483e-01,2.377934590070492349e-01,3.402248315944405577e-01,0.000000000000000000e+00,0.000000000000000000e+00,0.000000000000000000e+00
2.911786000333689214e-02,4.253278614910903643e-01,8.457404543780371320e-01,-5.523985021785998706e-05,1.993398164051251795e-02,7.165144578846154300e-01,6.972873618292758646e-01,-5.535804339699678112e-01,2.435662878107036078e-01,1.519189067748175637e-01,9.164512728629305993e-01,-4.102130688364529765e-01,5.836660628399263639e-02,-5.985128789012451600e-01,-2.885891069820448740e-01,-1.700387547138319799e-01,8.934074009767360991e-01,-4.508183736993544577e-01,-2.119730233584742052e-02,2.811253871467537732e-02,0.000000000000000000e+00,0.000000000000000000e+00,-1.119294714378141986e+00,5.786014311109296537e-01,-3.486315160825129156e-01,3.535611030418785439e-01,0.000000000000000000e+00,0.000000000000000000e+00,0.000000000000000000e+00,-9.559894647744674456e-01,-6.587268010812319385e-01,2.379330180569128594e-01,3.378975707238009996e-01,0.000000000000000000e+00,0.000000000000000000e+00,0.000000000000000000e+00
2.920278248651950181e-02,4.253706328738210418e-01,8.455893027654923788e-01,1.959438555330685061e-04,2.020642850987378059e-02,7.171290263905080176e-01,6.966474153839113947e-01,-5.538332965603017799e-01,2.425652138869654473e-01,1.520430689746604669e-01,9.163955497555379415e-01,-4.108023238848506065e-01,5.626499338187656435e-02,-5.984671926144345955e-01,-2.908328384976755498e-01,-1.711555112754652996e-01,8.948373085495812118e-01,-4.534857821002478140e-01,-2.137687338401051892e-02,2.943262545839404887e-02,0.000000000000000000e+00,0.000000000000000000e+00,-1.118785675698589221e+00,5.753681265736533268e-01,-3.496066718193857059e-01,3.543488671117463462e-01,0.000000000000000000e+00,0.000000000000000000e+00,0.000000000000000000e+00,-9.562299095797579529e-01,-6.603138472810815562e-01,2.360022003589597739e-01,3.377069759912214031e-01,0.000000000000000000e+00,0.000000000000000000e+00,0.000000000000000000e+00
2.922128357101456964e-02,4.254750283853471760e-01,8.457537443928028198e-01,3.480804573376336530e-04,2.047732002650390001e-02,7.171736848434566713e-01,6.965934710952914610e-01,-5.534222118380739408e-01,2.417247150409679302e-01,1.520294868763877039e-01,9.147933795103847521e-01,-4.072017465276750459e-01,5.496177699986850435e-02,-5.987121457253766765e-01,-2.906968516226932642e-01,-1.696602140741879094e-01,8.942859411855341722e-01,-4.511863557429022231e-01,-2.287816127864867807e-02,2.928293531510446635e-02,0.000000000000000000e+00,0.000000000000000000e+00,-1.116061234995627816e+00,5.723304094341369330e-01,-3.465015251372222105e-01,3.484983792212753562e-01,0.000000000000000000e+00,0.000000000000000000e+00,0.000000000000000000e+00,-9.540227483251294549e-01,-6.576120077725470248e-01,2.358599995957457729e-01,3.327153227256917090e-01,0.000000000000000000e+00,0.000000000000000000e+00,0.000000000000000000e+00
2.912733025624169442e-02,4.254481562631258762e-01,8.458961375508263769e-01,5.257747330459621588e-04,1.983508193872857844e-02,7.171770937557790937e-01,6.966084332517293864e-01,-5.522895824572510159e-01,2.422089054099094141e-01,1.517484773491159233e-01,9.146922210068905157e-01,-4.059391372318682523e-01,5.672548351786621534e-02,-5.966655331943634399e-01,-2.914880135566060293e-01,-1.720919469061323315e-01,8.933073953902292974e-01,-4.490873649464053874e-01,-2.133477437768424925e-02,3.052512990652021807e-02,0.000000000000000000e+00,0.000000000000000000e+00,-1.113229184491662416e+00,5.646768757795519456e-01,-3.405029701102886275e-01,3.482381866421486172e-01,0.000000000000000000e+00,0.000000000000000000e+00,0.000000000000000000e+00,-9.496637950850689291e-01,-6.504703311078551264e-01,2.263127047455103513e-01,3.354810419490307227e-01,0.000000000000000000e+00,0.000000000000000000e+00,0.000000000000000000e+00
2.899169477431888520e-02,4.254600870580819705e-01,8.461185269622044647e-01,6.163268812917482853e-04,1.918976504335274252e-02,7.176619697073546300e-01,6.961269067451111292e-01,-5.510098461442110018e-01,2.424883785895086963e-01,1.515573409325350063e-01,9.140403148323867910e-01,-4.083415356604530033e-01,5.823292755049439690e-02,-5.938935065283956760e-01,-2.921096203560329396e-01,-1.742417943339556741e-01,8.915140971563723093e-01,-4.478506299987349837e-01,-1.958304773762403750e-02,2.908016467659739826e-02,0.000000000000000000e+00,0.000000000000000000e+00,-1.114223012612155950e+00,5.671126632841481108e-01,-3.433783406502105007e-01,3.495207222724699969e-01,0.000000000000000000e+00,0.000000000000000000e+00,0.000000000000000000e+00,-9.470718949652471297e-01,-6.500201874477634645e-01,2.224335453918002414e-01,3.373666119442275124e-01,0.000000000000000000e+00,0.000000000000000000e+00,0.000000000000000000e+00
2.880431602477162914e-02,4.255418716868103468e-01,8.468203863697338907e-01,-6.485585646610891875e-05,1.879328497239977913e-02,7.177053054414958000e-01,6.960933147034192858e-01,-5.498656078585957285e-01,2.429929568701472420e-01,1.504982572536702479e-01,9.109416831155521255e-01,-4.093357748828669873e-01,5.752875398109929400e-02,-5.914622141612316808e-01,-2.908201763436717435e-01,-1.764628980014943949e-01,8.867572147167147589e-01,-4.440312608849374953e-01,-1.960751432917622050e-02,2.887516791673726962e-02,0.000000000000000000e+00,0.000000000000000000e+00,-1.115263396485372871e+00,5.680643088279078157e-01,-3.455663781980415905e-01,3.479898161184900029e-01,0.000000000000000000e+00,0.000000000000000000e+00,0.000000000000000000e+00,-9.430232336580864905e-01,-6.509483535672773158e-01,2.222798506217908976e-01,3.363751597376342661e-01,0.000000000000000000e+00,0.000000000000000000e+00,0.000000000000000000e+00
2.879239600250408163e-02,4.255536772577933058e-01,8.471935051641293901e-01,2.131322132025905564e-04,1.931291288309628165e-02,7.178643044778096893e-01,6.959150855723856832e-01,-5.488272363569176582e-01,2.396317060681807387e-01,1.487180734533882498e-01,9.076308619967761171e-01,-4.089199359213673279e-01,5.538862444948088049e-02,-5.900541701776357284e-01,-2.914219584898570803e-01,-1.761891528581088495e-01,8.842787539580512224e-01,-4.495681991778804898e-01,-2.296745500177635804e-02,3.160627843806722292e-02,0.000000000000000000e+00,0.000000000000000000e+00,-1.112785339180246691e+00,5.630806566501276311e-01,-3.447549357133938286e-01,3.460842994544638951e-01,0.000000000000000000e+00,0.000000000000000000e+00,0.000000000000000000e+00,-9.419427043352461837e-01,-6.512870582057572744e-01,2.210848187700910905e-01,3.323255493308919228e-01,0.000000000000000000e+00,0.000000000000000000e+00,0.000000000000000000e+00
2.860841804229077509e-02,4.255333161646120965e-01,8.475343243843526109e-01,1.355128664696451241e-04,1.911695518952460232e-02,7.181605751954536210e-01,6.956147726259704900e-01,-5.476056768145824982e-01,2.405687305276346943e-01,1.503888718631990196e-01,9.054072383102268473e-01,-4.083875861354150372e-01,5.355045724455909789e-02,-5.887434793051674609e-01,-2.921142418038684685e-01,-1.773700167220965962e-01,8.823185901771207762e-01,-4.450986127475483056e-01,-1.949942699924267497e-02,2.927635894059914257e-02,0.000000000000000000e+00,0.000000000000000000e+00,-1.115217156457067649e+00,5.714850440946008803e-01,-3.473099888293651460e-01,3.492261624611638915e-01,0.000000000000000000e+00,0.000000000000000000e+00,0.000000000000000000e+00,-9.412292377874714733e-01,-6.533034366776582225e-01,2.187017793063863180e-01,3.327883364050202575e-01,0.000000000000000000e+00,0.000000000000000000e+00,0.000000000000000000e+00
2.842179975559874436e-02,4.253926825658488897e-01,8.476968937027858919e-01,-1.317174314357152237e-04,1.888184100316070424e-02,7.182634428522389758e-01,6.955149785539480600e-01,-5.472242998594075702e-01,2.422939185784604987e-01,1.524832973471947628e-01,9.049439272427289849e-01,-4.111070169132090002e-01,5.450406114444878575e-02,-5.879609915221454264e-01,-2.914291317735904774e-01,-1.774863247889165163e-01,8.805559456600464685e-01,-4.435526254254347767e-01,-1.765007004864503626e-02,2.870094841941828873e-02,0.000000000000000000e+00,0.000000000000000000e+00,-1.115470487385283871e+00,5.682351045386734301e-01,-3.441232493402288095e-01,3.517306900142666004e-01,0.000000000000000000e+00,0.000000000000000000e+00,0.000000000000000000e+00,-9.408485784782357753e-01,-6.524595924435955263e-01,2.164240450767847546e-01,3.342984605274058607e-01,0.000000000000000000e+00,0.000000000000000000e+00,0.000000000000000000e+00
2.824659755613909140e-02,4.251546587765933083e-01,8.475724834897437887e-01,3.887581161737835994e-04,1.861944657371094117e-02,7.178776588214166310e-01,6.959201333784633681e-01,-5.463536202060311764e-01,2.418720398715997200e-01,1.529206373369408900e-01,9.058974803603554449e-01,-4.125704656170925966e-01,5.776723648770281522e-02,-5.882327959354912705e-01,-2.915268111799944051e-01,-1.760446779080659663e-01,8.811734860791892165e-01,-4.395993149468097050e-01,-1.693944374614176143e-02,3.034462889618560338e-02,0.000000000000000000e+00,0.000000000000000000e+00,-1.114443248201381298e+00,5.687926203329274344e-01,-3.438515238948743336e-01,3.520404042657795385e-01,0.000000000000000000e+00,0.000000000000000000e+00,0.000000000000000000e+00,-9.386550221680338701e-01,-6.536911186544770436e-01,2.194491585401272260e-01,3.352366803343909130e-01,0.000000000000000000e+00,0.000000000000000000e+00,0.000000000000000000e+00
2.804189798087388177e-02,4.248728645263574744e-01,8.476028428956036143e-01,6.915786212213330397e-04,1.868556982833832064e-02,7.175513195642988507e-01,6.962546050050478774e-01,-5.457422424634091884e-01,2.421364116204102190e-01,1.545265531081462806e-01,9.052376842132058288e-01,-4.100398628539330681e-01,5.460295135451186804e-02,-5.879433432447676022e-01,-2.926099023713210068e-01,-1.767965683742351857e-01,8.803022356595924247e-01,-4.410917317713971553e-01,-1.939950966605695840e-02,3.104561046281486755e-02,0.000000000000000000e+00,0.000000000000000000e+00,-1.113697854137873700e+00,5.657858502275724399e-01,-3.411836215998040323e-01,3.524337641305216318e-01,0.000000000000000000e+00,0.000000000000000000e+00,0.000000000000000000e+00,-9.379798078387173721e-01,-6.473648422338065256e-01,2.150370754004203855e-01,3.320307661436533442e-01,0.000000000000000000e+00,0.000000000000000000e+00,0.000000000000000000e+00
2.777245146118673125e-02,4.243650409259267509e-01,8.473897114860550195e-01,8.700340366165661143e-04,1.790151627902882708e-02,7.176317157505535116e-01,6.961921425185754186e-01,-5.460949771988989898e-01,2.434099661113511837e-01,1.548577862946493577e-01,9.072593344300582396e-01,-4.089141229171568970e-01,5.649320225278452873e-02,-5.871695424183702716e-01,-2.932718409661067005e-01,-1.784526950353657881e-01,8.808048755030903898e-01,-4.384042155538969143e-01,-1.755638103320248875e-02,3.050050603169822058e-02,0.000000000000000000e+00,0.000000000000000000e+00,-1.111831498341525837e+00,5.597647490881815235e-01,-3.354939983744667509e-01,3.525794477029048912e-01,0.000000000000000000e+00,0.000000000000000000e+00,0.000000000000000000e+00,-9.352992604138911092e-01,-6.412930629288127182e-01,2.077010028839263167e-01,3.338810250300480731e-01,0.000000000000000000e+00,0.000000000000000000e+00,0.000000000000000000e+00
2.766616644891158397e-02,4.240121596072246035e-01,8.474490048089314831e-01,1.644278365522814159e-03,1.829233056010251546e-02,7.178332896131865981e-01,6.959727403529883949e-01,-5.444606671380808338e-01,2.414668452137626597e-01,1.562773809702907302e-01,9.051995423714659372e-01,-4.115801714407021361e-01,5.305182387241303560e-02,-5.873272869709031951e-01,-2.941875356882934778e-01,-1.758367471365832602e-01,8.808408912307618133e-01,-4.393257503525574426e-01,-1.908804972430120164e-02,2.983814855113560427e-02,0.000000000000000000e+00,0.000000000000000000e+00,-1.111308353081184253e+00,5.697137690913672836e-01,-3.413123964352769435e-01,3.527121692381079976e-01,0.000000000000000000e+00,0.000000000000000000e+00,0.000000000000000000e+00,-9.352106499805686868e-01,-6.458247747227031654e-01,2.103413572134971987e-01,3.304799692644773690e-01,0.000000000000000000e+00,0.000000000000000000e+00,0.000000000000000000e+00
2.742623727427796060e-02,4.237297701065538269e-01,8.470925993883214877e-01,1.796831731002927063e-03,1.752851123417399973e-02,7.178110324804997111e-01,6.960149742203277645e-01,-5.447465829716146013e-01,2.429587888013343411e-01,1.567572011719294833e-01,9.080017033228425793e-01,-4.133369955932930662e-01,5.661217367387945398e-02,-5.874169493866410185e-01,-2.958635303053922527e-01,-1.784618993606945370e-01,8.828367388155878848e-01,-4.334958821606138546e-01,-1.657091581804315608e-02,2.869667565559886474e-02,0.000000000000000000e+00,0.000000000000000000e+00,-1.114735655485765697e+00,5.763969178501414659e-01,-3.452422847958708241e-01,3.551777285883313540e-01,0.000000000000000000e+00,0.000000000000000000e+00,0.000000000000000000e+00,-9.349126874351201266e-01,-6.533578241435763490e-01,2.169380843289921701e-01,3.337799013410712723e-01,0.000000000000000000e+00,0.000000000000000000e+00,0.000000000000000000e+00
2.724319699571810249e-02,4.234988086818627928e-01,8.471894420325576380e-01,1.380787479679249086e-03,1.786072985364378640e-02,7.182354694566693842e-01,6.955694776004691660e-01,-5.464319726657984599e-01,2.420662316689265459e-01,1.563932132128980634e-01,9.074480609132482556e-01,-4.126443961936164251e-01,5.934641524710908278e-02,-5.878339112335971839e-01,-2.965267837276494012e-01,-1.789682122123930907e-01,8.810402543364814765e-01,-4.324321792790861707e-01,-1.629034537921099715e-02,2.863982357179171989e-02,0.000000000000000000e+00,0.000000000000000000e+00,-1.115571545641353524e+00,5.751669043397058534e-01,-3.467726086244715122e-01,3.500220513407890643e-01,0.000000000000000000e+00,0.000000000000000000e+00,0.000000000000000000e+00,-9.327289140131665990e-01,-6.528953564768436024e-01,2.192466814563167332e-01,3.311698934080920531e-01,0.000000000000000000e+00,0.000000000000000000e+00,0.000000000000000000e+00
2.698940759758045385e-02,4.233208419870164163e-01,8.476285491872198596e-01,1.462059407359928703e-03,1.748740784430464351e-02,7.180293878789045792e-01,6.957915284705774583e-01,-5.447226930431068315e-01,2.423589392627306105e-01,1.570261214520866089e-01,9.053388362478054230e-01,-4.119601774478229839e-01,5.950363880189866311e-02,-5.861734334278371206e-01,-2.966061160006427944e-01,-1.798880434887328850e-01,8.779792404889706914e-01,-4.264303709450495972e-01,-1.386503705043259406e-02,2.714123107844462410e-02,0.000000000000000000e+00,0.000000000000000000e+00,-1.114883012697016396e+00,5.767503049746570687e-01,-3.447146037331556001e-01,3.514255744661990977e-01,0.000000000000000000e+00,0.000000000000000000e+00,0.000000000000000000e+00,-9.317338650661316501e-01,-6.521081316873134082e-01,2.162215299540828084e-01,3.316471679257549376e-01,0.000000000000000000e+00,0.000000000000000000e+00,0.000000000000000000e+00
2.685299318296220997e-02,4.231674944748778922e-01,8.474623759985270288e-01,1.942003628852032385e-03,1.740212682880604156e-02,7.174566140257837565e-01,6.963830853735590853e-01,-5.437124290555261918e-01,2.423935556059029217e-01,1.580772144289754599e-01,9.061419635172730525e-01,-4.137022800821008039e-01,5.926233936432056398e-02,-5.862005641618462937e-01,-2.968479314957016002e-01,-1.790372738985537837e-01,8.786395563629834093e-01,-4.280956536103546761e-01,-1.325806427162647128e-02,2.639754617975682491e-02,0.000000000000000000e+00,0.000000000000000000e+00,-1.115260279255001485e+00,5.830377781420846839e-01,-3.485160478907917136e-01,3.517914418546231325e-01,0.000000000000000000e+00,0.000000000000000000e+00,0.000000000000000000e+00,-9.329688797661842559e-01,-6.509677512664369115e-01,2.163443660990421458e-01,3.315478642094095152e-01,0.000000000000000000e+00,0.000000000000000000e+00,0.000000000000000000e+00
2.680984516834405626e-02,4.231981195646552507e-01,8.478158720501113299e-01,1.169540449006977595e-03,1.772142915705286065e-02,7.173676353277185225e-01,6.964684191749744846e-01,-5.446087389649856281e-01,2.418140762265784116e-01,1.565039448003699429e-01,9.043484815035871538e-01,-4.142147851415513560e-01,5.879829739442098135e-02,-5.861116985130684354e-01,-2.964210767843442063e-01,-1.805749601991037123e-01,8.757282281276426161e-01,-4.278942956030903355e-01,-1.232336386277099217e-02,2.637685905512345691e-02,0.000000000000000000e+00,0.000000000000000000e+00,-1.115342083947505447e+00,5.812024982986906396e-01,-3.483300782964457443e-01,3.473303878076001716e-01,0.000000000000000000e+00,0.000000000000000000e+00,0.000000000000000000e+00,-9.309581272881851666e-01,-6.491062984065310015e-01,2.146773156429201690e-01,3.255396882251720414e-01,0.000000000000000000e+00,0.000000000000000000e+00,0.000000000000000000e+00
2.688473122012400435e-02,4.230585231914406608e-01,8.481670647891033088e-01,1.478955304140779081e-03,1.811340168540965037e-02,7.181613499160354186e-01,6.956392692030619607e-01,-5.433250636081853324e-01,2.402662053205713855e-01,1.573596249317779083e-01,9.008951290623936625e-01,-4.151503478019262783e-01,5.458324315447931480e-02,-5.849050410132732303e-01,-2.974565881014052948e-01,-1.801578916652705753e-01,8.742789930112003782e-01,-4.300885742527616462e-01,-1.343080672712344825e-02,2.538332794821172855e-02,0.000000000000000000e+00,0.000000000000000000e+00,-1.115105533638174995e+00,5.872321521236016917e-01,-3.513499152305927797e-01,3.510796047563079503e-01,0.000000000000000000e+00,0.000000000000000000e+00,0.000000000000000000e+00,-9.297935581323528709e-01,-6.488344749000262146e-01,2.070095162885527973e-01,3.241049168157638105e-01,0.000000000000000000e+00,0.000000000000000000e+00,0.000000000000000000e+00
2.681743365990634648e-02,4.229186716696053949e-01,8.483295781500854726e-01,1.089142094286807069e-03,1.766158730873643862e-02,7.182156107375728959e-01,6.955955855208472149e-01,-5.435591499041831920e-01,2.414082954237559142e-01,1.567530645406937095e-01,9.006731053817793597e-01,-4.148707326763267922e-01,5.437893647949511300e-02,-5.834097699254346958e-01,-2.964718424352186799e-01,-1.815618179793944686e-01,8.720616994750705064e-01,-4.307248748354117196e-01,-1.182444423893720155e-02,2.400310525353262919e-02,0.000000000000000000e+00,0.000000000000000000e+00,-1.116698106409925284e+00,5.886647280690119333e-01,-3.534878465518924151e-01,3.523265747586732943e-01,0.000000000000000000e+00,0.000000000000000000e+00,0.000000000000000000e+00,-9.291752085862021726e-01,-6.536814063430540500e-01,2.087117387289811332e-01,3.255146764779757729e-01,0.000000000000000000e+00,0.000000000000000000e+00,0.000000000000000000e+00
2.688799996952124377e-02,4.226695990686262783e-01,8.483107501261069050e-01,1.715760496965262547e-03,1.788000092354062598e-02,7.177733833620318915e-01,6.960450645395840352e-01,-5.426414287614367282e-01,2.403186487837694341e-01,1.569439531813688060e-01,8.996366141207471356e-01,-4.117662503042531785e-01,5.248673106013533596e-02,-5.836238070433499292e-01,-2.967537944853749221e-01,-1.801981062591720417e-01,8.719416213450903452e-01,-4.320594885553108444e-01,-1.494294727607667003e-02,2.569737142306559655e-02,0.000000000000000000e+00,0.000000000000000000e+00,-1.115064401476003386e+00,5.859192736128219225e-01,-3.532325758564504037e-01,3.537130393546083496e-01,0.000000000000000000e+00,0.000000000000000000e+00,0.000000000000000000e+00,-9.287437098096110732e-01,-6.543181547245174867e-01,2.127184821861166919e-01,3.233441934705529874e-01,0.000000000000000000e+00,0.000000000000000000e+00,0.000000000000000000e+00
2.683441908194693012e-02,4.222646591079566858e-01,8.480411926634142672e-01,2.525945373784095616e-03,1.765629005308002111e-02,7.180559235547812058e-01,6.957568294091130978e-01,-5.420080659785131427e-01,2.395732651940188362e-01,1.575640124264770237e-01,9.001579420340523052e-01,-4.106332937691487550e-01,5.201522705948843223e-02,-5.838131889586211098e-01,-2.983668639423947000e-01,-1.794646229076009292e-01,8.740210202075472390e-01,-4.299268613584543708e-01,-1.435654532197065333e-02,2.416861000961076020e-02,0.000000000000000000e+00,0.000000000000000000e+00,-1.115366228039526897e+00,5.886176900605935014e-01,-3.539312091049653941e-01,3.560759020924382234e-01,0.000000000000000000e+00,0.000000000000000000e+00,0.000000000000000000e+00,-9.284635916328292105e-01,-6.506450517518622689e-01,2.082833746630713967e-01,3.253501821322719589e-01,0.000000000000000000e+00,0.000000000000000000e+00,0.000000000000000000e+00
2.667474159760755206e-02,4.219485797622759549e-01,8.480408523119865594e-01,2.233724384024969242e-03,1.793830428625526122e-02,7.172864215574142888e-01,6.965439089993326061e-01,-5.426724306637676909e-01,2.403360745689435418e-01,1.587059586570683245e-01,9.000616136843728743e-01,-4.109191903995326745e-01,5.248004960943115221e-02,-5.852765218824319549e-01,-2.975160240908365505e-01,-1.784953285267345535e-01,8.728822002502767408e-01,-4.288444573626965517e-01,-1.249254883418370043e-02,2.416805142795317579e-02,0.000000000000000000e+00,0.000000000000000000e+00,-1.114421844992699251e+00,5.887474250621372862e-01,-3.494960810879135238e-01,3.528978551039520517e-01,0.000000000000000000e+00,0.000000000000000000e+00,0.000000000000000000e+00,-9.255640187553968445e-01,-6.467772483191017718e-01,2.068753521593461042e-01,3.212128524484903491e-01,0.000000000000000000e+00,0.000000000000000000e+00,0.000000000000000000e+00
2.651502008789321033e-02,4.214953485419917767e-01,8.475851370047483568e-01,2.547281766562527194e-03,1.743192956861337739e-02,7.181824777193591691e-01,6.956317760740952094e-01,-5.442314114438576711e-01,2.402027882418522053e-01,1.579873023425810985e-01,9.026279254128468654e-01,-4.088553298740215669e-01,5.181757274379773098e-02,-5.853657721345733034e-01,-2.999395187382158934e-01,-1.803733184239860732e-01,8.754719246432324242e-01,-4.265637763489291689e-01,-1.218740055845171297e-02,2.342592606136253280e-02,0.000000000000000000e+00,0.000000000000000000e+00,-1.114440355140959182e+00,5.861037641625439498e-01,-3.503119291634945731e-01,3.535080318962910417e-01,0.000000000000000000e+00,0.000000000000000000e+00,0.000000000000000000e+00,-9.241714571654171539e-01,-6.496235065398777708e-01,2.024857524612144188e-01,3.193471052900795359e-01,0.000000000000000000e+00,0.000000000000000000e+00,0.000000000000000000e+00
2.621708560939881374e-02,4.211432241225638862e-01,8.474732323731244410e-01,1.991157503500177658e-03,1.700600959770832282e-02,7.185308539224610769e-01,6.952842892593067425e-01,-5.462091021575802285e-01,2.416335301293512372e-01,1.575663622502254668e-01,9.041387120902537600e-01,-4.079665583829361619e-01,5.178867254792322850e-02,-5.854013436362097700e-01,-2.995216146551019087e-01,-1.817528343370985178e-01,8.749587628469666090e-01,-4.255488584125289853e-01,-1.376430773807674895e-02,2.328401237915034977e-02,0.000000000000000000e+00,0.000000000000000000e+00,-1.114601245611333891e+00,5.764589057086429991e-01,-3.474306391858592580e-01,3.516438453753353288e-01,0.000000000000000000e+00,0.000000000000000000e+00,0.000000000000000000e+00,-9.218787290608986273e-01,-6.504799074932358094e-01,2.016905244489540228e-01,3.200806792132970813e-01,0.000000000000000000e+00,0.000000000000000000e+00,0.000000000000000000e+00
2.605415809977204220e-02,4.209992864952571967e-01,8.470782518613523271e-01,7.908598985830756628e-04,1.726024863355011055e-02,7.195203772159887157e-01,6.942563540427207913e-01,-5.510389906706466556e-01,2.410529221405840195e-01,1.546581511710108658e-01,9.071234355447868047e-01,-4.120302038455452842e-01,5.291652345815084368e-02,-5.877156929270842545e-01,-2.998518658091762212e-01,-1.831334454001286305e-01,8.767778756158447484e-01,-4.262716657361222405e-01,-1.277909108764699667e-02,2.540714509379577574e-02,0.000000000000000000e+00,0.000000000000000000e+00,-1.116685064539708616e+00,5.726567182285909885e-01,-3.477942503601051394e-01,3.468600359360536900e-01,0.000000000000000000e+00,0.000000000000000000e+00,0.000000000000000000e+00,-9.200646378357154598e-01,-6.605235263938599166e-01,1.989391915319976278e-01,3.190327198182673629e-01,0.000000000000000000e+00,0.000000000000000000e+00,0.000000000000000000e+00
2.598776060787034298e-02,4.208562911683937369e-01,8.471517418771282726e-01,5.928066250626192607e-04,1.723670189019785651e-02,7.197214419185121725e-01,6.940486947837253284e-01,-5.516772632862213532e-01,2.409271126428473853e-01,1.539568753596611550e-01,9.067342316009108227e-01,-4.112504790819417333e-01,5.130774747152549997e-02,-5.875358568150852445e-01,-2.997999982721514800e-01,-1.834836836839227880e-01,8.757190342087740609e-01,-4.257266305243811999e-01,-1.279611407014397649e-02,2.737911819243591532e-02,0.000000000000000000e+00,0.000000000000000000e+00,-1.116670580374900856e+00,5.704809330017903690e-01,-3.471326334019970705e-01,3.461171306339833054e-01,0.000000000000000000e+00,0.000000000000000000e+00,0.000000000000000000e+00,-9.179910479641619769e-01,-6.657551623380270067e-01,1.990076640740679192e-01,3.178215102528924030e-01,0.000000000000000000e+00,0.000000000000000000e+00,0.000000000000000000e+00
2.607691262076975922e-02,4.207943373860811298e-01,8.469426345508075382e-01,7.897401403447155965e-04,1.696806009990922681e-02,7.194734041075512287e-01,6.943122366981947513e-01,-5.516654922359496283e-01,2.420768331645989646e-01,1.542580584406499367e-01,9.077458617159870347e-01,-4.081821830259392270e-01,4.970273914984366798e-02,-5.874089568483207291e-01,-2.998170725673728332e-01,-1.840234062272723403e-01,8.763482349844503583e-01,-4.264673853751788091e-01,-1.521011830470804516e-02,2.906507204764352537e-02,0.000000000000000000e+00,0.000000000000000000e+00,-1.114102498787957529e+00,5.686855014762001170e-01,-3.455702126514083594e-01,3.416923804417237864e-01,0.000000000000000000e+00,0.000000000000000000e+00,0.000000000000000000e+00,-9.157831759068999489e-01,-6.683981756231064386e-01,2.023928816701990596e-01,3.145804639032741545e-01,0.000000000000000000e+00,0.000000000000000000e+00,0.000000000000000000e+00
2.630326477428324844e-02,4.208946111099055032e-01,8.467974675896791092e-01,1.091464164529286351e-03,1.691550383399334501e-02,7.194576705296743535e-01,6.943294137165982871e-01,-5.511753697156996923e-01,2.432648290672973224e-01,1.559565873876175568e-01,9.081552795687128921e-01,-4.060728288049378909e-01,5.009395886206385873e-02,-5.873159629375307444e-01,-3.012906657763280149e-01,-1.857746301818994084e-01,8.779795568048199828e-01,-4.269118949589979506e-01,-1.636250876316854008e-02,3.000296885111152639e-02,0.000000000000000000e+00,0.000000000000000000e+00,-1.113541657626120118e+00,5.738800314708593087e-01,-3.472353996114465047e-01,3.392285685085870695e-01,0.000000000000000000e+00,0.000000000000000000e+00,0.000000000000000000e+00,-9.133126961858472059e-01,-6.674026850684878776e-01,1.995028728068361512e-01,3.131498733786679534e-01,0.000000000000000000e+00,0.000000000000000000e+00,0.000000000000000000e+00
2.665706889599458312e-02,4.211618874536477430e-01,8.475341291632731977e-01,1.262992912250595484e-03,1.746538379203065039e-02,7.202323335956515304e-01,6.935118966977158461e-01,-5.489562145724885545e-01,2.400828263176622290e-01,1.547374443762909724e-01,9.026792518732343895e-01,-4.087070285968470995e-01,4.921121734353917782e-02,-5.856123356445150918e-01,-3.004537587481824756e-01,-1.835360675634681027e-01,8.750053830453002890e-01,-4.274023489519908625e-01,-1.718596927373805192e-02,2.959660807642367289e-02,0.000000000000000000e+00,0.000000000000000000e+00,-1.112230989137875881e+00,5.829342635328421673e-01,-3.513956075800680479e-01,3.389810548150870018e-01,0.000000000000000000e+00,0.000000000000000000e+00,0.000000000000000000e+00,-9.118804266874431796e-01,-6.657855954038324198e-01,1.920645624406123464e-01,3.115324143459961559e-01,0.000000000000000000e+00,0.000000000000000000e+00,0.000000000000000000e+00
2.696136464855097836e-02,4.213513431015016852e-01,8.474236113128641446e-01,1.818549047831991006e-03,1.653772521415499894e-02,7.202152449470916595e-01,6.935511498583957213e-01,-5.470527417238241208e-01,2.412748689196434482e-01,1.538971933745266474e-01,9.035194149815970466e-01,-4.078560264671743929e-01,4.756395527884416108e-02,-5.833007174686579699e-01,-3.008748298944778909e-01,-1.859327574600405097e-01,8.761178852230623315e-01,-4.270335168669723291e-01,-1.820703846425332506e-02,3.035441298242416708e-02,0.000000000000000000e+00,0.000000000000000000e+00,-1.111066519592552204e+00,5.825728439903330447e-01,-3.501689844603265156e-01,3.393608583373831089e-01,0.000000000000000000e+00,0.000000000000000000e+00,0.000000000000000000e+00,-9.087425502305165326e-01,-6.639810640988995649e-01,1.898713550080455836e-01,3.108298841882951580e-01,0.000000000000000000e+00,0.000000000000000000e+00,0.000000000000000000e+00
2.731556974845463642e-02,4.217903851931678050e-01,8.481506473796500689e-01,1.441388853488961841e-03,1.716280074540926098e-02,7.203633513280282008e-01,6.933830130109899237e-01,-5.457545531822639573e-01,2.393435717548758612e-01,1.522360263803361480e-01,8.987474376807941256e-01,-4.087014121637153052e-01,4.539810071583655349e-02,-5.815260222855566097e-01,-2.997382301005027672e-01,-1.859148749801786404e-01,8.720717765680972011e-01,-4.307742828242429600e-01,-1.794640421255018839e-02,3.128964615958915174e-02,0.000000000000000000e+00,0.000000000000000000e+00,-1.111692307612018871e+00,5.881158628160245705e-01,-3.524600732025318650e-01,3.386446098502853275e-01,0.000000000000000000e+00,0.000000000000000000e+00,0.000000000000000000e+00,-9.085792057552893874e-01,-6.688393402280745637e-01,1.910147992366013070e-01,3.075074395568340169e-01,0.000000000000000000e+00,0.000000000000000000e+00,0.000000000000000000e+00
2.760785942265346626e-02,4.219488416172194056e-01,8.479612530522784297e-01,1.399865500469572172e-03,1.736752889238921821e-02,7.208158600438174801e-01,6.929075733646189450e-01,-5.466435848322365176e-01,2.391516909383857026e-01,1.519028589547380959e-01,8.995550032325295708e-01,-4.093303300760929853e-01,4.572746831922481353e-02,-5.821073307006480180e-01,-3.004360828539564543e-01,-1.865191081124216443e-01,8.739930237035029581e-01,-4.329780442354121406e-01,-1.989285369151991625e-02,3.159581924275520204e-02,0.000000000000000000e+00,0.000000000000000000e+00,-1.111648256657630895e+00,5.863390692957690664e-01,-3.490783853340703180e-01,3.399079081331404240e-01,0.000000000000000000e+00,0.000000000000000000e+00,0.000000000000000000e+00,-9.075561637109500479e-01,-6.646562703851299769e-01,1.828816741301541871e-01,3.089264025664003599e-01,0.000000000000000000e+00,0.000000000000000000e+00,0.000000000000000000e+00
2.775130506299912717e-02,4.220486288191371282e-01,8.476423553676022404e-01,2.266548162099471173e-03,1.584729239068670414e-02,7.209112202619275545e-01,6.928425063344280099e-01,-5.450178140073547173e-01,2.406791278767969611e-01,1.506661394804240661e-01,9.027147448322092593e-01,-4.069312094682712710e-01,4.740056469603703276e-02,-5.796601470083025953e-01,-3.002894637757617113e-01,-1.873470761544286378e-01,8.764301682907686963e-01,-4.304281273353157133e-01,-2.086905179824709994e-02,3.055749957683446053e-02,0.000000000000000000e+00,0.000000000000000000e+00,-1.113419494442260627e+00,5.820298931383016683e-01,-3.484357297422895350e-01,3.475199228219281178e-01,0.000000000000000000e+00,0.000000000000000000e+00,0.000000000000000000e+00,-9.072611553520074645e-01,-6.670000577576523648e-01,1.886598286181624951e-01,3.158534849344403761e-01,0.000000000000000000e+00,0.000000000000000000e+00,0.000000000000000000e+00
2.802171941202806146e-02,4.220407177598834991e-01,8.477555803021510350e-01,2.061033519358438509e-03,1.637350172013894017e-02,7.209498233011416568e-01,6.927907424787849155e-01,-5.455461021786982556e-01,2.404513632204768880e-01,1.512005906128818800e-01,9.012187292985699427e-01,-4.052884469549962732e-01,4.855983707258874904e-02,-5.803670464319652389e-01,-2.999688070574772492e-01,-1.869875096920211588e-01,8.754224362683136196e-01,-4.297056273385689851e-01,-2.230346065000975847e-02,3.127538948111133199e-02,0.000000000000000000e+00,0.000000000000000000e+00,-1.112850296905598668e+00,5.890046112875606532e-01,-3.483850698547393820e-01,3.443007474785040878e-01,0.000000000000000000e+00,0.000000000000000000e+00,0.000000000000000000e+00,-9.053634651433751790e-01,-6.665297598315675920e-01,1.859908725744570390e-01,3.120842672800516748e-01,0.000000000000000000e+00,0.000000000000000000e+00,0.000000000000000000e+00
2.818651529114005530e-02,4.219533190088337049e-01,8.475581447362745546e-01,1.988665184153914911e-03,1.680683811055832047e-02,7.208982852490755100e-01,6.928342065230714830e-01,-5.465179038373775278e-01,2.399998779669948734e-01,1.510217772682196369e-01,9.017939558558013546e-01,-4.075401034965778768e-01,4.721692125920956551e-02,-5.814323294599068603e-01,-3.007984709702168913e-01,-1.874443247434941506e-01,8.764421032033047343e-01,-4.333828743601316758e-01,-2.098746955000220515e-02,3.142242981890258635e-02,0.000000000000000000e+00,0.000000000000000000e+00,-1.114101330460368633e+00,5.984454770568452542e-01,-3.528337254990899230e-01,3.456903718998320940e-01,0.000000000000000000e+00,0.000000000000000000e+00,0.000000000000000000e+00,-9.059627111013074385e-01,-6.703502895750892421e-01,1.852619099000903935e-01,3.104190230643496529e-01,0.000000000000000000e+00,0.000000000000000000e+00,0.000000000000000000e+00
2.823641647575476574e-02,4.216964980659596018e-01,8.474107479369732410e-01,2.170771108288404444e-03,1.649633577822169628e-02,7.202932863379080120e-01,6.934700716795387798e-01,-5.459096517898128775e-01,2.405739124311118415e-01,1.507264069138524731e-01,9.027845291804651451e-01,-4.118201442930918832e-01,4.736397849403510552e-02,-5.821624765350155162e-01,-2.994337984051401724e-01,-1.860250631155241363e-01,8.771996259982784983e-01,-4.318423684157055020e-01,-2.116481705006414277e-02,3.005252431203639038e-02,0.000000000000000000e+00,0.000000000000000000e+00,-1.112782783312135759e+00,5.997673767991568150e-01,-3.529114383567813484e-01,3.452847487547232586e-01,0.000000000000000000e+00,0.000000000000000000e+00,0.000000000000000000e+00,-9.061392572479627372e-01,-6.693620563791700118e-01,1.904060692558304790e-01,3.115577790471623643e-01,0.000000000000000000e+00,0.000000000000000000e+00,0.000000000000000000e+00
2.824672598940377449e-02,4.214610445547871120e-01,8.470404838381517809e-01,2.117964857041583493e-03,1.607991501105653434e-02,7.197918625903763079e-01,6.940004503649683798e-01,-5.468620886284040195e-01,2.425634663606119068e-01,1.514161703315697882e-01,9.055974032436767684e-01,-4.117626490318569976e-01,5.112527059111025146e-02,-5.832915041485094987e-01,-2.989503406332901236e-01,-1.863913610207880711e-01,8.790015102297257243e-01,-4.298510956403490679e-01,-2.073838527969424153e-02,2.886125324264671513e-02,0.000000000000000000e+00,0.000000000000000000e+00,-1.112304332175500177e+00,5.991519104116959094e-01,-3.523692597491104861e-01,3.443266398545690721e-01,0.000000000000000000e+00,0.000000000000000000e+00,0.000000000000000000e+00,-9.052195516808909659e-01,-6.651577308949130352e-01,1.927647399734725431e-01,3.120698144654035500e-01,0.000000000000000000e+00,0.000000000000000000e+00,0.000000000000000000e+00
2.830730543434197347e-02,4.211565918495822625e-01,8.470802337505241031e-01,2.428142282499986399e-03,1.612297742558843269e-02,7.197436017932137275e-01,6.940484863478360023e-01,-5.465733067364394460e-01,2.423902606533592519e-01,1.519566357980166593e-01,9.046921402492074105e-01,-4.092410956958767443e-01,5.044731766784489591e-02,-5.834957737103383391e-01,-2.994980467965800974e-01,-1.863202063708838396e-01,8.786660726132239363e-01,-4.273054110466055766e-01,-2.226356456592199287e-02,2.803864971518887222e-02,0.000000000000000000e+00,0.000000000000000000e+00,-1.109956168551607281e+00,5.964029524175166186e-01,-3.481833707440705750e-01,3.439164408246037641e-01,0.000000000000000000e+00,0.000000000000000000e+00,0.000000000000000000e+00,-9.035681890730692389e-01,-6.583616943078529626e-01,1.908211115212629927e-01,3.095401246876718915e-01,0.000000000000000000e+00,0.000000000000000000e+00,0.000000000000000000e+00
2.827865397036735326e-02,4.209172150416620184e-01,8.477132689236450691e-01,2.285923763383193932e-03,1.630909786877493203e-02,7.195115624707028035e-01,6.942851714895136306e-01,-5.451389941347869472e-01,2.423110033781694928e-01,1.531319266053643990e-01,9.009687968473454323e-01,-4.086280374956579031e-01,5.095877313098435418e-02,-5.825895570590697847e-01,-2.984576025597852622e-01,-1.855691917851676476e-01,8.745538450315164525e-01,-4.235971463742916887e-01,-1.945929313303518260e-02,2.646420132190901303e-02,0.000000000000000000e+00,0.000000000000000000e+00,-1.109509907813593932e+00,6.049045691255910961e-01,-3.522340112688194247e-01,3.442615724578378944e-01,0.000000000000000000e+00,0.000000000000000000e+00,0.000000000000000000e+00,-9.031759484710450980e-01,-6.612225327731411362e-01,1.917271309978039739e-01,3.099838006675065816e-01,0.000000000000000000e+00,0.000000000000000000e+00,0.000000000000000000e+00
2.831483526489082109e-02,4.206851055917862348e-01,8.470217683113296925e-01,2.573668024040262278e-03,1.672170059994000646e-02,7.185418139048481700e-01,6.952779463151977923e-01,-5.460238112255939580e-01,2.433484833126159652e-01,1.550640785699176905e-01,9.042059230797930836e-01,-4.122982034235530002e-01,4.876560467565783236e-02,-5.852215001696616792e-01,-2.993712634636239711e-01,-1.850529955479282007e-01,8.781307091598868908e-01,-4.298292702623465744e-01,-1.899234366103207464e-02,2.606740734225555453e-02,0.000000000000000000e+00,0.000000000000000000e+00,-1.110005009201007864e+00,6.094563257280757318e-01,-3.523154388327021658e-01,3.458369099774631916e-01,0.000000000000000000e+00,0.000000000000000000e+00,0.000000000000000000e+00,-9.078527801112652451e-01,-6.605500195826420340e-01,1.945101589568914713e-01,3.093374929493101777e-01,0.000000000000000000e+00,0.000000000000000000e+00,0.000000000000000000e+00
2.827951213164867084e-02,4.205277630314265269e-01,8.465453928482111756e-01,4.044629461257756922e-03,1.509442133077062639e-02,7.183912651703239227e-01,6.954637226658142435e-01,-5.430226563278132135e-01,2.453307401316771885e-01,1.562944936147924735e-01,9.078003500578564200e-01,-4.128676564177414798e-01,5.085953885233687743e-02,-5.830905527991785409e-01,-2.990588013576227500e-01,-1.832297278437295951e-01,8.814220922276601033e-01,-4.268695997717275592e-01,-1.832663811373694968e-02,2.366405437941041662e-02,0.000000000000000000e+00,0.000000000000000000e+00,-1.111386254447176647e+00,6.096943807732357890e-01,-3.555904819970431840e-01,3.507665784814512633e-01,0.000000000000000000e+00,0.000000000000000000e+00,0.000000000000000000e+00,-9.091878897701957118e-01,-6.606264103266429322e-01,2.049187058569648390e-01,3.166621699862451900e-01,0.000000000000000000e+00,0.000000000000000000e+00,0.000000000000000000e+00
2.841418948610078751e-02,4.205570726756246436e-01,8.465889821990805197e-01,3.517085459820847720e-03,1.581343751062859460e-02,7.182559117923039693e-01,6.955904042461862336e-01,-5.447744527514473134e-01,2.432532521540373971e-01,1.536177912029912940e-01,9.068979046362237728e-01,-4.127238501312283647e-01,5.030931286729108110e-02,-5.846864179904252001e-01,-2.983188469161077716e-01,-1.825215860403209822e-01,8.805900534704548255e-01,-4.278625275601469213e-01,-1.960417264942698745e-02,2.386202736824943882e-02,0.000000000000000000e+00,0.000000000000000000e+00,-1.109906770701249323e+00,6.088933500671861454e-01,-3.548462517439195385e-01,3.470165044898686491e-01,0.000000000000000000e+00,0.000000000000000000e+00,0.000000000000000000e+00,-9.095568208819430067e-01,-6.596652305300851893e-01,2.043871335125557742e-01,3.123165373391985633e-01,0.000000000000000000e+00,0.000000000000000000e+00,0.000000000000000000e+00
2.852743120731343965e-02,4.207076789053160182e-01,8.466688425103694460e-01,3.724332132156397274e-03,1.542135858235098300e-02,7.185301425984900181e-01,6.953148533053488123e-01,-5.438733881763200273e-01,2.442302741329437366e-01,1.545238422993090166e-01,9.067642701592379950e-01,-4.110736134468995773e-01,5.253296491612627350e-02,-5.832109837404512165e-01,-2.990856433850472840e-01,-1.841410930525652911e-01,8.805136047549710909e-01,-4.264593365895622545e-01,-1.939107154278155512e-02,2.191687795347514039e-02,0.000000000000000000e+00,0.000000000000000000e+00,-1.110773181506904184e+00,6.132777535661423363e-01,-3.569961092295286242e-01,3.491524544731067214e-01,0.000000000000000000e+00,0.000000000000000000e+00,0.000000000000000000e+00,-9.083096772546445097e-01,-6.601476784494118011e-01,2.032031656293794841e-01,3.138006067289424439e-01,0.000000000000000000e+00,0.000000000000000000e+00,0.000000000000000000e+00
2.866035974124731336e-02,4.210039598192279464e-01,8.472674845132848187e-01,2.939168931166835294e-03,1.590762635323116070e-02,7.190951387554842533e-01,6.947233191192245805e-01,-5.441565728083106457e-01,2.416525366292130994e-01,1.508024821285917083e-01,9.033071521169373508e-01,-4.143855840661903045e-01,4.911147505783779177e-02,-5.815490156814335787e-01,-2.978194253389818691e-01,-1.847106117390185931e-01,8.764298889805254289e-01,-4.315704318079161550e-01,-1.929873238639985208e-02,2.255598571603134941e-02,0.000000000000000000e+00,0.000000000000000000e+00,-1.109695560430919103e+00,6.101597405764798143e-01,-3.567243920417252911e-01,3.462998981774912943e-01,0.000000000000000000e+00,0.000000000000000000e+00,0.000000000000000000e+00,-9.074209071081992262e-01,-6.603969369408106971e-01,1.981997295550408655e-01,3.120543904756640230e-01,0.000000000000000000e+00,0.000000000000000000e+00,0.000000000000000000e+00
2.890912234227235172e-02,4.213416158901625574e-01,8.470480622286193917e-01,3.147370489321199907e-03,1.586397363181412876e-02,7.186428169252380149e-01,6.951912902801443694e-01,-5.436040491707779809e-01,2.440999285570309152e-01,1.534763591737690336e-01,9.045668628441012604e-01,-4.117331359123990731e-01,4.923277179616856319e-02,-5.816093472918153484e-01,-2.979676156882832272e-01,-1.853160932786422910e-01,8.778906646377222511e-01,-4.339596800324617143e-01,-2.189787850730801413e-02,2.348612686747898401e-02,0.000000000000000000e+00,0.000000000000000000e+00,-1.107999446867172111e+00,6.074720672196204374e-01,-3.516817387959182972e-01,3.444561969511770738e-01,0.000000000000000000e+00,0.000000000000000000e+00,0.000000000000000000e+00,-9.047251400602109861e-01,-6.548165327902503163e-01,1.927420048330333313e-01,3.083436381574733987e-01,0.000000000000000000e+00,0.000000000000000000e+00,0.000000000000000000e+00
2.910451225562602981e-02,4.217200552205334629e-01,8.475299077198306108e-01,3.185381035646819847e-03,1.628783358759177541e-02,7.187093901071545110e-01,6.951124890235276244e-01,-5.414364057231566552e-01,2.430610211939763232e-01,1.540694622122044943e-01,9.013620668988814311e-01,-4.164444150543123446e-01,4.832439674973370430e-02,-5.801596979633913964e-01,-2.977568018517555148e-01,-1.848356559379142339e-01,8.759772145241230268e-01,-4.365859004128639365e-01,-1.923589866852207578e-02,2.387565890592321591e-02,0.000000000000000000e+00,0.000000000000000000e+00,-1.105198803017678033e+00,6.151468423055057588e-01,-3.542973297783075792e-01,3.426428093295752486e-01,0.000000000000000000e+00,0.000000000000000000e+00,0.000000000000000000e+00,-9.023599931234255189e-01,-6.538830834640062539e-01,1.842960006582191612e-01,3.068113632479099184e-01,0.000000000000000000e+00,0.000000000000000000e+00,0.000000000000000000e+00
2.926162158554080489e-02,4.219736227770827242e-01,8.468614549905405520e-01,5.148388193332322643e-03,1.448374533813179613e-02,7.185855468102346766e-01,6.952686726262213845e-01,-5.377136972879836829e-01,2.436850094590891080e-01,1.534707372817519233e-01,9.061203037628466905e-01,-4.163109863185620596e-01,5.158307080693907976e-02,-5.770982588096686960e-01,-2.996370990850399929e-01,-1.855602743115382647e-01,8.816474979539917767e-01,-4.350850482245519624e-01,-1.944313106051224344e-02,2.455689203092339262e-02,0.000000000000000000e+00,0.000000000000000000e+00,-1.106094062893600238e+00,6.125261900771352686e-01,-3.540114631296897296e-01,3.523944041312329634e-01,0.000000000000000000e+00,0.000000000000000000e+00,0.000000000000000000e+00,-9.017912352658018493e-01,-6.537772702264605940e-01,1.857343869917838786e-01,3.148409745750935795e-01,0.000000000000000000e+00,0.000000000000000000e+00,0.000000000000000000e+00
2.942316770998704145e-02,4.221672304629885963e-01,8.465975609746003716e-01,5.215536981767049385e-03,1.467228744395726592e-02,7.181949688692390588e-01,6.956676712670117890e-01,-5.378542383195200616e-01,2.443730241514772417e-01,1.542774940396690053e-01,9.072481834436791903e-01,-4.170183300552811057e-01,5.179878455996501929e-02,-5.781403202596667734e-01,-2.999884257936989984e-01,-1.859097887158801810e-01,8.831818906299048200e-01,-4.351535014220233588e-01,-2.209653706507583651e-02,2.739845853886207008e-02,0.000000000000000000e+00,0.000000000000000000e+00,-1.102461916577838874e+00,6.072767042214187727e-01,-3.489896490608319635e-01,3.472707044274359056e-01,0.000000000000000000e+00,0.000000000000000000e+00,0.000000000000000000e+00,-8.996273300125458006e-01,-6.487506816110106822e-01,1.802606788413511074e-01,3.106075164870037431e-01,0.000000000000000000e+00,0.000000000000000000e+00,0.000000000000000000e+00
2.941631680294950341e-02,4.224670320733868722e-01,8.470582603708679548e-01,5.052587413249714707e-03,1.433149597648365574e-02,7.185910610692806122e-01,6.952668311769472087e-01,-5.364001740613042468e-01,2.437956910160037904e-01,1.528887653750284070e-01,9.053738274470528591e-01,-4.198326477418415914e-01,5.217658812119535527e-02,-5.761616632129696880e-01,-2.987096933467420778e-01,-1.855893776781019910e-01,8.809952294218019730e-01,-4.321001840631032431e-01,-2.082716398240661362e-02,2.706390088522665424e-02,0.000000000000000000e+00,0.000000000000000000e+00,-1.100152169877529840e+00,6.084284208346381062e-01,-3.490897012814691558e-01,3.442275656083826907e-01,0.000000000000000000e+00,0.000000000000000000e+00,0.000000000000000000e+00,-8.964669874313710984e-01,-6.518311332197290753e-01,1.783238697766392211e-01,3.111512843804375983e-01,0.000000000000000000e+00,0.000000000000000000e+00,0.000000000000000000e+00
2.947791323029236299e-02,4.226628939688684694e-01,8.469723753565147062e-01,5.749333180838775079e-03,1.471342617878766690e-02,7.184179075053974683e-01,6.954323622277177597e-01,-5.350830236453494315e-01,2.418908789714087626e-01,1.527021640238339084e-01,9.044999481219987425e-01,-4.181917958763044507e-01,4.786677590669139587e-02,-5.762137520475982821e-01,-2.996688456917376842e-01,-1.841730404716070413e-01,8.825225187940923810e-01,-4.360686630839935018e-01,-2.385119051098953322e-02,2.826502395256511382e-02,0.000000000000000000e+00,0.000000000000000000e+00,-1.097841122116189450e+00,6.078594771247585182e-01,-3.476834895233441580e-01,3.442493553201478873e-01,0.000000000000000000e+00,0.000000000000000000e+00,0.000000000000000000e+00,-8.971836665793904153e-01,-6.448112287698291034e-01,1.712087590860616459e-01,3.101131915511983195e-01,0.000000000000000000e+00,0.000000000000000000e+00,0.000000000000000000e+00
2.935789987000073792e-02,4.229544943808733470e-01,8.467064329142063306e-01,5.513628524889763183e-03,1.396762461459215288e-02,7.180316722093299520e-01,6.958484196054404158e-01,-5.348574295838838255e-01,2.461806834463183269e-01,1.555131618965193419e-01,9.074070017490029061e-01,-4.194350889515731096e-01,4.980238011781136509e-02,-5.759332964052837900e-01,-2.994045140102433722e-01,-1.856737823480049676e-01,8.834168533753267161e-01,-4.314742263415505819e-01,-2.008554764012987492e-02,2.764814828526514917e-02,0.000000000000000000e+00,0.000000000000000000e+00,-1.099192543522895305e+00,6.086018552856506947e-01,-3.466936813742989010e-01,3.429109379595055018e-01,0.000000000000000000e+00,0.000000000000000000e+00,0.000000000000000000e+00,-8.954874273197289680e-01,-6.485485227872969105e-01,1.767752410093381410e-01,3.095984097178033356e-01,0.000000000000000000e+00,0.000000000000000000e+00,0.000000000000000000e+00
2.928734818783585228e-02,4.231531049597100913e-01,8.468536015317587040e-01,5.514074292901958649e-03,1.426105172469214859e-02,7.180162897551636281e-01,6.958583369010011843e-01,-5.346363109180392037e-01,2.448920647819847751e-01,1.550750068246926072e-01,9.067029629629489440e-01,-4.199500914767635429e-01,5.106060301032874088e-02,-5.760060345993877062e-01,-2.998867629363614062e-01,-1.854132215378201110e-01,8.829257756471571295e-01,-4.306972856883655720e-01,-1.999866894642363807e-02,2.872064445136587180e-02,0.000000000000000000e+00,0.000000000000000000e+00,-1.097453124177202533e+00,6.063241214355307163e-01,-3.441931679492965523e-01,3.403134641108483960e-01,0.000000000000000000e+00,0.000000000000000000e+00,0.000000000000000000e+00,-8.952746305227956558e-01,-6.472730019663728296e-01,1.741511610117923436e-01,3.078781972226192210e-01,0.000000000000000000e+00,0.000000000000000000e+00,0.000000000000000000e+00
2.931557610799220490e-02,4.234252238028485826e-01,8.477772028016189454e-01,4.844707688551852867e-03,1.575245067805454771e-02,7.185666958533855064e-01,6.952627508470424766e-01,-5.346839369964573319e-01,2.419868404636274228e-01,1.553118365267445733e-01,9.001524100872171363e-01,-4.174658162069336265e-01,4.828922159665800795e-02,-5.755404727146362642e-01,-3.011618562217578399e-01,-1.862969407289956358e-01,8.774729183990370718e-01,-4.328711589233729673e-01,-1.995998935717819417e-02,2.993923335961269638e-02,0.000000000000000000e+00,0.000000000000000000e+00,-1.096748232447078975e+00,6.086443133915803161e-01,-3.461555758466876576e-01,3.363304118466033388e-01,0.000000000000000000e+00,0.000000000000000000e+00,0.000000000000000000e+00,-8.946745893777146019e-01,-6.503055043377098388e-01,1.719726453253345166e-01,3.044065346182250886e-01,0.000000000000000000e+00,0.000000000000000000e+00,0.000000000000000000e+00
2.920711467253296958e-02,4.234389206173659326e-01,8.480007563010490967e-01,4.706940100848464731e-03,1.554080141442146235e-02,7.181877182607819821e-01,6.956599237742939756e-01,-5.340680035482144872e-01,2.422510499303689446e-01,1.546213597133541118e-01,8.993471518930354902e-01,-4.160079668168703004e-01,4.716526777438452556e-02,-5.743260979779593045e-01,-3.005280894401758940e-01,-1.871000077457923294e-01,8.752773199741522570e-01,-4.327958991541350775e-01,-1.860322106764252664e-02,2.894099400432479860e-02,0.000000000000000000e+00,0.000000000000000000e+00,-1.095052378388509329e+00,6.088822873376340539e-01,-3.445280038781083354e-01,3.358007418032293301e-01,0.000000000000000000e+00,0.000000000000000000e+00,0.000000000000000000e+00,-8.935116186055335197e-01,-6.491426853079458326e-01,1.728656149332863101e-01,3.034435281744670143e-01,0.000000000000000000e+00,0.000000000000000000e+00,0.000000000000000000e+00
2.919650465974781700e-02,4.233705851192485770e-01,8.475276719271362946e-01,5.527582098314902728e-03,1.496341873684561320e-02,7.174479994502160896e-01,6.964294006004736470e-01,-5.323172058139933327e-01,2.438016715382718969e-01,1.566681463890373938e-01,9.020253191069010912e-01,-4.200523650586925339e-01,4.887775219975508401e-02,-5.742917742942168502e-01,-3.007613067308055332e-01,-1.861564475380586281e-01,8.779435204962192651e-01,-4.328292880923275132e-01,-1.658583216844935690e-02,2.798482626999704986e-02,0.000000000000000000e+00,0.000000000000000000e+00,-1.095586152522991519e+00,6.153354986450403352e-01,-3.453427427779091619e-01,3.388889832024842841e-01,0.000000000000000000e+00,0.000000000000000000e+00,0.000000000000000000e+00,-8.951924655643609396e-01,-6.521727640938660420e-01,1.778283960458756918e-01,3.054894310681744996e-01,0.000000000000000000e+00,0.000000000000000000e+00,0.000000000000000000e+00
2.927883902077917447e-02,4.232525995026696353e-01,8.468309799992845832e-01,7.264274066193449411e-03,1.432653205447434984e-02,7.170952253156124279e-01,6.967900821848246329e-01,-5.294771505969800840e-01,2.446189273969158751e-01,1.598427781390843183e-01,9.055931294394456987e-01,-4.238457271768272805e-01,4.935042453046986632e-02,-5.746403787657843321e-01,-3.032812246972816927e-01,-1.848891935837393419e-01,8.846062063462291070e-01,-4.334774035504855294e-01,-1.618608088563044944e-02,2.437068481737918180e-02,0.000000000000000000e+00,0.000000000000000000e+00,-1.100745548238915461e+00,6.234907390145717487e-01,-3.485117859529958673e-01,3.525073940494310998e-01,0.000000000000000000e+00,0.000000000000000000e+00,0.000000000000000000e+00,-9.039138176068746144e-01,-6.470461076965736691e-01,1.797848936694030342e-01,3.170794302847498858e-01,0.000000000000000000e+00,0.000000000000000000e+00,0.000000000000000000e+00
2.932418055116713454e-02,4.230583116070517069e-01,8.467757931168585772e-01,6.403538314487351377e-03,1.431622131750523615e-02,7.169477479945675080e-01,6.969504768272717365e-01,-5.315571600418690368e-01,2.462166663381550602e-01,1.594045662887869086e-01,9.065440139342406667e-01,-4.253819360732520316e-01,5.140390463096802809e-02,-5.756378235226713436e-01,-3.012985589416402599e-01,-1.851163840003499095e-01,8.832019136903743739e-01,-4.316026676262346706e-01,-1.595657391865574690e-02,2.220788328822343588e-02,0.000000000000000000e+00,0.000000000000000000e+00,-1.101120583025854360e+00,6.242282458549169855e-01,-3.471736402219037787e-01,3.481574368068993675e-01,0.000000000000000000e+00,0.000000000000000000e+00,0.000000000000000000e+00,-9.043393597914339832e-01,-6.458059487445693136e-01,1.821490347746290150e-01,3.141594745276153899e-01,0.000000000000000000e+00,0.000000000000000000e+00,0.000000000000000000e+00
2.946381898614891179e-02,4.228654061809632436e-01,8.458044739576777715e-01,7.507918871530015401e-03,1.416501110629493805e-02,7.165454711047071212e-01,6.973561295736276922e-01,-5.322974216779968737e-01,2.443529945901786460e-01,1.571379289816769720e-01,9.116065080937399978e-01,-4.268178079552479853e-01,5.067622754505793359e-02,-5.778846973133467957e-01,-3.025378165196112024e-01,-1.828820886624816233e-01,8.902270016645928985e-01,-4.375652159516510986e-01,-1.836739403146924257e-02,2.114877248968381057e-02,0.000000000000000000e+00,0.000000000000000000e+00,-1.106201243913376819e+00,6.334471987518254243e-01,-3.527519967078011076e-01,3.552811124616528371e-01,0.000000000000000000e+00,0.000000000000000000e+00,0.000000000000000000e+00,-9.116881980002751185e-01,-6.511956637534476178e-01,1.903094506393798180e-01,3.206554330479362003e-01,0.000000000000000000e+00,0.000000000000000000e+00,0.000000000000000000e+00
2.966162706101804075e-02,4.226267628607529581e-01,8.455169124533111757e-01,6.905774792553602548e-03,1.515070740914874724e-02,7.161897584401643035e-01,6.977069558524808812e-01,-5.353619776304275879e-01,2.445755355560503275e-01,1.577372502931670140e-01,9.122935604440201018e-01,-4.252250487449631411e-01,5.063499607605281144e-02,-5.815573358302346119e-01,-3.022507612821661027e-01,-1.821242976966764016e-01,8.914723783175091398e-01,-4.396184354715847453e-01,-2.026817338956119624e-02,2.261548288184719174e-02,0.000000000000000000e+00,0.000000000000000000e+00,-1.104972782978789425e+00,6.306003961582944406e-01,-3.488099636938184478e-01,3.507957231692959144e-01,0.000000000000000000e+00,0.000000000000000000e+00,0.000000000000000000e+00,-9.121958837889193594e-01,-6.487760194818364967e-01,1.882416617549028948e-01,3.171346642703223306e-01,0.000000000000000000e+00,0.000000000000000000e+00,0.000000000000000000e+00
2.968647367318765981e-02,4.223776192182593370e-01,8.455134498347408600e-01,7.130467518831274526e-03,1.469380954851770213e-02,7.170433840866444752e-01,6.968371644304626189e-01,-5.355670871757729490e-01,2.439918290867399975e-01,1.565587120372419760e-01,9.124137684838642404e-01,-4.244057172743269657e-01,5.110201266099807099e-02,-5.806210801381080922e-01,-3.023605799009067008e-01,-1.817903806727039495e-01,8.914221783882992911e-01,-4.362496722276120731e-01,-1.984191131462661670e-02,2.125309471389478372e-02,0.000000000000000000e+00,0.000000000000000000e+00,-1.104016325520922548e+00,6.307758006016765950e-01,-3.496712530129517105e-01,3.494232607270114088e-01,0.000000000000000000e+00,0.000000000000000000e+00,0.000000000000000000e+00,-9.112093474579479047e-01,-6.498888785438972082e-01,1.829066649757933594e-01,3.189213977241543985e-01,0.000000000000000000e+00,0.000000000000000000e+00,0.000000000000000000e+00
2.966332491779933439e-02,4.221299064957568792e-01,8.454482228555394441e-01,7.323731820774869936e-03,1.426568702837941079e-02,7.169860894165264176e-01,6.969030066723934658e-01,-5.350131925846534076e-01,2.449524998670570552e-01,1.571417305052816848e-01,9.129366399378396890e-01,-4.251889547503944766e-01,5.096072943024140128e-02,-5.799314012333818269e-01,-3.024980920776160764e-01,-1.827279200030549333e-01,8.915032533866764641e-01,-4.357061916545797997e-01,-2.060637181267987311e-02,2.128714863621180078e-02,0.000000000000000000e+00,0.000000000000000000e+00,-1.104180957159176524e+00,6.313738126425574304e-01,-3.521716784549075441e-01,3.481333868606800164e-01,0.000000000000000000e+00,0.000000000000000000e+00,0.000000000000000000e+00,-9.085339426512938354e-01,-6.482942380792285908e-01,1.808935520394749641e-01,3.191132735915525598e-01,0.000000000000000000e+00,0.000000000000000000e+00,0.000000000000000000e+00
2.962374996343116254e-02,4.220827358824976727e-01,8.454094860938697886e-01,7.333432329294425900e-03,1.431742449837420175e-02,7.172210319137174439e-01,6.966600487372781592e-01,-5.357789698773158804e-01,2.430863105439886596e-01,1.548304953362822645e-01,9.132551793416838759e-01,-4.253988456913159744e-01,5.295817973476018431e-02,-5.803543716052476098e-01,-3.025655215924045183e-01,-1.819585229972530693e-01,8.918392670205983475e-01,-4.342154928314380102e-01,-1.992571722812874063e-02,2.094485370337709901e-02,0.000000000000000000e+00,0.000000000000000000e+00,-1.105177976905610704e+00,6.339192608090691294e-01,-3.540109415951063765e-01,3.456367253355067115e-01,0.000000000000000000e+00,0.000000000000000000e+00,0.000000000000000000e+00,-9.080170957177489122e-01,-6.449952152039821751e-01,1.733809041656122207e-01,3.184733252489838629e-01,0.000000000000000000e+00,0.000000000000000000e+00,0.000000000000000000e+00
2.957138553136091919e-02,4.220847260876104401e-01,8.452833769288962129e-01,6.853943590177696138e-03,1.423814249643911255e-02,7.169937925394589406e-01,6.969004234576103851e-01,-5.367419514463075414e-01,2.452557379016084282e-01,1.560225784769058710e-01,9.143298105674819709e-01,-4.269022419114427147e-01,5.327667051148433225e-02,-5.809414151045705355e-01,-3.026478998008809151e-01,-1.837687230189272158e-01,8.916638274601454972e-01,-4.333204423427558516e-01,-1.991013626187059307e-02,2.192689088306870593e-02,0.000000000000000000e+00,0.000000000000000000e+00,-1.104748148924180384e+00,6.301188667820467604e-01,-3.485191588837852628e-01,3.408465944974456985e-01,0.000000000000000000e+00,0.000000000000000000e+00,0.000000000000000000e+00,-9.042884765108140099e-01,-6.471815044184664467e-01,1.744071222965081769e-01,3.130098945633235097e-01,0.000000000000000000e+00,0.000000000000000000e+00,0.000000000000000000e+00
2.954209385372535968e-02,4.223303064044599542e-01,8.455094418577383530e-01,6.001266218730002752e-03,1.527205485355001904e-02,7.172950490440545002e-01,6.965763143842957916e-01,-5.390229944263592587e-01,2.432523209094749062e-01,1.545837412514515230e-01,9.131221747035823677e-01,-4.280206867531289316e-01,5.429487582551552338e-02,-5.824652972128481210e-01,-3.025429121867022619e-01,-1.830841926332903435e-01,8.901683290445023822e-01,-4.355230569567921095e-01,-1.830779908884534041e-02,2.272490294969030031e-02,0.000000000000000000e+00,0.000000000000000000e+00,-1.105429519992361387e+00,6.343849873546836271e-01,-3.513305311436127898e-01,3.352277089346772931e-01,0.000000000000000000e+00,0.000000000000000000e+00,0.000000000000000000e+00,-9.024202725532328717e-01,-6.541273386240955556e-01,1.752963951978205037e-01,3.071955010814585441e-01,0.000000000000000000e+00,0.000000000000000000e+00,0.000000000000000000e+00
2.962965784874751346e-02,4.225696545413727967e-01,8.454241840764752380e-01,5.396867337860962802e-03,1.600033052702472258e-02,7.179895816751302728e-01,6.958489950067719976e-01,-5.415672403036376759e-01,2.422515429203296045e-01,1.536235927979113236e-01,9.131418630731236163e-01,-4.266137807622259470e-01,5.339348957515326760e-02,-5.839940581821239096e-01,-3.038988724860061108e-01,-1.840562458407308533e-01,8.909106578810171984e-01,-4.367222066390789026e-01,-1.886596583257661719e-02,2.424367626133366177e-02,0.000000000000000000e+00,0.000000000000000000e+00,-1.107291534975552105e+00,6.394459197502837533e-01,-3.564857400065837290e-01,3.300099215267304209e-01,0.000000000000000000e+00,0.000000000000000000e+00,0.000000000000000000e+00,-9.011795915960513215e-01,-6.633508772464292713e-01,1.771553938256286431e-01,3.028010131485331380e-01,0.000000000000000000e+00,0.000000000000000000e+00,0.000000000000000000e+00
2.967941656698057373e-02,4.227876687408098078e-01,8.449832991652951319e-01,6.139903944716376682e-03,1.579236410982418071e-02,7.182604566832886395e-01,6.955679831479345543e-01,-5.420086635541248032e-01,2.397174370033400004e-01,1.501035152822012830e-01,9.153489454102800016e-01,-4.224674287435994935e-01,5.230771049503576964e-02,-5.846391466738228848e-01,-3.054162812150217343e-01,-1.831887189344842404e-01,8.950753118674057429e-01,-4.368002587919809776e-01,-2.158748431433963472e-02,2.520779446164418680e-02,0.000000000000000000e+00,0.000000000000000000e+00,-1.107766597604819214e+00,6.348412819463953305e-01,-3.537390699383851644e-01,3.306652475809062630e-01,0.000000000000000000e+00,0.000000000000000000e+00,0.000000000000000000e+00,-9.006966693753188924e-01,-6.646536321848292017e-01,1.787394791945406125e-01,3.000381956460212440e-01,0.000000000000000000e+00,0.000000000000000000e+00,0.000000000000000000e+00
2.976172484399196641e-02,4.229065101760954293e-01,8.449330761043101212e-01,5.195189617920027009e-03,1.618759643600164652e-02,7.184441579187017535e-01,6.953768501172198357e-01,-5.443982082392395672e-01,2.396146375999484435e-01,1.483295026775866277e-01,9.157676523430076099e-01,-4.245544748605373786e-01,5.220383893736618014e-02,-5.857074426529709221e-01,-3.059519363266671177e-01,-1.861225971711402694e-01,8.948497599345773823e-01,-4.374970929593153257e-01,-2.141349866800031435e-02,2.571322064443230804e-02,0.000000000000000000e+00,0.000000000000000000e+00,-1.106740597972493800e+00,6.378824945715347861e-01,-3.526979667432908472e-01,3.273109257481567891e-01,0.000000000000000000e+00,0.000000000000000000e+00,0.000000000000000000e+00,-8.993285590601204360e-01,-6.674666783750285992e-01,1.753649566217613254e-01,2.974829320476529149e-01,0.000000000000000000e+00,0.000000000000000000e+00,0.000000000000000000e+00
2.989772962747386242e-02,4.231709006922658722e-01,8.450596215551922086e-01,4.803163093414547849e-03,1.656568950599884849e-02,7.189189506095604587e-01,6.948798817133341466e-01,-5.450770034504907047e-01,2.393060070883319124e-01,1.484113812903901097e-01,9.152692462528307926e-01,-4.276616106734572598e-01,5.444227351241948121e-02,-5.859487091520921842e-01,-3.053920774298715113e-01,-1.854704009937376552e-01,8.944591586670301853e-01,-4.385199237166019781e-01,-2.205528544988362080e-02,2.623043376996454790e-02,0.000000000000000000e+00,0.000000000000000000e+00,-1.104573334530180251e+00,6.380335701506198998e-01,-3.502940369605318516e-01,3.247322897995584268e-01,0.000000000000000000e+00,0.000000000000000000e+00,0.000000000000000000e+00,-8.974260686032834444e-01,-6.673529933596579200e-01,1.702154081738398439e-01,2.949940376384863061e-01,0.000000000000000000e+00,0.000000000000000000e+00,0.000000000000000000e+00
3.005648953649623506e-02,4.234392506955464985e-01,8.445017329830826203e-01,5.562189445363852069e-03,1.607438884775886506e-02,7.186130880526476750e-01,6.952020610953212332e-01,-5.443291797628080353e-01,2.402665237214264005e-01,1.490228534378828240e-01,9.190625629682127595e-01,-4.289462235980454063e-01,5.615753132267835290e-02,-5.862511401835055480e-01,-3.062334162539472326e-01,-1.850191135001004183e-01,8.987951843668636753e-01,-4.398647507876779494e-01,-2.299954783498414645e-02,2.751876255394783075e-02,0.000000000000000000e+00,0.000000000000000000e+00,-1.103175480635640859e+00,6.341062301463369355e-01,-3.481911015326818459e-01,3.246121750699140773e-01,0.000000000000000000e+00,0.000000000000000000e+00,0.000000000000000000e+00,-8.971842688212319228e-01,-6.642448228973169000e-01,1.715901865438497487e-01,2.960961291747702395e-01,0.000000000000000000e+00,0.000000000000000000e+00,0.000000000000000000e+00
3.032517955200037321e-02,4.234777699426060527e-01,8.437574852876218445e-01,7.083880266457438443e-03,1.507797896131700052e-02,7.196679831452698073e-01,6.941184821242211145e-01,-5.424762805344237604e-01,2.415220368756936242e-01,1.511091800553053810e-01,9.225705358674447520e-01,-4.303492516168877513e-01,5.472436113310063382e-02,-5.851669334371575326e-01,-3.086420391365087834e-01,-1.846936248126636038e-01,9.050888014654219216e-01,-4.382197658473201418e-01,-2.559148927210665517e-02,2.463337732635998215e-02,0.000000000000000000e+00,0.000000000000000000e+00,-1.102516208290726940e+00,6.385799374889055136e-01,-3.486951127107481008e-01,3.305712565150870641e-01,0.000000000000000000e+00,0.000000000000000000e+00,0.000000000000000000e+00,-8.968833635061514986e-01,-6.606313671469180582e-01,1.667428146940212186e-01,2.977555745264794385e-01,0.000000000000000000e+00,0.000000000000000000e+00,0.000000000000000000e+00
3.063518193157160896e-02,4.236839803826217277e-01,8.438646146693550287e-01,6.260873068515861520e-03,1.554615430676852331e-02,7.202097866019010475e-01,6.935538781071985959e-01,-5.450125874408727755e-01,2.387990055473056539e-01,1.461063482407683189e-01,9.222110749351514203e-01,-4.313872989126646407e-01,5.689905059511552593e-02,-5.853236711789091551e-01,-3.087100758808066781e-01,-1.868971799720052229e-01,9.037846276587288008e-01,-4.397585738292870139e-01,-2.595993405399960388e-02,2.835595794749548246e-02,0.000000000000000000e+00,0.000000000000000000e+00,-1.100310569025391150e+00,6.367180408537380654e-01,-3.476768165321524884e-01,3.252599478009975953e-01,0.000000000000000000e+00,0.000000000000000000e+00,0.000000000000000000e+00,-8.931755663276731427e-01,-6.710064255533054745e-01,1.697476583861797506e-01,2.927170671516127753e-01,0.000000000000000000e+00,0.000000000000000000e+00,0.000000000000000000e+00
3.091282972725624759e-02,4.238890466792268885e-01,8.434279206867475454e-01,7.361110927054442463e-03,1.573380765195405567e-02,7.206839030633456211e-01,6.930461551787685526e-01,-5.439765304105057542e-01,2.366810563635201592e-01,1.459167666169948752e-01,9.235776380666990137e-01,-4.344050494114238270e-01,5.503727765857081150e-02,-5.856836189512490964e-01,-3.109328827517878202e-01,-1.853899844835129318e-01,9.085322536753719369e-01,-4.456017320500506029e-01,-2.745196912081429921e-02,2.852403636203360363e-02,0.000000000000000000e+00,0.000000000000000000e+00,-1.100891691737921896e+00,6.413609111152314135e-01,-3.522067831482852407e-01,3.281704536838663255e-01,0.000000000000000000e+00,0.000000000000000000e+00,0.000000000000000000e+00,-8.959642805160008550e-01,-6.752821526064253232e-01,1.729440418750308739e-01,2.955767578007025831e-01,0.000000000000000000e+00,0.000000000000000000e+00,0.000000000000000000e+00
3.114143975593357955e-02,4.239212690462052513e-01,8.433122984953503876e-01,7.299105233454884073e-03,1.534762464216598600e-02,7.209785755190344370e-01,6.927489206943444611e-01,-5.444256341869212479e-01,2.384893329158919439e-01,1.463532460943184899e-01,9.243339517497894953e-01,-4.303963612772050973e-01,5.513925850980862242e-02,-5.852539844887064691e-01,-3.109929727304290292e-01,-1.869074564138707983e-01,9.089517373032317549e-01,-4.418558423519015621e-01,-2.843257819663307789e-02,2.832248939277565852e-02,0.000000000000000000e+00,0.000000000000000000e+00,-1.099154276788568252e+00,6.419969572635801924e-01,-3.500337243992773240e-01,3.277213298669067187e-01,0.000000000000000000e+00,0.000000000000000000e+00,0.000000000000000000e+00,-8.952128311158389362e-01,-6.715150009871074799e-01,1.681034483256617362e-01,2.964663379522233799e-01,0.000000000000000000e+00,0.000000000000000000e+00,0.000000000000000000e+00
3.143620469730621508e-02,4.240729045419844301e-01,8.436010458215522645e-01,6.776088459570443756e-03,1.626599033612599957e-02,7.216160875384576290e-01,6.920691615649864348e-01,-5.458903983254287384e-01,2.363385293703290368e-01,1.446521009304574390e-01,9.218450067649679447e-01,-4.294486278940225499e-01,5.374991651952486932e-02,-5.858824131710755889e-01,-3.110384166722914845e-01,-1.867949429640751724e-01,9.074184188937917117e-01,-4.445112594327596534e-01,-3.002980119266433767e-02,2.988797178730669482e-02,0.000000000000000000e+00,0.000000000000000000e+00,-1.096198617777220718e+00,6.404778645446072005e-01,-3.492705159112206026e-01,3.222419722447313339e-01,0.000000000000000000e+00,0.000000000000000000e+00,0.000000000000000000e+00,-8.939885100189940426e-01,-6.687492555911113135e-01,1.636963763389699678e-01,2.934361564031535141e-01,0.000000000000000000e+00,0.000000000000000000e+00,0.000000000000000000e+00
3.153062641627814994e-02,4.242721810062675680e-01,8.435868786797061647e-01,7.203145747080990161e-03,1.585204769680828574e-02,7.211022335423835639e-01,6.926098440358405828e-01,-5.443254329777579281e-01,2.361412626158754524e-01,1.436268752654546732e-01,9.221629996280010788e-01,-4.305088292267560401e-01,5.472653345242543127e-02,-5.855395453913618820e-01,-3.105346265454467791e-01,-1.858085411348420202e-01,9.080616630273149470e-01,-4.414995275289900767e-01,-2.756918663296249739e-02,3.005709625303903607e-02,0.000000000000000000e+00,0.000000000000000000e+00,-1.093182619810205258e+00,6.344488585478464948e-01,-3.422287409292267824e-01,3.186606699189297176e-01,0.000000000000000000e+00,0.000000000000000000e+00,0.000000000000000000e+00,-8.918249807510093552e-01,-6.610253392529362726e-01,1.630490672720493750e-01,2.912784561911250236e-01,0.000000000000000000e+00,0.000000000000000000e+00,0.000000000000000000e+00
3.167461057321328821e-02,4.241872710882784170e-01,8.436624740423763757e-01,6.934722215354970770e-03,1.574771136734054444e-02,7.215334340741702546e-01,6.921657480167761056e-01,-5.444332738572682517e-01,2.389210079520285301e-01,1.465919126989367327e-01,9.216355277938897972e-01,-4.291922830133433342e-01,5.338774899138647168e-02,-5.848717040120474664e-01,-3.114875988523965744e-01,-1.884051929204256792e-01,9.069574689404558132e-01,-4.381745501030173129e-01,-2.566151494230457103e-02,2.936976244129504282e-02,0.000000000000000000e+00,0.000000000000000000e+00,-1.090261712805026706e+00,6.425956840736251063e-01,-3.453463851273914642e-01,3.138031917064026399e-01,0.000000000000000000e+00,0.000000000000000000e+00,0.000000000000000000e+00,-8.880995864702501130e-01,-6.604823114235697235e-01,1.593233461130809381e-01,2.874652262259619340e-01,0.000000000000000000e+00,0.000000000000000000e+00,0.000000000000000000e+00
3.188356576617085159e-02,4.242674583009040656e-01,8.441731966819185917e-01,6.132375018326790411e-03,1.644637317431823370e-02,7.228007436207952718e-01,6.908335514487351503e-01,-5.465251273252452746e-01,2.348208252635906323e-01,1.413614430608079731e-01,9.181197622937271596e-01,-4.279141332527438557e-01,5.187883741599722681e-02,-5.838760737851007576e-01,-3.127668860085707214e-01,-1.916316789875536775e-01,9.037024430965298061e-01,-4.411812343723569008e-01,-2.821055248345060579e-02,3.213163084581269202e-02,0.000000000000000000e+00,0.000000000000000000e+00,-1.088038657391978026e+00,6.365181752534175841e-01,-3.426512720504643617e-01,3.089505455356506003e-01,0.000000000000000000e+00,0.000000000000000000e+00,0.000000000000000000e+00,-8.835998676009231279e-01,-6.623600322207223723e-01,1.550322694689978964e-01,2.802812742374388155e-01,0.000000000000000000e+00,0.000000000000000000e+00,0.000000000000000000e+00
3.193783500193925901e-02,4.242245757699459330e-01,8.436311615635662120e-01,7.680241552731847249e-03,1.551324328076206759e-02,7.226278825586770482e-01,6.910204747483013055e-01,-5.441269244221260681e-01,2.357656256190892863e-01,1.431243393530202690e-01,9.210158143092892491e-01,-4.254402134149674608e-01,5.300851098638449665e-02,-5.830274491056057773e-01,-3.147914166964732030e-01,-1.913254437914463368e-01,9.084368133467300988e-01,-4.398510444913469875e-01,-2.945558243128933162e-02,3.202074686721734231e-02,0.000000000000000000e+00,0.000000000000000000e+00,-1.087512290143371807e+00,6.415622088744267204e-01,-3.455469087858247246e-01,3.115718085101508716e-01,0.000000000000000000e+00,0.000000000000000000e+00,0.000000000000000000e+00,-8.816527216748720752e-01,-6.657398427032530375e-01,1.602358449287899500e-01,2.827861202272949348e-01,0.000000000000000000e+00,0.000000000000000000e+00,0.000000000000000000e+00
3.200941728074004067e-02,4.241789935126773492e-01,8.438099792755358042e-01,7.671638423742382917e-03,1.559077188494633129e-02,7.231520845402028552e-01,6.904702284827981540e-01,-5.442446297900455088e-01,2.327552138829661610e-01,1.395200787193851266e-01,9.197710318007515928e-01,-4.281692521859667422e-01,5.306298419320114312e-02,-5.821739060870859683e-01,-3.143991561734731377e-01,-1.907519057823530151e-01,9.070644742293048068e-01,-4.416232911535348249e-01,-3.000170256988620582e-02,3.379911786591831280e-02,0.000000000000000000e+00,0.000000000000000000e+00,-1.083425721897196548e+00,6.343868417815792249e-01,-3.428906330775243205e-01,3.078213280417659847e-01,0.000000000000000000e+00,0.000000000000000000e+00,0.000000000000000000e+00,-8.802437127748971024e-01,-6.655772521685765497e-01,1.616222133473091960e-01,2.815540486542548737e-01,0.000000000000000000e+00,0.000000000000000000e+00,0.000000000000000000e+00
3.196421825155182361e-02,4.241069741969790141e-01,8.432052335812415533e-01,8.099018717729810843e-03,1.486989733702802005e-02,7.226446772824303144e-01,6.910122737291789496e-01,-5.444183264845718906e-01,2.349211396032447607e-01,1.405969995275322126e-01,9.240553105245354892e-01,-4.279234569449821279e-01,5.605184025800731551e-02,-5.828689367018446976e-01,-3.145450252641545652e-01,-1.908513113783230630e-01,9.106397905210995569e-01,-4.395543073891983732e-01,-3.000350524059664306e-02,3.395876209056129108e-02,0.000000000000000000e+00,0.000000000000000000e+00,-1.082230316791173985e+00,6.376110485178076992e-01,-3.405131977913722907e-01,3.072462263000046989e-01,0.000000000000000000e+00,0.000000000000000000e+00,0.000000000000000000e+00,-8.803675232541414708e-01,-6.675971710277035509e-01,1.632975694699679292e-01,2.834902806700180800e-01,0.000000000000000000e+00,0.000000000000000000e+00,0.000000000000000000e+00
3.201457162562358627e-02,4.240402551334741532e-01,8.437380274063973618e-01,7.249693836421865559e-03,1.599500017869068605e-02,7.227977920562373981e-01,6.908364160256690312e-01,-5.454035384411954901e-01,2.341386686497980152e-01,1.413827287419380796e-01,9.200890103471640602e-01,-4.286267066550165650e-01,5.297847033648074577e-02,-5.837427854658352455e-01,-3.138866755925980301e-01,-1.904297043488540342e-01,9.067847611080241954e-01,-4.407422755795584179e-01,-2.813321229834990847e-02,3.335693267431299319e-02,0.000000000000000000e+00,0.000000000000000000e+00,-1.079855778112911224e+00,6.474771751312340395e-01,-3.417625286752075109e-01,3.042974068551980715e-01,0.000000000000000000e+00,0.000000000000000000e+00,0.000000000000000000e+00,-8.803222426674204293e-01,-6.683081451177660393e-01,1.599908103202524745e-01,2.798521158152546540e-01,0.000000000000000000e+00,0.000000000000000000e+00,0.000000000000000000e+00
3.203066718864275991e-02,4.239361616412795075e-01,8.424744422125616250e-01,8.890433131257766478e-03,1.475622471855023154e-02,7.229931117531915863e-01,6.906404088874558145e-01,-5.451006835069388545e-01,2.339061518886779156e-01,1.402593621137817603e-01,9.276031922819496511e-01,-4.304271607727643278e-01,5.639553992308576902e-02,-5.841833942301116744e-01,-3.160299632361887046e-01,-1.891905224365143801e-01,9.156034928977724308e-01,-4.416788298572942861e-01,-2.927627707933335571e-02,3.307359205945174102e-02,0.000000000000000000e+00,0.000000000000000000e+00,-1.080267766723055134e+00,6.441832624964738407e-01,-3.393160681118035926e-01,3.087633624202057447e-01,0.000000000000000000e+00,0.000000000000000000e+00,0.000000000000000000e+00,-8.821055954944013733e-01,-6.642185691355888544e-01,1.592632078729567524e-01,2.839218578974153084e-01,0.000000000000000000e+00,0.000000000000000000e+00,0.000000000000000000e+00
3.194531727366407142e-02,4.239853148747584344e-01,8.425781813664706688e-01,7.350388607776991295e-03,1.498468168358975741e-02,7.232342819618909902e-01,6.904010461298741852e-01,-5.483345402592367801e-01,2.344829024082414060e-01,1.379420967423689026e-01,9.279205490697083336e-01,-4.336334256699792000e-01,5.721183697731337114e-02,-5.852959034193863097e-01,-3.141164557865938067e-01,-1.905664203228889242e-01,9.133871691843921115e-01,-4.402931949998195593e-01,-2.789260449510359841e-02,3.317053457953532403e-02,0.000000000000000000e+00,0.000000000000000000e+00,-1.078618723983157723e+00,6.421944275226668664e-01,-3.343957080451321895e-01,3.019830722480248419e-01,0.000000000000000000e+00,0.000000000000000000e+00,0.000000000000000000e+00,-8.793682778586598969e-01,-6.700338757592565475e-01,1.593236431244625662e-01,2.801400851939710446e-01,0.000000000000000000e+00,0.000000000000000000e+00,0.000000000000000000e+00
3.194501138193444473e-02,4.239500168045545192e-01,8.424890323557213678e-01,8.522747442789775987e-03,1.464191908754602228e-02,7.234506865547324361e-01,6.901681542239888056e-01,-5.460165266209769941e-01,2.340410978111559792e-01,1.395136826139237729e-01,9.278818206179443306e-01,-4.321200906592315705e-01,5.638572118043131548e-02,-5.839244228933873071e-01,-3.162667359978067472e-01,-1.905378177109979254e-01,9.154012146074728129e-01,-4.416948642772193789e-01,-2.960232749535481045e-02,3.404971496665705477e-02,0.000000000000000000e+00,0.000000000000000000e+00,-1.075719921537374946e+00,6.402840621300937007e-01,-3.334350213757386050e-01,3.042082343642931730e-01,0.000000000000000000e+00,0.000000000000000000e+00,0.000000000000000000e+00,-8.806383746889339115e-01,-6.713449404620924765e-01,1.606937110180467476e-01,2.840965320839822228e-01,0.000000000000000000e+00,0.000000000000000000e+00,0.000000000000000000e+00
3.194535078038990283e-02,4.239757680821215069e-01,8.428750423678514903e-01,7.971703777756864243e-03,1.528589872430467095e-02,7.228438637456049420e-01,6.907963099817459041e-01,-5.466115897184722350e-01,2.326871436861776277e-01,1.381314872353993639e-01,9.254347374241973512e-01,-4.292845340521124209e-01,5.708804439145852283e-02,-5.846626517255499866e-01,-3.149483630015333935e-01,-1.900954212451137493e-01,9.121526842152711811e-01,-4.411146554172320489e-01,-3.105956864376343413e-02,3.573729305645421267e-02,0.000000000000000000e+00,0.000000000000000000e+00,-1.070979276986592676e+00,6.418875201580338530e-01,-3.312105850027168286e-01,2.969244743784256735e-01,0.000000000000000000e+00,0.000000000000000000e+00,0.000000000000000000e+00,-8.777119248364360082e-01,-6.699540336187530531e-01,1.608498638321281260e-01,2.786456154098490012e-01,0.000000000000000000e+00,0.000000000000000000e+00,0.000000000000000000e+00
3.187879598619829113e-02,4.241712465972571899e-01,8.434313661931692740e-01,7.447311611588026611e-03,1.507092094693976599e-02,7.232645605030166847e-01,6.903664102575896022e-01,-5.463057371490235292e-01,2.325294871026808985e-01,1.365277671420059291e-01,9.225880949874387671e-01,-4.251576528188095727e-01,5.614657540610903941e-02,-5.826566243149007285e-01,-3.141755656840951594e-01,-1.915866665821001069e-01,9.084000617109860842e-01,-4.379462058212296727e-01,-3.052826204114442513e-02,3.462788216100146088e-02,0.000000000000000000e+00,0.000000000000000000e+00,-1.068990408396087055e+00,6.459326702679006882e-01,-3.304876668595101430e-01,2.934488602055868589e-01,0.000000000000000000e+00,0.000000000000000000e+00,0.000000000000000000e+00,-8.741171698862937323e-01,-6.719331157399351939e-01,1.580391886364220233e-01,2.790221452551902570e-01,0.000000000000000000e+00,0.000000000000000000e+00,0.000000000000000000e+00
3.191044063163850364e-02,4.243403460727602772e-01,8.438461743939975612e-01,7.075475517432755837e-03,1.518724344314349717e-02,7.236462097529902104e-01,6.899677154714803917e-01,-5.461130759833896509e-01,2.324957776124812470e-01,1.362891943895475910e-01,9.202891018957906066e-01,-4.230015732047410215e-01,5.447843588603873410e-02,-5.813288736350878949e-01,-3.142636952703089515e-01,-1.932954293048114169e-01,9.058385501599407474e-01,-4.378258472961190639e-01,-3.155063473981541827e-02,3.638386057997804179e-02,0.000000000000000000e+00,0.000000000000000000e+00,-1.065958393449317754e+00,6.392998810558409017e-01,-3.257038224045910035e-01,2.901236029936430927e-01,0.000000000000000000e+00,0.000000000000000000e+00,0.000000000000000000e+00,-8.722952977224662785e-01,-6.710247615049614867e-01,1.527168908385038992e-01,2.764621404014365735e-01,0.000000000000000000e+00,0.000000000000000000e+00,0.000000000000000000e+00
3.191385618268126334e-02,4.245692396813409153e-01,8.439307473935483417e-01,6.765699686290380446e-03,1.509939137868660831e-02,7.238836231501675211e-01,6.897236648272525583e-01,-5.458566184880609962e-01,2.354068378572260201e-01,1.395330206837963327e-01,9.198960659668727891e-01,-4.226937261062613249e-01,5.357373584878392242e-02,-5.807055723466890695e-01,-3.158371950529826888e-01,-1.967011143890565195e-01,9.056204333491063574e-01,-4.360084872666412092e-01,-3.067447325627513377e-02,3.556744511564360889e-02,0.000000000000000000e+00,0.000000000000000000e+00,-1.066117867378212125e+00,6.415228388221341227e-01,-3.243685379010247116e-01,2.889646274829816286e-01,0.000000000000000000e+00,0.000000000000000000e+00,0.000000000000000000e+00,-8.716432911216575041e-01,-6.718986655466449021e-01,1.498126739850992317e-01,2.758539068458054633e-01,0.000000000000000000e+00,0.000000000000000000e+00,0.000000000000000000e+00
3.194247964332221773e-02,4.249351963253734099e-01,8.442840636238132523e-01,7.075234458314252559e-03,1.556516298437079886e-02,7.239771015107101526e-01,6.896120817146265125e-01,-5.443209785772618048e-01,2.309786780100195613e-01,1.361600502103180177e-01,9.174906784717216102e-01,-4.269111083781232385e-01,5.348122546959516860e-02,-5.799165253298800282e-01,-3.144926417294355847e-01,-1.929991130950122757e-01,9.047196791731486609e-01,-4.418175592744148505e-01,-3.131686170176795764e-02,3.736974454883154606e-02,0.000000000000000000e+00,0.000000000000000000e+00,-1.067260298632653814e+00,6.417500300408998104e-01,-3.250834291095256456e-01,2.924599566855824451e-01,0.000000000000000000e+00,0.000000000000000000e+00,0.000000000000000000e+00,-8.736365810796498099e-01,-6.724917487711460362e-01,1.489065705330860356e-01,2.785283924291651059e-01,0.000000000000000000e+00,0.000000000000000000e+00,0.000000000000000000e+00
3.197480436022853006e-02,4.250181615586640094e-01,8.447187625460347293e-01,7.086927563129879343e-03,1.590260095368093221e-02,7.242074093162943482e-01,6.893623945589172353e-01,-5.429021733574849184e-01,2.316064009349551867e-01,1.388958889176461209e-01,9.143291862787988888e-01,-4.263619916771936302e-01,5.229446393178448227e-02,-5.789471406666453213e-01,-3.152258768445527215e-01,-1.939022986698209217e-01,9.022935398513166616e-01,-4.392793285109853341e-01,-3.198081158903180038e-02,3.674823299405627353e-02,0.000000000000000000e+00,0.000000000000000000e+00,-1.064179815820175179e+00,6.417302588852332734e-01,-3.240433088962952346e-01,2.927195288784317229e-01,0.000000000000000000e+00,0.000000000000000000e+00,0.000000000000000000e+00,-8.746687999278978110e-01,-6.686945478705206281e-01,1.457523918975514865e-01,2.784790095638781660e-01,0.000000000000000000e+00,0.000000000000000000e+00,0.000000000000000000e+00
3.186357378311440586e-02,4.252124537400458482e-01,8.445592994268794618e-01,7.808558330697280489e-03,1.474947727968141387e-02,7.238935518525279056e-01,6.897097976128102603e-01,-5.405642933938802353e-01,2.327127180028799036e-01,1.385542509592118665e-01,9.164375748635440466e-01,-4.275332984322524066e-01,5.248471604521021822e-02,-5.763733060483591242e-01,-3.149286156715777052e-01,-1.941142280250982566e-01,9.032094394269004622e-01,-4.395668446490490489e-01,-2.953412531140516342e-02,3.562110093397120869e-02,0.000000000000000000e+00,0.000000000000000000e+00,-1.067771446058976226e+00,6.423559207220348455e-01,-3.248199236460180828e-01,2.990353265775413938e-01,0.000000000000000000e+00,0.000000000000000000e+00,0.000000000000000000e+00,-8.770727832315297068e-01,-6.702123763464913342e-01,1.515773157867985332e-01,2.829338773384949546e-01,0.000000000000000000e+00,0.000000000000000000e+00,0.000000000000000000e+00
3.179828298904936040e-02,4.254151199658542382e-01,8.448689934080543251e-01,7.272485697277888614e-03,1.494575561830052343e-02,7.244529926522722540e-01,6.891237891539859772e-01,-5.419425583113476330e-01,2.302498527610777890e-01,1.348610863216271327e-01,9.149947678897920600e-01,-4.244899093680279956e-01,5.560025928566669773e-02,-5.761464129088474939e-01,-3.145249041321013239e-01,-1.942629955018909116e-01,9.012421918293549439e-01,-4.367183668612633629e-01,-2.970311821287650519e-02,3.523476008144381388e-02,0.000000000000000000e+00,0.000000000000000000e+00,-1.068521289729338575e+00,6.396186878547907018e-01,-3.259436251790688854e-01,2.954739776388586869e-01,0.000000000000000000e+00,0.000000000000000000e+00,0.000000000000000000e+00,-8.775883569981602905e-01,-6.717509889719911476e-01,1.545659050443602134e-01,2.846302685318086723e-01,0.000000000000000000e+00,0.000000000000000000e+00,0.000000000000000000e+00
3.179387954049778253e-02,4.255047434531692985e-01,8.450215204801312385e-01,6.893313820392031957e-03,1.567380869456013945e-02,7.248264645248811977e-01,6.887186728047534068e-01,-5.427767983896780724e-01,2.292026212577179811e-01,1.351951900259304173e-01,9.137035414112989473e-01,-4.273377301747202650e-01,5.466518758438217163e-02,-5.769827506780440540e-01,-3.151212688397078132e-01,-1.941835167742809176e-01,9.005368915524538664e-01,-4.389245771297677345e-01,-2.964954456567496510e-02,3.603655875200192926e-02,0.000000000000000000e+00,0.000000000000000000e+00,-1.067159585802622823e+00,6.351923258490150825e-01,-3.248420825425310521e-01,2.919205992587567966e-01,0.000000000000000000e+00,0.000000000000000000e+00,0.000000000000000000e+00,-8.782564969527562049e-01,-6.687806136764622433e-01,1.531113797386314535e-01,2.803885788873144436e-01,0.000000000000000000e+00,0.000000000000000000e+00,0.000000000000000000e+00
3.177524684203533734e-02,4.254837462006724746e-01,8.449448917984255791e-01,7.406085830036785583e-03,1.540334041081832528e-02,7.247731251229655447e-01,6.887755832608734030e-01,-5.415186226551023108e-01,2.301684578952631899e-01,1.371732914886209798e-01,9.140413116312536834e-01,-4.273360368039598733e-01,5.497765142748052558e-02,-5.766770891516628250e-01,-3.157994048951289212e-01,-1.939165771834075458e-01,9.015926342410968131e-01,-4.362697670765388613e-01,-2.906220729090976812e-02,3.595469667324317775e-02,0.000000000000000000e+00,0.000000000000000000e+00,-1.066125140449110331e+00,6.346547349670892402e-01,-3.233636559166433444e-01,2.937824800209304366e-01,0.000000000000000000e+00,0.000000000000000000e+00,0.000000000000000000e+00,-8.790096694617364204e-01,-6.711108717806825164e-01,1.560194172273319246e-01,2.822908196378622891e-01,0.000000000000000000e+00,0.000000000000000000e+00,0.000000000000000000e+00
3.174277888950557958e-02,4.254102174270623649e-01,8.446693925830446315e-01,8.010742713239826090e-03,1.478517257030055945e-02,7.253417621860667186e-01,6.881835181854180084e-01,-5.406123485404328299e-01,2.317509804828100650e-01,1.394087825661688429e-01,9.156753428425802310e-01,-4.276544347437012394e-01,5.482718928503861611e-02,-5.756317988370093230e-01,-3.169229255434885539e-01,-1.939670086637929336e-01,9.037671771139434984e-01,-4.345488905472140173e-01,-2.601765421378445312e-02,3.308095292652504099e-02,0.000000000000000000e+00,0.000000000000000000e+00,-1.071044661854323010e+00,6.487282095013874317e-01,-3.308685181838627587e-01,3.031791631983824509e-01,0.000000000000000000e+00,0.000000000000000000e+00,0.000000000000000000e+00,-8.839430941641623907e-01,-6.738876311122072860e-01,1.511163340533818178e-01,2.914086674725907544e-01,0.000000000000000000e+00,0.000000000000000000e+00,0.000000000000000000e+00
3.189698444228335900e-02,4.255143054654553225e-01,8.446081300603355269e-01,7.251719564662435086e-03,1.571798777527745258e-02,7.255072511503550814e-01,6.879967921087324356e-01,-5.438889416289920398e-01,2.295304047129413660e-01,1.363311248842062062e-01,9.155771764199934770e-01,-4.252381105555262386e-01,5.471389053761634147e-02,-5.782858176972291986e-01,-3.166786207677889098e-01,-1.935220004739448552e-01,9.041949416786756455e-01,-4.367762986332500708e-01,-2.898937616477734527e-02,3.578588190016811221e-02,0.000000000000000000e+00,0.000000000000000000e+00,-1.074010597801821509e+00,6.406435171431285047e-01,-3.275870168409996674e-01,3.020475100228485199e-01,0.000000000000000000e+00,0.000000000000000000e+00,0.000000000000000000e+00,-8.863440880459033666e-01,-6.746186491519079453e-01,1.537489092631443566e-01,2.885980398581065587e-01,0.000000000000000000e+00,0.000000000000000000e+00,0.000000000000000000e+00
3.197619626079245547e-02,4.253293847426806162e-01,8.450388213853561314e-01,6.174848867967836635e-03,1.651480719842878669e-02,7.255881569398298092e-01,6.879033063544010007e-01,-5.457978613691427672e-01,2.299911014951756261e-01,1.368563155528247921e-01,9.126776582311402208e-01,-4.227985356122591076e-01,5.359309403983464337e-02,-5.790741325322548150e-01,-3.157625708052338442e-01,-1.948938136360670870e-01,9.006309917819745881e-01,-4.386377326581158420e-01,-3.065663715733728950e-02,3.639044697068927886e-02,0.000000000000000000e+00,0.000000000000000000e+00,-1.072096596562828852e+00,6.402563241806448202e-01,-3.249710552551267617e-01,2.978984577465867978e-01,0.000000000000000000e+00,0.000000000000000000e+00,0.000000000000000000e+00,-8.851879044273450736e-01,-6.713978994166797110e-01,1.471767138852254908e-01,2.860651884373839882e-01,0.000000000000000000e+00,0.000000000000000000e+00,0.000000000000000000e+00
3.211510853614722022e-02,4.252245165441986829e-01,8.445520872543679225e-01,7.189065079484887114e-03,1.598872657866883332e-02,7.255223853901906494e-01,6.879752511997816455e-01,-5.445094009416967529e-01,2.300104036912615224e-01,1.372418376777233828e-01,9.151551622436455702e-01,-4.263194671034533090e-01,5.502274181318168172e-02,-5.796056632654057461e-01,-3.168371553496943660e-01,-1.936116905190575777e-01,9.048182016328957245e-01,-4.368434005537049636e-01,-3.006796783346394122e-02,3.660342168576276312e-02,0.000000000000000000e+00,0.000000000000000000e+00,-1.073239429064883010e+00,6.387528532669443093e-01,-3.265080827398992303e-01,3.003534074019804101e-01,0.000000000000000000e+00,0.000000000000000000e+00,0.000000000000000000e+00,-8.857880939773741247e-01,-6.727681809515413391e-01,1.538355603120012127e-01,2.876818122449822934e-01,0.000000000000000000e+00,0.000000000000000000e+00,0.000000000000000000e+00
3.227924602473601634e-02,4.250114753638969400e-01,8.446008074794696396e-01,6.742933363175825784e-03,1.669782415708814804e-02,7.260657405002755027e-01,6.873894500135019348e-01,-5.466852211816262130e-01,2.268146357868764673e-01,1.338782331667689451e-01,9.142329749449025211e-01,-4.283051735745843636e-01,5.541425797221742611e-02,-5.807663066625187165e-01,-3.172909341859249666e-01,-1.939306175645248986e-01,9.043035082527317581e-01,-4.402041097527000235e-01,-3.145307926757518607e-02,3.835973058419633180e-02,0.000000000000000000e+00,0.000000000000000000e+00,-1.072320178042534433e+00,6.367695592536259941e-01,-3.289245435193308142e-01,2.974431441328219128e-01,0.000000000000000000e+00,0.000000000000000000e+00,0.000000000000000000e+00,-8.864220132900889615e-01,-6.766776964826165530e-01,1.552876906538915858e-01,2.884670765920205326e-01,0.000000000000000000e+00,0.000000000000000000e+00,0.000000000000000000e+00
3.228941068563267319e-02,4.247178059573890052e-01,8.439892943196842801e-01,6.220481271718000457e-03,1.641353136584767017e-02,7.259024881794269302e-01,6.875736173354580760e-01,-5.500396501962343532e-01,2.279075860469736425e-01,1.318149666156105959e-01,9.184664953206029825e-01,-4.282896048581157911e-01,5.678702338643175362e-02,-5.831513723473106259e-01,-3.168135471176850015e-01,-1.947742761873256789e-01,9.070546153979918147e-01,-4.393917366797512325e-01,-3.193572052349680224e-02,3.934240338868382619e-02,0.000000000000000000e+00,0.000000000000000000e+00,-1.072994229248374731e+00,6.353784835606436365e-01,-3.271390530919261463e-01,2.931772933755805166e-01,0.000000000000000000e+00,0.000000000000000000e+00,0.000000000000000000e+00,-8.856468088460159871e-01,-6.797690281444717098e-01,1.589383186188126074e-01,2.870819000778632724e-01,0.000000000000000000e+00,0.000000000000000000e+00,0.000000000000000000e+00
3.244976006759587445e-02,4.243336173060322514e-01,8.445525668884353854e-01,4.975907489581113397e-03,1.785375940496860755e-02,7.264123233787490586e-01,6.870091848463538708e-01,-5.531115115765129486e-01,2.275377697911521446e-01,1.329746853285563024e-01,9.137079793922128212e-01,-4.219310030542536283e-01,5.493489488235582530e-02,-5.854369496189955058e-01,-3.166447470980208179e-01,-1.952842135852450312e-01,9.027619972749780786e-01,-4.370819558268440597e-01,-3.325477734414884062e-02,3.957296499115289107e-02,0.000000000000000000e+00,0.000000000000000000e+00,-1.071833067500605585e+00,6.389681471028412219e-01,-3.266828921075374259e-01,2.864355587975699335e-01,0.000000000000000000e+00,0.000000000000000000e+00,0.000000000000000000e+00,-8.851460669890119926e-01,-6.768887576727465882e-01,1.535275782760810448e-01,2.817669912512201225e-01,0.000000000000000000e+00,0.000000000000000000e+00,0.000000000000000000e+00
3.245987145792308265e-02,4.238777507830018276e-01,8.443067796230863120e-01,5.303411731596237647e-03,1.744930747291030884e-02,7.263329418304855789e-01,6.871010501408020277e-01,-5.535034749473617399e-01,2.283084299372501735e-01,1.329041083559387992e-01,9.148440268631590211e-01,-4.191608822958922675e-01,5.303677223951762387e-02,-5.859997544358095389e-01,-3.169529791342882152e-01,-1.954487405120967081e-01,9.040767005864481787e-01,-4.359075413586463443e-01,-3.494625831252423653e-02,3.915099293181480145e-02,0.000000000000000000e+00,0.000000000000000000e+00,-1.073404152882628360e+00,6.381051062405967977e-01,-3.251073577681550253e-01,2.897540847534338937e-01,0.000000000000000000e+00,0.000000000000000000e+00,0.000000000000000000e+00,-8.865797303353258885e-01,-6.810822321967414661e-01,1.607589225085153672e-01,2.844473932588923448e-01,0.000000000000000000e+00,0.000000000000000000e+00,0.000000000000000000e+00
3.250171453970834845e-02,4.233534851033846080e-01,8.443822628392970708e-01,5.228203428173703801e-03,1.784350065021197279e-02,7.268119392991203576e-01,6.865847946653864664e-01,-5.545756470907453606e-01,2.264510956368288586e-01,1.320215706396678790e-01,9.134033725518279079e-01,-4.196587374940596304e-01,5.421185188481334599e-02,-5.870856566982491920e-01,-3.183070921554018717e-01,-1.958849242369089250e-01,9.036544672789917909e-01,-4.329042608018757177e-01,-3.308391052636149021e-02,4.074159771702171029e-02,0.000000000000000000e+00,0.000000000000000000e+00,-1.073848076488664205e+00,6.386159802988913281e-01,-3.289289961683188324e-01,2.906996566781467339e-01,0.000000000000000000e+00,0.000000000000000000e+00,0.000000000000000000e+00,-8.865265101799730818e-01,-6.814613229832857666e-01,1.606839857183651743e-01,2.876265805406293397e-01,0.000000000000000000e+00,0.000000000000000000e+00,0.000000000000000000e+00
3.236425473866980790e-02,4.227879595698308957e-01,8.443224851617280313e-01,4.797812181466300577e-03,1.746234886928815094e-02,7.269463234365103332e-01,6.864554539169883673e-01,-5.562241119960503744e-01,2.277174538583030816e-01,1.315092627347949905e-01,9.141117344256991517e-01,-4.180696885798608764e-01,5.313310299248184126e-02,-5.874401729191157662e-01,-3.175505621962009806e-01,-1.968151247172523211e-01,9.026723560861341644e-01,-4.302426791749199286e-01,-3.287141149097744242e-02,3.929341457995259856e-02,0.000000000000000000e+00,0.000000000000000000e+00,-1.075607346956773958e+00,6.372527583598036616e-01,-3.280122360819459071e-01,2.910929301875897490e-01,0.000000000000000000e+00,0.000000000000000000e+00,0.000000000000000000e+00,-8.883384530814441016e-01,-6.831869347631192024e-01,1.629275126834789089e-01,2.904479455049222003e-01,0.000000000000000000e+00,0.000000000000000000e+00,0.000000000000000000e+00
3.232303297614653320e-02,4.223631470537714261e-01,8.442306022246860442e-01,3.992001386958935610e-03,1.801684931621059735e-02,7.266604785654856569e-01,6.867488667312253714e-01,-5.593683732730240221e-01,2.266297956816932246e-01,1.292970931940472246e-01,9.147126877087725649e-01,-4.182774091439253605e-01,5.457761384314597369e-02,-5.896197024416187649e-01,-3.161613186567140410e-01,-1.961513237265475051e-01,9.016047461794111095e-01,-4.339154954313820811e-01,-3.339480865830306983e-02,4.113032702189648587e-02,0.000000000000000000e+00,0.000000000000000000e+00,-1.075833948591805145e+00,6.370605341035658897e-01,-3.261563616811240518e-01,2.865696105850942810e-01,0.000000000000000000e+00,0.000000000000000000e+00,0.000000000000000000e+00,-8.880030390285846842e-01,-6.842300332738200375e-01,1.642888216905261656e-01,2.887607960456419764e-01,0.000000000000000000e+00,0.000000000000000000e+00,0.000000000000000000e+00
3.227589127453679707e-02,4.217662387091457021e-01,8.439492089876439174e-01,4.788100812195236408e-03,1.742579895260550765e-02,7.264052325506457075e-01,6.870290050241821822e-01,-5.581858730984492478e-01,2.286787280061114980e-01,1.323854456980707028e-01,9.158535197067098066e-01,-4.174674163292995122e-01,5.523810036511469373e-02,-5.902195212358174459e-01,-3.166420490479294192e-01,-1.953875592300911013e-01,9.034838776288219853e-01,-4.282039816866193283e-01,-3.516800904529292227e-02,3.950335281782088592e-02,0.000000000000000000e+00,0.000000000000000000e+00,-1.074012428612235004e+00,6.377368452464666770e-01,-3.245048467973220552e-01,2.885356478952638137e-01,0.000000000000000000e+00,0.000000000000000000e+00,0.000000000000000000e+00,-8.895108169346715998e-01,-6.804527773861422935e-01,1.675516178756939201e-01,2.919232070349955799e-01,0.000000000000000000e+00,0.000000000000000000e+00,0.000000000000000000e+00
3.223111149161261846e-02,4.213624044460212437e-01,8.437267871604282599e-01,4.924310222676716794e-03,1.678030059611788916e-02,7.269368720714438625e-01,6.864815778327341134e-01,-5.590577487497996323e-01,2.275418929005076640e-01,1.295352251859451520e-01,9.173865887236907213e-01,-4.180861117787742498e-01,5.793378784174437607e-02,-5.899935166907085415e-01,-3.165129026595477346e-01,-1.953054094473624380e-01,9.043472110930677044e-01,-4.238752779405314808e-01,-3.385178971862320280e-02,3.921249508652129012e-02,0.000000000000000000e+00,0.000000000000000000e+00,-1.075165678041283490e+00,6.395893688072539218e-01,-3.275313614518745586e-01,2.902157603018208354e-01,0.000000000000000000e+00,0.000000000000000000e+00,0.000000000000000000e+00,-8.884317539268433706e-01,-6.874489805657821861e-01,1.733772550688175151e-01,2.940645404669119389e-01,0.000000000000000000e+00,0.000000000000000000e+00,0.000000000000000000e+00
3.221984435652706924e-02,4.210621286421526999e-01,8.433586674445778808e-01,4.821803447975775772e-03,1.731727410219400035e-02,7.265877485805505298e-01,6.868384859934870690e-01,-5.606391578875029591e-01,2.298759293920794033e-01,1.336652878117960408e-01,9.190573821927491283e-01,-4.178279408932584760e-01,5.771081737312788729e-02,-5.927994417270799898e-01,-3.173113803556156243e-01,-1.947656343724242789e-01,9.064320096509015379e-01,-4.252656700826072944e-01,-3.366862175065292451e-02,3.923251696351164747e-02,0.000000000000000000e+00,0.000000000000000000e+00,-1.073253470599358828e+00,6.334930664333161543e-01,-3.205618062311898497e-01,2.897915180486499431e-01,0.000000000000000000e+00,0.000000000000000000e+00,0.000000000000000000e+00,-8.908375169683663275e-01,-6.820534762410837004e-01,1.704320246150102525e-01,2.902529348616973981e-01,0.000000000000000000e+00,0.000000000000000000e+00,0.000000000000000000e+00
3.230712307293086283e-02,4.209387088727136184e-01,8.434989273511154240e-01,4.867977487577886814e-03,1.842788181032201447e-02,7.267804105567569062e-01,6.866053821505607724e-01,-5.610664454734067830e-01,2.279251084522122550e-01,1.346187943294787082e-01,9.165466025020470031e-01,-4.173398884392677255e-01,5.411669424571775855e-02,-5.945777240913782125e-01,-3.180011215417983816e-01,-1.927860828107667013e-01,9.062899365724383927e-01,-4.286403278834204356e-01,-3.568886311634624636e-02,3.929403644613637531e-02,0.000000000000000000e+00,0.000000000000000000e+00,-1.072581879798565563e+00,6.378865970760571047e-01,-3.217880889647026788e-01,2.904344366232412544e-01,0.000000000000000000e+00,0.000000000000000000e+00,0.000000000000000000e+00,-8.925003078465397754e-01,-6.769382688780120061e-01,1.651847804588529312e-01,2.869776384440854144e-01,0.000000000000000000e+00,0.000000000000000000e+00,0.000000000000000000e+00
3.230229430537830126e-02,4.208537305528507466e-01,8.433900963839594533e-01,4.477977124336653125e-03,1.840928956199409938e-02,7.270887435922724906e-01,6.862820154427099473e-01,-5.629324372748002459e-01,2.277362393070598845e-01,1.332419286268093361e-01,9.176120235541357362e-01,-4.160811323194608113e-01,5.652103647277342824e-02,-5.952010672602214836e-01,-3.180768742578323205e-01,-1.936660327543214266e-01,9.064578380536058022e-01,-4.278530291770390459e-01,-3.644689707597727202e-02,4.032259577243441084e-02,0.000000000000000000e+00,0.000000000000000000e+00,-1.072665961476633179e+00,6.335167576722615657e-01,-3.228441104295203812e-01,2.881122373973820650e-01,0.000000000000000000e+00,0.000000000000000000e+00,0.000000000000000000e+00,-8.894993643823154716e-01,-6.837003471841168745e-01,1.736325986479456684e-01,2.852359936188839651e-01,0.000000000000000000e+00,0.000000000000000000e+00,0.000000000000000000e+00
3.224658817826549229e-02,4.208306948901286981e-01,8.436221322095175390e-01,4.318025871286325715e-03,1.880236898505321594e-02,7.279146898757793416e-01,6.853962575300315274e-01,-5.630720759796431496e-01,2.260019100707501005e-01,1.326426536035597570e-01,9.154427162594340750e-01,-4.181519132809397021e-01,5.383514024975159101e-02,-5.949976768249546355e-01,-3.182851402318332412e-01,-1.925411934362002142e-01,9.052492483720814276e-01,-4.284906524477371526e-01,-3.450072710612013538e-02,3.760163749591839688e-02,0.000000000000000000e+00,0.000000000000000000e+00,-1.075363822164928429e+00,6.468573327020478159e-01,-3.295390220192516706e-01,2.909505901354633717e-01,0.000000000000000000e+00,0.000000000000000000e+00,0.000000000000000000e+00,-8.903599686568187677e-01,-6.902701032375271328e-01,1.714151698908967791e-01,2.840959654269529788e-01,0.000000000000000000e+00,0.000000000000000000e+00,0.000000000000000000e+00
3.217241893665392927e-02,4.207194667603922356e-01,8.434481912516149649e-01,4.282320806385197381e-03,1.858288102575137227e-02,7.275790359659527473e-01,6.857587656633702400e-01,-5.636803999648567487e-01,2.264488639796393143e-01,1.321270007658322809e-01,9.169652256901283938e-01,-4.175493277756477939e-01,5.506456670243953244e-02,-5.952534043047552625e-01,-3.176668892814336620e-01,-1.926796187980182595e-01,9.058429084168921896e-01,-4.303192142376587315e-01,-3.669013925472439791e-02,3.858167334900969303e-02,0.000000000000000000e+00,0.000000000000000000e+00,-1.075991127463988617e+00,6.460102656387628484e-01,-3.320488522252322827e-01,2.933326674872749895e-01,0.000000000000000000e+00,0.000000000000000000e+00,0.000000000000000000e+00,-8.907057565483736949e-01,-6.934516862849194885e-01,1.771598841922107370e-01,2.859500230824950084e-01,0.000000000000000000e+00,0.000000000000000000e+00,0.000000000000000000e+00
3.206517066140601030e-02,4.205772222060066845e-01,8.436161103131496475e-01,4.508624693412996431e-03,1.836072411734223156e-02,7.276555834427045344e-01,6.856820750157601729e-01,-5.631773428923673164e-01,2.244774151755262459e-01,1.298754918206165287e-01,9.163309372626227134e-01,-4.170840352815645691e-01,5.741500759642546858e-02,-5.941589354079596097e-01,-3.185474750183648340e-01,-1.939837900723363484e-01,9.049268237282739324e-01,-4.287700749773366016e-01,-3.652898282248680933e-02,3.997606814507172202e-02,0.000000000000000000e+00,0.000000000000000000e+00,-1.075699952019216310e+00,6.440746660789281597e-01,-3.358470718600182203e-01,2.950741824910865230e-01,0.000000000000000000e+00,0.000000000000000000e+00,0.000000000000000000e+00,-8.921133456075895918e-01,-6.964425586049916017e-01,1.792783461336731055e-01,2.897064865917904908e-01,0.000000000000000000e+00,0.000000000000000000e+00,0.000000000000000000e+00
3.203175919778002145e-02,4.203655678902821213e-01,8.436045921171421158e-01,4.896316204075093145e-03,1.836724220179516281e-02,7.274629284671029206e-01,6.858836331387397900e-01,-5.621267748233799155e-01,2.261163046057514669e-01,1.333034406515666292e-01,9.154850423147666838e-01,-4.146621031515618783e-01,5.553592021608399348e-02,-5.945236955686432623e-01,-3.189722374825148532e-01,-1.933153827857865548e-01,9.051412302470681626e-01,-4.264833876513249855e-01,-3.746470757177160216e-02,3.808205764440702329e-02,0.000000000000000000e+00,0.000000000000000000e+00,-1.074849489336941355e+00,6.457657595207585421e-01,-3.348947239092219808e-01,2.971105748981693884e-01,0.000000000000000000e+00,0.000000000000000000e+00,0.000000000000000000e+00,-8.920528229463363656e-01,-6.887595510455208903e-01,1.774856797055530400e-01,2.886060086377371658e-01,0.000000000000000000e+00,0.000000000000000000e+00,0.000000000000000000e+00
3.189219804856528728e-02,4.202782757612254505e-01,8.445291700156710712e-01,3.670254682534460772e-03,1.879812885979660619e-02,7.277938311813336725e-01,6.855284814479501998e-01,-5.630540466797202548e-01,2.258816868029564495e-01,1.324249045792519341e-01,9.107511469467015619e-01,-4.108542205944865633e-01,5.479346926764490366e-02,-5.936930304571212957e-01,-3.166391357208857560e-01,-1.933296084213313448e-01,8.982770710498181321e-01,-4.227314563295734295e-01,-3.594821550309769409e-02,3.773349332443199505e-02,0.000000000000000000e+00,0.000000000000000000e+00,-1.071396303474228651e+00,6.393614116628516530e-01,-3.322756765276539404e-01,2.921540459201699691e-01,0.000000000000000000e+00,0.000000000000000000e+00,0.000000000000000000e+00,-8.890789902707594283e-01,-6.837099464946836402e-01,1.706802023286240200e-01,2.855128835933005704e-01,0.000000000000000000e+00,0.000000000000000000e+00,0.000000000000000000e+00
3.187769385669046718e-02,4.201125938454927100e-01,8.448213761719116643e-01,3.881038589173470277e-03,1.898015630524705136e-02,7.277101404470247559e-01,6.856111453999778060e-01,-5.616305945992910997e-01,2.264672571533908885e-01,1.348339171100141343e-01,9.081692678084324344e-01,-4.096365491705153961e-01,5.303306547075010979e-02,-5.930663246304019864e-01,-3.170168756778478647e-01,-1.934600153961091862e-01,8.964455260926854629e-01,-4.221363594984561818e-01,-3.664958822799477267e-02,3.879229197886682745e-02,0.000000000000000000e+00,0.000000000000000000e+00,-1.070016579448634042e+00,6.423316283285568362e-01,-3.317546822365181058e-01,2.943503750409504627e-01,0.000000000000000000e+00,0.000000000000000000e+00,0.000000000000000000e+00,-8.891540775522014384e-01,-6.888044123642089733e-01,1.731459708689839228e-01,2.853044024387209610e-01,0.000000000000000000e+00,0.000000000000000000e+00,0.000000000000000000e+00
3.182197135053232290e-02,4.199869195849258441e-01,8.445476353887698684e-01,3.867899260257703573e-03,1.895590889048400646e-02,7.275028480205044668e-01,6.858318445475560798e-01,-5.625259549187833219e-01,2.267711856043480578e-01,1.348024053821876567e-01,9.098758961081326868e-01,-4.106824388489048738e-01,5.416982912042372922e-02,-5.939608463848914388e-01,-3.173501375942062164e-01,-1.938872153112832508e-01,8.978316795908287684e-01,-4.237454209178849185e-01,-3.730308155501838724e-02,4.009014490803123471e-02,0.000000000000000000e+00,0.000000000000000000e+00,-1.068138011392141706e+00,6.371680277841094142e-01,-3.266205471836213237e-01,2.924602630449191221e-01,0.000000000000000000e+00,0.000000000000000000e+00,0.000000000000000000e+00,-8.886932516169741003e-01,-6.861294449821333519e-01,1.701976195991887764e-01,2.840862289488331194e-01,0.000000000000000000e+00,0.000000000000000000e+00,0.000000000000000000e+00
3.182846735286926770e-02,4.199452415898886626e-01,8.446091997436588894e-01,3.932960854403701537e-03,1.893239432902769914e-02,7.286728763998210345e-01,6.845888806160228546e-01,-5.630473802501836378e-01,2.236948578064940629e-01,1.316769511236862700e-01,9.093828943097141959e-01,-4.138500732451008135e-01,5.546236505079189805e-02,-5.929530341156641349e-01,-3.186208800263102270e-01,-1.942787864070275594e-01,8.976255076665433652e-01,-4.235901666557814194e-01,-3.479871093035635798e-02,4.054007900410693671e-02,0.000000000000000000e+00,0.000000000000000000e+00,-1.069282156816883766e+00,6.392361770604063631e-01,-3.321096927592903092e-01,2.912306514433772864e-01,0.000000000000000000e+00,0.000000000000000000e+00,0.000000000000000000e+00,-8.862729271423560595e-01,-6.879344535829647889e-01,1.679069954500255202e-01,2.837082807061940271e-01,0.000000000000000000e+00,0.000000000000000000e+00,0.000000000000000000e+00
3.174462265486129725e-02,4.199659154030226937e-01,8.440810600831063493e-01,4.018157704002038588e-03,1.795609517964288221e-02,7.284314754789054103e-01,6.848715343669862232e-01,-5.636933028029752490e-01,2.252314939389780113e-01,1.301915236434904033e-01,9.134367407581154286e-01,-4.147575373358124429e-01,5.819010722912171252e-02,-5.931170899942569408e-01,-3.182089965508079765e-01,-1.952596323950764323e-01,9.002890204990436906e-01,-4.199061527251441439e-01,-3.567632892628259250e-02,4.113444316969685349e-02,0.000000000000000000e+00,0.000000000000000000e+00,-1.069445104531071999e+00,6.374000592808770627e-01,-3.306473189084582764e-01,2.890309664123816846e-01,0.000000000000000000e+00,0.000000000000000000e+00,0.000000000000000000e+00,-8.842965893341613315e-01,-6.933386668670146191e-01,1.743581936850894520e-01,2.831630252465778819e-01,0.000000000000000000e+00,0.000000000000000000e+00,0.000000000000000000e+00
3.180049300350974023e-02,4.201350036500219320e-01,8.442771410595855119e-01,3.377403649433202704e-03,1.902869407829763104e-02,7.287737238453979582e-01,6.844818196115766140e-01,-5.652756809067100985e-01,2.234124965521536166e-01,1.297197749226945418e-01,9.117861514666566469e-01,-4.170416163122294684e-01,5.769236224193553114e-02,-5.944804999414277091e-01,-3.186730797682710281e-01,-1.951063853966478190e-01,8.992469761736652245e-01,-4.236249123105144676e-01,-3.570542154669462814e-02,4.317690759353649821e-02,0.000000000000000000e+00,0.000000000000000000e+00,-1.069326198364849212e+00,6.422147657557152334e-01,-3.330354503089668072e-01,2.831740883057693448e-01,0.000000000000000000e+00,0.000000000000000000e+00,0.000000000000000000e+00,-8.838997911815638098e-01,-6.963329563552496104e-01,1.735076301214593109e-01,2.782367864480763120e-01,0.000000000000000000e+00,0.000000000000000000e+00,0.000000000000000000e+00
3.173446632921651800e-02,4.202552897648884622e-01,8.439908513351539465e-01,3.384674338797955678e-03,1.851814461140347673e-02,7.285193646700894865e-01,6.847664985967556461e-01,-5.653682875089145465e-01,2.259752576708200511e-01,1.311229525203908564e-01,9.140671704700594757e-01,-4.159463403399473735e-01,5.665603949678862938e-02,-5.941195757899444541e-01,-3.189246619741605282e-01,-1.966398033301504644e-01,9.002558022943866201e-01,-4.234686371813764505e-01,-3.532407748577704593e-02,4.331416385790742840e-02,0.000000000000000000e+00,0.000000000000000000e+00,-1.067809617663807220e+00,6.395633522215931066e-01,-3.289351616056652161e-01,2.810900244449968111e-01,0.000000000000000000e+00,0.000000000000000000e+00,0.000000000000000000e+00,-8.845104060980343297e-01,-6.947815980451824691e-01,1.706998552840295613e-01,2.798151931826142746e-01,0.000000000000000000e+00,0.000000000000000000e+00,0.000000000000000000e+00
3.173834214002029669e-02,4.204327898409978004e-01,8.444243700777507300e-01,3.706901992265526982e-03,1.872549096777136393e-02,7.281030167242372730e-01,6.852018767507137564e-01,-5.630862802247287302e-01,2.245093191329756988e-01,1.307718568417462479e-01,9.111289467494909644e-01,-4.155067790988801746e-01,5.563122549073416800e-02,-5.931271560065854986e-01,-3.174364319166809167e-01,-1.941472989134534477e-01,8.979329659495068894e-01,-4.241447909476587785e-01,-3.631436022037598521e-02,4.367851224730891213e-02,0.000000000000000000e+00,0.000000000000000000e+00,-1.064933609423424299e+00,6.430623819940186614e-01,-3.277828328969339955e-01,2.800740175096597673e-01,0.000000000000000000e+00,0.000000000000000000e+00,0.000000000000000000e+00,-8.839453606659524176e-01,-6.942308612409521240e-01,1.745015918362545215e-01,2.784228013335127705e-01,0.000000000000000000e+00,0.000000000000000000e+00,0.000000000000000000e+00
3.164242100351592757e-02,4.204983239169057252e-01,8.447076972355581637e-01,3.759215736221370105e-03,1.854185323833748220e-02,7.282491563938618961e-01,6.850512639118071512e-01,-5.615338312362010420e-01,2.252781226666208947e-01,1.324236108005902857e-01,9.097759320508611580e-01,-4.180358045210548212e-01,5.555229214374245855e-02,-5.916804986740838990e-01,-3.171697115621966989e-01,-1.942689255612694010e-01,8.963053312830275843e-01,-4.235768097359371431e-01,-3.522099168847048906e-02,4.253750136652226232e-02,0.000000000000000000e+00,0.000000000000000000e+00,-1.062525082128634057e+00,6.416027938930228824e-01,-3.222597609505685745e-01,2.806824685479327730e-01,0.000000000000000000e+00,0.000000000000000000e+00,0.000000000000000000e+00,-8.843063065827675429e-01,-6.904055246388601796e-01,1.698257937142744201e-01,2.797848828841714153e-01,0.000000000000000000e+00,0.000000000000000000e+00,0.000000000000000000e+00
3.148829726788091032e-02,4.206362881805476572e-01,8.445360707006851486e-01,3.855000182288641566e-03,1.800611670204220471e-02,7.284684820408214856e-01,6.848317964347506726e-01,-5.614176894035884935e-01,2.258056106396026108e-01,1.321176818740684711e-01,9.115918823813563554e-01,-4.197789266162854083e-01,5.740148358549381630e-02,-5.906530489984905818e-01,-3.180441785205210259e-01,-1.958390982759861121e-01,8.971306908283479542e-01,-4.225299047321641743e-01,-3.361758159380296568e-02,4.241166756641420038e-02,0.000000000000000000e+00,0.000000000000000000e+00,-1.063976337431580932e+00,6.439499075193740874e-01,-3.245457544227674518e-01,2.812920109593514129e-01,0.000000000000000000e+00,0.000000000000000000e+00,0.000000000000000000e+00,-8.839817819196540416e-01,-6.917521241058859349e-01,1.707910729472174316e-01,2.839096996251481708e-01,0.000000000000000000e+00,0.000000000000000000e+00,0.000000000000000000e+00
3.134582701410366240e-02,4.207053848160907661e-01,8.444628864396753753e-01,4.265020257774301479e-03,1.756895161508616535e-02,7.280015430150459377e-01,6.853370666387887944e-01,-5.605881916757647909e-01,2.263430971138611913e-01,1.323059111145956646e-01,9.125054335527611471e-01,-4.157498737152284796e-01,5.876365142861701696e-02,-5.903757097975332879e-01,-3.178855996291363728e-01,-1.955386385556120432e-01,8.976378238369309148e-01,-4.187915082394665922e-01,-3.576963104321829318e-02,4.356043218932162397e-02,0.000000000000000000e+00,0.000000000000000000e+00,-1.060664982908036791e+00,6.310912062351714535e-01,-3.166314395380210311e-01,2.780639493041821009e-01,0.000000000000000000e+00,0.000000000000000000e+00,0.000000000000000000e+00,-8.828951245634680811e-01,-6.825186637715131566e-01,1.690841285670975080e-01,2.823925346674519554e-01,0.000000000000000000e+00,0.000000000000000000e+00,0.000000000000000000e+00
3.112441866590056477e-02,4.206339562620713401e-01,8.437651866190138961e-01,4.338711431764757931e-03,1.750365748469988672e-02,7.280938718131232390e-01,6.852401851803098243e-01,-5.617859505950369980e-01,2.269216814083255540e-01,1.331677540684876315e-01,9.168119355094264122e-01,-4.240064718354203954e-01,5.805541541675972306e-02,-5.918111102960688097e-01,-3.181618725411485271e-01,-1.942426880538909439e-01,9.016600935881944334e-01,-4.243473059453686247e-01,-3.384734112900822378e-02,4.185691394506079605e-02,0.000000000000000000e+00,0.000000000000000000e+00,-1.062102241950967585e+00,6.400848561741868670e-01,-3.187822868757748673e-01,2.807917773397091699e-01,0.000000000000000000e+00,0.000000000000000000e+00,0.000000000000000000e+00,-8.861871594273889041e-01,-6.836590855494317776e-01,1.629414645692197905e-01,2.874869902375193909e-01,0.000000000000000000e+00,0.000000000000000000e+00,0.000000000000000000e+00
3.093048380204936956e-02,4.205898738805842196e-01,8.437650482994460965e-01,4.422150351895005882e-03,1.740818399889923832e-02,7.273466970883436522e-01,6.860351171411002147e-01,-5.610996986128431452e-01,2.273561543462793710e-01,1.335102840871647545e-01,9.171834561381779771e-01,-4.250766136221102998e-01,5.707307838934695676e-02,-5.922738496549523335e-01,-3.171286671864431139e-01,-1.928916043855550821e-01,9.013066667290557943e-01,-4.229806315085391510e-01,-3.297127729395998158e-02,4.227263714610000195e-02,0.000000000000000000e+00,0.000000000000000000e+00,-1.061827232368673046e+00,6.370943543084511829e-01,-3.170334698656709360e-01,2.813327821663864081e-01,0.000000000000000000e+00,0.000000000000000000e+00,0.000000000000000000e+00,-8.882381793520608415e-01,-6.835365940955668851e-01,1.689682486753149027e-01,2.884234109190095818e-01,0.000000000000000000e+00,0.000000000000000000e+00,0.000000000000000000e+00
3.068677310787635767e-02,4.204453309034493769e-01,8.435834466302467582e-01,4.745986794419671320e-03,1.695972899693551014e-02,7.268574791969310001e-01,6.865624866952608762e-01,-5.603054473381786638e-01,2.285180367208692609e-01,1.348794056585262968e-01,9.185602907843206655e-01,-4.258631610256017885e-01,5.918446759616036862e-02,-5.922502817402778286e-01,-3.159372815541523494e-01,-1.908101800570937423e-01,9.016748015040667585e-01,-4.218508843167717015e-01,-3.192926901317236915e-02,4.088369473510079788e-02,0.000000000000000000e+00,0.000000000000000000e+00,-1.062672239348878778e+00,6.430179401085788227e-01,-3.180553632722086799e-01,2.834892717394572048e-01,0.000000000000000000e+00,0.000000000000000000e+00,0.000000000000000000e+00,-8.896116719956853602e-01,-6.829247506912322629e-01,1.700202056133395534e-01,2.931289573673466209e-01,0.000000000000000000e+00,0.000000000000000000e+00,0.000000000000000000e+00
3.055553126305805486e-02,4.202989008727307518e-01,8.442544830081925022e-01,3.434542958751484951e-03,1.791996650939895602e-02,7.274294210416765161e-01,6.859398779178371708e-01,-5.621764529478431305e-01,2.283655901944049160e-01,1.356567797629451289e-01,9.141926134340956356e-01,-4.249387748461465053e-01,5.730032203582273442e-02,-5.925609877639883560e-01,-3.171407070400711348e-01,-1.943950620610414848e-01,8.963243219883163526e-01,-4.185406206182265554e-01,-3.013767994654357671e-02,4.058698889693469064e-02,0.000000000000000000e+00,0.000000000000000000e+00,-1.061386993639555687e+00,6.403276849109468261e-01,-3.177852218272700369e-01,2.774809441923747344e-01,0.000000000000000000e+00,0.000000000000000000e+00,0.000000000000000000e+00,-8.875083178751560498e-01,-6.804028406345310476e-01,1.673003046612519529e-01,2.878492798545698172e-01,0.000000000000000000e+00,0.000000000000000000e+00,0.000000000000000000e+00
3.033489169226562601e-02,4.200868748263820174e-01,8.433181528950285388e-01,4.961784768651245417e-03,1.651233089473001098e-02,7.270841138817671911e-01,6.863318548348876780e-01,-5.608493731433986662e-01,2.294182059326472234e-01,1.359683740042577083e-01,9.203320983227181173e-01,-4.250424640874393978e-01,5.968999810476233181e-02,-5.923395900590522345e-01,-3.178350993222741616e-01,-1.925550168984740407e-01,9.023714281686704419e-01,-4.178060618597711495e-01,-3.204877948168070173e-02,3.920557755516856230e-02,0.000000000000000000e+00,0.000000000000000000e+00,-1.062860378890863933e+00,6.359075869725731023e-01,-3.155502010210686215e-01,2.823375196695857015e-01,0.000000000000000000e+00,0.000000000000000000e+00,0.000000000000000000e+00,-8.882496718197174790e-01,-6.793048974888110658e-01,1.726049661894762943e-01,2.928802889805990906e-01,0.000000000000000000e+00,0.000000000000000000e+00,0.000000000000000000e+00
3.015620205624916506e-02,4.197936711131713405e-01,8.430872240909157433e-01,5.447761886445212989e-03,1.648331544221904449e-02,7.270030202580554102e-01,6.864147658217485404e-01,-5.601587508680020422e-01,2.296525212010320782e-01,1.380952195187583609e-01,9.213862628705589142e-01,-4.288932456456132636e-01,5.915483860467888461e-02,-5.930078326321917004e-01,-3.180558817503910118e-01,-1.905517999150880271e-01,9.039905446350824381e-01,-4.188157661443819291e-01,-3.089948242439053208e-02,3.793094382673203868e-02,0.000000000000000000e+00,0.000000000000000000e+00,-1.062181105556449179e+00,6.398634875430009306e-01,-3.180922999882063174e-01,2.853410377514062346e-01,0.000000000000000000e+00,0.000000000000000000e+00,0.000000000000000000e+00,-8.906400774269549458e-01,-6.767080675949651569e-01,1.688583737525542749e-01,2.971376476389920862e-01,0.000000000000000000e+00,0.000000000000000000e+00,0.000000000000000000e+00
2.999499243873859564e-02,4.196898606544584021e-01,8.426853475525909465e-01,4.887817918205411907e-03,1.672143929523069172e-02,7.264069622078691557e-01,6.870439781846787719e-01,-5.629137466060516459e-01,2.300447218302400509e-01,1.370166778525568896e-01,9.241121764374052860e-01,-4.278532041119550433e-01,6.048880021236639759e-02,-5.956066112892978159e-01,-3.178259085990287058e-01,-1.909388969380748646e-01,9.055875147373525502e-01,-4.201859661972038862e-01,-3.210225774258830544e-02,3.834054505240896971e-02,0.000000000000000000e+00,0.000000000000000000e+00,-1.066763606574182344e+00,6.455457812023327469e-01,-3.202973790687146383e-01,2.854948075978066546e-01,0.000000000000000000e+00,0.000000000000000000e+00,0.000000000000000000e+00,-8.911832383686587589e-01,-6.801192388986948556e-01,1.739801125563598949e-01,2.980178227035024663e-01,0.000000000000000000e+00,0.000000000000000000e+00,0.000000000000000000e+00
2.993109579160077582e-02,4.195583290672622034e-01,8.431408899292959225e-01,3.840456430701426685e-03,1.802065868612302488e-02,7.262702318423652770e-01,6.871623222314784396e-01,-5.651229090733113081e-01,2.273217228618355790e-01,1.347800547490164702e-01,9.207616443932309380e-01,-4.277634992591247687e-01,5.795271441723843370e-02,-5.978860138826175286e-01,-3.165441459883786002e-01,-1.895055302022439769e-01,9.024718567361750265e-01,-4.229822543101917631e-01,-3.231137742697556825e-02,3.925894074563322789e-02,0.000000000000000000e+00,0.000000000000000000e+00,-1.066015530346772433e+00,6.403942874427962506e-01,-3.173225731965171326e-01,2.824910354048882355e-01,0.000000000000000000e+00,0.000000000000000000e+00,0.000000000000000000e+00,-8.910187359248075145e-01,-6.753122232739934283e-01,1.715638551869628214e-01,2.939025154087869240e-01,0.000000000000000000e+00,0.000000000000000000e+00,0.000000000000000000e+00
2.980886203104126872e-02,4.192991492617305083e-01,8.431597095564531408e-01,3.551162411635508734e-03,1.760448731995274338e-02,7.258695080140200595e-01,6.875979411016378551e-01,-5.656957431991019858e-01,2.310680951648425574e-01,1.375958675389271635e-01,9.213222983214764961e-01,-4.211581415993476130e-01,5.742707671134975739e-02,-5.980857259323606456e-01,-3.153845239475177031e-01,-1.901050362253359494e-01,9.011900804127180864e-01,-4.190610693108239859e-01,-3.419976436386878982e-02,3.788584350379899102e-02,0.000000000000000000e+00,0.000000000000000000e+00,-1.066350952414519160e+00,6.413565936245594346e-01,-3.157369198326793192e-01,2.812455631086910879e-01,0.000000000000000000e+00,0.000000000000000000e+00,0.000000000000000000e+00,-8.878210306784952710e-01,-6.718973727395693984e-01,1.717166538152548882e-01,2.918295563360303047e-01,0.000000000000000000e+00,0.000000000000000000e+00,0.000000000000000000e+00
2.976275324850675627e-02,4.190749370295922538e-01,8.425978334201928988e-01,3.499440464845996260e-03,1.692708757083733265e-02,7.254139551875067315e-01,6.880957936523226515e-01,-5.667697330966875446e-01,2.333714319548546023e-01,1.375177438038333588e-01,9.251357607691251816e-01,-4.228381288531358195e-01,5.793161390004110400e-02,-5.988894835849660758e-01,-3.143730438669549709e-01,-1.900415699240915746e-01,9.032788836457118498e-01,-4.184258548076335571e-01,-3.178584112684029739e-02,3.742605598285946022e-02,0.000000000000000000e+00,0.000000000000000000e+00,-1.068557392761921632e+00,6.414245567438828788e-01,-3.166290036901299731e-01,2.852740059351739355e-01,0.000000000000000000e+00,0.000000000000000000e+00,0.000000000000000000e+00,-8.901540947663680869e-01,-6.761668943796449449e-01,1.779925176540157472e-01,2.965833872364192492e-01,0.000000000000000000e+00,0.000000000000000000e+00,0.000000000000000000e+00
2.986103098997094918e-02,4.189788546295143967e-01,8.425017879922146458e-01,2.722142442788788586e-03,1.781892766831374639e-02,7.252193385449952068e-01,6.882819093639114261e-01,-5.698160878790019535e-01,2.327892940518621334e-01,1.366279493267738565e-01,9.255363134449272611e-01,-4.215161341216252522e-01,5.815813771934178616e-02,-6.014703085312943509e-01,-3.149906302436947803e-01,-1.913637538013538975e-01,9.033027843365157850e-01,-4.212022214564339895e-01,-3.340021546007079095e-02,3.900278547657876071e-02,0.000000000000000000e+00,0.000000000000000000e+00,-1.069361309140245631e+00,6.366839584559519372e-01,-3.160941051291000781e-01,2.828269116378239745e-01,0.000000000000000000e+00,0.000000000000000000e+00,0.000000000000000000e+00,-8.910180835321399595e-01,-6.755370092154542316e-01,1.803140608546318913e-01,2.938949314487745434e-01,0.000000000000000000e+00,0.000000000000000000e+00,0.000000000000000000e+00
2.998044290542028339e-02,4.187841934554413226e-01,8.418026771261398755e-01,4.014034512907362073e-03,1.740942447305714527e-02,7.250037481888774726e-01,6.885131549785554750e-01,-5.686170840282132044e-01,2.313340369710630284e-01,1.358443207762734528e-01,9.287662321631904305e-01,-4.261318238449567364e-01,5.925236069107493037e-02,-6.020687101499541116e-01,-3.156167932460808290e-01,-1.887132791794882136e-01,9.082953327281367839e-01,-4.241755931729578877e-01,-3.367413122677675313e-02,3.829761543487883446e-02,0.000000000000000000e+00,0.000000000000000000e+00,-1.070082416456185959e+00,6.412699199601158417e-01,-3.198565140952703278e-01,2.885902789387987943e-01,0.000000000000000000e+00,0.000000000000000000e+00,0.000000000000000000e+00,-8.946314139103057617e-01,-6.725347812467897812e-01,1.787786521744469392e-01,2.984435525405353395e-01,0.000000000000000000e+00,0.000000000000000000e+00,0.000000000000000000e+00
3.009205113956798031e-02,4.186893767945721878e-01,8.415263410448425851e-01,4.966062000690657854e-03,1.690027119850073811e-02,7.246165264221313684e-01,6.889271432434251885e-01,-5.665487812172410598e-01,2.324346512647385843e-01,1.377353482006794250e-01,9.303260943013409445e-01,-4.282238243154491975e-01,5.936147209987408663e-02,-6.014035602937517488e-01,-3.158407079386175154e-01,-1.877284974503548864e-01,9.104060542828391611e-01,-4.245163426702383003e-01,-3.300125394309888494e-02,3.666073048487278330e-02,0.000000000000000000e+00,0.000000000000000000e+00,-1.070517347571486422e+00,6.468329324236977707e-01,-3.224866145595370881e-01,2.946103213257368902e-01,0.000000000000000000e+00,0.000000000000000000e+00,0.000000000000000000e+00,-8.976057938762287414e-01,-6.700335700854959109e-01,1.800793112057375300e-01,3.027524142581611843e-01,0.000000000000000000e+00,0.000000000000000000e+00,0.000000000000000000e+00
3.019158380606229777e-02,4.188901946488653993e-01,8.416625354619354793e-01,4.671911271381046921e-03,1.671063776292775957e-02,7.247219834465835619e-01,6.888228905458053664e-01,-5.661430688184408977e-01,2.337468835674854917e-01,1.386268247736622827e-01,9.303037771357189900e-01,-4.321267509475499868e-01,6.268039324865744277e-02,-6.009014501493586957e-01,-3.149731704267102472e-01,-1.879477195834114156e-01,9.094693303065134460e-01,-4.218170591609590736e-01,-3.080863559514212396e-02,3.555904629839347353e-02,0.000000000000000000e+00,0.000000000000000000e+00,-1.072058526681308965e+00,6.492338247942338603e-01,-3.245036647281205888e-01,2.943120055218342856e-01,0.000000000000000000e+00,0.000000000000000000e+00,0.000000000000000000e+00,-8.966771981182354301e-01,-6.709492007529773705e-01,1.818727794912707862e-01,3.039108361900366151e-01,0.000000000000000000e+00,0.000000000000000000e+00,0.000000000000000000e+00
3.030773494065126805e-02,4.190806480294709813e-01,8.419818216151725432e-01,4.920018848045177445e-03,1.686774876755720021e-02,7.243472029513634558e-01,6.892114349331315282e-01,-5.646419418679000657e-01,2.323500874489957124e-01,1.375918716072019876e-01,9.284602328016462458e-01,-4.315067445497086651e-01,6.229056068594319984e-02,-6.000769018959868362e-01,-3.135627369795379593e-01,-1.860534732247377809e-01,9.080086064667770573e-01,-4.236145549026905655e-01,-3.105885699520634369e-02,3.611222509395689562e-02,0.000000000000000000e+00,0.000000000000000000e+00,-1.070696124376241620e+00,6.456836713557566609e-01,-3.227400355053348657e-01,2.973947982593911354e-01,0.000000000000000000e+00,0.000000000000000000e+00,0.000000000000000000e+00,-8.966746534943865754e-01,-6.706979749045864914e-01,1.834776988739176828e-01,3.027490422741916376e-01,0.000000000000000000e+00,0.000000000000000000e+00,0.000000000000000000e+00
3.040795497359319657e-02,4.192671540411320175e-01,8.421512645599057434e-01,5.194922844103349105e-03,1.687517114355480130e-02,7.247664451827032783e-01,6.887683509807542848e-01,-5.631898819741002482e-01,2.325791655259364932e-01,1.391317651336875516e-01,9.270127267766625767e-01,-4.323221578246342345e-01,6.124551201092093972e-02,-5.988973041849697809e-01,-3.142576898834014143e-01,-1.862241645949106461e-01,9.076492343787869732e-01,-4.235228420182287068e-01,-3.060357363923471227e-02,3.525268690789101073e-02,0.000000000000000000e+00,0.000000000000000000e+00,-1.071348405587676522e+00,6.464627699070468747e-01,-3.238001133789518704e-01,2.997498039807816039e-01,0.000000000000000000e+00,0.000000000000000000e+00,0.000000000000000000e+00,-8.970713765080206015e-01,-6.704121994923715189e-01,1.800358976050675242e-01,3.054669467548047912e-01,0.000000000000000000e+00,0.000000000000000000e+00,0.000000000000000000e+00
3.045622012875666765e-02,4.195102093653834130e-01,8.421532167074883279e-01,4.982393948430753963e-03,1.744614916849315106e-02,7.247255452141089238e-01,6.887987309394858482e-01,-5.639368939954998439e-01,2.311815235902478782e-01,1.381525515412543037e-01,9.267331204325276461e-01,-4.327256045294877174e-01,6.074594884897120683e-02,-6.003716109712224913e-01,-3.139459253707334585e-01,-1.847093145778013756e-01,9.082426730947047444e-01,-4.241151446079808318e-01,-3.072876936763806882e-02,3.519059862942461314e-02,0.000000000000000000e+00,0.000000000000000000e+00,-1.069093309345146015e+00,6.442137013124176192e-01,-3.239360932394432790e-01,2.950647413416779274e-01,0.000000000000000000e+00,0.000000000000000000e+00,0.000000000000000000e+00,-8.944270853429847623e-01,-6.642910837663773549e-01,1.768054420390329506e-01,2.996782841992866042e-01,0.000000000000000000e+00,0.000000000000000000e+00,0.000000000000000000e+00
3.047802859543937565e-02,4.195973521604033918e-01,8.419912014313524207e-01,5.257673521449514678e-03,1.666279954306429043e-02,7.252362816737175644e-01,6.882783185053920061e-01,-5.634604461554498789e-01,2.321141281627235875e-01,1.378423010003621274e-01,9.279847594456412940e-01,-4.316392751862287991e-01,6.217007709402054549e-02,-5.988345845185444327e-01,-3.155896695617689263e-01,-1.875917055045157600e-01,9.094806960864012524e-01,-4.205721689736516833e-01,-3.040719083094578848e-02,3.562594640006150337e-02,0.000000000000000000e+00,0.000000000000000000e+00,-1.069520612222224942e+00,6.410931249490293693e-01,-3.255198458216053692e-01,2.936183856861998565e-01,0.000000000000000000e+00,0.000000000000000000e+00,0.000000000000000000e+00,-8.892821806932736939e-01,-6.696605364732370891e-01,1.796911566331541865e-01,2.981675426140830143e-01,0.000000000000000000e+00,0.000000000000000000e+00,0.000000000000000000e+00
3.043269039399931764e-02,4.198088336874239435e-01,8.420364014232261107e-01,4.436437534570831717e-03,1.723411070258400180e-02,7.253748538169115800e-01,6.881239894818282909e-01,-5.654720046373248321e-01,2.315512652927839699e-01,1.370351863510539392e-01,9.281684308789219795e-01,-4.342492336309912715e-01,6.458980691719891365e-02,-6.004988871267543660e-01,-3.151561649705184043e-01,-1.873121642072916315e-01,9.089387273247373500e-01,-4.198978779626299507e-01,-2.911936771143986899e-02,3.669406658547127303e-02,0.000000000000000000e+00,0.000000000000000000e+00,-1.071454753152788042e+00,6.379216126702562661e-01,-3.242371157865442388e-01,2.898048412172631871e-01,0.000000000000000000e+00,0.000000000000000000e+00,0.000000000000000000e+00,-8.869493503097694020e-01,-6.731419828194873389e-01,1.816930063541523366e-01,2.944831780646480768e-01,0.000000000000000000e+00,0.000000000000000000e+00,0.000000000000000000e+00
3.037889768026801746e-02,4.196095372047102257e-01,8.414950422397342589e-01,5.186187306331861008e-03,1.657469132755152313e-02,7.255729271406896608e-01,6.879260937550719657e-01,-5.653323424407796782e-01,2.323103715594632135e-01,1.374274616294879903e-01,9.311312176764626747e-01,-4.323701363421055266e-01,6.304159660989369640e-02,-6.004406705469205185e-01,-3.162375362611571372e-01,-1.873847776343601779e-01,9.127390843211111715e-01,-4.203573542216071379e-01,-3.143717407881121972e-02,3.661771457948358177e-02,0.000000000000000000e+00,0.000000000000000000e+00,-1.070350180944366958e+00,6.362225716174657597e-01,-3.227707214061168450e-01,2.926616848837944040e-01,0.000000000000000000e+00,0.000000000000000000e+00,0.000000000000000000e+00,-8.874029806977470347e-01,-6.715165143120607194e-01,1.773966713426540776e-01,2.968451741033057423e-01,0.000000000000000000e+00,0.000000000000000000e+00,0.000000000000000000e+00
3.029365136043293480e-02,4.195647226210234004e-01,8.417656267861119979e-01,4.971486594807669052e-03,1.668753883939039923e-02,7.251563624191647017e-01,6.883640464256738367e-01,-5.652197078543634845e-01,2.321948478547709582e-01,1.368673481168469763e-01,9.296837073576031951e-01,-4.293437120100578319e-01,6.099402113353123017e-02,-5.998256862948730950e-01,-3.153635160994319730e-01,-1.875704313335768147e-01,9.101460593090217044e-01,-4.221231201569788372e-01,-3.148320758902779098e-02,3.707587264010426403e-02,0.000000000000000000e+00,0.000000000000000000e+00,-1.070549054720690396e+00,6.352580068080244668e-01,-3.231937599362698643e-01,2.896871925463621600e-01,0.000000000000000000e+00,0.000000000000000000e+00,0.000000000000000000e+00,-8.876442785123752621e-01,-6.734541852118925975e-01,1.817581578676165655e-01,2.950871090985276446e-01,0.000000000000000000e+00,0.000000000000000000e+00,0.000000000000000000e+00
3.023356972617698493e-02,4.193800481645758027e-01,8.416730000727603578e-01,5.365472993093839404e-03,1.645076940904283830e-02,7.247831823468757761e-01,6.887596986413669908e-01,-5.648997797761552420e-01,2.313703498591080376e-01,1.356402348070588348e-01,9.300314611682847232e-01,-4.258604161519097264e-01,6.172471054971522680e-02,-5.995440775951530465e-01,-3.141353256899893087e-01,-1.858837253303792791e-01,9.104335357866942813e-01,-4.252943540299500280e-01,-3.453962511192735368e-02,3.684279682135558481e-02,0.000000000000000000e+00,0.000000000000000000e+00,-1.070877423304367193e+00,6.378916438080256546e-01,-3.229150968452993431e-01,2.920577840643835965e-01,0.000000000000000000e+00,0.000000000000000000e+00,0.000000000000000000e+00,-8.892799094135899196e-01,-6.733815452206249885e-01,1.821550994356809228e-01,2.967512825979080060e-01,0.000000000000000000e+00,0.000000000000000000e+00,0.000000000000000000e+00
3.015905200153386895e-02,4.192204983157861720e-01,8.415823762006080511e-01,5.430736288186426355e-03,1.680800180932795831e-02,7.248626576817548406e-01,6.886669192556656993e-01,-5.652968166323477650e-01,2.306842514894723029e-01,1.363111494633865439e-01,9.301191402555957222e-01,-4.284697897024138946e-01,6.155980670453575776e-02,-5.999914969126148856e-01,-3.155463396949467203e-01,-1.864688781177539223e-01,9.107683409825421128e-01,-4.288088491370545818e-01,-3.263438621462518008e-02,3.722046304315114462e-02,0.000000000000000000e+00,0.000000000000000000e+00,-1.073284881075251107e+00,6.413523931023208391e-01,-3.269284198492961035e-01,2.931783780764821712e-01,0.000000000000000000e+00,0.000000000000000000e+00,0.000000000000000000e+00,-8.926597327138696691e-01,-6.758643790928049455e-01,1.802222732674741701e-01,2.990102232819427108e-01,0.000000000000000000e+00,0.000000000000000000e+00,0.000000000000000000e+00
3.006803601061337414e-02,4.190068474830128120e-01,8.415368534435889725e-01,4.955966784735239480e-03,1.738646177761817013e-02,7.248863261933857771e-01,6.886312245592270953e-01,-5.668931183043746103e-01,2.293090330715848446e-01,1.352817911759875980e-01,9.301521630016567066e-01,-4.333786253575457881e-01,6.115834498538626207e-02,-6.016310085749696501e-01,-3.154418727190648752e-01,-1.858810635181178395e-01,9.106755772577179719e-01,-4.318420251022563328e-01,-3.110664679599112539e-02,3.742318551954300354e-02,0.000000000000000000e+00,0.000000000000000000e+00,-1.076892605237001366e+00,6.490790011679533622e-01,-3.315901876170744278e-01,2.941305685975305062e-01,0.000000000000000000e+00,0.000000000000000000e+00,0.000000000000000000e+00,-8.939160948274692542e-01,-6.805083145284154256e-01,1.816152223530257126e-01,2.991372343569343450e-01,0.000000000000000000e+00,0.000000000000000000e+00,0.000000000000000000e+00
2.984133576873805940e-02,4.185939439305630949e-01,8.409024969010880923e-01,5.317517356063776457e-03,1.635371582262743970e-02,7.246994974005358525e-01,6.888504325725371968e-01,-5.675017175884878862e-01,2.311327431456938752e-01,1.354351526774431325e-01,9.348545749127736837e-01,-4.356287308564025240e-01,6.434813578709848436e-02,-6.022736986115287960e-01,-3.146224335063814159e-01,-1.847070829258718183e-01,9.138285837855933957e-01,-4.274116524324051425e-01,-2.924449688475566286e-02,3.577998905380472272e-02,0.000000000000000000e+00,0.000000000000000000e+00,-1.079105278446024885e+00,6.447042278888767131e-01,-3.284316208836939865e-01,2.974931494809370247e-01,0.000000000000000000e+00,0.000000000000000000e+00,0.000000000000000000e+00,-8.957441510678653129e-01,-6.738996669272513396e-01,1.778921192519200001e-01,3.044186068277774937e-01,0.000000000000000000e+00,0.000000000000000000e+00,0.000000000000000000e+00
2.967012703429916520e-02,4.181588569893358587e-01,8.403992211282140801e-01,5.503483084092139488e-03,1.567303060033293366e-02,7.238509800087314927e-01,6.897563530161526790e-01,-5.679818418744837505e-01,2.348837156208650190e-01,1.380355848257280027e-01,9.382637323573472798e-01,-4.332164524956910734e-01,6.422576430480714249e-02,-6.031701267345146444e-01,-3.154215990423880345e-01,-1.870409887535195437e-01,9.159178191937855651e-01,-4.248552329204275391e-01,-3.009498401060460918e-02,3.722170849119094821e-02,0.000000000000000000e+00,0.000000000000000000e+00,-1.078603777554556276e+00,6.327124610441435815e-01,-3.239922285573538785e-01,2.969170448335623491e-01,0.000000000000000000e+00,0.000000000000000000e+00,0.000000000000000000e+00,-8.956650981526487199e-01,-6.705758806993522558e-01,1.831419981282931264e-01,3.046348827526485503e-01,0.000000000000000000e+00,0.000000000000000000e+00,0.000000000000000000e+00
2.951837231110841092e-02,4.178450014345601593e-01,8.406983664028265801e-01,4.944908387651292606e-03,1.622689628379014176e-02,7.236574227090520894e-01,6.899508462753891624e-01,-5.693817761747456130e-01,2.347074032176803549e-01,1.384093129555543367e-01,9.362151595934576909e-01,-4.284181045324417236e-01,6.392016365168200209e-02,-6.045519253149361782e-01,-3.145232947670057455e-01,-1.861544677107920265e-01,9.133769125149068246e-01,-4.227005507236885617e-01,-3.070832721490658265e-02,3.609708882563945204e-02,0.000000000000000000e+00,0.000000000000000000e+00,-1.078695407557833441e+00,6.357928296440460425e-01,-3.246025341523093299e-01,2.939486501172208777e-01,0.000000000000000000e+00,0.000000000000000000e+00,0.000000000000000000e+00,-8.965406354080172058e-01,-6.704707321378357010e-01,1.828787118390779731e-01,3.032025577157738683e-01,0.000000000000000000e+00,0.000000000000000000e+00,0.000000000000000000e+00
2.944439104384393921e-02,4.175611037898402933e-01,8.408504414862699727e-01,4.319371246221259328e-03,1.708422542439943376e-02,7.233663796663117873e-01,6.902394896281577319e-01,-5.712675007200652688e-01,2.339549928613201824e-01,1.385285388117842853e-01,9.346797875532988353e-01,-4.271588067520933341e-01,6.447348645857139959e-02,-6.067021635324719719e-01,-3.142525495939467173e-01,-1.856612361402904809e-01,9.115095070150287526e-01,-4.232216045629414447e-01,-3.097023006981372215e-02,3.655904513980822584e-02,0.000000000000000000e+00,0.000000000000000000e+00,-1.077615063218763991e+00,6.297558246474533883e-01,-3.204951745698982890e-01,2.867972284445630682e-01,0.000000000000000000e+00,0.000000000000000000e+00,0.000000000000000000e+00,-8.959514160997161802e-01,-6.657214394275926539e-01,1.832774865460732316e-01,2.967464892384866770e-01,0.000000000000000000e+00,0.000000000000000000e+00,0.000000000000000000e+00
2.938559581985665178e-02,4.172757782241046653e-01,8.410715804740103163e-01,4.052930942429821409e-03,1.786397744419419148e-02,7.233618103873545868e-01,6.902261537596057206e-01,-5.720986985043970963e-01,2.325118276936636308e-01,1.385220086798912287e-01,9.323111401462990111e-01,-4.259640834405393761e-01,6.215011324167087070e-02,-6.080249380809996662e-01,-3.143970299127686330e-01,-1.847973847328289454e-01,9.099886027539029199e-01,-4.244491231393779374e-01,-3.118272965058074830e-02,3.570827570849063881e-02,0.000000000000000000e+00,0.000000000000000000e+00,-1.078330729198455629e+00,6.358620856083488926e-01,-3.218516183723115209e-01,2.869936031541358568e-01,0.000000000000000000e+00,0.000000000000000000e+00,0.000000000000000000e+00,-8.973088574411011153e-01,-6.682237461718809612e-01,1.827320845373389402e-01,2.944253845169189643e-01,0.000000000000000000e+00,0.000000000000000000e+00,0.000000000000000000e+00
2.926314158620981626e-02,4.170170117556131761e-01,8.409280688261278058e-01,4.036678972674276333e-03,1.768144146450079460e-02,7.230798499268948909e-01,6.905263228004484555e-01,-5.722121868287661783e-01,2.330735707814052260e-01,1.388656703455964370e-01,9.333225162956378940e-01,-4.295806921596715955e-01,6.279288268798730033e-02,-6.086289893293009845e-01,-3.140919328674887101e-01,-1.845142757991376781e-01,9.105007453415148166e-01,-4.233777928627717735e-01,-2.860664012567969497e-02,3.489646857733989804e-02,0.000000000000000000e+00,0.000000000000000000e+00,-1.081770395435531995e+00,6.409854038349893646e-01,-3.258713100807606455e-01,2.900448349197830566e-01,0.000000000000000000e+00,0.000000000000000000e+00,0.000000000000000000e+00,-8.989238708407376599e-01,-6.660620996566680718e-01,1.803637761881948798e-01,2.956721140426600281e-01,0.000000000000000000e+00,0.000000000000000000e+00,0.000000000000000000e+00
2.920088326349167332e-02,4.167833571819576366e-01,8.410079685279396866e-01,3.770573711986108245e-03,1.743409973580067190e-02,7.229166081951785561e-01,6.907050112282840937e-01,-5.723588769678272792e-01,2.346298046815170069e-01,1.397592123440080103e-01,9.333694709076429952e-01,-4.306325913465525179e-01,6.319886546097415458e-02,-6.087859255985557105e-01,-3.115862462244420872e-01,-1.826994974659035265e-01,9.093102518123524769e-01,-4.223449332563941616e-01,-2.988907242804875880e-02,3.390430079395787000e-02,0.000000000000000000e+00,0.000000000000000000e+00,-1.081347939173274542e+00,6.387097978581928182e-01,-3.275404267159982008e-01,2.894561462962190745e-01,0.000000000000000000e+00,0.000000000000000000e+00,0.000000000000000000e+00,-8.994989739982678367e-01,-6.696896555053651889e-01,1.881239365387758489e-01,2.955057178347622049e-01,0.000000000000000000e+00,0.000000000000000000e+00,0.000000000000000000e+00
2.920523542049148838e-02,4.165796647304432221e-01,8.409055193869693356e-01,3.496627317983936473e-03,1.780146516173516935e-02,7.228676154078306215e-01,6.907483565163886619e-01,-5.733308477661173130e-01,2.347707149294066264e-01,1.402463332756560543e-01,9.333951077399578189e-01,-4.329693141376738663e-01,6.191747930004600636e-02,-6.098032114971168038e-01,-3.123766880035676041e-01,-1.837348583256657175e-01,9.094104134014299179e-01,-4.249520173279073831e-01,-2.911488024344602299e-02,3.470538304252412248e-02,0.000000000000000000e+00,0.000000000000000000e+00,-1.082215489508908224e+00,6.349503136317485863e-01,-3.258589118088250913e-01,2.904896427695816130e-01,0.000000000000000000e+00,0.000000000000000000e+00,0.000000000000000000e+00,-9.001918808049325094e-01,-6.716833381512267165e-01,1.904438923866469680e-01,2.947633460174667319e-01,0.000000000000000000e+00,0.000000000000000000e+00,0.000000000000000000e+00
2.916585726152282412e-02,4.163955437964562134e-01,8.410625286832035252e-01,3.706330495235303155e-03,1.755528956838959750e-02,7.228460825673919121e-01,6.907760967487265313e-01,-5.724638435135738224e-01,2.348350781833993817e-01,1.406203362074411323e-01,9.326528134026691452e-01,-4.326574047925332289e-01,6.323759266186676498e-02,-6.089632646825302587e-01,-3.122544938194149466e-01,-1.837571645765987138e-01,9.084504017835763889e-01,-4.236230234636113590e-01,-2.836514718171580934e-02,3.320633076974026376e-02,0.000000000000000000e+00,0.000000000000000000e+00,-1.083820563332937192e+00,6.369636973149287451e-01,-3.282304851921958866e-01,2.938707114073207949e-01,0.000000000000000000e+00,0.000000000000000000e+00,0.000000000000000000e+00,-9.005452751182797533e-01,-6.695501785274657891e-01,1.923537891787121812e-01,2.974387449920726789e-01,0.000000000000000000e+00,0.000000000000000000e+00,0.000000000000000000e+00
2.913796004035577869e-02,4.163079405138144229e-01,8.409805723989574044e-01,3.814712173041606702e-03,1.691055787879618133e-02,7.228444305545117521e-01,6.907933194665311083e-01,-5.717432145241087005e-01,2.379304264051348428e-01,1.431307743194679127e-01,9.332886021473090210e-01,-4.307730203386038736e-01,6.329464667129351685e-02,-6.086000483109583747e-01,-3.119644765255881191e-01,-1.841019495612342127e-01,9.087659580298457218e-01,-4.172829133137558877e-01,-2.688888804840672275e-02,3.008051479385052615e-02,0.000000000000000000e+00,0.000000000000000000e+00,-1.086400353430737376e+00,6.414476424262861576e-01,-3.313592795360846832e-01,2.972041616234675776e-01,0.000000000000000000e+00,0.000000000000000000e+00,0.000000000000000000e+00,-9.019343253169525010e-01,-6.687215377675302941e-01,1.965225142902222721e-01,3.006015076613731685e-01,0.000000000000000000e+00,0.000000000000000000e+00,0.000000000000000000e+00
2.913471312569156091e-02,4.163797674279320904e-01,8.410689033343358156e-01,3.341128833892349770e-03,1.743221896542484009e-02,7.226368150653506017e-01,6.909999913981645925e-01,-5.726884526284287125e-01,2.376660627786382762e-01,1.428009537109116711e-01,9.324656734084724174e-01,-4.311018156926864631e-01,6.164062421247323842e-02,-6.096275485433522157e-01,-3.118940346409882491e-01,-1.845937610350430746e-01,9.078323803414899418e-01,-4.189171917282880631e-01,-2.820679640523647905e-02,2.937298123045972362e-02,0.000000000000000000e+00,0.000000000000000000e+00,-1.087237722921580607e+00,6.388328133681132615e-01,-3.294873424509084381e-01,2.970020831688376384e-01,0.000000000000000000e+00,0.000000000000000000e+00,0.000000000000000000e+00,-9.039039140963922581e-01,-6.667806305759312879e-01,1.966324854180489523e-01,2.975112512850753288e-01,0.000000000000000000e+00,0.000000000000000000e+00,0.000000000000000000e+00
2.921809523390997768e-02,4.165934782688882065e-01,8.412960992500739810e-01,2.736642902244420736e-03,1.795211773627468713e-02,7.233138483333124702e-01,6.902806016857654381e-01,-5.742536202585790672e-01,2.358897796660537338e-01,1.406450328601255850e-01,9.309485296615603866e-01,-4.299683568315209592e-01,6.131679378121891039e-02,-6.091107756842066845e-01,-3.130079884926376121e-01,-1.869606610823901505e-01,9.060466811519114483e-01,-4.235286864236949556e-01,-2.935678066432355696e-02,3.125005092506288190e-02,0.000000000000000000e+00,0.000000000000000000e+00,-1.087623152938729909e+00,6.327784937097085116e-01,-3.287765313143204970e-01,2.945007781767951527e-01,0.000000000000000000e+00,0.000000000000000000e+00,0.000000000000000000e+00,-9.026154927993796928e-01,-6.720408764490261033e-01,1.978576626584227227e-01,2.939940847966353021e-01,0.000000000000000000e+00,0.000000000000000000e+00,0.000000000000000000e+00
2.934621782555373384e-02,4.168900439518669621e-01,8.413080822542313708e-01,3.211759782686672213e-03,1.821937486267164244e-02,7.237549924357353781e-01,6.898089952320572982e-01,-5.731709700261301554e-01,2.344585372321086048e-01,1.410666993276638304e-01,9.301121338870547151e-01,-4.310452213261538601e-01,6.110021498390106470e-02,-6.089802225549439951e-01,-3.137496790360940757e-01,-1.855287339379859124e-01,9.074990784115795073e-01,-4.252191878936080194e-01,-3.105416686127255785e-02,3.224995970387027622e-02,0.000000000000000000e+00,0.000000000000000000e+00,-1.087375273126096165e+00,6.317982728286865024e-01,-3.295066514248301548e-01,2.955418045305453489e-01,0.000000000000000000e+00,0.000000000000000000e+00,0.000000000000000000e+00,-9.026294437253612468e-01,-6.723998798141818112e-01,1.934107221669126575e-01,2.935208489149903066e-01,0.000000000000000000e+00,0.000000000000000000e+00,0.000000000000000000e+00
2.932311936902929489e-02,4.173587384463802730e-01,8.417412390508323128e-01,2.090602183964231434e-03,1.823867123837095289e-02,7.243803919352892473e-01,6.891560258995372834e-01,-5.745651511427513070e-01,2.328920311737479043e-01,1.366009521831932916e-01,9.288403328597523156e-01,-4.325748532235841326e-01,6.128926068363712426e-02,-6.078905255076310077e-01,-3.131502292601388571e-01,-1.881181609142437983e-01,9.050269756289226475e-01,-4.244358199433059808e-01,-2.984609159314117327e-02,3.327771419273557740e-02,0.000000000000000000e+00,0.000000000000000000e+00,-1.088214239596725808e+00,6.299526163427459080e-01,-3.318956595618605121e-01,2.924075610160601357e-01,0.000000000000000000e+00,0.000000000000000000e+00,0.000000000000000000e+00,-8.991788603502454125e-01,-6.770470974324119817e-01,1.913389734781075768e-01,2.923044225164880827e-01,0.000000000000000000e+00,0.000000000000000000e+00,0.000000000000000000e+00
2.941502865736405833e-02,4.178501690247858891e-01,8.418268525340341091e-01,2.268003022672280058e-03,1.793161418615583577e-02,7.245411717302980836e-01,6.889944875270445079e-01,-5.729720462813571169e-01,2.339487464021826335e-01,1.375178954925895258e-01,9.286037380752528714e-01,-4.335998233639937749e-01,6.051325708135673470e-02,-6.063459525368526393e-01,-3.137244811767045949e-01,-1.894466059794024382e-01,9.050545498733713057e-01,-4.230618937886752584e-01,-3.036372921041038259e-02,3.426086093712058661e-02,0.000000000000000000e+00,0.000000000000000000e+00,-1.087286413574789945e+00,6.251016674403873097e-01,-3.304056642178160863e-01,2.921427465101724130e-01,0.000000000000000000e+00,0.000000000000000000e+00,0.000000000000000000e+00,-8.989896639912415832e-01,-6.754369415983200176e-01,1.906465985363820781e-01,2.924616041449204507e-01,0.000000000000000000e+00,0.000000000000000000e+00,0.000000000000000000e+00
2.956068319714225470e-02,4.184165876834475828e-01,8.420477814129797567e-01,2.468624645335504644e-03,1.795359483352858276e-02,7.247748355285249522e-01,6.887474225792163951e-01,-5.711578110442815381e-01,2.355945834291050534e-01,1.403261244348374404e-01,9.272739572051426071e-01,-4.316615491152899775e-01,5.764868591442325746e-02,-6.048570738394485335e-01,-3.132471356830552889e-01,-1.884135339667491749e-01,9.043465444454059643e-01,-4.239392330059301162e-01,-2.983340032897843080e-02,3.411298319088761771e-02,0.000000000000000000e+00,0.000000000000000000e+00,-1.087017453252013821e+00,6.285180060245437739e-01,-3.316303262370536853e-01,2.932108369611176046e-01,0.000000000000000000e+00,0.000000000000000000e+00,0.000000000000000000e+00,-9.006563036284781498e-01,-6.735494215685231545e-01,1.861963819090829975e-01,2.919921438745723408e-01,0.000000000000000000e+00,0.000000000000000000e+00,0.000000000000000000e+00
2.972631474109136210e-02,4.188910284447707744e-01,8.420258184489985975e-01,2.101290908743532262e-03,1.792931789691293298e-02,7.248999674886379418e-01,6.886175725838254991e-01,-5.716939255112158946e-01,2.357668741702818593e-01,1.386380643070410923e-01,9.279409405132494904e-01,-4.316934118887185701e-01,5.562655564935164998e-02,-6.043433030739467915e-01,-3.132080851940220456e-01,-1.902244821330062174e-01,9.048830838266666010e-01,-4.265319241829151342e-01,-3.093783048597845836e-02,3.481007440284405313e-02,0.000000000000000000e+00,0.000000000000000000e+00,-1.086596782602951006e+00,6.228418668171323835e-01,-3.259968493647232846e-01,2.939542210551061574e-01,0.000000000000000000e+00,0.000000000000000000e+00,0.000000000000000000e+00,-9.031694683617992325e-01,-6.713174860829629331e-01,1.806218295839992216e-01,2.937825141268094464e-01,0.000000000000000000e+00,0.000000000000000000e+00,0.000000000000000000e+00
2.996059327580760656e-02,4.193560753265219709e-01,8.420397472944979311e-01,2.502126663381376223e-03,1.825792550156488808e-02,7.243633871114741885e-01,6.891720183894094465e-01,-5.701030299551322900e-01,2.345358653704307239e-01,1.380368446531113069e-01,9.275356593694396024e-01,-4.340897689312603891e-01,5.460597728542070789e-02,-6.044382646535844117e-01,-3.124374793623738156e-01,-1.881012171105806985e-01,9.056648119002362884e-01,-4.296426625111541275e-01,-3.170389822671354496e-02,3.679101307887914368e-02,0.000000000000000000e+00,0.000000000000000000e+00,-1.084804154444505730e+00,6.239902546946872741e-01,-3.258946137676620447e-01,2.936596864533053131e-01,0.000000000000000000e+00,0.000000000000000000e+00,0.000000000000000000e+00,-9.053206682085886969e-01,-6.714638612493751824e-01,1.834379979463104104e-01,2.943732357155236512e-01,0.000000000000000000e+00,0.000000000000000000e+00,0.000000000000000000e+00
3.020849390606767867e-02,4.197045822616281008e-01,8.416465114428374195e-01,3.426685811161253245e-03,1.756317808991741947e-02,7.245767938720452106e-01,6.889617278062994954e-01,-5.682372948194293061e-01,2.354694478412673320e-01,1.387818083390735258e-01,9.297184604843802269e-01,-4.350126610945785899e-01,5.473014581492897240e-02,-6.030321207536046835e-01,-3.139853062867810629e-01,-1.889166635478575773e-01,9.089308946904575137e-01,-4.291597950240449988e-01,-3.091322548740508408e-02,3.648326578996831382e-02,0.000000000000000000e+00,0.000000000000000000e+00,-1.085442209005025749e+00,6.272941773196729631e-01,-3.284142925530835200e-01,2.968499183780636819e-01,0.000000000000000000e+00,0.000000000000000000e+00,0.000000000000000000e+00,-9.064627012311899934e-01,-6.719149785372010575e-01,1.850469348138172321e-01,2.973792191643097604e-01,0.000000000000000000e+00,0.000000000000000000e+00,0.000000000000000000e+00
3.044427549756754947e-02,4.200478139652730758e-01,8.415461548559075577e-01,3.692083090617897384e-03,1.703802402114738129e-02,7.248310989791507675e-01,6.887059983858012657e-01,-5.674060025265125207e-01,2.361059636167480158e-01,1.382083294294567111e-01,9.308453547161305019e-01,-4.356299995691991223e-01,5.597046807504178073e-02,-6.015749202271123419e-01,-3.139577642051154527e-01,-1.896013147920392050e-01,9.096749549574890681e-01,-4.288095192910759690e-01,-3.067499220860256046e-02,3.750407799054509411e-02,0.000000000000000000e+00,0.000000000000000000e+00,-1.085097509013484451e+00,6.188249250887680741e-01,-3.237224481636237772e-01,2.964301510076871593e-01,0.000000000000000000e+00,0.000000000000000000e+00,0.000000000000000000e+00,-9.045669439466301753e-01,-6.698361885082666500e-01,1.868344312229446302e-01,2.964700763981512610e-01,0.000000000000000000e+00,0.000000000000000000e+00,0.000000000000000000e+00
3.069511872560358109e-02,4.203528973396569168e-01,8.416351912926760548e-01,3.957382997134070365e-03,1.713782724132532909e-02,7.251921270978808343e-01,6.883218816749261393e-01,-5.671082758707228777e-01,2.335749021865509978e-01,1.353054458537482352e-01,9.300398512628040848e-01,-4.337741230595014708e-01,5.704364211788627570e-02,-6.007358998205257761e-01,-3.143708419384145802e-01,-1.897833246215574476e-01,9.099600712489919196e-01,-4.310326300924663956e-01,-3.376162670566170559e-02,3.960646975825253546e-02,0.000000000000000000e+00,0.000000000000000000e+00,-1.082547863490012530e+00,6.131144014707897716e-01,-3.227563073536260929e-01,2.922856073681928679e-01,0.000000000000000000e+00,0.000000000000000000e+00,0.000000000000000000e+00,-9.017326326311563278e-01,-6.713047439983511611e-01,1.890889114157333073e-01,2.918418966158620176e-01,0.000000000000000000e+00,0.000000000000000000e+00,0.000000000000000000e+00
3.084159439439759440e-02,4.205958762784771099e-01,8.415700193768915760e-01,4.034816868426169614e-03,1.714533857830454269e-02,7.258808422464468890e-01,6.875949101596533497e-01,-5.667967152013784204e-01,2.339931335308680360e-01,1.365966190135944891e-01,9.303364447309478980e-01,-4.371804153808038218e-01,5.799286719659465378e-02,-5.998322856689332072e-01,-3.159932821206305475e-01,-1.915233420874264403e-01,9.110535211157355651e-01,-4.335370496559324827e-01,-3.278605335713475483e-02,3.949582338863705938e-02,0.000000000000000000e+00,0.000000000000000000e+00,-1.084410485313976213e+00,6.216336096717443027e-01,-3.260140684641834041e-01,2.945349310327926573e-01,0.000000000000000000e+00,0.000000000000000000e+00,0.000000000000000000e+00,-9.021655205100018726e-01,-6.769004675130704252e-01,1.866844382013635728e-01,2.928848015423737849e-01,0.000000000000000000e+00,0.000000000000000000e+00,0.000000000000000000e+00
3.085656315181328768e-02,4.208754499718381226e-01,8.413516823796950428e-01,3.933776356653258949e-03,1.684651408983859830e-02,7.257049817684811943e-01,6.877884847851152283e-01,-5.670681460432064336e-01,2.351576976195423885e-01,1.364020148160207946e-01,9.323739363337053554e-01,-4.381776002972405659e-01,5.824927017257344047e-02,-6.002517723561229257e-01,-3.141106558365167056e-01,-1.895985598967204755e-01,9.123368473690878222e-01,-4.330838276497930295e-01,-3.258407257447811650e-02,3.799708274204816744e-02,0.000000000000000000e+00,0.000000000000000000e+00,-1.086861490593541424e+00,6.258373470187662546e-01,-3.259943678099994080e-01,2.971342166247916139e-01,0.000000000000000000e+00,0.000000000000000000e+00,0.000000000000000000e+00,-9.042741148896651371e-01,-6.765769299537763848e-01,1.867462172905681173e-01,2.937440737677470270e-01,0.000000000000000000e+00,0.000000000000000000e+00,0.000000000000000000e+00
3.090158397146566122e-02,4.210810309702517351e-01,8.414177218602014729e-01,4.228545232956988989e-03,1.682928135032113123e-02,7.259496759923272924e-01,6.875288812995996590e-01,-5.659642512156316529e-01,2.349078107272045968e-01,1.366303321962130668e-01,9.312827650411380498e-01,-4.367957876851509269e-01,5.470114622385686964e-02,-5.996899768150724119e-01,-3.149220828065795730e-01,-1.898359401920372003e-01,9.128765909352346553e-01,-4.324592284690611521e-01,-3.384438538104143912e-02,3.690802102743036273e-02,0.000000000000000000e+00,0.000000000000000000e+00,-1.088817549287401931e+00,6.295838944040961227e-01,-3.301777350245742593e-01,3.020421860918608981e-01,0.000000000000000000e+00,0.000000000000000000e+00,0.000000000000000000e+00,-9.076382984612090254e-01,-6.720787499299712975e-01,1.818576284121196929e-01,2.966849987300196889e-01,0.000000000000000000e+00,0.000000000000000000e+00,0.000000000000000000e+00
3.092510371920673476e-02,4.214029477880666952e-01,8.422453551266737559e-01,2.682847198615626039e-03,1.767940711213068783e-02,7.263851945967081392e-01,6.870551578772803314e-01,-5.675846864901572530e-01,2.360741432202375645e-01,1.378888080469435895e-01,9.267985575765412820e-01,-4.324672951772767782e-01,5.479010954422500190e-02,-5.996155943915399966e-01,-3.141733451108753572e-01,-1.920640925990713677e-01,9.071305531200272165e-01,-4.279951255292658852e-01,-3.161425791469665153e-02,3.758409572799956827e-02,0.000000000000000000e+00,0.000000000000000000e+00,-1.088810673222852188e+00,6.276628534520446445e-01,-3.302826504309705480e-01,2.963268017162873358e-01,0.000000000000000000e+00,0.000000000000000000e+00,0.000000000000000000e+00,-9.050149522889882059e-01,-6.686603910212258750e-01,1.778996343748302511e-01,2.916423647796345664e-01,0.000000000000000000e+00,0.000000000000000000e+00,0.000000000000000000e+00
3.088815152401622535e-02,4.217065095119150175e-01,8.419122811725585631e-01,3.182126054668119389e-03,1.701524710631971762e-02,7.270009953169271899e-01,6.864181730169156559e-01,-5.673381301245791208e-01,2.357499398796322199e-01,1.365144728974398147e-01,9.289896894766591640e-01,-4.309814320994500569e-01,5.605074870730451797e-02,-5.988573670213658273e-01,-3.160240483883169360e-01,-1.934793262644343703e-01,9.104850134956546936e-01,-4.265484138003904913e-01,-3.365110588895064980e-02,3.777400391274154251e-02,0.000000000000000000e+00,0.000000000000000000e+00,-1.091741031422624353e+00,6.274151238935649078e-01,-3.341890787290849318e-01,2.996365434589197685e-01,0.000000000000000000e+00,0.000000000000000000e+00,0.000000000000000000e+00,-9.046830170134515514e-01,-6.744527784111278290e-01,1.822009033686219359e-01,2.937925155843275626e-01,0.000000000000000000e+00,0.000000000000000000e+00,0.000000000000000000e+00
3.093333137747379669e-02,4.220137161716896457e-01,8.427764437489803084e-01,2.998110725267439866e-03,1.808439684312312945e-02,7.280713038071122689e-01,6.852562604569992777e-01,-5.663460006712304207e-01,2.319299081317362787e-01,1.354580030344142427e-01,9.225243950201331700e-01,-4.283096952201416174e-01,5.046131876384259141e-02,-5.970300845440060789e-01,-3.176769304116257020e-01,-1.942601561163791457e-01,9.062106880916140916e-01,-4.298050964967510823e-01,-3.458881278252588787e-02,4.017334709379054292e-02,0.000000000000000000e+00,0.000000000000000000e+00,-1.090124125258225662e+00,6.199597719034601884e-01,-3.350558954103972642e-01,2.985538772764252391e-01,0.000000000000000000e+00,0.000000000000000000e+00,0.000000000000000000e+00,-9.037357932816105777e-01,-6.686955777781332655e-01,1.733839840555398970e-01,2.908152577338040667e-01,0.000000000000000000e+00,0.000000000000000000e+00,0.000000000000000000e+00
3.078772984187215858e-02,4.222525761131743494e-01,8.430905880738364111e-01,2.600963631832079251e-03,1.732782468349627208e-02,7.281916147916227544e-01,6.851495848550830381e-01,-5.651332892720283274e-01,2.352551353359324526e-01,1.373025522683326005e-01,9.218957224441673981e-01,-4.276468896899230376e-01,4.900154914091797709e-02,-5.945367708003719276e-01,-3.165465668789728682e-01,-1.963066542988156638e-01,9.038974586829791047e-01,-4.280543989004648164e-01,-3.322074595894148469e-02,3.850159598700490793e-02,0.000000000000000000e+00,0.000000000000000000e+00,-1.092179531006282733e+00,6.244538055328180404e-01,-3.382097039731324917e-01,2.999394026429396676e-01,0.000000000000000000e+00,0.000000000000000000e+00,0.000000000000000000e+00,-9.011366584880434738e-01,-6.717100536765846508e-01,1.750641833156154348e-01,2.920146055576499089e-01,0.000000000000000000e+00,0.000000000000000000e+00,0.000000000000000000e+00
3.070498718857760101e-02,4.225697324803959765e-01,8.431460122764380394e-01,2.408948642314544600e-03,1.738664228146783591e-02,7.278476072944910502e-01,6.855142319400080453e-01,-5.652312267901878906e-01,2.330255265090541150e-01,1.336965636111417388e-01,9.223130899602718369e-01,-4.306528759504227866e-01,5.024284248503791545e-02,-5.938160779327487093e-01,-3.143991299100658554e-01,-1.945773642171057527e-01,9.028640526165307989e-01,-4.345191095706240625e-01,-3.396690265515640850e-02,4.126786270330790041e-02,0.000000000000000000e+00,0.000000000000000000e+00,-1.091246685313966180e+00,6.252224825328598357e-01,-3.387195674047838168e-01,2.981718618916652797e-01,0.000000000000000000e+00,0.000000000000000000e+00,0.000000000000000000e+00,-9.009815624846939652e-01,-6.759405326144283244e-01,1.778797107335794714e-01,2.900848523152020353e-01,0.000000000000000000e+00,0.000000000000000000e+00,0.000000000000000000e+00
3.066432496002217609e-02,4.226538651515210909e-01,8.425011089767580064e-01,3.049245033050904802e-03,1.639993443436632212e-02,7.277467084334116043e-01,6.856431087815380021e-01,-5.647462638473834673e-01,2.357317768733903918e-01,1.352601879583070765e-01,9.264971962183028431e-01,-4.302721651255330682e-01,5.194288194557068750e-02,-5.938270688910802786e-01,-3.151324302802644417e-01,-1.952372256064637268e-01,9.072034672269464473e-01,-4.318608697568048216e-01,-3.602555264900453996e-02,4.061920112355141971e-02,0.000000000000000000e+00,0.000000000000000000e+00,-1.089162524779276442e+00,6.205089333736124591e-01,-3.347276539577788146e-01,2.978438583840999909e-01,0.000000000000000000e+00,0.000000000000000000e+00,0.000000000000000000e+00,-9.012135385832930057e-01,-6.757620556450982807e-01,1.835344691443311638e-01,2.927360119386990256e-01,0.000000000000000000e+00,0.000000000000000000e+00,0.000000000000000000e+00
3.057408494704334095e-02,4.228723344218295321e-01,8.422655147532862596e-01,2.710387751689956673e-03,1.619571503972419210e-02,7.276782663474149482e-01,6.857220233434303536e-01,-5.661554348976212125e-01,2.365897796044607593e-01,1.346778658280039509e-01,9.290887080407859155e-01,-4.297848922346909628e-01,5.489279528189313501e-02,-5.941324903570643912e-01,-3.154621997583705317e-01,-1.968028651175309784e-01,9.082325606426900899e-01,-4.313655396204701398e-01,-3.541205656538872620e-02,4.097147890570948525e-02,0.000000000000000000e+00,0.000000000000000000e+00,-1.090988733214695916e+00,6.208315386617829779e-01,-3.308759614360783918e-01,2.971831848033433254e-01,0.000000000000000000e+00,0.000000000000000000e+00,0.000000000000000000e+00,-9.021772378328697384e-01,-6.748158523856744306e-01,1.825504634262358483e-01,2.935947880687199696e-01,0.000000000000000000e+00,0.000000000000000000e+00,0.000000000000000000e+00
3.067772698222062319e-02,4.231365876192585973e-01,8.425127191376337032e-01,2.638160535399928022e-03,1.738725007122516805e-02,7.278236527773676023e-01,6.855388056862719015e-01,-5.660464680337508048e-01,2.334144841546384186e-01,1.341173373690377757e-01,9.263576677013888316e-01,-4.333773104238959339e-01,5.276937220057868749e-02,-5.949875254999511531e-01,-3.172748547245315409e-01,-1.967967591136998706e-01,9.077790581635175604e-01,-4.359252883891792107e-01,-3.362855471878992836e-02,4.351173572989275318e-02,0.000000000000000000e+00,0.000000000000000000e+00,-1.089975786678979874e+00,6.234447725550835706e-01,-3.321330176535620682e-01,2.958593316094150216e-01,0.000000000000000000e+00,0.000000000000000000e+00,0.000000000000000000e+00,-9.056030903481895322e-01,-6.805764333185734261e-01,1.840214004250922408e-01,2.893930370956392939e-01,0.000000000000000000e+00,0.000000000000000000e+00,0.000000000000000000e+00
3.067839112217301406e-02,4.233514289188790025e-01,8.426346440572476393e-01,2.550100481615634115e-03,1.705878027884845036e-02,7.279580271902164057e-01,6.854047020937772405e-01,-5.658742438401525021e-01,2.334437471166948552e-01,1.330232043818893595e-01,9.262215195101124454e-01,-4.310405195958479374e-01,5.477087231662151889e-02,-5.939816019324375418e-01,-3.171283582895795816e-01,-1.977575258257787683e-01,9.071630176506505494e-01,-4.339998630235377131e-01,-3.363378108642105929e-02,4.458866401403708407e-02,0.000000000000000000e+00,0.000000000000000000e+00,-1.089604211359010533e+00,6.156505515383416949e-01,-3.287593340580295398e-01,2.939906308397199353e-01,0.000000000000000000e+00,0.000000000000000000e+00,0.000000000000000000e+00,-9.044921062579527327e-01,-6.767682226605922224e-01,1.832663131376944810e-01,2.904455093499896945e-01,0.000000000000000000e+00,0.000000000000000000e+00,0.000000000000000000e+00
3.071072780004139094e-02,4.235028645432897809e-01,8.421563806630337767e-01,2.915451011960874458e-03,1.702626026168490431e-02,7.276031410874231886e-01,6.857807781548077575e-01,-5.656434806095345103e-01,2.337443919975778217e-01,1.334137309150064399e-01,9.285514569372891325e-01,-4.348117445344785170e-01,5.405621597553923047e-02,-5.953575916902081877e-01,-3.164123087414926205e-01,-1.953221108987054921e-01,9.106193512622692277e-01,-4.365821887992760719e-01,-3.497448569449431582e-02,4.374689416070040582e-02,0.000000000000000000e+00,0.000000000000000000e+00,-1.090716340109524563e+00,6.265943424244283522e-01,-3.324265622720407598e-01,2.970790018785363085e-01,0.000000000000000000e+00,0.000000000000000000e+00,0.000000000000000000e+00,-9.085170715846720979e-01,-6.831031725345040329e-01,1.887558570291015259e-01,2.921986932180578589e-01,0.000000000000000000e+00,0.000000000000000000e+00,0.000000000000000000e+00
3.078133342114862392e-02,4.236457236437519702e-01,8.421687264253171490e-01,2.667158728145491153e-03,1.742529918649782586e-02,7.273505271869171729e-01,6.860396896780049936e-01,-5.660190141821229703e-01,2.346310299981821390e-01,1.349492009766875833e-01,9.283250060044945240e-01,-4.347918267222602995e-01,5.371672050381391672e-02,-5.967754277657139061e-01,-3.168629278909368407e-01,-1.955314175629580542e-01,9.110788768638070634e-01,-4.339552257984065631e-01,-3.313411619404994096e-02,4.355448567365494822e-02,0.000000000000000000e+00,0.000000000000000000e+00,-1.091851406417061465e+00,6.317320515430857597e-01,-3.329580091229499272e-01,2.999035836913870323e-01,0.000000000000000000e+00,0.000000000000000000e+00,0.000000000000000000e+00,-9.123224098505952062e-01,-6.838179141176411457e-01,1.904377946671661492e-01,2.941719555277729214e-01,0.000000000000000000e+00,0.000000000000000000e+00,0.000000000000000000e+00
3.082608341431906235e-02,4.237008939855645417e-01,8.423367573077613635e-01,1.307225812911530158e-03,1.770621934061219691e-02,7.274861384321775759e-01,6.858926296049365767e-01,-5.684061529283117586e-01,2.373018079971327687e-01,1.362650083944547674e-01,9.279745137325854376e-01,-4.358157617587512522e-01,5.591866657443184119e-02,-5.980824644472710894e-01,-3.152314202658959008e-01,-1.967026175325013448e-01,9.089968767825765683e-01,-4.296886642983566151e-01,-3.097470947843143640e-02,4.220217598443803952e-02,0.000000000000000000e+00,0.000000000000000000e+00,-1.092438219382403597e+00,6.360362163104152922e-01,-3.317892631505213186e-01,2.966949338554978333e-01,0.000000000000000000e+00,0.000000000000000000e+00,0.000000000000000000e+00,-9.110864119573655051e-01,-6.844266399757926722e-01,1.881506961063434402e-01,2.911834600578975807e-01,0.000000000000000000e+00,0.000000000000000000e+00,0.000000000000000000e+00
3.100667747413057146e-02,4.237795982469113598e-01,8.427666338888466502e-01,1.491249261412508006e-03,1.821840467932372282e-02,7.278360519535718165e-01,6.855075108145919360e-01,-5.679370382510480209e-01,2.351285214480525465e-01,1.354241445488594819e-01,9.247991514460768281e-01,-4.303780276534969751e-01,5.498750452861207033e-02,-5.973937624999510199e-01,-3.163710263454398430e-01,-1.971347566504919047e-01,9.073083489884946617e-01,-4.311949506493092943e-01,-3.351590416097027098e-02,4.400231823327743069e-02,0.000000000000000000e+00,0.000000000000000000e+00,-1.091623639815310298e+00,6.327237068246255314e-01,-3.334077133920890224e-01,2.997874113968159171e-01,0.000000000000000000e+00,0.000000000000000000e+00,0.000000000000000000e+00,-9.093888699829071331e-01,-6.820070070058245060e-01,1.882576805114573870e-01,2.893290256366426449e-01,0.000000000000000000e+00,0.000000000000000000e+00,0.000000000000000000e+00
3.108728706868345640e-02,4.236910183835538302e-01,8.431847937580022601e-01,2.125042738530497771e-03,1.755127262683698480e-02,7.279069951338417166e-01,6.854479144747313013e-01,-5.650533104642568860e-01,2.362574840002955034e-01,1.369747028684868417e-01,9.220400448805184945e-01,-4.248792216982260062e-01,5.519947700011714614e-02,-5.950460301505854366e-01,-3.168992034681972769e-01,-1.982506722943021271e-01,9.055160835086600857e-01,-4.235107041615733259e-01,-3.251974189797431081e-02,4.284449070399824061e-02,0.000000000000000000e+00,0.000000000000000000e+00,-1.091048819945251491e+00,6.333419011751050265e-01,-3.341018976564110732e-01,3.044461373582575958e-01,0.000000000000000000e+00,0.000000000000000000e+00,0.000000000000000000e+00,-9.096181972643135882e-01,-6.834360686134113294e-01,1.902056367324904684e-01,2.922033914945356692e-01,0.000000000000000000e+00,0.000000000000000000e+00,0.000000000000000000e+00
3.128623270564304115e-02,4.238302093004443494e-01,8.439877996660519743e-01,1.009135635464699504e-03,1.867292265832905251e-02,7.285503513040508805e-01,6.847369489222915329e-01,-5.668123923976079448e-01,2.329531410142892112e-01,1.336257228080729442e-01,9.170140407980088559e-01,-4.223820254111461114e-01,5.520114070435817866e-02,-5.948931380271778036e-01,-3.158857294447782182e-01,-1.986768414662965498e-01,9.002035526972417268e-01,-4.265440846876064063e-01,-3.395900544728006065e-02,4.501964028060311679e-02,0.000000000000000000e+00,0.000000000000000000e+00,-1.087115470486584190e+00,6.230615630974394303e-01,-3.293825957581029695e-01,2.956530530010872404e-01,0.000000000000000000e+00,0.000000000000000000e+00,0.000000000000000000e+00,-9.076130916869560306e-01,-6.832135082076404853e-01,1.899906814894682383e-01,2.869994084587922378e-01,0.000000000000000000e+00,0.000000000000000000e+00,0.000000000000000000e+00
3.138598310873889907e-02,4.237039935575431238e-01,8.433557951874349756e-01,1.523320395600803734e-03,1.853080376453234909e-02,7.283037112364750820e-01,6.850021846724206886e-01,-5.673261467162249438e-01,2.323975595375912806e-01,1.325347914229109691e-01,9.203258606759746607e-01,-4.254498344913272279e-01,5.447923129311214863e-02,-5.961136758107804523e-01,-3.160918359511524223e-01,-1.976259390959379525e-01,9.045093328056361681e-01,-4.317805597264477435e-01,-3.565287943302761914e-02,4.553751787991720118e-02,0.000000000000000000e+00,0.000000000000000000e+00,-1.086059361553383562e+00,6.280625844431979576e-01,-3.286746890595675374e-01,2.985343698195561668e-01,0.000000000000000000e+00,0.000000000000000000e+00,0.000000000000000000e+00,-9.107244532581234564e-01,-6.872790157435985092e-01,1.891676551279549423e-01,2.901405988184347917e-01,0.000000000000000000e+00,0.000000000000000000e+00,0.000000000000000000e+00
3.156450003295168533e-02,4.236946592066527795e-01,8.430588389736073385e-01,1.475444350230531443e-03,1.899060185294190392e-02,7.289014558794556509e-01,6.843535984577282516e-01,-5.694943598554932374e-01,2.296311800478059717e-01,1.296050845525337780e-01,9.216538125600295395e-01,-4.261744143463763734e-01,5.577174554038898807e-02,-5.970659799223310138e-01,-3.178391953567805128e-01,-1.988431627940507596e-01,9.066051871183814503e-01,-4.371884904225786794e-01,-3.832701823462780766e-02,4.955697634056210887e-02,0.000000000000000000e+00,0.000000000000000000e+00,-1.084338981743752761e+00,6.198121824200152341e-01,-3.275146397036028945e-01,2.930606434320477405e-01,0.000000000000000000e+00,0.000000000000000000e+00,0.000000000000000000e+00,-9.095897082968676939e-01,-6.873310620089196910e-01,1.877586400344060658e-01,2.871481950969372310e-01,0.000000000000000000e+00,0.000000000000000000e+00,0.000000000000000000e+00
3.158642718066124316e-02,4.236284407493450255e-01,8.429078342644191757e-01,2.116835446301802010e-03,1.876617849018971662e-02,7.285830984115373443e-01,6.846970266195198107e-01,-5.677124617337717671e-01,2.308553415135708997e-01,1.320634531329662464e-01,9.218709371514791640e-01,-4.276925086767460749e-01,5.479825852258796148e-02,-5.967186764275844713e-01,-3.197014239519694878e-01,-2.002338659257907605e-01,9.081301769863473483e-01,-4.364546063862952407e-01,-3.721806675281243149e-02,4.860263178211946672e-02,0.000000000000000000e+00,0.000000000000000000e+00,-1.083626470830347577e+00,6.269356033382721405e-01,-3.306319595883487894e-01,2.928625630002198998e-01,0.000000000000000000e+00,0.000000000000000000e+00,0.000000000000000000e+00,-9.109117036067208018e-01,-6.877621025362715690e-01,1.898302903255855156e-01,2.891915029712642249e-01,0.000000000000000000e+00,0.000000000000000000e+00,0.000000000000000000e+00
3.142498841763488593e-02,4.236799123173766168e-01,8.429418985889252092e-01,1.548808049452133836e-03,1.796349815552196819e-02,7.288269419941243443e-01,6.844605193516537511e-01,-5.685787898121478223e-01,2.335309372066959044e-01,1.320715545765989707e-01,9.231394046129107744e-01,-4.248298321747211448e-01,5.669770498793448577e-02,-5.962089615481633853e-01,-3.185258525788736694e-01,-2.016827504764511225e-01,9.074438317572185442e-01,-4.288643211476604322e-01,-3.770823160838052829e-02,4.629726697783787676e-02,0.000000000000000000e+00,0.000000000000000000e+00,-1.086096159847293352e+00,6.251302238625686680e-01,-3.310731683375356948e-01,2.930769677099359649e-01,0.000000000000000000e+00,0.000000000000000000e+00,0.000000000000000000e+00,-9.101441847697239185e-01,-6.871671896723249295e-01,1.943247532167103053e-01,2.936460328918213958e-01,0.000000000000000000e+00,0.000000000000000000e+00,0.000000000000000000e+00
3.129163434102699010e-02,4.236838689161486760e-01,8.434764896523190281e-01,5.245022038081244981e-04,1.868784323249698259e-02,7.285335193319054659e-01,6.847549931344959484e-01,-5.691465927035843642e-01,2.342282191407511760e-01,1.333141053767144535e-01,9.198545239921506189e-01,-4.258179660720088910e-01,5.448301475532227323e-02,-5.966651838307219791e-01,-3.172951431631710895e-01,-2.023107143311330125e-01,9.030941716952698428e-01,-4.277316395107643165e-01,-3.613909264377446889e-02,4.529999331751213831e-02,0.000000000000000000e+00,0.000000000000000000e+00,-1.085113306248906673e+00,6.285731391417106462e-01,-3.282967394256844362e-01,2.918866976964049620e-01,0.000000000000000000e+00,0.000000000000000000e+00,0.000000000000000000e+00,-9.117998078368751980e-01,-6.853870507147603597e-01,1.908078382617914848e-01,2.917789167203224676e-01,0.000000000000000000e+00,0.000000000000000000e+00,0.000000000000000000e+00
3.115569029207041624e-02,4.238655745086618576e-01,8.435821240266807575e-01,1.341883939095305303e-03,1.836479697547940132e-02,7.283368745532189381e-01,6.849717736853044858e-01,-5.662148023693063248e-01,2.343444342159446692e-01,1.352968558512906982e-01,9.194594933489139699e-01,-4.287687512385136013e-01,5.478373825268580133e-02,-5.953281689135790922e-01,-3.171064547207177453e-01,-1.998562307631874535e-01,9.031334931422096979e-01,-4.277846962673400033e-01,-3.365038423030661946e-02,4.523684192145261546e-02,0.000000000000000000e+00,0.000000000000000000e+00,-1.083832289117835579e+00,6.232972586685819882e-01,-3.268539649569786043e-01,2.942012885608509820e-01,0.000000000000000000e+00,0.000000000000000000e+00,0.000000000000000000e+00,-9.119372939164911429e-01,-6.817208226371321844e-01,1.949578770877913314e-01,2.928270687029070896e-01,0.000000000000000000e+00,0.000000000000000000e+00,0.000000000000000000e+00
3.099070107582041489e-02,4.240681310002146764e-01,8.437251771443086135e-01,1.370101140884174423e-03,1.825564362280980915e-02,7.286900426940341458e-01,6.845989161380172661e-01,-5.656501014821411211e-01,2.343864372605850843e-01,1.358799638551906330e-01,9.189758362166163819e-01,-4.280001507513510051e-01,5.491972699030642224e-02,-5.940456365711430653e-01,-3.181770813216016069e-01,-2.011425211355666320e-01,9.023260785317991362e-01,-4.267734419628845810e-01,-3.282600992921982236e-02,4.533182063584158261e-02,0.000000000000000000e+00,0.000000000000000000e+00,-1.084119922099895383e+00,6.230842606990546484e-01,-3.280446304507512179e-01,2.945878346861590114e-01,0.000000000000000000e+00,0.000000000000000000e+00,0.000000000000000000e+00,-9.116834513357260361e-01,-6.856252688011935659e-01,1.977235092768531155e-01,2.941220896606630553e-01,0.000000000000000000e+00,0.000000000000000000e+00,0.000000000000000000e+00
3.081982484427270991e-02,4.243321175115492561e-01,8.437697567791396791e-01,1.384424001193469353e-03,1.782287531269794237e-02,7.281993887392305131e-01,6.851321615028624912e-01,-5.644566180932910626e-01,2.369752709986706063e-01,1.384561529212856024e-01,9.198159198729721764e-01,-4.282592182361007471e-01,5.761017997585847483e-02,-5.931460405411710379e-01,-3.180272924824724678e-01,-2.023327385178670113e-01,9.019849640771240296e-01,-4.249466730643835510e-01,-3.285930159355079233e-02,4.441877249764641933e-02,0.000000000000000000e+00,0.000000000000000000e+00,-1.082750084646367794e+00,6.187078832379562243e-01,-3.215036953039745460e-01,2.938193268063341024e-01,0.000000000000000000e+00,0.000000000000000000e+00,0.000000000000000000e+00,-9.097902025990872721e-01,-6.802433601459039192e-01,1.965469003791171232e-01,2.936226769346662602e-01,0.000000000000000000e+00,0.000000000000000000e+00,0.000000000000000000e+00
3.080384287734370258e-02,4.246562413378112133e-01,8.436169122116833341e-01,2.061657378080930872e-03,1.773165573436774264e-02,7.278799939333602254e-01,6.854721382998332224e-01,-5.627558141677031500e-01,2.357321686575228892e-01,1.380315914334235838e-01,9.207919934883453950e-01,-4.314481706368681890e-01,5.881806080470097786e-02,-5.923208667187254139e-01,-3.185563213803128679e-01,-2.015364189773166670e-01,9.031580643825050103e-01,-4.283269634840922713e-01,-3.377722062532158981e-02,4.536096109387897923e-02,0.000000000000000000e+00,0.000000000000000000e+00,-1.079445070412771157e+00,6.151676641222132425e-01,-3.176512390005005182e-01,2.918889247574960044e-01,0.000000000000000000e+00,0.000000000000000000e+00,0.000000000000000000e+00,-9.087203482534834675e-01,-6.795323073388260804e-01,1.996814381201893196e-01,2.915383088960232794e-01,0.000000000000000000e+00,0.000000000000000000e+00,0.000000000000000000e+00
3.073616773593173049e-02,4.251660098543778576e-01,8.433984708890017723e-01,2.371053354070845262e-03,1.728399300812594533e-02,7.278663767722884925e-01,6.854970308149185287e-01,-5.617522637658145523e-01,2.361364082360299099e-01,1.377426294032876308e-01,9.228784334536599410e-01,-4.335873180843972108e-01,5.866615098334861805e-02,-5.913132252429456059e-01,-3.187581000748278548e-01,-2.014905516095951143e-01,9.048369364718646946e-01,-4.289336309608010045e-01,-3.262146052919091821e-02,4.289989103229201184e-02,0.000000000000000000e+00,0.000000000000000000e+00,-1.080047503301289735e+00,6.201993229724310774e-01,-3.196640275182727198e-01,2.929527898256517049e-01,0.000000000000000000e+00,0.000000000000000000e+00,0.000000000000000000e+00,-9.089767585307784170e-01,-6.762456813055320870e-01,1.982276400373138014e-01,2.926194599558581411e-01,0.000000000000000000e+00,0.000000000000000000e+00,0.000000000000000000e+00
3.077559150920159206e-02,4.258006868605342388e-01,8.435039712197553996e-01,2.137132433148442381e-03,1.705583969299752367e-02,7.281069640591284475e-01,6.852479696328404035e-01,-5.615761384899130571e-01,2.360873765909235478e-01,1.359206746302951963e-01,9.230207087720658787e-01,-4.317627038710118437e-01,5.719192992118702495e-02,-5.901978160932432882e-01,-3.174564561706785248e-01,-2.011584513840905808e-01,9.045195726344554821e-01,-4.291197371565191321e-01,-3.453586798911943700e-02,4.197419348359909125e-02,0.000000000000000000e+00,0.000000000000000000e+00,-1.079498311222477858e+00,6.162050554287888948e-01,-3.155658330809070766e-01,2.927934300448626903e-01,0.000000000000000000e+00,0.000000000000000000e+00,0.000000000000000000e+00,-9.078985262393343136e-01,-6.720548821537737361e-01,1.947794904880253419e-01,2.895385387172341729e-01,0.000000000000000000e+00,0.000000000000000000e+00,0.000000000000000000e+00
3.092892683602348897e-02,4.264524223563039285e-01,8.432958493117668208e-01,2.393118917148044644e-03,1.725290441965306870e-02,7.280165478539742940e-01,6.853382495685749198e-01,-5.606204707875956927e-01,2.367206106745908811e-01,1.373847932015262452e-01,9.240891157112586241e-01,-4.342313273585736710e-01,5.594935055406573265e-02,-5.902751464401282400e-01,-3.179215592323335060e-01,-2.006981772440838696e-01,9.068684075182462667e-01,-4.328169484665927436e-01,-3.556473786414023758e-02,4.279752967356854898e-02,0.000000000000000000e+00,0.000000000000000000e+00,-1.079088760351412324e+00,6.139287219749542945e-01,-3.122151795920408146e-01,2.944139399710574145e-01,0.000000000000000000e+00,0.000000000000000000e+00,0.000000000000000000e+00,-9.088949151372867075e-01,-6.716780682225983456e-01,1.915507282017299695e-01,2.880412535397522400e-01,0.000000000000000000e+00,0.000000000000000000e+00,0.000000000000000000e+00
3.105315534161847205e-02,4.271268930163531485e-01,8.434438135958551852e-01,2.282049303581066071e-03,1.705101306861068339e-02,7.287446417521903363e-01,6.845694284159816734e-01,-5.602644159663718870e-01,2.357818277581235356e-01,1.351868027873724953e-01,9.236225936325438424e-01,-4.331816764178454959e-01,5.582327550897209917e-02,-5.890793223466840312e-01,-3.175489013297420615e-01,-2.005861412940790345e-01,9.069536055485764026e-01,-4.302867646745727193e-01,-3.661281681512145586e-02,4.338555237042769630e-02,0.000000000000000000e+00,0.000000000000000000e+00,-1.078215662897148430e+00,6.075337732870049745e-01,-3.114010248792493107e-01,2.917531513592685477e-01,0.000000000000000000e+00,0.000000000000000000e+00,0.000000000000000000e+00,-9.047210878915322718e-01,-6.683359740548397987e-01,1.861994242820559919e-01,2.848583895435782276e-01,0.000000000000000000e+00,0.000000000000000000e+00,0.000000000000000000e+00
3.121803733230579109e-02,4.275870146803059657e-01,8.430882524741105666e-01,2.926045077959361571e-03,1.674208930467226825e-02,7.297580470159403809e-01,6.834942088426196882e-01,-5.596671900336686045e-01,2.337254627642099958e-01,1.328631694646182915e-01,9.254365465837447458e-01,-4.364694407204361415e-01,5.536920994513734595e-02,-5.875534572564173885e-01,-3.197358389877126283e-01,-2.017855944158408743e-01,9.104068737673512990e-01,-4.340988101064069404e-01,-3.838086564518371907e-02,4.477239644923235867e-02,0.000000000000000000e+00,0.000000000000000000e+00,-1.079639686169515445e+00,6.123538539706523398e-01,-3.194891686259397900e-01,2.950030641379622343e-01,0.000000000000000000e+00,0.000000000000000000e+00,0.000000000000000000e+00,-9.038741427828260733e-01,-6.748369792046481352e-01,1.846116322276284416e-01,2.880942899973835125e-01,0.000000000000000000e+00,0.000000000000000000e+00,0.000000000000000000e+00
3.129785442767103743e-02,4.280900800438146581e-01,8.433203135640890968e-01,2.872585139141970931e-03,1.635887251971726922e-02,7.297062300134921076e-01,6.835590343371954480e-01,-5.581133950731010929e-01,2.354150010369876755e-01,1.338591828702239417e-01,9.249831871985271237e-01,-4.367376963274223201e-01,5.531504232092627343e-02,-5.855076884636726264e-01,-3.197448815949893719e-01,-2.037754883953597496e-01,9.093743777536315021e-01,-4.337472241289660468e-01,-3.672991923091309396e-02,4.504080356213480130e-02,0.000000000000000000e+00,0.000000000000000000e+00,-1.080911714790824485e+00,6.113114499777323463e-01,-3.192831823641612554e-01,2.973769403581466575e-01,0.000000000000000000e+00,0.000000000000000000e+00,0.000000000000000000e+00,-9.031967097144596446e-01,-6.716451886771859225e-01,1.818375555544429478e-01,2.903224013710362095e-01,0.000000000000000000e+00,0.000000000000000000e+00,0.000000000000000000e+00
3.133858785513389533e-02,4.285025311623279487e-01,8.431260921607448555e-01,2.747434849272728519e-03,1.615522298619722491e-02,7.291022745703227281e-01,6.842085453927022609e-01,-5.573004742675117251e-01,2.376850377028873473e-01,1.353979527595668975e-01,9.268155057896332316e-01,-4.431736038904680042e-01,5.520075015191255874e-02,-5.853531658940331894e-01,-3.179635336026943593e-01,-2.025382061218888308e-01,9.097333898319944767e-01,-4.367137293096173267e-01,-3.404835273538779628e-02,4.454619214958507184e-02,0.000000000000000000e+00,0.000000000000000000e+00,-1.081651071279660759e+00,6.130327639845482013e-01,-3.165292216433925887e-01,2.971926227980528634e-01,0.000000000000000000e+00,0.000000000000000000e+00,0.000000000000000000e+00,-9.054377238403054085e-01,-6.725794369019021390e-01,1.861880407155805939e-01,2.903998420909166267e-01,0.000000000000000000e+00,0.000000000000000000e+00,0.000000000000000000e+00
3.151034638655844655e-02,4.287679658241891345e-01,8.428321760695425269e-01,2.967245300276265957e-03,1.605142945766722257e-02,7.293769971899098925e-01,6.839172048120476521e-01,-5.582415065965153911e-01,2.371551556205815925e-01,1.338503802379215069e-01,9.287533327611114942e-01,-4.384815294557677934e-01,5.532839671966192918e-02,-5.858035938900332251e-01,-3.183085223380271445e-01,-2.022528162011838493e-01,9.120936677279050109e-01,-4.364417252679720360e-01,-3.726404396265636104e-02,4.585938313406910660e-02,0.000000000000000000e+00,0.000000000000000000e+00,-1.079203805085271028e+00,6.016347750742887524e-01,-3.117409435485861691e-01,2.940364743865033215e-01,0.000000000000000000e+00,0.000000000000000000e+00,0.000000000000000000e+00,-9.046003898635633922e-01,-6.661572555615711266e-01,1.838438422587638787e-01,2.897161756166503066e-01,0.000000000000000000e+00,0.000000000000000000e+00,0.000000000000000000e+00
3.168557229634921119e-02,4.290109889239486773e-01,8.422938956035311842e-01,3.129459329768857420e-03,1.590045722067876324e-02,7.294884323458719066e-01,6.838011472775104016e-01,-5.594298551611873727e-01,2.370125003441881095e-01,1.321502657375774603e-01,9.317962418701303262e-01,-4.377633732106956943e-01,5.444588580478476603e-02,-5.865507180995267467e-01,-3.186227363031196025e-01,-2.022749839097890967e-01,9.154937037176261727e-01,-4.396072713927748898e-01,-3.920883891542387145e-02,4.765133300763797763e-02,0.000000000000000000e+00,0.000000000000000000e+00,-1.078148361286510593e+00,6.005705061928781063e-01,-3.119065889844321315e-01,2.907216535280325309e-01,0.000000000000000000e+00,0.000000000000000000e+00,0.000000000000000000e+00,-9.043998408491940033e-01,-6.675182280981436511e-01,1.832284814649730031e-01,2.879546185511072665e-01,0.000000000000000000e+00,0.000000000000000000e+00,0.000000000000000000e+00
3.182957062994632574e-02,4.291155269019007457e-01,8.421903730404456390e-01,3.394948618186595726e-03,1.574440239221032434e-02,7.292263821199636009e-01,6.840829421476765093e-01,-5.588359860627458708e-01,2.368517132582164675e-01,1.314302025384747330e-01,9.322570391489142239e-01,-4.375257923679585770e-01,5.480560637935442958e-02,-5.862826907193208203e-01,-3.185905131427008707e-01,-2.024550190947505268e-01,9.163237552968062083e-01,-4.408559515939235451e-01,-4.006831167848774744e-02,4.900743312724745171e-02,0.000000000000000000e+00,0.000000000000000000e+00,-1.077029954786634214e+00,5.988113035056872313e-01,-3.114959246479058752e-01,2.899908785184990845e-01,0.000000000000000000e+00,0.000000000000000000e+00,0.000000000000000000e+00,-9.046868423545153526e-01,-6.684285439773141047e-01,1.862293845716272711e-01,2.876975026600570029e-01,0.000000000000000000e+00,0.000000000000000000e+00,0.000000000000000000e+00
3.197189169598938646e-02,4.291721329265337781e-01,8.429146670181061340e-01,2.492790497383347986e-03,1.694926480187871135e-02,7.296117690877026440e-01,6.836469665162897558e-01,-5.596248266962288165e-01,2.345324615997703699e-01,1.302670140402120702e-01,9.270429029245427222e-01,-4.380253564869783234e-01,5.175059299824592146e-02,-5.866758084993982658e-01,-3.173977328577488599e-01,-2.016509475912040550e-01,9.114521930576562347e-01,-4.416494409805738486e-01,-3.945413924476098844e-02,4.908063627644268512e-02,0.000000000000000000e+00,0.000000000000000000e+00,-1.074995752748906019e+00,6.037402140064582756e-01,-3.120985404512287564e-01,2.857076964861612334e-01,0.000000000000000000e+00,0.000000000000000000e+00,0.000000000000000000e+00,-9.058476392988236148e-01,-6.685878338735757875e-01,1.811564294368953054e-01,2.839313166857146964e-01,0.000000000000000000e+00,0.000000000000000000e+00,0.000000000000000000e+00
3.202404540611302614e-02,4.291185923250757095e-01,8.423713445821764401e-01,3.740997426042698762e-03,1.596127513326579123e-02,7.294897556878756628e-01,6.837952463865352160e-01,-5.573942023921861777e-01,2.365289414065371298e-01,1.327620548675161327e-01,9.305009736442316770e-01,-4.403532751206158391e-01,5.328957652796928457e-02,-5.859246241870560423e-01,-3.178588011332300067e-01,-2.001846730311548916e-01,9.157402968212936534e-01,-4.412071233508434998e-01,-3.924480780991036061e-02,4.727953508273988886e-02,0.000000000000000000e+00,0.000000000000000000e+00,-1.078462623146378752e+00,6.087488870633479543e-01,-3.138355067047603475e-01,2.955116614024408950e-01,0.000000000000000000e+00,0.000000000000000000e+00,0.000000000000000000e+00,-9.113141887547761000e-01,-6.694745232072357721e-01,1.852022970356164144e-01,2.944055955218508047e-01,0.000000000000000000e+00,0.000000000000000000e+00,0.000000000000000000e+00
3.209190605806216956e-02,4.290369183266432573e-01,8.429237555185891129e-01,3.500823033673003751e-03,1.633140026805266279e-02,7.296523132196783834e-01,6.836143148124859126e-01,-5.565573956783381737e-01,2.351910903155126076e-01,1.322420120828029511e-01,9.267548173417344826e-01,-4.411384658111645041e-01,5.240359853207672558e-02,-5.855812873043138023e-01,-3.173660626415236719e-01,-1.999857550690398167e-01,9.128593739861077250e-01,-4.390520223785222553e-01,-3.913234881776794793e-02,4.738518721708014775e-02,0.000000000000000000e+00,0.000000000000000000e+00,-1.079886145685947207e+00,6.109631929518855031e-01,-3.201374218140578543e-01,2.964539432360130400e-01,0.000000000000000000e+00,0.000000000000000000e+00,0.000000000000000000e+00,-9.119152500359977154e-01,-6.679800110695338633e-01,1.882999911476593846e-01,2.966513476489163748e-01,0.000000000000000000e+00,0.000000000000000000e+00,0.000000000000000000e+00
3.194368903974127705e-02,4.287243490708345095e-01,8.425721116640700892e-01,3.451743568336905488e-03,1.515318993752239919e-02,7.293227772725667801e-01,6.839932403558430796e-01,-5.570491187911217335e-01,2.387267050187902306e-01,1.331890425831967761e-01,9.304325700944623412e-01,-4.409789432301891021e-01,5.645320205117811130e-02,-5.855855727485764772e-01,-3.160523379069536398e-01,-2.003937975523919501e-01,9.139605623548909819e-01,-4.316643037373594782e-01,-3.581376276342866649e-02,4.543831187297452806e-02,0.000000000000000000e+00,0.000000000000000000e+00,-1.082824258570290521e+00,6.090545112274221573e-01,-3.177897223854495024e-01,3.007142844694222217e-01,0.000000000000000000e+00,0.000000000000000000e+00,0.000000000000000000e+00,-9.130933548031617830e-01,-6.659311785421896390e-01,1.911098672207365290e-01,3.035683218744168466e-01,0.000000000000000000e+00,0.000000000000000000e+00,0.000000000000000000e+00
3.198517436691713373e-02,4.283781651084263009e-01,8.425160075014856975e-01,3.697074768864187441e-03,1.535148923809822631e-02,7.292558230595881374e-01,6.840589214022496645e-01,-5.567940869393114278e-01,2.387123360703389263e-01,1.344250186116763834e-01,9.295970563012634358e-01,-4.415396654836452606e-01,5.482719544129054795e-02,-5.860476743741582784e-01,-3.176904762021416917e-01,-2.015912780812943172e-01,9.139638938624307096e-01,-4.317221029652235087e-01,-3.570495972219411146e-02,4.613932079530028846e-02,0.000000000000000000e+00,0.000000000000000000e+00,-1.083474355885030826e+00,6.033718408984639625e-01,-3.165866379586722013e-01,3.014807800693063977e-01,0.000000000000000000e+00,0.000000000000000000e+00,0.000000000000000000e+00,-9.138731869310359190e-01,-6.631045253221846680e-01,1.951716693825876481e-01,3.032006493620921228e-01,0.000000000000000000e+00,0.000000000000000000e+00,0.000000000000000000e+00
3.196605138930817130e-02,4.279615980994307400e-01,8.425235957535855968e-01,4.261043195968707356e-03,1.570273466305968646e-02,7.289546519727829743e-01,6.843686017068745242e-01,-5.557017480684193211e-01,2.363370416624945847e-01,1.338365914144110658e-01,9.280865777834103048e-01,-4.440820402619241603e-01,5.317619543305380364e-02,-5.869770841343306955e-01,-3.173939515637131392e-01,-1.989274044899870253e-01,9.143409416828047753e-01,-4.335785004009421462e-01,-3.777040926316407171e-02,4.582807773794633777e-02,0.000000000000000000e+00,0.000000000000000000e+00,-1.085472362277078551e+00,6.163503370510559076e-01,-3.238008296074197379e-01,3.062749123069717916e-01,0.000000000000000000e+00,0.000000000000000000e+00,0.000000000000000000e+00,-9.170819300901600357e-01,-6.671174293956311230e-01,1.989311932110359171e-01,3.069244791844817910e-01,0.000000000000000000e+00,0.000000000000000000e+00,0.000000000000000000e+00
3.186881922077385021e-02,4.276704464433572772e-01,8.427623618966256780e-01,3.606960666648596769e-03,1.616225445280286555e-02,7.291365914207595944e-01,6.841678174374097310e-01,-5.576897102958128238e-01,2.357309006564024256e-01,1.334034263316957736e-01,9.269475582290511717e-01,-4.416533283079969729e-01,5.579010509718408672e-02,-5.882924575357921793e-01,-3.172760473458976493e-01,-1.991173484207424405e-01,9.125092956687776979e-01,-4.306533501000826547e-01,-3.596546325035829272e-02,4.535622416153586162e-02,0.000000000000000000e+00,0.000000000000000000e+00,-1.086870244477099012e+00,6.112687414180323353e-01,-3.207124053867537183e-01,3.051738490673976401e-01,0.000000000000000000e+00,0.000000000000000000e+00,0.000000000000000000e+00,-9.183824393864954416e-01,-6.626190034908419069e-01,1.954828880356505594e-01,3.087422371229164297e-01,0.000000000000000000e+00,0.000000000000000000e+00,0.000000000000000000e+00
3.168078473728273836e-02,4.272544087159931836e-01,8.425915085209711997e-01,4.330015474031731829e-03,1.459675308322766138e-02,7.288865978071153995e-01,6.844651293547326931e-01,-5.553387394232512930e-01,2.389735456355847887e-01,1.353412501800837220e-01,9.287582385296431209e-01,-4.422758025803039672e-01,5.711921326713901431e-02,-5.860974279183598368e-01,-3.180300166648936111e-01,-2.015891030075290524e-01,9.130610456590995128e-01,-4.222151847816095205e-01,-3.303407981274557315e-02,4.354140510665306663e-02,0.000000000000000000e+00,0.000000000000000000e+00,-1.089671635866619193e+00,6.099522114795451477e-01,-3.215118117077845339e-01,3.124502576837925316e-01,0.000000000000000000e+00,0.000000000000000000e+00,0.000000000000000000e+00,-9.188849401354735047e-01,-6.632801646955808206e-01,2.002551079339874862e-01,3.167315103815802058e-01,0.000000000000000000e+00,0.000000000000000000e+00,0.000000000000000000e+00
3.161885572889579221e-02,4.270182762023149170e-01,8.428618697799415971e-01,4.352815342462222972e-03,1.448045647739777328e-02,7.288613084127725239e-01,6.844943845479101174e-01,-5.547404507044486621e-01,2.391169271301065158e-01,1.354968318655105364e-01,9.269099414844326201e-01,-4.389828970876084036e-01,5.487649942703790029e-02,-5.851499100846579982e-01,-3.170912275848324913e-01,-2.012543242215382722e-01,9.106274752548162432e-01,-4.219965235889108768e-01,-3.486110829252614396e-02,4.305642342289813657e-02,0.000000000000000000e+00,0.000000000000000000e+00,-1.090547949654653737e+00,6.033019217220334518e-01,-3.204368427707282030e-01,3.144413754808121908e-01,0.000000000000000000e+00,0.000000000000000000e+00,0.000000000000000000e+00,-9.200567918944407841e-01,-6.582252574326569183e-01,2.013041326967624500e-01,3.179646735567083216e-01,0.000000000000000000e+00,0.000000000000000000e+00,0.000000000000000000e+00
3.160258640646326778e-02,4.268700882794086993e-01,8.429679664013800533e-01,4.342052888487895126e-03,1.425641861134382612e-02,7.291395174019863479e-01,6.842027954253699917e-01,-5.541945387938627121e-01,2.403603013443618153e-01,1.371991088464662445e-01,9.266394118755331144e-01,-4.406531672999461358e-01,5.477055297011210883e-02,-5.837701185738382037e-01,-3.177748080708735490e-01,-2.031690362849896681e-01,9.099013312140483700e-01,-4.236249591344720677e-01,-3.262887461466371791e-02,4.230293678201735297e-02,0.000000000000000000e+00,0.000000000000000000e+00,-1.093305925906834286e+00,6.071493755114116819e-01,-3.209367591341144577e-01,3.208987197864981433e-01,0.000000000000000000e+00,0.000000000000000000e+00,0.000000000000000000e+00,-9.232279457696515035e-01,-6.598892793079844665e-01,1.950990429151910621e-01,3.240264706595761268e-01,0.000000000000000000e+00,0.000000000000000000e+00,0.000000000000000000e+00
3.162572639848622996e-02,4.269338491096463795e-01,8.430047497144755875e-01,4.573534086701315157e-03,1.414920768769788346e-02,7.289184521882129397e-01,6.844390204885373308e-01,-5.533425568416460161e-01,2.408649706948874925e-01,1.379577603344649961e-01,9.263904558396673927e-01,-4.395933085055979128e-01,5.455454860583707627e-02,-5.837230150781539395e-01,-3.168033802054572856e-01,-2.014050703924173957e-01,9.095008766211428730e-01,-4.218521589221566059e-01,-3.259713776738473734e-02,4.156384060670109681e-02,0.000000000000000000e+00,0.000000000000000000e+00,-1.094507915231006212e+00,6.033413268403171603e-01,-3.209001928756566868e-01,3.228788204107050919e-01,0.000000000000000000e+00,0.000000000000000000e+00,0.000000000000000000e+00,-9.249240685798111317e-01,-6.555012727588039878e-01,1.965123319334993457e-01,3.249860919245254331e-01,0.000000000000000000e+00,0.000000000000000000e+00,0.000000000000000000e+00
3.178720929058499040e-02,4.270254645409164995e-01,8.429005393537276625e-01,5.077151753716509577e-03,1.438470184726693517e-02,7.287770991498221385e-01,6.845810709022018825e-01,-5.526856039478870164e-01,2.390375579495898628e-01,1.368190584266877619e-01,9.263647877340134285e-01,-4.393785588446384449e-01,5.355545966694660875e-02,-5.838104021834189528e-01,-3.174828404462535780e-01,-2.007490160576010096e-01,9.107383141127493031e-01,-4.250648406380482802e-01,-3.384483837244720017e-02,4.252428907902872091e-02,0.000000000000000000e+00,0.000000000000000000e+00,-1.095409551739564114e+00,6.093629602214414298e-01,-3.251426639768381643e-01,3.267619760841191101e-01,0.000000000000000000e+00,0.000000000000000000e+00,0.000000000000000000e+00,-9.271401637400239482e-01,-6.555460491133292544e-01,1.944188221702974895e-01,3.268073244099010122e-01,0.000000000000000000e+00,0.000000000000000000e+00,0.000000000000000000e+00
3.198377355848557729e-02,4.272655349964449845e-01,8.434248740327954241e-01,4.563717328382057778e-03,1.518734107316922419e-02,7.291030235460352893e-01,6.842202117822182572e-01,-5.530936018768327633e-01,2.374200985136995234e-01,1.359034510819747410e-01,9.229885486101152559e-01,-4.378446260179352789e-01,5.253357899970230449e-02,-5.833783223790776074e-01,-3.164866011097502430e-01,-2.001578918268748231e-01,9.074662446567978158e-01,-4.298540792229060825e-01,-3.541188215787312299e-02,4.281975562023614817e-02,0.000000000000000000e+00,0.000000000000000000e+00,-1.093485417634203927e+00,6.028058726521382527e-01,-3.195453682920749161e-01,3.246827101544577099e-01,0.000000000000000000e+00,0.000000000000000000e+00,0.000000000000000000e+00,-9.272521240811529841e-01,-6.495209333216577230e-01,1.882569220182992997e-01,3.242814425091847808e-01,0.000000000000000000e+00,0.000000000000000000e+00,0.000000000000000000e+00
3.216093672622193089e-02,4.275573714901003131e-01,8.434180918695669549e-01,4.579977188590579618e-03,1.510729712536419342e-02,7.291272179483615501e-01,6.841960928194494862e-01,-5.526878500617259382e-01,2.367869319404992401e-01,1.344493355349694608e-01,9.231237569152819233e-01,-4.401742741679360305e-01,5.357182211766055996e-02,-5.831498447821299447e-01,-3.156824244261857149e-01,-1.995428159605013296e-01,9.078691536486130920e-01,-4.301691807105478271e-01,-3.600787946470816042e-02,4.383945464489023142e-02,0.000000000000000000e+00,0.000000000000000000e+00,-1.092445595914632195e+00,6.006046642012279335e-01,-3.195796707787637581e-01,3.226017644955022079e-01,0.000000000000000000e+00,0.000000000000000000e+00,0.000000000000000000e+00,-9.244737069885198277e-01,-6.521745955458814192e-01,1.916212738619319234e-01,3.225314566059829247e-01,0.000000000000000000e+00,0.000000000000000000e+00,0.000000000000000000e+00
3.239706262443638879e-02,4.278094306664226854e-01,8.431634299835443214e-01,5.012629274364511361e-03,1.525479947595796346e-02,7.287695364115499563e-01,6.845707614550895492e-01,-5.519570437700356269e-01,2.373539729652263119e-01,1.358089457146715029e-01,9.239526323968288990e-01,-4.400131646186999923e-01,5.357355854601738437e-02,-5.841486878777325531e-01,-3.158229739248711865e-01,-1.978911661234878661e-01,9.098466930929327567e-01,-4.292308710737682276e-01,-3.485736116999995499e-02,4.364848692484168263e-02,0.000000000000000000e+00,0.000000000000000000e+00,-1.092534836199019033e+00,6.081420356202258404e-01,-3.221626272999592033e-01,3.214591433504323525e-01,0.000000000000000000e+00,0.000000000000000000e+00,0.000000000000000000e+00,-9.243695410483255825e-01,-6.515571389208992814e-01,1.944036622074803156e-01,3.203763483420559721e-01,0.000000000000000000e+00,0.000000000000000000e+00,0.000000000000000000e+00
3.259621445700972703e-02,4.279430988853943352e-01,8.428410707123125123e-01,4.437583494255758002e-03,1.569353310088323836e-02,7.291727887862702318e-01,6.841352680319857660e-01,-5.545417866187555278e-01,2.372666979572380652e-01,1.348184561390521341e-01,9.258574920045603562e-01,-4.429880010451119898e-01,5.383412694216060945e-02,-5.856421074049360520e-01,-3.170503485701448021e-01,-1.998374132934359892e-01,9.118976516135347543e-01,-4.333744227258876092e-01,-3.314915860950206489e-02,4.475072489316903046e-02,0.000000000000000000e+00,0.000000000000000000e+00,-1.092357276947335754e+00,6.073236329560148805e-01,-3.208925561754844002e-01,3.200402863517835539e-01,0.000000000000000000e+00,0.000000000000000000e+00,0.000000000000000000e+00,-9.255216537033510438e-01,-6.574562041515532584e-01,1.936014803594495182e-01,3.187585380099727805e-01,0.000000000000000000e+00,0.000000000000000000e+00,0.000000000000000000e+00
3.273743042665408498e-02,4.279403039597888814e-01,8.422296471165604537e-01,4.644933860679904478e-03,1.544602862960225628e-02,7.292110827040475529e-01,6.840987075346617319e-01,-5.561156081050855349e-01,2.373470186760704426e-01,1.334496928149308537e-01,9.295073284834770577e-01,-4.419893116822351531e-01,5.568249568857440435e-02,-5.872578900876980201e-01,-3.166556939801342674e-01,-1.985233540269939478e-01,9.158021711705892631e-01,-4.335298027976410840e-01,-3.604887611129542480e-02,4.434120375308819167e-02,0.000000000000000000e+00,0.000000000000000000e+00,-1.094365734470074347e+00,6.108448168519612365e-01,-3.253744802133340941e-01,3.210097249834257260e-01,0.000000000000000000e+00,0.000000000000000000e+00,0.000000000000000000e+00,-9.275400146326564510e-01,-6.604982351297570276e-01,1.971303369942458139e-01,3.225780188451627395e-01,0.000000000000000000e+00,0.000000000000000000e+00,0.000000000000000000e+00
3.286994437229824595e-02,4.278624614156326667e-01,8.413786278341881530e-01,5.034160415893699017e-03,1.530542788822631013e-02,7.291711469423629577e-01,6.841416809205714822e-01,-5.580453786312538078e-01,2.372722302387959004e-01,1.321992473626682207e-01,9.341607256054131891e-01,-4.420378101269319959e-01,5.595105719676476269e-02,-5.897465100636302138e-01,-3.176095949891771797e-01,-1.974851146504183752e-01,9.209875659805291104e-01,-4.323835644070314066e-01,-3.527967563372752524e-02,4.437302929613181485e-02,0.000000000000000000e+00,0.000000000000000000e+00,-1.093486811919192725e+00,6.068197913273699617e-01,-3.216773517149416062e-01,3.188283561571769731e-01,0.000000000000000000e+00,0.000000000000000000e+00,0.000000000000000000e+00,-9.280616441449264231e-01,-6.559614745473100195e-01,1.964589175275025523e-01,3.201145722479560862e-01,0.000000000000000000e+00,0.000000000000000000e+00,0.000000000000000000e+00
3.304653170356894321e-02,4.277979733447356270e-01,8.410681764524389203e-01,4.660573422901071253e-03,1.624993599959112522e-02,7.299071029047708992e-01,6.833372811171244399e-01,-5.607714409080262197e-01,2.363970989270614553e-01,1.325773463705608723e-01,9.347574834135810029e-01,-4.439076330279444482e-01,5.351125065824822308e-02,-5.922622183588667211e-01,-3.194212790548476844e-01,-1.977930467149480731e-01,9.231406730251426884e-01,-4.366971379793370689e-01,-3.653757446204723702e-02,4.510682040203803367e-02,0.000000000000000000e+00,0.000000000000000000e+00,-1.092712763614808180e+00,6.075009899609267183e-01,-3.245265452101271375e-01,3.143314229799442638e-01,0.000000000000000000e+00,0.000000000000000000e+00,0.000000000000000000e+00,-9.279426209186211194e-01,-6.582406447301852870e-01,1.956463893608968996e-01,3.157603812129781695e-01,0.000000000000000000e+00,0.000000000000000000e+00,0.000000000000000000e+00
3.305031555833017054e-02,4.276439014229490576e-01,8.408340344139443312e-01,4.520576594375970425e-03,1.594807367852478161e-02,7.301806467523208610e-01,6.830530334033823037e-01,-5.619539681418606047e-01,2.373889124663758898e-01,1.325557664024357429e-01,9.364480305216204004e-01,-4.435645438047210454e-01,5.520746806462700773e-02,-5.931076059993932725e-01,-3.192737536415860555e-01,-1.978715980734948310e-01,9.245328779356903892e-01,-4.333546430727371890e-01,-3.635148463647904643e-02,4.371742472362433879e-02,0.000000000000000000e+00,0.000000000000000000e+00,-1.095638662438713329e+00,6.154322037525316036e-01,-3.314519601562913587e-01,3.154282666100774457e-01,0.000000000000000000e+00,0.000000000000000000e+00,0.000000000000000000e+00,-9.278665257384872689e-01,-6.642843618878818690e-01,1.989803971987678943e-01,3.190353439667037994e-01,0.000000000000000000e+00,0.000000000000000000e+00,0.000000000000000000e+00
3.311053557172134038e-02,4.274054012685209458e-01,8.409728336007558092e-01,4.435787502901713392e-03,1.672320114096006310e-02,7.307134369983148137e-01,6.824650403668592880e-01,-5.635349130067199841e-01,2.337983631220598157e-01,1.298399024942068491e-01,9.344813192105424493e-01,-4.400556317097692460e-01,5.328128061116713804e-02,-5.939521937281284636e-01,-3.204410409233601764e-01,-1.978564592247218368e-01,9.238921389879836132e-01,-4.362132759392232106e-01,-3.886708227631715390e-02,4.572025009206356905e-02,0.000000000000000000e+00,0.000000000000000000e+00,-1.094808528504525480e+00,6.084345600429942325e-01,-3.314912967127163768e-01,3.134617896582266861e-01,0.000000000000000000e+00,0.000000000000000000e+00,0.000000000000000000e+00,-9.285372632765545031e-01,-6.634902976836408728e-01,1.982446244629156029e-01,3.177586479055696800e-01,0.000000000000000000e+00,0.000000000000000000e+00,0.000000000000000000e+00
3.293543877133710968e-02,4.271404516326279821e-01,8.409419412374515845e-01,4.234667770681732960e-03,1.661605798086797717e-02,7.301737431738856143e-01,6.830463227230533230e-01,-5.636790741047295050e-01,2.353725961074724371e-01,1.314521715212451369e-01,9.350256190043709781e-01,-4.421232002623211588e-01,5.497382402457468703e-02,-5.947149169881527087e-01,-3.197967128776861845e-01,-1.977486452309132892e-01,9.234039749147520126e-01,-4.346772576876014038e-01,-3.654796662760659981e-02,4.550527445061983145e-02,0.000000000000000000e+00,0.000000000000000000e+00,-1.094872199760907217e+00,6.071155054708939902e-01,-3.280232893321516352e-01,3.128055496757347620e-01,0.000000000000000000e+00,0.000000000000000000e+00,0.000000000000000000e+00,-9.281972553553741179e-01,-6.649411647916391166e-01,2.015996588887718211e-01,3.191817150206819886e-01,0.000000000000000000e+00,0.000000000000000000e+00,0.000000000000000000e+00
3.277090366460528453e-02,4.267162270007842650e-01,8.409024338349277983e-01,4.531350134523652595e-03,1.630355733828290146e-02,7.304702213166868185e-01,6.827348802087286339e-01,-5.632866663205247093e-01,2.357548382458375669e-01,1.327069322121665618e-01,9.352326951094784846e-01,-4.435924371959737988e-01,5.537003971994829132e-02,-5.943440790456623324e-01,-3.196547446085323818e-01,-1.967728271646023153e-01,9.233470975252322521e-01,-4.338442104437906788e-01,-3.607256842423819249e-02,4.333714101738256330e-02,0.000000000000000000e+00,0.000000000000000000e+00,-1.094588771923415083e+00,6.118578358874767753e-01,-3.306739301861013058e-01,3.142271670234687009e-01,0.000000000000000000e+00,0.000000000000000000e+00,0.000000000000000000e+00,-9.270268473044941393e-01,-6.623127910075485847e-01,1.992532853926053671e-01,3.205528692972770544e-01,0.000000000000000000e+00,0.000000000000000000e+00,0.000000000000000000e+00
3.250185331727822868e-02,4.262726162444907541e-01,8.408031150649535324e-01,4.868552448151040532e-03,1.560210129827336971e-02,7.300022653616721202e-01,6.832492694463458971e-01,-5.629146639173636668e-01,2.348373075198527116e-01,1.306482694239075038e-01,9.364890272656548609e-01,-4.440507790170427627e-01,6.027660646716877235e-02,-5.936133755220990293e-01,-3.196426978558359333e-01,-1.976398753089707583e-01,9.232313491273856920e-01,-4.324129769919211053e-01,-3.615651537941235588e-02,4.349000598329479800e-02,0.000000000000000000e+00,0.000000000000000000e+00,-1.095004166823232428e+00,6.126270153676213193e-01,-3.353116033852713840e-01,3.155025802354359254e-01,0.000000000000000000e+00,0.000000000000000000e+00,0.000000000000000000e+00,-9.254790999612271252e-01,-6.641730498822110418e-01,2.069028535146509029e-01,3.239262329198175916e-01,0.000000000000000000e+00,0.000000000000000000e+00,0.000000000000000000e+00
3.231194899146917765e-02,4.259408488986247687e-01,8.413317638336288429e-01,3.808787249449253898e-03,1.648465214324661837e-02,7.303688617717083442e-01,6.828433752609043283e-01,-5.644884656245344745e-01,2.349439046317584046e-01,1.324058831468847286e-01,9.328162794180518969e-01,-4.450237245191692170e-01,5.978211461850106018e-02,-5.945169351453318818e-01,-3.199532314098134100e-01,-1.992882647659913742e-01,9.192300127438297608e-01,-4.310165549930164985e-01,-3.527326895273921042e-02,4.358816646223323543e-02,0.000000000000000000e+00,0.000000000000000000e+00,-1.093783728490823393e+00,6.099146268850953456e-01,-3.323367194311593331e-01,3.109629526100178842e-01,0.000000000000000000e+00,0.000000000000000000e+00,0.000000000000000000e+00,-9.248683445856028529e-01,-6.624100510740337233e-01,1.990473907340246651e-01,3.201623250475413851e-01,0.000000000000000000e+00,0.000000000000000000e+00,0.000000000000000000e+00
3.204656886535853927e-02,4.256706526346151209e-01,8.420301577345132849e-01,3.305505488636178643e-03,1.640226723067638934e-02,7.306982334171630011e-01,6.824955171605130433e-01,-5.640917331409401880e-01,2.358997776175141281e-01,1.337596378355354887e-01,9.292860856784738166e-01,-4.414353030604101780e-01,5.906624221879983039e-02,-5.926356283361563504e-01,-3.196565179386612887e-01,-2.010515678833293407e-01,9.142298250052410813e-01,-4.280739472584951799e-01,-3.356412211712498511e-02,4.259674485667851174e-02,0.000000000000000000e+00,0.000000000000000000e+00,-1.094400927112433308e+00,6.118173628962012556e-01,-3.346442992876606515e-01,3.120639094001254055e-01,0.000000000000000000e+00,0.000000000000000000e+00,0.000000000000000000e+00,-9.239187667099637569e-01,-6.650282612442816044e-01,1.979232824386739642e-01,3.203716142412367796e-01,0.000000000000000000e+00,0.000000000000000000e+00,0.000000000000000000e+00
3.184371895035435079e-02,4.256676568791522008e-01,8.430308084504312127e-01,3.668869125050327681e-03,1.603596903443840760e-02,7.300996011345569636e-01,6.831427080190722867e-01,-5.597895799252443627e-01,2.364677524536556164e-01,1.357557333565832247e-01,9.238150653456006500e-01,-4.373836214972446346e-01,5.844304488913449475e-02,-5.895645318496695042e-01,-3.172418366297825587e-01,-1.992171246902766368e-01,9.083581245683839400e-01,-4.244772860460805930e-01,-3.432903602768375140e-02,4.233518627018450359e-02,0.000000000000000000e+00,0.000000000000000000e+00,-1.094250068906069240e+00,6.052202119048369910e-01,-3.300730060548028311e-01,3.135809224431346243e-01,0.000000000000000000e+00,0.000000000000000000e+00,0.000000000000000000e+00,-9.232553650007888635e-01,-6.626189215519030506e-01,2.028460781078852138e-01,3.196534765992483651e-01,0.000000000000000000e+00,0.000000000000000000e+00,0.000000000000000000e+00
3.181451922093703200e-02,4.255200107997526016e-01,8.439450110391245596e-01,2.301212090183581485e-03,1.716061523088878438e-02,7.308674977068935208e-01,6.822997277615447942e-01,-5.613570487982554313e-01,2.351782671657745571e-01,1.354804156220398292e-01,9.175029470784961116e-01,-4.339808533929420675e-01,5.502812596417842872e-02,-5.891562222552950701e-01,-3.186117463912670478e-01,-2.035477260199577698e-01,9.023004697798442386e-01,-4.234694235487995173e-01,-3.283927528122423251e-02,4.311394328872091009e-02,0.000000000000000000e+00,0.000000000000000000e+00,-1.093417391794515581e+00,6.063909819980999316e-01,-3.297311319317828282e-01,3.104846407052734292e-01,0.000000000000000000e+00,0.000000000000000000e+00,0.000000000000000000e+00,-9.218864472579978431e-01,-6.638386068747170743e-01,1.932801887387378403e-01,3.160002815154452915e-01,0.000000000000000000e+00,0.000000000000000000e+00,0.000000000000000000e+00
3.180615451301024854e-02,4.255461965420740400e-01,8.441105365446713860e-01,3.071587208106190889e-03,1.680345816795368249e-02,7.313408392039857375e-01,6.817982003921920775e-01,-5.594180085497331145e-01,2.336020180717866823e-01,1.347347398127888840e-01,9.161895118936531635e-01,-4.323662942531215081e-01,5.501507877744787195e-02,-5.869471199028468700e-01,-3.193883789507709903e-01,-2.032692431665204802e-01,9.020606897221049580e-01,-4.251296411396940922e-01,-3.435673616390305662e-02,4.362562564029572737e-02,0.000000000000000000e+00,0.000000000000000000e+00,-1.095474252382388380e+00,6.037248661993773746e-01,-3.321185956608886936e-01,3.148482118284534614e-01,0.000000000000000000e+00,0.000000000000000000e+00,0.000000000000000000e+00,-9.225609988151624030e-01,-6.653203598316167477e-01,1.940051452212191441e-01,3.158529692722815141e-01,0.000000000000000000e+00,0.000000000000000000e+00,0.000000000000000000e+00
3.182524219902461982e-02,4.256097002321820866e-01,8.444525441096738527e-01,2.200194655191436630e-03,1.678291382059392267e-02,7.316503747198553897e-01,6.814698981756025509e-01,-5.606164734972113317e-01,2.360284026493418841e-01,1.359348024733869065e-01,9.146870460576557171e-01,-4.267334206005383712e-01,5.400164339583335416e-02,-5.867323461690521214e-01,-3.187917426098051954e-01,-2.055329393365320501e-01,8.995225413423829641e-01,-4.213518739806070834e-01,-3.550320257055556566e-02,4.196994201766839072e-02,0.000000000000000000e+00,0.000000000000000000e+00,-1.097030256221678046e+00,6.001656704081475002e-01,-3.295022232965377218e-01,3.129255992648885543e-01,0.000000000000000000e+00,0.000000000000000000e+00,0.000000000000000000e+00,-9.205612648424971178e-01,-6.631648897584234703e-01,1.921992616580027458e-01,3.124091259873698068e-01,0.000000000000000000e+00,0.000000000000000000e+00,0.000000000000000000e+00
3.197491737367039177e-02,4.256341933011316137e-01,8.447896472021012571e-01,1.871800502960572349e-03,1.715510656340012499e-02,7.320375346954711704e-01,6.810457007269437035e-01,-5.605658748400009772e-01,2.351466398036611005e-01,1.353581345250568502e-01,9.121985243966059809e-01,-4.280807865057288386e-01,5.218436641541586429e-02,-5.862895134620950133e-01,-3.185035651813744595e-01,-2.057959295833184932e-01,8.975307866346363683e-01,-4.225473329985570126e-01,-3.480892858197880135e-02,4.312040934810099785e-02,0.000000000000000000e+00,0.000000000000000000e+00,-1.097072376475284328e+00,6.022550396028808484e-01,-3.311540600725504935e-01,3.138206154101824130e-01,0.000000000000000000e+00,0.000000000000000000e+00,0.000000000000000000e+00,-9.208517448605254563e-01,-6.677702309472084430e-01,1.912551674700030957e-01,3.113511560746945461e-01,0.000000000000000000e+00,0.000000000000000000e+00,0.000000000000000000e+00
3.214001928348133447e-02,4.256252581438594307e-01,8.445659683305090093e-01,2.070331139533946804e-03,1.704474776373642378e-02,7.316696473474256779e-01,6.814431138790221221e-01,-5.608138626501522062e-01,2.339891715843758491e-01,1.325112321556823347e-01,9.130889283995123895e-01,-4.268820766942451050e-01,5.048358642445100603e-02,-5.869637335676016754e-01,-3.178614519300122510e-01,-2.050964294920540887e-01,8.989834625069099694e-01,-4.234951414526012536e-01,-3.623441829822568461e-02,4.457879408698631196e-02,0.000000000000000000e+00,0.000000000000000000e+00,-1.096289180620721337e+00,6.016992972682982943e-01,-3.327493110370436935e-01,3.144067507515285742e-01,0.000000000000000000e+00,0.000000000000000000e+00,0.000000000000000000e+00,-9.225964911424895387e-01,-6.693753544567733194e-01,1.951746119441599703e-01,3.116531164496184059e-01,0.000000000000000000e+00,0.000000000000000000e+00,0.000000000000000000e+00
3.229146363258454666e-02,4.255748213046495754e-01,8.442398131209847278e-01,2.541818510955027796e-03,1.670356656590843078e-02,7.315517149315561296e-01,6.815765682616562460e-01,-5.604081533777768298e-01,2.345817639890688533e-01,1.327887500408488630e-01,9.148279335365075982e-01,-4.277091282278624451e-01,5.154818248382542212e-02,-5.874463308935679029e-01,-3.177200715797086628e-01,-2.041522522139989637e-01,9.013931055168225015e-01,-4.224352399767693500e-01,-3.728143804017307328e-02,4.505120806293397284e-02,0.000000000000000000e+00,0.000000000000000000e+00,-1.096386946057354539e+00,6.019059579826248063e-01,-3.332987962792504089e-01,3.170714342022630250e-01,0.000000000000000000e+00,0.000000000000000000e+00,0.000000000000000000e+00,-9.237649097140714360e-01,-6.695563761870999553e-01,1.981271495096530721e-01,3.141577403701247828e-01,0.000000000000000000e+00,0.000000000000000000e+00,0.000000000000000000e+00
3.250803479448365063e-02,4.255953226978958504e-01,8.443293046161003401e-01,2.197776482436764392e-03,1.774107246422105752e-02,7.323596940179341042e-01,6.806832616601585784e-01,-5.617857614109432740e-01,2.331543261381572030e-01,1.334590001646791257e-01,9.129724538648795740e-01,-4.295838445535235528e-01,4.891307715574234188e-02,-5.888228765653721331e-01,-3.196036776733151563e-01,-2.048611477288691529e-01,9.017151541546711835e-01,-4.257660850325735158e-01,-3.706939216631316425e-02,4.459684949771541146e-02,0.000000000000000000e+00,0.000000000000000000e+00,-1.097713679572830836e+00,6.046708884994554944e-01,-3.336043763890677583e-01,3.179476642568960787e-01,0.000000000000000000e+00,0.000000000000000000e+00,0.000000000000000000e+00,-9.265456379113636842e-01,-6.701096070298818708e-01,1.935442738189991074e-01,3.113629610363815026e-01,0.000000000000000000e+00,0.000000000000000000e+00,0.000000000000000000e+00
3.254969299824941181e-02,4.256236223604160096e-01,8.441727955427782426e-01,1.824871839861149855e-03,1.771007914467586514e-02,7.321969804889613131e-01,6.808601946819234918e-01,-5.633366019829267879e-01,2.338845814765743714e-01,1.327147747289377233e-01,9.143459694120327219e-01,-4.273760706489432848e-01,5.054031511238420149e-02,-5.900821067832190403e-01,-3.178463727909207615e-01,-2.033900433053759671e-01,9.019717420959019183e-01,-4.247967981904198775e-01,-3.875141386259220444e-02,4.436142093060316260e-02,0.000000000000000000e+00,0.000000000000000000e+00,-1.099048013999093909e+00,6.085365471631264400e-01,-3.361256117528016452e-01,3.151593852339233393e-01,0.000000000000000000e+00,0.000000000000000000e+00,0.000000000000000000e+00,-9.257030406373052411e-01,-6.713771840049972406e-01,1.965882102596146208e-01,3.098637431959217481e-01,0.000000000000000000e+00,0.000000000000000000e+00,0.000000000000000000e+00
3.256650036005454690e-02,4.254306823303045104e-01,8.433473697350366560e-01,2.420035103351260777e-03,1.694145711900292908e-02,7.321299052859074896e-01,6.809500218421563611e-01,-5.638220114190809484e-01,2.349675478509849480e-01,1.323894011239461210e-01,9.191675648467322324e-01,-4.308929589979875741e-01,5.196722674437690564e-02,-5.907092010762466927e-01,-3.183337181579272146e-01,-2.034049701242159613e-01,9.067442991910472649e-01,-4.265144978285730915e-01,-4.022598420302506833e-02,4.439034348296644339e-02,0.000000000000000000e+00,0.000000000000000000e+00,-1.101032959377479914e+00,6.123227412668696967e-01,-3.372371749489577186e-01,3.186902263035581995e-01,0.000000000000000000e+00,0.000000000000000000e+00,0.000000000000000000e+00,-9.285931559235192090e-01,-6.774515517619942306e-01,2.033231716272324296e-01,3.136268218949564979e-01,0.000000000000000000e+00,0.000000000000000000e+00,0.000000000000000000e+00
3.245956067243294801e-02,4.254449592262700142e-01,8.430465939756883742e-01,1.536803414379282404e-03,1.729363905262590664e-02,7.321878951744743569e-01,6.808813805969123889e-01,-5.675868383204757395e-01,2.332940236717241100e-01,1.281424966726032177e-01,9.214613491485805774e-01,-4.305002412050031313e-01,5.180998988418728662e-02,-5.929375370954539370e-01,-3.174728130371742285e-01,-2.034517846227597293e-01,9.080659725303746876e-01,-4.303326643835904131e-01,-4.210584612762607870e-02,4.628674279246888790e-02,0.000000000000000000e+00,0.000000000000000000e+00,-1.103015124968479865e+00,6.074325749154564358e-01,-3.339354595020583849e-01,3.150466401152038909e-01,0.000000000000000000e+00,0.000000000000000000e+00,0.000000000000000000e+00,-9.310691376779872686e-01,-6.781931730537636982e-01,2.009069376035313714e-01,3.130824659504457541e-01,0.000000000000000000e+00,0.000000000000000000e+00,0.000000000000000000e+00
3.228490986107655086e-02,4.253091434824994299e-01,8.422862957439936071e-01,1.355325192676391441e-03,1.638035916768776010e-02,7.323429898442957997e-01,6.807375354371748566e-01,-5.700991824780418105e-01,2.354958445509325315e-01,1.273062826146122983e-01,9.272405287396766616e-01,-4.307226703020356484e-01,5.543032980641125762e-02,-5.940125413898992290e-01,-3.178724296229419322e-01,-2.049832782365446637e-01,9.118362830134703056e-01,-4.271814972056449111e-01,-4.104696198077266434e-02,4.705689567593985406e-02,0.000000000000000000e+00,0.000000000000000000e+00,-1.103492518555850621e+00,6.037116106503682689e-01,-3.337426654761819766e-01,3.106742604003762676e-01,0.000000000000000000e+00,0.000000000000000000e+00,0.000000000000000000e+00,-9.298242165335663945e-01,-6.782499718127532606e-01,2.020957640741774253e-01,3.156728558803886808e-01,0.000000000000000000e+00,0.000000000000000000e+00,0.000000000000000000e+00
3.215476420734306867e-02,4.252534033826657622e-01,8.423057291276205838e-01,1.449691588862106126e-03,1.654654415307992010e-02,7.321398337357376551e-01,6.809518148358922884e-01,-5.696994688887743186e-01,2.357074619804788718e-01,1.287499674996169519e-01,9.271660450554090049e-01,-4.324730070866188436e-01,5.489371785089610517e-02,-5.940709386930054237e-01,-3.174452510297556262e-01,-2.039306433504021743e-01,9.116939225242505218e-01,-4.302597544059742485e-01,-4.156613126952743431e-02,4.768999124494897879e-02,0.000000000000000000e+00,0.000000000000000000e+00,-1.103683277199186241e+00,6.100735125240400736e-01,-3.341689887427385375e-01,3.114665465211476358e-01,0.000000000000000000e+00,0.000000000000000000e+00,0.000000000000000000e+00,-9.312358691687155909e-01,-6.798231804484802243e-01,1.996607025262203405e-01,3.144383762773457214e-01,0.000000000000000000e+00,0.000000000000000000e+00,0.000000000000000000e+00
3.207675319017327248e-02,4.252374417166072118e-01,8.419919716541027777e-01,1.649404409528595211e-03,1.680115630137403449e-02,7.317631207490743472e-01,6.813499363202489834e-01,-5.698476640594080100e-01,2.366400168066111198e-01,1.312507758544609882e-01,9.288388548557813262e-01,-4.354912382777861857e-01,5.610298080761328549e-02,-5.959727079223612334e-01,-3.177253284603235861e-01,-2.022011080362363655e-01,9.139135419280073336e-01,-4.299965585131041990e-01,-4.031540742211205813e-02,4.697979831323483013e-02,0.000000000000000000e+00,0.000000000000000000e+00,-1.104074741262629944e+00,6.151298169534831217e-01,-3.329584534398749018e-01,3.136112310736001718e-01,0.000000000000000000e+00,0.000000000000000000e+00,0.000000000000000000e+00,-9.344006278120382536e-01,-6.812293015158726872e-01,2.036869417560167872e-01,3.149075624686039632e-01,0.000000000000000000e+00,0.000000000000000000e+00,0.000000000000000000e+00
3.190059681968319266e-02,4.251723195094606611e-01,8.415043197691455257e-01,1.759084408782632045e-03,1.599202203225008612e-02,7.323121241834076312e-01,6.807790490514149528e-01,-5.715680489750019078e-01,2.359261913997152682e-01,1.277618291040010234e-01,9.326566942278008421e-01,-4.334443159526166212e-01,5.764882971660684891e-02,-5.954823928384599396e-01,-3.179488405436853293e-01,-2.029101235345696641e-01,9.162536346084518835e-01,-4.293119730599410100e-01,-4.155179801142252355e-02,4.626715238688776377e-02,0.000000000000000000e+00,0.000000000000000000e+00,-1.104936653589823292e+00,6.113816171374109043e-01,-3.330785216687241479e-01,3.144743599901279607e-01,0.000000000000000000e+00,0.000000000000000000e+00,0.000000000000000000e+00,-9.359933385129364236e-01,-6.845523329659315426e-01,2.063329050511133744e-01,3.187603387839735847e-01,0.000000000000000000e+00,0.000000000000000000e+00,0.000000000000000000e+00
3.188467315882437952e-02,4.252527366294230338e-01,8.416701183803705355e-01,2.019300963038350369e-03,1.622202460937367807e-02,7.320652130165374860e-01,6.810383926272040034e-01,-5.705973977051984614e-01,2.352279480724480398e-01,1.279814826306765740e-01,9.309942688123412635e-01,-4.304194905104520852e-01,5.518012181948122458e-02,-5.955467414177818553e-01,-3.179679416132029646e-01,-2.020321194981029023e-01,9.157265489488368715e-01,-4.290557329760081862e-01,-4.328481834940347411e-02,4.703356246118276657e-02,0.000000000000000000e+00,0.000000000000000000e+00,-1.102715635803496852e+00,6.047498178466945706e-01,-3.268436562770434817e-01,3.142359601946537184e-01,0.000000000000000000e+00,0.000000000000000000e+00,0.000000000000000000e+00,-9.358903676831669127e-01,-6.774401623538111039e-01,2.035108044530467009e-01,3.158972256009263124e-01,0.000000000000000000e+00,0.000000000000000000e+00,0.000000000000000000e+00
3.181745139349740487e-02,4.254161137642553658e-01,8.419526381389813574e-01,1.361184468073086892e-03,1.645196509107656191e-02,7.324085435909158948e-01,6.806652667034801540e-01,-5.717459167269736131e-01,2.354774773172458313e-01,1.279062716111975251e-01,9.298737872193405529e-01,-4.272863346558394282e-01,5.627744600226915195e-02,-5.954868379500323217e-01,-3.189230848182031952e-01,-2.046336970582141868e-01,9.142296011558196378e-01,-4.263230467492793996e-01,-4.195697965373375998e-02,4.781545095806484513e-02,0.000000000000000000e+00,0.000000000000000000e+00,-1.101845205178210607e+00,6.028791473711059279e-01,-3.265012378682335403e-01,3.088249708975335239e-01,0.000000000000000000e+00,0.000000000000000000e+00,0.000000000000000000e+00,-9.343667870302615475e-01,-6.759882965157112400e-01,1.975181672401589705e-01,3.148656630003882628e-01,0.000000000000000000e+00,0.000000000000000000e+00,0.000000000000000000e+00
3.187707512459456161e-02,4.255969298320096961e-01,8.423220700068236866e-01,9.153781953190401333e-04,1.716860901132575418e-02,7.324566768881758394e-01,6.805965158809635929e-01,-5.718116242804923699e-01,2.333994659763478363e-01,1.263991538345426435e-01,9.272177014490897706e-01,-4.302304884542901831e-01,5.401634878588484900e-02,-5.954087608792416608e-01,-3.173427594607985402e-01,-2.030525982008513086e-01,9.118741233392454459e-01,-4.330365185696996022e-01,-4.288490414768880710e-02,4.833083267100130032e-02,0.000000000000000000e+00,0.000000000000000000e+00,-1.103286968086773623e+00,6.101825445874566878e-01,-3.309326604008390738e-01,3.097522029073854211e-01,0.000000000000000000e+00,0.000000000000000000e+00,0.000000000000000000e+00,-9.355358731451297594e-01,-6.846448984307612617e-01,2.031670230111825570e-01,3.122071968777725970e-01,0.000000000000000000e+00,0.000000000000000000e+00,0.000000000000000000e+00
3.189712056760293096e-02,4.255688076831549704e-01,8.421065929734521394e-01,1.924051253667452901e-03,1.653240490863279455e-02,7.326583168110716304e-01,6.803930984528564485e-01,-5.697355026703692094e-01,2.337378640277828212e-01,1.275074526436315303e-01,9.279873568741902057e-01,-4.295745175938100457e-01,5.346300953853771326e-02,-5.943273236285999683e-01,-3.184178524021054058e-01,-2.027307877273544223e-01,9.143313403652697513e-01,-4.307447145236971697e-01,-4.480864580276357895e-02,4.664609045804013476e-02,0.000000000000000000e+00,0.000000000000000000e+00,-1.106077735088983882e+00,6.157085789119532970e-01,-3.362190591289558883e-01,3.191958978526863167e-01,0.000000000000000000e+00,0.000000000000000000e+00,0.000000000000000000e+00,-9.397286905051824846e-01,-6.833011368072984260e-01,2.044752561420086212e-01,3.201534731683021162e-01,0.000000000000000000e+00,0.000000000000000000e+00,0.000000000000000000e+00
3.188169869762285530e-02,4.255902143400750459e-01,8.420174295224160943e-01,1.937370717005585871e-03,1.689736959113774181e-02,7.322400414446134098e-01,6.808342288698455702e-01,-5.695145572058151195e-01,2.341867258709210142e-01,1.292376637291416108e-01,9.281627982505746832e-01,-4.330777046725198809e-01,5.391922172243281131e-02,-5.953483230357046185e-01,-3.185970791417300219e-01,-2.021739686536409564e-01,9.149395156727002654e-01,-4.331999761916969227e-01,-4.380263578512644945e-02,4.728322129859544032e-02,0.000000000000000000e+00,0.000000000000000000e+00,-1.106826552186416013e+00,6.118995736689056830e-01,-3.343897291485053436e-01,3.220614451079417129e-01,0.000000000000000000e+00,0.000000000000000000e+00,0.000000000000000000e+00,-9.432537839037300476e-01,-6.789324323743929357e-01,2.036288846399884056e-01,3.234099013917267063e-01,0.000000000000000000e+00,0.000000000000000000e+00,0.000000000000000000e+00
3.186965472496879059e-02,4.255548252323866909e-01,8.424697919773073140e-01,7.347004485560460624e-04,1.774297487974524357e-02,7.320499556037832756e-01,6.810194634209562059e-01,-5.714031055402697401e-01,2.348464416266539401e-01,1.298583807931535938e-01,9.254592744937425453e-01,-4.306198754490251912e-01,5.250821605512853707e-02,-5.966811187081972889e-01,-3.168939936449863271e-01,-2.023482155433349861e-01,9.109431794339565291e-01,-4.323576765299034785e-01,-4.487155380530926524e-02,4.688737905342763024e-02,0.000000000000000000e+00,0.000000000000000000e+00,-1.106632632234295421e+00,6.203243820448421930e-01,-3.386453804278887203e-01,3.178510758186841034e-01,0.000000000000000000e+00,0.000000000000000000e+00,0.000000000000000000e+00,-9.419058265510291683e-01,-6.820043076684665362e-01,2.068228181174460445e-01,3.188647761947904780e-01,0.000000000000000000e+00,0.000000000000000000e+00,0.000000000000000000e+00
3.166909210230246102e-02,4.255315757924055253e-01,8.428080309482863797e-01,1.146270134886162584e-03,1.643702817439087957e-02,7.313467036365308704e-01,6.818067975970564243e-01,-5.685323889743629788e-01,2.379258122093830807e-01,1.312827008528132944e-01,9.251210203312590918e-01,-4.256156133543283482e-01,5.400098524904743680e-02,-5.937125114898468281e-01,-3.160310140758239017e-01,-2.039512482821951300e-01,9.085028427787598115e-01,-4.254681406511961472e-01,-4.251003444328441128e-02,4.542377615854920059e-02,0.000000000000000000e+00,0.000000000000000000e+00,-1.105079719678235817e+00,6.122238305167414518e-01,-3.346313201994317033e-01,3.187767741512216313e-01,0.000000000000000000e+00,0.000000000000000000e+00,0.000000000000000000e+00,-9.399015375268940931e-01,-6.718053953581017979e-01,2.078449277664384531e-01,3.226785961826630356e-01,0.000000000000000000e+00,0.000000000000000000e+00,0.000000000000000000e+00
3.173680457051390041e-02,4.254809331722926857e-01,8.438330264962069505e-01,-8.268645291499565619e-05,1.762914197313028217e-02,7.319562520208887646e-01,6.811235215757680539e-01,-5.690864410181284416e-01,2.361793122301593106e-01,1.309915753495780322e-01,9.180943729391422004e-01,-4.257874196897135088e-01,5.085767925324070904e-02,-5.932898621013035223e-01,-3.150861441695378962e-01,-2.048086824903035952e-01,9.015607766594629924e-01,-4.249656630954042336e-01,-4.214851775014694102e-02,4.562262352059522769e-02,0.000000000000000000e+00,0.000000000000000000e+00,-1.103126908552548358e+00,6.124558601758469667e-01,-3.348911277521582908e-01,3.150367959863260570e-01,0.000000000000000000e+00,0.000000000000000000e+00,0.000000000000000000e+00,-9.374340550315432008e-01,-6.745302610007971600e-01,2.089362446647317628e-01,3.171686676098193769e-01,0.000000000000000000e+00,0.000000000000000000e+00,0.000000000000000000e+00
3.163120959066857696e-02,4.254278408439812753e-01,8.435386092952978920e-01,1.203719760679679632e-03,1.662476778562394994e-02,7.317066032440047163e-01,6.814158898381615925e-01,-5.661822441229987790e-01,2.363338024882553068e-01,1.313560642663262612e-01,9.199058797244361596e-01,-4.266454423574864152e-01,5.139317060906646584e-02,-5.921636950136399680e-01,-3.150500684836773369e-01,-2.024444947041249276e-01,9.043732763079066483e-01,-4.222108349063003474e-01,-4.116096703726668943e-02,4.549716849630428689e-02,0.000000000000000000e+00,0.000000000000000000e+00,-1.105206130142799559e+00,6.088968840355486467e-01,-3.350927826113653252e-01,3.217051710335172010e-01,0.000000000000000000e+00,0.000000000000000000e+00,0.000000000000000000e+00,-9.378083366326618320e-01,-6.746904853893224141e-01,2.157645334835949780e-01,3.225417733806374421e-01,0.000000000000000000e+00,0.000000000000000000e+00,0.000000000000000000e+00
3.165444802430081306e-02,4.253747257955948213e-01,8.437720365660275057e-01,8.534531982635588931e-04,1.760152559863282368e-02,7.315712283216887490e-01,6.815372299486917029e-01,-5.673250266416526300e-01,2.335409177085401300e-01,1.295410042230534797e-01,9.176586701552633674e-01,-4.246349119406624961e-01,5.011607571895659863e-02,-5.934229008152375195e-01,-3.150093515612882866e-01,-2.018275139896852366e-01,9.029837090940971978e-01,-4.271228504778230017e-01,-4.394478868619462741e-02,4.715726613696456099e-02,0.000000000000000000e+00,0.000000000000000000e+00,-1.106759209046737524e+00,6.108434723401237054e-01,-3.364574293195194410e-01,3.205352388948959352e-01,0.000000000000000000e+00,0.000000000000000000e+00,0.000000000000000000e+00,-9.387649742087229576e-01,-6.776492548022223783e-01,2.184518835473778509e-01,3.189653107023516232e-01,0.000000000000000000e+00,0.000000000000000000e+00,0.000000000000000000e+00
3.160335655485312090e-02,4.252225513840393045e-01,8.442117505295629876e-01,7.785927937757081835e-04,1.742981741299578363e-02,7.317714345966253031e-01,6.813267665126691019e-01,-5.662568621418249126e-01,2.337319210590581842e-01,1.301396738134396602e-01,9.152410119150973244e-01,-4.244363873511383667e-01,5.119280122690288842e-02,-5.920503291278084168e-01,-3.145026555757005071e-01,-2.022998912554609396e-01,8.999928802976847608e-01,-4.240663722380634271e-01,-4.421916572858877043e-02,4.746172577704596551e-02,0.000000000000000000e+00,0.000000000000000000e+00,-1.105966413936696258e+00,6.053297019618304464e-01,-3.373011072816281541e-01,3.205886381225582782e-01,0.000000000000000000e+00,0.000000000000000000e+00,0.000000000000000000e+00,-9.358993253611015417e-01,-6.786549702356762248e-01,2.247546002230956519e-01,3.188975144766763581e-01,0.000000000000000000e+00,0.000000000000000000e+00,0.000000000000000000e+00
3.138913064540171938e-02,4.249997324036414170e-01,8.442828674303044512e-01,6.850503893158430002e-04,1.686224443269266141e-02,7.310824073297700343e-01,6.820804271576523803e-01,-5.654117789423152018e-01,2.365589956664659044e-01,1.322117976515893578e-01,9.156061219833760978e-01,-4.247891146204748059e-01,5.175366148415441736e-02,-5.913826175058222168e-01,-3.132802945384463023e-01,-2.027138748738959162e-01,8.982973932083179180e-01,-4.214020684705717112e-01,-4.127006895453655400e-02,4.429623021733967991e-02,0.000000000000000000e+00,0.000000000000000000e+00,-1.106886082755881962e+00,6.071014763151383331e-01,-3.337516428862452034e-01,3.220562062919026802e-01,0.000000000000000000e+00,0.000000000000000000e+00,0.000000000000000000e+00,-9.367382911164349180e-01,-6.710577409146931682e-01,2.232849264172076242e-01,3.186970220198973025e-01,0.000000000000000000e+00,0.000000000000000000e+00,0.000000000000000000e+00
3.134913675382538373e-02,4.247635547299470349e-01,8.444135319688020891e-01,7.957067665072536933e-04,1.687507842037691899e-02,7.313883491203521103e-01,6.817519206794029341e-01,-5.651939214547628820e-01,2.352472373275021067e-01,1.314018217762641660e-01,9.144021385412974823e-01,-4.251511900993690807e-01,5.168039178256930016e-02,-5.914214558068308092e-01,-3.126656111545064176e-01,-2.011741288175817322e-01,8.978627505632312822e-01,-4.200969067685880742e-01,-4.152963045387716989e-02,4.297434333516755162e-02,0.000000000000000000e+00,0.000000000000000000e+00,-1.108012824715480127e+00,6.080000266175856760e-01,-3.332683136925950751e-01,3.261895940051433573e-01,0.000000000000000000e+00,0.000000000000000000e+00,0.000000000000000000e+00,-9.379612407185161649e-01,-6.655074004631259532e-01,2.163382880083031257e-01,3.220398247363882582e-01,0.000000000000000000e+00,0.000000000000000000e+00,0.000000000000000000e+00
3.125702422648354156e-02,4.244465213068742693e-01,8.437865724388498023e-01,1.293274322408189195e-03,1.672659596699018966e-02,7.304703935208464172e-01,6.827382753430374374e-01,-5.653616075496535887e-01,2.375947035638001359e-01,1.344802156055191211e-01,9.181442145911775654e-01,-4.266178436792900097e-01,5.229077927637631323e-02,-5.932050404065970506e-01,-3.120792678669808695e-01,-1.991420220178601874e-01,9.010161757267169946e-01,-4.232972630876794540e-01,-4.277016912662388870e-02,4.152245810040063045e-02,0.000000000000000000e+00,0.000000000000000000e+00,-1.110577835214020093e+00,6.158489042838556360e-01,-3.352820440884009545e-01,3.321931794725042630e-01,0.000000000000000000e+00,0.000000000000000000e+00,0.000000000000000000e+00,-9.439015076917479652e-01,-6.684009622473480183e-01,2.227791909520217550e-01,3.271591813714958552e-01,0.000000000000000000e+00,0.000000000000000000e+00,0.000000000000000000e+00
3.119598623919093636e-02,4.242848580184595542e-01,8.436167038373538762e-01,1.084833058049898546e-03,1.614577652925365189e-02,7.300811401483271457e-01,6.831688413834631213e-01,-5.661319646201768974e-01,2.395958346788727433e-01,1.343673148129498063e-01,9.198299730444442490e-01,-4.235459292012016541e-01,5.409467983028868471e-02,-5.934929705205418404e-01,-3.119375099625092962e-01,-2.008425500059400903e-01,9.013058265733919772e-01,-4.181086271835636747e-01,-4.024534939302589626e-02,4.125773861454949676e-02,0.000000000000000000e+00,0.000000000000000000e+00,-1.114655748388644785e+00,6.176798740737904359e-01,-3.403677460813089861e-01,3.328088673792527485e-01,0.000000000000000000e+00,0.000000000000000000e+00,0.000000000000000000e+00,-9.466738912910236392e-01,-6.744780638409958451e-01,2.368802929936573987e-01,3.302193020991772143e-01,0.000000000000000000e+00,0.000000000000000000e+00,0.000000000000000000e+00
3.115636818741157957e-02,4.242661936809539180e-01,8.438427918221604873e-01,9.437692619948534478e-06,1.701570183441114895e-02,7.301855647326401799e-01,6.830369732731081944e-01,-5.684979397158996806e-01,2.395377577077170139e-01,1.345785427079039531e-01,9.186093338208023429e-01,-4.255036394260973132e-01,5.446354982470749673e-02,-5.949195702487262150e-01,-3.120857965808875312e-01,-2.022233343273574235e-01,8.987432208852628168e-01,-4.199918942523200860e-01,-3.920209636875296444e-02,4.235201474407340738e-02,0.000000000000000000e+00,0.000000000000000000e+00,-1.114957282380979242e+00,6.096733059255697862e-01,-3.372842892150005878e-01,3.272392481332446201e-01,0.000000000000000000e+00,0.000000000000000000e+00,0.000000000000000000e+00,-9.475222649618263437e-01,-6.763450782737230327e-01,2.405391830394307540e-01,3.253569994373372021e-01,0.000000000000000000e+00,0.000000000000000000e+00,0.000000000000000000e+00
3.116365294053466753e-02,4.242379515633242226e-01,8.441703592037370640e-01,-5.154367457968489497e-05,1.706351952334636546e-02,7.301144661307281680e-01,6.831117770843719850e-01,-5.680175180750711705e-01,2.377331810908631660e-01,1.324027175635186793e-01,9.167985296572616072e-01,-4.249323492815440528e-01,5.592265105666424652e-02,-5.943239374648002782e-01,-3.104682084323980296e-01,-2.006886358329657838e-01,8.967515552770646270e-01,-4.198886067429716817e-01,-3.949760340633054478e-02,4.256038522974660288e-02,0.000000000000000000e+00,0.000000000000000000e+00,-1.112511277897331397e+00,6.071201345925860693e-01,-3.370881226301740696e-01,3.245698183340918197e-01,0.000000000000000000e+00,0.000000000000000000e+00,0.000000000000000000e+00,-9.456899795012421173e-01,-6.711900481803879659e-01,2.354968619056607426e-01,3.254345700106469064e-01,0.000000000000000000e+00,0.000000000000000000e+00,0.000000000000000000e+00
3.129779491193188795e-02,4.242219153553786759e-01,8.444514934389028005e-01,1.471054416083712041e-04,1.752039303691661429e-02,7.304389255678106485e-01,6.827532425431345198e-01,-5.673403725455725688e-01,2.352650129960234815e-01,1.309317535948932576e-01,9.139202299511940408e-01,-4.237255489316648083e-01,5.260156768004763811e-02,-5.935585224759046818e-01,-3.122417229673097872e-01,-2.023273922773545785e-01,8.955976137949728244e-01,-4.222790840382789068e-01,-4.094141598415469013e-02,4.330869127806938335e-02,0.000000000000000000e+00,0.000000000000000000e+00,-1.110349502451841719e+00,6.039439275361683235e-01,-3.372667710181774803e-01,3.234539775665364880e-01,0.000000000000000000e+00,0.000000000000000000e+00,0.000000000000000000e+00,-9.446131187703790122e-01,-6.692307143252222978e-01,2.328644166653596193e-01,3.223425026332675802e-01,0.000000000000000000e+00,0.000000000000000000e+00,0.000000000000000000e+00
3.137533527584098619e-02,4.243572949231885216e-01,8.452294186729192305e-01,-2.852148115889494712e-04,1.862235283134800953e-02,7.300246612050709238e-01,6.831669786076889350e-01,-5.666500334997806032e-01,2.338482818268435293e-01,1.316980981642480453e-01,9.086677387368948811e-01,-4.198549247453515210e-01,5.170289842262400931e-02,-5.938044014456479447e-01,-3.102872726442127971e-01,-1.995087788389374728e-01,8.905006312592247397e-01,-4.230781971648120976e-01,-4.031325823145051612e-02,4.277337505125290706e-02,0.000000000000000000e+00,0.000000000000000000e+00,-1.106857234880421093e+00,6.013390656160791936e-01,-3.315492225137334770e-01,3.184376253749555685e-01,0.000000000000000000e+00,0.000000000000000000e+00,0.000000000000000000e+00,-9.430672941569659962e-01,-6.567980463845082273e-01,2.233995398680190814e-01,3.167146330380963826e-01,0.000000000000000000e+00,0.000000000000000000e+00,0.000000000000000000e+00
3.135704830258663478e-02,4.242187550115182892e-01,8.448565848109693688e-01,3.914813643972076679e-04,1.821480794444214554e-02,7.297964885144849756e-01,6.834216508611767882e-01,-5.656739393454656151e-01,2.353522207613336359e-01,1.339197262493915241e-01,9.107628770162239373e-01,-4.212026753821349612e-01,5.147510050721604280e-02,-5.935647158539663071e-01,-3.114325878860568775e-01,-1.997655549353411220e-01,8.925804806852726259e-01,-4.227425269754829240e-01,-3.851743095918641613e-02,4.259442706448255539e-02,0.000000000000000000e+00,0.000000000000000000e+00,-1.106604331733624491e+00,6.030447226623125712e-01,-3.312617248128064684e-01,3.218079873367323818e-01,0.000000000000000000e+00,0.000000000000000000e+00,0.000000000000000000e+00,-9.443827393184243135e-01,-6.603962455380117946e-01,2.245218445666596341e-01,3.173020581218643499e-01,0.000000000000000000e+00,0.000000000000000000e+00,0.000000000000000000e+00
3.120484631846941193e-02,4.241682716745082682e-01,8.441838624899499210e-01,8.303817948910833385e-04,1.784723128981962129e-02,7.290652541293775046e-01,6.842109630973691736e-01,-5.659724770454864773e-01,2.364746897121363656e-01,1.344422481747005182e-01,9.150903408613525469e-01,-4.234264389845234233e-01,5.209682163562939783e-02,-5.952513801164799334e-01,-3.105717985290316063e-01,-1.971724226727019358e-01,8.961206874722043025e-01,-4.228103907544712992e-01,-3.825237238240156157e-02,4.224207960025586767e-02,0.000000000000000000e+00,0.000000000000000000e+00,-1.109654214096569724e+00,6.062908591403083358e-01,-3.359127829434305768e-01,3.248653623626833742e-01,0.000000000000000000e+00,0.000000000000000000e+00,0.000000000000000000e+00,-9.462094101005530389e-01,-6.637705909802162907e-01,2.332657207903967300e-01,3.182790178734762332e-01,0.000000000000000000e+00,0.000000000000000000e+00,0.000000000000000000e+00
3.099301489699742701e-02,4.241318671431683063e-01,8.439795146185506969e-01,4.628031622639292020e-04,1.814080615978115943e-02,7.289933980358537235e-01,6.842801491971300942e-01,-5.672881588434445232e-01,2.360626069439994978e-01,1.342978803246145936e-01,9.165823884521316911e-01,-4.292649574817535285e-01,5.364449859754359673e-02,-5.968632119834944572e-01,-3.110320549820316804e-01,-1.971161687878594804e-01,8.971754914275872350e-01,-4.233666031596632351e-01,-3.589048830772589155e-02,4.177652231392739446e-02,0.000000000000000000e+00,0.000000000000000000e+00,-1.114041674882704891e+00,6.110614064780456323e-01,-3.412930484423664645e-01,3.266256307034428596e-01,0.000000000000000000e+00,0.000000000000000000e+00,0.000000000000000000e+00,-9.504395209848797155e-01,-6.657182066830419354e-01,2.357363141719799327e-01,3.227058935610755963e-01,0.000000000000000000e+00,0.000000000000000000e+00,0.000000000000000000e+00
3.075719864746972662e-02,4.240016695873598529e-01,8.432848239283287084e-01,9.195495925580898094e-04,1.784564594009161245e-02,7.289416408273613479e-01,6.843425835189879125e-01,-5.685615757180335628e-01,2.354937839844365721e-01,1.334672618176462044e-01,9.207740754732215427e-01,-4.296511441495877159e-01,5.590208167041851167e-02,-5.983801608875274347e-01,-3.119797291354939328e-01,-1.960115720924174854e-01,9.014418338350541626e-01,-4.234050294791734670e-01,-3.585324928042649129e-02,4.190452504518283466e-02,0.000000000000000000e+00,0.000000000000000000e+00,-1.116753002618518842e+00,6.092245122039566807e-01,-3.460584120375256867e-01,3.293856248812479515e-01,0.000000000000000000e+00,0.000000000000000000e+00,0.000000000000000000e+00,-9.526766273223749026e-01,-6.681443921478266157e-01,2.410186714789800955e-01,3.241125502711592610e-01,0.000000000000000000e+00,0.000000000000000000e+00,0.000000000000000000e+00
3.046293578953454886e-02,4.239607716994975850e-01,8.435509451332784403e-01,5.108684062339850784e-04,1.801589153556959477e-02,7.284981631269360491e-01,6.848106256377242129e-01,-5.688665385310861522e-01,2.366225638366328266e-01,1.347219045812395599e-01,9.192261401590571257e-01,-4.234668066121592411e-01,5.420549569950146307e-02,-5.995545820720221686e-01,-3.109966053839159916e-01,-1.952047066573384393e-01,8.999830604693072056e-01,-4.178639094298041701e-01,-3.765169352729834384e-02,4.104145582099600481e-02,0.000000000000000000e+00,0.000000000000000000e+00,-1.118504892574076370e+00,6.073582038699421037e-01,-3.474088409430916013e-01,3.304853233986875805e-01,0.000000000000000000e+00,0.000000000000000000e+00,0.000000000000000000e+00,-9.531719087209293839e-01,-6.695007576043527919e-01,2.481703861566988412e-01,3.257059350423330835e-01,0.000000000000000000e+00,0.000000000000000000e+00,0.000000000000000000e+00
3.008820231349663976e-02,4.238151479733727189e-01,8.434706724162480684e-01,7.018914644680834120e-04,1.762402015909860648e-02,7.285508079803449943e-01,6.847646467604699971e-01,-5.683550189404262820e-01,2.364902659553257680e-01,1.350088643122909771e-01,9.203607901304451389e-01,-4.273543365157637108e-01,5.638028172403679317e-02,-5.984699647656667176e-01,-3.111445300168241279e-01,-1.951957691445584953e-01,8.998606880747497261e-01,-4.200215822549886457e-01,-3.648132497278897685e-02,4.068022601388046611e-02,0.000000000000000000e+00,0.000000000000000000e+00,-1.118432637561376897e+00,6.037045566020435849e-01,-3.492323163544151510e-01,3.317927890755963394e-01,0.000000000000000000e+00,0.000000000000000000e+00,0.000000000000000000e+00,-9.543391942553033358e-01,-6.677068347142751659e-01,2.460878708531894499e-01,3.303090758650567005e-01,0.000000000000000000e+00,0.000000000000000000e+00,0.000000000000000000e+00
2.978598189103135938e-02,4.238812497825693582e-01,8.438850499299674901e-01,-2.761736367249637697e-04,1.811345956801104287e-02,7.279413998902974914e-01,6.853999887922055390e-01,-5.689436197891835079e-01,2.387918170114909644e-01,1.379940505670131656e-01,9.184383535379959662e-01,-4.259350515067342746e-01,5.650040652171452182e-02,-5.989954381553030949e-01,-3.099160304815948841e-01,-1.960209686780903515e-01,8.960605356242750119e-01,-4.183365862650193501e-01,-3.568659011810827730e-02,4.095657190210221649e-02,0.000000000000000000e+00,0.000000000000000000e+00,-1.117411017983875432e+00,5.994775805426021398e-01,-3.443987781650268420e-01,3.276062911029334890e-01,0.000000000000000000e+00,0.000000000000000000e+00,0.000000000000000000e+00,-9.535094973444925293e-01,-6.627330675134118776e-01,2.402572074608312624e-01,3.252946508953739602e-01,0.000000000000000000e+00,0.000000000000000000e+00,0.000000000000000000e+00
2.944246446898575800e-02,4.240424834107133778e-01,8.450368115011979153e-01,-5.050795194293539875e-04,1.783339734990709025e-02,7.281954281506726190e-01,6.851373097811117585e-01,-5.658175128882694249e-01,2.386573987232780969e-01,1.390393540441739739e-01,9.127096515818919897e-01,-4.249293160926872481e-01,5.759758856689378009e-02,-5.953098282818015674e-01,-3.097333992809834236e-01,-1.978016424027124187e-01,8.893851786070385845e-01,-4.101379644736247720e-01,-3.204609878457401889e-02,4.011429111362874861e-02,0.000000000000000000e+00,0.000000000000000000e+00,-1.115219601175798436e+00,5.948236307440644133e-01,-3.444584316132782154e-01,3.284674581474129607e-01,0.000000000000000000e+00,0.000000000000000000e+00,0.000000000000000000e+00,-9.497478642795433856e-01,-6.589748024061580223e-01,2.331055721801905956e-01,3.242752782193760730e-01,0.000000000000000000e+00,0.000000000000000000e+00,0.000000000000000000e+00
2.928101151495877616e-02,4.243584002047985915e-01,8.454826824364155557e-01,-3.554011621548711086e-04,1.821278813940895372e-02,7.278607383774021722e-01,6.854829783203280069e-01,-5.642287202403358792e-01,2.358830539998399423e-01,1.372530466407401450e-01,9.100263504196400843e-01,-4.242384047352895093e-01,5.631047511689480506e-02,-5.936519856834528985e-01,-3.100334157873762542e-01,-1.979640398733417128e-01,8.868449104113351744e-01,-4.165288689779487741e-01,-3.325147837559611075e-02,4.314619734775865245e-02,0.000000000000000000e+00,0.000000000000000000e+00,-1.116974512886779847e+00,5.911867316398837779e-01,-3.434812282614341239e-01,3.295860354155316641e-01,0.000000000000000000e+00,0.000000000000000000e+00,0.000000000000000000e+00,-9.486504439884161366e-01,-6.631914629565740515e-01,2.371339137571759070e-01,3.214042030620756774e-01,0.000000000000000000e+00,0.000000000000000000e+00,0.000000000000000000e+00
2.909826707515799152e-02,4.244390467493234231e-01,8.454285112477695208e-01,-2.699141171778173670e-04,1.806674757530841655e-02,7.278905141615101826e-01,6.854552641654400036e-01,-5.640047806918775386e-01,2.360142337135906487e-01,1.376611888497773495e-01,9.104137898414771390e-01,-4.235726252681043524e-01,5.737968587052760111e-02,-5.935828565917355970e-01,-3.108831911813718096e-01,-1.985442042776182636e-01,8.877195186871253973e-01,-4.146198801100600684e-01,-3.168336420453789215e-02,4.266179641233744380e-02,0.000000000000000000e+00,0.000000000000000000e+00,-1.118735542409536876e+00,5.951268991743383641e-01,-3.471109477739903193e-01,3.297485155947026403e-01,0.000000000000000000e+00,0.000000000000000000e+00,0.000000000000000000e+00,-9.493413967127465325e-01,-6.660467289764389065e-01,2.367877094709769925e-01,3.245136013292105326e-01,0.000000000000000000e+00,0.000000000000000000e+00,0.000000000000000000e+00
2.902726315702896034e-02,4.245478561405379714e-01,8.455979434136531303e-01,-5.258179848943184825e-04,1.880913224231741190e-02,7.280171325462914123e-01,6.853006601330650094e-01,-5.644430117826787496e-01,2.340406274835443723e-01,1.367480491657814823e-01,9.086113358698296727e-01,-4.245505017979661067e-01,5.351354955544218583e-02,-5.946068951074061637e-01,-3.106082656496977346e-01,-1.969747888247704859e-01,8.872935879570597040e-01,-4.178872687139310038e-01,-3.323150722805023882e-02,4.332752364249420340e-02,0.000000000000000000e+00,0.000000000000000000e+00,-1.118852649374790786e+00,5.914146370663054819e-01,-3.476303810675536177e-01,3.304245502529101763e-01,0.000000000000000000e+00,0.000000000000000000e+00,0.000000000000000000e+00,-9.514932597860971120e-01,-6.644089760336593375e-01,2.340255828083879774e-01,3.242883517766668167e-01,0.000000000000000000e+00,0.000000000000000000e+00,0.000000000000000000e+00
2.889389209324625188e-02,4.245893089016201660e-01,8.454647900581367947e-01,-2.357872276415595714e-04,1.803787806490049148e-02,7.272322061229219425e-01,6.861544270329299477e-01,-5.634024247120608120e-01,2.375857247169488318e-01,1.396574706450112169e-01,9.105058378795486407e-01,-4.197230964887179172e-01,5.605905524717758048e-02,-5.940460778116329887e-01,-3.098165802029120841e-01,-1.973006800700427554e-01,8.877774132696102383e-01,-4.143234181231401081e-01,-3.408770006685522130e-02,4.303592182635439939e-02,0.000000000000000000e+00,0.000000000000000000e+00,-1.119506952591886373e+00,5.889255764282128602e-01,-3.449495459928030305e-01,3.309044118771318210e-01,0.000000000000000000e+00,0.000000000000000000e+00,0.000000000000000000e+00,-9.495360010712073917e-01,-6.578813109938406178e-01,2.325792550085570842e-01,3.255800755935950308e-01,0.000000000000000000e+00,0.000000000000000000e+00,0.000000000000000000e+00
2.878946454428859408e-02,4.245524233362574229e-01,8.456273346869108698e-01,-1.918182749288017963e-04,1.765833629540362187e-02,7.270563843780034619e-01,6.863506103298910865e-01,-5.625460612270363203e-01,2.369132338931564663e-01,1.380047096133645845e-01,9.098449295606074738e-01,-4.209890022285519562e-01,5.789190078833630904e-02,-5.929940425734590015e-01,-3.089500349116934830e-01,-1.972105263659046925e-01,8.861634677176561947e-01,-4.118767601045216220e-01,-3.392831634984887212e-02,4.369449775098450950e-02,0.000000000000000000e+00,0.000000000000000000e+00,-1.118650557337451446e+00,5.830393681083677615e-01,-3.420238874905058291e-01,3.306347931542886753e-01,0.000000000000000000e+00,0.000000000000000000e+00,0.000000000000000000e+00,-9.458618456548499864e-01,-6.567751014183103031e-01,2.347125604578718938e-01,3.242217811178535469e-01,0.000000000000000000e+00,0.000000000000000000e+00,0.000000000000000000e+00
2.874961701586349269e-02,4.246931765642174561e-01,8.456045913601110131e-01,-7.648197291579093143e-04,1.824722750053830653e-02,7.269836484219329709e-01,6.864118506162770750e-01,-5.639492412233972907e-01,2.369299262280643026e-01,1.384569345596340373e-01,9.100904350638977514e-01,-4.235941608873508568e-01,5.865026995565904289e-02,-5.945110327940327233e-01,-3.086960014811092612e-01,-1.967340259360652599e-01,8.858744347761703386e-01,-4.134284070224967245e-01,-3.301929777017921508e-02,4.384857604937260345e-02,0.000000000000000000e+00,0.000000000000000000e+00,-1.119448473690366264e+00,5.833780113416221491e-01,-3.450675024247955580e-01,3.267777071427114821e-01,0.000000000000000000e+00,0.000000000000000000e+00,0.000000000000000000e+00,-9.443032816895523540e-01,-6.574906228191091939e-01,2.365042545166142485e-01,3.195266801975290560e-01,0.000000000000000000e+00,0.000000000000000000e+00,0.000000000000000000e+00
2.869012940410884532e-02,4.248664008999735175e-01,8.457929454589930840e-01,-1.111739791447156553e-03,1.815743104808792072e-02,7.268444772520413766e-01,6.865611244605817065e-01,-5.640466987919094954e-01,2.375952622121049740e-01,1.384404995197385246e-01,9.097674726206785856e-01,-4.226763407975810960e-01,6.049031355368762047e-02,-5.939609788916762056e-01,-3.080531666860113482e-01,-1.972892401179360822e-01,8.844089719747670886e-01,-4.119121875116868448e-01,-3.053759402791125094e-02,4.408762241645772240e-02,0.000000000000000000e+00,0.000000000000000000e+00,-1.121088065875599060e+00,5.807688037572331652e-01,-3.443113877878224427e-01,3.273616192191973195e-01,0.000000000000000000e+00,0.000000000000000000e+00,0.000000000000000000e+00,-9.434847735254895396e-01,-6.550013552382139004e-01,2.336308700678244032e-01,3.179861076188889024e-01,0.000000000000000000e+00,0.000000000000000000e+00,0.000000000000000000e+00
2.870490875676364600e-02,4.250026914059131800e-01,8.461290669732548508e-01,-1.015382916414534972e-03,1.818301270543185022e-02,7.267872652458958749e-01,6.866211605557178688e-01,-5.625236659732882893e-01,2.364185867739528324e-01,1.373065834041376776e-01,9.074400416637499189e-01,-4.233155244948519913e-01,5.808533284330378438e-02,-5.927717192774883959e-01,-3.078007082449685794e-01,-1.973728096906846585e-01,8.828750781591512276e-01,-4.123964297029856230e-01,-3.019634204824190454e-02,4.329740028660804263e-02,0.000000000000000000e+00,0.000000000000000000e+00,-1.122044947213633792e+00,5.879962938859856214e-01,-3.506111894531366291e-01,3.305208866103341303e-01,0.000000000000000000e+00,0.000000000000000000e+00,0.000000000000000000e+00,-9.458769537895299617e-01,-6.578880620998946993e-01,2.334083989597890152e-01,3.201435692038612779e-01,0.000000000000000000e+00,0.000000000000000000e+00,0.000000000000000000e+00
2.884107983241070150e-02,4.251899876353449348e-01,8.460512549659241488e-01,-8.186479387787166939e-04,1.883035592331181590e-02,7.270795597283062905e-01,6.862944421577706899e-01,-5.625353372978716404e-01,2.345905964479973460e-01,1.369845932124428289e-01,9.066291987918975170e-01,-4.252735163626055748e-01,5.526396983445025501e-02,-5.932907016932520428e-01,-3.088258968736518617e-01,-1.965912221157712358e-01,8.838904994040077678e-01,-4.170681747037213727e-01,-3.126026159216099831e-02,4.416328305073263794e-02,0.000000000000000000e+00,0.000000000000000000e+00,-1.121996445868350234e+00,5.822000899436025056e-01,-3.465095670257620775e-01,3.334950480236615333e-01,0.000000000000000000e+00,0.000000000000000000e+00,0.000000000000000000e+00,-9.490498038902877020e-01,-6.562716992693804485e-01,2.295425676040151464e-01,3.198050639536010875e-01,0.000000000000000000e+00,0.000000000000000000e+00,0.000000000000000000e+00
2.890281213049426118e-02,4.253609088757954182e-01,8.459924966156460169e-01,-7.620013268083182523e-04,1.911587567857946091e-02,7.272255842328610997e-01,6.861318767468778113e-01,-5.627517429461038612e-01,2.333659154501826205e-01,1.361156554294413457e-01,9.066356919455197394e-01,-4.258456602772126565e-01,5.461834538333228128e-02,-5.936332896441259832e-01,-3.087854038052234573e-01,-1.952185455990880503e-01,8.843059605623393438e-01,-4.188767687307061727e-01,-3.003484646054426985e-02,4.520227240959648340e-02,0.000000000000000000e+00,0.000000000000000000e+00,-1.123731616495306618e+00,5.841033458418322111e-01,-3.494754942769405792e-01,3.348187744931523935e-01,0.000000000000000000e+00,0.000000000000000000e+00,0.000000000000000000e+00,-9.497167066221656739e-01,-6.617823949728385280e-01,2.322835844877556843e-01,3.209192078508122381e-01,0.000000000000000000e+00,0.000000000000000000e+00,0.000000000000000000e+00
2.888454422091752544e-02,4.254691560731342914e-01,8.464158806916489697e-01,-7.570475506183758224e-04,1.895579882160524504e-02,7.271103599481680835e-01,6.862584272896662396e-01,-5.614117652196185526e-01,2.344060671922639782e-01,1.372970154779179497e-01,9.042853659240581710e-01,-4.206645466817366397e-01,5.326493034835139140e-02,-5.924210918086413313e-01,-3.086406018281068198e-01,-1.959506181673987824e-01,8.818565783724294782e-01,-4.139781040833699910e-01,-2.943691516157188187e-02,4.459840499188984231e-02,0.000000000000000000e+00,0.000000000000000000e+00,-1.123550709518669422e+00,5.795928474485438908e-01,-3.496133303435544626e-01,3.360936299635165492e-01,0.000000000000000000e+00,0.000000000000000000e+00,0.000000000000000000e+00,-9.486696975606079274e-01,-6.555661104791647986e-01,2.299661116257988025e-01,3.220899985461045945e-01,0.000000000000000000e+00,0.000000000000000000e+00,0.000000000000000000e+00
2.883335876340182430e-02,4.254029755784758948e-01,8.463829149988186806e-01,-1.892129902240809181e-04,1.859703925372098096e-02,7.262460845859987080e-01,6.871831916985066124e-01,-5.593315951609033609e-01,2.345503157155627294e-01,1.377003055881276528e-01,9.049311665551431627e-01,-4.236540217007354059e-01,5.414307405629238679e-02,-5.918915269725161243e-01,-3.069703359852866131e-01,-1.935981973057503691e-01,8.821707540105656609e-01,-4.148066135155505929e-01,-2.866472012231494407e-02,4.425258071286407996e-02,0.000000000000000000e+00,0.000000000000000000e+00,-1.123192221278934699e+00,5.827801089226773978e-01,-3.509990468893878779e-01,3.409500003539222557e-01,0.000000000000000000e+00,0.000000000000000000e+00,0.000000000000000000e+00,-9.510774284856974292e-01,-6.528490123381048837e-01,2.295705185450049035e-01,3.271462141631103493e-01,0.000000000000000000e+00,0.000000000000000000e+00,0.000000000000000000e+00
2.874128031541754030e-02,4.253924620971580861e-01,8.460506911626426430e-01,-2.156531577771052949e-04,1.765856063457750535e-02,7.258203879462278296e-01,6.876575406200517993e-01,-5.596760618321432457e-01,2.374599060491304203e-01,1.382734555297780721e-01,9.083213651024105717e-01,-4.227539829020994788e-01,5.786385562515708458e-02,-5.914019927072705629e-01,-3.064409628671697083e-01,-1.950264060263149912e-01,8.830162766849971590e-01,-4.113691058532216172e-01,-2.668914379566749567e-02,4.341184710806318681e-02,0.000000000000000000e+00,0.000000000000000000e+00,-1.125151184145013916e+00,5.756216338456567883e-01,-3.461709706491118421e-01,3.407546076045847583e-01,0.000000000000000000e+00,0.000000000000000000e+00,0.000000000000000000e+00,-9.494377402608821237e-01,-6.481073446008137617e-01,2.314360734215838156e-01,3.293434798814139919e-01,0.000000000000000000e+00,0.000000000000000000e+00,0.000000000000000000e+00
2.879426387081255798e-02,4.253746613299718704e-01,8.461893739234278566e-01,-4.640638200308650624e-04,1.831804158813574515e-02,7.258940579172066254e-01,6.875623976612142974e-01,-5.598554352462752348e-01,2.370703992991279874e-01,1.392948069628345831e-01,9.065915933531931703e-01,-4.249665223498805822e-01,5.483450750078747160e-02,-5.923344589570673779e-01,-3.060402608239959354e-01,-1.936770195469673661e-01,8.821859637008983013e-01,-4.136385398068235242e-01,-2.666542717249894417e-02,4.115060416732455040e-02,0.000000000000000000e+00,0.000000000000000000e+00,-1.126934658461041794e+00,5.781697307483740778e-01,-3.466234673201580296e-01,3.423870913410897998e-01,0.000000000000000000e+00,0.000000000000000000e+00,0.000000000000000000e+00,-9.499830010152394699e-01,-6.456833571282488693e-01,2.315026307025542240e-01,3.261637522356180541e-01,0.000000000000000000e+00,0.000000000000000000e+00,0.000000000000000000e+00
2.877712551718978815e-02,4.252568313332021899e-01,8.459405097827077391e-01,1.351200642963953230e-04,1.790138077640192685e-02,7.256130541232548303e-01,6.878700589463021542e-01,-5.591778865781615870e-01,2.381222724778065403e-01,1.406256678114230496e-01,9.081744266422847600e-01,-4.220347365401065365e-01,5.641096413993025582e-02,-5.923998918091569754e-01,-3.065732939019757408e-01,-1.935415346951172566e-01,8.841601385262166657e-01,-4.114538735188432717e-01,-2.813267842554492346e-02,3.937518840852877872e-02,0.000000000000000000e+00,0.000000000000000000e+00,-1.129536613167372527e+00,5.781563451733923165e-01,-3.495628254020781700e-01,3.480904715890706380e-01,0.000000000000000000e+00,0.000000000000000000e+00,0.000000000000000000e+00,-9.503595255608969783e-01,-6.406994285641111064e-01,2.316125833378031573e-01,3.277269798677610035e-01,0.000000000000000000e+00,0.000000000000000000e+00,0.000000000000000000e+00
2.871712773589548545e-02,4.252168161566235449e-01,8.458554861047138385e-01,1.815614034796613624e-04,1.756195329571743485e-02,7.252513141675529518e-01,6.882601805495748293e-01,-5.588335815355152114e-01,2.386869753375273628e-01,1.401300811829115367e-01,9.088602062088423361e-01,-4.220939748868766106e-01,5.594069496717245238e-02,-5.924359234253869788e-01,-3.057419125649505354e-01,-1.929328192552745014e-01,8.843491457470029626e-01,-4.088235605298584652e-01,-2.598969750032457948e-02,3.854997113067646503e-02,0.000000000000000000e+00,0.000000000000000000e+00,-1.130618911746164246e+00,5.715204088172441965e-01,-3.466188648148978424e-01,3.515859836606765043e-01,0.000000000000000000e+00,0.000000000000000000e+00,0.000000000000000000e+00,-9.506141486313338662e-01,-6.331224547020783966e-01,2.264705828738457771e-01,3.297227459695807328e-01,0.000000000000000000e+00,0.000000000000000000e+00,0.000000000000000000e+00
2.868643862270274167e-02,4.252898997092632860e-01,8.454602232790517924e-01,1.373238725048686604e-04,1.739505278481531456e-02,7.251306143685585237e-01,6.883915930531435690e-01,-5.598542598485857225e-01,2.387242223165566279e-01,1.388370278492484788e-01,9.116808717114123217e-01,-4.251027491241841649e-01,5.574548320704184740e-02,-5.930336352533166488e-01,-3.045737918389692656e-01,-1.915148511168813239e-01,8.859114649448699419e-01,-4.126866158286095487e-01,-2.715688158475017960e-02,3.786644897714482733e-02,0.000000000000000000e+00,0.000000000000000000e+00,-1.133364507042008640e+00,5.683595961759875248e-01,-3.484635914288062297e-01,3.538569344757791502e-01,0.000000000000000000e+00,0.000000000000000000e+00,0.000000000000000000e+00,-9.509960099234949782e-01,-6.336501439507900013e-01,2.291552054852353526e-01,3.283219194938098995e-01,0.000000000000000000e+00,0.000000000000000000e+00,0.000000000000000000e+00
2.861520843802097328e-02,4.253212665420311178e-01,8.451203243068862170e-01,5.234573587287946750e-04,1.703744403103696348e-02,7.249117355437704191e-01,6.886308351825394247e-01,-5.593726070613913581e-01,2.408814218187512179e-01,1.412849937478144469e-01,9.139339161643648124e-01,-4.246979447273147024e-01,5.460116374714036463e-02,-5.931513439477603677e-01,-3.050107918280428043e-01,-1.911837616241423010e-01,8.878512191071967763e-01,-4.121538811250803347e-01,-2.542305129439733496e-02,3.707658864152797717e-02,0.000000000000000000e+00,0.000000000000000000e+00,-1.135806944098289861e+00,5.634455164838523267e-01,-3.494393786113941802e-01,3.567460854668292880e-01,0.000000000000000000e+00,0.000000000000000000e+00,0.000000000000000000e+00,-9.528228978826339679e-01,-6.275701459934918125e-01,2.252019243169254281e-01,3.299267615281737398e-01,0.000000000000000000e+00,0.000000000000000000e+00,0.000000000000000000e+00
2.860267207385268351e-02,4.255745108632233431e-01,8.450834878370445669e-01,-6.861243584775286730e-05,1.730753460672464911e-02,7.249672500646671125e-01,6.885658507883216650e-01,-5.608761455018154152e-01,2.408263337400676773e-01,1.400914657445863354e-01,9.143678739144671663e-01,-4.245747721091905347e-01,5.369989081413307358e-02,-5.942769560249022698e-01,-3.045023019990730773e-01,-1.913282619555575492e-01,8.882049705944943252e-01,-4.119417762329926069e-01,-2.641325992365438358e-02,3.633326833259926947e-02,0.000000000000000000e+00,0.000000000000000000e+00,-1.138599941526539761e+00,5.597468936438505516e-01,-3.511600349004397881e-01,3.561241025770996993e-01,0.000000000000000000e+00,0.000000000000000000e+00,0.000000000000000000e+00,-9.520626440343878949e-01,-6.236967788269600632e-01,2.236875270795509185e-01,3.264623523574075592e-01,0.000000000000000000e+00,0.000000000000000000e+00,0.000000000000000000e+00
2.849606991119903870e-02,4.257005384959509087e-01,8.443837029095969671e-01,3.883049057571627549e-04,1.660634435305915341e-02,7.243301815809569666e-01,6.892531222979157990e-01,-5.607099585578938505e-01,2.418508946951211103e-01,1.395047650154153940e-01,9.193475375857040888e-01,-4.295290895715416224e-01,5.505157561974440006e-02,-5.953054075448547255e-01,-3.037755075797626825e-01,-1.899079337376719523e-01,8.929496361132711613e-01,-4.119375800509406660e-01,-2.591583795323208761e-02,3.581217318531278171e-02,0.000000000000000000e+00,0.000000000000000000e+00,-1.141524751154369799e+00,5.568591094337159708e-01,-3.492189080141542279e-01,3.638786855285509048e-01,0.000000000000000000e+00,0.000000000000000000e+00,0.000000000000000000e+00,-9.535042256574852715e-01,-6.189826151516449881e-01,2.188972943906728752e-01,3.310046034967263351e-01,0.000000000000000000e+00,0.000000000000000000e+00,0.000000000000000000e+00
2.853002491232259699e-02,4.259690726682510142e-01,8.442441511152645184e-01,5.903268931405566966e-04,1.674359904604171695e-02,7.240123307090382543e-01,6.895835325661503479e-01,-5.602872663827228594e-01,2.416642773103490349e-01,1.395488998924843960e-01,9.200561021672121198e-01,-4.299532847562579363e-01,5.327127550673638190e-02,-5.954278462264704919e-01,-3.028656765641463133e-01,-1.879650577992662830e-01,8.936327204117601175e-01,-4.162905485027736940e-01,-2.725097303715991182e-02,3.678341842904420816e-02,0.000000000000000000e+00,0.000000000000000000e+00,-1.142807500508002505e+00,5.530525604804815698e-01,-3.535007469503267385e-01,3.628172867405290991e-01,0.000000000000000000e+00,0.000000000000000000e+00,0.000000000000000000e+00,-9.522740469843556932e-01,-6.194313392099600746e-01,2.250029604635593317e-01,3.270684827520479176e-01,0.000000000000000000e+00,0.000000000000000000e+00,0.000000000000000000e+00
2.844998466872959014e-02,4.262250222531051569e-01,8.445592517505001728e-01,4.513128921645251368e-04,1.655382429829255903e-02,7.238718633253413692e-01,6.897356687193094693e-01,-5.596593411521474382e-01,2.418661360857833065e-01,1.391914942134997724e-01,9.191912925860851180e-01,-4.272029946700751091e-01,5.488106766633697731e-02,-5.940721425494139840e-01,-3.027722187404547904e-01,-1.891713084215859708e-01,8.914603293547752605e-01,-4.136842267718960908e-01,-2.627239597766498763e-02,3.701508707234309192e-02,0.000000000000000000e+00,0.000000000000000000e+00,-1.141290311725137174e+00,5.436206979534615735e-01,-3.518207668599679927e-01,3.605266200642821550e-01,0.000000000000000000e+00,0.000000000000000000e+00,0.000000000000000000e+00,-9.487307486546826540e-01,-6.131189544989605889e-01,2.228755024056592871e-01,3.241323583504129857e-01,0.000000000000000000e+00,0.000000000000000000e+00,0.000000000000000000e+00
2.844879166753599281e-02,4.264803123445111699e-01,8.447020618134843950e-01,4.581288879883151782e-04,1.669205688618173936e-02,7.239912980031271150e-01,6.896069647056772833e-01,-5.591099928854311729e-01,2.414986118438245399e-01,1.390617793547460623e-01,9.178463185875963548e-01,-4.252454752340175670e-01,5.207482404122430741e-02,-5.937265053803363335e-01,-3.015105362748308759e-01,-1.869363562233970488e-01,8.906446777734050579e-01,-4.143656033505221936e-01,-2.653366133051452899e-02,3.653288422516878797e-02,0.000000000000000000e+00,0.000000000000000000e+00,-1.141625367286178250e+00,5.442307176517182654e-01,-3.535370103824269639e-01,3.606235463084647708e-01,0.000000000000000000e+00,0.000000000000000000e+00,0.000000000000000000e+00,-9.468587004873975088e-01,-6.152596111011908731e-01,2.242055594372536487e-01,3.206239467898004958e-01,0.000000000000000000e+00,0.000000000000000000e+00,0.000000000000000000e+00
2.837501087597023991e-02,4.265842765849255369e-01,8.445930604052075408e-01,9.376745201730186940e-04,1.645048327583301453e-02,7.231773897547021379e-01,6.904657596970765754e-01,-5.575731266360581806e-01,2.413802301298650921e-01,1.392451207167884342e-01,9.191514507629332531e-01,-4.280310228202412470e-01,5.413624911720733152e-02,-5.933388295319244055e-01,-2.998235294679512664e-01,-1.841022260244181696e-01,8.911686900360068497e-01,-4.173584125684269286e-01,-2.455585648426948653e-02,3.600476836440250072e-02,0.000000000000000000e+00,0.000000000000000000e+00,-1.144412914982145590e+00,5.513057194976908049e-01,-3.605134031478953727e-01,3.658921225037448099e-01,0.000000000000000000e+00,0.000000000000000000e+00,0.000000000000000000e+00,-9.483614054112328162e-01,-6.143421346751511969e-01,2.266150346240071445e-01,3.237615746191341848e-01,0.000000000000000000e+00,0.000000000000000000e+00,0.000000000000000000e+00
2.828288281213934066e-02,4.265561019306867707e-01,8.439207252890222888e-01,1.009811232364168920e-03,1.630521249701468237e-02,7.232951166300054524e-01,6.903457790020074425e-01,-5.592766670921422989e-01,2.418237838179160271e-01,1.388669368952742400e-01,9.231491168615353349e-01,-4.307367194810814981e-01,5.368437207528798522e-02,-5.947852129959408929e-01,-3.004823078386614776e-01,-1.838572595311946389e-01,8.949755263025961360e-01,-4.198738961990575724e-01,-2.413726701444939005e-02,3.580366347323780257e-02,0.000000000000000000e+00,0.000000000000000000e+00,-1.143778066475970245e+00,5.396661856675021296e-01,-3.556306127353365820e-01,3.652723934693226648e-01,0.000000000000000000e+00,0.000000000000000000e+00,0.000000000000000000e+00,-9.486160932163097970e-01,-6.079846215053469338e-01,2.219299679297706274e-01,3.217938900393809698e-01,0.000000000000000000e+00,0.000000000000000000e+00,0.000000000000000000e+00
2.823641233968151101e-02,4.264037124762025677e-01,8.436673181316411974e-01,1.486993230700129828e-03,1.627814029845284227e-02,7.230421753752075409e-01,6.906104717047393260e-01,-5.590403096989255971e-01,2.408280224342216891e-01,1.382392996195898616e-01,9.243121741390525337e-01,-4.309558632647402243e-01,5.235722519512736595e-02,-5.953511557490210881e-01,-3.004026308050440353e-01,-1.824224190510211341e-01,8.968845459988236124e-01,-4.225899094222791974e-01,-2.695502512850770499e-02,3.619107430153471749e-02,0.000000000000000000e+00,0.000000000000000000e+00,-1.142007263923314975e+00,5.330129810393313683e-01,-3.515334129877957237e-01,3.666123351806837016e-01,0.000000000000000000e+00,0.000000000000000000e+00,0.000000000000000000e+00,-9.485539997868610573e-01,-6.019944640247211209e-01,2.166012504598587296e-01,3.217712894014703728e-01,0.000000000000000000e+00,0.000000000000000000e+00,0.000000000000000000e+00
2.811319384255858353e-02,4.261653157152139881e-01,8.428221878982503634e-01,2.082488427868567360e-03,1.569919176944761102e-02,7.230609148415577669e-01,6.906027165079954289e-01,-5.601765669002073400e-01,2.419896854631398142e-01,1.387421556460923522e-01,9.293609209175922592e-01,-4.307605146923585981e-01,5.257190901730318666e-02,-5.968404477157934762e-01,-3.017210074903734496e-01,-1.822932305109175588e-01,9.019640917776516886e-01,-4.215004739007339185e-01,-2.836201280637045893e-02,3.554135564899612437e-02,0.000000000000000000e+00,0.000000000000000000e+00,-1.140504186092389238e+00,5.230289326856526477e-01,-3.476711901699727769e-01,3.654058417933871983e-01,0.000000000000000000e+00,0.000000000000000000e+00,0.000000000000000000e+00,-9.474300333537069019e-01,-5.968714281524561960e-01,2.168846280074560595e-01,3.216893539561794246e-01,0.000000000000000000e+00,0.000000000000000000e+00,0.000000000000000000e+00
2.789304363330970954e-02,4.259385733785543970e-01,8.431330031167337813e-01,2.063856269836036525e-03,1.467780056985596403e-02,7.231953033028234445e-01,6.904845081161961051e-01,-5.591964007082096400e-01,2.424657632024010412e-01,1.369189303111875422e-01,9.285486359509742549e-01,-4.278287328526121924e-01,5.229066862232983198e-02,-5.943852112341726501e-01,-2.998650711703775285e-01,-1.825125199208069704e-01,8.992862475332060734e-01,-4.169817818131005827e-01,-2.834274561493681927e-02,3.370192244553488203e-02,0.000000000000000000e+00,0.000000000000000000e+00,-1.140020285344862438e+00,5.186887152520822664e-01,-3.485436344985346491e-01,3.670440007559047646e-01,0.000000000000000000e+00,0.000000000000000000e+00,0.000000000000000000e+00,-9.450619775272635081e-01,-5.978973272343687251e-01,2.201731475467765820e-01,3.243101327054586092e-01,0.000000000000000000e+00,0.000000000000000000e+00,0.000000000000000000e+00
2.780267198435507417e-02,4.257398307678270100e-01,8.425625070685477391e-01,2.327242837414745386e-03,1.459819852005542901e-02,7.222817861452930366e-01,6.914408853571711866e-01,-5.594428162635897150e-01,2.451110735420160003e-01,1.400433985312104779e-01,9.317574363856141462e-01,-4.286184925371484544e-01,5.189924427900267923e-02,-5.965149973382286586e-01,-2.995474024509353073e-01,-1.812946164840994467e-01,9.025391279086510954e-01,-4.178670621999585610e-01,-2.898944550964079742e-02,3.252108294421091061e-02,0.000000000000000000e+00,0.000000000000000000e+00,-1.141053639734954883e+00,5.214149861172258094e-01,-3.489448138529218091e-01,3.678830124594832940e-01,0.000000000000000000e+00,0.000000000000000000e+00,0.000000000000000000e+00,-9.479671567527239162e-01,-5.955894017541089047e-01,2.227366813164395887e-01,3.252796212594750158e-01,0.000000000000000000e+00,0.000000000000000000e+00,0.000000000000000000e+00
2.768963089148505224e-02,4.255492422277257214e-01,8.425021837967091587e-01,2.416797814165559666e-03,1.404711574657067918e-02,7.219848479090869020e-01,6.917620378549399485e-01,-5.586028743880283587e-01,2.469761495473120072e-01,1.412277822558737350e-01,9.325063605101622244e-01,-4.308674493625540003e-01,5.092950750693935047e-02,-5.962832246220081123e-01,-2.987297393631901388e-01,-1.810794849168742837e-01,9.026362658904247827e-01,-4.144365213262046765e-01,-2.688906362486963644e-02,2.968197494055008559e-02,0.000000000000000000e+00,0.000000000000000000e+00,-1.141283317857439528e+00,5.194876659651324058e-01,-3.478223902409310897e-01,3.722477975031266428e-01,0.000000000000000000e+00,0.000000000000000000e+00,0.000000000000000000e+00,-9.498320336820301746e-01,-5.915720381135524120e-01,2.211626333053911819e-01,3.294068412252300071e-01,0.000000000000000000e+00,0.000000000000000000e+00,0.000000000000000000e+00
2.775379303607048570e-02,4.255470673218600952e-01,8.420659410213099383e-01,2.457347096845061835e-03,1.420514061673893227e-02,7.218805507977995584e-01,6.918675059613426104e-01,-5.605152533106978474e-01,2.444730780190508268e-01,1.374525693485164068e-01,9.350542771549300580e-01,-4.309913105782915976e-01,5.314332940697013424e-02,-5.979315984353221758e-01,-2.980490812294367964e-01,-1.791590306945350930e-01,9.050010525474921907e-01,-4.168267623092994922e-01,-2.834781131472444496e-02,3.020635083786139125e-02,0.000000000000000000e+00,0.000000000000000000e+00,-1.138932382605313487e+00,5.094473835123469740e-01,-3.445864793877105314e-01,3.690448966264431863e-01,0.000000000000000000e+00,0.000000000000000000e+00,0.000000000000000000e+00,-9.493072800108779408e-01,-5.851069111278076607e-01,2.207686801846932834e-01,3.274445647932827108e-01,0.000000000000000000e+00,0.000000000000000000e+00,0.000000000000000000e+00
2.784574778923809557e-02,4.255997380185254086e-01,8.422169569552614421e-01,3.363331013644809894e-03,1.335380200312924655e-02,7.218857869250354664e-01,6.918751871632445871e-01,-5.570252766578337456e-01,2.463283322393022279e-01,1.398025618691565441e-01,9.341258945133829039e-01,-4.291348011135577289e-01,5.070817624970038601e-02,-5.948535712797118347e-01,-2.985795375476617552e-01,-1.800745098630168739e-01,9.045700124054801838e-01,-4.156294143125682794e-01,-2.776116132297100358e-02,2.786720531433095963e-02,0.000000000000000000e+00,0.000000000000000000e+00,-1.137443540225959504e+00,5.112294352215230875e-01,-3.487635408702858264e-01,3.727186903267637463e-01,0.000000000000000000e+00,0.000000000000000000e+00,0.000000000000000000e+00,-9.488540199588250124e-01,-5.824680054781330441e-01,2.215981438103138135e-01,3.306287275422384875e-01,0.000000000000000000e+00,0.000000000000000000e+00,0.000000000000000000e+00
2.807699947642902302e-02,4.259177588785293400e-01,8.419292223117930130e-01,3.882464629040684526e-03,1.361823306336229500e-02,7.213692503690861679e-01,6.924058598961866373e-01,-5.566621751263357565e-01,2.443468953564748025e-01,1.376555956506275158e-01,9.351492512742936025e-01,-4.280525674849325335e-01,4.965701059425547959e-02,-5.958250185179050362e-01,-2.975387604723439550e-01,-1.773023101664340517e-01,9.070128083219575199e-01,-4.203008885972180919e-01,-3.344637676511268143e-02,2.890801410913394418e-02,0.000000000000000000e+00,0.000000000000000000e+00,-1.129931860041291092e+00,4.982023455428547520e-01,-3.394747677221897075e-01,3.680454363804381845e-01,0.000000000000000000e+00,0.000000000000000000e+00,0.000000000000000000e+00,-9.463655500759645678e-01,-5.730431923690729734e-01,2.204639093863073884e-01,3.234920805365312235e-01,0.000000000000000000e+00,0.000000000000000000e+00,0.000000000000000000e+00
2.814118640934450827e-02,4.264491733243680471e-01,8.419559046747244757e-01,4.365950633615394913e-03,1.266872368186332254e-02,7.214189224503260167e-01,6.923692513723777031e-01,-5.543333638117329265e-01,2.453845503842120856e-01,1.371428069833725838e-01,9.358401783170516852e-01,-4.268128731292286648e-01,5.007217543760020956e-02,-5.934285209563637808e-01,-2.965452704211856139e-01,-1.770039633913796373e-01,9.076987591398308908e-01,-4.171573273832654416e-01,-3.339862154235819641e-02,2.742261038816580510e-02,0.000000000000000000e+00,0.000000000000000000e+00,-1.124346389528821488e+00,4.889197942834552224e-01,-3.366288932975065040e-01,3.635394334710402853e-01,0.000000000000000000e+00,0.000000000000000000e+00,0.000000000000000000e+00,-9.417595237088683957e-01,-5.640336192513208946e-01,2.174470621746388277e-01,3.220096413780066391e-01,0.000000000000000000e+00,0.000000000000000000e+00,0.000000000000000000e+00
2.831498130491770168e-02,4.272118965603130536e-01,8.416563276396104021e-01,4.950116983728915232e-03,1.296875006808466575e-02,7.215743190767446302e-01,6.921978112595053023e-01,-5.528999573059169004e-01,2.445778590165648969e-01,1.380221788437680230e-01,9.371875655574605224e-01,-4.322535293061495199e-01,4.920725224378307006e-02,-5.931808411968008121e-01,-2.976771697924375792e-01,-1.757104409255724753e-01,9.106656745114113383e-01,-4.225356977362448863e-01,-3.254101907115469761e-02,2.732919399441048613e-02,0.000000000000000000e+00,0.000000000000000000e+00,-1.118655707996873971e+00,4.861181026736458577e-01,-3.327266205515330144e-01,3.561625451940140241e-01,0.000000000000000000e+00,0.000000000000000000e+00,0.000000000000000000e+00,-9.411382690434961784e-01,-5.589357619250235887e-01,2.133102505051706621e-01,3.160873098160587036e-01,0.000000000000000000e+00,0.000000000000000000e+00,0.000000000000000000e+00
2.828930343028495872e-02,4.281428049424945703e-01,8.422570781223349679e-01,4.987981598205473710e-03,1.262533966169602888e-02,7.217801868588665792e-01,6.919892215172002148e-01,-5.502456309397233403e-01,2.430040038660639390e-01,1.356584569846985278e-01,9.349974539675007801e-01,-4.325960063278725398e-01,4.970930509905054084e-02,-5.896506575007699480e-01,-2.956481053517315827e-01,-1.741004515288977483e-01,9.074210161014152343e-01,-4.212917108034376912e-01,-3.014927222886742975e-02,2.718355003140495232e-02,0.000000000000000000e+00,0.000000000000000000e+00,-1.114120841901589554e+00,4.762258037341119410e-01,-3.279407089066364578e-01,3.538903980351332801e-01,0.000000000000000000e+00,0.000000000000000000e+00,0.000000000000000000e+00,-9.381688621364453473e-01,-5.523791320995099507e-01,2.085471210159313415e-01,3.163155869711198886e-01,0.000000000000000000e+00,0.000000000000000000e+00,0.000000000000000000e+00
2.822899711916306703e-02,4.290496017832105546e-01,8.424746919002786827e-01,5.333914062286440258e-03,1.202107655787330170e-02,7.220228073995862417e-01,6.917442509150217855e-01,-5.475816494367861109e-01,2.434753341660294279e-01,1.356842055025871963e-01,9.349153883795912057e-01,-4.322599159892037135e-01,4.928434625330321839e-02,-5.863251717567582455e-01,-2.951060913489965687e-01,-1.741580210885288471e-01,9.068961919791276305e-01,-4.223686667287543939e-01,-3.126374145549821321e-02,2.740030896166682772e-02,0.000000000000000000e+00,0.000000000000000000e+00,-1.107176177957690522e+00,4.609898146185227308e-01,-3.210943763649999894e-01,3.496210126509461391e-01,0.000000000000000000e+00,0.000000000000000000e+00,0.000000000000000000e+00,-9.356379234572629322e-01,-5.413585049402759308e-01,2.002903189267285222e-01,3.162548113357812607e-01,0.000000000000000000e+00,0.000000000000000000e+00,0.000000000000000000e+00
2.820267365164025666e-02,4.301418747042902724e-01,8.431466571585870540e-01,5.565507138900921066e-03,1.212243567017631980e-02,7.216688382728334572e-01,6.921099331389826137e-01,-5.438547106486238958e-01,2.420821629044031531e-01,1.354060731215471491e-01,9.317387900591023175e-01,-4.325755116276448486e-01,4.948410778668236448e-02,-5.830175283982816925e-01,-2.935674417457913021e-01,-1.726116794173038482e-01,9.037808161523853689e-01,-4.259592040683928271e-01,-3.200529951201770695e-02,2.850273867744608502e-02,0.000000000000000000e+00,0.000000000000000000e+00,-1.099809604830042087e+00,4.552568857392723101e-01,-3.172813914052712292e-01,3.442726569918544421e-01,0.000000000000000000e+00,0.000000000000000000e+00,0.000000000000000000e+00,-9.332586094028696433e-01,-5.392942585704219027e-01,1.980502872399568515e-01,3.137843814301866652e-01,0.000000000000000000e+00,0.000000000000000000e+00,0.000000000000000000e+00
2.815428879191874886e-02,4.310380431559154846e-01,8.427009648562696631e-01,6.644330808081893441e-03,1.115386792965241888e-02,7.216496459421545273e-01,6.921367152592632355e-01,-5.406490209319093632e-01,2.437450557309534804e-01,1.368952343986137854e-01,9.347250455378897094e-01,-4.331965208601918915e-01,4.725713234571772559e-02,-5.805386268818700790e-01,-2.941862309108644324e-01,-1.723081539465045886e-01,9.076283316967074244e-01,-4.281063758262592667e-01,-3.395213205985199434e-02,2.782673198819400270e-02,0.000000000000000000e+00,0.000000000000000000e+00,-1.096752696314513109e+00,4.523918241959684061e-01,-3.168647444792086487e-01,3.462308450838444407e-01,0.000000000000000000e+00,0.000000000000000000e+00,0.000000000000000000e+00,-9.330602368250338063e-01,-5.355156389497293112e-01,1.994580456887800890e-01,3.157713242597541270e-01,0.000000000000000000e+00,0.000000000000000000e+00,0.000000000000000000e+00
2.802973055826073548e-02,4.320360802231696939e-01,8.431774677150681852e-01,6.931426507577343951e-03,1.070107304234299908e-02,7.215724453189680254e-01,6.922215313891328936e-01,-5.370189294100344846e-01,2.435555532616923702e-01,1.367942097791444711e-01,9.331927345647617056e-01,-4.353014236123412539e-01,4.670157749480724485e-02,-5.770284745269373960e-01,-2.925620144855039517e-01,-1.709412688111906220e-01,9.055771836597109603e-01,-4.287637790209876121e-01,-3.344722580507161758e-02,2.693197101352415648e-02,0.000000000000000000e+00,0.000000000000000000e+00,-1.092558086625421865e+00,4.488742034630320843e-01,-3.135486697133630374e-01,3.470421229428916066e-01,0.000000000000000000e+00,0.000000000000000000e+00,0.000000000000000000e+00,-9.326558093969415930e-01,-5.330572682589378442e-01,1.988663113016618522e-01,3.168814005922356847e-01,0.000000000000000000e+00,0.000000000000000000e+00,0.000000000000000000e+00
2.795344601730323161e-02,4.328989182082375042e-01,8.433988796149831657e-01,8.054947456683010654e-03,1.050632083246466272e-02,7.215592450888275167e-01,6.922261125317910047e-01,-5.325258471424100248e-01,2.426020502903680209e-01,1.384064684956635150e-01,9.315078426175247284e-01,-4.349207308798160865e-01,4.541072715733875803e-02,-5.748131469824468986e-01,-2.914416038551427834e-01,-1.665063449988564703e-01,9.062792515389904713e-01,-4.283559377704987958e-01,-3.721699615534118655e-02,2.433969046357827362e-02,0.000000000000000000e+00,0.000000000000000000e+00,-1.088733786682566596e+00,4.503300003531002238e-01,-3.145920381020709256e-01,3.528244883718075209e-01,0.000000000000000000e+00,0.000000000000000000e+00,0.000000000000000000e+00,-9.348798677780145727e-01,-5.298422340251507379e-01,2.014792772778370988e-01,3.210558411963596037e-01,0.000000000000000000e+00,0.000000000000000000e+00,0.000000000000000000e+00
2.775220334310703543e-02,4.336751289127847020e-01,8.433333122461220688e-01,8.411340642265431600e-03,9.927485327467150400e-03,7.222410141955198926e-01,6.915190610514643232e-01,-5.311005265451258506e-01,2.416520938117046602e-01,1.370092176703013309e-01,9.329125918553716756e-01,-4.375039219742730134e-01,4.694789660264264697e-02,-5.724597794876742363e-01,-2.923365373272359680e-01,-1.668481105412698007e-01,9.072235423126361331e-01,-4.265106551359651443e-01,-3.554556480470433960e-02,2.320546862293099144e-02,0.000000000000000000e+00,0.000000000000000000e+00,-1.083763566843205739e+00,4.310797928778453136e-01,-3.016919369002721840e-01,3.513163712261478389e-01,0.000000000000000000e+00,0.000000000000000000e+00,0.000000000000000000e+00,-9.337027752878703790e-01,-5.152753981156468210e-01,1.913651669143227874e-01,3.219136294999707659e-01,0.000000000000000000e+00,0.000000000000000000e+00,0.000000000000000000e+00
2.750464413341024983e-02,4.344635323589334797e-01,8.429781880349450640e-01,8.750932966179854333e-03,9.446601382417690179e-03,7.230353150812881546e-01,6.906910423914912611e-01,-5.305935407841927409e-01,2.413428217116141417e-01,1.362365571564293776e-01,9.354023763605180397e-01,-4.391829223428354023e-01,4.638512284751255405e-02,-5.710159063334271368e-01,-2.940314488809842586e-01,-1.676305986482052035e-01,9.099179878274600286e-01,-4.260970747752780841e-01,-3.560884268660229751e-02,2.301941496726327488e-02,0.000000000000000000e+00,0.000000000000000000e+00,-1.079296282065523860e+00,4.156732279417307274e-01,-2.938194379810200041e-01,3.474692214350322272e-01,0.000000000000000000e+00,0.000000000000000000e+00,0.000000000000000000e+00,-9.314186780714616143e-01,-5.073416225352499476e-01,1.835053115041690719e-01,3.198662261078873414e-01,0.000000000000000000e+00,0.000000000000000000e+00,0.000000000000000000e+00
2.717444224599613670e-02,4.352881463212422419e-01,8.424781456119135870e-01,8.578947359988216281e-03,9.297259889008504391e-03,7.234246163934797691e-01,6.902874669416332321e-01,-5.313814608977128762e-01,2.404113816362927203e-01,1.344833317466509193e-01,9.395615832406226664e-01,-4.469911912031944157e-01,4.861118632234018300e-02,-5.711195367295536229e-01,-2.946956849374012255e-01,-1.676474762008247077e-01,9.134054517075904656e-01,-4.294241208376594066e-01,-3.499372275270252325e-02,2.323432471992497791e-02,0.000000000000000000e+00,0.000000000000000000e+00,-1.076665126782131443e+00,4.080760113507496678e-01,-2.884006026730724925e-01,3.434584230280968709e-01,0.000000000000000000e+00,0.000000000000000000e+00,0.000000000000000000e+00,-9.308015905213528063e-01,-5.046160156228765015e-01,1.788175919545757497e-01,3.183584804963640047e-01,0.000000000000000000e+00,0.000000000000000000e+00,0.000000000000000000e+00
2.674337427817648563e-02,4.359915761474748019e-01,8.419698621280813366e-01,8.517169702167931220e-03,8.076057700334985517e-03,7.239977351562481012e-01,6.897024826698157085e-01,-5.317798275795875274e-01,2.421769217508055183e-01,1.332413651170036573e-01,9.446051581211547532e-01,-4.481615678087981225e-01,4.997133657197713741e-02,-5.702721100733931792e-01,-2.933655596825592848e-01,-1.663578979758497944e-01,9.165394046794882454e-01,-4.233694939168405891e-01,-3.354004177563904565e-02,2.153453437148241528e-02,0.000000000000000000e+00,0.000000000000000000e+00,-1.073934645749610617e+00,3.990736818591039126e-01,-2.857384992562277959e-01,3.425959514034625508e-01,0.000000000000000000e+00,0.000000000000000000e+00,0.000000000000000000e+00,-9.288072571458340088e-01,-4.968615885478002148e-01,1.728131461328165641e-01,3.221717363160294667e-01,0.000000000000000000e+00,0.000000000000000000e+00,0.000000000000000000e+00
2.648837745112518974e-02,4.365997391939901995e-01,8.410186255911169528e-01,9.051687357694689073e-03,7.372853900825803233e-03,7.253359191770636372e-01,6.882960935040229877e-01,-5.327485289248302669e-01,2.419075566905307673e-01,1.318920317318125757e-01,9.505046490956550187e-01,-4.519303388144617628e-01,4.791059024215751222e-02,-5.702121730241629383e-01,-2.957202208867306670e-01,-1.666502076468222016e-01,9.231157348798545437e-01,-4.223893804306873001e-01,-3.542747498875258028e-02,2.060711939322884545e-02,0.000000000000000000e+00,0.000000000000000000e+00,-1.073094955967058839e+00,3.988608855571366685e-01,-2.892711719507023438e-01,3.480466066051424723e-01,0.000000000000000000e+00,0.000000000000000000e+00,0.000000000000000000e+00,-9.298984355649664302e-01,-4.965457183500924798e-01,1.674127672824195223e-01,3.247137942567847602e-01,0.000000000000000000e+00,0.000000000000000000e+00,0.000000000000000000e+00
2.632657438500731611e-02,4.373522003866953667e-01,8.403681075450952775e-01,9.372849542621460722e-03,7.158394608705816869e-03,7.260796440765668880e-01,6.875094599608955193e-01,-5.331126266923607027e-01,2.419920047023828291e-01,1.322488047573512071e-01,9.548441098067107502e-01,-4.568210817579997363e-01,4.911249961527298924e-02,-5.700069046488359659e-01,-2.979600731769236344e-01,-1.673505907003505211e-01,9.277172780716193001e-01,-4.250797327876680298e-01,-3.497168515588014448e-02,2.078513558324411245e-02,0.000000000000000000e+00,0.000000000000000000e+00,-1.072345573997928847e+00,3.926763856604761904e-01,-2.867239355931701650e-01,3.501183806442799140e-01,0.000000000000000000e+00,0.000000000000000000e+00,0.000000000000000000e+00,-9.318804439240938597e-01,-4.915026409106614258e-01,1.618599373612805425e-01,3.266971786934221855e-01,0.000000000000000000e+00,0.000000000000000000e+00,0.000000000000000000e+00
2.618178143114673756e-02,4.381213452443887268e-01,8.401000705213311770e-01,9.391337697301776685e-03,6.649624059644018703e-03,7.263374237184810900e-01,6.872419749856079063e-01,-5.329355808365886515e-01,2.420839030118974722e-01,1.305614648574906500e-01,9.573244651478954870e-01,-4.568122527486957463e-01,4.905755507799476611e-02,-5.695239988610404369e-01,-2.971710481889862088e-01,-1.665095715835021029e-01,9.299863162014538887e-01,-4.229479809065200824e-01,-3.742516977955904350e-02,2.119555206006821721e-02,0.000000000000000000e+00,0.000000000000000000e+00,-1.070167223703099024e+00,3.866237387883665333e-01,-2.821274561608561049e-01,3.514282347393435368e-01,0.000000000000000000e+00,0.000000000000000000e+00,0.000000000000000000e+00,-9.300852478034177251e-01,-4.886580249068318560e-01,1.601793878539509164e-01,3.280807483326311780e-01,0.000000000000000000e+00,0.000000000000000000e+00,0.000000000000000000e+00
2.609247700657348415e-02,4.389795249043760839e-01,8.403385723139300545e-01,9.019572824576632675e-03,6.544148615806273661e-03,7.266922829212794088e-01,6.868727301091622772e-01,-5.321618670452324951e-01,2.424121885198746718e-01,1.303140626371269706e-01,9.570012239204460647e-01,-4.589144903623088023e-01,5.041356622870692833e-02,-5.684738997962049956e-01,-2.975008736940848997e-01,-1.678583798135831473e-01,9.294407436816707335e-01,-4.182865430735877021e-01,-3.642797650422433670e-02,2.096483546802330872e-02,0.000000000000000000e+00,0.000000000000000000e+00,-1.068210902897430037e+00,3.813720437893433624e-01,-2.771282230828250870e-01,3.521045857326314255e-01,0.000000000000000000e+00,0.000000000000000000e+00,0.000000000000000000e+00,-9.282766394577910418e-01,-4.836459601047426449e-01,1.546149890569267771e-01,3.288031558578117242e-01,0.000000000000000000e+00,0.000000000000000000e+00,0.000000000000000000e+00
2.618692827183949010e-02,4.396530794387463748e-01,8.400584856284997182e-01,9.873683584876103564e-03,6.235787463015982773e-03,7.272860694140099724e-01,6.862350898660749543e-01,-5.306788070525323420e-01,2.410520777244966606e-01,1.293302652721066703e-01,9.583579455729289709e-01,-4.580901308774211755e-01,5.055083525618147416e-02,-5.673234464756002904e-01,-2.979837452938141062e-01,-1.660128129040542300e-01,9.323223751918420232e-01,-4.176565046390261493e-01,-3.915555907731194801e-02,2.028846319267239851e-02,0.000000000000000000e+00,0.000000000000000000e+00,-1.065920183575217672e+00,3.823824249679679266e-01,-2.787905214291213629e-01,3.556122663482714774e-01,0.000000000000000000e+00,0.000000000000000000e+00,0.000000000000000000e+00,-9.282450868361206142e-01,-4.781535081431976808e-01,1.513324464645194045e-01,3.305495997804355768e-01,0.000000000000000000e+00,0.000000000000000000e+00,0.000000000000000000e+00
2.634678672943700783e-02,4.404574301001957792e-01,8.404156836186078561e-01,9.558637678604015031e-03,7.110681342438357824e-03,7.278810846045394856e-01,6.855998813677649517e-01,-5.299704213477131054e-01,2.388217100035188722e-01,1.283887406042880375e-01,9.557493592095541723e-01,-4.637584251478147346e-01,4.678999389010651822e-02,-5.664096571823792337e-01,-2.989201578996468767e-01,-1.666055994428536913e-01,9.309233368192273428e-01,-4.236024902993685837e-01,-3.906857366162393153e-02,2.113459889450871459e-02,0.000000000000000000e+00,0.000000000000000000e+00,-1.062111078083589177e+00,3.741329298535809866e-01,-2.729928288436027639e-01,3.502237500653394564e-01,0.000000000000000000e+00,0.000000000000000000e+00,0.000000000000000000e+00,-9.283211361246015425e-01,-4.683938521003843669e-01,1.452635854368831969e-01,3.238777406334333864e-01,0.000000000000000000e+00,0.000000000000000000e+00,0.000000000000000000e+00
2.644648018419976099e-02,4.412899648835300614e-01,8.412013254066742496e-01,9.567692724661847059e-03,7.369542140576182399e-03,7.279269572573557889e-01,6.855483163152040760e-01,-5.271859517299039011e-01,2.382428216541770116e-01,1.289496531939793300e-01,9.515927065561284870e-01,-4.613120010987643016e-01,4.600857903854226744e-02,-5.641136053176690757e-01,-2.988098060793735744e-01,-1.669033026686688737e-01,9.274683259403806446e-01,-4.201681660923758388e-01,-3.861005199049427628e-02,2.127429169380043450e-02,0.000000000000000000e+00,0.000000000000000000e+00,-1.057009799641803527e+00,3.639284440153157107e-01,-2.651964481560153963e-01,3.459862839689709646e-01,0.000000000000000000e+00,0.000000000000000000e+00,0.000000000000000000e+00,-9.270947084247131986e-01,-4.587622658119798746e-01,1.405968301129657816e-01,3.225225409763743389e-01,0.000000000000000000e+00,0.000000000000000000e+00,0.000000000000000000e+00
2.651717539999003809e-02,4.419029647006252892e-01,8.414565642935678547e-01,9.825633508833796562e-03,6.941684944411898560e-03,7.280539250123061468e-01,6.854142923885209182e-01,-5.246551733513120652e-01,2.388281380175158453e-01,1.292262214333570747e-01,9.505124469540884302e-01,-4.626882301946963483e-01,4.481501578023378701e-02,-5.615557880758418330e-01,-2.973656125553041374e-01,-1.658361100174961522e-01,9.260587666839003029e-01,-4.207563004807047258e-01,-3.816614506825752318e-02,1.969700803438894504e-02,0.000000000000000000e+00,0.000000000000000000e+00,-1.054873349782706526e+00,3.688524918902041927e-01,-2.681207328236440146e-01,3.478341848771264733e-01,0.000000000000000000e+00,0.000000000000000000e+00,0.000000000000000000e+00,-9.238290764307361957e-01,-4.585615818726873627e-01,1.448239069801551260e-01,3.239408604848972861e-01,0.000000000000000000e+00,0.000000000000000000e+00,0.000000000000000000e+00
2.661340122973273464e-02,4.425776558748829581e-01,8.418422713236557442e-01,1.008403898460900026e-02,6.501796398518512252e-03,7.282761074852551753e-01,6.851787723415496689e-01,-5.221141907613429112e-01,2.401390725875189869e-01,1.303917367872217958e-01,9.486264826405337303e-01,-4.588231703488201418e-01,4.400349331827971278e-02,-5.592019583581921971e-01,-2.974645125208949525e-01,-1.667907351933282656e-01,9.245781363170918477e-01,-4.147064465411273160e-01,-3.862338446020486399e-02,1.833940503807727704e-02,0.000000000000000000e+00,0.000000000000000000e+00,-1.052121305879598401e+00,3.648711460770250326e-01,-2.662330067614182560e-01,3.464730961719517666e-01,0.000000000000000000e+00,0.000000000000000000e+00,0.000000000000000000e+00,-9.199350884818636720e-01,-4.512033670666691365e-01,1.448714525547074861e-01,3.230788652394556149e-01,0.000000000000000000e+00,0.000000000000000000e+00,0.000000000000000000e+00
2.670861967574611820e-02,4.432788783107035058e-01,8.423365408546638067e-01,9.266750388692185023e-03,7.181037304277294690e-03,7.278289611982381446e-01,6.856584888131703748e-01,-5.217840733854194335e-01,2.395142489518649609e-01,1.296237125948905555e-01,9.461556077313985069e-01,-4.604171657553924324e-01,4.466927575202959272e-02,-5.590782026242235858e-01,-2.956608985235079090e-01,-1.664408122785219768e-01,9.216134570710730056e-01,-4.174558082148581151e-01,-3.864834954998134370e-02,1.909223476765125813e-02,0.000000000000000000e+00,0.000000000000000000e+00,-1.051758276483673260e+00,3.659382019920025542e-01,-2.636851568779462474e-01,3.430571660780101784e-01,0.000000000000000000e+00,0.000000000000000000e+00,0.000000000000000000e+00,-9.181104304556880757e-01,-4.503234125728091675e-01,1.471924814998121778e-01,3.213468210006882320e-01,0.000000000000000000e+00,0.000000000000000000e+00,0.000000000000000000e+00
2.673083937350401521e-02,4.439748367566370701e-01,8.429519454668841227e-01,8.635633707182331989e-03,7.132491328972702729e-03,7.283360131703758844e-01,6.851286049472743445e-01,-5.209974627831015503e-01,2.392017156045359305e-01,1.277167627001327688e-01,9.431202628663639675e-01,-4.593394436826407357e-01,4.221195648141026074e-02,-5.571164554187924001e-01,-2.944953420762835838e-01,-1.673336566695072247e-01,9.180799328268631765e-01,-4.137072840409566910e-01,-3.800328076601081767e-02,1.828220877904084343e-02,0.000000000000000000e+00,0.000000000000000000e+00,-1.050625371673612918e+00,3.616146686728753945e-01,-2.622814455968084935e-01,3.412235449812037746e-01,0.000000000000000000e+00,0.000000000000000000e+00,0.000000000000000000e+00,-9.153013002585427271e-01,-4.522849221554658405e-01,1.533725068078465315e-01,3.211668260243017436e-01,0.000000000000000000e+00,0.000000000000000000e+00,0.000000000000000000e+00
2.682696473620355126e-02,4.444265836222591193e-01,8.425330974609804846e-01,9.528358503472002597e-03,6.864514930394175277e-03,7.291169540027860885e-01,6.842883574960908488e-01,-5.197311333569387681e-01,2.396469858472857761e-01,1.294311366305373190e-01,9.449834381951217610e-01,-4.593389295140587469e-01,4.025583356820505027e-02,-5.559244675932414337e-01,-2.969884663595755425e-01,-1.678917169566089274e-01,9.215086113723484074e-01,-4.147081658083717204e-01,-3.825332731023928234e-02,1.596619218495376122e-02,0.000000000000000000e+00,0.000000000000000000e+00,-1.050354676943183296e+00,3.667220715900497696e-01,-2.659617700472587387e-01,3.448422772611813847e-01,0.000000000000000000e+00,0.000000000000000000e+00,0.000000000000000000e+00,-9.171291697406084298e-01,-4.516365256795634719e-01,1.532158947801340043e-01,3.267645889043531704e-01,0.000000000000000000e+00,0.000000000000000000e+00,0.000000000000000000e+00
2.690846586106724475e-02,4.450740167753729493e-01,8.428436491403415998e-01,8.895225848967330123e-03,7.412024650289142542e-03,7.291108409534301504e-01,6.842976826293220016e-01,-5.202668864148426442e-01,2.383898460671305397e-01,1.271997047632915101e-01,9.431724398356228223e-01,-4.570537489169589351e-01,3.716584372321995317e-02,-5.558334687020402010e-01,-2.953604353374769120e-01,-1.669319721754380648e-01,9.194932008356759834e-01,-4.178294303679531696e-01,-3.973530077178638598e-02,1.535070117553946970e-02,0.000000000000000000e+00,0.000000000000000000e+00,-1.050634643473090435e+00,3.604581272470190889e-01,-2.618153011248756656e-01,3.417681521877040107e-01,0.000000000000000000e+00,0.000000000000000000e+00,0.000000000000000000e+00,-9.169860803980530717e-01,-4.475904437457519647e-01,1.562828592129937300e-01,3.262758345762091228e-01,0.000000000000000000e+00,0.000000000000000000e+00,0.000000000000000000e+00
2.689982368747838304e-02,4.454873837976490725e-01,8.428488131192403143e-01,8.862163586199692245e-03,7.660214521092699631e-03,7.292772008622417923e-01,6.841180800655649596e-01,-5.195051573643257870e-01,2.394375761654021495e-01,1.299182923169385218e-01,9.434786150044957020e-01,-4.624828061633980969e-01,3.882298924137423529e-02,-5.556703605950625846e-01,-2.967111571189096075e-01,-1.679323247347586923e-01,9.199894966240438343e-01,-4.190048076889930639e-01,-3.708304951198790333e-02,1.430881615377445695e-02,0.000000000000000000e+00,0.000000000000000000e+00,-1.048229320884766169e+00,3.570580499152442022e-01,-2.595515208382533356e-01,3.380146299014505362e-01,0.000000000000000000e+00,0.000000000000000000e+00,0.000000000000000000e+00,-9.157317088937387828e-01,-4.406599716982385617e-01,1.504406732787481327e-01,3.243936923986875942e-01,0.000000000000000000e+00,0.000000000000000000e+00,0.000000000000000000e+00
2.695147168761187137e-02,4.459159430928074652e-01,8.428705304933125086e-01,9.371995628183641541e-03,7.375782117305692068e-03,7.295761652765971883e-01,6.837955707639511438e-01,-5.179666797372544096e-01,2.386568934561462130e-01,1.291096721691163685e-01,9.433903156681064939e-01,-4.610117877014222043e-01,3.713338521171147960e-02,-5.539521854995798078e-01,-2.964102217870933087e-01,-1.668413340806667033e-01,9.201745516537729319e-01,-4.192928198388272687e-01,-3.813918227691588669e-02,1.399191689773228268e-02,0.000000000000000000e+00,0.000000000000000000e+00,-1.046998638916202706e+00,3.553369520826247796e-01,-2.587837821361249624e-01,3.386319576237287188e-01,0.000000000000000000e+00,0.000000000000000000e+00,0.000000000000000000e+00,-9.155301287736360427e-01,-4.381338824034386459e-01,1.468394347832818192e-01,3.262116675530735144e-01,0.000000000000000000e+00,0.000000000000000000e+00,0.000000000000000000e+00
2.684449525200307413e-02,4.463736657567800026e-01,8.433857242404537713e-01,9.033932421154008963e-03,7.000349261903165282e-03,7.292597255617963015e-01,6.841415320302910441e-01,-5.165506487164085447e-01,2.382540045168628773e-01,1.269181218948490786e-01,9.416017545501139674e-01,-4.604894735878795609e-01,3.821791667410931459e-02,-5.517622171708035372e-01,-2.935850175468792678e-01,-1.658929822383566899e-01,9.162834703850639695e-01,-4.180315823310957746e-01,-3.765305581823889802e-02,1.363990140974088300e-02,0.000000000000000000e+00,0.000000000000000000e+00,-1.045231181535844378e+00,3.471514361153842931e-01,-2.546074780927503056e-01,3.325912589728532986e-01,0.000000000000000000e+00,0.000000000000000000e+00,0.000000000000000000e+00,-9.122899680411447054e-01,-4.298549113993635484e-01,1.453855313354308343e-01,3.229518206432099858e-01,0.000000000000000000e+00,0.000000000000000000e+00,0.000000000000000000e+00
2.687466737403335082e-02,4.466033906784480645e-01,8.425473850496071337e-01,9.958997875890116327e-03,6.232351939947073857e-03,7.295326875491835450e-01,6.838450365015957821e-01,-5.158356088539548523e-01,2.400725401977356621e-01,1.285156502117979771e-01,9.462523598204868325e-01,-4.623927155013642376e-01,3.784998976621081757e-02,-5.517945950383018605e-01,-2.947362043262115594e-01,-1.653061749409236447e-01,9.216390288667097863e-01,-4.166887319216115992e-01,-3.804730279788844788e-02,1.151272913592168295e-02,0.000000000000000000e+00,0.000000000000000000e+00,-1.042722621665086002e+00,3.502129235078442204e-01,-2.565215121304827983e-01,3.308513854157240086e-01,0.000000000000000000e+00,0.000000000000000000e+00,0.000000000000000000e+00,-9.103355773774284287e-01,-4.274064461162987438e-01,1.445335159387964030e-01,3.232905465876537709e-01,0.000000000000000000e+00,0.000000000000000000e+00,0.000000000000000000e+00
2.689435717807977730e-02,4.470119683580998093e-01,8.423541759025986453e-01,1.033788300464434651e-02,6.195354514953984974e-03,7.295464342439117456e-01,6.838250843888433739e-01,-5.150411928396775307e-01,2.387949410995846566e-01,1.272223014876047997e-01,9.473426486946306957e-01,-4.649581050114379166e-01,3.673683326532231619e-02,-5.513654322549137454e-01,-2.943152952831885050e-01,-1.636251654881876183e-01,9.230929342201277255e-01,-4.199876288629111887e-01,-3.833007864626899325e-02,1.157746710942121962e-02,0.000000000000000000e+00,0.000000000000000000e+00,-1.040475035542282933e+00,3.480431664243380241e-01,-2.559792591266727424e-01,3.304167568508667996e-01,0.000000000000000000e+00,0.000000000000000000e+00,0.000000000000000000e+00,-9.117104704478808941e-01,-4.258758388827169061e-01,1.429864225232093944e-01,3.241498007293514005e-01,0.000000000000000000e+00,0.000000000000000000e+00,0.000000000000000000e+00
2.691899501256794433e-02,4.474635825698743963e-01,8.420872395651204378e-01,1.060923434688045876e-02,6.035550219138433731e-03,7.299690622706008769e-01,6.833711907945076991e-01,-5.146056378754342298e-01,2.379124112233175214e-01,1.261906779426955061e-01,9.488819445125159513e-01,-4.689192844971560858e-01,3.803756409724082244e-02,-5.512119610294131666e-01,-2.954436019743751918e-01,-1.638683234739842509e-01,9.254148086131112061e-01,-4.185490079552719456e-01,-3.705381048490458823e-02,1.255345577790055109e-02,0.000000000000000000e+00,0.000000000000000000e+00,-1.041796618753503934e+00,3.539832421346811309e-01,-2.599048039179522318e-01,3.316004100095376605e-01,0.000000000000000000e+00,0.000000000000000000e+00,0.000000000000000000e+00,-9.107538003502547719e-01,-4.349499191268332288e-01,1.484229759031034102e-01,3.273823527660802979e-01,0.000000000000000000e+00,0.000000000000000000e+00,0.000000000000000000e+00
2.677272880564477570e-02,4.480542250713829833e-01,8.424036509532579764e-01,9.618543408593966185e-03,6.525143752915387764e-03,7.297527017163776275e-01,6.836123905104024567e-01,-5.157851604567758041e-01,2.370507960881459431e-01,1.243775265579415285e-01,9.482765597574394079e-01,-4.702421011273730800e-01,4.035718274794389271e-02,-5.515047995567017303e-01,-2.939367051725118030e-01,-1.637666093268135559e-01,9.229796557760463482e-01,-4.201440640398336201e-01,-3.591759536504307571e-02,1.403082775039805885e-02,0.000000000000000000e+00,0.000000000000000000e+00,-1.039887176610008179e+00,3.424922456041885055e-01,-2.527208305904305452e-01,3.231937956355354635e-01,0.000000000000000000e+00,0.000000000000000000e+00,0.000000000000000000e+00,-9.085862015919398127e-01,-4.299485326786459116e-01,1.457604762013543775e-01,3.223778879978598244e-01,0.000000000000000000e+00,0.000000000000000000e+00,0.000000000000000000e+00
2.668474635709399551e-02,4.484675786505784023e-01,8.421629789929415688e-01,1.027573681144939438e-02,6.723862706891514662e-03,7.297513228831965515e-01,6.836023739378792596e-01,-5.142658356246236906e-01,2.358928332772353420e-01,1.253483770999795077e-01,9.490606850088729729e-01,-4.745359668298166356e-01,4.047331178416752745e-02,-5.520772526538006986e-01,-2.957105251380258149e-01,-1.630852531042464859e-01,9.261117800356460927e-01,-4.197988954006330320e-01,-3.734534008398687072e-02,1.439785741928200150e-02,0.000000000000000000e+00,0.000000000000000000e+00,-1.035195779248508030e+00,3.455816297870477061e-01,-2.525408161275100039e-01,3.217599245338539360e-01,0.000000000000000000e+00,0.000000000000000000e+00,0.000000000000000000e+00,-9.067359599800417502e-01,-4.299387766990459547e-01,1.414955911779165465e-01,3.214622090167824631e-01,0.000000000000000000e+00,0.000000000000000000e+00,0.000000000000000000e+00
2.641655541198051002e-02,4.490018952294040355e-01,8.426274141007583651e-01,1.002538492087620345e-02,6.102517623407782872e-03,7.298585881810738529e-01,6.834973973572777695e-01,-5.125831002197049902e-01,2.371969685214497803e-01,1.256512752949020262e-01,9.478692097749612522e-01,-4.734718819976295734e-01,4.229647362230741503e-02,-5.499580217785609015e-01,-2.933172611086518611e-01,-1.621641551464582109e-01,9.233036210497224117e-01,-4.141805964321624844e-01,-3.876867312472858512e-02,1.265064196416491177e-02,0.000000000000000000e+00,0.000000000000000000e+00,-1.032702638736907597e+00,3.475326119247318934e-01,-2.559540605131918611e-01,3.169523968250190782e-01,0.000000000000000000e+00,0.000000000000000000e+00,0.000000000000000000e+00,-9.037533186034293342e-01,-4.360258821526841744e-01,1.482555092364233607e-01,3.225348857664642743e-01,0.000000000000000000e+00,0.000000000000000000e+00,0.000000000000000000e+00
2.626136420546479680e-02,4.495322136596390239e-01,8.434245120077001889e-01,9.897069315673769768e-03,6.937574785316535930e-03,7.299213653171345850e-01,6.834242595406072596e-01,-5.105679574268126020e-01,2.341036823014922830e-01,1.252430601979753755e-01,9.429390757252945621e-01,-4.750594319247929409e-01,4.200286967692307138e-02,-5.483984583866817752e-01,-2.940991225256381347e-01,-1.620662278700792380e-01,9.188923508101911608e-01,-4.150006133915055129e-01,-3.584457340128901354e-02,1.396823866347447589e-02,0.000000000000000000e+00,0.000000000000000000e+00,-1.030546512770174283e+00,3.556882093663288336e-01,-2.598574116899055042e-01,3.158274044862132701e-01,0.000000000000000000e+00,0.000000000000000000e+00,0.000000000000000000e+00,-9.047854561989487898e-01,-4.435483957779736697e-01,1.507832188522618133e-01,3.234917285296440848e-01,0.000000000000000000e+00,0.000000000000000000e+00,0.000000000000000000e+00
2.593886696523207969e-02,4.499351109212803568e-01,8.438406250254667507e-01,9.484256543150399593e-03,6.494895999827532060e-03,7.297666176081772926e-01,6.835996994063805454e-01,-5.094052315243884355e-01,2.362633376096257287e-01,1.267067091442760085e-01,9.417222790852185499e-01,-4.720527137348192737e-01,4.226110298479440058e-02,-5.472483054289579707e-01,-2.923276592643178629e-01,-1.617727379212851035e-01,9.163365160995965431e-01,-4.083645169631251459e-01,-3.572400997567921899e-02,1.188014738039829161e-02,0.000000000000000000e+00,0.000000000000000000e+00,-1.028110778174771589e+00,3.543018683074427022e-01,-2.631102731284228335e-01,3.138965907189034676e-01,0.000000000000000000e+00,0.000000000000000000e+00,0.000000000000000000e+00,-9.036836237717508213e-01,-4.439074633410125537e-01,1.562732409756107665e-01,3.273472737564147028e-01,0.000000000000000000e+00,0.000000000000000000e+00,0.000000000000000000e+00
2.579836483413407155e-02,4.503395529233806815e-01,8.439616698802210326e-01,9.224347676989945802e-03,7.022595334093737450e-03,7.302305208291255401e-01,6.831024674339348790e-01,-5.098399211671812425e-01,2.341326060816439347e-01,1.251979847777752730e-01,9.405764407682466466e-01,-4.729674240663794826e-01,4.092040878487371997e-02,-5.466809486984715027e-01,-2.930620604807803176e-01,-1.622012397539317752e-01,9.154266293772198582e-01,-4.139130004564979814e-01,-3.694606289758176065e-02,1.398120074704298221e-02,0.000000000000000000e+00,0.000000000000000000e+00,-1.027179565722014631e+00,3.576101856996561912e-01,-2.657173865176757355e-01,3.137626201153723704e-01,0.000000000000000000e+00,0.000000000000000000e+00,0.000000000000000000e+00,-9.049012367820331582e-01,-4.523492284250099638e-01,1.565231560418596513e-01,3.266235626187610763e-01,0.000000000000000000e+00,0.000000000000000000e+00,0.000000000000000000e+00
2.558812927991915148e-02,4.508606082817696037e-01,8.440605630364493850e-01,8.805816735223789132e-03,7.332818452070301828e-03,7.302535209150594619e-01,6.830801435822387857e-01,-5.103904517876662883e-01,2.346101394481361901e-01,1.260989185951733593e-01,9.405738100689866599e-01,-4.714250562036474967e-01,4.222163190777282471e-02,-5.472192772700327223e-01,-2.927456361143012109e-01,-1.615451908539703718e-01,9.148783557860037385e-01,-4.127133398097866390e-01,-3.690416306434665672e-02,1.209177806675450391e-02,0.000000000000000000e+00,0.000000000000000000e+00,-1.026022232710495974e+00,3.559294962244525240e-01,-2.652015287165113699e-01,3.076025733808194773e-01,0.000000000000000000e+00,0.000000000000000000e+00,0.000000000000000000e+00,-9.069149977740955659e-01,-4.548524354576175543e-01,1.639906781842203065e-01,3.271524952243211604e-01,0.000000000000000000e+00,0.000000000000000000e+00,0.000000000000000000e+00
2.543398341475338817e-02,4.512838089699982014e-01,8.448063991608554257e-01,8.668648479182194944e-03,7.894937816332230421e-03,7.305821139515005225e-01,6.827241750989752056e-01,-5.088552899702398769e-01,2.321836658409175413e-01,1.253622462898863477e-01,9.358417035029658049e-01,-4.693485086498472847e-01,4.021637266533675814e-02,-5.453736564835518497e-01,-2.930932878124799523e-01,-1.616257503251415928e-01,9.108071930172064734e-01,-4.134093654672673090e-01,-3.707707081188169745e-02,1.374091656745352746e-02,0.000000000000000000e+00,0.000000000000000000e+00,-1.022679121719590967e+00,3.594216407362721966e-01,-2.691093326226957627e-01,3.068628494708204868e-01,0.000000000000000000e+00,0.000000000000000000e+00,0.000000000000000000e+00,-9.071092672723148898e-01,-4.620256534151629402e-01,1.656880195493044272e-01,3.274119534390890207e-01,0.000000000000000000e+00,0.000000000000000000e+00,0.000000000000000000e+00
2.523259907878752303e-02,4.518286011015555936e-01,8.450980289477085794e-01,8.143314886694147381e-03,7.638409462359940783e-03,7.311208858277673528e-01,6.821565739842733178e-01,-5.088753193707984401e-01,2.319056583084231626e-01,1.235077352495752845e-01,9.349984192654594573e-01,-4.686614069698810670e-01,4.084019974561161476e-02,-5.436904402989841678e-01,-2.922530195816495091e-01,-1.626052058625762353e-01,9.089500601345679165e-01,-4.126790764323159943e-01,-3.799376137906859685e-02,1.350647521674542065e-02,0.000000000000000000e+00,0.000000000000000000e+00,-1.019964414901102012e+00,3.546345176696164558e-01,-2.673425509980523196e-01,3.003167766907368641e-01,0.000000000000000000e+00,0.000000000000000000e+00,0.000000000000000000e+00,-9.042396039060218715e-01,-4.655019658982967323e-01,1.669317696405156481e-01,3.249608588877865856e-01,0.000000000000000000e+00,0.000000000000000000e+00,0.000000000000000000e+00
2.501978897896071224e-02,4.524126134132370747e-01,8.462033794889842753e-01,8.042527842284952558e-03,7.702412927392753364e-03,7.313769035598773893e-01,6.818825525852431069e-01,-5.054947867700960717e-01,2.294695737544217296e-01,1.220502292909867031e-01,9.289944537174649186e-01,-4.685717266175918883e-01,4.080675993118992179e-02,-5.395559335641982868e-01,-2.913154394689800308e-01,-1.625970362322120000e-01,9.024352252253439177e-01,-4.123236396144869254e-01,-3.574602942201306893e-02,1.489568637232972434e-02,0.000000000000000000e+00,0.000000000000000000e+00,-1.013925774818680292e+00,3.531137996394912992e-01,-2.702325236076733583e-01,2.943370270320975202e-01,0.000000000000000000e+00,0.000000000000000000e+00,0.000000000000000000e+00,-9.003169334268413815e-01,-4.682226525059621225e-01,1.687410761713525886e-01,3.232042455415022886e-01,0.000000000000000000e+00,0.000000000000000000e+00,0.000000000000000000e+00
2.476033289288057104e-02,4.529502622560795944e-01,8.467398256218204855e-01,8.843960044025276149e-03,7.623495834049507508e-03,7.319014339637575084e-01,6.813104708162073253e-01,-5.012845820962007481e-01,2.288145296854801614e-01,1.244560116511310988e-01,9.250574322856595089e-01,-4.676557027891949936e-01,3.630764780463585639e-02,-5.363819219310042019e-01,-2.934899225026891267e-01,-1.633753937972643733e-01,9.006460823906881075e-01,-4.087369712462725069e-01,-3.579741211729808165e-02,1.466319203720721498e-02,0.000000000000000000e+00,0.000000000000000000e+00,-1.006623618831383515e+00,3.533293198626037412e-01,-2.701723699365755071e-01,2.901493717203245115e-01,0.000000000000000000e+00,0.000000000000000000e+00,0.000000000000000000e+00,-8.977808781464187149e-01,-4.678370199296005838e-01,1.663117089266488713e-01,3.204967327941222188e-01,0.000000000000000000e+00,0.000000000000000000e+00,0.000000000000000000e+00
2.433230148909780455e-02,4.535454712371224106e-01,8.471687474679687746e-01,9.495400718266079620e-03,7.295156562890293094e-03,7.320129407185627102e-01,6.811854906532310849e-01,-4.975782744501265897e-01,2.258541545355078617e-01,1.228237159049019034e-01,9.226178421367817739e-01,-4.707731728409524918e-01,3.767457073126636441e-02,-5.335409487397524408e-01,-2.939108262052205212e-01,-1.625840844671591623e-01,8.991888096197403479e-01,-4.064244085398854844e-01,-3.604671560523436957e-02,1.489587668441954421e-02,0.000000000000000000e+00,0.000000000000000000e+00,-1.001317404924775945e+00,3.710754464329360514e-01,-2.856151202602167927e-01,2.862123944802140163e-01,0.000000000000000000e+00,0.000000000000000000e+00,0.000000000000000000e+00,-8.956411519855945746e-01,-4.880146863368954868e-01,1.859374050792310384e-01,3.228540067110978740e-01,0.000000000000000000e+00,0.000000000000000000e+00,0.000000000000000000e+00
2.363564104279617523e-02,4.542094373996583556e-01,8.485936493633943201e-01,9.340241769311932729e-03,6.989977673274300543e-03,7.322612968119239785e-01,6.809238527817454978e-01,-4.931072254883495098e-01,2.222753212665691536e-01,1.201547181224640326e-01,9.156714191468399155e-01,-4.717901797585495882e-01,4.048011300542610907e-02,-5.274003910063954637e-01,-2.934050935717814057e-01,-1.641434212662754022e-01,8.904854285138624759e-01,-4.048712194794458208e-01,-3.290167476831527826e-02,1.599102108014730655e-02,0.000000000000000000e+00,0.000000000000000000e+00,-9.936000100017527981e-01,3.700429813002743540e-01,-2.854904608784994413e-01,2.798728547298366398e-01,0.000000000000000000e+00,0.000000000000000000e+00,0.000000000000000000e+00,-8.932071161728761810e-01,-4.959170911084334610e-01,1.921325302339282060e-01,3.227819547821390578e-01,0.000000000000000000e+00,0.000000000000000000e+00,0.000000000000000000e+00
2.280549272062865063e-02,4.550487400052988241e-01,8.505732854791774322e-01,8.888074598179730723e-03,7.213063231627699252e-03,7.324701718384430960e-01,6.807028876211076440e-01,-4.879415247406888034e-01,2.186745673734841189e-01,1.188539604933389615e-01,9.046708700350850618e-01,-4.671913230025175334e-01,4.046610941157704339e-02,-5.215153764955049454e-01,-2.928912950402715598e-01,-1.653563968806576745e-01,8.787055860384141992e-01,-3.980438560748101873e-01,-3.207094654366248604e-02,1.770876351435019327e-02,0.000000000000000000e+00,0.000000000000000000e+00,-9.797908293249468770e-01,3.661240489626607642e-01,-2.895906780942896774e-01,2.611856206516557366e-01,0.000000000000000000e+00,0.000000000000000000e+00,0.000000000000000000e+00,-8.859446994109907436e-01,-4.991891908828073321e-01,2.015902202342382543e-01,3.117080172872899735e-01,0.000000000000000000e+00,0.000000000000000000e+00,0.000000000000000000e+00
2.177284231013902963e-02,4.560263716774702325e-01,8.534853233318853150e-01,8.094233506411536994e-03,7.278126295168102847e-03,7.319382326072036982e-01,6.812840346796757984e-01,-4.800339832393116790e-01,2.171734835237375538e-01,1.208609105931983951e-01,8.892658955584251679e-01,-4.595286756852024479e-01,4.456567866971187369e-02,-5.131219259948766043e-01,-2.891956035625216082e-01,-1.649588418191834105e-01,8.600043204997029900e-01,-3.870063654679852250e-01,-2.938672918942982978e-02,2.031078861877679692e-02,0.000000000000000000e+00,0.000000000000000000e+00,-9.623092269090195439e-01,3.686395467086488464e-01,-2.887667564887013150e-01,2.393636212882842007e-01,0.000000000000000000e+00,0.000000000000000000e+00,0.000000000000000000e+00,-8.754460395099208370e-01,-5.046596972721104635e-01,2.135678185382013650e-01,2.935444721453460692e-01,0.000000000000000000e+00,0.000000000000000000e+00,0.000000000000000000e+00
2.067288038008145701e-02,4.569950641415034265e-01,8.568452977158884654e-01,8.149998697064900904e-03,7.247545611376606661e-03,7.318750995127397685e-01,6.813515167056322097e-01,-4.684162083209062466e-01,2.173261900818377335e-01,1.286278195737318719e-01,8.698692729730926887e-01,-4.486947198960019589e-01,4.589001395557880392e-02,-5.023144564405320756e-01,-2.883153497903095941e-01,-1.662345545881677433e-01,8.393326363405041457e-01,-3.693522268534132347e-01,-2.474305793749079219e-02,1.788052513011531564e-02,0.000000000000000000e+00,0.000000000000000000e+00,-9.417416967459568689e-01,3.842186840546651383e-01,-2.960028134104443764e-01,2.176254047546157533e-01,0.000000000000000000e+00,0.000000000000000000e+00,0.000000000000000000e+00,-8.664338981453107991e-01,-5.155635665524810340e-01,2.307873398504685647e-01,2.710696876043656722e-01,0.000000000000000000e+00,0.000000000000000000e+00,0.000000000000000000e+00
1.960218342436122543e-02,4.582022254857104904e-01,8.603322323961795082e-01,7.150063918769933302e-03,8.210245841116162527e-03,7.321640887401278386e-01,6.810412730580456264e-01,-4.599779411950535302e-01,2.107737629645948796e-01,1.266058562481353622e-01,8.488183695007641694e-01,-4.401094882318433710e-01,4.810891788672007341e-02,-4.925285588272878545e-01,-2.866156320255046630e-01,-1.678428467318240913e-01,8.170393083286585645e-01,-3.607403511759756931e-01,-2.418805739954750511e-02,1.828504879407255590e-02,0.000000000000000000e+00,0.000000000000000000e+00,-9.185327955793991528e-01,3.988623649073375077e-01,-3.069443345597760997e-01,1.979652015917730268e-01,0.000000000000000000e+00,0.000000000000000000e+00,0.000000000000000000e+00,-8.602260779364522270e-01,-5.378108636698086809e-01,2.567664599542727744e-01,2.530114125567073380e-01,0.000000000000000000e+00,0.000000000000000000e+00,0.000000000000000000e+00
1.855473175914895689e-02,4.594848323885705188e-01,8.637921071334698775e-01,6.036360016338128930e-03,9.708114903947131016e-03,7.322141876442099795e-01,6.809784859122155476e-01,-4.509068835905340467e-01,2.055754010289656819e-01,1.279906693780391569e-01,8.267346503904838828e-01,-4.362714255900707050e-01,4.759997852419022707e-02,-4.833908998329865536e-01,-2.856836236433367704e-01,-1.702121160531882005e-01,7.947755045044623268e-01,-3.547724192643039176e-01,-2.310775190464761653e-02,1.895361975107277136e-02,0.000000000000000000e+00,0.000000000000000000e+00,-8.978317610740744747e-01,4.258998923410131088e-01,-3.246734758814832644e-01,1.831944316033428943e-01,0.000000000000000000e+00,0.000000000000000000e+00,0.000000000000000000e+00,-8.554176258167851543e-01,-5.666320428048354785e-01,2.854803740021464864e-01,2.416568153630269944e-01,0.000000000000000000e+00,0.000000000000000000e+00,0.000000000000000000e+00
1.751522208373224032e-02,4.608413831692688145e-01,8.670644270991300084e-01,6.139047527386607382e-03,1.027629016306072854e-02,7.319631656978897727e-01,6.812390432274589847e-01,-4.391492024409913153e-01,2.024464735720699071e-01,1.323104521148784074e-01,8.054696792787287007e-01,-4.232329760440537436e-01,4.641366900278391661e-02,-4.726712136328802272e-01,-2.845986017058632633e-01,-1.706109952358398074e-01,7.737285728912403071e-01,-3.435427952430029075e-01,-2.277677335316808868e-02,1.916734703528361755e-02,0.000000000000000000e+00,0.000000000000000000e+00,-8.790988554958957257e-01,4.506714125053358777e-01,-3.456054960841775103e-01,1.732853139321964553e-01,0.000000000000000000e+00,0.000000000000000000e+00,0.000000000000000000e+00,-8.519130640363004048e-01,-5.864930071480810581e-01,3.210553771173653148e-01,2.352375588601350320e-01,0.000000000000000000e+00,0.000000000000000000e+00,0.000000000000000000e+00
1.638534233649572083e-02,4.624352676731223744e-01,8.711418643423197716e-01,5.919539566229701719e-03,1.036344972589991684e-02,7.319374413895241016e-01,6.812673042596852913e-01,-4.250690104208044162e-01,1.977461810011025278e-01,1.330691896162473076e-01,7.790812749250670688e-01,-4.089417096690445841e-01,4.811990107757590368e-02,-4.583162893096568991e-01,-2.814968810749448047e-01,-1.712709965981461802e-01,7.461492371781662802e-01,-3.261205126604993509e-01,-1.861699812136986820e-02,1.930222762038408951e-02,0.000000000000000000e+00,0.000000000000000000e+00,-8.645234039189060304e-01,4.877695953286386721e-01,-3.780675116986166318e-01,1.631114694319024117e-01,0.000000000000000000e+00,0.000000000000000000e+00,0.000000000000000000e+00,-8.549445317971264835e-01,-6.291904164273195432e-01,3.804721873937351173e-01,2.297265425289297114e-01,0.000000000000000000e+00,0.000000000000000000e+00,0.000000000000000000e+00
1.524192919325027470e-02,4.640752734156926573e-01,8.755730934458243464e-01,5.928077884700191924e-03,1.228999947335036522e-02,7.311529239196419283e-01,6.820771332109700769e-01,-4.086978923725360091e-01,1.891067989778767444e-01,1.356613981331879493e-01,7.465684935367852271e-01,-4.013395189023445386e-01,4.858400360504478571e-02,-4.447845424617287713e-01,-2.795367966021031769e-01,-1.696615554069404452e-01,7.159247668880804882e-01,-3.215787782849052201e-01,-1.723311379769819005e-02,1.777379456337745481e-02,0.000000000000000000e+00,0.000000000000000000e+00,-8.529584693997634970e-01,5.395122854046948691e-01,-4.181676937848012310e-01,1.629768901405868331e-01,0.000000000000000000e+00,0.000000000000000000e+00,0.000000000000000000e+00,-8.673897879177464576e-01,-6.663673636654435795e-01,4.427281776570586302e-01,2.336640493634551952e-01,0.000000000000000000e+00,0.000000000000000000e+00,0.000000000000000000e+00
1.393276876778072430e-02,4.656268707420043729e-01,8.804955232253406372e-01,6.823918934803696254e-03,1.182637982418861984e-02,7.303873028120985156e-01,6.828967409217094886e-01,-3.864244437319493963e-01,1.842193292287684914e-01,1.404697232394576667e-01,7.116444808663485722e-01,-3.898306444172600638e-01,5.118168292494013061e-02,-4.240014970897695856e-01,-2.751820866803807997e-01,-1.690581795864390391e-01,6.801340868449226029e-01,-3.053923060671818179e-01,-9.958475913813751718e-03,1.207387207781263419e-02,0.000000000000000000e+00,0.000000000000000000e+00,-8.537772477104963453e-01,6.200318817695884555e-01,-4.983762011940387482e-01,1.631138341274473436e-01,0.000000000000000000e+00,0.000000000000000000e+00,0.000000000000000000e+00,-8.937527445398970594e-01,-7.229587391750067482e-01,5.580647543919308173e-01,2.353906411686853828e-01,0.000000000000000000e+00,0.000000000000000000e+00,0.000000000000000000e+00
1.249350715129502257e-02,4.668289902819111048e-01,8.847886604580142977e-01,8.150000845102395308e-03,1.011418482136646618e-02,7.298409815539044221e-01,6.834935423221324413e-01,-3.642637335317942537e-01,1.820619761923779889e-01,1.465734635600498270e-01,6.806411042952538182e-01,-3.774367057202626663e-01,5.356003818134767724e-02,-4.028679232727171433e-01,-2.712427346501863346e-01,-1.702937400201607054e-01,6.477062374038704551e-01,-2.847328977741364620e-01,-4.627071981797682178e-03,7.012265689974467482e-03,0.000000000000000000e+00,0.000000000000000000e+00,-8.610966826241761574e-01,6.683453216053302226e-01,-5.562217903006266839e-01,1.812884944065777659e-01,0.000000000000000000e+00,0.000000000000000000e+00,0.000000000000000000e+00,-9.260338652044000085e-01,-7.610523490049959650e-01,6.693460419416222829e-01,2.459932902925914266e-01,0.000000000000000000e+00,0.000000000000000000e+00,0.000000000000000000e+00
1.116092506909264516e-02,4.679941210253353301e-01,8.898800242767104240e-01,8.732930544481090282e-03,1.030230245503608623e-02,7.291969890569254265e-01,6.841705559570243622e-01,-3.419148579678298328e-01,1.745477450775134720e-01,1.491112817449920247e-01,6.402655153266165744e-01,-3.624296904491163818e-01,5.526947438505508403e-02,-3.809039615589179806e-01,-2.675032173700577220e-01,-1.708029786207461709e-01,6.060598463473954034e-01,-2.703253794777481511e-01,2.936190084797060847e-03,5.157790516690017799e-03,0.000000000000000000e+00,0.000000000000000000e+00,-8.589434889724167910e-01,7.201473343872023536e-01,-6.347036075004680589e-01,1.719527372878553173e-01,0.000000000000000000e+00,0.000000000000000000e+00,0.000000000000000000e+00,-9.589271564183268204e-01,-8.014796368083958455e-01,8.033877069840709151e-01,2.409144211402369506e-01,0.000000000000000000e+00,0.000000000000000000e+00,0.000000000000000000e+00
9.840999541087089644e-03,4.687172281418325870e-01,8.936123585840283212e-01,1.120745285373467640e-02,1.100093171159317526e-02,7.288560730497906093e-01,6.844868130800225714e-01,-3.204190312117389250e-01,1.635819273220564252e-01,1.522422981133739472e-01,6.053842559376698684e-01,-3.517509459778813130e-01,5.860046501662602436e-02,-3.646869785090718352e-01,-2.671526199040816230e-01,-1.649499188207734501e-01,5.778963409791795236e-01,-2.603708140969847040e-01,3.547884599522169169e-03,-3.341988578140272365e-04,0.000000000000000000e+00,0.000000000000000000e+00,-8.651261958423538401e-01,7.573912113235536925e-01,-7.013237503544449414e-01,1.788288229542063235e-01,0.000000000000000000e+00,0.000000000000000000e+00,0.000000000000000000e+00,-1.004770934452894782e+00,-8.281707450654304248e-01,9.509651637678347980e-01,2.409521691111429498e-01,0.000000000000000000e+00,0.000000000000000000e+00,0.000000000000000000e+00
8.396575412809957964e-03,4.691086590666854184e-01,8.971411653977789946e-01,1.223444589395701089e-02,9.738262060883644614e-03,7.275675404548902492e-01,6.858578268578131576e-01,-3.006288243800672721e-01,1.615406068287635333e-01,1.592239576916559818e-01,5.758509123835295895e-01,-3.418239894697368553e-01,6.091380551346072675e-02,-3.466804937149424726e-01,-2.617371780364783906e-01,-1.614221359185288862e-01,5.457302503929388759e-01,-2.434390430405465600e-01,1.003108181927241105e-02,-2.836577341425412964e-03,0.000000000000000000e+00,0.000000000000000000e+00,-8.568165668578193728e-01,7.833647031695751828e-01,-7.547491176414600211e-01,1.703926806789101134e-01,0.000000000000000000e+00,0.000000000000000000e+00,0.000000000000000000e+00,-1.020830465925514741e+00,-8.375332344275692176e-01,1.053058147552689228e+00,2.299480426417402912e-01,0.000000000000000000e+00,0.000000000000000000e+00,0.000000000000000000e+00
7.022116190236619114e-03,4.690262913266457501e-01,8.996555023609299484e-01,1.409036274754775844e-02,8.552361140508392759e-03,7.261086245590148147e-01,6.873824147718500255e-01,-2.836736720241620491e-01,1.583463839942402251e-01,1.650437637139575142e-01,5.525442498117562051e-01,-3.300020465437719652e-01,6.304469462417559844e-02,-3.329410183190854577e-01,-2.589759816057122799e-01,-1.568963950548303565e-01,5.229560316095045458e-01,-2.300890684947190512e-01,1.489257839581421480e-02,-5.986436507177905937e-03,0.000000000000000000e+00,0.000000000000000000e+00,-8.458516656939618628e-01,8.032634178539279635e-01,-7.886469991194315909e-01,1.664066954895774830e-01,0.000000000000000000e+00,0.000000000000000000e+00,0.000000000000000000e+00,-1.026494814263588351e+00,-8.485797789182866202e-01,1.134009757622071568e+00,2.141117158870181059e-01,0.000000000000000000e+00,0.000000000000000000e+00,0.000000000000000000e+00
5.659450540124671448e-03,4.686641039549782062e-01,9.030399794049093209e-01,1.576088369442231116e-02,8.202572305782057649e-03,7.256619700404638440e-01,6.878219374152961807e-01,-2.646976784827772544e-01,1.522702399802997042e-01,1.698466052373848734e-01,5.196485775741876978e-01,-3.130670878049227057e-01,6.136026013829921910e-02,-3.154008807698410188e-01,-2.578403763777155078e-01,-1.556365131978081073e-01,4.904097356093696791e-01,-2.131114668369334386e-01,1.932198472913926324e-02,-9.163486081960599966e-03,0.000000000000000000e+00,0.000000000000000000e+00,-8.319302738190634816e-01,8.103321800097923466e-01,-8.168591753651687215e-01,1.808648928026027891e-01,0.000000000000000000e+00,0.000000000000000000e+00,0.000000000000000000e+00,-1.027233991908960586e+00,-8.430959309548893277e-01,1.192845655790395920e+00,2.201798481975338617e-01,0.000000000000000000e+00,0.000000000000000000e+00,0.000000000000000000e+00
4.351732058741001295e-03,4.680147328730220324e-01,9.049890654807822843e-01,1.714384770457254639e-02,9.290243319726882235e-03,7.245101191453947598e-01,6.889882924410745124e-01,-2.525431913579312959e-01,1.436169145362431454e-01,1.714593016039775986e-01,4.951159852011028928e-01,-3.032425447968964405e-01,6.338052978633393342e-02,-3.101797735757574337e-01,-2.582263821856506381e-01,-1.477953204044873681e-01,4.745378841613232535e-01,-2.021878608808472533e-01,2.113959060992901678e-02,-1.503635152494359195e-02,0.000000000000000000e+00,0.000000000000000000e+00,-8.131278188387250916e-01,8.147522175542831757e-01,-8.270144788727329388e-01,1.955243784420181152e-01,0.000000000000000000e+00,0.000000000000000000e+00,0.000000000000000000e+00,-1.014341237067732937e+00,-8.334696949722038006e-01,1.236766746282999430e+00,2.250823499364896785e-01,0.000000000000000000e+00,0.000000000000000000e+00,0.000000000000000000e+00
2.976579002400400221e-03,4.671759031956155273e-01,9.074671669690954623e-01,1.848714422079083403e-02,9.443182581328833647e-03,7.238694473731263068e-01,6.896245898755491988e-01,-2.381867581214490437e-01,1.380670090973561970e-01,1.771925323499327076e-01,4.680840415811170496e-01,-2.885986990590950763e-01,6.429706473338296646e-02,-2.996392628696166738e-01,-2.589834785702588849e-01,-1.463653982362799200e-01,4.514835225364305926e-01,-1.831501091053079344e-01,2.502780766060544795e-02,-2.086252129675637834e-02,0.000000000000000000e+00,0.000000000000000000e+00,-7.905771942955839293e-01,8.085723971988204584e-01,-8.350924353090954932e-01,2.176561761513623461e-01,0.000000000000000000e+00,0.000000000000000000e+00,0.000000000000000000e+00,-9.900508018610034711e-01,-8.164326734826931053e-01,1.264847658739405967e+00,2.340675443166674308e-01,0.000000000000000000e+00,0.000000000000000000e+00,0.000000000000000000e+00
1.550588054503939002e-03,4.660390655868628662e-01,9.087943570653942427e-01,2.036553175855413886e-02,8.287322398611976504e-03,7.230587619940047617e-01,6.904365228660408471e-01,-2.268201842638864485e-01,1.359324650995001604e-01,1.841607635681104249e-01,4.528361705512765067e-01,-2.782491780579726681e-01,6.427873798803532268e-02,-2.915590432072679428e-01,-2.589448764537330416e-01,-1.429162074470285426e-01,4.378048533490126459e-01,-1.671312240865359677e-01,2.740722918489119087e-02,-2.832359440531744682e-02,0.000000000000000000e+00,0.000000000000000000e+00,-7.645700408318123475e-01,7.988457473039669576e-01,-8.380691660430421575e-01,2.457385011995294744e-01,0.000000000000000000e+00,0.000000000000000000e+00,0.000000000000000000e+00,-9.574957466461977429e-01,-7.905746601569644261e-01,1.289231408090897313e+00,2.599559169625366151e-01,0.000000000000000000e+00,0.000000000000000000e+00,0.000000000000000000e+00
1.000486484463111204e-04,4.650018518067509654e-01,9.094914546347138140e-01,2.222279534854289251e-02,7.207613678795935126e-03,7.211617573957339600e-01,6.923726722956715651e-01,-2.180096710560787410e-01,1.337879511140495081e-01,1.896471979678869269e-01,4.446154986284045485e-01,-2.750737528568900636e-01,6.673085008675656848e-02,-2.862431993250983409e-01,-2.578245875748892413e-01,-1.362431250765410717e-01,4.287408638457532728e-01,-1.594904850855910772e-01,2.799343873608324193e-02,-3.281762874331457802e-02,0.000000000000000000e+00,0.000000000000000000e+00,-7.400261656607139971e-01,7.883402631493227064e-01,-8.456280498629211717e-01,2.825775697507330597e-01,0.000000000000000000e+00,0.000000000000000000e+00,0.000000000000000000e+00,-9.265218348973580653e-01,-7.686220176749779531e-01,1.328334716409993455e+00,2.931571337241472008e-01,0.000000000000000000e+00,0.000000000000000000e+00,0.000000000000000000e+00
-1.384183870568581401e-03,4.641603811890429032e-01,9.101681688922320657e-01,2.221677127484665212e-02,7.279599575154158987e-03,7.195105434577276915e-01,6.940878909455998613e-01,-2.147710738556812549e-01,1.336354228253522070e-01,1.967058527985853789e-01,4.380478034091825346e-01,-2.678646530026343453e-01,6.748520723571919955e-02,-2.861441476708828646e-01,-2.573850616418604242e-01,-1.333181049320674161e-01,4.217429837886523813e-01,-1.482251369989013301e-01,2.897996838590198576e-02,-3.680434029119897948e-02,0.000000000000000000e+00,0.000000000000000000e+00,-7.040132107180121501e-01,7.696866318319894873e-01,-8.328460035701041875e-01,3.098369062467083435e-01,0.000000000000000000e+00,0.000000000000000000e+00,0.000000000000000000e+00,-8.858313010866856185e-01,-7.452027019551513698e-01,1.342420266062859247e+00,3.297581470341869325e-01,0.000000000000000000e+00,0.000000000000000000e+00,0.000000000000000000e+00
-2.797242131184087162e-03,4.635536551607425393e-01,9.104889189841173236e-01,2.314389276686593111e-02,5.749916112564487994e-03,7.200143419964022407e-01,6.935493104399869102e-01,-2.110633798076848033e-01,1.330974345692624572e-01,1.985986056751241347e-01,4.366907729218444389e-01,-2.664498843084500135e-01,6.993511868358635863e-02,-2.815209558476274854e-01,-2.570369289063799689e-01,-1.304830577187445495e-01,4.174323867991534542e-01,-1.386031163646602449e-01,3.180738631946049277e-02,-4.607906134546783938e-02,0.000000000000000000e+00,0.000000000000000000e+00,-6.798721351713012950e-01,7.559558402937454069e-01,-8.382691340560235460e-01,3.474736803652669903e-01,0.000000000000000000e+00,0.000000000000000000e+00,0.000000000000000000e+00,-8.435041411056113381e-01,-7.212763348933931562e-01,1.363295194442488478e+00,3.732020520499466643e-01,0.000000000000000000e+00,0.000000000000000000e+00,0.000000000000000000e+00
-4.109286665211755660e-03,4.634646088337571190e-01,9.114245389563760957e-01,2.319649234450336245e-02,5.727554855487520385e-03,7.187783150425961498e-01,6.948286491523029129e-01,-2.068125530510617760e-01,1.312631067163112786e-01,2.010932845327156604e-01,4.290549105512384553e-01,-2.593313716941072489e-01,7.210858529270569584e-02,-2.787853894873667526e-01,-2.565040838492237962e-01,-1.279253872741449027e-01,4.084988795040061516e-01,-1.284446929541458171e-01,3.487632044046495849e-02,-5.019313285691054394e-02,0.000000000000000000e+00,0.000000000000000000e+00,-6.476247398363191854e-01,7.319419913514551013e-01,-8.303119827088923932e-01,3.864679923188838462e-01,0.000000000000000000e+00,0.000000000000000000e+00,0.000000000000000000e+00,-7.956878667052034171e-01,-6.879924391516171189e-01,1.364298996171176892e+00,4.301519273288090806e-01,0.000000000000000000e+00,0.000000000000000000e+00,0.000000000000000000e+00
-5.186047946141018883e-03,4.636446786037441981e-01,9.120389531567671959e-01,2.350073215562968262e-02,5.156630957365887676e-03,7.182731878694026406e-01,6.953450599042487745e-01,-2.014496169282599392e-01,1.304152765952555360e-01,2.040360309547978312e-01,4.230000363800867635e-01,-2.592981595675039608e-01,7.303686866829599278e-02,-2.728981322521524255e-01,-2.560969426468785448e-01,-1.279208325723784345e-01,3.989245754654469622e-01,-1.253003120185851305e-01,3.720868901407497348e-02,-5.644132191820027539e-02,0.000000000000000000e+00,0.000000000000000000e+00,-6.220517147003522540e-01,7.153711182257019852e-01,-8.314101092350387745e-01,4.293042424955553216e-01,0.000000000000000000e+00,0.000000000000000000e+00,0.000000000000000000e+00,-7.528422776901737556e-01,-6.548555909718515311e-01,1.362760135770601844e+00,4.933328371701430348e-01,0.000000000000000000e+00,0.000000000000000000e+00,0.000000000000000000e+00
-6.047295389205424240e-03,4.640318738579151669e-01,9.124882449072541091e-01,2.332467499722046603e-02,5.397704954361003116e-03,7.176506081974870499e-01,6.959916873578845253e-01,-1.994779173796156213e-01,1.293860086704067824e-01,2.062694998523135204e-01,4.197470631232695371e-01,-2.573660586400859929e-01,7.527545175410209344e-02,-2.716688454006540021e-01,-2.562851724432828049e-01,-1.273560122011296314e-01,3.942699208278243606e-01,-1.196153873469090467e-01,3.738297638483635554e-02,-6.462611037431117977e-02,0.000000000000000000e+00,0.000000000000000000e+00,-5.915012422412336823e-01,6.958266241519395212e-01,-8.275328597984686896e-01,4.709928896386088581e-01,0.000000000000000000e+00,0.000000000000000000e+00,0.000000000000000000e+00,-7.081757522921527936e-01,-6.214501781576904360e-01,1.343576888129080826e+00,5.509525841221103448e-01,0.000000000000000000e+00,0.000000000000000000e+00,0.000000000000000000e+00
-6.609105532260542600e-03,4.645503386487600528e-01,9.132163140831712766e-01,2.360694206282093477e-02,5.587824998153816461e-03,7.172238290492276569e-01,6.964204674923007987e-01,-1.945736654699191104e-01,1.272888205731744771e-01,2.078033223376963834e-01,4.120298471461893985e-01,-2.538842494409616624e-01,7.677509777098587285e-02,-2.684770073882274954e-01,-2.560565132402040645e-01,-1.254416875196248948e-01,3.875815321003631686e-01,-1.124382332145551638e-01,3.592670729029127236e-02,-7.392414298197406974e-02,0.000000000000000000e+00,0.000000000000000000e+00,-5.656153727741969339e-01,6.756975931062142449e-01,-8.233543172530195520e-01,5.146485976313728283e-01,0.000000000000000000e+00,0.000000000000000000e+00,0.000000000000000000e+00,-6.607689358368701305e-01,-5.839590672671949312e-01,1.310171611326906183e+00,6.085130170806604122e-01,0.000000000000000000e+00,0.000000000000000000e+00,0.000000000000000000e+00
-7.017862132011810916e-03,4.650189844348925905e-01,9.130326269427193608e-01,2.301765295459334837e-02,6.300373996605479303e-03,7.154090265715382646e-01,6.982982297270482475e-01,-1.973851086932020549e-01,1.273457020048696375e-01,2.084668709383159513e-01,4.159331728038965226e-01,-2.490797923598758457e-01,8.155525779279894361e-02,-2.721925693544883784e-01,-2.545517482456965408e-01,-1.213135908062293739e-01,3.876863387130700112e-01,-1.082844376023347349e-01,3.310119505963053654e-02,-8.349484726055500516e-02,0.000000000000000000e+00,0.000000000000000000e+00,-5.552525542071979903e-01,6.645270029582037719e-01,-8.184253277938158266e-01,5.514751943415059365e-01,0.000000000000000000e+00,0.000000000000000000e+00,0.000000000000000000e+00,-6.246199261472442643e-01,-5.586399308689561360e-01,1.260928316410350636e+00,6.472613624444303326e-01,0.000000000000000000e+00,0.000000000000000000e+00,0.000000000000000000e+00
-7.017862132011810916e-03,4.650189844348925905e-01,9.130326269427193608e-01,2.301765295459334837e-02,6.300373996605479303e-03,7.154090265715382646e-01,6.982982297270482475e-01,-1.959296158951480682e-01,1.250308328526779644e-01,2.071872425839606791e-01,4.143813379361382387e-01,-2.500863011189115026e-01,8.228167153635643216e-02,-2.721554210280462960e-01,-2.537059771086843663e-01,-1.225163454823727655e-01,3.900566123803140273e-01,-1.088187956066170442e-01,3.310325841801943503e-02,-8.242983867308635582e-02,0.000000000000000000e+00,0.000000000000000000e+00,-5.476705786194945302e-01,6.571495535760576434e-01,-8.139261052149171505e-01,5.609876190692751896e-01,0.000000000000000000e+00,0.000000000000000000e+00,0.000000000000000000e+00,-6.174364749113802064e-01,-5.542677436892124998e-01,1.253162057734929613e+00,6.546753118950540129e-01,0.000000000000000000e+00,0.000000000000000000e+00,0.000000000000000000e+00
-7.017862132011810916e-03,4.650189844348925905e-01,9.130326269427193608e-01,2.301765295459334837e-02,6.300373996605479303e-03,7.154090265715382646e-01,6.982982297270482475e-01,-1.944741230970941093e-01,1.227159637004863052e-01,2.059076142296054068e-01,4.128295030683800659e-01,-2.510928098779471318e-01,8.300808527991393460e-02,-2.721182727016042691e-01,-2.528602059716722472e-01,-1.237191001585161848e-01,3.924268860475580989e-01,-1.093531536108993812e-01,3.310532177640834045e-02,-8.136483008561772035e-02,0.000000000000000000e+00,0.000000000000000000e+00,-5.400886030317911812e-01,6.497721041939116260e-01,-8.094268826360186964e-01,5.705000437970444427e-01,0.000000000000000000e+00,0.000000000000000000e+00,0.000000000000000000e+00,-6.102530236755161486e-01,-5.498955565094689746e-01,1.245395799059508368e+00,6.620892613456778042e-01,0.000000000000000000e+00,0.000000000000000000e+00,0.000000000000000000e+00
-7.017862132011810916e-03,4.650189844348925905e-01,9.130326269427193608e-01,2.301765295459334837e-02,6.300373996605479303e-03,7.154090265715382646e-01,6.982982297270482475e-01,-1.930186302990401781e-01,1.204010945482946321e-01,2.046279858752501069e-01,4.112776682006217266e-01,-2.520993186369828165e-01,8.373449902347139540e-02,-2.720811243751621866e-01,-2.520144348346600727e-01,-1.249218548346595764e-01,3.947971597148021150e-01,-1.098875116151816905e-01,3.310738513479723893e-02,-8.029982149814907100e-02,0.000000000000000000e+00,0.000000000000000000e+00,-5.325066274440876102e-01,6.423946548117653865e-01,-8.049276600571200202e-01,5.800124685248136958e-01,0.000000000000000000e+00,0.000000000000000000e+00,0.000000000000000000e+00,-6.030695724396520907e-01,-5.455233693297254494e-01,1.237629540384087345e+00,6.695032107963014845e-01,0.000000000000000000e+00,0.000000000000000000e+00,0.000000000000000000e+00
-7.017862132011810916e-03,4.650189844348925905e-01,9.130326269427193608e-01,2.301765295459334837e-02,6.300373996605479303e-03,7.154090265715382646e-01,6.982982297270482475e-01,-1.915631375009862192e-01,1.180862253961029867e-01,2.033483575208948624e-01,4.097258333328635538e-01,-2.531058273960185012e-01,8.446091276702889783e-02,-2.720439760487201597e-01,-2.511686636976479536e-01,-1.261246095108030096e-01,3.971674333820461866e-01,-1.104218696194640137e-01,3.310944849318615130e-02,-7.923481291068043553e-02,0.000000000000000000e+00,0.000000000000000000e+00,-5.249246518563842612e-01,6.350172054296193691e-01,-8.004284374782214551e-01,5.895248932525830599e-01,0.000000000000000000e+00,0.000000000000000000e+00,0.000000000000000000e+00,-5.958861212037881439e-01,-5.411511821499819241e-01,1.229863281708666323e+00,6.769171602469251647e-01,0.000000000000000000e+00,0.000000000000000000e+00,0.000000000000000000e+00
-7.017862132011810916e-03,4.650189844348925905e-01,9.130326269427193608e-01,2.301765295459334837e-02,6.300373996605479303e-03,7.154090265715382646e-01,6.982982297270482475e-01,-1.901076447029322325e-01,1.157713562439113136e-01,2.020687291665395624e-01,4.081739984651052700e-01,-2.541123361550541304e-01,8.518732651058638639e-02,-2.720068277222780773e-01,-2.503228925606357236e-01,-1.273273641869464012e-01,3.995377070492902027e-01,-1.109562276237463230e-01,3.311151185157504978e-02,-7.816980432321180006e-02,0.000000000000000000e+00,0.000000000000000000e+00,-5.173426762686808011e-01,6.276397560474732407e-01,-7.959292148993228899e-01,5.990373179803523129e-01,0.000000000000000000e+00,0.000000000000000000e+00,0.000000000000000000e+00,-5.887026699679239750e-01,-5.367789949702382879e-01,1.222097023033245300e+00,6.843311096975489560e-01,0.000000000000000000e+00,0.000000000000000000e+00,0.000000000000000000e+00
-7.017862132011810916e-03,4.650189844348925905e-01,9.130326269427193608e-01,2.301765295459334837e-02,6.300373996605479303e-03,7.154090265715382646e-01,6.982982297270482475e-01,-1.886521519048782736e-01,1.134564870917196544e-01,2.007891008121843179e-01,4.066221635973470971e-01,-2.551188449140897596e-01,8.591374025414388882e-02,-2.719696793958360503e-01,-2.494771214236236045e-01,-1.285301188630898206e-01,4.019079807165343299e-01,-1.114905856280286600e-01,3.311357520996395520e-02,-7.710479573574315071e-02,0.000000000000000000e+00,0.000000000000000000e+00,-5.097607006809774521e-01,6.202623066653271122e-01,-7.914299923204243248e-01,6.085497427081215660e-01,0.000000000000000000e+00,0.000000000000000000e+00,0.000000000000000000e+00,-5.815192187320600281e-01,-5.324068077904947627e-01,1.214330764357824055e+00,6.917450591481726363e-01,0.000000000000000000e+00,0.000000000000000000e+00,0.000000000000000000e+00
-7.017862132011810916e-03,4.650189844348925905e-01,9.130326269427193608e-01,2.301765295459334837e-02,6.300373996605479303e-03,7.154090265715382646e-01,6.982982297270482475e-01,-1.871966591068243146e-01,1.111416179395279813e-01,1.995094724578290457e-01,4.050703287295887578e-01,-2.561253536731254443e-01,8.664015399770137738e-02,-2.719325310693939679e-01,-2.486313502866114300e-01,-1.297328735392332122e-01,4.042782543837782905e-01,-1.120249436323109693e-01,3.311563856835286063e-02,-7.603978714827450136e-02,0.000000000000000000e+00,0.000000000000000000e+00,-5.021787250932739921e-01,6.128848572831808728e-01,-7.869307697415257596e-01,6.180621674358908191e-01,0.000000000000000000e+00,0.000000000000000000e+00,0.000000000000000000e+00,-5.743357674961959702e-01,-5.280346206107511264e-01,1.206564505682403032e+00,6.991590085987963166e-01,0.000000000000000000e+00,0.000000000000000000e+00,0.000000000000000000e+00
-7.017862132011810916e-03,4.650189844348925905e-01,9.130326269427193608e-01,2.301765295459334837e-02,6.300373996605479303e-03,7.154090265715382646e-01,6.982982297270482475e-01,-1.857411663087703557e-01,1.088267487873363221e-01,1.982298441034737735e-01,4.035184938618305850e-01,-2.571318624321611290e-01,8.736656774125886593e-02,-2.718953827429519410e-01,-2.477855791495993110e-01,-1.309356282153766315e-01,4.066485280510223621e-01,-1.125593016365932925e-01,3.311770192674176605e-02,-7.497477856080587977e-02,0.000000000000000000e+00,0.000000000000000000e+00,-4.945967495055705321e-01,6.055074079010348553e-01,-7.824315471626271945e-01,6.275745921636600722e-01,0.000000000000000000e+00,0.000000000000000000e+00,0.000000000000000000e+00,-5.671523162603320234e-01,-5.236624334310076012e-01,1.198798247006982010e+00,7.065729580494202189e-01,0.000000000000000000e+00,0.000000000000000000e+00,0.000000000000000000e+00
-7.017862132011810916e-03,4.650189844348925905e-01,9.130326269427193608e-01,2.301765295459334837e-02,6.300373996605479303e-03,7.154090265715382646e-01,6.982982297270482475e-01,-1.842856735107163968e-01,1.065118796351446490e-01,1.969502157491184735e-01,4.019666589940723012e-01,-2.581383711911967582e-01,8.809298148481634061e-02,-2.718582344165098585e-01,-2.469398080125871364e-01,-1.321383828915200231e-01,4.090188017182663227e-01,-1.130936596408756156e-01,3.311976528513066453e-02,-7.390976997333721654e-02,0.000000000000000000e+00,0.000000000000000000e+00,-4.870147739178670721e-01,5.981299585188887269e-01,-7.779323245837285183e-01,6.370870168914293252e-01,0.000000000000000000e+00,0.000000000000000000e+00,0.000000000000000000e+00,-5.599688650244678545e-01,-5.192902462512640760e-01,1.191031988331560987e+00,7.139869075000437881e-01,0.000000000000000000e+00,0.000000000000000000e+00,0.000000000000000000e+00
-7.017862132011810916e-03,4.650189844348925905e-01,9.130326269427193608e-01,2.301765295459334837e-02,6.300373996605479303e-03,7.154090265715382646e-01,6.982982297270482475e-01,-1.828301807126624379e-01,1.041970104829530036e-01,1.956705873947632290e-01,4.004148241263141283e-01,-2.591448799502323874e-01,8.881939522837384304e-02,-2.718210860900678316e-01,-2.460940368755749896e-01,-1.333411375676634147e-01,4.113890753855104498e-01,-1.136280176451579388e-01,3.312182864351957690e-02,-7.284476138586858107e-02,0.000000000000000000e+00,0.000000000000000000e+00,-4.794327983301636675e-01,5.907525091367427095e-01,-7.734331020048300642e-01,6.465994416191985783e-01,0.000000000000000000e+00,0.000000000000000000e+00,0.000000000000000000e+00,-5.527854137886039076e-01,-5.149180590715205508e-01,1.183265729656139742e+00,7.214008569506675794e-01,0.000000000000000000e+00,0.000000000000000000e+00,0.000000000000000000e+00
-7.017862132011810916e-03,4.650189844348925905e-01,9.130326269427193608e-01,2.301765295459334837e-02,6.300373996605479303e-03,7.154090265715382646e-01,6.982982297270482475e-01,-1.813746879146084789e-01,1.018821413307613305e-01,1.943909590404079568e-01,3.988629892585557890e-01,-2.601513887092680721e-01,8.954580897193133160e-02,-2.717839377636257492e-01,-2.452482657385628428e-01,-1.345438922438068341e-01,4.137593490527544660e-01,-1.141623756494402481e-01,3.312389200190847538e-02,-7.177975279839994560e-02,0.000000000000000000e+00,0.000000000000000000e+00,-4.718508227424602630e-01,5.833750597545965810e-01,-7.689338794259313881e-01,6.561118663469678314e-01,0.000000000000000000e+00,0.000000000000000000e+00,0.000000000000000000e+00,-5.456019625527398498e-01,-5.105458718917769145e-01,1.175499470980718719e+00,7.288148064012912597e-01,0.000000000000000000e+00,0.000000000000000000e+00,0.000000000000000000e+00
-7.017862132011810916e-03,4.650189844348925905e-01,9.130326269427193608e-01,2.301765295459334837e-02,6.300373996605479303e-03,7.154090265715382646e-01,6.982982297270482475e-01,-1.799191951165545200e-01,9.956727217856967127e-02,1.931113306860526846e-01,3.973111543907976162e-01,-2.611578974683037568e-01,9.027222271548882016e-02,-2.717467894371837223e-01,-2.444024946015506961e-01,-1.357466469199502535e-01,4.161296227199985376e-01,-1.146967336537225712e-01,3.312595536029738080e-02,-7.071474421093131013e-02,0.000000000000000000e+00,0.000000000000000000e+00,-4.642688471547568585e-01,5.759976103724504526e-01,-7.644346568470328229e-01,6.656242910747371955e-01,0.000000000000000000e+00,0.000000000000000000e+00,0.000000000000000000e+00,-5.384185113168757919e-01,-5.061736847120333893e-01,1.167733212305297696e+00,7.362287558519150510e-01,0.000000000000000000e+00,0.000000000000000000e+00,0.000000000000000000e+00
-7.017862132011810916e-03,4.650189844348925905e-01,9.130326269427193608e-01,2.301765295459334837e-02,6.300373996605479303e-03,7.154090265715382646e-01,6.982982297270482475e-01,-1.784637023185005333e-01,9.725240302637799816e-02,1.918317023316973846e-01,3.957593195230393324e-01,-2.621644062273393860e-01,9.099863645904629483e-02,-2.717096411107416398e-01,-2.435567234645385493e-01,-1.369494015960936451e-01,4.184998963872425537e-01,-1.152310916580049083e-01,3.312801871868628623e-02,-6.964973562346264691e-02,0.000000000000000000e+00,0.000000000000000000e+00,-4.566868715670533985e-01,5.686201609903043241e-01,-7.599354342681342578e-01,6.751367158025063375e-01,0.000000000000000000e+00,0.000000000000000000e+00,0.000000000000000000e+00,-5.312350600810117340e-01,-5.018014975322897531e-01,1.159966953629876452e+00,7.436427053025387313e-01,0.000000000000000000e+00,0.000000000000000000e+00,0.000000000000000000e+00
-7.017862132011810916e-03,4.650189844348925905e-01,9.130326269427193608e-01,2.301765295459334837e-02,6.300373996605479303e-03,7.154090265715382646e-01,6.982982297270482475e-01,-1.770082095204466022e-01,9.493753387418632506e-02,1.905520739773421124e-01,3.942074846552811040e-01,-2.631709149863750152e-01,9.172505020260378339e-02,-2.716724927842995574e-01,-2.427109523275263747e-01,-1.381521562722370366e-01,4.208701700544866253e-01,-1.157654496622872176e-01,3.313008207707518471e-02,-6.858472703599401143e-02,0.000000000000000000e+00,0.000000000000000000e+00,-4.491048959793499384e-01,5.612427116081581957e-01,-7.554362116892355816e-01,6.846491405302757016e-01,0.000000000000000000e+00,0.000000000000000000e+00,0.000000000000000000e+00,-5.240516088451476762e-01,-4.974293103525462278e-01,1.152200694954455207e+00,7.510566547531624115e-01,0.000000000000000000e+00,0.000000000000000000e+00,0.000000000000000000e+00
-7.017862132011810916e-03,4.650189844348925905e-01,9.130326269427193608e-01,2.301765295459334837e-02,6.300373996605479303e-03,7.154090265715382646e-01,6.982982297270482475e-01,-1.755527167223926432e-01,9.262266472199467970e-02,1.892724456229868402e-01,3.926556497875228757e-01,-2.641774237454106999e-01,9.245146394616128582e-02,-2.716353444578575305e-01,-2.418651811905142279e-01,-1.393549109483804560e-01,4.232404437217306414e-01,-1.162998076665695268e-01,3.313214543546409013e-02,-6.751971844852537596e-02,0.000000000000000000e+00,0.000000000000000000e+00,-4.415229203916465339e-01,5.538652622260120673e-01,-7.509369891103371275e-01,6.941615652580449547e-01,0.000000000000000000e+00,0.000000000000000000e+00,0.000000000000000000e+00,-5.168681576092836183e-01,-4.930571231728027026e-01,1.144434436279034406e+00,7.584706042037860918e-01,0.000000000000000000e+00,0.000000000000000000e+00,0.000000000000000000e+00
-7.017862132011810916e-03,4.650189844348925905e-01,9.130326269427193608e-01,2.301765295459334837e-02,6.300373996605479303e-03,7.154090265715382646e-01,6.982982297270482475e-01,-1.740972239243386843e-01,9.030779556980302047e-02,1.879928172686315957e-01,3.911038149197646474e-01,-2.651839325044463846e-01,9.317787768971877438e-02,-2.715981961314155035e-01,-2.410194100535020534e-01,-1.405576656245238754e-01,4.256107173889747131e-01,-1.168341656708518639e-01,3.313420879385299556e-02,-6.645470986105672662e-02,0.000000000000000000e+00,0.000000000000000000e+00,-4.339409448039431294e-01,5.464878128438659388e-01,-7.464377665314385624e-01,7.036739899858142078e-01,0.000000000000000000e+00,0.000000000000000000e+00,0.000000000000000000e+00,-5.096847063734196714e-01,-4.886849359930591219e-01,1.136668177603613383e+00,7.658845536544098831e-01,0.000000000000000000e+00,0.000000000000000000e+00,0.000000000000000000e+00
-7.017862132011810916e-03,4.650189844348925905e-01,9.130326269427193608e-01,2.301765295459334837e-02,6.300373996605479303e-03,7.154090265715382646e-01,6.982982297270482475e-01,-1.726417311262846976e-01,8.799292641761134737e-02,1.867131889142763235e-01,3.895519800520063636e-01,-2.661904412634820138e-01,9.390429143327626293e-02,-2.715610478049734211e-01,-2.401736389164899066e-01,-1.417604203006672670e-01,4.279809910562186737e-01,-1.173685236751341732e-01,3.313627215224189404e-02,-6.538970127358809115e-02,0.000000000000000000e+00,0.000000000000000000e+00,-4.263589692162396694e-01,5.391103634617199214e-01,-7.419385439525398862e-01,7.131864147135835719e-01,0.000000000000000000e+00,0.000000000000000000e+00,0.000000000000000000e+00,-5.025012551375556136e-01,-4.843127488133155412e-01,1.128901918928192138e+00,7.732985031050335634e-01,0.000000000000000000e+00,0.000000000000000000e+00,0.000000000000000000e+00
-7.017862132011810916e-03,4.650189844348925905e-01,9.130326269427193608e-01,2.301765295459334837e-02,6.300373996605479303e-03,7.154090265715382646e-01,6.982982297270482475e-01,-1.711862383282307387e-01,8.567805726541967426e-02,1.854335605599209957e-01,3.880001451842480797e-01,-2.671969500225176430e-01,9.463070517683375149e-02,-2.715238994785313387e-01,-2.393278677794777320e-01,-1.429631749768106586e-01,4.303512647234627453e-01,-1.179028816794164825e-01,3.313833551063079946e-02,-6.432469268611944180e-02,0.000000000000000000e+00,0.000000000000000000e+00,-4.187769936285362093e-01,5.317329140795737930e-01,-7.374393213736413211e-01,7.226988394413527139e-01,0.000000000000000000e+00,0.000000000000000000e+00,0.000000000000000000e+00,-4.953178039016915002e-01,-4.799405616335719604e-01,1.121135660252770894e+00,7.807124525556572436e-01,0.000000000000000000e+00,0.000000000000000000e+00,0.000000000000000000e+00
-7.017862132011810916e-03,4.650189844348925905e-01,9.130326269427193608e-01,2.301765295459334837e-02,6.300373996605479303e-03,7.154090265715382646e-01,6.982982297270482475e-01,-1.697307455301768075e-01,8.336318811322801503e-02,1.841539322055657513e-01,3.864483103164899069e-01,-2.682034587815533277e-01,9.535711892039124005e-02,-2.714867511520893117e-01,-2.384820966424655853e-01,-1.441659296529540779e-01,4.327215383907068169e-01,-1.184372396836988195e-01,3.314039886901970489e-02,-6.325968409865080633e-02,0.000000000000000000e+00,0.000000000000000000e+00,-4.111950180408328048e-01,5.243554646974276645e-01,-7.329400987947427559e-01,7.322112641691220780e-01,0.000000000000000000e+00,0.000000000000000000e+00,0.000000000000000000e+00,-4.881343526658274978e-01,-4.755683744538284352e-01,1.113369401577350093e+00,7.881264020062810349e-01,0.000000000000000000e+00,0.000000000000000000e+00,0.000000000000000000e+00
-7.017862132011810916e-03,4.650189844348925905e-01,9.130326269427193608e-01,2.301765295459334837e-02,6.300373996605479303e-03,7.154090265715382646e-01,6.982982297270482475e-01,-1.682752527321228486e-01,8.104831896103635580e-02,1.828743038512105068e-01,3.848964754487316231e-01,-2.692099675405890125e-01,9.608353266394872860e-02,-2.714496028256472293e-01,-2.376363255054534385e-01,-1.453686843290974973e-01,4.350918120579508885e-01,-1.189715976879811565e-01,3.314246222740860337e-02,-6.219467551118217086e-02,0.000000000000000000e+00,0.000000000000000000e+00,-4.036130424531294003e-01,5.169780153152816471e-01,-7.284408762158440798e-01,7.417236888968913311e-01,0.000000000000000000e+00,0.000000000000000000e+00,0.000000000000000000e+00,-4.809509014299634400e-01,-4.711961872740849100e-01,1.105603142901929070e+00,7.955403514569048262e-01,0.000000000000000000e+00,0.000000000000000000e+00,0.000000000000000000e+00
-7.017862132011810916e-03,4.650189844348925905e-01,9.130326269427193608e-01,2.301765295459334837e-02,6.300373996605479303e-03,7.154090265715382646e-01,6.982982297270482475e-01,-1.668197599340688619e-01,7.873344980884469657e-02,1.815946754968552068e-01,3.833446405809733948e-01,-2.702164762996246417e-01,9.680994640750621716e-02,-2.714124544992052024e-01,-2.367905543684412917e-01,-1.465714390052408889e-01,4.374620857251949047e-01,-1.195059556922634658e-01,3.314452558579750879e-02,-6.112966692371352151e-02,0.000000000000000000e+00,0.000000000000000000e+00,-3.960310668654259403e-01,5.096005659331354076e-01,-7.239416536369456256e-01,7.512361136246605842e-01,0.000000000000000000e+00,0.000000000000000000e+00,0.000000000000000000e+00,-4.737674501940994376e-01,-4.668240000943413293e-01,1.097836884226507825e+00,8.029543009075283955e-01,0.000000000000000000e+00,0.000000000000000000e+00,0.000000000000000000e+00
-7.017862132011810916e-03,4.650189844348925905e-01,9.130326269427193608e-01,2.301765295459334837e-02,6.300373996605479303e-03,7.154090265715382646e-01,6.982982297270482475e-01,-1.653642671360149030e-01,7.641858065665302346e-02,1.803150471424999346e-01,3.817928057132151110e-01,-2.712229850586602709e-01,9.753636015106370571e-02,-2.713753061727631199e-01,-2.359447832314291171e-01,-1.477741936813842805e-01,4.398323593924389208e-01,-1.200403136965457751e-01,3.314658894418641422e-02,-6.006465833624487910e-02,0.000000000000000000e+00,0.000000000000000000e+00,-3.884490912777224803e-01,5.022231165509892792e-01,-7.194424310580469495e-01,7.607485383524297262e-01,0.000000000000000000e+00,0.000000000000000000e+00,0.000000000000000000e+00,-4.665839989582353242e-01,-4.624518129145976930e-01,1.090070625551086581e+00,8.103682503581521868e-01,0.000000000000000000e+00,0.000000000000000000e+00,0.000000000000000000e+00
-7.017862132011810916e-03,4.650189844348925905e-01,9.130326269427193608e-01,2.301765295459334837e-02,6.300373996605479303e-03,7.154090265715382646e-01,6.982982297270482475e-01,-1.639087743379609163e-01,7.410371150446136423e-02,1.790354187881446624e-01,3.802409708454569381e-01,-2.722294938176959556e-01,9.826277389462119427e-02,-2.713381578463210930e-01,-2.350990120944169703e-01,-1.489769483575276998e-01,4.422026330596829924e-01,-1.205746717008280844e-01,3.314865230257531270e-02,-5.899964974877623669e-02,0.000000000000000000e+00,0.000000000000000000e+00,-3.808671156900190757e-01,4.948456671688432063e-01,-7.149432084791482733e-01,7.702609630801990903e-01,0.000000000000000000e+00,0.000000000000000000e+00,0.000000000000000000e+00,-4.594005477223713774e-01,-4.580796257348541678e-01,1.082304366875665558e+00,8.177821998087758670e-01,0.000000000000000000e+00,0.000000000000000000e+00,0.000000000000000000e+00
-7.017862132011810916e-03,4.650189844348925905e-01,9.130326269427193608e-01,2.301765295459334837e-02,6.300373996605479303e-03,7.154090265715382646e-01,6.982982297270482475e-01,-1.624532815399069574e-01,7.178884235226969113e-02,1.777557904337893901e-01,3.786891359776986543e-01,-2.732360025767315848e-01,9.898918763817868283e-02,-2.713010095198790106e-01,-2.342532409574048236e-01,-1.501797030336711192e-01,4.445729067269270640e-01,-1.211090297051104214e-01,3.315071566096421812e-02,-5.793464116130759428e-02,0.000000000000000000e+00,0.000000000000000000e+00,-3.732851401023156157e-01,4.874682177866970778e-01,-7.104439859002498192e-01,7.797733878079684544e-01,0.000000000000000000e+00,0.000000000000000000e+00,0.000000000000000000e+00,-4.522170964865072640e-01,-4.537074385551105871e-01,1.074538108200244535e+00,8.251961492593996583e-01,0.000000000000000000e+00,0.000000000000000000e+00,0.000000000000000000e+00
-7.017862132011810916e-03,4.650189844348925905e-01,9.130326269427193608e-01,2.301765295459334837e-02,6.300373996605479303e-03,7.154090265715382646e-01,6.982982297270482475e-01,-1.609977887418529985e-01,6.947397320007801802e-02,1.764761620794341179e-01,3.771373011099403705e-01,-2.742425113357672695e-01,9.971560138173617138e-02,-2.712638611934369282e-01,-2.334074698203926213e-01,-1.513824577098145108e-01,4.469431803941710246e-01,-1.216433877093927307e-01,3.315277901935312355e-02,-5.686963257383894493e-02,0.000000000000000000e+00,0.000000000000000000e+00,-3.657031645146121557e-01,4.800907684045508939e-01,-7.059447633213511430e-01,7.892858125357375965e-01,0.000000000000000000e+00,0.000000000000000000e+00,0.000000000000000000e+00,-4.450336452506432616e-01,-4.493352513753670063e-01,1.066771849524823290e+00,8.326100987100233386e-01,0.000000000000000000e+00,0.000000000000000000e+00,0.000000000000000000e+00
-7.017862132011810916e-03,4.650189844348925905e-01,9.130326269427193608e-01,2.301765295459334837e-02,6.300373996605479303e-03,7.154090265715382646e-01,6.982982297270482475e-01,-1.595422959437990396e-01,6.715910404788635879e-02,1.751965337250788457e-01,3.755854662421821422e-01,-2.752490200948028987e-01,1.004420151252936599e-01,-2.712267128669949012e-01,-2.325616986833805022e-01,-1.525852123859579301e-01,4.493134540614150962e-01,-1.221777457136750678e-01,3.315484237774202203e-02,-5.580462398637030252e-02,0.000000000000000000e+00,0.000000000000000000e+00,-3.581211889269087512e-01,4.727133190224048764e-01,-7.014455407424525779e-01,7.987982372635069606e-01,0.000000000000000000e+00,0.000000000000000000e+00,0.000000000000000000e+00,-4.378501940147792038e-01,-4.449630641956234811e-01,1.059005590849402267e+00,8.400240481606471299e-01,0.000000000000000000e+00,0.000000000000000000e+00,0.000000000000000000e+00
-7.017862132011810916e-03,4.650189844348925905e-01,9.130326269427193608e-01,2.301765295459334837e-02,6.300373996605479303e-03,7.154090265715382646e-01,6.982982297270482475e-01,-1.580868031457450806e-01,6.484423489569471344e-02,1.739169053707235735e-01,3.740336313744239138e-01,-2.762555288538385834e-01,1.011684288688511624e-01,-2.711895645405528743e-01,-2.317159275463683554e-01,-1.537879670621013495e-01,4.516837277286591679e-01,-1.227121037179573770e-01,3.315690573613093439e-02,-5.473961539890167399e-02,0.000000000000000000e+00,0.000000000000000000e+00,-3.505392133392053466e-01,4.653358696402587480e-01,-6.969463181635540128e-01,8.083106619912762136e-01,0.000000000000000000e+00,0.000000000000000000e+00,0.000000000000000000e+00,-4.306667427789152569e-01,-4.405908770158799559e-01,1.051239332173981467e+00,8.474379976112709212e-01,0.000000000000000000e+00,0.000000000000000000e+00,0.000000000000000000e+00
-7.017862132011810916e-03,4.650189844348925905e-01,9.130326269427193608e-01,2.301765295459334837e-02,6.300373996605479303e-03,7.154090265715382646e-01,6.982982297270482475e-01,-1.566313103476911217e-01,6.252936574350304033e-02,1.726372770163683013e-01,3.724817965066656855e-01,-2.772620376128742126e-01,1.018948426124086371e-01,-2.711524162141107919e-01,-2.308701564093562086e-01,-1.549907217382447411e-01,4.540540013959032395e-01,-1.232464617222397002e-01,3.315896909451983288e-02,-5.367460681143303158e-02,0.000000000000000000e+00,0.000000000000000000e+00,-3.429572377515018866e-01,4.579584202581126195e-01,-6.924470955846554476e-01,8.178230867190454667e-01,0.000000000000000000e+00,0.000000000000000000e+00,0.000000000000000000e+00,-4.234832915430511435e-01,-4.362186898361363196e-01,1.043473073498560222e+00,8.548519470618944904e-01,0.000000000000000000e+00,0.000000000000000000e+00,0.000000000000000000e+00
-7.017862132011810916e-03,4.650189844348925905e-01,9.130326269427193608e-01,2.301765295459334837e-02,6.300373996605479303e-03,7.154090265715382646e-01,6.982982297270482475e-01,-1.551758175496371628e-01,6.021449659131136722e-02,1.713576486620130290e-01,3.709299616389074017e-01,-2.782685463719098973e-01,1.026212563559661256e-01,-2.711152678876687094e-01,-2.300243852723440341e-01,-1.561934764143881327e-01,4.564242750631472001e-01,-1.237808197265220234e-01,3.316103245290873136e-02,-5.260959822396438224e-02,0.000000000000000000e+00,0.000000000000000000e+00,-3.353752621637984266e-01,4.505809708759664911e-01,-6.879478730057567715e-01,8.273355114468146088e-01,0.000000000000000000e+00,0.000000000000000000e+00,0.000000000000000000e+00,-4.162998403071870301e-01,-4.318465026563927389e-01,1.035706814823138977e+00,8.622658965125181707e-01,0.000000000000000000e+00,0.000000000000000000e+00,0.000000000000000000e+00
-7.017862132011810916e-03,4.650189844348925905e-01,9.130326269427193608e-01,2.301765295459334837e-02,6.300373996605479303e-03,7.154090265715382646e-01,6.982982297270482475e-01,-1.537203247515832039e-01,5.789962743911970799e-02,1.700780203076577568e-01,3.693781267711491734e-01,-2.792750551309455265e-01,1.033476700995236142e-01,-2.710781195612266825e-01,-2.291786141353318873e-01,-1.573962310905315520e-01,4.587945487303912717e-01,-1.243151777308043326e-01,3.316309581129764372e-02,-5.154458963649573983e-02,0.000000000000000000e+00,0.000000000000000000e+00,-3.277932865760950221e-01,4.432035214938204182e-01,-6.834486504268582063e-01,8.368479361745839729e-01,0.000000000000000000e+00,0.000000000000000000e+00,0.000000000000000000e+00,-4.091163890713230833e-01,-4.274743154766492137e-01,1.027940556147717954e+00,8.696798459631419620e-01,0.000000000000000000e+00,0.000000000000000000e+00,0.000000000000000000e+00
-7.017862132011810916e-03,4.650189844348925905e-01,9.130326269427193608e-01,2.301765295459334837e-02,6.300373996605479303e-03,7.154090265715382646e-01,6.982982297270482475e-01,-1.522648319535292449e-01,5.558475828692804876e-02,1.687983919533024846e-01,3.678262919033908895e-01,-2.802815638899812112e-01,1.040740838430811027e-01,-2.710409712347846556e-01,-2.283328429983197405e-01,-1.585989857666749436e-01,4.611648223976353433e-01,-1.248495357350866419e-01,3.316515916968654221e-02,-5.047958104902709742e-02,0.000000000000000000e+00,0.000000000000000000e+00,-3.202113109883916175e-01,4.358260721116742897e-01,-6.789494278479597522e-01,8.463603609023531149e-01,0.000000000000000000e+00,0.000000000000000000e+00,0.000000000000000000e+00,-4.019329378354590809e-01,-4.231021282969056330e-01,1.020174297472296931e+00,8.770937954137656423e-01,0.000000000000000000e+00,0.000000000000000000e+00,0.000000000000000000e+00
-7.017862132011810916e-03,4.650189844348925905e-01,9.130326269427193608e-01,2.301765295459334837e-02,6.300373996605479303e-03,7.154090265715382646e-01,6.982982297270482475e-01,-1.508093391554752860e-01,5.326988913473638260e-02,1.675187635989472124e-01,3.662744570356326612e-01,-2.812880726490168959e-01,1.048004975866386052e-01,-2.710038229083425732e-01,-2.274870718613075660e-01,-1.598017404428183630e-01,4.635350960648793595e-01,-1.253838937393689790e-01,3.316722252807544763e-02,-4.941457246155845501e-02,0.000000000000000000e+00,0.000000000000000000e+00,-3.126293354006881575e-01,4.284486227295282168e-01,-6.744502052690610761e-01,8.558727856301224790e-01,0.000000000000000000e+00,0.000000000000000000e+00,0.000000000000000000e+00,-3.947494865995949676e-01,-4.187299411171621077e-01,1.012408038796875909e+00,8.845077448643894336e-01,0.000000000000000000e+00,0.000000000000000000e+00,0.000000000000000000e+00
-7.017862132011810916e-03,4.650189844348925905e-01,9.130326269427193608e-01,2.301765295459334837e-02,6.300373996605479303e-03,7.154090265715382646e-01,6.982982297270482475e-01,-1.493538463574213271e-01,5.095501998254470949e-02,1.662391352445919401e-01,3.647226221678744329e-01,-2.822945814080525251e-01,1.055269113301960937e-01,-2.709666745819004907e-01,-2.266413007242954192e-01,-1.610044951189617546e-01,4.659053697321234311e-01,-1.259182517436513160e-01,3.316928588646435305e-02,-4.834956387408981260e-02,0.000000000000000000e+00,0.000000000000000000e+00,-3.050473598129847530e-01,4.210711733473820884e-01,-6.699509826901623999e-01,8.653852103578918431e-01,0.000000000000000000e+00,0.000000000000000000e+00,0.000000000000000000e+00,-3.875660353637309097e-01,-4.143577539374184715e-01,1.004641780121454664e+00,8.919216943150131138e-01,0.000000000000000000e+00,0.000000000000000000e+00,0.000000000000000000e+00
-7.017862132011810916e-03,4.650189844348925905e-01,9.130326269427193608e-01,2.301765295459334837e-02,6.300373996605479303e-03,7.154090265715382646e-01,6.982982297270482475e-01,-1.478983535593673682e-01,4.864015083035305026e-02,1.649595068902366402e-01,3.631707873001162046e-01,-2.833010901670881543e-01,1.062533250737535684e-01,-2.709295262554584638e-01,-2.257955295872832724e-01,-1.622072497951051462e-01,4.682756433993674472e-01,-1.264526097479336253e-01,3.317134924485325154e-02,-4.728455528662117713e-02,0.000000000000000000e+00,0.000000000000000000e+00,-2.974653842252813485e-01,4.136937239652359599e-01,-6.654517601112639458e-01,8.748976350856610962e-01,0.000000000000000000e+00,0.000000000000000000e+00,0.000000000000000000e+00,-3.803825841278669073e-01,-4.099855667576749463e-01,9.968755214460336411e-01,8.993356437656367941e-01,0.000000000000000000e+00,0.000000000000000000e+00,0.000000000000000000e+00
-7.017862132011810916e-03,4.650189844348925905e-01,9.130326269427193608e-01,2.301765295459334837e-02,6.300373996605479303e-03,7.154090265715382646e-01,6.982982297270482475e-01,-1.464428607613134092e-01,4.632528167816138409e-02,1.636798785358813957e-01,3.616189524323579763e-01,-2.843075989261238390e-01,1.069797388173110708e-01,-2.708923779290164369e-01,-2.249497584502710978e-01,-1.634100044712485933e-01,4.706459170666114633e-01,-1.269869677522159623e-01,3.317341260324215696e-02,-4.621954669915252778e-02,0.000000000000000000e+00,0.000000000000000000e+00,-2.898834086375778885e-01,4.063162745830898315e-01,-6.609525375323652696e-01,8.844100598134303493e-01,0.000000000000000000e+00,0.000000000000000000e+00,0.000000000000000000e+00,-3.731991328920027939e-01,-4.056133795779313655e-01,9.891092627706125073e-01,9.067495932162605854e-01,0.000000000000000000e+00,0.000000000000000000e+00,0.000000000000000000e+00
-7.017862132011810916e-03,4.650189844348925905e-01,9.130326269427193608e-01,2.301765295459334837e-02,6.300373996605479303e-03,7.154090265715382646e-01,6.982982297270482475e-01,-1.449873679632594503e-01,4.401041252596972486e-02,1.624002501815261235e-01,3.600671175645996924e-01,-2.853141076851595237e-01,1.077061525608685594e-01,-2.708552296025743544e-01,-2.241039873132589788e-01,-1.646127591473919849e-01,4.730161907338554794e-01,-1.275213257564982716e-01,3.317547596163106238e-02,-4.515453811168389231e-02,0.000000000000000000e+00,0.000000000000000000e+00,-2.823014330498744839e-01,3.989388252009438141e-01,-6.564533149534668155e-01,8.939224845411994913e-01,0.000000000000000000e+00,0.000000000000000000e+00,0.000000000000000000e+00,-3.660156816561388471e-01,-4.012411923981878403e-01,9.813430040951914846e-01,9.141635426668842657e-01,0.000000000000000000e+00,0.000000000000000000e+00,0.000000000000000000e+00
-7.017862132011810916e-03,4.650189844348925905e-01,9.130326269427193608e-01,2.301765295459334837e-02,6.300373996605479303e-03,7.154090265715382646e-01,6.982982297270482475e-01,-1.435318751652054914e-01,4.169554337377805175e-02,1.611206218271708512e-01,3.585152826968414641e-01,-2.863206164441951529e-01,1.084325663044260479e-01,-2.708180812761322720e-01,-2.232582161762468043e-01,-1.658155138235353765e-01,4.753864644010995510e-01,-1.280556837607805809e-01,3.317753932001996087e-02,-4.408952952421524296e-02,0.000000000000000000e+00,0.000000000000000000e+00,-2.747194574621710239e-01,3.915613758187976301e-01,-6.519540923745681393e-01,9.034349092689688554e-01,0.000000000000000000e+00,0.000000000000000000e+00,0.000000000000000000e+00,-3.588322304202747337e-01,-3.968690052184442596e-01,9.735767454197703508e-01,9.215774921175079459e-01,0.000000000000000000e+00,0.000000000000000000e+00,0.000000000000000000e+00
-7.017862132011810916e-03,4.650189844348925905e-01,9.130326269427193608e-01,2.301765295459334837e-02,6.300373996605479303e-03,7.154090265715382646e-01,6.982982297270482475e-01,-1.420763823671515325e-01,3.938067422158639946e-02,1.598409934728155790e-01,3.569634478290831803e-01,-2.873271252032307821e-01,1.091589800479835365e-01,-2.707809329496902451e-01,-2.224124450392346297e-01,-1.670182684996787958e-01,4.777567380683436227e-01,-1.285900417650628902e-01,3.317960267840886629e-02,-4.302452093674660749e-02,0.000000000000000000e+00,0.000000000000000000e+00,-2.671374818744676194e-01,3.841839264366515572e-01,-6.474548697956695742e-01,9.129473339967381085e-01,0.000000000000000000e+00,0.000000000000000000e+00,0.000000000000000000e+00,-3.516487791844107313e-01,-3.924968180387007344e-01,9.658104867443493280e-01,9.289914415681317372e-01,0.000000000000000000e+00,0.000000000000000000e+00,0.000000000000000000e+00
-7.017862132011810916e-03,4.650189844348925905e-01,9.130326269427193608e-01,2.301765295459334837e-02,6.300373996605479303e-03,7.154090265715382646e-01,6.982982297270482475e-01,-1.406208895690975458e-01,3.706580506939472636e-02,1.585613651184603068e-01,3.554116129613249520e-01,-2.883336339622664668e-01,1.098853937915410250e-01,-2.707437846232481626e-01,-2.215666739022224829e-01,-1.682210231758221874e-01,4.801270117355876943e-01,-1.291243997693452272e-01,3.318166603679777171e-02,-4.195951234927795814e-02,0.000000000000000000e+00,0.000000000000000000e+00,-2.595555062867641594e-01,3.768064770545054287e-01,-6.429556472167710091e-01,9.224597587245073615e-01,0.000000000000000000e+00,0.000000000000000000e+00,0.000000000000000000e+00,-3.444653279485466735e-01,-3.881246308589570981e-01,9.580442280689281942e-01,9.364053910187554175e-01,0.000000000000000000e+00,0.000000000000000000e+00,0.000000000000000000e+00
-7.017862132011810916e-03,4.650189844348925905e-01,9.130326269427193608e-01,2.301765295459334837e-02,6.300373996605479303e-03,7.154090265715382646e-01,6.982982297270482475e-01,-1.391653967710435869e-01,3.475093591720306713e-02,1.572817367641050346e-01,3.538597780935667236e-01,-2.893401427213020960e-01,1.106118075350985136e-01,-2.707066362968061357e-01,-2.207209027652103361e-01,-1.694237778519656068e-01,4.824972854028317104e-01,-1.296587577736275365e-01,3.318372939518667714e-02,-4.089450376180932267e-02,0.000000000000000000e+00,0.000000000000000000e+00,-2.519735306990607548e-01,3.694290276723593003e-01,-6.384564246378723329e-01,9.319721834522766146e-01,0.000000000000000000e+00,0.000000000000000000e+00,0.000000000000000000e+00,-3.372818767126826156e-01,-3.837524436792135729e-01,9.502779693935071714e-01,9.438193404693790978e-01,0.000000000000000000e+00,0.000000000000000000e+00,0.000000000000000000e+00
-7.017862132011810916e-03,4.650189844348925905e-01,9.130326269427193608e-01,2.301765295459334837e-02,6.300373996605479303e-03,7.154090265715382646e-01,6.982982297270482475e-01,-1.377099039729896279e-01,3.243606676501140096e-02,1.560021084097497623e-01,3.523079432258084953e-01,-2.903466514803377807e-01,1.113382212786560022e-01,-2.706694879703640533e-01,-2.198751316281981893e-01,-1.706265325281089984e-01,4.848675590700757820e-01,-1.301931157779098736e-01,3.318579275357557562e-02,-3.982949517434068026e-02,0.000000000000000000e+00,0.000000000000000000e+00,-2.443915551113572948e-01,3.620515782902131718e-01,-6.339572020589738788e-01,9.414846081800458677e-01,0.000000000000000000e+00,0.000000000000000000e+00,0.000000000000000000e+00,-3.300984254768186132e-01,-3.793802564994699922e-01,9.425117107180860376e-01,9.512332899200028891e-01,0.000000000000000000e+00,0.000000000000000000e+00,0.000000000000000000e+00
-7.017862132011810916e-03,4.650189844348925905e-01,9.130326269427193608e-01,2.301765295459334837e-02,6.300373996605479303e-03,7.154090265715382646e-01,6.982982297270482475e-01,-1.362544111749356690e-01,3.012119761281974520e-02,1.547224800553944624e-01,3.507561083580502670e-01,-2.913531602393734099e-01,1.120646350222134907e-01,-2.706323396439220264e-01,-2.190293604911860426e-01,-1.718292872042524178e-01,4.872378327373197426e-01,-1.307274737821921828e-01,3.318785611196448104e-02,-3.876448658687203785e-02,0.000000000000000000e+00,0.000000000000000000e+00,-2.368095795236538903e-01,3.546741289080670989e-01,-6.294579794800752026e-01,9.509970329078151208e-01,0.000000000000000000e+00,0.000000000000000000e+00,0.000000000000000000e+00,-3.229149742409546109e-01,-3.750080693197264670e-01,9.347454520426650149e-01,9.586472393706265693e-01,0.000000000000000000e+00,0.000000000000000000e+00,0.000000000000000000e+00
-7.017862132011810916e-03,4.650189844348925905e-01,9.130326269427193608e-01,2.301765295459334837e-02,6.300373996605479303e-03,7.154090265715382646e-01,6.982982297270482475e-01,-1.347989183768817101e-01,2.780632846062806862e-02,1.534428517010392179e-01,3.492042734902919832e-01,-2.923596689984090946e-01,1.127910487657709793e-01,-2.705951913174799439e-01,-2.181835893541738680e-01,-1.730320418803958094e-01,4.896081064045638143e-01,-1.312618317864745199e-01,3.318991947035338647e-02,-3.769947799940338851e-02,0.000000000000000000e+00,0.000000000000000000e+00,-2.292276039359504303e-01,3.472966795259209705e-01,-6.249587569011766375e-01,9.605094576355844849e-01,0.000000000000000000e+00,0.000000000000000000e+00,0.000000000000000000e+00,-3.157315230050905530e-01,-3.706358821399828862e-01,9.269791933672438811e-01,9.660611888212502496e-01,0.000000000000000000e+00,0.000000000000000000e+00,0.000000000000000000e+00
-7.017862132011810916e-03,4.650189844348925905e-01,9.130326269427193608e-01,2.301765295459334837e-02,6.300373996605479303e-03,7.154090265715382646e-01,6.982982297270482475e-01,-1.333434255788277512e-01,2.549145930843641980e-02,1.521632233466839179e-01,3.476524386225337548e-01,-2.933661777574447238e-01,1.135174625093284678e-01,-2.705580429910378615e-01,-2.173378182171616935e-01,-1.742347965565392010e-01,4.919783800718078304e-01,-1.317961897907568292e-01,3.319198282874229189e-02,-3.663446941193475304e-02,0.000000000000000000e+00,0.000000000000000000e+00,-2.216456283482470258e-01,3.399192301437748975e-01,-6.204595343222780723e-01,9.700218823633537379e-01,0.000000000000000000e+00,0.000000000000000000e+00,0.000000000000000000e+00,-3.085480717692264951e-01,-3.662636949602393055e-01,9.192129346918227473e-01,9.734751382718740409e-01,0.000000000000000000e+00,0.000000000000000000e+00,0.000000000000000000e+00
-7.017862132011810916e-03,4.650189844348925905e-01,9.130326269427193608e-01,2.301765295459334837e-02,6.300373996605479303e-03,7.154090265715382646e-01,6.982982297270482475e-01,-1.318879327807737645e-01,2.317659015624474669e-02,1.508835949923286734e-01,3.461006037547754710e-01,-2.943726865164803530e-01,1.142438762528859564e-01,-2.705208946645958346e-01,-2.164920470801495744e-01,-1.754375512326826481e-01,4.943486537390519020e-01,-1.323305477950391384e-01,3.319404618713119037e-02,-3.556946082446611063e-02,0.000000000000000000e+00,0.000000000000000000e+00,-2.140636527605435657e-01,3.325417807616287691e-01,-6.159603117433793962e-01,9.795343070911229910e-01,0.000000000000000000e+00,0.000000000000000000e+00,0.000000000000000000e+00,-3.013646205333624373e-01,-3.618915077804957248e-01,9.114466760164017245e-01,9.808890877224978322e-01,0.000000000000000000e+00,0.000000000000000000e+00,0.000000000000000000e+00
-7.017862132011810916e-03,4.650189844348925905e-01,9.130326269427193608e-01,2.301765295459334837e-02,6.300373996605479303e-03,7.154090265715382646e-01,6.982982297270482475e-01,-1.304324399827198055e-01,2.086172100405309093e-02,1.496039666379734012e-01,3.445487688870172427e-01,-2.953791952755160377e-01,1.149702899964434449e-01,-2.704837463381537521e-01,-2.156462759431373999e-01,-1.766403059088260397e-01,4.967189274062959736e-01,-1.328649057993214755e-01,3.319610954552009580e-02,-3.450445223699747516e-02,0.000000000000000000e+00,0.000000000000000000e+00,-2.064816771728401612e-01,3.251643313794826406e-01,-6.114610891644809421e-01,9.890467318188922441e-01,0.000000000000000000e+00,0.000000000000000000e+00,0.000000000000000000e+00,-2.941811692974984349e-01,-3.575193206007521995e-01,9.036804173409807017e-01,9.883030371731214014e-01,0.000000000000000000e+00,0.000000000000000000e+00,0.000000000000000000e+00
-7.017862132011810916e-03,4.650189844348925905e-01,9.130326269427193608e-01,2.301765295459334837e-02,6.300373996605479303e-03,7.154090265715382646e-01,6.982982297270482475e-01,-1.289769471846658466e-01,1.854685185186141783e-02,1.483243382836181290e-01,3.429969340192590144e-01,-2.963857040345517224e-01,1.156967037400009474e-01,-2.704465980117117252e-01,-2.148005048061252531e-01,-1.778430605849694590e-01,4.990892010735399897e-01,-1.333992638036037848e-01,3.319817290390900122e-02,-3.343944364952882581e-02,0.000000000000000000e+00,0.000000000000000000e+00,-1.988997015851367012e-01,3.177868819973365122e-01,-6.069618665855822659e-01,9.985591565466614972e-01,0.000000000000000000e+00,0.000000000000000000e+00,0.000000000000000000e+00,-2.869977180616343770e-01,-3.531471334210086188e-01,8.959141586655595679e-01,9.957169866237453038e-01,0.000000000000000000e+00,0.000000000000000000e+00,0.000000000000000000e+00
-7.017862132011810916e-03,4.650189844348925905e-01,9.130326269427193608e-01,2.301765295459334837e-02,6.300373996605479303e-03,7.154090265715382646e-01,6.982982297270482475e-01,-1.275214543866118877e-01,1.623198269966974472e-02,1.470447099292628290e-01,3.414450991515007860e-01,-2.973922127935873516e-01,1.164231174835584359e-01,-2.704094496852696428e-01,-2.139547336691130786e-01,-1.790458152611128506e-01,5.014594747407841169e-01,-1.339336218078860941e-01,3.320023626229789970e-02,-3.237443506206018340e-02,0.000000000000000000e+00,0.000000000000000000e+00,-1.913177259974332411e-01,3.104094326151903838e-01,-6.024626440066837008e-01,1.008071581274430972e+00,0.000000000000000000e+00,0.000000000000000000e+00,0.000000000000000000e+00,-2.798142668257703192e-01,-3.487749462412650381e-01,8.881478999901384341e-01,1.003130936074368984e+00,0.000000000000000000e+00,0.000000000000000000e+00,0.000000000000000000e+00
-7.017862132011810916e-03,4.650189844348925905e-01,9.130326269427193608e-01,2.301765295459334837e-02,6.300373996605479303e-03,7.154090265715382646e-01,6.982982297270482475e-01,-1.260659615885579288e-01,1.391711354747809243e-02,1.457650815749075568e-01,3.398932642837425577e-01,-2.983987215526230363e-01,1.171495312271159106e-01,-2.703723013588276158e-01,-2.131089625321009318e-01,-1.802485699372562422e-01,5.038297484080280775e-01,-1.344679798121684033e-01,3.320229962068680513e-02,-3.130942647459154099e-02,0.000000000000000000e+00,0.000000000000000000e+00,-1.837357504097298366e-01,3.030319832330442553e-01,-5.979634214277851356e-01,1.017584006002200114e+00,0.000000000000000000e+00,0.000000000000000000e+00,0.000000000000000000e+00,-2.726308155899063168e-01,-3.444027590615215129e-01,8.803816413147174114e-01,1.010544885524992775e+00,0.000000000000000000e+00,0.000000000000000000e+00,0.000000000000000000e+00
-7.017862132011810916e-03,4.650189844348925905e-01,9.130326269427193608e-01,2.301765295459334837e-02,6.300373996605479303e-03,7.154090265715382646e-01,6.982982297270482475e-01,-1.246104687905039698e-01,1.160224439528641759e-02,1.444854532205522846e-01,3.383414294159843294e-01,-2.994052303116586655e-01,1.178759449706733992e-01,-2.703351530323855334e-01,-2.122631913950887850e-01,-1.814513246133996616e-01,5.062000220752720381e-01,-1.350023378164507404e-01,3.320436297907571055e-02,-3.024441788712289511e-02,0.000000000000000000e+00,0.000000000000000000e+00,-1.761537748220263766e-01,2.956545338508981824e-01,-5.934641988488865705e-01,1.027096430729969256e+00,0.000000000000000000e+00,0.000000000000000000e+00,0.000000000000000000e+00,-2.654473643540422589e-01,-3.400305718817779321e-01,8.726153826392961665e-01,1.017958834975616345e+00,0.000000000000000000e+00,0.000000000000000000e+00,0.000000000000000000e+00
-7.017862132011810916e-03,4.650189844348925905e-01,9.130326269427193608e-01,2.301765295459334837e-02,6.300373996605479303e-03,7.154090265715382646e-01,6.982982297270482475e-01,-1.231549759924500109e-01,9.287375243094763561e-03,1.432058248661970123e-01,3.367895945482260456e-01,-3.004117390706942947e-01,1.186023587142309016e-01,-2.702980047059435065e-01,-2.114174202580766382e-01,-1.826540792895430809e-01,5.085702957425161097e-01,-1.355366958207330497e-01,3.320642633746460903e-02,-2.917940929965425617e-02,0.000000000000000000e+00,0.000000000000000000e+00,-1.685717992343229721e-01,2.882770844687521095e-01,-5.889649762699880053e-01,1.036608855457738620e+00,0.000000000000000000e+00,0.000000000000000000e+00,0.000000000000000000e+00,-2.582639131181782011e-01,-3.356583847020343514e-01,8.648491239638751438e-01,1.025372784426240136e+00,0.000000000000000000e+00,0.000000000000000000e+00,0.000000000000000000e+00
-7.017862132011810916e-03,4.650189844348925905e-01,9.130326269427193608e-01,2.301765295459334837e-02,6.300373996605479303e-03,7.154090265715382646e-01,6.982982297270482475e-01,-1.216994831943960381e-01,6.972506090903093923e-03,1.419261965118417401e-01,3.352377596804677617e-01,-3.014182478297299794e-01,1.193287724577883901e-01,-2.702608563795014240e-01,-2.105716491210644914e-01,-1.838568339656864725e-01,5.109405694097601813e-01,-1.360710538250153867e-01,3.320848969585351446e-02,-2.811440071218561376e-02,0.000000000000000000e+00,0.000000000000000000e+00,-1.609898236466195398e-01,2.808996350866059255e-01,-5.844657536910894402e-01,1.046121280185507763e+00,0.000000000000000000e+00,0.000000000000000000e+00,0.000000000000000000e+00,-2.510804618823141432e-01,-3.312861975222907707e-01,8.570828652884540100e-01,1.032786733876863927e+00,0.000000000000000000e+00,0.000000000000000000e+00,0.000000000000000000e+00
-7.017862132011810916e-03,4.650189844348925905e-01,9.130326269427193608e-01,2.301765295459334837e-02,6.300373996605479303e-03,7.154090265715382646e-01,6.982982297270482475e-01,-1.202439903963420931e-01,4.657636938711436428e-03,1.406465681574864679e-01,3.336859248127095889e-01,-3.024247565887656086e-01,1.200551862013458648e-01,-2.702237080530593971e-01,-2.097258779840523168e-01,-1.850595886418298641e-01,5.133108430770042530e-01,-1.366054118292976960e-01,3.321055305424241988e-02,-2.704939212471697829e-02,0.000000000000000000e+00,0.000000000000000000e+00,-1.534078480589161353e-01,2.735221857044598526e-01,-5.799665311121907640e-01,1.055633704913277127e+00,0.000000000000000000e+00,0.000000000000000000e+00,0.000000000000000000e+00,-2.438970106464501408e-01,-3.269140103425472454e-01,8.493166066130329872e-01,1.040200683327487496e+00,0.000000000000000000e+00,0.000000000000000000e+00,0.000000000000000000e+00
-7.017862132011810916e-03,4.650189844348925905e-01,9.130326269427193608e-01,2.301765295459334837e-02,6.300373996605479303e-03,7.154090265715382646e-01,6.982982297270482475e-01,-1.187884975982881203e-01,2.342767786519765055e-03,1.393669398031311957e-01,3.321340899449512496e-01,-3.034312653478012933e-01,1.207815999449033534e-01,-2.701865597266173147e-01,-2.088801068470401701e-01,-1.862623433179732835e-01,5.156811167442483246e-01,-1.371397698335800330e-01,3.321261641263131836e-02,-2.598438353724832894e-02,0.000000000000000000e+00,0.000000000000000000e+00,-1.458258724712126753e-01,2.661447363223137241e-01,-5.754673085332921989e-01,1.065146129641046491e+00,0.000000000000000000e+00,0.000000000000000000e+00,0.000000000000000000e+00,-2.367135594105860830e-01,-3.225418231628036647e-01,8.415503479376118534e-01,1.047614632778111288e+00,0.000000000000000000e+00,0.000000000000000000e+00,0.000000000000000000e+00
-7.017862132011810916e-03,4.650189844348925905e-01,9.130326269427193608e-01,2.301765295459334837e-02,6.300373996605479303e-03,7.154090265715382646e-01,6.982982297270482475e-01,-1.173330048002341613e-01,2.789863432810756050e-05,1.380873114487759512e-01,3.305822550771930213e-01,-3.044377741068369780e-01,1.215080136884608558e-01,-2.701494114001752878e-01,-2.080343357100279955e-01,-1.874650979941166751e-01,5.180513904114922852e-01,-1.376741278378623423e-01,3.321467977102022379e-02,-2.491937494977969000e-02,0.000000000000000000e+00,0.000000000000000000e+00,-1.382438968835092707e-01,2.587672869401676512e-01,-5.709680859543936338e-01,1.074658554368815633e+00,0.000000000000000000e+00,0.000000000000000000e+00,0.000000000000000000e+00,-2.295301081747220806e-01,-3.181696359830601395e-01,8.337840892621908306e-01,1.055028582228734857e+00,0.000000000000000000e+00,0.000000000000000000e+00,0.000000000000000000e+00
-7.017862132011810916e-03,4.650189844348925905e-01,9.130326269427193608e-01,2.301765295459334837e-02,6.300373996605479303e-03,7.154090265715382646e-01,6.982982297270482475e-01,-1.158775120021802024e-01,-2.286970517863562077e-03,1.368076830944206512e-01,3.290304202094347930e-01,-3.054442828658726072e-01,1.222344274320183444e-01,-2.701122630737332053e-01,-2.071885645730158487e-01,-1.886678526702600944e-01,5.204216640787363568e-01,-1.382084858421446516e-01,3.321674312940912921e-02,-2.385436636231104759e-02,0.000000000000000000e+00,0.000000000000000000e+00,-1.306619212958058107e-01,2.513898375580215228e-01,-5.664688633754950686e-01,1.084170979096584997e+00,0.000000000000000000e+00,0.000000000000000000e+00,0.000000000000000000e+00,-2.223466569388579950e-01,-3.137974488033165588e-01,8.260178305867696968e-01,1.062442531679358648e+00,0.000000000000000000e+00,0.000000000000000000e+00,0.000000000000000000e+00
-7.017862132011810916e-03,4.650189844348925905e-01,9.130326269427193608e-01,2.301765295459334837e-02,6.300373996605479303e-03,7.154090265715382646e-01,6.982982297270482475e-01,-1.144220192041262435e-01,-4.601839670055219572e-03,1.355280547400654068e-01,3.274785853416765646e-01,-3.064507916249082919e-01,1.229608411755758191e-01,-2.700751147472911784e-01,-2.063427934360037019e-01,-1.898706073464035138e-01,5.227919377459804284e-01,-1.387428438464269886e-01,3.321880648779802769e-02,-2.278935777484240865e-02,0.000000000000000000e+00,0.000000000000000000e+00,-1.230799457081024062e-01,2.440123881758754221e-01,-5.619696407965965035e-01,1.093683403824354139e+00,0.000000000000000000e+00,0.000000000000000000e+00,0.000000000000000000e+00,-2.151632057029939649e-01,-3.094252616235730335e-01,8.182515719113486741e-01,1.069856481129982440e+00,0.000000000000000000e+00,0.000000000000000000e+00,0.000000000000000000e+00
-7.017862132011810916e-03,4.650189844348925905e-01,9.130326269427193608e-01,2.301765295459334837e-02,6.300373996605479303e-03,7.154090265715382646e-01,6.982982297270482475e-01,-1.129665264060722707e-01,-6.916708822246890077e-03,1.342484263857101068e-01,3.259267504739182808e-01,-3.074573003839439211e-01,1.236872549191333076e-01,-2.700379664208491515e-01,-2.054970222989915274e-01,-1.910733620225469054e-01,5.251622114132245001e-01,-1.392772018507092979e-01,3.322086984618694006e-02,-2.172434918737375931e-02,0.000000000000000000e+00,0.000000000000000000e+00,-1.154979701203989600e-01,2.366349387937292936e-01,-5.574704182176978273e-01,1.103195828552123503e+00,0.000000000000000000e+00,0.000000000000000000e+00,0.000000000000000000e+00,-2.079797544671299347e-01,-3.050530744438293973e-01,8.104853132359275403e-01,1.077270430580606009e+00,0.000000000000000000e+00,0.000000000000000000e+00,0.000000000000000000e+00
-7.017862132011810916e-03,4.650189844348925905e-01,9.130326269427193608e-01,2.301765295459334837e-02,6.300373996605479303e-03,7.154090265715382646e-01,6.982982297270482475e-01,-1.115110336080183118e-01,-9.231577974438546705e-03,1.329687980313548346e-01,3.243749156061600525e-01,-3.084638091429795503e-01,1.244136686626908100e-01,-2.700008180944070135e-01,-2.046512511619793806e-01,-1.922761166986902970e-01,5.275324850804685717e-01,-1.398115598549916072e-01,3.322293320457584548e-02,-2.065934059990512384e-02,0.000000000000000000e+00,0.000000000000000000e+00,-1.079159945326955417e-01,2.292574894115831929e-01,-5.529711956387993732e-01,1.112708253279892645e+00,0.000000000000000000e+00,0.000000000000000000e+00,0.000000000000000000e+00,-2.007963032312659046e-01,-3.006808872640858721e-01,8.027190545605065175e-01,1.084684380031229800e+00,0.000000000000000000e+00,0.000000000000000000e+00,0.000000000000000000e+00
-7.017862132011810916e-03,4.650189844348925905e-01,9.130326269427193608e-01,2.301765295459334837e-02,6.300373996605479303e-03,7.154090265715382646e-01,6.982982297270482475e-01,-1.100555408099643528e-01,-1.154644712663021808e-02,1.316891696769995623e-01,3.228230807384018242e-01,-3.094703179020152350e-01,1.251400824062482986e-01,-2.699636697679649866e-01,-2.038054800249672338e-01,-1.934788713748337163e-01,5.299027587477125323e-01,-1.403459178592739443e-01,3.322499656296474396e-02,-1.959433201243647796e-02,0.000000000000000000e+00,0.000000000000000000e+00,-1.003340189449920955e-01,2.218800400294370645e-01,-5.484719730599006970e-01,1.122220678007662009e+00,0.000000000000000000e+00,0.000000000000000000e+00,0.000000000000000000e+00,-1.936128519954018468e-01,-2.963087000843422913e-01,7.949527958850853837e-01,1.092098329481853591e+00,0.000000000000000000e+00,0.000000000000000000e+00,0.000000000000000000e+00
