3.137672328100141877e-03,-1.423419561166688885e-02,9.033954328645859011e-01,1.191893318128396315e-02,1.851452801847059890e-02,8.320122375041959506e-01,5.543201132264052866e-01,9.546156240977030083e-02,1.040428066140112739e-01,3.966811023492838872e-01,2.832176129714164547e-01,-2.189865803213246198e-01,5.603624748222466034e-02,-3.329570539179563249e-01,-3.790638992649303374e-01,-2.073116824618830845e-01,1.659495691525256778e-01,2.599000484347725459e-01,1.879780798083921234e-01,-1.874643767748327972e-01,0.000000000000000000e+00,0.000000000000000000e+00,4.141592966996011094e-01,5.378462929427033634e-01,-1.530813056073152267e-01,-4.620131048929043693e-01,0.000000000000000000e+00,0.000000000000000000e+00,0.000000000000000000e+00,2.649888947033772202e-01,-9.547380625143968569e-01,3.255496812228317882e-01,-4.797712275467034826e-01,0.000000000000000000e+00,0.000000000000000000e+00,0.000000000000000000e+00
3.345649018518406445e-03,-1.386963623741289606e-02,9.031839889465602678e-01,1.140503837486983585e-02,1.848831884614917515e-02,8.344966891793372810e-01,5.505845828886196669e-01,8.414671806856395542e-02,1.080943995442879280e-01,3.858229520366286414e-01,3.018035759785878680e-01,-2.267307171315335323e-01,5.461349741018776266e-02,-3.284943718350661901e-01,-3.834151835972681721e-01,-2.207647966026645703e-01,1.651357222157169846e-01,2.573684623639808100e-01,1.882441227895067792e-01,-1.980419540257266353e-01,0.000000000000000000e+00,0.000000000000000000e+00,4.408103075044261243e-01,5.409765976903718743e-01,-1.382682664103618564e-01,-4.885095412363826828e-01,0.000000000000000000e+00,0.000000000000000000e+00,0.000000000000000000e+00,3.067390050902883414e-01,-9.602271416045986552e-01,2.926523179366268268e-01,-5.190678707917759649e-01,0.000000000000000000e+00,0.000000000000000000e+00,0.000000000000000000e+00
3.612083461219215037e-03,-1.316961713164653894e-02,9.034718948456404997e-01,1.102646990828168826e-02,1.698071391559716203e-02,8.343710327651087111e-01,5.508312373120866079e-01,8.526741655488781491e-02,1.124371476610811216e-01,3.855990842985947964e-01,3.031908071127732973e-01,-2.239102527594306613e-01,5.576116463853545563e-02,-3.243828208665016644e-01,-3.776104438057157897e-01,-2.189316588326653268e-01,1.615340049447677173e-01,2.574643748797151854e-01,1.848662410020724678e-01,-1.976033152535460469e-01,0.000000000000000000e+00,0.000000000000000000e+00,4.499716110746060371e-01,5.435472387647141135e-01,-1.352384174203874190e-01,-4.929079126135631483e-01,0.000000000000000000e+00,0.000000000000000000e+00,0.000000000000000000e+00,3.212190644858382571e-01,-9.597492123145917597e-01,2.821515115042957933e-01,-5.270693985551621052e-01,0.000000000000000000e+00,0.000000000000000000e+00,0.000000000000000000e+00
3.971637121668916345e-03,-1.269232068640346878e-02,9.034793010410631098e-01,1.158750408814559520e-02,1.622429893603761705e-02,8.343302974052543286e-01,5.509042173596979675e-01,8.764007120053649014e-02,1.143023402152674589e-01,3.863583754850295482e-01,3.033408634445184937e-01,-2.231981574204585650e-01,5.405290467230772222e-02,-3.224770101282652401e-01,-3.762708432754514054e-01,-2.186126809756191447e-01,1.627302010927875464e-01,2.551383829911266221e-01,1.841396878240500745e-01,-1.972297457441023194e-01,0.000000000000000000e+00,0.000000000000000000e+00,4.517159841015747079e-01,5.461251593335458843e-01,-1.356601285508400867e-01,-4.962735204440667514e-01,0.000000000000000000e+00,0.000000000000000000e+00,0.000000000000000000e+00,3.272736258271445875e-01,-9.571971803648997579e-01,2.759524386164418641e-01,-5.325108239853584280e-01,0.000000000000000000e+00,0.000000000000000000e+00,0.000000000000000000e+00
4.228274891155111258e-03,-1.189291254384423034e-02,9.037277058248701644e-01,1.015134629593275259e-02,1.626546594740277754e-02,8.340197064308985109e-01,5.514014092027804681e-01,8.515603858088331701e-02,1.160697328397511247e-01,3.838961386952104426e-01,3.037491456979390936e-01,-2.203623297947285287e-01,5.525847586606368045e-02,-3.235314842296423410e-01,-3.723404744550452561e-01,-2.172535302099514731e-01,1.617951643687410013e-01,2.482630244881653403e-01,1.795427968560174559e-01,-1.943919471927078868e-01,0.000000000000000000e+00,0.000000000000000000e+00,4.567255828233713899e-01,5.475818439676769511e-01,-1.308355792075910629e-01,-4.963110740821179978e-01,0.000000000000000000e+00,0.000000000000000000e+00,0.000000000000000000e+00,3.343700152329337483e-01,-9.578187264759350228e-01,2.723126926786390012e-01,-5.373053799735236780e-01,0.000000000000000000e+00,0.000000000000000000e+00,0.000000000000000000e+00
4.529561707764213213e-03,-1.112464710493372283e-02,9.037944616906883333e-01,9.269095059874686571e-03,1.660991590085487968e-02,8.338774976037445219e-01,5.516217123723964333e-01,8.322894956116459741e-02,1.173641967709792844e-01,3.834208511857469248e-01,3.046935351383370794e-01,-2.182077047116946777e-01,5.561587601566877342e-02,-3.257888837086375111e-01,-3.712887963271044867e-01,-2.180608446505885589e-01,1.642344196651206734e-01,2.437383844028485347e-01,1.769550301059942543e-01,-1.933707103143793016e-01,0.000000000000000000e+00,0.000000000000000000e+00,4.598516331420452463e-01,5.515389799539146543e-01,-1.313956059148866096e-01,-4.971984101053280036e-01,0.000000000000000000e+00,0.000000000000000000e+00,0.000000000000000000e+00,3.389488569926140116e-01,-9.569295898279281953e-01,2.723932957777916997e-01,-5.431974246570420162e-01,0.000000000000000000e+00,0.000000000000000000e+00,0.000000000000000000e+00
4.716685125742977637e-03,-1.046398707164217928e-02,9.038937374121001067e-01,9.033521409527862228e-03,1.599524657844092826e-02,8.340784395650914229e-01,5.513399171386929032e-01,8.388056035110799669e-02,1.196988248864734872e-01,3.827963525880317408e-01,3.048363244383736070e-01,-2.167008699794350790e-01,5.367106390044458497e-02,-3.260937006002200267e-01,-3.695616708049248578e-01,-2.168251620936744450e-01,1.678600296724682972e-01,2.422150762116367373e-01,1.758195685762379279e-01,-1.945008667060953989e-01,0.000000000000000000e+00,0.000000000000000000e+00,4.617559163680209355e-01,5.549122715780198112e-01,-1.336994401647318698e-01,-4.977357787338813622e-01,0.000000000000000000e+00,0.000000000000000000e+00,0.000000000000000000e+00,3.406248713984068588e-01,-9.571597850365265447e-01,2.737089763706559431e-01,-5.447595773872058178e-01,0.000000000000000000e+00,0.000000000000000000e+00,0.000000000000000000e+00
4.913859561675400223e-03,-9.802429023860838309e-03,9.038545994063194033e-01,9.201802669651155953e-03,1.610552378900143022e-02,8.339319397582585225e-01,5.515554902112200786e-01,8.496915346510001965e-02,1.197386973126976922e-01,3.829935222648574999e-01,3.042679924362551858e-01,-2.149110212725082181e-01,5.390226249805783743e-02,-3.268534057860028597e-01,-3.692376102842510055e-01,-2.147529512065588508e-01,1.697106125018977563e-01,2.434557787807165308e-01,1.745136086460173097e-01,-1.939271480448803431e-01,0.000000000000000000e+00,0.000000000000000000e+00,4.647370242953584585e-01,5.541352244864905519e-01,-1.314008455933444175e-01,-4.965321046989457088e-01,0.000000000000000000e+00,0.000000000000000000e+00,0.000000000000000000e+00,3.412743471162430486e-01,-9.561017548200287930e-01,2.760041353706350065e-01,-5.464064386536713336e-01,0.000000000000000000e+00,0.000000000000000000e+00,0.000000000000000000e+00
4.897159032803186270e-03,-9.238015886432351595e-03,9.038656533881342936e-01,8.183644270338194873e-03,1.642007157804727807e-02,8.335407145607262036e-01,5.521533178252421292e-01,8.479123946463479333e-02,1.196163624698924066e-01,3.823238672262287974e-01,3.019072830232419902e-01,-2.169937805095529249e-01,5.376652199003961047e-02,-3.287176137795707054e-01,-3.676249531443626095e-01,-2.142256727171679143e-01,1.699113366366778455e-01,2.397358695575985688e-01,1.742209248274075584e-01,-1.955904555437085468e-01,0.000000000000000000e+00,0.000000000000000000e+00,4.692926576650431891e-01,5.556707090321757470e-01,-1.310835563121586778e-01,-4.980769379155541854e-01,0.000000000000000000e+00,0.000000000000000000e+00,0.000000000000000000e+00,3.422394297674895558e-01,-9.550896304608081921e-01,2.758800852713614304e-01,-5.468087167643521651e-01,0.000000000000000000e+00,0.000000000000000000e+00,0.000000000000000000e+00
5.035797840754505789e-03,-8.952631245056387466e-03,9.039987541570072560e-01,8.055958016902247179e-03,1.642428422292995308e-02,8.334720900494783091e-01,5.522586527495509934e-01,8.476609522790057305e-02,1.205399811747540767e-01,3.836364123877442633e-01,3.019670780801524401e-01,-2.139806901517756765e-01,5.298841158044046568e-02,-3.290825280993738278e-01,-3.670116721137892113e-01,-2.141692427239123286e-01,1.708608306400214438e-01,2.382651038314873293e-01,1.718348174435441189e-01,-1.955604989808977234e-01,0.000000000000000000e+00,0.000000000000000000e+00,4.713613458949967860e-01,5.568628534035761080e-01,-1.288937590379239662e-01,-4.986032561181033551e-01,0.000000000000000000e+00,0.000000000000000000e+00,0.000000000000000000e+00,3.414458410430022406e-01,-9.556901324312193635e-01,2.768076560482811144e-01,-5.489518849531520583e-01,0.000000000000000000e+00,0.000000000000000000e+00,0.000000000000000000e+00
5.241643551241192273e-03,-8.850494359722871698e-03,9.037876796157710002e-01,8.973455054123700286e-03,1.567870496798057928e-02,8.331330913473252719e-01,5.527774483614255052e-01,8.608436424874112147e-02,1.217776893061382482e-01,3.843041858098165120e-01,3.052074531846628025e-01,-2.131200065486828776e-01,5.440053332802603780e-02,-3.269955398331576002e-01,-3.669790542591265248e-01,-2.160459762216002666e-01,1.710695560876134558e-01,2.386114662988506885e-01,1.740380745294833054e-01,-1.937653460833982655e-01,0.000000000000000000e+00,0.000000000000000000e+00,4.691609137102913940e-01,5.546008979808071393e-01,-1.264617164682967920e-01,-4.995385435154970910e-01,0.000000000000000000e+00,0.000000000000000000e+00,0.000000000000000000e+00,3.429172653096885237e-01,-9.504868801263424150e-01,2.741728176995846811e-01,-5.452830983978618207e-01,0.000000000000000000e+00,0.000000000000000000e+00,0.000000000000000000e+00
5.429217594411454156e-03,-8.768473278090580664e-03,9.038494438568758227e-01,9.045329710014182387e-03,1.563529123410886679e-02,8.333382976842629297e-01,5.524680997950534023e-01,8.583689096651742068e-02,1.223854279002492274e-01,3.839138579899566417e-01,3.057620739766164220e-01,-2.120824257142235603e-01,5.151986329283769067e-02,-3.249795910382674569e-01,-3.667557914185369805e-01,-2.169953073674600885e-01,1.682155877512919728e-01,2.381404175711580307e-01,1.751002936708732916e-01,-1.929881936383394669e-01,0.000000000000000000e+00,0.000000000000000000e+00,4.684240500126278794e-01,5.550731792248683183e-01,-1.283983894682184934e-01,-4.999057134736586416e-01,0.000000000000000000e+00,0.000000000000000000e+00,0.000000000000000000e+00,3.435815567839029527e-01,-9.487060687312668383e-01,2.768191992869297180e-01,-5.465007581077026000e-01,0.000000000000000000e+00,0.000000000000000000e+00,0.000000000000000000e+00
5.539350343514446232e-03,-8.762188460886447677e-03,9.039490309774426136e-01,8.859310468176305464e-03,1.531941896720022227e-02,8.333648928481099949e-01,5.524398459459585187e-01,8.496788339365983489e-02,1.234326049337257925e-01,3.831519032069805597e-01,3.072063941448787139e-01,-2.113670189714210723e-01,5.317456316567677893e-02,-3.249232551963677218e-01,-3.653756741497164451e-01,-2.163462979333384273e-01,1.683781273290120284e-01,2.379543663903368744e-01,1.718421286621159283e-01,-1.925077522035522626e-01,0.000000000000000000e+00,0.000000000000000000e+00,4.674543977366902303e-01,5.568376672895332113e-01,-1.290265520314084480e-01,-4.992888276464917396e-01,0.000000000000000000e+00,0.000000000000000000e+00,0.000000000000000000e+00,3.423999514161504276e-01,-9.493263806427122420e-01,2.778290708542759946e-01,-5.462654680513674421e-01,0.000000000000000000e+00,0.000000000000000000e+00,0.000000000000000000e+00
5.880741402205992563e-03,-8.900879087965302139e-03,9.039922102287480943e-01,9.974143710717113184e-03,1.545429294611141632e-02,8.330957299933310356e-01,5.528229245912770207e-01,8.740312833431891637e-02,1.215962686353127820e-01,3.828167911073406815e-01,3.051477791556448937e-01,-2.096039652775879558e-01,5.139818732299523962e-02,-3.236058815379480591e-01,-3.670277542744517785e-01,-2.183826072002228169e-01,1.686931791152645188e-01,2.346626558226684867e-01,1.719741852829841100e-01,-1.906578688604545213e-01,0.000000000000000000e+00,0.000000000000000000e+00,4.664859848282682520e-01,5.570885640391185500e-01,-1.271569291885052688e-01,-4.957891354610095558e-01,0.000000000000000000e+00,0.000000000000000000e+00,0.000000000000000000e+00,3.412118051691107601e-01,-9.457350119336486172e-01,2.790208460543631142e-01,-5.463788126959754354e-01,0.000000000000000000e+00,0.000000000000000000e+00,0.000000000000000000e+00
5.983468813304153658e-03,-8.772300683203988411e-03,9.042664031771501243e-01,9.384124256616221960e-03,1.541429536617814657e-02,8.337053781466811087e-01,5.519145587494498351e-01,8.768122351962420735e-02,1.229085223103897756e-01,3.840604371101139503e-01,3.021297589497665137e-01,-2.080865955257838185e-01,4.902477088853743337e-02,-3.242300334295648012e-01,-3.658176111464828129e-01,-2.162043482028782049e-01,1.698161130587380052e-01,2.345923472394567111e-01,1.686629606991020547e-01,-1.923164025955050038e-01,0.000000000000000000e+00,0.000000000000000000e+00,4.664131217046636468e-01,5.576493773933075548e-01,-1.288490388085747063e-01,-4.954306916937137317e-01,0.000000000000000000e+00,0.000000000000000000e+00,0.000000000000000000e+00,3.407474845214413794e-01,-9.448857350593158344e-01,2.799089553416048703e-01,-5.471731952041252178e-01,0.000000000000000000e+00,0.000000000000000000e+00,0.000000000000000000e+00
6.059324750121605069e-03,-8.684713576144854202e-03,9.043725005599689837e-01,9.031870418962710881e-03,1.560071391557163456e-02,8.338493480043639439e-01,5.516976598416535316e-01,8.643284979640722399e-02,1.229171875348939874e-01,3.830666785329833735e-01,3.025626775789503897e-01,-2.074152113987006163e-01,5.055809764613607149e-02,-3.225486727624099492e-01,-3.661033485834117029e-01,-2.202502918971131485e-01,1.663130282914675184e-01,2.327515667078493278e-01,1.697378445341601594e-01,-1.914150538882004315e-01,0.000000000000000000e+00,0.000000000000000000e+00,4.660819524161409211e-01,5.589938715542865921e-01,-1.290812076305710154e-01,-4.957172743023297579e-01,0.000000000000000000e+00,0.000000000000000000e+00,0.000000000000000000e+00,3.415349743771673996e-01,-9.466717608478392165e-01,2.811646858115884884e-01,-5.465706752058603346e-01,0.000000000000000000e+00,0.000000000000000000e+00,0.000000000000000000e+00
6.171019898069779810e-03,-8.555594845534145870e-03,9.042737447668506290e-01,9.862568273993959841e-03,1.542669654917681529e-02,8.338125579586322944e-01,5.517439306155551559e-01,8.893419118419347569e-02,1.223704159173541889e-01,3.839110799839726140e-01,3.013038337287546331e-01,-2.073082569745094694e-01,5.031341454091585452e-02,-3.211822061031296416e-01,-3.670473657613814167e-01,-2.204198874494241456e-01,1.664839436701987252e-01,2.347704380513809808e-01,1.721551224797809865e-01,-1.913454045576508389e-01,0.000000000000000000e+00,0.000000000000000000e+00,4.649921690946016151e-01,5.597971662894638545e-01,-1.314527587376923268e-01,-4.956835575085587475e-01,0.000000000000000000e+00,0.000000000000000000e+00,0.000000000000000000e+00,3.399960873597952515e-01,-9.466925971926083427e-01,2.833462514174155400e-01,-5.463467320703755403e-01,0.000000000000000000e+00,0.000000000000000000e+00,0.000000000000000000e+00
6.251493649580651749e-03,-8.505779775542232635e-03,9.042520638232646180e-01,1.021509441661127594e-02,1.520169180104249430e-02,8.336482530850441997e-01,5.519919841272151739e-01,8.942101461497094228e-02,1.223364665774450549e-01,3.828949988597996068e-01,3.020129145632187706e-01,-2.067642400689066184e-01,5.003656464833856204e-02,-3.208607367632038687e-01,-3.663736491412076246e-01,-2.186063106547823653e-01,1.671472232632553179e-01,2.329328213204929221e-01,1.702802328524100905e-01,-1.889587810303255677e-01,0.000000000000000000e+00,0.000000000000000000e+00,4.641068155545859941e-01,5.592673006160444604e-01,-1.307058777980207864e-01,-4.951955178793284174e-01,0.000000000000000000e+00,0.000000000000000000e+00,0.000000000000000000e+00,3.410982679298301679e-01,-9.438564795356095827e-01,2.827619025038824452e-01,-5.457785544089293062e-01,0.000000000000000000e+00,0.000000000000000000e+00,0.000000000000000000e+00
6.216015454334994188e-03,-8.307057378072021242e-03,9.043942084403059356e-01,8.727519757335459524e-03,1.569436767685669989e-02,8.344150690778507906e-01,5.508439068537601679e-01,8.636102555530891789e-02,1.228816448403535488e-01,3.807580797597515665e-01,3.010426957894173361e-01,-2.089136855215497635e-01,5.022671919063796675e-02,-3.222187296315217608e-01,-3.654071899165480253e-01,-2.177806046734907519e-01,1.662816145578731308e-01,2.301097859716941529e-01,1.690861800498748013e-01,-1.893480569467289043e-01,0.000000000000000000e+00,0.000000000000000000e+00,4.632172520773134017e-01,5.626196717879444753e-01,-1.331081455135360303e-01,-4.966782734188200377e-01,0.000000000000000000e+00,0.000000000000000000e+00,0.000000000000000000e+00,3.444182353743759362e-01,-9.461396441652205613e-01,2.839371977202347352e-01,-5.475800190368514953e-01,0.000000000000000000e+00,0.000000000000000000e+00,0.000000000000000000e+00
6.339769564014913206e-03,-8.302529281682253376e-03,9.044392196253384641e-01,8.266642238061163925e-03,1.604396417661676372e-02,8.347596759927484733e-01,5.503185778947392581e-01,8.396892977890695053e-02,1.228320875625528164e-01,3.779879685181742888e-01,3.019877931506508295e-01,-2.078390584654585260e-01,4.887196192959992330e-02,-3.251038635254231424e-01,-3.658930843506966735e-01,-2.173241077553437206e-01,1.705590294452647426e-01,2.279746698224686952e-01,1.650699526671446649e-01,-1.893886933403639561e-01,0.000000000000000000e+00,0.000000000000000000e+00,4.634252747597676914e-01,5.659885925559704489e-01,-1.334352704598397443e-01,-4.963169005449818982e-01,0.000000000000000000e+00,0.000000000000000000e+00,0.000000000000000000e+00,3.448935689046997433e-01,-9.466541159451279386e-01,2.825820730998492292e-01,-5.502746061554550927e-01,0.000000000000000000e+00,0.000000000000000000e+00,0.000000000000000000e+00
6.430077331159415183e-03,-8.309563749179533360e-03,9.045759243131654692e-01,8.342895208623532857e-03,1.594069434321699133e-02,8.354327784184210071e-01,5.492980639939218923e-01,8.545971506893919323e-02,1.228090559306564272e-01,3.776159635936678916e-01,2.985031713269274967e-01,-2.079338790882097332e-01,4.679783840863561972e-02,-3.239815085640717629e-01,-3.670934771501381255e-01,-2.198408227731307174e-01,1.703642913523647495e-01,2.325140146190870505e-01,1.667621865470396147e-01,-1.887497150257063105e-01,0.000000000000000000e+00,0.000000000000000000e+00,4.606197009244784035e-01,5.641893945378094744e-01,-1.348830723650158436e-01,-4.958435381401015696e-01,0.000000000000000000e+00,0.000000000000000000e+00,0.000000000000000000e+00,3.450356307758411512e-01,-9.493897057904104875e-01,2.850475173225500702e-01,-5.498166336298291323e-01,0.000000000000000000e+00,0.000000000000000000e+00,0.000000000000000000e+00
6.494970931091898977e-03,-8.391105798499685908e-03,9.046577379436933075e-01,8.435331390297061069e-03,1.611481067875398382e-02,8.355346549195766803e-01,5.491365936536619641e-01,8.630342753305575432e-02,1.223014231807690588e-01,3.790796330371078993e-01,2.963584130532017635e-01,-2.072570153941222793e-01,4.787685144439612905e-02,-3.224509228218641055e-01,-3.671240252511162594e-01,-2.192354018446025232e-01,1.667877691448456379e-01,2.341329599340530587e-01,1.700859887182302743e-01,-1.901937892784474338e-01,0.000000000000000000e+00,0.000000000000000000e+00,4.600266873327995554e-01,5.626409380735117871e-01,-1.348624168997857864e-01,-4.962819978198698689e-01,0.000000000000000000e+00,0.000000000000000000e+00,0.000000000000000000e+00,3.460151972730330927e-01,-9.465204887297514746e-01,2.820520012571565704e-01,-5.479689975739935326e-01,0.000000000000000000e+00,0.000000000000000000e+00,0.000000000000000000e+00
6.607921494709220744e-03,-8.532647757250863552e-03,9.048931951940479834e-01,8.664009228101123353e-03,1.616461977228287120e-02,8.354550828078288749e-01,5.492526236826512642e-01,8.906308306739318947e-02,1.213250163159821787e-01,3.801719915286607687e-01,2.906819838212594820e-01,-2.044778031182683531e-01,4.519792986164686971e-02,-3.233101635307779609e-01,-3.679221377021855144e-01,-2.213779270124761056e-01,1.690963073752963786e-01,2.352767054981481087e-01,1.662860470295473014e-01,-1.903828646185296847e-01,0.000000000000000000e+00,0.000000000000000000e+00,4.605398991752110982e-01,5.631532726078869455e-01,-1.340165892945159865e-01,-4.943805976031882543e-01,0.000000000000000000e+00,0.000000000000000000e+00,0.000000000000000000e+00,3.439025583295075017e-01,-9.482304943403838671e-01,2.826707992385043555e-01,-5.477527222494882331e-01,0.000000000000000000e+00,0.000000000000000000e+00,0.000000000000000000e+00
6.659591809343937650e-03,-8.612146944744457355e-03,9.047226608184056884e-01,9.364523935967965923e-03,1.559966677983450414e-02,8.346149965466846954e-01,5.505331630584915370e-01,9.067218710496191547e-02,1.218199735146958118e-01,3.825394084808973472e-01,2.926592472243333409e-01,-2.043147989889931015e-01,4.826490927164883704e-02,-3.209016729982797633e-01,-3.666706737356922319e-01,-2.209520667678109840e-01,1.654097131659427733e-01,2.375770877038508588e-01,1.716519090107045398e-01,-1.895139183545337946e-01,0.000000000000000000e+00,0.000000000000000000e+00,4.603489380858735713e-01,5.583226356497921206e-01,-1.339525367765033448e-01,-4.951785304116709807e-01,0.000000000000000000e+00,0.000000000000000000e+00,0.000000000000000000e+00,3.424012930107372954e-01,-9.457101593813550533e-01,2.835749685974918721e-01,-5.454334555797218931e-01,0.000000000000000000e+00,0.000000000000000000e+00,0.000000000000000000e+00
6.685706060928849233e-03,-8.609245769762014291e-03,9.048442446282589646e-01,8.005298064975021125e-03,1.637372084534281097e-02,8.354184966365851839e-01,5.493120715458900127e-01,8.826406538445909222e-02,1.215155511696273949e-01,3.809521227439511826e-01,2.898060914849926450e-01,-2.077153874669196154e-01,4.649963954567865043e-02,-3.228604897573553734e-01,-3.669136129693266746e-01,-2.217645622012829332e-01,1.650418008352580179e-01,2.351787538381249210e-01,1.683605432739774255e-01,-1.912596670399937804e-01,0.000000000000000000e+00,0.000000000000000000e+00,4.618816059455170264e-01,5.570423298673333745e-01,-1.337507423909571336e-01,-4.951270594787414159e-01,0.000000000000000000e+00,0.000000000000000000e+00,0.000000000000000000e+00,3.449358133026944051e-01,-9.440301227494217740e-01,2.831336592671232499e-01,-5.454704768582813168e-01,0.000000000000000000e+00,0.000000000000000000e+00,0.000000000000000000e+00
6.823374289197751789e-03,-8.756409601163757384e-03,9.046493262161379167e-01,8.812978521670377860e-03,1.564748095613054807e-02,8.344021794242636458e-01,5.508634047759412011e-01,8.955941529353456110e-02,1.224682700188236689e-01,3.822257284858802673e-01,2.928860845130285551e-01,-2.068947577221431355e-01,4.577580834031867718e-02,-3.231758447261511291e-01,-3.669459406535627299e-01,-2.251065101133698787e-01,1.682179349984578021e-01,2.344735845913353267e-01,1.705536360918242511e-01,-1.897111421225535222e-01,0.000000000000000000e+00,0.000000000000000000e+00,4.634172861636234320e-01,5.553579919812851040e-01,-1.308251706527643610e-01,-4.954121684662158853e-01,0.000000000000000000e+00,0.000000000000000000e+00,0.000000000000000000e+00,3.421540573865851087e-01,-9.463406405483739681e-01,2.819542162290056830e-01,-5.428143241017918674e-01,0.000000000000000000e+00,0.000000000000000000e+00,0.000000000000000000e+00
6.930808259370999612e-03,-8.599694215732450742e-03,9.047152758768534087e-01,8.311245540739989335e-03,1.630214476458916734e-02,8.342505027463116285e-01,5.510819013006704736e-01,8.773958920970803543e-02,1.223172940434839318e-01,3.835588011531961827e-01,2.937301866036550746e-01,-2.064474410848412267e-01,4.761321184838518406e-02,-3.250336870941449297e-01,-3.676021964199300829e-01,-2.267489943833961574e-01,1.687857596995181453e-01,2.332642549817241506e-01,1.701528766633782219e-01,-1.901757126790087904e-01,0.000000000000000000e+00,0.000000000000000000e+00,4.660704711818905999e-01,5.568196212780333054e-01,-1.312483559806414679e-01,-4.952304191097156028e-01,0.000000000000000000e+00,0.000000000000000000e+00,0.000000000000000000e+00,3.424923435956545026e-01,-9.451762782320595191e-01,2.833249280164891193e-01,-5.439638014258483256e-01,0.000000000000000000e+00,0.000000000000000000e+00,0.000000000000000000e+00
6.945145898463882944e-03,-8.498236488363300478e-03,9.043424586474616556e-01,8.122178945932034821e-03,1.586325518973302762e-02,8.333806864941046832e-01,5.524120008857250630e-01,8.614024766591109328e-02,1.237199044404485998e-01,3.832434770975517435e-01,2.991638204770220577e-01,-2.099250885003808298e-01,5.029747653501400600e-02,-3.276716990664708118e-01,-3.649730604077626173e-01,-2.215438781112152866e-01,1.717245126838391200e-01,2.314638860324757241e-01,1.715191871982685856e-01,-1.898413738640254977e-01,0.000000000000000000e+00,0.000000000000000000e+00,4.682377468428425282e-01,5.580262133412281500e-01,-1.287979320455327481e-01,-4.967926660600276434e-01,0.000000000000000000e+00,0.000000000000000000e+00,0.000000000000000000e+00,3.397650916911140184e-01,-9.486613139131960803e-01,2.836669086927557926e-01,-5.442232151909769389e-01,0.000000000000000000e+00,0.000000000000000000e+00,0.000000000000000000e+00
7.146815618518778668e-03,-8.222642461973066197e-03,9.044290607198336440e-01,7.221252112493773030e-03,1.660530317785324089e-02,8.340794877516893857e-01,5.513470100909033667e-01,8.271435296103020474e-02,1.237638690023641630e-01,3.803730615244914626e-01,2.996516744765808093e-01,-2.081852521570373704e-01,4.899165628759670488e-02,-3.275564692596097949e-01,-3.656265030030989571e-01,-2.235999252810296212e-01,1.689447764118398587e-01,2.301704086781835856e-01,1.723043941069400675e-01,-1.891560343207527861e-01,0.000000000000000000e+00,0.000000000000000000e+00,4.674117187368523885e-01,5.606247545099136698e-01,-1.303295748447091396e-01,-4.979947922897245416e-01,0.000000000000000000e+00,0.000000000000000000e+00,0.000000000000000000e+00,3.437028063556719637e-01,-9.440639650014176487e-01,2.842042970416541747e-01,-5.439888469891247524e-01,0.000000000000000000e+00,0.000000000000000000e+00,0.000000000000000000e+00
7.255619064472113022e-03,-8.095881175916693623e-03,9.043660904705065340e-01,6.865277015863376943e-03,1.643537756235094113e-02,8.339073310779491210e-01,5.516169953059189002e-01,8.239344556695311905e-02,1.252613146341872430e-01,3.824495116435101538e-01,3.005541490666413518e-01,-2.101409733161804794e-01,5.010952959756444919e-02,-3.288930122113644661e-01,-3.644249379083412954e-01,-2.221628060631885559e-01,1.705081737187739421e-01,2.299656011283288670e-01,1.738917789916715195e-01,-1.890990627704760285e-01,0.000000000000000000e+00,0.000000000000000000e+00,4.684601432303425739e-01,5.580646999140763675e-01,-1.308843047540886040e-01,-4.995024967216715739e-01,0.000000000000000000e+00,0.000000000000000000e+00,0.000000000000000000e+00,3.434769859177502771e-01,-9.446228219787331515e-01,2.850312025702687047e-01,-5.440063072807298505e-01,0.000000000000000000e+00,0.000000000000000000e+00,0.000000000000000000e+00
7.432086829139752590e-03,-8.011753593420212205e-03,9.044422789251301831e-01,6.785489933229735260e-03,1.628294712001083361e-02,8.334788044290116771e-01,5.522697758587178374e-01,8.118911654300943470e-02,1.257749095059479683e-01,3.805938783020114680e-01,3.025115320708983147e-01,-2.065810261760318844e-01,5.037839591847226989e-02,-3.310120004896816015e-01,-3.635654515865361369e-01,-2.217202409490099668e-01,1.738096355820880901e-01,2.316919134108749723e-01,1.710597649134130149e-01,-1.883993959682939978e-01,0.000000000000000000e+00,0.000000000000000000e+00,4.710984506637988511e-01,5.572801712223739434e-01,-1.279539741510969664e-01,-4.983418726642630525e-01,0.000000000000000000e+00,0.000000000000000000e+00,0.000000000000000000e+00,3.430549622450301817e-01,-9.440528433321239143e-01,2.849495098353526101e-01,-5.455447054858205691e-01,0.000000000000000000e+00,0.000000000000000000e+00,0.000000000000000000e+00
7.614941393376527604e-03,-7.990765507630802345e-03,9.045003618246559851e-01,6.298702799790712598e-03,1.613953877158453079e-02,8.332705383383448572e-01,5.525939300866463677e-01,7.971637874757994680e-02,1.274949349941623122e-01,3.814211090099571821e-01,3.042103985961966961e-01,-2.050666554812722309e-01,5.012303411613192733e-02,-3.332789479856353987e-01,-3.625075191143167785e-01,-2.217239228417330066e-01,1.770194745290445959e-01,2.309852578260513378e-01,1.707573911059924454e-01,-1.893384604730150023e-01,0.000000000000000000e+00,0.000000000000000000e+00,4.728486639096133315e-01,5.593878352413041988e-01,-1.272110470521328196e-01,-4.976957603647935713e-01,0.000000000000000000e+00,0.000000000000000000e+00,0.000000000000000000e+00,3.410963173608203003e-01,-9.453297488405666416e-01,2.861439095478554018e-01,-5.461749779957075779e-01,0.000000000000000000e+00,0.000000000000000000e+00,0.000000000000000000e+00
7.797452452559540045e-03,-7.939618025683386690e-03,9.042948852012856475e-01,6.153445693313419271e-03,1.627145315854154617e-02,8.330548162878099738e-01,5.529168544888934944e-01,7.838223922479288508e-02,1.279259308867966016e-01,3.817052275311736409e-01,3.066605087119137485e-01,-2.077845565296474462e-01,5.184946378473540007e-02,-3.350362191385763966e-01,-3.623844839078245728e-01,-2.205762110780851437e-01,1.783009309480590443e-01,2.326524044229696941e-01,1.736603006220995005e-01,-1.890522408454178571e-01,0.000000000000000000e+00,0.000000000000000000e+00,4.724062432916009691e-01,5.613737560058861265e-01,-1.275305607961483567e-01,-4.989225578094430014e-01,0.000000000000000000e+00,0.000000000000000000e+00,0.000000000000000000e+00,3.398140344670981805e-01,-9.454136685654594974e-01,2.859488888528135542e-01,-5.445797530770043471e-01,0.000000000000000000e+00,0.000000000000000000e+00,0.000000000000000000e+00
7.972405494886081884e-03,-7.918345645548198475e-03,9.044108191891747639e-01,5.424049689560075938e-03,1.612562900976753297e-02,8.328438963406917805e-01,5.532464081239566456e-01,7.639048284466659622e-02,1.295576973176871538e-01,3.818845075783430243e-01,3.083981077292990425e-01,-2.072416110594021976e-01,5.327519961164846329e-02,-3.366403356799588797e-01,-3.594679688830532127e-01,-2.159280853320965088e-01,1.784916384881493068e-01,2.322973378738919792e-01,1.749844301407995073e-01,-1.901015447112764656e-01,0.000000000000000000e+00,0.000000000000000000e+00,4.740696752212384402e-01,5.590873457036578120e-01,-1.263188267796415132e-01,-4.988274011259200003e-01,0.000000000000000000e+00,0.000000000000000000e+00,0.000000000000000000e+00,3.391451526486454759e-01,-9.430548395393986150e-01,2.859022572078790958e-01,-5.431650075183739323e-01,0.000000000000000000e+00,0.000000000000000000e+00,0.000000000000000000e+00
8.296737850777079204e-03,-7.873671599746225394e-03,9.042807289371066481e-01,5.797481189071417539e-03,1.652221779274170091e-02,8.321872527162870181e-01,5.542181717948178044e-01,7.780958522577216541e-02,1.282571277340931459e-01,3.827727061848211765e-01,3.066977198767736890e-01,-2.082937904583144206e-01,5.146337747121444012e-02,-3.375106883893914111e-01,-3.607605079958027261e-01,-2.191978818577693389e-01,1.788188827136441283e-01,2.332131246764606591e-01,1.762263486558732217e-01,-1.898321585834048253e-01,0.000000000000000000e+00,0.000000000000000000e+00,4.774200725852784100e-01,5.588341564581680299e-01,-1.231173687917332532e-01,-4.982781268629465909e-01,0.000000000000000000e+00,0.000000000000000000e+00,0.000000000000000000e+00,3.361678478693490568e-01,-9.438718323983610325e-01,2.874757746012257531e-01,-5.446967678282604863e-01,0.000000000000000000e+00,0.000000000000000000e+00,0.000000000000000000e+00
8.644483506581339058e-03,-7.734471227978450929e-03,9.043925064797141422e-01,5.343302687708893599e-03,1.683528503291940176e-02,8.323690146372957344e-01,5.539402907949422250e-01,7.677443242504086718e-02,1.281041976595551357e-01,3.811229488422812617e-01,3.055498505069392245e-01,-2.075703854624636191e-01,5.208573642790881308e-02,-3.371817782604553670e-01,-3.607879165018636480e-01,-2.216883910088501275e-01,1.768598413209117870e-01,2.326785377335236771e-01,1.777396034745244713e-01,-1.894305583457231434e-01,0.000000000000000000e+00,0.000000000000000000e+00,4.775090843305318522e-01,5.585621683136896554e-01,-1.228681457426458179e-01,-4.979209614303007347e-01,0.000000000000000000e+00,0.000000000000000000e+00,0.000000000000000000e+00,3.382440691505501085e-01,-9.392590340162193518e-01,2.872925051656001760e-01,-5.426090395642055864e-01,0.000000000000000000e+00,0.000000000000000000e+00,0.000000000000000000e+00
9.070081371812328125e-03,-7.626345188339694187e-03,9.043108631011040899e-01,5.944586565206804070e-03,1.658390713626014049e-02,8.318616203059703285e-01,5.547034167702501462e-01,7.821103416681145226e-02,1.293810571722255331e-01,3.848688938171324070e-01,3.064389424737407608e-01,-2.051611405624253204e-01,5.191882028434698093e-02,-3.368816546260948175e-01,-3.603430920880058008e-01,-2.221860923228561324e-01,1.773368684576979992e-01,2.337755467722041902e-01,1.772084917327277354e-01,-1.901566077313079639e-01,0.000000000000000000e+00,0.000000000000000000e+00,4.794672441882608105e-01,5.563086491642337261e-01,-1.193091178310998202e-01,-4.978150274330533365e-01,0.000000000000000000e+00,0.000000000000000000e+00,0.000000000000000000e+00,3.378616618066627164e-01,-9.346546050911039849e-01,2.823945027029264865e-01,-5.425526218697616088e-01,0.000000000000000000e+00,0.000000000000000000e+00,0.000000000000000000e+00
9.562750716218182054e-03,-7.520984392272446820e-03,9.043307315206130514e-01,5.592602285298815291e-03,1.675183275640494338e-02,8.316692061400102753e-01,5.549904778078851297e-01,7.653764205757251915e-02,1.285969111259692155e-01,3.788439507461254241e-01,3.062846414284343122e-01,-2.043320901116355004e-01,5.091754346902188644e-02,-3.399747507625803244e-01,-3.586405054372417411e-01,-2.177334016907732095e-01,1.808495299904682441e-01,2.318319853289157462e-01,1.754249751451641137e-01,-1.901333360721152443e-01,0.000000000000000000e+00,0.000000000000000000e+00,4.821445512587115845e-01,5.615946031439583708e-01,-1.176820899301165985e-01,-4.974134866438501557e-01,0.000000000000000000e+00,0.000000000000000000e+00,0.000000000000000000e+00,3.375743439484597541e-01,-9.360732872846646568e-01,2.849413039038961037e-01,-5.463574723883009021e-01,0.000000000000000000e+00,0.000000000000000000e+00,0.000000000000000000e+00
1.004173743705949473e-02,-7.178698294624371624e-03,9.044921968037009652e-01,4.789809204071385565e-03,1.747482068387562482e-02,8.313231277277186582e-01,5.554939654711451569e-01,7.513452294902249473e-02,1.290170621882232582e-01,3.805706326117566096e-01,3.049930024001576978e-01,-2.014472632108940675e-01,5.039473696874260944e-02,-3.409260739265310147e-01,-3.588900493366179445e-01,-2.231847783565046317e-01,1.788314562243468742e-01,2.304327511992509125e-01,1.766033918591306817e-01,-1.891637950014036784e-01,0.000000000000000000e+00,0.000000000000000000e+00,4.849752910528936645e-01,5.608731503330224299e-01,-1.154107080057327345e-01,-4.970792605185503921e-01,0.000000000000000000e+00,0.000000000000000000e+00,0.000000000000000000e+00,3.398264640957507909e-01,-9.344516071599129337e-01,2.839793765298057604e-01,-5.475122453354137608e-01,0.000000000000000000e+00,0.000000000000000000e+00,0.000000000000000000e+00
1.054535492259153252e-02,-6.944564931290619567e-03,9.043505479484843512e-01,4.861297337073860678e-03,1.781749304152869390e-02,8.312692323368497949e-01,5.555631090164461217e-01,7.472996348952043455e-02,1.291542192763369956e-01,3.807110278387336733e-01,3.053386657413225680e-01,-2.011076150710213728e-01,4.979464090748589311e-02,-3.417722512373886357e-01,-3.585002075605301930e-01,-2.212169181938013485e-01,1.790584735165540453e-01,2.286812790484217539e-01,1.741567491441256554e-01,-1.895110163792447233e-01,0.000000000000000000e+00,0.000000000000000000e+00,4.869560146746002571e-01,5.613012521366489427e-01,-1.154372995679862762e-01,-4.967956835760748424e-01,0.000000000000000000e+00,0.000000000000000000e+00,0.000000000000000000e+00,3.399102022599503892e-01,-9.321729930104345474e-01,2.863906425641672970e-01,-5.510232008000476300e-01,0.000000000000000000e+00,0.000000000000000000e+00,0.000000000000000000e+00
1.099671498853001250e-02,-6.552014679687276182e-03,9.045627688303382596e-01,4.352215160858348766e-03,1.880061381357580816e-02,8.312820534674458806e-01,5.555157448051064595e-01,7.514408437034497679e-02,1.280122128239673251e-01,3.821199219853507190e-01,3.004384342909551253e-01,-1.998512331900072214e-01,4.903332202294206216e-02,-3.418556526493203296e-01,-3.592011835425006905e-01,-2.241409126333673840e-01,1.758788131779147612e-01,2.277332656245123488e-01,1.744807884929006070e-01,-1.887623482616648529e-01,0.000000000000000000e+00,0.000000000000000000e+00,4.890991377042825938e-01,5.612101560800002442e-01,-1.138992687755336491e-01,-4.930213414809300754e-01,0.000000000000000000e+00,0.000000000000000000e+00,0.000000000000000000e+00,3.405825394624497071e-01,-9.300837538328715626e-01,2.893437698906031752e-01,-5.528374002318764413e-01,0.000000000000000000e+00,0.000000000000000000e+00,0.000000000000000000e+00
1.131414403078753912e-02,-6.294271447131193770e-03,9.043106172587560554e-01,4.315077738196934631e-03,1.850784239444029644e-02,8.311106985982137374e-01,5.557821934441626865e-01,7.471758835103609053e-02,1.294990960970952842e-01,3.822909198569036660e-01,3.030449790483268901e-01,-2.030394175230202380e-01,5.008000030826682825e-02,-3.432530724067243133e-01,-3.589136472877126338e-01,-2.256243252562847024e-01,1.798665557193242226e-01,2.240667083995021291e-01,1.738982398623756809e-01,-1.898308884962974230e-01,0.000000000000000000e+00,0.000000000000000000e+00,4.903825270659075142e-01,5.629005457949366464e-01,-1.128249104868262881e-01,-4.951897491377472149e-01,0.000000000000000000e+00,0.000000000000000000e+00,0.000000000000000000e+00,3.380433670713953731e-01,-9.310793949536088077e-01,2.889682225867238330e-01,-5.543635179321924067e-01,0.000000000000000000e+00,0.000000000000000000e+00,0.000000000000000000e+00
1.166840168776499612e-02,-5.879806676088243124e-03,9.044292636868799251e-01,3.339541020595012798e-03,1.888992311081549164e-02,8.313123079778879099e-01,5.554744502451183230e-01,7.171446660668402695e-02,1.301691501895372027e-01,3.793779216293857171e-01,3.040794381705271276e-01,-2.022238375966229906e-01,5.121734922079008295e-02,-3.451127290663021374e-01,-3.573149064310479073e-01,-2.241333157961150069e-01,1.804859478682500074e-01,2.210573634216532746e-01,1.699910264716899821e-01,-1.885441043636209291e-01,0.000000000000000000e+00,0.000000000000000000e+00,4.915874783475314147e-01,5.653802900313135149e-01,-1.103041541745343052e-01,-4.946640113985379950e-01,0.000000000000000000e+00,0.000000000000000000e+00,0.000000000000000000e+00,3.405305295345993910e-01,-9.305160297230238298e-01,2.894574879265545686e-01,-5.568186445873056778e-01,0.000000000000000000e+00,0.000000000000000000e+00,0.000000000000000000e+00
1.201892592578052490e-02,-5.535938801929275385e-03,9.043714911620187591e-01,3.949140318392841895e-03,1.843090968399744428e-02,8.309428712194143474e-01,5.560383535589983328e-01,7.299257067422307288e-02,1.315405058428806839e-01,3.806081795408444712e-01,3.057310693608070173e-01,-1.994743958645562587e-01,5.045840714479700451e-02,-3.457289607990300384e-01,-3.566596086945519883e-01,-2.227071952127555321e-01,1.838485710494697500e-01,2.238727857706637181e-01,1.696078376068013704e-01,-1.903742864169317706e-01,0.000000000000000000e+00,0.000000000000000000e+00,4.947863403264670668e-01,5.641275002321116672e-01,-1.095494012080840962e-01,-4.950846169050141521e-01,0.000000000000000000e+00,0.000000000000000000e+00,0.000000000000000000e+00,3.394178386354943511e-01,-9.263353011863756370e-01,2.900546707640658806e-01,-5.566915220458548141e-01,0.000000000000000000e+00,0.000000000000000000e+00,0.000000000000000000e+00
1.238327100200971483e-02,-5.035355159762873109e-03,9.042860020837408808e-01,3.924745467974765159e-03,1.870421761674877573e-02,8.304999432430240081e-01,5.566907515754965230e-01,7.215641268870448544e-02,1.322468727386698073e-01,3.812807337373966821e-01,3.079035235693057260e-01,-1.963710694651669419e-01,4.951340992303768229e-02,-3.454890638975490202e-01,-3.569219208260284715e-01,-2.266684661851192384e-01,1.830827402939523840e-01,2.210984583212022014e-01,1.684913524387044448e-01,-1.874056388430794251e-01,0.000000000000000000e+00,0.000000000000000000e+00,4.952907376238304682e-01,5.660335313391977596e-01,-1.056875280374858644e-01,-4.944919520629202370e-01,0.000000000000000000e+00,0.000000000000000000e+00,0.000000000000000000e+00,3.394276832494439455e-01,-9.236416518861727543e-01,2.892583725338927492e-01,-5.572477475343627917e-01,0.000000000000000000e+00,0.000000000000000000e+00,0.000000000000000000e+00
1.263139464894668523e-02,-4.530366309148452578e-03,9.042766915070546974e-01,3.209406980195198163e-03,1.892590205738177780e-02,8.308552455627821187e-01,5.561574155389453766e-01,7.093148768675303084e-02,1.333578410702635497e-01,3.805130045399779393e-01,3.077450780728493984e-01,-1.977136331119753454e-01,4.825432466731571085e-02,-3.458153808971429766e-01,-3.567239254167602347e-01,-2.288715392369406743e-01,1.832948296525913623e-01,2.174628180149714707e-01,1.681738715554559893e-01,-1.861233060677530415e-01,0.000000000000000000e+00,0.000000000000000000e+00,4.957455333974422063e-01,5.656708637960493613e-01,-1.056414492687772905e-01,-4.953560196011136951e-01,0.000000000000000000e+00,0.000000000000000000e+00,0.000000000000000000e+00,3.436245011909789260e-01,-9.209763410763071034e-01,2.896000425335271133e-01,-5.581337931005159181e-01,0.000000000000000000e+00,0.000000000000000000e+00,0.000000000000000000e+00
1.284253580253398759e-02,-4.003530616063665296e-03,9.046124678284837017e-01,2.861660171713339106e-03,1.854576803611894878e-02,8.311583353745730651e-01,5.557190719476714502e-01,7.054049745136724281e-02,1.346703547967726400e-01,3.780092816498208386e-01,3.070901709555160508e-01,-1.916795194012956005e-01,4.989549695172729171e-02,-3.461679185839099393e-01,-3.538439503276601394e-01,-2.236007914245824735e-01,1.850889489270775845e-01,2.170531164939737689e-01,1.629587236871997691e-01,-1.873498603161577458e-01,0.000000000000000000e+00,0.000000000000000000e+00,4.973203978235061773e-01,5.701884113855084646e-01,-1.064996502205184242e-01,-4.946325493687073194e-01,0.000000000000000000e+00,0.000000000000000000e+00,0.000000000000000000e+00,3.430726931399738500e-01,-9.230800253015741808e-01,2.922470277481076240e-01,-5.602831213457445392e-01,0.000000000000000000e+00,0.000000000000000000e+00,0.000000000000000000e+00
1.293659785359604908e-02,-3.400060570422055832e-03,9.046445555115059101e-01,1.696103708598189911e-03,1.866773020655205367e-02,8.316773965714661099e-01,5.549426520941187491e-01,6.863314731522987544e-02,1.361593938056685216e-01,3.764530948825468015e-01,3.071499909181602539e-01,-1.935879362208976495e-01,5.008045273960495120e-02,-3.459509177582613115e-01,-3.535262840601882672e-01,-2.284116523481723449e-01,1.843865760037543544e-01,2.128748113095817462e-01,1.616090770146808020e-01,-1.851731809956428665e-01,0.000000000000000000e+00,0.000000000000000000e+00,4.965571042415032887e-01,5.699306926073240964e-01,-1.035603478714584025e-01,-4.939977050775955503e-01,0.000000000000000000e+00,0.000000000000000000e+00,0.000000000000000000e+00,3.485820337212776621e-01,-9.215152367211605355e-01,2.896115517941862394e-01,-5.576893336802916101e-01,0.000000000000000000e+00,0.000000000000000000e+00,0.000000000000000000e+00
1.302021590334128190e-02,-2.841389945268544583e-03,9.046170587496806803e-01,2.120317908391005680e-03,1.785153861571753958e-02,8.311827328545493554e-01,5.557086389696155315e-01,6.928312519992760321e-02,1.381521014450819429e-01,3.770737568811167728e-01,3.109570957690544479e-01,-1.904286238989834901e-01,5.374158396448036612e-02,-3.447602473961158820e-01,-3.512192852543283839e-01,-2.259302765371010713e-01,1.850276454417769667e-01,2.146311696983329020e-01,1.611522457382791595e-01,-1.856268094283128334e-01,0.000000000000000000e+00,0.000000000000000000e+00,4.991176796400713656e-01,5.668479795657257458e-01,-9.950576691057140544e-02,-4.917741465923050059e-01,0.000000000000000000e+00,0.000000000000000000e+00,0.000000000000000000e+00,3.492523004883749671e-01,-9.200362831805015684e-01,2.875529540603555256e-01,-5.571517167727919606e-01,0.000000000000000000e+00,0.000000000000000000e+00,0.000000000000000000e+00
1.312985539660922220e-02,-2.343098488347487504e-03,9.047728594292514526e-01,2.130271251520483682e-03,1.752043477121745935e-02,8.307334437067259714e-01,5.563905479220394579e-01,7.061171861150512818e-02,1.398655315866165205e-01,3.795743128916891918e-01,3.107073938466451968e-01,-1.866801161373508322e-01,5.103505400062302577e-02,-3.438466586095833555e-01,-3.498766367372123653e-01,-2.269627387734058643e-01,1.848400921859457702e-01,2.133770415001326748e-01,1.613729840785784464e-01,-1.863486159095208705e-01,0.000000000000000000e+00,0.000000000000000000e+00,5.020785766298111463e-01,5.662743681973846366e-01,-9.660154073624285798e-02,-4.912664370682390258e-01,0.000000000000000000e+00,0.000000000000000000e+00,0.000000000000000000e+00,3.471415286284438850e-01,-9.191381094796772233e-01,2.885538539929815016e-01,-5.583207184546264967e-01,0.000000000000000000e+00,0.000000000000000000e+00,0.000000000000000000e+00
1.329379559106893399e-02,-1.627835880862133454e-03,9.047777888574920491e-01,9.425506078334118651e-04,1.809707595743074299e-02,8.315626879662663118e-01,5.551352118380366019e-01,6.860406478025922461e-02,1.394658214610335900e-01,3.739636636319539353e-01,3.085076095176981781e-01,-1.887586311508528958e-01,4.854000749165094525e-02,-3.439080600161356083e-01,-3.493062939075655682e-01,-2.272674118767011309e-01,1.831857758678808179e-01,2.082873313455899100e-01,1.580553040950779808e-01,-1.874706373784334745e-01,0.000000000000000000e+00,0.000000000000000000e+00,5.042214242024192217e-01,5.686229132603762837e-01,-9.763393417097407379e-02,-4.929817920821892852e-01,0.000000000000000000e+00,0.000000000000000000e+00,0.000000000000000000e+00,3.506167785504713530e-01,-9.163750640838991268e-01,2.922857422586821463e-01,-5.629363562633388218e-01,0.000000000000000000e+00,0.000000000000000000e+00,0.000000000000000000e+00
1.345779499145428361e-02,-1.091747449820182955e-03,9.048732210056792402e-01,1.234947593513117904e-03,1.722105454363970917e-02,8.316416677975044802e-01,5.550441843383572271e-01,7.029659708557328690e-02,1.411705089912261291e-01,3.733158061656532412e-01,3.086763006221506234e-01,-1.871646243242894025e-01,5.088275888129235175e-02,-3.429753395514930081e-01,-3.485486463693649450e-01,-2.287341285106295197e-01,1.865667324239674851e-01,2.086031883607371851e-01,1.596199887131124484e-01,-1.871436067370378376e-01,0.000000000000000000e+00,0.000000000000000000e+00,5.038963422700780681e-01,5.710336794770154434e-01,-9.675542785582375016e-02,-4.936533262415956358e-01,0.000000000000000000e+00,0.000000000000000000e+00,0.000000000000000000e+00,3.498243280727335591e-01,-9.197830598623392140e-01,2.916074263961734858e-01,-5.622211364850585591e-01,0.000000000000000000e+00,0.000000000000000000e+00,0.000000000000000000e+00
1.378627707940287273e-02,-5.078442934056191620e-04,9.047722122865329286e-01,1.565262075074764971e-03,1.739510706659563519e-02,8.311986842192233826e-01,5.557010955153953713e-01,7.042194396243170451e-02,1.418519809311297730e-01,3.749415547201160326e-01,3.107218957429211947e-01,-1.835444207723540277e-01,5.040996715461277394e-02,-3.422988614222564618e-01,-3.491566289147498559e-01,-2.322440664662477894e-01,1.864242300286505227e-01,2.060259006857745046e-01,1.585893256975650922e-01,-1.851463873648915570e-01,0.000000000000000000e+00,0.000000000000000000e+00,5.055032257642976257e-01,5.713210993788248038e-01,-9.349395837697983824e-02,-4.936493667222704440e-01,0.000000000000000000e+00,0.000000000000000000e+00,0.000000000000000000e+00,3.512652842112846119e-01,-9.168164113337046173e-01,2.908017361761411346e-01,-5.651213918749814491e-01,0.000000000000000000e+00,0.000000000000000000e+00,0.000000000000000000e+00
1.402788829274369611e-02,2.383271234658495066e-04,9.048478251241005577e-01,4.296380763685413553e-04,1.787383820606116419e-02,8.312944568019560165e-01,5.555446583392270599e-01,6.906996649227452323e-02,1.425108542328737682e-01,3.736696120884192007e-01,3.091597196961562988e-01,-1.836796401471282592e-01,4.945516660247138707e-02,-3.449494058831958920e-01,-3.484199988136034154e-01,-2.329494016305341808e-01,1.892740041854807931e-01,2.017162762841711310e-01,1.577452372249932289e-01,-1.846996924913221760e-01,0.000000000000000000e+00,0.000000000000000000e+00,5.091992699643772546e-01,5.717770939263222552e-01,-9.106531600656386782e-02,-4.944341949784587520e-01,0.000000000000000000e+00,0.000000000000000000e+00,0.000000000000000000e+00,3.550810763846471430e-01,-9.142633985022747822e-01,2.900437453774726837e-01,-5.680000186139702034e-01,0.000000000000000000e+00,0.000000000000000000e+00,0.000000000000000000e+00
1.426748598856723144e-02,9.315885306679727931e-04,9.049363863876502823e-01,-3.484361078810679392e-04,1.790692258730665343e-02,8.315207381239794193e-01,5.552049016223508104e-01,6.698627501738267653e-02,1.438511487172805803e-01,3.714164652208717943e-01,3.106697939780940221e-01,-1.823306059880669960e-01,5.214135095771103845e-02,-3.450939006433051959e-01,-3.465402754167588029e-01,-2.318570332675351509e-01,1.891383401887338778e-01,1.973023556372614506e-01,1.560526140418539431e-01,-1.832450810684319586e-01,0.000000000000000000e+00,0.000000000000000000e+00,5.094921262454721322e-01,5.759681690206833737e-01,-9.250681593615552034e-02,-4.952725683470734497e-01,0.000000000000000000e+00,0.000000000000000000e+00,0.000000000000000000e+00,3.583610554204114118e-01,-9.124768094494060122e-01,2.907930229454503968e-01,-5.696852910685379356e-01,0.000000000000000000e+00,0.000000000000000000e+00,0.000000000000000000e+00
1.456603656025094035e-02,1.571362260051647509e-03,9.050342650948128842e-01,-7.365057842563015392e-04,1.811548521163679204e-02,8.311757023397798871e-01,5.557141698704027855e-01,6.667642896948519637e-02,1.443151341238925189e-01,3.704051446230908207e-01,3.101289221843308019e-01,-1.798354477565552445e-01,5.008628930006037844e-02,-3.468964725264732651e-01,-3.449043070153537949e-01,-2.296415050058961960e-01,1.915481078762356348e-01,1.928189756296788959e-01,1.524650909881923033e-01,-1.822379227661871659e-01,0.000000000000000000e+00,0.000000000000000000e+00,5.134437299085891082e-01,5.793968453115285744e-01,-9.100244924970470051e-02,-4.930429223513367321e-01,0.000000000000000000e+00,0.000000000000000000e+00,0.000000000000000000e+00,3.586166199662528808e-01,-9.130400171752028893e-01,2.929155354765419772e-01,-5.717439682102384291e-01,0.000000000000000000e+00,0.000000000000000000e+00,0.000000000000000000e+00
1.480597465776355842e-02,2.242834217899498765e-03,9.051021685938284156e-01,-8.047306261816297972e-04,1.792210151044179231e-02,8.309710437226096591e-01,5.560263259780294787e-01,6.809911035796585577e-02,1.461043691305310144e-01,3.730337985682883328e-01,3.092762737556109531e-01,-1.767442912927826015e-01,4.777535797265295564e-02,-3.482459749684423400e-01,-3.444460434605798316e-01,-2.306598265229554134e-01,1.961069110276284500e-01,1.909081667106115043e-01,1.510053019301572375e-01,-1.830794092337364454e-01,0.000000000000000000e+00,0.000000000000000000e+00,5.175970632837545438e-01,5.781657577936396564e-01,-8.654367683442268366e-02,-4.920282611396120109e-01,0.000000000000000000e+00,0.000000000000000000e+00,0.000000000000000000e+00,3.580984960034058195e-01,-9.106243389907650032e-01,2.937524071926662095e-01,-5.704579486666676580e-01,0.000000000000000000e+00,0.000000000000000000e+00,0.000000000000000000e+00
1.501586398302823602e-02,3.031129639057063806e-03,9.053590458935426577e-01,-8.798584513408876963e-04,1.768171409255646018e-02,8.319293893793200390e-01,5.545990208455174875e-01,6.850412584738277411e-02,1.474317821021158825e-01,3.715639361240238303e-01,3.082682602564194019e-01,-1.725031778046372255e-01,4.850972105013435370e-02,-3.451604543221530874e-01,-3.446911083038877721e-01,-2.336179455227581636e-01,1.943045151172825280e-01,1.939818225134899432e-01,1.501636450623516084e-01,-1.825651468982200099e-01,0.000000000000000000e+00,0.000000000000000000e+00,5.174857522752220884e-01,5.765968634222949918e-01,-8.827840678259474272e-02,-4.934822150516380290e-01,0.000000000000000000e+00,0.000000000000000000e+00,0.000000000000000000e+00,3.603057271488901425e-01,-9.108585874891993450e-01,2.964336584438773126e-01,-5.731997862833934088e-01,0.000000000000000000e+00,0.000000000000000000e+00,0.000000000000000000e+00
1.513726646751671449e-02,3.746936340290453991e-03,9.054224328645643638e-01,-1.949661218612478483e-03,1.783140789266894621e-02,8.321506586308521358e-01,5.542594347901869112e-01,6.781956554682012916e-02,1.483464370741254257e-01,3.702680774394715435e-01,3.063471199918588739e-01,-1.736887757379063646e-01,4.923492702266255017e-02,-3.475329129507294112e-01,-3.434425188706383691e-01,-2.332784305807691916e-01,1.976110008064734525e-01,1.905285188550140674e-01,1.473126960177030542e-01,-1.825245850221853539e-01,0.000000000000000000e+00,0.000000000000000000e+00,5.202540829312216619e-01,5.749030295698975834e-01,-8.582200115746137226e-02,-4.929587852918314028e-01,0.000000000000000000e+00,0.000000000000000000e+00,0.000000000000000000e+00,3.642406116095673885e-01,-9.092661579354009982e-01,2.965267221664816821e-01,-5.723833468137102809e-01,0.000000000000000000e+00,0.000000000000000000e+00,0.000000000000000000e+00
1.535137862327305702e-02,4.438422425810380038e-03,9.054632363346846180e-01,-2.109497503574640428e-03,1.771577443567243920e-02,8.322811231054655368e-01,5.540666327065112418e-01,6.759337209271093494e-02,1.491487939547911090e-01,3.684304719804958328e-01,3.068443303000037981e-01,-1.710890233592210485e-01,4.958423062453463925e-02,-3.462040100200189374e-01,-3.423358023347156665e-01,-2.327969741895216105e-01,1.961993192076053327e-01,1.896388901819884010e-01,1.481843285515516695e-01,-1.809651661333310235e-01,0.000000000000000000e+00,0.000000000000000000e+00,5.202058070183558369e-01,5.768605260693140391e-01,-8.548017180431981277e-02,-4.928954215443990816e-01,0.000000000000000000e+00,0.000000000000000000e+00,0.000000000000000000e+00,3.669320192755868848e-01,-9.095099378297248904e-01,2.980208054639047477e-01,-5.730898064626324118e-01,0.000000000000000000e+00,0.000000000000000000e+00,0.000000000000000000e+00
1.563008727677673779e-02,4.935720358289840716e-03,9.051971974583170599e-01,-2.972660466835574770e-03,1.902180982748535171e-02,8.323932020205114801e-01,5.538509648548748387e-01,6.248651338088227064e-02,1.480563491738734194e-01,3.639789755168370000e-01,3.103788692169588415e-01,-1.724342825524857736e-01,4.903306953770360244e-02,-3.540627185894391626e-01,-3.441330715266829321e-01,-2.305438863779152303e-01,2.065892924642788175e-01,1.801851147765637373e-01,1.417658338137839091e-01,-1.798409935947257454e-01,0.000000000000000000e+00,0.000000000000000000e+00,5.191025380814282553e-01,5.794158708249558254e-01,-8.331520361769791105e-02,-4.906781852882413641e-01,0.000000000000000000e+00,0.000000000000000000e+00,0.000000000000000000e+00,3.688663998918450537e-01,-9.064713115396788590e-01,2.960976932073141055e-01,-5.779091253934877104e-01,0.000000000000000000e+00,0.000000000000000000e+00,0.000000000000000000e+00
1.585429690313257950e-02,5.690552812486537014e-03,9.052036486343987276e-01,-4.293376507109133988e-03,1.894729516043412720e-02,8.329343598537986004e-01,5.530306674129514821e-01,6.169993700993423036e-02,1.508593690560220135e-01,3.647444884710319135e-01,3.091880347821281405e-01,-1.754319468264108062e-01,4.669811397630487665e-02,-3.529586800594142759e-01,-3.430253813920024486e-01,-2.361117519683558763e-01,2.046433455461580397e-01,1.768540127496833481e-01,1.418540946475750630e-01,-1.805039665688233652e-01,0.000000000000000000e+00,0.000000000000000000e+00,5.227992198992313932e-01,5.785819371215320528e-01,-8.114660089617276029e-02,-4.926230242767233869e-01,0.000000000000000000e+00,0.000000000000000000e+00,0.000000000000000000e+00,3.739587913469056835e-01,-9.055840424432263225e-01,2.947277934977964309e-01,-5.777684480061097139e-01,0.000000000000000000e+00,0.000000000000000000e+00,0.000000000000000000e+00
1.609855744590009408e-02,6.299426128931071879e-03,9.052787882844217648e-01,-4.131669619540810287e-03,1.823887774417541977e-02,8.337455363601037339e-01,5.518320879075367946e-01,6.234403231227250014e-02,1.523983759455408149e-01,3.615710553352492473e-01,3.096335799337716077e-01,-1.746928978000127641e-01,4.749408951962624109e-02,-3.508090314969716794e-01,-3.421607907136259841e-01,-2.362756832888556757e-01,2.061530020277400621e-01,1.759191102695080722e-01,1.391430076156328632e-01,-1.810318301393489260e-01,0.000000000000000000e+00,0.000000000000000000e+00,5.227244748021933063e-01,5.805771085815142341e-01,-8.084752807835883515e-02,-4.926420030025363550e-01,0.000000000000000000e+00,0.000000000000000000e+00,0.000000000000000000e+00,3.756336661551353817e-01,-9.045521011180311932e-01,2.958807157935108290e-01,-5.789928494896626754e-01,0.000000000000000000e+00,0.000000000000000000e+00,0.000000000000000000e+00
1.639700219064790798e-02,6.939203899545835080e-03,9.051203955093950482e-01,-4.176500025073098636e-03,1.839764086693568973e-02,8.333136908203326865e-01,5.524783944639527489e-01,6.327562094062444409e-02,1.527882691966191142e-01,3.626661262343482961e-01,3.091131740626781865e-01,-1.748531619547780691e-01,4.748339534376123938e-02,-3.524622625740464477e-01,-3.421284043250685802e-01,-2.369649795774497192e-01,2.088455775893802990e-01,1.754094472900134538e-01,1.389447979778361264e-01,-1.805822301949061570e-01,0.000000000000000000e+00,0.000000000000000000e+00,5.260311851240306869e-01,5.764083678662513810e-01,-7.782536490141281349e-02,-4.916696268779449652e-01,0.000000000000000000e+00,0.000000000000000000e+00,0.000000000000000000e+00,3.791676262159959787e-01,-8.976356787628995137e-01,2.948351635460957909e-01,-5.788670989985710280e-01,0.000000000000000000e+00,0.000000000000000000e+00,0.000000000000000000e+00
1.665095139910444805e-02,7.533332637271582949e-03,9.051291357901966039e-01,-4.791615755658808901e-03,1.849744655758897224e-02,8.333622392534454359e-01,5.523968347807419743e-01,6.275713071452661274e-02,1.543097664042495099e-01,3.636190222061910227e-01,3.089625637974362515e-01,-1.750561648538073722e-01,4.654654225387076794e-02,-3.528673584015916687e-01,-3.416899599373235952e-01,-2.397867156425725621e-01,2.093260174808221907e-01,1.729880733056277653e-01,1.384803759498106634e-01,-1.795337276103138591e-01,0.000000000000000000e+00,0.000000000000000000e+00,5.274067310214545223e-01,5.780058203999948185e-01,-7.617784708472172261e-02,-4.924506148182984377e-01,0.000000000000000000e+00,0.000000000000000000e+00,0.000000000000000000e+00,3.796316659737986599e-01,-8.990987840620627836e-01,2.961527988539561229e-01,-5.796436292712083826e-01,0.000000000000000000e+00,0.000000000000000000e+00,0.000000000000000000e+00
1.700037066660011267e-02,8.300980044107618069e-03,9.052630047011727132e-01,-5.697318026657037515e-03,1.914995747352871494e-02,8.336043648109334736e-01,5.520005277753140538e-01,6.297827646635817400e-02,1.542368400483001278e-01,3.629979511734792164e-01,3.042560544420069291e-01,-1.747343710062117805e-01,4.314992074376476638e-02,-3.541955219004666033e-01,-3.413314885912049901e-01,-2.400862232610085911e-01,2.090896183921814311e-01,1.730375986591332071e-01,1.399070687441197058e-01,-1.814414738208014466e-01,0.000000000000000000e+00,0.000000000000000000e+00,5.316198202170928644e-01,5.754613066064518945e-01,-7.397408351626835743e-02,-4.925133494880252760e-01,0.000000000000000000e+00,0.000000000000000000e+00,0.000000000000000000e+00,3.834756075329224800e-01,-8.928599355553926697e-01,2.950387190463605314e-01,-5.798377738444062679e-01,0.000000000000000000e+00,0.000000000000000000e+00,0.000000000000000000e+00
1.738997082939511621e-02,9.074921654773119087e-03,9.053801547535947902e-01,-6.088606853035078217e-03,1.891972557777608921e-02,8.335493757676112336e-01,5.520873219048565428e-01,6.298788768044144559e-02,1.553852668050145769e-01,3.609359020137422602e-01,3.036854263158613731e-01,-1.708933692284458350e-01,4.470642599923238536e-02,-3.542207809514861250e-01,-3.393875385101008391e-01,-2.397679975368281480e-01,2.095663952134478869e-01,1.737203449193317206e-01,1.382199992510275421e-01,-1.801242927600237298e-01,0.000000000000000000e+00,0.000000000000000000e+00,5.333633255779270943e-01,5.734551890572238131e-01,-6.812156825441946506e-02,-4.901723843211975851e-01,0.000000000000000000e+00,0.000000000000000000e+00,0.000000000000000000e+00,3.854035567228795700e-01,-8.925255232619819790e-01,2.934887212739918927e-01,-5.782722169633259801e-01,0.000000000000000000e+00,0.000000000000000000e+00,0.000000000000000000e+00
1.786110537148399846e-02,9.977692501292448335e-03,9.054544310119237993e-01,-6.882665635872084638e-03,1.911562905506926716e-02,8.330291729855678895e-01,5.528558750656041854e-01,6.191718466003039156e-02,1.574751310607671595e-01,3.622462862627832680e-01,3.044970277126731184e-01,-1.670212103303275464e-01,4.285172396155965263e-02,-3.553712106010078475e-01,-3.380493283226121415e-01,-2.432208767333895738e-01,2.102925862290108416e-01,1.709726123210169868e-01,1.377128686695096305e-01,-1.783164021119332532e-01,0.000000000000000000e+00,0.000000000000000000e+00,5.369443742533763775e-01,5.740017262696708311e-01,-6.379377416003877144e-02,-4.902374795365134208e-01,0.000000000000000000e+00,0.000000000000000000e+00,0.000000000000000000e+00,3.866362554545698105e-01,-8.907898667447167185e-01,2.942276311910114739e-01,-5.779696086765275798e-01,0.000000000000000000e+00,0.000000000000000000e+00,0.000000000000000000e+00
1.840083068231113117e-02,1.086175402916345067e-02,9.053481445169136999e-01,-8.749996696790232620e-03,2.059786862365505997e-02,8.331699204127288594e-01,5.525640678558605412e-01,5.497645498369989336e-02,1.587209692282525175e-01,3.603998156314875967e-01,3.082574747740948196e-01,-1.654884937398527212e-01,4.230537960469370889e-02,-3.637624496825700438e-01,-3.384853627181275693e-01,-2.418048026002535822e-01,2.184675019648174010e-01,1.648124433955596990e-01,1.352268464981430940e-01,-1.799308677432525649e-01,0.000000000000000000e+00,0.000000000000000000e+00,5.391621305033345024e-01,5.730189241315464255e-01,-5.892192247513891590e-02,-4.902846125292442681e-01,0.000000000000000000e+00,0.000000000000000000e+00,0.000000000000000000e+00,3.877734596595487360e-01,-8.880483076714182911e-01,2.918734072694335602e-01,-5.794492747938563282e-01,0.000000000000000000e+00,0.000000000000000000e+00,0.000000000000000000e+00
1.910208181484130546e-02,1.191857034244623095e-02,9.053776887229906256e-01,-1.077331459944387559e-02,2.173760081941600655e-02,8.338045849578226143e-01,5.515263606632687665e-01,4.861431663251233187e-02,1.597760603142852898e-01,3.541956471948451979e-01,3.099437539814813292e-01,-1.643938901804469221e-01,4.097259859840018947e-02,-3.696733831221572508e-01,-3.372499221475409592e-01,-2.401287986986129497e-01,2.243612289895777767e-01,1.554309138451279715e-01,1.292035973353497791e-01,-1.785284628911454063e-01,0.000000000000000000e+00,0.000000000000000000e+00,5.403185736543582030e-01,5.775821449343584435e-01,-5.997646913812223340e-02,-4.893683863713185755e-01,0.000000000000000000e+00,0.000000000000000000e+00,0.000000000000000000e+00,3.926151925331709536e-01,-8.824170662267420973e-01,2.951850319258258470e-01,-5.839273349878336683e-01,0.000000000000000000e+00,0.000000000000000000e+00,0.000000000000000000e+00
1.978340383679610265e-02,1.302845499929707052e-02,9.055566030663857457e-01,-1.169354095094189867e-02,2.192320899173887117e-02,8.341237982857365729e-01,5.510173528491719708e-01,4.608825884252069210e-02,1.621766316533374830e-01,3.523832370827387761e-01,3.113129539877925178e-01,-1.599897504167990259e-01,4.148326196843847569e-02,-3.721618501637859455e-01,-3.355179433102537523e-01,-2.392815278135233537e-01,2.285267577849677267e-01,1.534567243984488460e-01,1.258006751255668076e-01,-1.787097659689420304e-01,0.000000000000000000e+00,0.000000000000000000e+00,5.424362564245849283e-01,5.771149360259634209e-01,-5.844556389607553915e-02,-4.871607790806242733e-01,0.000000000000000000e+00,0.000000000000000000e+00,0.000000000000000000e+00,3.977317167468546466e-01,-8.740542843941999651e-01,2.934752349898946400e-01,-5.845939712989627335e-01,0.000000000000000000e+00,0.000000000000000000e+00,0.000000000000000000e+00
2.048500171649320772e-02,1.433593137747235166e-02,9.057614372735777186e-01,-1.398602147872806713e-02,2.302721709617210413e-02,8.344903816282253084e-01,5.503634630369109715e-01,4.147536487573341701e-02,1.635002756006845581e-01,3.485345644834801360e-01,3.098414433367888687e-01,-1.574916912356049414e-01,3.999074882415243337e-02,-3.742885385503130213e-01,-3.332082083926434790e-01,-2.406393518640986273e-01,2.263186854149734917e-01,1.470132913876666392e-01,1.247801556692863245e-01,-1.764646943170566085e-01,0.000000000000000000e+00,0.000000000000000000e+00,5.441127273101341588e-01,5.764754696581383397e-01,-5.729084008813134510e-02,-4.855483766278814728e-01,0.000000000000000000e+00,0.000000000000000000e+00,0.000000000000000000e+00,4.067409398574044488e-01,-8.650013786773318447e-01,2.917122723066299383e-01,-5.862489098885366179e-01,0.000000000000000000e+00,0.000000000000000000e+00,0.000000000000000000e+00
2.120762660668690930e-02,1.550915611653031628e-02,9.058821405803587634e-01,-1.466919540359880834e-02,2.301267567693623256e-02,8.338100889982048569e-01,5.513764294465307580e-01,4.198775862307617401e-02,1.655115578548207733e-01,3.487775394747110735e-01,3.082667349207504626e-01,-1.527221550357638347e-01,3.799916066138851051e-02,-3.766401281988288052e-01,-3.301167163749377798e-01,-2.390091167275483208e-01,2.293789747610764929e-01,1.452055288620471007e-01,1.249852641019223859e-01,-1.776532795883026816e-01,0.000000000000000000e+00,0.000000000000000000e+00,5.496371090025122808e-01,5.747885090555311383e-01,-5.370029895798487940e-02,-4.861710866473429316e-01,0.000000000000000000e+00,0.000000000000000000e+00,0.000000000000000000e+00,4.068682154633794790e-01,-8.608392207141202235e-01,2.908054861218883347e-01,-5.855093589425367506e-01,0.000000000000000000e+00,0.000000000000000000e+00,0.000000000000000000e+00
2.214726180591702551e-02,1.673701725548063651e-02,9.064536504538603934e-01,-1.563852342600022954e-02,2.250878356257379753e-02,8.337243021719175085e-01,5.515002984727543911e-01,4.256848640370906184e-02,1.691714532166669616e-01,3.486918959275646657e-01,3.052400479188793203e-01,-1.416466862543385441e-01,3.618505206779577127e-02,-3.717334218611803576e-01,-3.255650276053310699e-01,-2.445474326380249197e-01,2.212679629033425799e-01,1.450996947324574848e-01,1.220198462009802615e-01,-1.755401053527969879e-01,0.000000000000000000e+00,0.000000000000000000e+00,5.527746302177058979e-01,5.765241846887113608e-01,-5.231642705773671687e-02,-4.846267680123229060e-01,0.000000000000000000e+00,0.000000000000000000e+00,0.000000000000000000e+00,4.095235317498278627e-01,-8.575701571981596549e-01,2.953764630486478970e-01,-5.823361836794874735e-01,0.000000000000000000e+00,0.000000000000000000e+00,0.000000000000000000e+00
2.319111193727974723e-02,1.777892144669493413e-02,9.067862080108748390e-01,-1.720852484149620887e-02,2.399792357955266714e-02,8.337562575352703842e-01,5.513424247755923657e-01,3.786586896555317605e-02,1.698022563325556344e-01,3.465068352240965877e-01,3.044484706911571026e-01,-1.330094259612829843e-01,3.360116680375177522e-02,-3.767211947390741722e-01,-3.251410794020379025e-01,-2.455863272460627189e-01,2.239159508505364216e-01,1.422841870520815677e-01,1.192815802978298839e-01,-1.727144601194508244e-01,0.000000000000000000e+00,0.000000000000000000e+00,5.527771838773951618e-01,5.795126024675304466e-01,-4.849988192439051021e-02,-4.822949690794628985e-01,0.000000000000000000e+00,0.000000000000000000e+00,0.000000000000000000e+00,4.106883314732237555e-01,-8.545141848496919934e-01,2.993315633035951717e-01,-5.845272158651739769e-01,0.000000000000000000e+00,0.000000000000000000e+00,0.000000000000000000e+00
2.422289822222852343e-02,1.865438989908876910e-02,9.066629866486076716e-01,-1.905931385681143911e-02,2.519707487282481229e-02,8.336693151609654295e-01,5.513595223918856814e-01,3.135022027290590430e-02,1.711364218840967510e-01,3.427060686883072749e-01,3.078647613092002633e-01,-1.333622628147359546e-01,3.395020597723392985e-02,-3.851563025157998532e-01,-3.239353115167405983e-01,-2.439818651955314444e-01,2.326837896849347220e-01,1.357209895106135933e-01,1.157902653209890026e-01,-1.720786555904231241e-01,0.000000000000000000e+00,0.000000000000000000e+00,5.557289489057239962e-01,5.785834732821537596e-01,-4.522743739488396808e-02,-4.814794830433825612e-01,0.000000000000000000e+00,0.000000000000000000e+00,0.000000000000000000e+00,4.122261644420209814e-01,-8.488142279270876056e-01,3.008043844531398947e-01,-5.868055929083797473e-01,0.000000000000000000e+00,0.000000000000000000e+00,0.000000000000000000e+00
2.532856113668224482e-02,1.928525305642597026e-02,9.066167369034845436e-01,-1.906427015021273583e-02,2.551223871398992232e-02,8.328201463701068175e-01,5.526267122384824759e-01,3.177942744386345886e-02,1.722090775107323335e-01,3.438144466941018829e-01,3.076817307574423177e-01,-1.309642164524247587e-01,3.008153147482035134e-02,-3.864126407958814458e-01,-3.222298945925715641e-01,-2.441415088052967253e-01,2.332622933663645037e-01,1.324226044242975409e-01,1.169269067959707309e-01,-1.711436106520500267e-01,0.000000000000000000e+00,0.000000000000000000e+00,5.558501880923122362e-01,5.751441563350916386e-01,-4.196891447818607013e-02,-4.792383105093542817e-01,0.000000000000000000e+00,0.000000000000000000e+00,0.000000000000000000e+00,4.090638341121090038e-01,-8.407498953461375324e-01,3.029879923565872435e-01,-5.844345535114994217e-01,0.000000000000000000e+00,0.000000000000000000e+00,0.000000000000000000e+00
2.648023711238538941e-02,1.979475098026876184e-02,9.070474775713065485e-01,-2.021419018209323973e-02,2.627396819391689467e-02,8.329213873008368685e-01,5.523975268658222193e-01,2.756426236694348858e-02,1.729036821806246016e-01,3.394487342082443959e-01,3.073232360843265454e-01,-1.228479715358842678e-01,3.046957545772243162e-02,-3.914242377919443516e-01,-3.202247758544669587e-01,-2.423909513637667046e-01,2.384956878917020295e-01,1.298261445375330780e-01,1.107403716843746999e-01,-1.706107543403721782e-01,0.000000000000000000e+00,0.000000000000000000e+00,5.556825979985844377e-01,5.778251598695502977e-01,-3.880156408361013637e-02,-4.755710829384777738e-01,0.000000000000000000e+00,0.000000000000000000e+00,0.000000000000000000e+00,4.080731149335645735e-01,-8.328629866219543487e-01,3.066161885394471098e-01,-5.845111352710172792e-01,0.000000000000000000e+00,0.000000000000000000e+00,0.000000000000000000e+00
2.749337248342565571e-02,2.024394939740862751e-02,9.071402170372285800e-01,-2.070572445339843859e-02,2.666265550436196924e-02,8.326828308191287498e-01,5.527202538675037857e-01,2.572365001267002890e-02,1.738849387878690922e-01,3.384139271524367887e-01,3.077720761363086366e-01,-1.190837132179024538e-01,3.055158046777109448e-02,-3.883848821704100618e-01,-3.178679267546813958e-01,-2.440186457876640791e-01,2.287689418808590003e-01,1.314086174999828660e-01,1.142782564718118482e-01,-1.693138902269643309e-01,0.000000000000000000e+00,0.000000000000000000e+00,5.522654828870962040e-01,5.731619615250791444e-01,-4.092386558835357790e-02,-4.743213169448738942e-01,0.000000000000000000e+00,0.000000000000000000e+00,0.000000000000000000e+00,4.069799277686616534e-01,-8.246054600593089035e-01,3.114923007537680477e-01,-5.798653129755728663e-01,0.000000000000000000e+00,0.000000000000000000e+00,0.000000000000000000e+00
2.853479309552034091e-02,2.039100947532078781e-02,9.073945174205632069e-01,-2.152362326302221726e-02,2.740901358196195722e-02,8.329362489109776169e-01,5.522704816176627896e-01,2.362772644858355739e-02,1.732283021913581245e-01,3.339161984065944777e-01,3.043293264291914157e-01,-1.166712997077655467e-01,2.870381010734485844e-02,-3.899418786779785817e-01,-3.175127571245944802e-01,-2.470950651510612772e-01,2.282931235975763085e-01,1.287449596483821457e-01,1.122217806785049121e-01,-1.668754994749812037e-01,0.000000000000000000e+00,0.000000000000000000e+00,5.470238533493145816e-01,5.701943184882004578e-01,-4.077956848819160041e-02,-4.740060867670842226e-01,0.000000000000000000e+00,0.000000000000000000e+00,0.000000000000000000e+00,4.074438478466748115e-01,-8.175309347634043267e-01,3.134680893335497487e-01,-5.807755414397487437e-01,0.000000000000000000e+00,0.000000000000000000e+00,0.000000000000000000e+00
2.949129794257262030e-02,2.032340454433264124e-02,9.073571786916952986e-01,-2.143554515916214209e-02,2.739771037894847550e-02,8.321929391560330957e-01,5.533938876501653947e-01,2.140557639312791124e-02,1.735367607542904755e-01,3.308517949469140795e-01,3.078159132292676015e-01,-1.125002549848544420e-01,3.118053366265276932e-02,-3.887444988776291299e-01,-3.151593024675378718e-01,-2.474246908241226617e-01,2.231679663164219951e-01,1.303662463556485573e-01,1.139931696729217514e-01,-1.651538815729984011e-01,0.000000000000000000e+00,0.000000000000000000e+00,5.420181392071931059e-01,5.661652552907654457e-01,-4.188296514953278316e-02,-4.747908072653285183e-01,0.000000000000000000e+00,0.000000000000000000e+00,0.000000000000000000e+00,4.049338594327265284e-01,-8.109624530943222442e-01,3.120846269424131791e-01,-5.784163777581691201e-01,0.000000000000000000e+00,0.000000000000000000e+00,0.000000000000000000e+00
3.052016090408191107e-02,2.016860730517746128e-02,9.079278714290217600e-01,-2.146918627887375863e-02,2.728206573053904363e-02,8.323055188150421113e-01,5.532289637031138074e-01,2.288193475552361550e-02,1.740283693982840052e-01,3.297692791670433499e-01,3.019538907435146413e-01,-1.040978288393530071e-01,2.606106010481391844e-02,-3.861134438310230288e-01,-3.132916940834001851e-01,-2.507538592918909792e-01,2.183115193798079445e-01,1.339662081711587849e-01,1.120816473298255761e-01,-1.644707260932849191e-01,0.000000000000000000e+00,0.000000000000000000e+00,5.401878872006100618e-01,5.632602924005042366e-01,-3.859643433453002759e-02,-4.725458936525491205e-01,0.000000000000000000e+00,0.000000000000000000e+00,0.000000000000000000e+00,4.032902564402370826e-01,-8.049544596574540467e-01,3.142258708557230662e-01,-5.754451614877292842e-01,0.000000000000000000e+00,0.000000000000000000e+00,0.000000000000000000e+00
3.141241452657802385e-02,1.984346217505931348e-02,9.079403289281090528e-01,-2.201041721043969779e-02,2.829287037193682630e-02,8.317777980728230380e-01,5.539501328219585963e-01,1.984970838857088790e-02,1.722783248869837192e-01,3.262824891969543506e-01,3.013421285200193478e-01,-1.030411277034732898e-01,2.620530942725251417e-02,-3.891826228700980272e-01,-3.125915465558257722e-01,-2.491537480133666216e-01,2.170424478775486166e-01,1.319730246967573128e-01,1.147434885257495596e-01,-1.625305298319236480e-01,0.000000000000000000e+00,0.000000000000000000e+00,5.314256907448133838e-01,5.624092232771463751e-01,-4.225431151080494968e-02,-4.717317892760198306e-01,0.000000000000000000e+00,0.000000000000000000e+00,0.000000000000000000e+00,3.967171593922171891e-01,-8.031715812415831657e-01,3.184412520575278793e-01,-5.736184611128167798e-01,0.000000000000000000e+00,0.000000000000000000e+00,0.000000000000000000e+00
3.232740902272271399e-02,1.932777449840811929e-02,9.077342989963184117e-01,-2.193808961547910261e-02,2.907320777315203220e-02,8.317189771223105765e-01,5.540009132739943665e-01,1.706376570771852078e-02,1.711758533503469626e-01,3.245853385215192732e-01,3.033413295101444751e-01,-1.064382885148130731e-01,2.677500638918314455e-02,-3.919356541666111915e-01,-3.142113963064107618e-01,-2.513091934788711512e-01,2.190056930744399000e-01,1.292720069796872706e-01,1.151320393435269207e-01,-1.610797446667076305e-01,0.000000000000000000e+00,0.000000000000000000e+00,5.246171461067655750e-01,5.570364924413201413e-01,-4.225227762414674598e-02,-4.710136354499750433e-01,0.000000000000000000e+00,0.000000000000000000e+00,0.000000000000000000e+00,3.946579915290867602e-01,-7.987093817653905248e-01,3.152644288443943732e-01,-5.723476842336517878e-01,0.000000000000000000e+00,0.000000000000000000e+00,0.000000000000000000e+00
3.320839498338492429e-02,1.879603193317880283e-02,9.075566617274065662e-01,-2.146759452862370340e-02,2.937308484801140138e-02,8.316806131258498436e-01,5.540611175874702310e-01,1.418876529044543061e-02,1.699933040136474283e-01,3.196571571238647769e-01,3.071551360569822475e-01,-1.066920192061235756e-01,2.722959339456252140e-02,-3.915942681976210538e-01,-3.145180066042485567e-01,-2.520785939670538989e-01,2.165621857993418331e-01,1.295120690101313476e-01,1.150973213095487918e-01,-1.577780185963202075e-01,0.000000000000000000e+00,0.000000000000000000e+00,5.153967942806293445e-01,5.522858085381847637e-01,-4.613587736522327398e-02,-4.705592703337040383e-01,0.000000000000000000e+00,0.000000000000000000e+00,0.000000000000000000e+00,3.935315955914875374e-01,-7.929398257722075627e-01,3.159559523802327186e-01,-5.713426264203739224e-01,0.000000000000000000e+00,0.000000000000000000e+00,0.000000000000000000e+00
3.400565812052899761e-02,1.816875042047760500e-02,9.073839595270480896e-01,-2.126122971325824715e-02,3.002826689955543499e-02,8.316369944967181294e-01,5.540994249072582756e-01,1.208132656796461098e-02,1.688832258961534549e-01,3.181744723834986632e-01,3.082286300836341586e-01,-1.081337909509567929e-01,2.539161868429611058e-02,-3.950157908482959668e-01,-3.165815635771838110e-01,-2.544961366688443527e-01,2.208690015321323197e-01,1.275420560092457856e-01,1.145015636200416020e-01,-1.573042689319391063e-01,0.000000000000000000e+00,0.000000000000000000e+00,5.070269300653513778e-01,5.477375812160941715e-01,-5.153014537834428588e-02,-4.714724372046050771e-01,0.000000000000000000e+00,0.000000000000000000e+00,0.000000000000000000e+00,3.883950878740750623e-01,-7.897279524035792919e-01,3.154912174688195847e-01,-5.717107206817135800e-01,0.000000000000000000e+00,0.000000000000000000e+00,0.000000000000000000e+00
3.457625178791257775e-02,1.758507141350398179e-02,9.073444820101363995e-01,-2.202777165005405033e-02,3.074694926333406894e-02,8.317945261457485584e-01,5.537935252971996070e-01,7.986450801827291168e-03,1.673341581362578490e-01,3.124101518681018375e-01,3.088447884662967602e-01,-1.111789994812331511e-01,2.374306036120295282e-02,-3.972365276306200621e-01,-3.164884926449925695e-01,-2.552317641533594639e-01,2.197484988729278277e-01,1.254889308727270003e-01,1.144787483553841578e-01,-1.559089178108816753e-01,0.000000000000000000e+00,0.000000000000000000e+00,4.976878103083005045e-01,5.409550694245557345e-01,-5.628642916345760749e-02,-4.713165678941874659e-01,0.000000000000000000e+00,0.000000000000000000e+00,0.000000000000000000e+00,3.859519659823046900e-01,-7.857398444815257843e-01,3.139132554223636462e-01,-5.685595414972446360e-01,0.000000000000000000e+00,0.000000000000000000e+00,0.000000000000000000e+00
3.505366850495621883e-02,1.688390095352187634e-02,9.076073380348887998e-01,-2.228587621260050625e-02,3.051784738618437340e-02,8.328554350964419983e-01,5.521990808962525810e-01,8.216966443731569744e-03,1.662537447684999670e-01,3.064865775366262257e-01,3.041057550276954347e-01,-1.141005661295530771e-01,1.997638840300171650e-02,-3.955764520575432153e-01,-3.160927098211608333e-01,-2.568725227178361714e-01,2.169663465868562069e-01,1.296392167824494124e-01,1.133585270286511237e-01,-1.564641600284743805e-01,0.000000000000000000e+00,0.000000000000000000e+00,4.872737756236343309e-01,5.379592365693424139e-01,-6.401015462172249260e-02,-4.730097776561192902e-01,0.000000000000000000e+00,0.000000000000000000e+00,0.000000000000000000e+00,3.829219873642689675e-01,-7.837230553646372666e-01,3.132379881240041075e-01,-5.643118926236463384e-01,0.000000000000000000e+00,0.000000000000000000e+00,0.000000000000000000e+00
3.542203300685430045e-02,1.587648286117252991e-02,9.078522474366492734e-01,-2.215351414289614546e-02,3.070788506307539981e-02,8.335697105808588248e-01,5.511150380893411471e-01,7.630879413111179080e-03,1.643746095448648803e-01,3.033102017781772464e-01,3.014535839308978837e-01,-1.151504469965045352e-01,1.866003662124970930e-02,-3.926408710950806125e-01,-3.174336738202934716e-01,-2.611361703919519717e-01,2.106941372368339449e-01,1.328444007353015432e-01,1.168183679935495406e-01,-1.547314084224923614e-01,0.000000000000000000e+00,0.000000000000000000e+00,4.716438064830094090e-01,5.307495474892869325e-01,-7.335695991971040442e-02,-4.763358088655396672e-01,0.000000000000000000e+00,0.000000000000000000e+00,0.000000000000000000e+00,3.775940993391549982e-01,-7.829624927438681992e-01,3.100405181156307144e-01,-5.574377007938509099e-01,0.000000000000000000e+00,0.000000000000000000e+00,0.000000000000000000e+00
3.564532081049320150e-02,1.423646810626115825e-02,9.074057203002686700e-01,-2.111844731329323016e-02,3.137508562979646198e-02,8.339761739476507785e-01,5.505028214936191766e-01,4.081399850240152033e-03,1.596115681564564681e-01,2.958161779104345190e-01,3.062375906416773819e-01,-1.246051102451848358e-01,1.992769884097480779e-02,-3.980616804707615697e-01,-3.211454900953171210e-01,-2.558784187034172652e-01,2.184738343248789905e-01,1.327128484123630825e-01,1.150890141475478523e-01,-1.558183734941793464e-01,0.000000000000000000e+00,0.000000000000000000e+00,4.549902836697534703e-01,5.201807575430026365e-01,-8.047587781788349826e-02,-4.754322180465836989e-01,0.000000000000000000e+00,0.000000000000000000e+00,0.000000000000000000e+00,3.665647490988087620e-01,-7.837590795066329274e-01,3.043578170051298715e-01,-5.514535900865038531e-01,0.000000000000000000e+00,0.000000000000000000e+00,0.000000000000000000e+00
3.587053135665344006e-02,1.242788161289380168e-02,9.074259182211519281e-01,-2.022980531420827052e-02,3.078197073358613506e-02,8.342126093098553019e-01,5.502113664067180832e-01,2.546589060469053086e-03,1.571900653254200697e-01,2.890670698688256879e-01,3.093975400167388035e-01,-1.272497775481070126e-01,2.099817198639198496e-02,-3.935452138297769187e-01,-3.211458406830262069e-01,-2.588885983824293913e-01,2.109024177281365597e-01,1.357791282225042362e-01,1.151120542932224516e-01,-1.530773983753649370e-01,0.000000000000000000e+00,0.000000000000000000e+00,4.416489767341153505e-01,5.125404554700547788e-01,-9.023302429850539597e-02,-4.772465210192595730e-01,0.000000000000000000e+00,0.000000000000000000e+00,0.000000000000000000e+00,3.590166135188837537e-01,-7.832671488326541365e-01,3.036556829503197497e-01,-5.461268747488533526e-01,0.000000000000000000e+00,0.000000000000000000e+00,0.000000000000000000e+00
3.599590487173214004e-02,1.004551966779012109e-02,9.071545607534458044e-01,-1.894027409921282198e-02,3.043318951637849837e-02,8.354714791953999908e-01,5.483634692828802670e-01,-1.158218142989148654e-03,1.542401987826081122e-01,2.816962019444831933e-01,3.162413402255169204e-01,-1.354729328829354096e-01,2.122759789561584273e-02,-3.899258165469777215e-01,-3.244089785967064210e-01,-2.616445943957905751e-01,2.063672022937511896e-01,1.372601187037716108e-01,1.167146094213305785e-01,-1.528970562262265132e-01,0.000000000000000000e+00,0.000000000000000000e+00,4.235417013162061095e-01,5.023862544586998879e-01,-9.931989674554214664e-02,-4.784056626056145123e-01,0.000000000000000000e+00,0.000000000000000000e+00,0.000000000000000000e+00,3.507442250172002063e-01,-7.835383453890094607e-01,2.965831502918387375e-01,-5.402683561363084142e-01,0.000000000000000000e+00,0.000000000000000000e+00,0.000000000000000000e+00
3.603393817486866268e-02,7.249634331421436761e-03,9.069862886660267076e-01,-1.680820206367783162e-02,3.015458720410747404e-02,8.354690856807051036e-01,5.484519961544327415e-01,-1.715446369522503553e-03,1.487647434021455994e-01,2.747214983065870975e-01,3.202818504180471315e-01,-1.413589636993956566e-01,1.963463259775559411e-02,-3.865029445418740606e-01,-3.272110420968536437e-01,-2.623094470087294350e-01,2.002850236252234351e-01,1.442229719292769941e-01,1.200078368743145996e-01,-1.503985244664036436e-01,0.000000000000000000e+00,0.000000000000000000e+00,4.070189262540528374e-01,4.914027969160476572e-01,-1.085738167729616288e-01,-4.772903524182398605e-01,0.000000000000000000e+00,0.000000000000000000e+00,0.000000000000000000e+00,3.396093346931746138e-01,-7.853477064457691226e-01,2.919248137147653632e-01,-5.326843438521134955e-01,0.000000000000000000e+00,0.000000000000000000e+00,0.000000000000000000e+00
3.594473013919831372e-02,4.057071651022884674e-03,9.067437307408727776e-01,-1.544702096859439794e-02,3.061277174634419521e-02,8.364680791996135234e-01,5.469418618366213014e-01,-4.409871926697137533e-03,1.421068559514085394e-01,2.665580778681941321e-01,3.229863570139158702e-01,-1.531411616745849968e-01,1.945222197188092167e-02,-3.853547790558469743e-01,-3.315254595197282828e-01,-2.613204237824751641e-01,1.955337395517308952e-01,1.481813191322849388e-01,1.217001773087866973e-01,-1.508295389431737743e-01,0.000000000000000000e+00,0.000000000000000000e+00,3.918736118736309004e-01,4.800073521712230340e-01,-1.172150224194233870e-01,-4.773748786272121736e-01,0.000000000000000000e+00,0.000000000000000000e+00,0.000000000000000000e+00,3.298940805897656592e-01,-7.846969458451305002e-01,2.826887657164707246e-01,-5.241221077002508055e-01,0.000000000000000000e+00,0.000000000000000000e+00,0.000000000000000000e+00
3.560140783717251345e-02,5.821913241698104848e-04,9.065332957856908624e-01,-1.333598091032536792e-02,3.052614730680052943e-02,8.373064603995218347e-01,5.457180566162209701e-01,-4.014973199385912968e-03,1.343489081014092035e-01,2.586497910927641475e-01,3.240711182297098536e-01,-1.656673824863205968e-01,2.271882759194808477e-02,-3.818340578654574879e-01,-3.368343598467112288e-01,-2.638006547042852645e-01,1.895452363844437882e-01,1.570087500151580995e-01,1.263842677740732445e-01,-1.503467233649613266e-01,0.000000000000000000e+00,0.000000000000000000e+00,3.763585891316139631e-01,4.701515728900234614e-01,-1.263518867272846180e-01,-4.770835644160799083e-01,0.000000000000000000e+00,0.000000000000000000e+00,0.000000000000000000e+00,3.208973867829158499e-01,-7.865015012389540150e-01,2.766123968764667151e-01,-5.141742522387432457e-01,0.000000000000000000e+00,0.000000000000000000e+00,0.000000000000000000e+00
3.523304272759104211e-02,-3.330686878067539488e-03,9.064452439911828696e-01,-1.143892552255376671e-02,3.057075480530335385e-02,8.385842397559224448e-01,5.437932077237682682e-01,-7.345542119028677583e-03,1.271918724676261991e-01,2.486964726731781261e-01,3.290351800107199076e-01,-1.742212217419332743e-01,2.043070243855485413e-02,-3.782897716958051881e-01,-3.417181165792933517e-01,-2.642312149268651322e-01,1.824895893900099764e-01,1.645704539228322050e-01,1.269425871021621632e-01,-1.480125408704800194e-01,0.000000000000000000e+00,0.000000000000000000e+00,3.622742023567621650e-01,4.603786848005969046e-01,-1.381786733871356587e-01,-4.758774249546129931e-01,0.000000000000000000e+00,0.000000000000000000e+00,0.000000000000000000e+00,3.136769467314211579e-01,-7.877939410712567758e-01,2.735105094165424799e-01,-5.080440489514277402e-01,0.000000000000000000e+00,0.000000000000000000e+00,0.000000000000000000e+00
3.466762491976577848e-02,-7.525851174254011462e-03,9.056620225613891684e-01,-8.560709304534298500e-03,3.063162870815096250e-02,8.389294225502601510e-01,5.433100786460495213e-01,-7.181889547664294451e-03,1.182700349388476763e-01,2.420897190319601933e-01,3.341121968172514611e-01,-1.931667812615817659e-01,2.115291458157052273e-02,-3.749384268738787385e-01,-3.481802066542260543e-01,-2.654248183973216269e-01,1.756508980056307179e-01,1.714127061064182334e-01,1.327772364449924525e-01,-1.479534164372899585e-01,0.000000000000000000e+00,0.000000000000000000e+00,3.516561483389044618e-01,4.506674409716044383e-01,-1.456002963512934290e-01,-4.772881055689761620e-01,0.000000000000000000e+00,0.000000000000000000e+00,0.000000000000000000e+00,3.037785113645128932e-01,-7.901882847087851047e-01,2.674054943480677626e-01,-4.998278631149475348e-01,0.000000000000000000e+00,0.000000000000000000e+00,0.000000000000000000e+00
3.393164803320087436e-02,-1.185628064528313277e-02,9.051405381792361204e-01,-6.536495847717853185e-03,3.086409124617859809e-02,8.404753715796036140e-01,5.409305240617392485e-01,-9.618211937932051245e-03,1.096399785547573918e-01,2.336907296832918535e-01,3.394130945581547709e-01,-2.117960229112331172e-01,2.337603658948341628e-02,-3.727630783433296124e-01,-3.555079027271603187e-01,-2.663258367351261646e-01,1.706633879089850814e-01,1.808565669309770974e-01,1.380047930508530030e-01,-1.505330476704218046e-01,0.000000000000000000e+00,0.000000000000000000e+00,3.429120425267825900e-01,4.408044128704629028e-01,-1.535788630084348183e-01,-4.767598756264904147e-01,0.000000000000000000e+00,0.000000000000000000e+00,0.000000000000000000e+00,2.978558889750104188e-01,-7.925103871636608455e-01,2.597048401972424370e-01,-4.925015550859890845e-01,0.000000000000000000e+00,0.000000000000000000e+00,0.000000000000000000e+00
3.309098415391863862e-02,-1.626920980360700361e-02,9.046187281756817855e-01,-3.998225465081450131e-03,3.110504700106192510e-02,8.416369435312724967e-01,5.391324007398645701e-01,-9.778651069890590894e-03,9.948340731639281065e-02,2.244849411562398478e-01,3.420578123868447395e-01,-2.287445404101082214e-01,2.438365391664531687e-02,-3.705295165225794274e-01,-3.629155965776383885e-01,-2.653624492164844417e-01,1.654785084123288341e-01,1.944474001468761426e-01,1.442678244789838415e-01,-1.525801026101653579e-01,0.000000000000000000e+00,0.000000000000000000e+00,3.389826698407194527e-01,4.319918431973215345e-01,-1.594275369917812213e-01,-4.771842243487706692e-01,0.000000000000000000e+00,0.000000000000000000e+00,0.000000000000000000e+00,2.948108650564875144e-01,-7.904232057210793805e-01,2.570471194166014106e-01,-4.876966178980524091e-01,0.000000000000000000e+00,0.000000000000000000e+00,0.000000000000000000e+00
3.223318350254994469e-02,-2.081035462105160563e-02,9.039842670509777856e-01,-2.046205830702833069e-03,3.174679710572227836e-02,8.427227508538103207e-01,5.374070329913941402e-01,-1.171174201921789358e-02,8.925672665881961843e-02,2.146643947262477092e-01,3.454556131184358114e-01,-2.481304441899371271e-01,2.213348908583930713e-02,-3.702688127633794180e-01,-3.708792987640309735e-01,-2.672440621096693891e-01,1.614533568634241301e-01,2.042871226229059090e-01,1.457386834831631561e-01,-1.556554340378340784e-01,0.000000000000000000e+00,0.000000000000000000e+00,3.354299787847537240e-01,4.255338851827865088e-01,-1.628210315959773558e-01,-4.777990330755704784e-01,0.000000000000000000e+00,0.000000000000000000e+00,0.000000000000000000e+00,2.913474458614779827e-01,-7.905396958452026723e-01,2.527032570520622023e-01,-4.849927480382723588e-01,0.000000000000000000e+00,0.000000000000000000e+00,0.000000000000000000e+00
3.138166789841916049e-02,-2.548800326907184680e-02,9.031459040322208365e-01,9.368851777246745352e-04,3.151375169242360413e-02,8.433982773707043856e-01,5.363630779878127974e-01,-1.436051102251227445e-02,7.971298930555405227e-02,2.048336047831760820e-01,3.552634042898163425e-01,-2.639427601812175395e-01,2.634859081864054584e-02,-3.668088344444567217e-01,-3.775046959045423867e-01,-2.669771373973897077e-01,1.543583030710338477e-01,2.177913380342186289e-01,1.518485853148666687e-01,-1.564184018008279164e-01,0.000000000000000000e+00,0.000000000000000000e+00,3.320649785723223113e-01,4.173096898901972329e-01,-1.657066933315797241e-01,-4.763471635620845079e-01,0.000000000000000000e+00,0.000000000000000000e+00,0.000000000000000000e+00,2.910633889677606279e-01,-7.911383073706412805e-01,2.497364310702004375e-01,-4.837273819398862917e-01,0.000000000000000000e+00,0.000000000000000000e+00,0.000000000000000000e+00
3.055053765737810942e-02,-3.001986855421652153e-02,9.026694976302491735e-01,3.487975007800826754e-03,3.192142525180122897e-02,8.448066063717354357e-01,5.341073435845176132e-01,-1.463718967550657786e-02,6.923985746005167918e-02,1.959290197791629939e-01,3.574672979375851378e-01,-2.797439055875406422e-01,2.713241055022802897e-02,-3.635495393657988683e-01,-3.860867651332109407e-01,-2.704209670008375088e-01,1.476818438940949163e-01,2.316084308766445110e-01,1.582500314588580481e-01,-1.580350014409792336e-01,0.000000000000000000e+00,0.000000000000000000e+00,3.291116474635205069e-01,4.066291340296101509e-01,-1.668500046319122132e-01,-4.718723069092597422e-01,0.000000000000000000e+00,0.000000000000000000e+00,0.000000000000000000e+00,2.949549194745282321e-01,-7.864737977597265894e-01,2.424285834878349699e-01,-4.823055612452765706e-01,0.000000000000000000e+00,0.000000000000000000e+00,0.000000000000000000e+00
2.973626501654116558e-02,-3.437713023359231790e-02,9.023189468938201951e-01,5.410984597120617468e-03,3.290714404463437187e-02,8.457121314282510793e-01,5.325963122962831253e-01,-1.590275269566675254e-02,5.864178567862664282e-02,1.876426719563720757e-01,3.583043583413717537e-01,-2.913753327771959056e-01,2.415296057932106444e-02,-3.635033166973605234e-01,-3.932773421650415102e-01,-2.704325330264833460e-01,1.423160187594792458e-01,2.439417206955013240e-01,1.612901595494307672e-01,-1.602564057593953706e-01,0.000000000000000000e+00,0.000000000000000000e+00,3.296586287649680425e-01,3.993287361829533921e-01,-1.710969766030676076e-01,-4.681341677122028422e-01,0.000000000000000000e+00,0.000000000000000000e+00,0.000000000000000000e+00,2.983564836265984455e-01,-7.836412533847731954e-01,2.440909475029250375e-01,-4.836707118535574224e-01,0.000000000000000000e+00,0.000000000000000000e+00,0.000000000000000000e+00
2.886549882467056433e-02,-3.863108652851385966e-02,9.023369132974632389e-01,7.281374412975100477e-03,3.335743230186546948e-02,8.472466977680425115e-01,5.301012133715896635e-01,-1.520219171611839927e-02,4.937596551383846566e-02,1.799741842324753538e-01,3.554024407534597807e-01,-2.989980136521234177e-01,2.186291345445445095e-02,-3.615403109677377547e-01,-3.996542995214529825e-01,-2.706762042888792297e-01,1.363090627765672358e-01,2.598241999596613838e-01,1.644485215762088726e-01,-1.655052645932219013e-01,0.000000000000000000e+00,0.000000000000000000e+00,3.297214260036633315e-01,3.901034802997583872e-01,-1.721803882827938614e-01,-4.651960151951833877e-01,0.000000000000000000e+00,0.000000000000000000e+00,0.000000000000000000e+00,3.022254787950768851e-01,-7.770673545095267976e-01,2.399173828176540402e-01,-4.813960097750061840e-01,0.000000000000000000e+00,0.000000000000000000e+00,0.000000000000000000e+00
2.806180066440577478e-02,-4.291265200967768478e-02,9.018617443720812199e-01,1.013320964620126850e-02,3.364095235359641778e-02,8.483211730807899142e-01,5.283150496529901430e-01,-1.413632994372481660e-02,3.908030160497673322e-02,1.716233569837111728e-01,3.565244653742644654e-01,-3.100700860254942404e-01,2.232175875591293698e-02,-3.579569099127077880e-01,-4.073590320738058046e-01,-2.743996450684833555e-01,1.303091478105030121e-01,2.701021512872644470e-01,1.715776115878685504e-01,-1.665035491000086409e-01,0.000000000000000000e+00,0.000000000000000000e+00,3.256946065704747206e-01,3.826131760548174832e-01,-1.788464494810388661e-01,-4.631178186936952268e-01,0.000000000000000000e+00,0.000000000000000000e+00,0.000000000000000000e+00,3.043380648256691634e-01,-7.738930329982207645e-01,2.398674417781776758e-01,-4.823771251254002079e-01,0.000000000000000000e+00,0.000000000000000000e+00,0.000000000000000000e+00
2.725642059397003977e-02,-4.713661464258588063e-02,9.010865190060066698e-01,1.210920307378936592e-02,3.447439553504440257e-02,8.504195211477040273e-01,5.248347561893366153e-01,-1.555141975512105978e-02,2.834486918337600012e-02,1.599672797340824515e-01,3.576749958645058514e-01,-3.264743636666002646e-01,2.072130817183229917e-02,-3.562630858189145266e-01,-4.148740215612220505e-01,-2.723902083885861858e-01,1.231747502052407406e-01,2.810023157995076293e-01,1.767299424317957113e-01,-1.691103264879871004e-01,0.000000000000000000e+00,0.000000000000000000e+00,3.215049042299320536e-01,3.760395823507339808e-01,-1.849332688600085206e-01,-4.614670464853827259e-01,0.000000000000000000e+00,0.000000000000000000e+00,0.000000000000000000e+00,3.104174390031295139e-01,-7.693954566957670327e-01,2.353693547667024266e-01,-4.818728218121077767e-01,0.000000000000000000e+00,0.000000000000000000e+00,0.000000000000000000e+00
2.636901520653088873e-02,-5.128725484155954861e-02,9.011328627479218145e-01,1.384477050462599307e-02,3.418273808188333068e-02,8.512136059691852719e-01,5.235219763866990617e-01,-1.742074220863190984e-02,2.110342943438302254e-02,1.528780686610982098e-01,3.618223911726670683e-01,-3.296660276835995385e-01,2.186738936646656292e-02,-3.555489843894564239e-01,-4.169611236261043796e-01,-2.676757301128481759e-01,1.182892070287798192e-01,2.947437608232655326e-01,1.845807221057681746e-01,-1.710369558494984621e-01,0.000000000000000000e+00,0.000000000000000000e+00,3.209337964685405331e-01,3.677943966998870051e-01,-1.913899053648584481e-01,-4.578267638146260032e-01,0.000000000000000000e+00,0.000000000000000000e+00,0.000000000000000000e+00,3.138765123974661120e-01,-7.602441219263328387e-01,2.361744132747841951e-01,-4.811251910318405933e-01,0.000000000000000000e+00,0.000000000000000000e+00,0.000000000000000000e+00
2.539466485597996481e-02,-5.567608018889354943e-02,9.004169046537919829e-01,1.490802447398288655e-02,3.448550605244343759e-02,8.517152365084873500e-01,5.226563465393690988e-01,-2.168872378806923837e-02,1.274254369383832387e-02,1.455342386306276714e-01,3.684650636164303883e-01,-3.453879474064425192e-01,2.655179110775002932e-02,-3.567144443937729226e-01,-4.205182081571307573e-01,-2.690587894777783928e-01,1.123361759459064746e-01,2.996063117291738465e-01,1.919697913232230602e-01,-1.730382926385579390e-01,0.000000000000000000e+00,0.000000000000000000e+00,3.195033856943683137e-01,3.621762872738072403e-01,-1.984192990443552629e-01,-4.599614697069322466e-01,0.000000000000000000e+00,0.000000000000000000e+00,0.000000000000000000e+00,3.165246266292644495e-01,-7.632739653340753216e-01,2.355830841522264241e-01,-4.839920627594592739e-01,0.000000000000000000e+00,0.000000000000000000e+00,0.000000000000000000e+00
2.455063429813562209e-02,-6.017446843197730294e-02,9.000523986758665052e-01,1.667642242709136899e-02,3.446377562143962403e-02,8.521706907467545555e-01,5.218613407191102782e-01,-2.549663869853095038e-02,4.703913838652434495e-03,1.379019384781239865e-01,3.750709078774177030e-01,-3.519262818746788923e-01,2.716469840716862275e-02,-3.593581430515364050e-01,-4.232659543485272069e-01,-2.642538055666635577e-01,1.100971489537198589e-01,3.120610362639897883e-01,2.006819954476539158e-01,-1.763756504217278420e-01,0.000000000000000000e+00,0.000000000000000000e+00,3.184712759208196964e-01,3.569429914709302820e-01,-2.012595907635022774e-01,-4.570512025848869619e-01,0.000000000000000000e+00,0.000000000000000000e+00,0.000000000000000000e+00,3.165250237880700146e-01,-7.573837967058297815e-01,2.339970622703562708e-01,-4.809933546099777191e-01,0.000000000000000000e+00,0.000000000000000000e+00,0.000000000000000000e+00
2.379356099611916811e-02,-6.481308695716216095e-02,9.001793146312109251e-01,1.761613109023100684e-02,3.474838735240075305e-02,8.532987772039705154e-01,5.199648241218134403e-01,-2.781647043632326510e-02,-2.810324538028480604e-03,1.310051189664419025e-01,3.733391107644425944e-01,-3.561587686932271568e-01,2.524831827399094675e-02,-3.609184305301353923e-01,-4.262547757110031754e-01,-2.618729738968177401e-01,1.052350145459623187e-01,3.203016966699702706e-01,2.124754277685799442e-01,-1.771854593212703610e-01,0.000000000000000000e+00,0.000000000000000000e+00,3.137515611296376461e-01,3.490686052279375895e-01,-2.064930030454247278e-01,-4.555967554620649618e-01,0.000000000000000000e+00,0.000000000000000000e+00,0.000000000000000000e+00,3.213609295477102834e-01,-7.460407364318857315e-01,2.317694378415995071e-01,-4.783499049197554309e-01,0.000000000000000000e+00,0.000000000000000000e+00,0.000000000000000000e+00
2.310354367011210538e-02,-6.982991548883374366e-02,8.999002474649393513e-01,1.902256605654768090e-02,3.545562292507407204e-02,8.534796246643626683e-01,5.195705640876878695e-01,-3.215218248002441048e-02,-1.087893083214803124e-02,1.276184272345247672e-01,3.759603641059908741e-01,-3.593017153920597950e-01,2.502159232640990827e-02,-3.652180308651543084e-01,-4.289300834969775877e-01,-2.584243507712383203e-01,1.007246362148098984e-01,3.269029539450180599e-01,2.200986136519242631e-01,-1.829333674828757250e-01,0.000000000000000000e+00,0.000000000000000000e+00,3.141167738301019474e-01,3.404757834222665314e-01,-2.117705886886401823e-01,-4.554764031141913527e-01,0.000000000000000000e+00,0.000000000000000000e+00,0.000000000000000000e+00,3.191376288749347423e-01,-7.404470805817037204e-01,2.288327162260392067e-01,-4.799782530132378766e-01,0.000000000000000000e+00,0.000000000000000000e+00,0.000000000000000000e+00
2.227240200735258746e-02,-7.498839296977331814e-02,9.006164004013531565e-01,1.954606989969062680e-02,3.460902833431780956e-02,8.549164767088424099e-01,5.172407410103829761e-01,-3.452996846613660964e-02,-1.567897624786834809e-02,1.216598571886653712e-01,3.730792494947008375e-01,-3.565418402325936653e-01,2.409745346692216544e-02,-3.660054829934011877e-01,-4.291756655559143541e-01,-2.535937171942299617e-01,9.231092052910605528e-02,3.408354074181985105e-01,2.400805411469723594e-01,-1.892608496130117057e-01,0.000000000000000000e+00,0.000000000000000000e+00,3.110479967997938355e-01,3.363521109368116657e-01,-2.158088391242802273e-01,-4.559105332017904799e-01,0.000000000000000000e+00,0.000000000000000000e+00,0.000000000000000000e+00,3.225978182603484457e-01,-7.366699762108005478e-01,2.262008178699771443e-01,-4.722373485422144412e-01,0.000000000000000000e+00,0.000000000000000000e+00,0.000000000000000000e+00
2.159156031966166442e-02,-8.070781765939584462e-02,9.010034502529687961e-01,1.944532879903592554e-02,3.487785821076051784e-02,8.559040671008086854e-01,5.155905760531529491e-01,-3.973056990637063857e-02,-2.331777046646240498e-02,1.134514944193267261e-01,3.706935718972203531e-01,-3.595477393725091675e-01,2.618531253072883466e-02,-3.690324996102495869e-01,-4.294540532139808353e-01,-2.501722373207930783e-01,8.344443855111952080e-02,3.376639859095588725e-01,2.515255727468206914e-01,-1.923443905221629280e-01,0.000000000000000000e+00,0.000000000000000000e+00,3.079113912782366902e-01,3.328269775993304425e-01,-2.150063259672043148e-01,-4.571424807201046048e-01,0.000000000000000000e+00,0.000000000000000000e+00,0.000000000000000000e+00,3.257518576609281236e-01,-7.339394642777491429e-01,2.239379372346834152e-01,-4.737016132308977667e-01,0.000000000000000000e+00,0.000000000000000000e+00,0.000000000000000000e+00
2.124365794319895209e-02,-8.687357824264411998e-02,9.023496977316903811e-01,2.000817667819088791e-02,3.475443997312753497e-02,8.548673492032513588e-01,5.172945167256027821e-01,-4.168072988372291399e-02,-2.780843506853088870e-02,1.163874614911980521e-01,3.632089340304724412e-01,-3.460220705630817628e-01,2.416694461746593178e-02,-3.703053695584662131e-01,-4.271425587072815722e-01,-2.511470049388626058e-01,7.732273036965049695e-02,3.361724163847016333e-01,2.602079599414841571e-01,-1.931241475734672974e-01,0.000000000000000000e+00,0.000000000000000000e+00,3.082503379036280466e-01,3.281198420605838662e-01,-2.154694014436503435e-01,-4.531257012183754207e-01,0.000000000000000000e+00,0.000000000000000000e+00,0.000000000000000000e+00,3.261342402780870176e-01,-7.181997521054516165e-01,2.252562834336461761e-01,-4.725657312585660463e-01,0.000000000000000000e+00,0.000000000000000000e+00,0.000000000000000000e+00
2.160573583796069133e-02,-9.324059485237475020e-02,9.042889526267062772e-01,1.808190137319722751e-02,3.412294051718928883e-02,8.545133604069279354e-01,5.179918789510602473e-01,-4.467349248978556842e-02,-2.943769842943830956e-02,1.133875969309680876e-01,3.482085959831686672e-01,-3.341366004717104543e-01,2.046290078772199095e-02,-3.718821753750159997e-01,-4.227951211543298782e-01,-2.535156658686560371e-01,7.149282375405588419e-02,3.309831035503010832e-01,2.617998009949926708e-01,-1.931298340792830526e-01,0.000000000000000000e+00,0.000000000000000000e+00,3.093581892818617618e-01,3.249481699397590018e-01,-2.156605904145160735e-01,-4.526058318593956242e-01,0.000000000000000000e+00,0.000000000000000000e+00,0.000000000000000000e+00,3.279997006721956931e-01,-7.114941163293810877e-01,2.282028622549957253e-01,-4.743039886908756442e-01,0.000000000000000000e+00,0.000000000000000000e+00,0.000000000000000000e+00
2.118135573197090643e-02,-1.005571890352799230e-01,9.052367507393577206e-01,1.809169930223160361e-02,3.364166708856783372e-02,8.531699819891273018e-01,5.202325542337116193e-01,-4.841470759246979672e-02,-3.441947471886471627e-02,1.137150749190199150e-01,3.421458383908236311e-01,-3.303200572736155749e-01,2.300709501556087028e-02,-3.719904761788845327e-01,-4.227817212775792366e-01,-2.586943740024776339e-01,7.121733957941306370e-02,3.179189363400544699e-01,2.617999999751243756e-01,-1.912545630407649078e-01,0.000000000000000000e+00,0.000000000000000000e+00,3.073079261169375243e-01,3.217929660260782088e-01,-2.180363618566133199e-01,-4.538314674891898437e-01,0.000000000000000000e+00,0.000000000000000000e+00,0.000000000000000000e+00,3.283114121344674619e-01,-7.003671266388405980e-01,2.273981064795135565e-01,-4.736878728009459860e-01,0.000000000000000000e+00,0.000000000000000000e+00,0.000000000000000000e+00
2.104022147081892335e-02,-1.079953601936679969e-01,9.069201676995730654e-01,1.556396815043400994e-02,3.371299665393636541e-02,8.515671306932275364e-01,5.229288849116365823e-01,-5.573385002433683261e-02,-3.650555199490165131e-02,1.160302817975299439e-01,3.314507307809775871e-01,-3.205894771321498027e-01,2.199747421965998068e-02,-3.703189346426742912e-01,-4.220295126188640111e-01,-2.645831563936680841e-01,7.375255448360160115e-02,3.065235121861924483e-01,2.617999999999968685e-01,-1.882614935802411904e-01,0.000000000000000000e+00,0.000000000000000000e+00,3.080823230520310929e-01,3.243025514641967311e-01,-2.145275568514113940e-01,-4.559017486846754230e-01,0.000000000000000000e+00,0.000000000000000000e+00,0.000000000000000000e+00,3.294167641918634426e-01,-6.912603292642349739e-01,2.265066112854217106e-01,-4.746727373732889665e-01,0.000000000000000000e+00,0.000000000000000000e+00,0.000000000000000000e+00
2.141864260140991655e-02,-1.155880330773340625e-01,9.084316751657609545e-01,1.372038062090978269e-02,3.393333378486208113e-02,8.485817920385292368e-01,5.277965727764256654e-01,-6.120867048638028302e-02,-3.632927387421192034e-02,1.296129414226239729e-01,3.194021667296442768e-01,-3.097055380893550258e-01,2.320636447877853781e-02,-3.690663542837802624e-01,-4.208370807883843878e-01,-2.785566879040622945e-01,7.701911046803586181e-02,2.945199095914041165e-01,2.606111333331530000e-01,-1.812777910091422362e-01,0.000000000000000000e+00,0.000000000000000000e+00,3.095271605722871300e-01,3.292203198737528869e-01,-2.148161098707774552e-01,-4.567933713353090064e-01,0.000000000000000000e+00,0.000000000000000000e+00,0.000000000000000000e+00,3.254919077636122537e-01,-6.902108178670907090e-01,2.316795696576774422e-01,-4.735442653935902912e-01,0.000000000000000000e+00,0.000000000000000000e+00,0.000000000000000000e+00
2.181536178052868868e-02,-1.234409424047455683e-01,9.104106496264702253e-01,9.781329234610882870e-03,3.576995450602518667e-02,8.440042241998485517e-01,5.350529931566156971e-01,-6.781927056314294988e-02,-3.828082447984174075e-02,1.413271688281977356e-01,2.975825823529576475e-01,-2.955075092355520239e-01,2.477082729553848131e-02,-3.709345821640950835e-01,-4.128559980487521708e-01,-2.843484960482207669e-01,9.090676478828421669e-02,2.701216802313032295e-01,2.516081877364526598e-01,-1.722154621182662715e-01,0.000000000000000000e+00,0.000000000000000000e+00,3.101454076499118861e-01,3.369610928411618245e-01,-2.140154039720843226e-01,-4.589592713021203307e-01,0.000000000000000000e+00,0.000000000000000000e+00,0.000000000000000000e+00,3.183737320280601857e-01,-6.882106709949138423e-01,2.403381653703732523e-01,-4.728961794315137412e-01,0.000000000000000000e+00,0.000000000000000000e+00,0.000000000000000000e+00
2.259988837466107500e-02,-1.312716107918624753e-01,9.114692065622101991e-01,6.739588675790086567e-03,3.635042190064355361e-02,8.412733270854437784e-01,5.393444297540442856e-01,-8.006964922936567197e-02,-3.813622413213287043e-02,1.473906923821593218e-01,2.922785409574700233e-01,-2.904050848496020354e-01,2.700531339619285931e-02,-3.697870936360568850e-01,-4.033283146510312500e-01,-2.838120068751652791e-01,9.960477282338614513e-02,2.451981877146247324e-01,2.440077541559838303e-01,-1.671541463107659997e-01,0.000000000000000000e+00,0.000000000000000000e+00,3.087081672762353457e-01,3.428119052637457753e-01,-2.099822771340705829e-01,-4.578748185709418661e-01,0.000000000000000000e+00,0.000000000000000000e+00,0.000000000000000000e+00,3.124945199616885882e-01,-6.778768763709672740e-01,2.422175025569418549e-01,-4.739982439152735094e-01,0.000000000000000000e+00,0.000000000000000000e+00,0.000000000000000000e+00
2.354652008363407323e-02,-1.390922188976452534e-01,9.127716064298547760e-01,1.865448131815325601e-03,3.814933781943721791e-02,8.368086666142724450e-01,5.461615178740170107e-01,-9.267286545725335334e-02,-3.639699029473054959e-02,1.613687416016829079e-01,2.797528743365598203e-01,-2.850386517071318293e-01,3.070999436209664174e-02,-3.666481359964373077e-01,-3.949856306702904107e-01,-2.930767736061768991e-01,1.199813718904903792e-01,2.208454337742575269e-01,2.318873394879115979e-01,-1.590886295688577479e-01,0.000000000000000000e+00,0.000000000000000000e+00,3.117653164701296720e-01,3.525948145954260204e-01,-2.066241914916573108e-01,-4.591777136501902223e-01,0.000000000000000000e+00,0.000000000000000000e+00,0.000000000000000000e+00,3.060748419050118851e-01,-6.751883558339946134e-01,2.459127016328113424e-01,-4.752424123866535455e-01,0.000000000000000000e+00,0.000000000000000000e+00,0.000000000000000000e+00
2.457912823045972986e-02,-1.468465791248583230e-01,9.137984037960059647e-01,-2.297075952648678678e-03,3.808924413100454182e-02,8.329494664052844444e-01,5.520318100786850701e-01,-1.059350552015652230e-01,-3.200308030358647166e-02,1.716999009235646301e-01,2.757166413046925890e-01,-2.844540685330985141e-01,3.849685221288260545e-02,-3.638951946662283832e-01,-3.826716134166385230e-01,-2.924838887821634703e-01,1.378291270147289915e-01,1.949411361710470247e-01,2.199321389165815877e-01,-1.538441673417398348e-01,0.000000000000000000e+00,0.000000000000000000e+00,3.133949424112417170e-01,3.540829974728225693e-01,-1.976259400730011329e-01,-4.608260156717991496e-01,0.000000000000000000e+00,0.000000000000000000e+00,0.000000000000000000e+00,2.997326912950759037e-01,-6.681540274801349710e-01,2.454264840215057697e-01,-4.728103100415652071e-01,0.000000000000000000e+00,0.000000000000000000e+00,0.000000000000000000e+00
2.579508214886336304e-02,-1.547772210599458187e-01,9.159709074261116468e-01,-8.406503062193468323e-03,3.874519903782051161e-02,8.271579413717593532e-01,5.605692466443538136e-01,-1.166917253494050150e-01,-2.475361730004874139e-02,1.896899554028453339e-01,2.582674508536761948e-01,-2.753518399393345417e-01,4.045112918759766890e-02,-3.601173142914526615e-01,-3.643064683907427659e-01,-2.966736929294518377e-01,1.698544170410927756e-01,1.566760012650970924e-01,2.027309037094081057e-01,-1.448724628745878262e-01,0.000000000000000000e+00,0.000000000000000000e+00,3.168512127003881851e-01,3.672075939633103747e-01,-1.923351898159834927e-01,-4.625772314115513817e-01,0.000000000000000000e+00,0.000000000000000000e+00,0.000000000000000000e+00,2.913075162598817158e-01,-6.598336423472791479e-01,2.533360840960153793e-01,-4.743267377906790760e-01,0.000000000000000000e+00,0.000000000000000000e+00,0.000000000000000000e+00
2.724997440630667206e-02,-1.628238108431480924e-01,9.170109658700523747e-01,-1.452516697552959715e-02,4.015594662390577912e-02,8.216780364980672546e-01,5.683500011540000285e-01,-1.286313170055748412e-01,-1.944617887358327663e-02,2.050481779904761992e-01,2.419624074112220469e-01,-2.786849231165307028e-01,4.643589298664548698e-02,-3.588014699383543782e-01,-3.468869535205315047e-01,-2.927754779912457028e-01,2.127236334541111884e-01,1.110102216250098972e-01,1.831846995850659465e-01,-1.365253055601599597e-01,0.000000000000000000e+00,0.000000000000000000e+00,3.198134652726259963e-01,3.753985012359409845e-01,-1.888353808554295021e-01,-4.690969952200211290e-01,0.000000000000000000e+00,0.000000000000000000e+00,0.000000000000000000e+00,2.815219213865511327e-01,-6.510824809184132533e-01,2.610042235130676236e-01,-4.770206670151042605e-01,0.000000000000000000e+00,0.000000000000000000e+00,0.000000000000000000e+00
2.890895061216978285e-02,-1.709722367116588426e-01,9.178963870873437791e-01,-1.871620628564293204e-02,4.049834292865031604e-02,8.159083610097542794e-01,5.764574002271832809e-01,-1.373822724098089920e-01,-1.318450731960510783e-02,2.227613405510639466e-01,2.287482607172659221e-01,-2.808042046026745231e-01,5.241188507030638405e-02,-3.535951883702473930e-01,-3.286389094601683825e-01,-2.946112717270898407e-01,2.497353246274831018e-01,6.389886304763284230e-02,1.683508965129935364e-01,-1.237390957906145117e-01,0.000000000000000000e+00,0.000000000000000000e+00,3.190494783441737980e-01,3.759609841056607005e-01,-1.827801194961776732e-01,-4.736644967454886612e-01,0.000000000000000000e+00,0.000000000000000000e+00,0.000000000000000000e+00,2.701343632644120918e-01,-6.424673317255882310e-01,2.680209190923465434e-01,-4.759643980252249440e-01,0.000000000000000000e+00,0.000000000000000000e+00,0.000000000000000000e+00
3.076841849125172904e-02,-1.793939899032023777e-01,9.187172893631383452e-01,-2.296856930447312151e-02,4.039521324727746859e-02,8.114463923220939234e-01,5.825765391416574124e-01,-1.477881117860051496e-01,-7.204455095194944175e-03,2.330531645300131238e-01,2.168981522317574573e-01,-2.825942834555484895e-01,5.829220877508217019e-02,-3.441313551125899650e-01,-3.105125442019985305e-01,-2.871770442495876763e-01,2.989728622206146991e-01,1.862965433062612960e-02,1.465721022301592902e-01,-1.136195056462891984e-01,0.000000000000000000e+00,0.000000000000000000e+00,3.158618718619025656e-01,3.826123786754071499e-01,-1.806199386473645863e-01,-4.751785020769283552e-01,0.000000000000000000e+00,0.000000000000000000e+00,0.000000000000000000e+00,2.590744449101246016e-01,-6.310020645349307955e-01,2.696068744098727987e-01,-4.769159862660974358e-01,0.000000000000000000e+00,0.000000000000000000e+00,0.000000000000000000e+00
3.271770186179396439e-02,-1.878436483230103982e-01,9.191669604420916739e-01,-2.508210404133156754e-02,4.043024046171824620e-02,8.061163969063196433e-01,5.898411975708717225e-01,-1.552946169615362637e-01,-1.817530479171439867e-03,2.506482123938044149e-01,2.079940316017145352e-01,-2.825711823158418290e-01,6.200086346722265274e-02,-3.343449103598862826e-01,-2.956531311110284777e-01,-2.884907742612673465e-01,3.284789369688895233e-01,-1.348583876535795409e-02,1.363765642709826031e-01,-1.017042929166569465e-01,0.000000000000000000e+00,0.000000000000000000e+00,3.121031651201239820e-01,3.823992620777815210e-01,-1.782195434098446940e-01,-4.762135627437439900e-01,0.000000000000000000e+00,0.000000000000000000e+00,0.000000000000000000e+00,2.436187615743411750e-01,-6.256004873019405110e-01,2.776698134660212647e-01,-4.746649404270818495e-01,0.000000000000000000e+00,0.000000000000000000e+00,0.000000000000000000e+00
3.451550986935066762e-02,-1.966327392324235535e-01,9.197178603912598005e-01,-2.793061281721642350e-02,3.955178508460718834e-02,8.021196482254462357e-01,5.951971161682166889e-01,-1.657651424204929502e-01,5.431556094496336681e-03,2.640306822324060554e-01,2.024603773245303717e-01,-2.808910299049125481e-01,6.786580669866643101e-02,-3.220532608738131408e-01,-2.815088122221265921e-01,-2.885994604305130995e-01,3.584189946185336595e-01,-4.305953883342111127e-02,1.248307145706589322e-01,-9.376119721554404540e-02,0.000000000000000000e+00,0.000000000000000000e+00,3.079294245503224059e-01,3.804589678602937619e-01,-1.764053665483315547e-01,-4.757666107031980895e-01,0.000000000000000000e+00,0.000000000000000000e+00,0.000000000000000000e+00,2.327633514597295672e-01,-6.236388104712922154e-01,2.852638618137744997e-01,-4.721730909546041910e-01,0.000000000000000000e+00,0.000000000000000000e+00,0.000000000000000000e+00
3.646797386877627389e-02,-2.056809750828045291e-01,9.195550841595233615e-01,-2.954383199835302481e-02,4.052587165996391488e-02,7.972446640051795708e-01,6.015694153065972438e-01,-1.781141895205008985e-01,8.760567521309391842e-03,2.788369371411735798e-01,2.005522546550725094e-01,-2.822486282145642011e-01,7.301436967887864338e-02,-3.129184452310951881e-01,-2.681637510056538720e-01,-2.855680950450979472e-01,3.924707048456856917e-01,-7.262776173386986667e-02,1.118389788420201120e-01,-8.255321295118255021e-02,0.000000000000000000e+00,0.000000000000000000e+00,3.028633374378238430e-01,3.759281372649089792e-01,-1.765318487130425329e-01,-4.764756050990553993e-01,0.000000000000000000e+00,0.000000000000000000e+00,0.000000000000000000e+00,2.213424457930550371e-01,-6.180673743408424681e-01,2.979524269111859525e-01,-4.755689060778842681e-01,0.000000000000000000e+00,0.000000000000000000e+00,0.000000000000000000e+00
3.801379569037250522e-02,-2.149524187813864617e-01,9.198862833958505458e-01,-3.135283123379111608e-02,4.013299263244083509e-02,7.919593655082511896e-01,6.084461408043916331e-01,-1.881246736818302789e-01,1.450688010030330710e-02,2.929704507167767424e-01,1.962373311971733758e-01,-2.787866468106927065e-01,7.732547036423981224e-02,-2.992007662555402070e-01,-2.576557695557786243e-01,-2.804620807853391296e-01,4.120909576141598141e-01,-9.249529963867106352e-02,1.028231565036509809e-01,-7.411228782709916585e-02,0.000000000000000000e+00,0.000000000000000000e+00,2.984921299881315715e-01,3.762528585135659909e-01,-1.710496175588356038e-01,-4.724798555187606497e-01,0.000000000000000000e+00,0.000000000000000000e+00,0.000000000000000000e+00,2.083982864738412322e-01,-6.222309669826719958e-01,3.097636051324937356e-01,-4.697920751855584887e-01,0.000000000000000000e+00,0.000000000000000000e+00,0.000000000000000000e+00
3.951909963044004243e-02,-2.245253631959818474e-01,9.195740459314378779e-01,-3.232097462657829851e-02,4.087478988349484837e-02,7.873817380914496233e-01,6.142593952649446631e-01,-1.997095342562648368e-01,1.719514086319350044e-02,3.080235741585360953e-01,1.938787342684191450e-01,-2.758769555949038832e-01,8.440868919476682275e-02,-2.842688919866365183e-01,-2.525728971507169018e-01,-2.844668154553853245e-01,4.427042345076347418e-01,-9.909711022896099120e-02,9.291761398185136023e-02,-6.372042576323470875e-02,0.000000000000000000e+00,0.000000000000000000e+00,2.902789069746883333e-01,3.746496354975185628e-01,-1.697476974238000258e-01,-4.681910786456551787e-01,0.000000000000000000e+00,0.000000000000000000e+00,0.000000000000000000e+00,1.993900624531328991e-01,-6.169968739210223152e-01,3.173100488610203773e-01,-4.665445817235935322e-01,0.000000000000000000e+00,0.000000000000000000e+00,0.000000000000000000e+00
4.086112248799077945e-02,-2.344925991720570868e-01,9.186304595612547752e-01,-3.085237490424945495e-02,4.109522700857504152e-02,7.826055810065678520e-01,6.203932767666437975e-01,-2.116464923945534926e-01,1.943129786730019015e-02,3.243941634439819754e-01,2.019628437442217428e-01,-2.756471430626210029e-01,9.146802765136642643e-02,-2.705144119684372850e-01,-2.456474991892740323e-01,-2.819599808011417075e-01,4.699232106222093197e-01,-1.004736835274411683e-01,8.788972392809629719e-02,-5.625229507821281894e-02,0.000000000000000000e+00,0.000000000000000000e+00,2.851649692509335421e-01,3.736981873043476177e-01,-1.732247200874356963e-01,-4.654108052744024837e-01,0.000000000000000000e+00,0.000000000000000000e+00,0.000000000000000000e+00,1.853442160549965134e-01,-6.202610257161427221e-01,3.297918750456350634e-01,-4.636558946898491351e-01,0.000000000000000000e+00,0.000000000000000000e+00,0.000000000000000000e+00
4.179331235393806548e-02,-2.442813158274800001e-01,9.179491669285123612e-01,-3.110608549930233419e-02,4.172334185636382420e-02,7.771004039633828686e-01,6.272212818050694194e-01,-2.253332791498894316e-01,2.342550580541713501e-02,3.408484571735107549e-01,2.074549890135184427e-01,-2.731752108989078942e-01,9.611274606076043725e-02,-2.498421383240225502e-01,-2.373717889733369113e-01,-2.798255612289534122e-01,4.825459619893956442e-01,-9.582069529300629718e-02,8.635806125844500136e-02,-4.503077381531877393e-02,0.000000000000000000e+00,0.000000000000000000e+00,2.820895149594869755e-01,3.649393434186120611e-01,-1.699680381227491321e-01,-4.623305716420209599e-01,0.000000000000000000e+00,0.000000000000000000e+00,0.000000000000000000e+00,1.784049978081594101e-01,-6.212795066204575001e-01,3.379853542580718018e-01,-4.595667591026266208e-01,0.000000000000000000e+00,0.000000000000000000e+00,0.000000000000000000e+00
4.258754910622101347e-02,-2.540952852168292253e-01,9.167558315684789516e-01,-2.997975293738686098e-02,4.254856905151677138e-02,7.724444077023997490e-01,6.329458671124809088e-01,-2.403951503100493492e-01,2.596363166227073221e-02,3.569608536291439815e-01,2.190798401083751401e-01,-2.703267049081526374e-01,1.045717878965727737e-01,-2.326247986725449302e-01,-2.317996478187296372e-01,-2.761952714614937521e-01,5.069940304562570166e-01,-8.013505624104408365e-02,8.200085881581266334e-02,-3.709035159846610363e-02,0.000000000000000000e+00,0.000000000000000000e+00,2.826442167076146927e-01,3.621075510424814348e-01,-1.682887652308675541e-01,-4.604920347559322003e-01,0.000000000000000000e+00,0.000000000000000000e+00,0.000000000000000000e+00,1.744629292723713643e-01,-6.213832201079287909e-01,3.447495967270348682e-01,-4.566483674321291097e-01,0.000000000000000000e+00,0.000000000000000000e+00,0.000000000000000000e+00
4.300465894673886902e-02,-2.635541656602018445e-01,9.153280267365817569e-01,-2.952885171369425132e-02,4.429583636964030263e-02,7.669443963596339620e-01,6.395015392392275899e-01,-2.567401600732657219e-01,2.791351144840562362e-02,3.732540164660740345e-01,2.300859390650439318e-01,-2.688949195775452994e-01,1.144925469061994633e-01,-2.130761705845314324e-01,-2.236201671250633849e-01,-2.677671379290350595e-01,5.226484776491399087e-01,-5.654215317715968053e-02,8.399486464260198793e-02,-2.708487716682549118e-02,0.000000000000000000e+00,0.000000000000000000e+00,2.838237920116730706e-01,3.504625228044506158e-01,-1.628012530522696955e-01,-4.641278494529234022e-01,0.000000000000000000e+00,0.000000000000000000e+00,0.000000000000000000e+00,1.730828822389938182e-01,-6.210714249042860180e-01,3.468544215995942315e-01,-4.550255770268163413e-01,0.000000000000000000e+00,0.000000000000000000e+00,0.000000000000000000e+00
4.318503356216441685e-02,-2.726327841753053982e-01,9.140602951725989023e-01,-2.893040519191763735e-02,4.501862682089286666e-02,7.631148592825295340e-01,6.440435283711788417e-01,-2.704324002663248128e-01,3.029132127070210956e-02,3.871703915643545102e-01,2.391031055507620295e-01,-2.675396265955768960e-01,1.215115921395892862e-01,-1.950366544705667837e-01,-2.134067464132858860e-01,-2.558552179492694645e-01,5.301149800593367711e-01,-3.604568381041188541e-02,9.008172437919285958e-02,-2.162704685451658643e-02,0.000000000000000000e+00,0.000000000000000000e+00,2.870366097143699502e-01,3.410631020974504990e-01,-1.620411084742170160e-01,-4.650246660566842438e-01,0.000000000000000000e+00,0.000000000000000000e+00,0.000000000000000000e+00,1.744214192530935958e-01,-6.217495809796877992e-01,3.517368264671074662e-01,-4.533760131932097481e-01,0.000000000000000000e+00,0.000000000000000000e+00,0.000000000000000000e+00
4.330679034334639077e-02,-2.810308508797458305e-01,9.128962826422853949e-01,-2.920998270086711673e-02,4.716858646441252079e-02,7.588100697754474044e-01,6.489446658760243958e-01,-2.827932883718962120e-01,3.179717234375281643e-02,4.046175522226653776e-01,2.406378020158306541e-01,-2.630340746650975947e-01,1.224019473621066750e-01,-1.715878250825206564e-01,-2.029921882943732103e-01,-2.519313650749066547e-01,5.181138826385430773e-01,-2.389414164121779136e-02,9.973542263203694080e-02,-1.495746468634859272e-02,0.000000000000000000e+00,0.000000000000000000e+00,2.899020201047270429e-01,3.338181461926720828e-01,-1.585286727078731028e-01,-4.664102841495293972e-01,0.000000000000000000e+00,0.000000000000000000e+00,0.000000000000000000e+00,1.779369742849250535e-01,-6.154913919660880417e-01,3.497914858426162121e-01,-4.524613529533266232e-01,0.000000000000000000e+00,0.000000000000000000e+00,0.000000000000000000e+00
4.330791211403854646e-02,-2.890791117404888921e-01,9.121216970653102107e-01,-2.952657068401627269e-02,4.712311706743749912e-02,7.553908640592326140e-01,6.529105880266729001e-01,-2.933185412197608088e-01,3.640072454034914279e-02,4.178092573361690265e-01,2.445933664442054012e-01,-2.585496150407287086e-01,1.267100295291536671e-01,-1.547005376353288164e-01,-1.911315058674740164e-01,-2.381922423401711397e-01,5.168262866976345293e-01,-1.130900274001251857e-02,1.033989417160492280e-01,-1.157292658649439893e-02,0.000000000000000000e+00,0.000000000000000000e+00,2.943488507824025824e-01,3.249545932947207616e-01,-1.582057736680151649e-01,-4.657655602599311551e-01,0.000000000000000000e+00,0.000000000000000000e+00,0.000000000000000000e+00,1.820268108602501600e-01,-6.169710296282618911e-01,3.512003087499759868e-01,-4.526417466870408801e-01,0.000000000000000000e+00,0.000000000000000000e+00,0.000000000000000000e+00
4.357483958222291981e-02,-2.963129129080214197e-01,9.112805781181719800e-01,-3.001841804251617965e-02,5.005325943127970911e-02,7.511182818523347571e-01,6.575826126546581163e-01,-3.032383710139241462e-01,3.598890019427063158e-02,4.317080821587729877e-01,2.397771538482052767e-01,-2.506978293179957795e-01,1.232332382057501896e-01,-1.355533346631755953e-01,-1.776391422395113273e-01,-2.264580464366172941e-01,4.930124265252117666e-01,-1.090392508146225195e-02,1.128494960955694348e-01,-6.556613766451885664e-03,0.000000000000000000e+00,0.000000000000000000e+00,2.986546490949043564e-01,3.163232597598173990e-01,-1.568590145660311019e-01,-4.655264201035504978e-01,0.000000000000000000e+00,0.000000000000000000e+00,0.000000000000000000e+00,1.891733618904165859e-01,-6.119893562774161300e-01,3.502884339464846231e-01,-4.556236237736009387e-01,0.000000000000000000e+00,0.000000000000000000e+00,0.000000000000000000e+00
4.393354248853035410e-02,-3.034360318265353906e-01,9.104654024244398514e-01,-2.969368520668005593e-02,5.181881314837400582e-02,7.476675993522826635e-01,6.613820806020788146e-01,-3.100434082878653075e-01,3.645935081324495897e-02,4.466998366794434072e-01,2.348906376795556750e-01,-2.416921952220272840e-01,1.201052869846626486e-01,-1.177695144970245938e-01,-1.684082776506652390e-01,-2.167606896800119975e-01,4.739435996227042702e-01,2.023763717939573714e-04,1.239048746218529284e-01,-3.253736962224021076e-03,0.000000000000000000e+00,0.000000000000000000e+00,2.996103609643305798e-01,3.168888993056206416e-01,-1.567149143662156796e-01,-4.670461406943355320e-01,0.000000000000000000e+00,0.000000000000000000e+00,0.000000000000000000e+00,1.957142065448037038e-01,-6.160357905464645123e-01,3.459885062885824647e-01,-4.567265563685136698e-01,0.000000000000000000e+00,0.000000000000000000e+00,0.000000000000000000e+00
4.444494619995043722e-02,-3.102342437365292471e-01,9.099941918414881092e-01,-2.968131780440823667e-02,5.254153176168409323e-02,7.428390583992513507e-01,6.667447338600003270e-01,-3.188930851989671411e-01,4.158674438933869510e-02,4.587663828385745157e-01,2.370370485868081856e-01,-2.307776474409084511e-01,1.198303279315390962e-01,-1.019928548469027640e-01,-1.585075030656734052e-01,-2.033618068338254314e-01,4.615241490091758769e-01,2.632753482372608700e-03,1.271039807112170905e-01,1.869507254473722763e-03,0.000000000000000000e+00,0.000000000000000000e+00,3.047453599997332896e-01,3.119622442542199781e-01,-1.531980277231985432e-01,-4.659354794795962373e-01,0.000000000000000000e+00,0.000000000000000000e+00,0.000000000000000000e+00,2.023422368177819619e-01,-6.143799971607805110e-01,3.424486358853470191e-01,-4.588977899824718820e-01,0.000000000000000000e+00,0.000000000000000000e+00,0.000000000000000000e+00
4.522373389529260601e-02,-3.169087776000851786e-01,9.092132531770337200e-01,-2.885523526455361157e-02,5.285717923818120806e-02,7.397017768765369317e-01,6.702348657646091112e-01,-3.260738519853500494e-01,4.529935441300995957e-02,4.690572125303485995e-01,2.398916627655182932e-01,-2.246940082724603605e-01,1.179315474589269497e-01,-9.551893433078023632e-02,-1.472242083525105438e-01,-1.910487384759673168e-01,4.585497439644554696e-01,1.092300948805319943e-03,1.304707175453817813e-01,2.628569301993878560e-03,0.000000000000000000e+00,0.000000000000000000e+00,3.102586046225279115e-01,3.082823569086015070e-01,-1.556066486844537300e-01,-4.704353089160128176e-01,0.000000000000000000e+00,0.000000000000000000e+00,0.000000000000000000e+00,2.081631403216341047e-01,-6.152960085514893596e-01,3.423094860180221355e-01,-4.635261090694441366e-01,0.000000000000000000e+00,0.000000000000000000e+00,0.000000000000000000e+00
4.620006038059709663e-02,-3.233925581428845897e-01,9.086788156561103058e-01,-2.874618158148529654e-02,5.277033997621818212e-02,7.358088656271356554e-01,6.745177992668439648e-01,-3.338259463701059859e-01,5.259818355486904629e-02,4.802057918697549832e-01,2.433481856619345851e-01,-2.147842844519643746e-01,1.138729567816860744e-01,-8.670538866393727451e-02,-1.365613547848299747e-01,-1.813649590871334039e-01,4.465308192899004047e-01,-1.440612663669579158e-02,1.303708037061751535e-01,4.842375072579244155e-03,0.000000000000000000e+00,0.000000000000000000e+00,3.142448784450520005e-01,3.093685859908690827e-01,-1.523411980914243791e-01,-4.730627938480580497e-01,0.000000000000000000e+00,0.000000000000000000e+00,0.000000000000000000e+00,2.122898070598965847e-01,-6.212112335288090259e-01,3.425228937442013621e-01,-4.650557859353989798e-01,0.000000000000000000e+00,0.000000000000000000e+00,0.000000000000000000e+00
4.726922139128970218e-02,-3.296776276493832425e-01,9.076918829475224548e-01,-2.878481112031511593e-02,5.421148161609112143e-02,7.328196759694959317e-01,6.776487824985140129e-01,-3.438916265336675604e-01,5.549104988347781930e-02,4.865530722493697779e-01,2.457250129060903898e-01,-2.083522476397469680e-01,1.104651084440203546e-01,-7.954808862725612495e-02,-1.256880382153948983e-01,-1.737574901332453459e-01,4.310610804662314832e-01,-2.333266709716498230e-02,1.320379228622718948e-01,7.512017511757826393e-03,0.000000000000000000e+00,0.000000000000000000e+00,3.175425605833942511e-01,3.097831965692748324e-01,-1.557387222783606917e-01,-4.748538639573335884e-01,0.000000000000000000e+00,0.000000000000000000e+00,0.000000000000000000e+00,2.186150426998106355e-01,-6.217466550500765354e-01,3.399249340941986053e-01,-4.636640914214499309e-01,0.000000000000000000e+00,0.000000000000000000e+00,0.000000000000000000e+00
4.838655241829663972e-02,-3.359431746511437611e-01,9.065758903985967621e-01,-2.988155262599583376e-02,5.445431778787974270e-02,7.313266597867054131e-01,6.791930040659549528e-01,-3.566766064311862605e-01,6.125314025621399205e-02,4.879976360371422461e-01,2.530134063179863557e-01,-2.056519095711963896e-01,1.067683141880362840e-01,-7.536173656846946456e-02,-1.142184302668757118e-01,-1.618919960289148807e-01,4.164043575941470676e-01,-4.083986082677086571e-02,1.320514552587653823e-01,9.651860372829487722e-03,0.000000000000000000e+00,0.000000000000000000e+00,3.173411954993307638e-01,3.085727727645724561e-01,-1.610102241430392822e-01,-4.765657342626813398e-01,0.000000000000000000e+00,0.000000000000000000e+00,0.000000000000000000e+00,2.242032466038672012e-01,-6.206041831838284839e-01,3.392613677346775214e-01,-4.622280611466879074e-01,0.000000000000000000e+00,0.000000000000000000e+00,0.000000000000000000e+00
4.955075094151240034e-02,-3.422645362313790351e-01,9.055659300672682654e-01,-3.009291702190610221e-02,5.513682888664354909e-02,7.278787994335454981e-01,6.828226708162358216e-01,-3.684516301217198864e-01,6.648512015927977858e-02,4.898544097420768351e-01,2.607057352884311618e-01,-2.004332243202485986e-01,1.055576268411841240e-01,-7.161350927125184618e-02,-1.060796815805371690e-01,-1.531292562168327653e-01,4.013177975172689260e-01,-5.212391894888169369e-02,1.310833229612806405e-01,1.462966260995868066e-02,0.000000000000000000e+00,0.000000000000000000e+00,3.190398650281272008e-01,3.056768259784675701e-01,-1.656085397313861174e-01,-4.771396239820904772e-01,0.000000000000000000e+00,0.000000000000000000e+00,0.000000000000000000e+00,2.300384548071716384e-01,-6.200980640121800391e-01,3.370081238381788524e-01,-4.618978673162639215e-01,0.000000000000000000e+00,0.000000000000000000e+00,0.000000000000000000e+00
5.079290753765085958e-02,-3.484999149484901415e-01,9.046673393649243833e-01,-3.125112292375774314e-02,5.490340717847951718e-02,7.247100179398104913e-01,6.861518586245156648e-01,-3.801444120192998821e-01,7.610578046328558832e-02,4.940829494243541009e-01,2.698788580511073953e-01,-1.960849543602330991e-01,9.907272255469089239e-02,-6.350713162129735523e-02,-9.424411386215902908e-02,-1.383454002050079901e-01,3.832737946327524070e-01,-7.635786460310770019e-02,1.281937941685284965e-01,1.728805012867203408e-02,0.000000000000000000e+00,0.000000000000000000e+00,3.206827876761051965e-01,3.060821723833491159e-01,-1.626402272609482336e-01,-4.752820986218399546e-01,0.000000000000000000e+00,0.000000000000000000e+00,0.000000000000000000e+00,2.351951618775713071e-01,-6.124880139240330701e-01,3.345485951860910356e-01,-4.613907469856201038e-01,0.000000000000000000e+00,0.000000000000000000e+00,0.000000000000000000e+00
5.199542340547152336e-02,-3.551185487570018284e-01,9.036980378799680524e-01,-3.123050952178347411e-02,5.342905327170627272e-02,7.208320862272562524e-01,6.903412887889295302e-01,-3.886515206535710587e-01,8.618606292533204094e-02,4.977369219053500160e-01,2.792551183466497888e-01,-1.923055088621965503e-01,9.803371028274285304e-02,-6.179844785588813755e-02,-8.409596854649953324e-02,-1.248953471299041190e-01,3.812963978427030831e-01,-9.458528493855278274e-02,1.236145086445077923e-01,1.807063417435620517e-02,0.000000000000000000e+00,0.000000000000000000e+00,3.212201540014115730e-01,3.051287424705553808e-01,-1.601593596199045733e-01,-4.765342275472454481e-01,0.000000000000000000e+00,0.000000000000000000e+00,0.000000000000000000e+00,2.387498101194137079e-01,-6.086468974341660010e-01,3.341713373063287529e-01,-4.613393074851084852e-01,0.000000000000000000e+00,0.000000000000000000e+00,0.000000000000000000e+00
5.337932110624580423e-02,-3.614989011417226172e-01,9.026886731833019262e-01,-3.219292958470100496e-02,5.336780356625549920e-02,7.179049798072193456e-01,6.933454642494344400e-01,-4.019435292804361959e-01,9.325378745034496042e-02,4.932677062404821622e-01,2.888645132405809335e-01,-1.864471266484659107e-01,9.561133611119800035e-02,-6.018788804399888281e-02,-7.312753792340076497e-02,-1.118142892873342925e-01,3.771034579960290123e-01,-1.173718624512407604e-01,1.187723119287577567e-01,1.962230140498417985e-02,0.000000000000000000e+00,0.000000000000000000e+00,3.235509942303271824e-01,3.031926411118203157e-01,-1.647398599737053271e-01,-4.774580557027968131e-01,0.000000000000000000e+00,0.000000000000000000e+00,0.000000000000000000e+00,2.433854369743490009e-01,-5.991638099030358600e-01,3.327105096565259879e-01,-4.653266410364798045e-01,0.000000000000000000e+00,0.000000000000000000e+00,0.000000000000000000e+00
5.479619172233442248e-02,-3.681778366827681559e-01,9.016287636351733026e-01,-3.230559885100622863e-02,5.174273569328791123e-02,7.150847260271446793e-01,6.963712172315390525e-01,-4.089248570958742279e-01,1.017112881907002164e-01,4.945364043891995465e-01,2.940129227858916949e-01,-1.836469023006280232e-01,9.287933372859438763e-02,-5.719295139554445712e-02,-6.368265237699841097e-02,-1.018558866314547978e-01,3.729295093273533590e-01,-1.389668748125730546e-01,1.129948567946468946e-01,2.008664663300446102e-02,0.000000000000000000e+00,0.000000000000000000e+00,3.244554362767765876e-01,3.004381613698496878e-01,-1.575227325723855265e-01,-4.813601836941064360e-01,0.000000000000000000e+00,0.000000000000000000e+00,0.000000000000000000e+00,2.476151924696550211e-01,-5.936626417188095584e-01,3.286000096098835033e-01,-4.666493193911149251e-01,0.000000000000000000e+00,0.000000000000000000e+00,0.000000000000000000e+00
5.638114460247005411e-02,-3.746948678047989367e-01,9.007558149737527886e-01,-3.305993199831276652e-02,4.985486595498783702e-02,7.124796017954450056e-01,6.991382912287673612e-01,-4.180613694634334188e-01,1.108972616154387802e-01,4.908602801015261030e-01,3.015862923859553013e-01,-1.791058152228735822e-01,9.072406660697771019e-02,-6.008674627860498274e-02,-5.421294945393300563e-02,-9.710522358507750473e-02,3.708888890313090658e-01,-1.571293453876659307e-01,1.047545667135957453e-01,2.450452204054646629e-02,0.000000000000000000e+00,0.000000000000000000e+00,3.282108784634391596e-01,2.930494663065796868e-01,-1.579211868778233052e-01,-4.829158361276738032e-01,0.000000000000000000e+00,0.000000000000000000e+00,0.000000000000000000e+00,2.517250805626029542e-01,-5.817219573996750270e-01,3.303218725270464784e-01,-4.664593700150579392e-01,0.000000000000000000e+00,0.000000000000000000e+00,0.000000000000000000e+00
5.825081141795895867e-02,-3.809138661985496666e-01,9.009531139559666668e-01,-3.439603927618450907e-02,4.789657310492316522e-02,7.095804958257342365e-01,7.021526548483747465e-01,-4.208721411154738856e-01,1.183832138964388270e-01,4.858688922951812650e-01,2.930968696275996210e-01,-1.628217910462229912e-01,7.966715442298186178e-02,-5.301232583882394683e-02,-3.967587093446953844e-02,-8.218416615859638896e-02,3.554974966203933162e-01,-1.818676071749858458e-01,1.014325298788696927e-01,2.902100917258079033e-02,0.000000000000000000e+00,0.000000000000000000e+00,3.304923867826264350e-01,2.975787932573502048e-01,-1.507259425531783659e-01,-4.823116364746755647e-01,0.000000000000000000e+00,0.000000000000000000e+00,0.000000000000000000e+00,2.553938599410293109e-01,-5.714025878640485168e-01,3.238580593159512411e-01,-4.644703504927902848e-01,0.000000000000000000e+00,0.000000000000000000e+00,0.000000000000000000e+00
6.045608271054293825e-02,-3.868440743758757017e-01,9.008202361399402225e-01,-3.581653106768617478e-02,4.753836688247476544e-02,7.066753818459404757e-01,7.050299174285571402e-01,-4.260096448401251013e-01,1.224179275824349156e-01,4.759789632109872048e-01,2.854643424716299394e-01,-1.482011982609085510e-01,6.695580086082905669e-02,-5.253336691625061505e-02,-3.014599131878430843e-02,-8.002389215208079165e-02,3.476930461688653162e-01,-1.995312675758337539e-01,9.284041495033153180e-02,3.368961860014947629e-02,0.000000000000000000e+00,0.000000000000000000e+00,3.360947568483686476e-01,2.979522075361383249e-01,-1.546952635892151484e-01,-4.796949602447394545e-01,0.000000000000000000e+00,0.000000000000000000e+00,0.000000000000000000e+00,2.573861285955225675e-01,-5.543185819283106275e-01,3.248123305508590075e-01,-4.663294796864642655e-01,0.000000000000000000e+00,0.000000000000000000e+00,0.000000000000000000e+00
6.273242456722337435e-02,-3.928713375608952618e-01,9.003406657581901618e-01,-3.575137377188606497e-02,4.535280999383731887e-02,7.049830192899940728e-01,7.068690857661326099e-01,-4.261688750976076467e-01,1.267726784979156529e-01,4.692543336567576162e-01,2.744017529732827865e-01,-1.304575903188257002e-01,5.587060105130480653e-02,-4.868414548837596278e-02,-1.856638128703677268e-02,-6.831820712474526158e-02,3.355430762464063354e-01,-2.086496737538809654e-01,8.984267607777991771e-02,3.398615976842899594e-02,0.000000000000000000e+00,0.000000000000000000e+00,3.383454249733907071e-01,3.008794836676741968e-01,-1.549887141606811347e-01,-4.770399517987997107e-01,0.000000000000000000e+00,0.000000000000000000e+00,0.000000000000000000e+00,2.580935613084576752e-01,-5.483773914659406667e-01,3.254357888036700786e-01,-4.644259687084067445e-01,0.000000000000000000e+00,0.000000000000000000e+00,0.000000000000000000e+00
6.510925129169160830e-02,-3.984450922908908677e-01,9.003182313043358587e-01,-3.639195310702908470e-02,4.395358474171422863e-02,7.031802239491449225e-01,7.087180545070357329e-01,-4.272045494588877501e-01,1.283619047538012425e-01,4.592789345386966149e-01,2.624844807609729713e-01,-1.156018251661617285e-01,4.582761117257150990e-02,-4.918726897698432604e-02,-1.009615290315310152e-02,-6.410795799805124595e-02,3.290959248642958412e-01,-2.128794816631708609e-01,8.946652749443925745e-02,3.460043393395458022e-02,0.000000000000000000e+00,0.000000000000000000e+00,3.373562886609994815e-01,3.014885128161081118e-01,-1.573094661058802579e-01,-4.727990705654224746e-01,0.000000000000000000e+00,0.000000000000000000e+00,0.000000000000000000e+00,2.629124200403245015e-01,-5.379127272248573899e-01,3.248088817766235925e-01,-4.648142186751942906e-01,0.000000000000000000e+00,0.000000000000000000e+00,0.000000000000000000e+00
6.767520914761920858e-02,-4.038747045912137179e-01,9.000284778310839728e-01,-3.690419101899848620e-02,4.153343748372993749e-02,7.025291943723891430e-01,7.094827589945361668e-01,-4.318010236929267220e-01,1.328148420557908604e-01,4.474834107758514645e-01,2.570230686333030423e-01,-9.698564192545330864e-02,3.369415895795892929e-02,-4.914798685502604764e-02,7.560675536364951793e-04,-5.855651467761138068e-02,3.223674386637317424e-01,-2.203269565156307230e-01,8.458178680827921347e-02,3.783427296242475313e-02,0.000000000000000000e+00,0.000000000000000000e+00,3.368893355042780202e-01,3.018892384889428904e-01,-1.608983131980165071e-01,-4.707158546342734562e-01,0.000000000000000000e+00,0.000000000000000000e+00,0.000000000000000000e+00,2.647857536353729335e-01,-5.304606170264101195e-01,3.247021384526214693e-01,-4.621899903338549387e-01,0.000000000000000000e+00,0.000000000000000000e+00,0.000000000000000000e+00
7.033243496583405086e-02,-4.088783035520343612e-01,9.000738841121534994e-01,-3.749208323306710278e-02,3.963366016732845776e-02,6.995948938235704295e-01,7.124538590060213172e-01,-4.324600855940562427e-01,1.370255366273538944e-01,4.430087790406406767e-01,2.390504108009776363e-01,-7.630563388606273478e-02,2.190588470427897935e-02,-4.779781406198362753e-02,1.207890093277731551e-02,-4.617329436339941834e-02,3.117697990401303576e-01,-2.287426237986438238e-01,8.035963796426109917e-02,4.024022974920118956e-02,0.000000000000000000e+00,0.000000000000000000e+00,3.423916833369790580e-01,2.998474018944936592e-01,-1.566776699089539870e-01,-4.668743716132818800e-01,0.000000000000000000e+00,0.000000000000000000e+00,0.000000000000000000e+00,2.687333934688505566e-01,-5.245769836791778218e-01,3.252064221786184484e-01,-4.599600307770878582e-01,0.000000000000000000e+00,0.000000000000000000e+00,0.000000000000000000e+00
7.309901193250982476e-02,-4.134622313822732820e-01,9.008046486001601849e-01,-3.758378871493222445e-02,3.846089105147521003e-02,6.974991264472765184e-01,7.145650336327991070e-01,-4.337296767660964725e-01,1.376047016247225752e-01,4.273114149531629380e-01,2.239341293578076542e-01,-6.005396846096423130e-02,6.141284555410683917e-03,-4.557562082411913129e-02,1.950502631757893707e-02,-4.173434443974695374e-02,3.010599944095897484e-01,-2.311798691213640677e-01,7.850092563372025600e-02,4.455820657157698317e-02,0.000000000000000000e+00,0.000000000000000000e+00,3.448056119981831036e-01,3.003596047628926957e-01,-1.549219132466175264e-01,-4.687388409178835369e-01,0.000000000000000000e+00,0.000000000000000000e+00,0.000000000000000000e+00,2.724692363818764784e-01,-5.148755120640593486e-01,3.264520269161259036e-01,-4.586003672823667499e-01,0.000000000000000000e+00,0.000000000000000000e+00,0.000000000000000000e+00
7.581441012187332962e-02,-4.178815849181712894e-01,9.012468386525231967e-01,-3.818747607582588521e-02,3.736451194722013175e-02,6.952070827503336048e-01,7.168212622485988783e-01,-4.384573447921547018e-01,1.414130374199339957e-01,4.154717016295539911e-01,2.155693060409310802e-01,-4.638447428966965824e-02,-2.653300474082752151e-03,-4.274119906763595989e-02,2.787594251181668703e-02,-3.488040857286400787e-02,2.872087972390364730e-01,-2.379662540658598335e-01,7.677892524148070830e-02,5.011950598483723429e-02,0.000000000000000000e+00,0.000000000000000000e+00,3.468928257733526754e-01,2.981732242709383418e-01,-1.512398002035167111e-01,-4.723182338957986337e-01,0.000000000000000000e+00,0.000000000000000000e+00,0.000000000000000000e+00,2.750483331207174142e-01,-5.107587263174983017e-01,3.244655026228210892e-01,-4.596731020525501865e-01,0.000000000000000000e+00,0.000000000000000000e+00,0.000000000000000000e+00
7.858577194260556176e-02,-4.221582291700625711e-01,9.017931181330119950e-01,-3.808445487479143743e-02,3.669521352151606380e-02,6.946191659378331273e-01,7.174310070754740254e-01,-4.368336950991990042e-01,1.377582358370370297e-01,4.074482024871843855e-01,1.927091001118756419e-01,-3.738410296400979105e-02,-1.363041309132902862e-02,-4.492284658460625468e-02,3.365897759841775944e-02,-3.274006548965455871e-02,2.842118122111629841e-01,-2.366441601848063847e-01,7.403408055923563214e-02,5.255680741369542219e-02,0.000000000000000000e+00,0.000000000000000000e+00,3.457335373210546070e-01,3.017108167337927416e-01,-1.530591366091876848e-01,-4.682013311299092484e-01,0.000000000000000000e+00,0.000000000000000000e+00,0.000000000000000000e+00,2.785659208467763936e-01,-5.041873079311386396e-01,3.246948637720774578e-01,-4.536516080470643919e-01,0.000000000000000000e+00,0.000000000000000000e+00,0.000000000000000000e+00
8.110515853328562064e-02,-4.264265549096567520e-01,9.023506539523979963e-01,-3.851821132349061982e-02,3.651545205013983358e-02,6.919882957901396514e-01,7.199549761252229674e-01,-4.398790353009450760e-01,1.373453806782728437e-01,3.929737990950431525e-01,1.767736967865395914e-01,-2.923568085103277897e-02,-2.494792184367305640e-02,-4.383453322491055043e-02,3.991416344722012455e-02,-2.523149453581597507e-02,2.724753073487841126e-01,-2.428266071214511823e-01,7.375534610493127141e-02,5.635891187992628920e-02,0.000000000000000000e+00,0.000000000000000000e+00,3.467463456085959073e-01,2.993168615690477430e-01,-1.515348498669605304e-01,-4.661702553063437060e-01,0.000000000000000000e+00,0.000000000000000000e+00,0.000000000000000000e+00,2.806302286770048227e-01,-5.045181790628530116e-01,3.261448456647846883e-01,-4.519839528061370126e-01,0.000000000000000000e+00,0.000000000000000000e+00,0.000000000000000000e+00
8.353706794273904612e-02,-4.308444564433525081e-01,9.037103612589653112e-01,-3.707220224330558256e-02,3.678814545795246194e-02,6.915383621196964370e-01,7.204491501080440008e-01,-4.410845253906174324e-01,1.343916606691328564e-01,3.775144041728475952e-01,1.641505311997119299e-01,-1.845143930867134199e-02,-3.533163507952990362e-02,-4.747028769640723039e-02,4.071535802123818493e-02,-2.536661378557773794e-02,2.730324723289748734e-01,-2.320332523226900645e-01,7.369081421042304736e-02,5.807828731512441195e-02,0.000000000000000000e+00,0.000000000000000000e+00,3.463654821961910102e-01,3.047595257014829029e-01,-1.526272567951948433e-01,-4.611371466740484260e-01,0.000000000000000000e+00,0.000000000000000000e+00,0.000000000000000000e+00,2.807421292279311809e-01,-5.061807262227258075e-01,3.278138318152202246e-01,-4.499737508460505686e-01,0.000000000000000000e+00,0.000000000000000000e+00,0.000000000000000000e+00
8.565834683617230827e-02,-4.359543680674531352e-01,9.037476636289187848e-01,-3.556115692060658751e-02,3.593822601187320054e-02,6.924105162240244971e-01,7.197301751712006368e-01,-4.482779785664983696e-01,1.350162124810061759e-01,3.657385101935162197e-01,1.729421450397274906e-01,-2.037181313759524673e-02,-3.134854006742783528e-02,-5.642930602066728585e-02,4.106571458871360186e-02,-3.388528809965110633e-02,2.864202748885267269e-01,-2.332072786330799674e-01,6.554740328276117967e-02,5.861856678169010543e-02,0.000000000000000000e+00,0.000000000000000000e+00,3.423053172505756692e-01,3.051241354045698406e-01,-1.568453019557867478e-01,-4.589549169004876750e-01,0.000000000000000000e+00,0.000000000000000000e+00,0.000000000000000000e+00,2.791058772944125521e-01,-5.095646339792321289e-01,3.253975365082851234e-01,-4.476043689070386411e-01,0.000000000000000000e+00,0.000000000000000000e+00,0.000000000000000000e+00
8.744675198464121890e-02,-4.410914190345919250e-01,9.050687969863389082e-01,-3.479860262545016181e-02,3.588288150266574772e-02,6.925351944954069028e-01,7.196502487011243732e-01,-4.511211232855156239e-01,1.352600279228821922e-01,3.580581324143930488e-01,1.691264941050232284e-01,-8.287460139997418138e-03,-3.827054049157233712e-02,-5.885885337102930021e-02,4.226386189271619243e-02,-3.338699790687586766e-02,2.769740888061893447e-01,-2.159293176170124229e-01,6.891382563049426591e-02,6.199075114973492950e-02,0.000000000000000000e+00,0.000000000000000000e+00,3.432398029419518881e-01,2.995127089154910327e-01,-1.576677131337731186e-01,-4.563030140553751002e-01,0.000000000000000000e+00,0.000000000000000000e+00,0.000000000000000000e+00,2.837676782463446346e-01,-5.122278274212509475e-01,3.270357307700388350e-01,-4.467114171073628404e-01,0.000000000000000000e+00,0.000000000000000000e+00,0.000000000000000000e+00
8.913262136745883635e-02,-4.464259781770946733e-01,9.058237769195403022e-01,-3.381976580361066576e-02,3.588490516777304712e-02,6.936571486953226895e-01,7.186155140866106183e-01,-4.496312087700199411e-01,1.320888005973267221e-01,3.466668848155547433e-01,1.654843250221953443e-01,-1.154331424211200649e-03,-4.230208591185093819e-02,-6.559134282341336220e-02,4.217938644194707543e-02,-3.742423899691288414e-02,2.788266161906072793e-01,-2.063330761153958359e-01,6.835337669680822958e-02,6.317751318704609154e-02,0.000000000000000000e+00,0.000000000000000000e+00,3.382793127199750782e-01,3.014543364752683696e-01,-1.626729147736616921e-01,-4.537917619109585465e-01,0.000000000000000000e+00,0.000000000000000000e+00,0.000000000000000000e+00,2.866420634269717382e-01,-5.135712770862053134e-01,3.291456968594486665e-01,-4.470178962920675625e-01,0.000000000000000000e+00,0.000000000000000000e+00,0.000000000000000000e+00
9.038894027380560414e-02,-4.520885309156700282e-01,9.074851193378467018e-01,-3.291989195655489753e-02,3.672114686299650377e-02,6.949835398815751297e-01,7.173323618660389922e-01,-4.472437388705857719e-01,1.289474226283761904e-01,3.369509680322655409e-01,1.595002985637577753e-01,9.192136776074028015e-05,-4.666798777301378598e-02,-6.918589224571156104e-02,4.129183639185161903e-02,-3.741735075094336505e-02,2.707240646718292454e-01,-1.935986062106268002e-01,7.278183269384731757e-02,6.020492472495284075e-02,0.000000000000000000e+00,0.000000000000000000e+00,3.328004197502136829e-01,3.012177597741346191e-01,-1.630163062083447578e-01,-4.493137032373302753e-01,0.000000000000000000e+00,0.000000000000000000e+00,0.000000000000000000e+00,2.884901958312162673e-01,-5.182341771173676337e-01,3.296762305625860479e-01,-4.415121295412153257e-01,0.000000000000000000e+00,0.000000000000000000e+00,0.000000000000000000e+00
9.148861667098796835e-02,-4.580107436191150350e-01,9.079199628751034590e-01,-3.238048778332698607e-02,3.675317804090999507e-02,6.963310264871186428e-01,7.160473514134402251e-01,-4.446447302105805410e-01,1.301355420875263680e-01,3.309545489360507520e-01,1.557588109803873522e-01,-1.327233667507185522e-03,-4.975506286233376263e-02,-7.521885452762462621e-02,4.225234349464924988e-02,-3.877178318695473358e-02,2.708190326554688054e-01,-1.957874886930029146e-01,6.934112969222336331e-02,5.901318303945861377e-02,0.000000000000000000e+00,0.000000000000000000e+00,3.253756407377697002e-01,3.026226533381246031e-01,-1.618505929598585136e-01,-4.491338655965796400e-01,0.000000000000000000e+00,0.000000000000000000e+00,0.000000000000000000e+00,2.868268371763679769e-01,-5.242424445055567928e-01,3.286902572018391977e-01,-4.411787855769256361e-01,0.000000000000000000e+00,0.000000000000000000e+00,0.000000000000000000e+00
9.243159931046689148e-02,-4.643679384673565780e-01,9.092289584000621261e-01,-3.031445057567273837e-02,3.767930212537975304e-02,6.974904090129819823e-01,7.149604419914030728e-01,-4.420096525786136321e-01,1.276935617359596375e-01,3.247847098902255647e-01,1.518497186307867786e-01,-8.938635596948640155e-03,-4.857590056152313179e-02,-8.106605739739622396e-02,3.707569862357487644e-02,-4.507767917624125320e-02,2.692324238135590520e-01,-1.888484701117595921e-01,6.836750910755692856e-02,5.703234902510603832e-02,0.000000000000000000e+00,0.000000000000000000e+00,3.194055421514665483e-01,2.962445726872347529e-01,-1.628417749039042794e-01,-4.460661766716156884e-01,0.000000000000000000e+00,0.000000000000000000e+00,0.000000000000000000e+00,2.847202585489481685e-01,-5.251610357686711250e-01,3.310802711245875996e-01,-4.389010324810377339e-01,0.000000000000000000e+00,0.000000000000000000e+00,0.000000000000000000e+00
9.304943159788171825e-02,-4.707320434149895871e-01,9.102734187335574934e-01,-3.057495511092265389e-02,3.891285796642940387e-02,7.002376126647855692e-01,7.121925634365831037e-01,-4.432248903367103643e-01,1.282632782413105077e-01,3.190500202580930367e-01,1.555347968766319644e-01,-1.362396280147645973e-02,-5.059663103567341169e-02,-8.620408585351731212e-02,3.544103797701208397e-02,-5.087812212753629187e-02,2.592571882601632516e-01,-1.859214589845513133e-01,6.975364629837307873e-02,5.558628663841626294e-02,0.000000000000000000e+00,0.000000000000000000e+00,3.122576698068719181e-01,2.903391739165542274e-01,-1.635797086362988650e-01,-4.457286118146114307e-01,0.000000000000000000e+00,0.000000000000000000e+00,0.000000000000000000e+00,2.858535863468285587e-01,-5.247346014426303995e-01,3.280177143902966441e-01,-4.383944048381260283e-01,0.000000000000000000e+00,0.000000000000000000e+00,0.000000000000000000e+00
9.361912534501677652e-02,-4.773467926554954555e-01,9.111086980397317125e-01,-2.998869745067434325e-02,3.908946467030552374e-02,7.042364554320708070e-01,7.082539845404854928e-01,-4.416583728567585743e-01,1.278291539169357505e-01,3.166649868626937314e-01,1.628353345817486197e-01,-1.408153943396474837e-02,-4.738055985401397330e-02,-9.232763059232741709e-02,3.487850470333374309e-02,-5.445960171647211412e-02,2.562608464781424011e-01,-1.807661101392036562e-01,6.654047023825998552e-02,5.267408766191648828e-02,0.000000000000000000e+00,0.000000000000000000e+00,3.001908204932023927e-01,2.944927778601027502e-01,-1.679635805074498889e-01,-4.455522746057903882e-01,0.000000000000000000e+00,0.000000000000000000e+00,0.000000000000000000e+00,2.859932246221815744e-01,-5.290387998705612382e-01,3.263951714240558299e-01,-4.392666253496834705e-01,0.000000000000000000e+00,0.000000000000000000e+00,0.000000000000000000e+00
9.402371162088690726e-02,-4.839374684657407055e-01,9.127991227606738756e-01,-3.014305210490414791e-02,4.148041862099239446e-02,7.074318411591863365e-01,7.049191169169357618e-01,-4.388682471507474592e-01,1.243829434956166963e-01,3.153335973046526020e-01,1.693679317773408299e-01,-1.749784356074728792e-02,-4.842735462015938103e-02,-9.757206970608811591e-02,3.131556112921558138e-02,-5.706238403810876686e-02,2.419553755551432928e-01,-1.723785712614169796e-01,7.051662653990574403e-02,5.032386279791172673e-02,0.000000000000000000e+00,0.000000000000000000e+00,2.886191131375298591e-01,2.854669423610173840e-01,-1.734449797666944293e-01,-4.387245395906960721e-01,0.000000000000000000e+00,0.000000000000000000e+00,0.000000000000000000e+00,2.859995147117894709e-01,-5.315057001966756456e-01,3.279676416004418948e-01,-4.402973586233507319e-01,0.000000000000000000e+00,0.000000000000000000e+00,0.000000000000000000e+00
9.423004413371136034e-02,-4.910900594417006992e-01,9.132871152785621005e-01,-3.017567908312139210e-02,4.202199793890940699e-02,7.116143345620039584e-01,7.006629852696455441e-01,-4.342286536199381763e-01,1.258559395878983411e-01,3.160222712789709787e-01,1.809283892155598983e-01,-2.358367123778803282e-02,-4.510055832174264534e-02,-1.058886067062083242e-01,2.980663213586328200e-02,-6.366330283184776229e-02,2.409434952278142472e-01,-1.741800673959715273e-01,6.472205109365088138e-02,4.469989847733129434e-02,0.000000000000000000e+00,0.000000000000000000e+00,2.727873502248287507e-01,2.853074804851828961e-01,-1.767179001400131788e-01,-4.373284725101933557e-01,0.000000000000000000e+00,0.000000000000000000e+00,0.000000000000000000e+00,2.836807906723138317e-01,-5.353560231746561371e-01,3.249977404543147874e-01,-4.419317296104139925e-01,0.000000000000000000e+00,0.000000000000000000e+00,0.000000000000000000e+00
9.430674567163663258e-02,-4.986633451533684647e-01,9.139654426496363060e-01,-2.936307237095312633e-02,4.399068697370728254e-02,7.164594726032184058e-01,6.956209122486458618e-01,-4.353092693970834204e-01,1.257542529452693181e-01,3.054990551346829508e-01,2.035050424044382300e-01,-3.699278627223879373e-02,-4.010573436357603438e-02,-1.200511233827164098e-01,2.319226482199814032e-02,-7.251026854534331489e-02,2.494883661434278144e-01,-1.779451833120924698e-01,5.795131032304751822e-02,3.732546746181013980e-02,0.000000000000000000e+00,0.000000000000000000e+00,2.543454826208348396e-01,2.846941258202482228e-01,-1.834234431598338322e-01,-4.306807869842049774e-01,0.000000000000000000e+00,0.000000000000000000e+00,0.000000000000000000e+00,2.807882409016169700e-01,-5.451584109572498171e-01,3.230001359989718157e-01,-4.441947591187367372e-01,0.000000000000000000e+00,0.000000000000000000e+00,0.000000000000000000e+00
9.404427392351592807e-02,-5.067807709395092397e-01,9.142641304737778585e-01,-2.805027515424081755e-02,4.389754599499093302e-02,7.199436123119934416e-01,6.920746943867746026e-01,-4.378657687534975862e-01,1.275352817528774274e-01,3.020219278674123875e-01,2.308468457580828415e-01,-5.202426126610072699e-02,-3.100274785183254264e-02,-1.308279191883160997e-01,1.832925541872452296e-02,-8.132146690816899337e-02,2.569176307445493190e-01,-1.810872171264372721e-01,5.218450399290146952e-02,3.287173445128107468e-02,0.000000000000000000e+00,0.000000000000000000e+00,2.367308976728804693e-01,2.776984164062285543e-01,-1.870105764428746098e-01,-4.271647063817203271e-01,0.000000000000000000e+00,0.000000000000000000e+00,0.000000000000000000e+00,2.750826540712476009e-01,-5.522699240685938760e-01,3.210841002201245131e-01,-4.460506345435715780e-01,0.000000000000000000e+00,0.000000000000000000e+00,0.000000000000000000e+00
9.363745927302551120e-02,-5.149970965280628032e-01,9.144073075457352928e-01,-2.750436835040622613e-02,4.510674327202589262e-02,7.259361449005161671e-01,6.857299796275601045e-01,-4.371461967081559097e-01,1.293367414757217726e-01,2.993553869892129349e-01,2.586564839644228120e-01,-6.457854198425705405e-02,-2.136256006187583004e-02,-1.479738231889265176e-01,1.266729712122909718e-02,-8.779792931729740735e-02,2.705487290991834270e-01,-1.826702576563881408e-01,4.251782195335990916e-02,2.335135705166536263e-02,0.000000000000000000e+00,0.000000000000000000e+00,2.210053064656272714e-01,2.741105516820664945e-01,-1.920022046766581281e-01,-4.281626327389596587e-01,0.000000000000000000e+00,0.000000000000000000e+00,0.000000000000000000e+00,2.716571708462602874e-01,-5.594578210861055334e-01,3.167963365009579535e-01,-4.497864496214095120e-01,0.000000000000000000e+00,0.000000000000000000e+00,0.000000000000000000e+00
9.288611168738128421e-02,-5.234074002840028994e-01,9.145005483470092233e-01,-2.752606076531472629e-02,4.585911005080977459e-02,7.315470941083981327e-01,6.796897138442298258e-01,-4.349837827099828913e-01,1.310134896948681738e-01,2.969885020003594778e-01,2.876285014352117919e-01,-7.898150364954641123e-02,-1.373097112488552360e-02,-1.603297602002230759e-01,7.087653311182677898e-03,-9.654105116485975357e-02,2.745342498882702986e-01,-1.876817096137451957e-01,4.094789678518815507e-02,1.741893514991007391e-02,0.000000000000000000e+00,0.000000000000000000e+00,2.047235016088076454e-01,2.740783066512413324e-01,-1.976150339927081889e-01,-4.281171030728752602e-01,0.000000000000000000e+00,0.000000000000000000e+00,0.000000000000000000e+00,2.689187771304772934e-01,-5.676073029053380070e-01,3.155300574930350321e-01,-4.544963968348041394e-01,0.000000000000000000e+00,0.000000000000000000e+00,0.000000000000000000e+00
9.186481306578411776e-02,-5.318601602715139487e-01,9.149759605771720095e-01,-2.755877111222529083e-02,4.640576844507780796e-02,7.353465319397898270e-01,6.755386715458487901e-01,-4.262823221068058888e-01,1.315895059126026834e-01,2.973206490076910624e-01,3.044518386295567702e-01,-9.277729002429371818e-02,-8.125058633144246339e-03,-1.703687440438969025e-01,1.677025102311725455e-03,-1.043500843256268684e-01,2.734440900042533484e-01,-1.880017879173512541e-01,3.905783220182844351e-02,1.233379605343051799e-02,0.000000000000000000e+00,0.000000000000000000e+00,1.944306743423271922e-01,2.723976975371508180e-01,-2.025823406947249716e-01,-4.278024821451235082e-01,0.000000000000000000e+00,0.000000000000000000e+00,0.000000000000000000e+00,2.669973716459280721e-01,-5.723203676008582486e-01,3.150738417214971054e-01,-4.528125776413802206e-01,0.000000000000000000e+00,0.000000000000000000e+00,0.000000000000000000e+00
9.074885356449677309e-02,-5.402265779022267234e-01,9.159855610703289130e-01,-2.754610946024686757e-02,4.731219136863640262e-02,7.409295698927851337e-01,6.693475486322446599e-01,-4.132736413503628192e-01,1.318720540245921780e-01,2.940147530641847862e-01,3.226591402222990235e-01,-9.898989038478375746e-02,-4.393718497973644541e-03,-1.762048825551809084e-01,-4.590618705308743136e-03,-1.119690422049406525e-01,2.631938348022873075e-01,-1.824826158616455751e-01,3.929053154523875352e-02,8.786488575623184819e-03,0.000000000000000000e+00,0.000000000000000000e+00,1.832030555146663964e-01,2.673244922658662981e-01,-2.081179716593725415e-01,-4.263297749846904350e-01,0.000000000000000000e+00,0.000000000000000000e+00,0.000000000000000000e+00,2.682830388312696379e-01,-5.765614168851705967e-01,3.141135940298780960e-01,-4.513807634679976588e-01,0.000000000000000000e+00,0.000000000000000000e+00,0.000000000000000000e+00
8.956125707911778699e-02,-5.486438771809346582e-01,9.166732379579313195e-01,-2.755348994411370087e-02,4.818637509526937923e-02,7.451704563287502303e-01,6.645599066012640721e-01,-4.018829633505664467e-01,1.322472872315571535e-01,2.908164329260385927e-01,3.293770901896554970e-01,-1.096409871899994004e-01,-2.044823521621044402e-03,-1.821205568643378403e-01,-9.890235929860952818e-03,-1.174968548772741539e-01,2.536523743483590776e-01,-1.823412034330335885e-01,3.309296221009248168e-02,6.460397967847418196e-03,0.000000000000000000e+00,0.000000000000000000e+00,1.732866446294593354e-01,2.662901271947554216e-01,-2.141733214449678402e-01,-4.269354285406533611e-01,0.000000000000000000e+00,0.000000000000000000e+00,0.000000000000000000e+00,2.647277526276003989e-01,-5.784586136773732790e-01,3.124035775903962198e-01,-4.521212706111951696e-01,0.000000000000000000e+00,0.000000000000000000e+00,0.000000000000000000e+00
8.820665262374662030e-02,-5.568993161227749900e-01,9.170766276584974008e-01,-2.759163957598961131e-02,4.842639066331047570e-02,7.508323072640585849e-01,6.581370924673402012e-01,-3.867691509610791667e-01,1.307438779148595021e-01,2.863186435396924412e-01,3.507173296772074789e-01,-1.249944732484304238e-01,6.129477801636526620e-03,-1.893865434484565957e-01,-1.711871473188926809e-02,-1.287672544195713475e-01,2.501434757902222805e-01,-1.825759619801939349e-01,3.432594497344825663e-02,1.563230541204089878e-03,0.000000000000000000e+00,0.000000000000000000e+00,1.631930988132055949e-01,2.590049578004233188e-01,-2.197985634722201820e-01,-4.262777658016531634e-01,0.000000000000000000e+00,0.000000000000000000e+00,0.000000000000000000e+00,2.644884185428518220e-01,-5.802643747735251045e-01,3.088405017248639917e-01,-4.516072567204709731e-01,0.000000000000000000e+00,0.000000000000000000e+00,0.000000000000000000e+00
8.696661958523824176e-02,-5.651999201385001781e-01,9.177147920562361838e-01,-2.642817854675165098e-02,4.914539819789487396e-02,7.552560950666042938e-01,6.530501604619791678e-01,-3.699232676993473024e-01,1.327141893164417996e-01,2.806632431748801726e-01,3.684356718624534066e-01,-1.362871480702295135e-01,1.179479297647338838e-02,-1.961240108239048763e-01,-2.625951119316259977e-02,-1.373985085980614362e-01,2.478355911453025140e-01,-1.813141372709005106e-01,3.326036039424656865e-02,-3.966367709051918031e-04,0.000000000000000000e+00,0.000000000000000000e+00,1.543421070734632139e-01,2.586693168133575860e-01,-2.259845385344344815e-01,-4.239819725516169036e-01,0.000000000000000000e+00,0.000000000000000000e+00,0.000000000000000000e+00,2.613486480427556491e-01,-5.840858586374813033e-01,3.072250947394198906e-01,-4.514126700927363345e-01,0.000000000000000000e+00,0.000000000000000000e+00,0.000000000000000000e+00
8.563812126073837294e-02,-5.735555030809906807e-01,9.183769580284139034e-01,-2.633916117015043523e-02,4.905064981159839438e-02,7.609060211300107124e-01,6.464691093548162737e-01,-3.520035627120802202e-01,1.329381821187417823e-01,2.774545377219119202e-01,3.812609576322615879e-01,-1.444769495650978508e-01,1.393555518234324865e-02,-2.008664943648049983e-01,-3.168011139717911984e-02,-1.432135754669857375e-01,2.394708138614337067e-01,-1.734446595466851149e-01,3.192334581098504875e-02,-6.646084525061432720e-03,0.000000000000000000e+00,0.000000000000000000e+00,1.496463028336034173e-01,2.572170835102046693e-01,-2.307696026833412073e-01,-4.243652863528537544e-01,0.000000000000000000e+00,0.000000000000000000e+00,0.000000000000000000e+00,2.594855859495619477e-01,-5.874340195363942918e-01,3.040289431812265297e-01,-4.493688132020259296e-01,0.000000000000000000e+00,0.000000000000000000e+00,0.000000000000000000e+00
8.438448340310729379e-02,-5.819355417443624612e-01,9.181353843477150223e-01,-2.544521739035471297e-02,4.813548833719361736e-02,7.650360624185373881e-01,6.416816491638499542e-01,-3.330468755057546804e-01,1.360140250666897754e-01,2.719821610502293208e-01,3.982284422072995822e-01,-1.542965783203566199e-01,1.876564200512529507e-02,-2.096661033465329893e-01,-3.901877918827011127e-02,-1.536127744348704249e-01,2.462680211188063573e-01,-1.772150715618917571e-01,3.142046891376082396e-02,-9.435773390642682862e-03,0.000000000000000000e+00,0.000000000000000000e+00,1.436898851388912490e-01,2.592484547142026585e-01,-2.351468552825832503e-01,-4.254870957485880623e-01,0.000000000000000000e+00,0.000000000000000000e+00,0.000000000000000000e+00,2.551625922198726415e-01,-5.964023955438069180e-01,3.041605099082372865e-01,-4.496421675344425273e-01,0.000000000000000000e+00,0.000000000000000000e+00,0.000000000000000000e+00
8.316256331036828153e-02,-5.902186719775472934e-01,9.185920644116596367e-01,-2.536728974164608255e-02,4.828589943553568409e-02,7.694932197969466259e-01,6.363215831742576878e-01,-3.115043152396231307e-01,1.389509895213962010e-01,2.661619724231170103e-01,4.030374394980645314e-01,-1.535486965867650655e-01,1.733728776545525804e-02,-2.156525343499314795e-01,-4.588630381112195761e-02,-1.625520102589206872e-01,2.404593699620220515e-01,-1.700863200044255008e-01,2.872442416221491351e-02,-1.338279421875085418e-02,0.000000000000000000e+00,0.000000000000000000e+00,1.466867923814605679e-01,2.541535472660905182e-01,-2.380749133064449519e-01,-4.282761048422016326e-01,0.000000000000000000e+00,0.000000000000000000e+00,0.000000000000000000e+00,2.547765885986760792e-01,-5.951813905077182332e-01,3.041357804685030919e-01,-4.487559504620353690e-01,0.000000000000000000e+00,0.000000000000000000e+00,0.000000000000000000e+00
8.192923425717225927e-02,-5.987010470600018230e-01,9.187244217795196288e-01,-2.355895553400042669e-02,4.784924501981367706e-02,7.742767656532200116e-01,6.305956830923994394e-01,-2.907731234273912557e-01,1.444133889274638038e-01,2.626443361106346464e-01,4.139685880900647041e-01,-1.562562117658352068e-01,1.725832613046403632e-02,-2.230403090333151206e-01,-5.662734163382400487e-02,-1.746089076870041001e-01,2.461746069213344434e-01,-1.679792087254477762e-01,2.651220081359471209e-02,-1.967693095977088996e-02,0.000000000000000000e+00,0.000000000000000000e+00,1.535865783739853996e-01,2.557924490270503393e-01,-2.387720788834304941e-01,-4.324736849531111704e-01,0.000000000000000000e+00,0.000000000000000000e+00,0.000000000000000000e+00,2.516122986427620223e-01,-6.014151049852445308e-01,3.051799450764699495e-01,-4.450984774911003750e-01,0.000000000000000000e+00,0.000000000000000000e+00,0.000000000000000000e+00
8.042832862263574190e-02,-6.071739129867214091e-01,9.186107717426640340e-01,-2.412039221600788264e-02,4.703758522284115506e-02,7.790941287664467918e-01,6.246743237699160511e-01,-2.730219881399500448e-01,1.493827017759927767e-01,2.529369331910890084e-01,4.337107679436352781e-01,-1.503439926952977179e-01,2.053741152883393345e-02,-2.318845531733851884e-01,-6.233030693741355155e-02,-1.833641672104227571e-01,2.476082402386492465e-01,-1.639403366201244994e-01,2.426395169593038859e-02,-2.502031202131307919e-02,0.000000000000000000e+00,0.000000000000000000e+00,1.659645786124505640e-01,2.627203039487240321e-01,-2.380267244441053864e-01,-4.383243979023379588e-01,0.000000000000000000e+00,0.000000000000000000e+00,0.000000000000000000e+00,2.509043792397178674e-01,-6.133418256566506299e-01,3.034724105969188179e-01,-4.413135717631037069e-01,0.000000000000000000e+00,0.000000000000000000e+00,0.000000000000000000e+00
7.883119457168868971e-02,-6.156964052633264739e-01,9.184475546708772420e-01,-2.462569774730332534e-02,4.616158938912821863e-02,7.834510993739105533e-01,6.192471700099564380e-01,-2.464314914543791479e-01,1.533226758872872630e-01,2.501189968033434297e-01,4.384021539005812929e-01,-1.465276148221286989e-01,1.812654474067476942e-02,-2.383160853865494144e-01,-6.864909757205961416e-02,-1.937095678614772776e-01,2.442958030956430271e-01,-1.579273826303452533e-01,2.738811701444692631e-02,-3.318315466906698874e-02,0.000000000000000000e+00,0.000000000000000000e+00,1.835216157031510920e-01,2.677836668613920446e-01,-2.332234104838042665e-01,-4.483996520890490278e-01,0.000000000000000000e+00,0.000000000000000000e+00,0.000000000000000000e+00,2.498592794115404303e-01,-6.161545674680627416e-01,3.041083474324191016e-01,-4.389688970799633383e-01,0.000000000000000000e+00,0.000000000000000000e+00,0.000000000000000000e+00
7.722895251294124852e-02,-6.241198374505345647e-01,9.187795712804639470e-01,-2.549017035715311214e-02,4.547600338751998927e-02,7.893789506259472066e-01,6.116886925877744741e-01,-2.191547450708732914e-01,1.612246340532409727e-01,2.526158885707774360e-01,4.377511049460056092e-01,-1.316634842551252793e-01,9.553416222259055249e-03,-2.412772005662118247e-01,-7.576788952067718685e-02,-2.081073013208024070e-01,2.338052423112585709e-01,-1.450712253200404367e-01,2.888904756400091992e-02,-4.164952446561758642e-02,0.000000000000000000e+00,0.000000000000000000e+00,1.976607943727390904e-01,2.708838468778840269e-01,-2.334698130871280253e-01,-4.543361499551559213e-01,0.000000000000000000e+00,0.000000000000000000e+00,0.000000000000000000e+00,2.526912405549746610e-01,-6.187231417526896093e-01,3.060909007907675061e-01,-4.386461737830503749e-01,0.000000000000000000e+00,0.000000000000000000e+00,0.000000000000000000e+00
7.561936446160905101e-02,-6.325715282845710830e-01,9.186223433903252245e-01,-2.520852808308917878e-02,4.409389028617415746e-02,7.940996776646721544e-01,6.056615894079626639e-01,-1.924393001562136329e-01,1.667814057487618795e-01,2.488737541130587594e-01,4.424394062765754643e-01,-1.159361251901664669e-01,5.080719221424719739e-03,-2.459423674883791100e-01,-8.406877832059679589e-02,-2.220637404487541544e-01,2.325737358382459208e-01,-1.368145305800815004e-01,3.001879658520031566e-02,-4.895645063016242082e-02,0.000000000000000000e+00,0.000000000000000000e+00,2.129006191336538234e-01,2.804206352535300595e-01,-2.293820370716306012e-01,-4.605439686157934420e-01,0.000000000000000000e+00,0.000000000000000000e+00,0.000000000000000000e+00,2.534714459200674286e-01,-6.231282656752132887e-01,3.063758417936600642e-01,-4.383379877406081149e-01,0.000000000000000000e+00,0.000000000000000000e+00,0.000000000000000000e+00
7.394135331220269558e-02,-6.408004741693666961e-01,9.180882295157851702e-01,-2.548608823991967490e-02,4.221116987748615990e-02,7.983864101494202448e-01,6.001231678018468241e-01,-1.666263926306810750e-01,1.751267297073067220e-01,2.487630953413083323e-01,4.454778896232983731e-01,-9.802134402966333759e-02,-5.033266505714492633e-05,-2.507983190812094199e-01,-9.081326653340121569e-02,-2.366533805876980534e-01,2.322852454650276288e-01,-1.307234168939002406e-01,3.092376348137728520e-02,-5.686449740976264738e-02,0.000000000000000000e+00,0.000000000000000000e+00,2.280455449302180582e-01,2.890078257400274797e-01,-2.263794339552437918e-01,-4.654206839282461483e-01,0.000000000000000000e+00,0.000000000000000000e+00,0.000000000000000000e+00,2.536103840104188545e-01,-6.285540051565352559e-01,3.076174466776107619e-01,-4.382598603766291734e-01,0.000000000000000000e+00,0.000000000000000000e+00,0.000000000000000000e+00
7.229446975683831433e-02,-6.487705415062521297e-01,9.175016002358868938e-01,-2.612461640504100749e-02,4.036184478732011277e-02,8.020803726876920559e-01,5.952776676914964815e-01,-1.415090769434249607e-01,1.810497879087391848e-01,2.438394928274190965e-01,4.455051294138621665e-01,-7.861417343616945719e-02,-3.922664564140504462e-03,-2.562609046031698590e-01,-9.547025679943871301e-02,-2.461691673972181693e-01,2.313921813845488673e-01,-1.245139470048416130e-01,3.020517357697205182e-02,-6.342786970444730388e-02,0.000000000000000000e+00,0.000000000000000000e+00,2.464581261295711312e-01,2.990241674987086928e-01,-2.197051823189863640e-01,-4.699848737395097564e-01,0.000000000000000000e+00,0.000000000000000000e+00,0.000000000000000000e+00,2.537394187488528075e-01,-6.298312363096436606e-01,3.076232222866696620e-01,-4.392196515483377528e-01,0.000000000000000000e+00,0.000000000000000000e+00,0.000000000000000000e+00
7.068853628342817996e-02,-6.563834116212996506e-01,9.167880717848142513e-01,-2.668536248207339229e-02,3.942915486677732451e-02,8.051059372955680082e-01,5.912171030231774260e-01,-1.204481885132273472e-01,1.872287872101704720e-01,2.373587341345835544e-01,4.445830425535519659e-01,-6.445849087680227685e-02,-8.025110782669132858e-03,-2.637732684359860857e-01,-1.028286895834670533e-01,-2.585428732775572058e-01,2.340110476052346677e-01,-1.206368433045344329e-01,2.974608560431615464e-02,-6.866194522080361351e-02,0.000000000000000000e+00,0.000000000000000000e+00,2.629280817081194321e-01,3.080042287184906469e-01,-2.127210211220963987e-01,-4.738695011860730721e-01,0.000000000000000000e+00,0.000000000000000000e+00,0.000000000000000000e+00,2.521145134514687913e-01,-6.349845940021410229e-01,3.105581491183956322e-01,-4.443456953275807253e-01,0.000000000000000000e+00,0.000000000000000000e+00,0.000000000000000000e+00
6.897702595130944525e-02,-6.635301562009079390e-01,9.163456570191967909e-01,-2.787166711551762599e-02,3.782538880498272083e-02,8.101918364391288430e-01,5.842786991679119746e-01,-9.631628200530510664e-02,1.930875518798674806e-01,2.351364246944990244e-01,4.375000729713000025e-01,-4.982522993938278549e-02,-1.627009494187079547e-02,-2.665660670718681957e-01,-1.081173165045262452e-01,-2.701693096320846310e-01,2.284896956605398100e-01,-1.102180797168561266e-01,3.143800081820549708e-02,-7.675046079373756824e-02,0.000000000000000000e+00,0.000000000000000000e+00,2.740372978800681980e-01,3.166901586769784727e-01,-2.088840699107673560e-01,-4.748539315347035106e-01,0.000000000000000000e+00,0.000000000000000000e+00,0.000000000000000000e+00,2.538750712525838504e-01,-6.370804609328475365e-01,3.086660207270827128e-01,-4.420972234204215701e-01,0.000000000000000000e+00,0.000000000000000000e+00,0.000000000000000000e+00
6.736585717875981372e-02,-6.702332445744841882e-01,9.161773590831638892e-01,-2.874142273378423387e-02,3.751778723226304596e-02,8.142159541602026485e-01,5.786352272817695264e-01,-7.701016487275919031e-02,1.984810566282707023e-01,2.332142461355488083e-01,4.249063009788660583e-01,-3.595203339354038907e-02,-2.336208870495530554e-02,-2.701831086807817695e-01,-1.158327292754348925e-01,-2.827506550006624320e-01,2.234420620845436467e-01,-1.012004032657126129e-01,3.248565213815580999e-02,-8.235787107119843520e-02,0.000000000000000000e+00,0.000000000000000000e+00,2.859294029135387993e-01,3.252313582074910503e-01,-2.058926915894967735e-01,-4.748956515121480204e-01,0.000000000000000000e+00,0.000000000000000000e+00,0.000000000000000000e+00,2.552201271043206821e-01,-6.411423331711900708e-01,3.121686708755032069e-01,-4.443352887618725600e-01,0.000000000000000000e+00,0.000000000000000000e+00,0.000000000000000000e+00
6.567805925489797469e-02,-6.767338274262978404e-01,9.150500829697160166e-01,-2.946028182838628801e-02,3.593551319916099551e-02,8.171947073602420231e-01,5.744854575601677782e-01,-5.742346032006218765e-02,2.008442213462727777e-01,2.245976281933457774e-01,4.142332423589424883e-01,-2.073819986930681980e-02,-2.911818867996889687e-02,-2.791319419810880942e-01,-1.222999610558799244e-01,-2.910872623155967287e-01,2.328723934383035432e-01,-9.807671388837649329e-02,3.436155073574173602e-02,-8.872486598647758016e-02,0.000000000000000000e+00,0.000000000000000000e+00,2.933948654966055947e-01,3.328526005897791684e-01,-2.048854061881662803e-01,-4.758146024289085507e-01,0.000000000000000000e+00,0.000000000000000000e+00,0.000000000000000000e+00,2.544136542933739809e-01,-6.431771143665558910e-01,3.168168096766306174e-01,-4.424725216285819718e-01,0.000000000000000000e+00,0.000000000000000000e+00,0.000000000000000000e+00
6.393990102767321826e-02,-6.829849503212191975e-01,9.143322857742128829e-01,-3.018073396724264140e-02,3.471461956332495130e-02,8.211383203185388391e-01,5.688724614447622230e-01,-4.332461350462206429e-02,2.060766463797904513e-01,2.219770944308598337e-01,4.102286586553292036e-01,-9.617759131766358272e-03,-3.436521732053243045e-02,-2.846137921609480093e-01,-1.295845789657744662e-01,-3.019298409040136466e-01,2.367153338635837878e-01,-9.466781057303738645e-02,3.258038209631029108e-02,-9.319494855937060507e-02,0.000000000000000000e+00,0.000000000000000000e+00,2.985323266270664133e-01,3.386464143506312530e-01,-2.020536284181281284e-01,-4.758301496942985986e-01,0.000000000000000000e+00,0.000000000000000000e+00,0.000000000000000000e+00,2.554001056998247976e-01,-6.478918221595389992e-01,3.127514754135983233e-01,-4.451417432089643800e-01,0.000000000000000000e+00,0.000000000000000000e+00,0.000000000000000000e+00
6.201198973730412400e-02,-6.889848139738163901e-01,9.136661665716767633e-01,-3.161621512149995206e-02,3.313612649798314269e-02,8.234265888969569680e-01,5.655714497387789308e-01,-3.007379958167616732e-02,2.076826365730289892e-01,2.156910953839099587e-01,4.006652355744985128e-01,4.459995750754621249e-03,-3.887882640700394965e-02,-2.880147426135323818e-01,-1.326737950494050744e-01,-3.098871952155747844e-01,2.333921623001430912e-01,-8.792066243079899035e-02,3.580983389765561575e-02,-9.322717440286379387e-02,0.000000000000000000e+00,0.000000000000000000e+00,3.054981593777407189e-01,3.479115179512384248e-01,-2.020267286814492191e-01,-4.755768823811294954e-01,0.000000000000000000e+00,0.000000000000000000e+00,0.000000000000000000e+00,2.549123912144298787e-01,-6.537461752033597584e-01,3.166176204766006919e-01,-4.459439806508849191e-01,0.000000000000000000e+00,0.000000000000000000e+00,0.000000000000000000e+00
6.018930083637613615e-02,-6.951474262826796702e-01,9.127647540260155345e-01,-3.166647181228801622e-02,3.217788007922969817e-02,8.264545290414239131e-01,5.611904578870603455e-01,-1.843133830665217784e-02,2.093453678456085876e-01,2.122070618337378867e-01,3.906839793577960851e-01,7.363502540048812162e-03,-4.378788311810320050e-02,-2.945807988028231739e-01,-1.421072575169135821e-01,-3.200326169425083411e-01,2.408905624143551361e-01,-8.455126513378261044e-02,3.854910034373761063e-02,-9.656826067541887659e-02,0.000000000000000000e+00,0.000000000000000000e+00,3.082403687615131171e-01,3.505879332054291364e-01,-2.010057780712997400e-01,-4.758149706971533943e-01,0.000000000000000000e+00,0.000000000000000000e+00,0.000000000000000000e+00,2.544192944626503805e-01,-6.504933285798032427e-01,3.176103919630910988e-01,-4.445951722218538515e-01,0.000000000000000000e+00,0.000000000000000000e+00,0.000000000000000000e+00
5.824544454109159553e-02,-7.011879364690826177e-01,9.124902034629633896e-01,-3.149837471952670470e-02,3.091352157624584901e-02,8.288899814002873567e-01,5.576680063514639629e-01,-4.919977829815103641e-03,2.072564779579391947e-01,2.095275915569737024e-01,3.723364259373380114e-01,9.046130433362074841e-03,-4.850404536808486378e-02,-2.933295283275200727e-01,-1.474228794774229689e-01,-3.276046666894961157e-01,2.328532048426280032e-01,-7.634434617192484285e-02,4.037469533826724272e-02,-9.888061069408851655e-02,0.000000000000000000e+00,0.000000000000000000e+00,3.149697716620310506e-01,3.530729720084914147e-01,-2.013241047410945783e-01,-4.790260734696009104e-01,0.000000000000000000e+00,0.000000000000000000e+00,0.000000000000000000e+00,2.548730084676386620e-01,-6.526728953210775286e-01,3.204006344862310174e-01,-4.439579283476969840e-01,0.000000000000000000e+00,0.000000000000000000e+00,0.000000000000000000e+00
5.615823914078485468e-02,-7.075572474592591865e-01,9.116563771397591109e-01,-3.113540395626383794e-02,2.913305177428101786e-02,8.306549782690214601e-01,5.551523745708835111e-01,4.289237368228603423e-03,2.049065794890778669e-01,2.023225302495177957e-01,3.564428135496356953e-01,8.040590761941497980e-03,-5.208469044077369825e-02,-2.958557131409531582e-01,-1.537355715483053609e-01,-3.350548711412001390e-01,2.337173567515108963e-01,-6.902346521703112137e-02,4.423077970257027758e-02,-9.966766699657599038e-02,0.000000000000000000e+00,0.000000000000000000e+00,3.199670768635272111e-01,3.538890032073459535e-01,-2.023944069470154927e-01,-4.777602399039170278e-01,0.000000000000000000e+00,0.000000000000000000e+00,0.000000000000000000e+00,2.542503024909746334e-01,-6.537247865410616976e-01,3.236638311171007309e-01,-4.460362335760161279e-01,0.000000000000000000e+00,0.000000000000000000e+00,0.000000000000000000e+00
5.406335909279175178e-02,-7.138974759179685936e-01,9.109606457253043299e-01,-3.096663399596748592e-02,2.848232680041945172e-02,8.321567224403477736e-01,5.529421433896438698e-01,1.205726483751441702e-02,1.999782021665124088e-01,2.034448665008218582e-01,3.400443957380318016e-01,-5.116121969180303236e-04,-5.464140186980859237e-02,-2.984312520890949894e-01,-1.609890969029402485e-01,-3.415938691328231358e-01,2.306814336854549063e-01,-6.339370075771003088e-02,4.884726131010727612e-02,-1.015353949730307959e-01,0.000000000000000000e+00,0.000000000000000000e+00,3.240579841561863073e-01,3.550802779864134506e-01,-2.037329331679914868e-01,-4.784193897667117223e-01,0.000000000000000000e+00,0.000000000000000000e+00,0.000000000000000000e+00,2.544703481402881273e-01,-6.563349058476534159e-01,3.267913719549461748e-01,-4.470668650424243773e-01,0.000000000000000000e+00,0.000000000000000000e+00,0.000000000000000000e+00
5.187228953648893859e-02,-7.204765891790523291e-01,9.100008246593048744e-01,-3.043704250605908795e-02,2.715561109401146145e-02,8.328598790118344475e-01,5.519787868768049055e-01,2.160468925796564174e-02,1.945274593414331177e-01,2.013023804665477479e-01,3.249912102024221094e-01,-6.438614898371658804e-03,-5.675530523826379653e-02,-3.034018381106750040e-01,-1.673193692664228793e-01,-3.446372193422705399e-01,2.330272485074192934e-01,-5.437610139635577072e-02,5.152691222218060141e-02,-1.047046528431627155e-01,0.000000000000000000e+00,0.000000000000000000e+00,3.295256208203870552e-01,3.567345006623481307e-01,-2.007557997914192760e-01,-4.816729441484426388e-01,0.000000000000000000e+00,0.000000000000000000e+00,0.000000000000000000e+00,2.518550137102506525e-01,-6.588320133770785292e-01,3.303899043007487157e-01,-4.456986652817048200e-01,0.000000000000000000e+00,0.000000000000000000e+00,0.000000000000000000e+00
4.966637863177823103e-02,-7.270946491456274918e-01,9.092608452328565516e-01,-3.000583476840333608e-02,2.623042781782775404e-02,8.349585387234433886e-01,5.488677920493773010e-01,2.707355433949218057e-02,1.883817767821272804e-01,1.971236808017327591e-01,3.113483797262782127e-01,-1.694269025084361655e-02,-5.769687340979570006e-02,-3.063035228426061463e-01,-1.751323862289868305e-01,-3.495478950563872811e-01,2.317817304098469811e-01,-4.569772674705678550e-02,5.321464997746262748e-02,-1.065938282108071095e-01,0.000000000000000000e+00,0.000000000000000000e+00,3.329856301317614120e-01,3.591033602192987839e-01,-2.007525167818682843e-01,-4.846529914015954010e-01,0.000000000000000000e+00,0.000000000000000000e+00,0.000000000000000000e+00,2.521799186186305386e-01,-6.686117454200992682e-01,3.338455065018335888e-01,-4.462719620316237257e-01,0.000000000000000000e+00,0.000000000000000000e+00,0.000000000000000000e+00
4.738331791569089929e-02,-7.338279039611254051e-01,9.086472162931424901e-01,-2.961995651023991566e-02,2.595277236544760863e-02,8.360666518760002663e-01,5.472126327157798009e-01,3.325122480935398944e-02,1.801946671030261460e-01,1.934751253117641401e-01,2.923254986022996715e-01,-3.502704491964075961e-02,-5.777094475155467729e-02,-3.099596155926636620e-01,-1.822130968993207756e-01,-3.502848396088591998e-01,2.282102470953700502e-01,-3.719099915849233273e-02,5.754506760843213636e-02,-1.117437575587984372e-01,0.000000000000000000e+00,0.000000000000000000e+00,3.368137430776605434e-01,3.576501553012081391e-01,-1.967835895810962632e-01,-4.856446870319836573e-01,0.000000000000000000e+00,0.000000000000000000e+00,0.000000000000000000e+00,2.511565393664778600e-01,-6.729115585321230331e-01,3.352907233252608865e-01,-4.498163871462653174e-01,0.000000000000000000e+00,0.000000000000000000e+00,0.000000000000000000e+00
4.517509975805888284e-02,-7.405370186919395525e-01,9.081889144132285763e-01,-2.982714488232508440e-02,2.702982131192323279e-02,8.380976326352570505e-01,5.440331684366253029e-01,3.431854575011442088e-02,1.709587481865166292e-01,1.883484241329440589e-01,2.817710591265975006e-01,-5.313790024816626018e-02,-6.038221547820133567e-02,-3.153601481954433350e-01,-1.931400425314581115e-01,-3.553092220990992645e-01,2.247213324002095003e-01,-2.698042903278798782e-02,6.349360092140858558e-02,-1.146075187321080602e-01,0.000000000000000000e+00,0.000000000000000000e+00,3.399126594612462138e-01,3.569062893597984565e-01,-1.986057935945882702e-01,-4.851824903518622278e-01,0.000000000000000000e+00,0.000000000000000000e+00,0.000000000000000000e+00,2.506893083899895958e-01,-6.797324344727461165e-01,3.381740320095709129e-01,-4.485768664590059074e-01,0.000000000000000000e+00,0.000000000000000000e+00,0.000000000000000000e+00
4.293185521923878478e-02,-7.475574152348175572e-01,9.075535455607732782e-01,-2.939620325037073725e-02,2.781511904275194708e-02,8.397615880406885669e-01,5.414449719394230920e-01,3.457703296495807932e-02,1.630336716598878022e-01,1.873356406285632825e-01,2.729848872854749309e-01,-7.209946079859073931e-02,-6.062405005974434713e-02,-3.206687515499767049e-01,-2.041542706444808841e-01,-3.588211270952483267e-01,2.226980624133390874e-01,-1.708863896490055156e-02,6.868489499002669585e-02,-1.199423659520222063e-01,0.000000000000000000e+00,0.000000000000000000e+00,3.461373071271990343e-01,3.560491775893892541e-01,-1.990745126819281063e-01,-4.839652909706925743e-01,0.000000000000000000e+00,0.000000000000000000e+00,0.000000000000000000e+00,2.527056783437915954e-01,-6.837499874064103533e-01,3.361183198788546544e-01,-4.499408375009573691e-01,0.000000000000000000e+00,0.000000000000000000e+00,0.000000000000000000e+00
4.060069702559690463e-02,-7.546879814380520468e-01,9.070862455364235855e-01,-2.845357746227422310e-02,2.883149239969160990e-02,8.407150404550113310e-01,5.399605168235314112e-01,3.075342336969467960e-02,1.497139339835708016e-01,1.751539695887180392e-01,2.778188834393323647e-01,-1.010404474885505666e-01,-5.296256704547378652e-02,-3.256004886140613230e-01,-2.135930523898446065e-01,-3.548305290460913586e-01,2.175064855043224998e-01,-4.136867781128374458e-03,7.201413801374920154e-02,-1.204183663294235707e-01,0.000000000000000000e+00,0.000000000000000000e+00,3.497691033559083840e-01,3.528342549118047011e-01,-2.024665956029454705e-01,-4.827110217777128565e-01,0.000000000000000000e+00,0.000000000000000000e+00,0.000000000000000000e+00,2.532782887497884716e-01,-6.913339568353061848e-01,3.402898542851880981e-01,-4.523416575237942938e-01,0.000000000000000000e+00,0.000000000000000000e+00,0.000000000000000000e+00
3.842217936388044042e-02,-7.623787066474185803e-01,9.059741133302087190e-01,-2.773783240612988713e-02,2.978928580743811852e-02,8.420667025241962422e-01,5.378353647767325496e-01,2.481512790274156485e-02,1.414892462061396738e-01,1.738968346747283289e-01,2.781277485936654026e-01,-1.278301302413577811e-01,-4.910769352049749320e-02,-3.357975894110500903e-01,-2.243713113970666195e-01,-3.497416986195830968e-01,2.232631074022726481e-01,-1.968519490366270330e-03,7.025628147536393253e-02,-1.218974441583450530e-01,0.000000000000000000e+00,0.000000000000000000e+00,3.534322175997417492e-01,3.499250273239434272e-01,-2.066289246670266477e-01,-4.860823551945029908e-01,0.000000000000000000e+00,0.000000000000000000e+00,0.000000000000000000e+00,2.540249329898737751e-01,-6.998071200362818711e-01,3.465171891066869958e-01,-4.538044445650222802e-01,0.000000000000000000e+00,0.000000000000000000e+00,0.000000000000000000e+00
3.602839933939386979e-02,-7.702232750697513008e-01,9.053268559483756972e-01,-2.662043669586754840e-02,3.109818269351548661e-02,8.431546287245444971e-01,5.361105552436542521e-01,1.767255080042788584e-02,1.310610719802498547e-01,1.740532380526207956e-01,2.832706390505140837e-01,-1.553415040445069728e-01,-4.438521597926350926e-02,-3.421343995664086202e-01,-2.368012721321206271e-01,-3.495569321673868135e-01,2.211126487354044823e-01,9.282019361967153159e-03,7.589937373773919527e-02,-1.212635369121065204e-01,0.000000000000000000e+00,0.000000000000000000e+00,3.560769391559817643e-01,3.449520158308050366e-01,-2.099293572520708473e-01,-4.872020319350811035e-01,0.000000000000000000e+00,0.000000000000000000e+00,0.000000000000000000e+00,2.546217991020785498e-01,-7.103579690391841339e-01,3.492715592716092443e-01,-4.471632821670071811e-01,0.000000000000000000e+00,0.000000000000000000e+00,0.000000000000000000e+00
3.332990330230350268e-02,-7.785033317661484986e-01,9.042803726696230227e-01,-2.480812645256719878e-02,3.172191828545834619e-02,8.440946825224743266e-01,5.346797580790663140e-01,8.989764478607069689e-03,1.211203726811190262e-01,1.775113618968126861e-01,2.977253205127344815e-01,-1.904804688732298357e-01,-3.322877429453558601e-02,-3.461985065652836147e-01,-2.504747666995948974e-01,-3.529708191474724699e-01,2.179266027002168538e-01,2.328420275008159096e-02,8.730034995165705802e-02,-1.205189110727525187e-01,0.000000000000000000e+00,0.000000000000000000e+00,3.569840097959704472e-01,3.401771788304470689e-01,-2.136314817258693211e-01,-4.889753483922265054e-01,0.000000000000000000e+00,0.000000000000000000e+00,0.000000000000000000e+00,2.576887430648198696e-01,-7.268608364505819708e-01,3.551516578023838355e-01,-4.431402776370497176e-01,0.000000000000000000e+00,0.000000000000000000e+00,0.000000000000000000e+00
3.060987446952441460e-02,-7.869525017349517926e-01,9.037299644636394014e-01,-2.324164817028874161e-02,3.232042673416930800e-02,8.453893713652973485e-01,5.326650228695689604e-01,-1.291948349470561225e-03,1.102512315506007923e-01,1.753644873943920601e-01,3.101802908802535064e-01,-2.151044408603243197e-01,-2.457992017316929650e-02,-3.471019814116447222e-01,-2.606063131564065327e-01,-3.503500880148237018e-01,2.054323680072933089e-01,4.200421817615754283e-02,9.391564995198838084e-02,-1.217830087218697288e-01,0.000000000000000000e+00,0.000000000000000000e+00,3.595047574263708356e-01,3.363502218083990192e-01,-2.146725419488500486e-01,-4.892840612036799541e-01,0.000000000000000000e+00,0.000000000000000000e+00,0.000000000000000000e+00,2.614668174866727202e-01,-7.338940869072642093e-01,3.527861064550596448e-01,-4.422522971844849438e-01,0.000000000000000000e+00,0.000000000000000000e+00,0.000000000000000000e+00
2.777311122861709711e-02,-7.958822814926403977e-01,9.026733188131670360e-01,-2.122385058907512445e-02,3.206823747323707396e-02,8.470092763179369877e-01,5.301853092484726249e-01,-1.266084874222776074e-02,1.013421798372780569e-01,1.763955583205842059e-01,3.288907702592009374e-01,-2.462656692386812340e-01,-1.221566238557453103e-02,-3.493143606760544251e-01,-2.728226092807068404e-01,-3.520022739239379583e-01,2.014292697731892012e-01,5.592973164236429012e-02,9.851434818810858585e-02,-1.219688801054451960e-01,0.000000000000000000e+00,0.000000000000000000e+00,3.607492704210009671e-01,3.318898710998766655e-01,-2.191629556300352666e-01,-4.883105612650978644e-01,0.000000000000000000e+00,0.000000000000000000e+00,0.000000000000000000e+00,2.656028266812413552e-01,-7.464665515642415761e-01,3.498054903915392422e-01,-4.455906659556444493e-01,0.000000000000000000e+00,0.000000000000000000e+00,0.000000000000000000e+00
2.477429480180785501e-02,-8.048278923350123959e-01,9.016029110426068138e-01,-1.936101131631704636e-02,3.193478241781480542e-02,8.485291582332650240e-01,5.278291281661939838e-01,-2.416847371147629736e-02,9.256864783265728036e-02,1.773801121650094015e-01,3.454958015163281937e-01,-2.726986619028104464e-01,-6.962803113057827037e-03,-3.498845625189527242e-01,-2.844124774052091409e-01,-3.526663201496884614e-01,1.922199900411149520e-01,7.369296755352974793e-02,1.094570556656269122e-01,-1.231078088722472458e-01,0.000000000000000000e+00,0.000000000000000000e+00,3.599400015383248386e-01,3.245639546569670797e-01,-2.226796808831547347e-01,-4.859729275975459561e-01,0.000000000000000000e+00,0.000000000000000000e+00,0.000000000000000000e+00,2.712016676655363279e-01,-7.568452794998112854e-01,3.464650080744264282e-01,-4.415257204101816768e-01,0.000000000000000000e+00,0.000000000000000000e+00,0.000000000000000000e+00
2.180778852773879867e-02,-8.137894011708634023e-01,9.005530515797561808e-01,-1.661464025055223170e-02,3.197824731881802884e-02,8.497996923927202406e-01,5.258724448352479763e-01,-3.319052010406060849e-02,8.350203629178436227e-02,1.833430105765502249e-01,3.601706086328285150e-01,-2.957084768181555412e-01,-1.574657022882951533e-03,-3.497855071775385349e-01,-2.975630309917199900e-01,-3.549775078039162923e-01,1.841095054063876524e-01,9.211807588624576493e-02,1.160391424611088990e-01,-1.224370416620558649e-01,0.000000000000000000e+00,0.000000000000000000e+00,3.588609863689746216e-01,3.210398705104979822e-01,-2.280137600667699049e-01,-4.847174336561519969e-01,0.000000000000000000e+00,0.000000000000000000e+00,0.000000000000000000e+00,2.734601771546213977e-01,-7.691759794605639300e-01,3.482673785957295376e-01,-4.409706320361396203e-01,0.000000000000000000e+00,0.000000000000000000e+00,0.000000000000000000e+00
1.872960328848506661e-02,-8.226099462460502165e-01,8.998962197821417375e-01,-1.436960058383544847e-02,3.112602259579880584e-02,8.510075967578500933e-01,5.240331626499004081e-01,-4.456878487214987333e-02,7.569814260587612309e-02,1.859498388014465264e-01,3.783693349145682561e-01,-3.109962238075932861e-01,1.102275358767543581e-02,-3.480055587057322430e-01,-3.063278771911082665e-01,-3.523432626458002925e-01,1.735928215659580387e-01,1.121711094842784279e-01,1.256257230166251126e-01,-1.214845016639666819e-01,0.000000000000000000e+00,0.000000000000000000e+00,3.575991361802212110e-01,3.165603689571865886e-01,-2.327544896326273483e-01,-4.813292530749054832e-01,0.000000000000000000e+00,0.000000000000000000e+00,0.000000000000000000e+00,2.779970115895046279e-01,-7.769343421734903332e-01,3.465441093437289788e-01,-4.380835499413658907e-01,0.000000000000000000e+00,0.000000000000000000e+00,0.000000000000000000e+00
1.557223733353048714e-02,-8.309702283896213126e-01,8.990746927542074829e-01,-1.190884568155578353e-02,3.081895650867066960e-02,8.527310086489224839e-01,5.213043239824916020e-01,-4.962312658403653098e-02,6.908432982457474170e-02,1.981849062380222626e-01,3.869733407888237275e-01,-3.315574945785383365e-01,1.484213699314786659e-02,-3.430418818684068394e-01,-3.205412070075987496e-01,-3.640190486364657807e-01,1.598547638506004898e-01,1.410360840195864218e-01,1.465003864763477215e-01,-1.227509641234449389e-01,0.000000000000000000e+00,0.000000000000000000e+00,3.567684263500434105e-01,3.089629987508090148e-01,-2.371571391375661142e-01,-4.788777705660176576e-01,0.000000000000000000e+00,0.000000000000000000e+00,0.000000000000000000e+00,2.853268276371311862e-01,-7.816639650009802320e-01,3.406765192756181504e-01,-4.307843308193445298e-01,0.000000000000000000e+00,0.000000000000000000e+00,0.000000000000000000e+00
1.264851226021753566e-02,-8.389105666902886282e-01,8.986139107405788362e-01,-1.003686896199491863e-02,3.122147213783642988e-02,8.543473049000794850e-01,5.186667172172878537e-01,-5.695862747781179486e-02,5.953803326310129485e-02,2.025039451701814985e-01,3.943014931904488263e-01,-3.441527992879371278e-01,2.059041728732607240e-02,-3.400957782155884512e-01,-3.317036776029612111e-01,-3.664668749893040256e-01,1.456559366616871909e-01,1.648165441446234614e-01,1.582416024035637470e-01,-1.219689716709488891e-01,0.000000000000000000e+00,0.000000000000000000e+00,3.539545193220480779e-01,3.064178088941772460e-01,-2.425758320653892963e-01,-4.752192685236614755e-01,0.000000000000000000e+00,0.000000000000000000e+00,0.000000000000000000e+00,2.920103356195606903e-01,-7.928034744347587370e-01,3.413309931963824373e-01,-4.314023770975985994e-01,0.000000000000000000e+00,0.000000000000000000e+00,0.000000000000000000e+00
9.857441662932288698e-03,-8.464362870376140879e-01,8.981534638354367051e-01,-7.452624422139567800e-03,3.091546088638455134e-02,8.555161042260243098e-01,5.167986920236277149e-01,-6.031588828664567747e-02,5.103830635471689331e-02,2.083596616098523646e-01,3.991672549985303409e-01,-3.546906677813694286e-01,2.607693788966517975e-02,-3.386136248456875220e-01,-3.418540186336613829e-01,-3.635123155244916471e-01,1.376197321626268233e-01,1.900665932780559175e-01,1.704216969285684835e-01,-1.255932659498683046e-01,0.000000000000000000e+00,0.000000000000000000e+00,3.545768394620565922e-01,3.080945332235448531e-01,-2.482564562328832547e-01,-4.735197306776952608e-01,0.000000000000000000e+00,0.000000000000000000e+00,0.000000000000000000e+00,2.952464992680628453e-01,-8.006152248818263484e-01,3.418553821829292683e-01,-4.310961111161799586e-01,0.000000000000000000e+00,0.000000000000000000e+00,0.000000000000000000e+00
7.250055476349872782e-03,-8.533152618440119630e-01,8.980835240928793928e-01,-5.320094195759367088e-03,3.004196017262077134e-02,8.568813686540511787e-01,5.146100438976064506e-01,-6.458469682129147627e-02,4.410744787106907205e-02,2.114530521277851460e-01,4.053242776230667199e-01,-3.592090496225900376e-01,3.419859539152782235e-02,-3.372181087074688222e-01,-3.510441386359192117e-01,-3.641133932762133929e-01,1.328988683594253262e-01,2.158291833664198467e-01,1.793466592690748096e-01,-1.259233909714136956e-01,0.000000000000000000e+00,0.000000000000000000e+00,3.563676804091127082e-01,3.087387173172541077e-01,-2.514013079936739392e-01,-4.728782624782293942e-01,0.000000000000000000e+00,0.000000000000000000e+00,0.000000000000000000e+00,3.007493075413529837e-01,-8.122547765713439283e-01,3.429447188666909230e-01,-4.301895202624937964e-01,0.000000000000000000e+00,0.000000000000000000e+00,0.000000000000000000e+00
4.980798921505432547e-03,-8.594869875543336146e-01,8.979347569117650529e-01,-3.593760375327697404e-03,2.972096410875585057e-02,8.585891143023597349e-01,5.117894899080105420e-01,-6.666107505792906451e-02,3.763459544539557444e-02,2.150247123243026193e-01,4.056586705626692435e-01,-3.650078555953411019e-01,3.360118711455445384e-02,-3.363488904947959379e-01,-3.606986471413339834e-01,-3.647555779961842992e-01,1.286655542631713889e-01,2.382698598440073645e-01,1.893416951219978328e-01,-1.285639135398339850e-01,0.000000000000000000e+00,0.000000000000000000e+00,3.568923361595250920e-01,3.052986010470342126e-01,-2.539262210017082522e-01,-4.746124013806336528e-01,0.000000000000000000e+00,0.000000000000000000e+00,0.000000000000000000e+00,3.058466000994094491e-01,-8.135411729359063315e-01,3.386594168118088888e-01,-4.304385449796695462e-01,0.000000000000000000e+00,0.000000000000000000e+00,0.000000000000000000e+00
2.851859730287136310e-03,-8.649088876091400868e-01,8.977924870686317949e-01,-1.828977396191320062e-03,2.899327435879875056e-02,8.594151225203932043e-01,5.104524385943300935e-01,-6.976958244804781772e-02,3.249736261073672694e-02,2.182786112107462928e-01,4.105643510195708390e-01,-3.658792240362833126e-01,3.700749869324197749e-02,-3.338041780270130099e-01,-3.669799597947669967e-01,-3.641416650082031636e-01,1.221881403987521847e-01,2.551617836915411885e-01,1.973871224543637948e-01,-1.288306885325719575e-01,0.000000000000000000e+00,0.000000000000000000e+00,3.561739411541315348e-01,3.028970030961676274e-01,-2.543277286348818444e-01,-4.743065075509529938e-01,0.000000000000000000e+00,0.000000000000000000e+00,0.000000000000000000e+00,3.091611673517165593e-01,-8.203402540647903862e-01,3.365744532492766505e-01,-4.315752630421313962e-01,0.000000000000000000e+00,0.000000000000000000e+00,0.000000000000000000e+00
9.020987932539239681e-04,-8.695767835211277719e-01,8.978740101168507515e-01,-3.461668660324104634e-04,2.826704370086258536e-02,8.607283910771990065e-01,5.082789501863830273e-01,-7.177588718662787637e-02,2.844051826213270240e-02,2.210973422729816673e-01,4.128951214433868033e-01,-3.640706697141062875e-01,3.737420220635201407e-02,-3.317910615468156466e-01,-3.723450785917568617e-01,-3.594665762000858189e-01,1.172006948548630911e-01,2.733167436928844451e-01,2.029294200573899531e-01,-1.296503813461545307e-01,0.000000000000000000e+00,0.000000000000000000e+00,3.550068505518642059e-01,3.063877036447449909e-01,-2.614800689302238523e-01,-4.743496095136153223e-01,0.000000000000000000e+00,0.000000000000000000e+00,0.000000000000000000e+00,3.120088713999317198e-01,-8.299898753034811172e-01,3.368059848523570765e-01,-4.331722886776198655e-01,0.000000000000000000e+00,0.000000000000000000e+00,0.000000000000000000e+00
-9.622639548974719521e-04,-8.735963621057041273e-01,8.973600716017651191e-01,4.444087499086337573e-05,2.814931034708200233e-02,8.615131234522915848e-01,5.069543889458594244e-01,-7.792758817834335994e-02,2.361777957833956221e-02,2.203924048275600067e-01,4.205821012311219409e-01,-3.697896953543275966e-01,4.300542822339958882e-02,-3.313378444558507940e-01,-3.769809916813484096e-01,-3.584271454346548147e-01,1.115028906602887893e-01,2.801821225519381398e-01,2.060095312456514394e-01,-1.297133428516547837e-01,0.000000000000000000e+00,0.000000000000000000e+00,3.532256967786645552e-01,3.120465131969180628e-01,-2.651843516904177633e-01,-4.760573864666384769e-01,0.000000000000000000e+00,0.000000000000000000e+00,0.000000000000000000e+00,3.166743274269979702e-01,-8.360966231112062497e-01,3.333834031618018723e-01,-4.357523953523116389e-01,0.000000000000000000e+00,0.000000000000000000e+00,0.000000000000000000e+00
-2.557495197410849727e-03,-8.770193626670462761e-01,8.975599662755976427e-01,1.174594796419054562e-03,2.753783059060063015e-02,8.624466500112298872e-01,5.053969371670500310e-01,-7.872688887176794437e-02,2.162470760688451829e-02,2.254003125001284580e-01,4.216352076438490970e-01,-3.653237459559880440e-01,4.222085979661768101e-02,-3.295227438702691969e-01,-3.824758548982895578e-01,-3.607891878302811328e-01,1.096446389289501971e-01,2.941883804907978739e-01,2.105257957130677871e-01,-1.304586576913633611e-01,0.000000000000000000e+00,0.000000000000000000e+00,3.520461455464610756e-01,3.145517341210988249e-01,-2.686815543893670832e-01,-4.758933056135884465e-01,0.000000000000000000e+00,0.000000000000000000e+00,0.000000000000000000e+00,3.210739819242380833e-01,-8.411065042037522144e-01,3.288459436397526692e-01,-4.344047051879737498e-01,0.000000000000000000e+00,0.000000000000000000e+00,0.000000000000000000e+00
-4.134121282466392440e-03,-8.800576126158556889e-01,8.971974715321652250e-01,1.921813015993861264e-03,2.651174053615163242e-02,8.637532028439889320e-01,5.032135121647929310e-01,-8.136920616827163222e-02,2.016006009001056198e-02,2.271431554191555846e-01,4.278847338838155934e-01,-3.707027352124356301e-01,4.709635625838234918e-02,-3.275016149732696280e-01,-3.861299218453840276e-01,-3.585920658558591767e-01,1.076670572727271846e-01,3.025888861111222794e-01,2.121329116663295544e-01,-1.320237431673715323e-01,0.000000000000000000e+00,0.000000000000000000e+00,3.469678399649667178e-01,3.201383481213029292e-01,-2.722345046906781141e-01,-4.768407192158911623e-01,0.000000000000000000e+00,0.000000000000000000e+00,0.000000000000000000e+00,3.238509463319033665e-01,-8.485537281046919844e-01,3.207197941558951326e-01,-4.332689442861096252e-01,0.000000000000000000e+00,0.000000000000000000e+00,0.000000000000000000e+00
-5.392828209345180632e-03,-8.826756858929648564e-01,8.969753852127536620e-01,3.196925660558330891e-03,2.583677090816572167e-02,8.641530655536516781e-01,5.025551912273775734e-01,-8.185328254198487308e-02,1.814104265272377392e-02,2.299057330584209635e-01,4.315227327796797296e-01,-3.723995003425507599e-01,4.758376947300751308e-02,-3.267649637698998299e-01,-3.901073576502693263e-01,-3.586894638293871562e-01,1.079738754201426953e-01,3.096411536606511472e-01,2.107540554096376251e-01,-1.309269289008534176e-01,0.000000000000000000e+00,0.000000000000000000e+00,3.434536052734418754e-01,3.203048800859134571e-01,-2.765047056458001529e-01,-4.754686349636415565e-01,0.000000000000000000e+00,0.000000000000000000e+00,0.000000000000000000e+00,3.239613207754939994e-01,-8.552640360149047494e-01,3.208567028054691295e-01,-4.351576004631937944e-01,0.000000000000000000e+00,0.000000000000000000e+00,0.000000000000000000e+00
-6.528287753886198932e-03,-8.847788573556248926e-01,8.966503682638150563e-01,2.979311339745837044e-03,2.525772071160535537e-02,8.652771827108183267e-01,5.006481482322935328e-01,-8.619652178996707603e-02,1.840713157826232710e-02,2.316934515930209049e-01,4.377751454805400289e-01,-3.757468128988242229e-01,4.956526729246583940e-02,-3.257319400346798677e-01,-3.917414228087194861e-01,-3.560394716375107071e-01,1.048347686984358179e-01,3.147254166235816109e-01,2.128123007449385651e-01,-1.333152020481935263e-01,0.000000000000000000e+00,0.000000000000000000e+00,3.391041764058838059e-01,3.216444555189474364e-01,-2.802573478009866004e-01,-4.749954745773359299e-01,0.000000000000000000e+00,0.000000000000000000e+00,0.000000000000000000e+00,3.283280407414280733e-01,-8.532058924418554069e-01,3.144902582282639303e-01,-4.331754735005991508e-01,0.000000000000000000e+00,0.000000000000000000e+00,0.000000000000000000e+00
-7.414888755603730314e-03,-8.866479221086985829e-01,8.962365622414166788e-01,3.399521783107984675e-03,2.466394008270591381e-02,8.656048512781384652e-01,5.001083630124522061e-01,-8.931044879078225973e-02,1.795793778818639136e-02,2.332811171367146219e-01,4.447428067682644981e-01,-3.796339849486509155e-01,5.279215419817260418e-02,-3.272042985335678056e-01,-3.940356278437966431e-01,-3.535833786732126005e-01,1.068667558867108791e-01,3.211749342933659657e-01,2.133214308598002096e-01,-1.331401573380817660e-01,0.000000000000000000e+00,0.000000000000000000e+00,3.363862620901536538e-01,3.252989153105804165e-01,-2.826228971189264083e-01,-4.750995242431461096e-01,0.000000000000000000e+00,0.000000000000000000e+00,0.000000000000000000e+00,3.273371624669711433e-01,-8.620581564114238038e-01,3.120868801291812877e-01,-4.346491370181321257e-01,0.000000000000000000e+00,0.000000000000000000e+00,0.000000000000000000e+00
-7.905073668919909355e-03,-8.882732471338574687e-01,8.959477086305452920e-01,3.165637920621750499e-03,2.487488699328721867e-02,8.660200756733562599e-01,4.993800629423858495e-01,-9.360628263148655648e-02,1.694132599311619705e-02,2.336825337811284653e-01,4.491319014558979861e-01,-3.815182448861188513e-01,5.175692630326127891e-02,-3.276823547113220658e-01,-3.960897180403908369e-01,-3.554981092437295431e-01,1.048365094787601925e-01,3.199946965181809655e-01,2.121921970419830550e-01,-1.298689503152722913e-01,0.000000000000000000e+00,0.000000000000000000e+00,3.305142629223390416e-01,3.318990540664245592e-01,-2.830918547483805003e-01,-4.755055968277138723e-01,0.000000000000000000e+00,0.000000000000000000e+00,0.000000000000000000e+00,3.271125625525867497e-01,-8.722816474088959104e-01,3.126993912473989279e-01,-4.390010542071888788e-01,0.000000000000000000e+00,0.000000000000000000e+00,0.000000000000000000e+00
-8.306835643564500563e-03,-8.898204824148727710e-01,8.957335909054113809e-01,3.647775429152651586e-03,2.360392054277999155e-02,8.664112002325363715e-01,4.987596422938051499e-01,-9.617857627600143178e-02,1.998412898676979466e-02,2.378302223903605017e-01,4.566645017831287290e-01,-3.805518140041599384e-01,5.360315330708269321e-02,-3.275642456262846669e-01,-3.966569515898569209e-01,-3.551694783336752925e-01,1.072337993343863705e-01,3.273410695355972733e-01,2.128372922322212257e-01,-1.309599083522120511e-01,0.000000000000000000e+00,0.000000000000000000e+00,3.270344753023518014e-01,3.343680691657567872e-01,-2.816210906658836999e-01,-4.754795727716772391e-01,0.000000000000000000e+00,0.000000000000000000e+00,0.000000000000000000e+00,3.259881245610316558e-01,-8.774436736987569763e-01,3.087717015274821231e-01,-4.365999934804195570e-01,0.000000000000000000e+00,0.000000000000000000e+00,0.000000000000000000e+00
-8.552704104127216780e-03,-8.910960659046485155e-01,8.959616734058508669e-01,3.581382870859820163e-03,2.311341854249779684e-02,8.666840473384641585e-01,4.983088456660492715e-01,-9.642651638847325735e-02,2.128835001734804416e-02,2.416424988947782071e-01,4.560512279050402129e-01,-3.795956941875711088e-01,5.396837795154769968e-02,-3.263358811546679394e-01,-3.966691171446643516e-01,-3.563709756582817967e-01,1.049480159554820186e-01,3.324482305726590980e-01,2.169086863646300656e-01,-1.297314986981562557e-01,0.000000000000000000e+00,0.000000000000000000e+00,3.241159714215221532e-01,3.355539489924975749e-01,-2.801487331415566384e-01,-4.754314459077318422e-01,0.000000000000000000e+00,0.000000000000000000e+00,0.000000000000000000e+00,3.271774420521069704e-01,-8.835424414177982522e-01,3.078443742985841891e-01,-4.359106010423851041e-01,0.000000000000000000e+00,0.000000000000000000e+00,0.000000000000000000e+00
-8.564460296046506188e-03,-8.923828531501699635e-01,8.956955692088501841e-01,4.280842045866505019e-03,2.269127660348595546e-02,8.670102897269224007e-01,4.977548973793428089e-01,-9.853142364323749791e-02,2.168817074309950868e-02,2.431527409495111425e-01,4.609254739223275776e-01,-3.779370961193964096e-01,5.550037397967773345e-02,-3.252469533041575378e-01,-3.978418341197771380e-01,-3.566603827363619139e-01,1.038629457820518104e-01,3.369180435089209613e-01,2.152093198067553947e-01,-1.279093533894255785e-01,0.000000000000000000e+00,0.000000000000000000e+00,3.184712746724438492e-01,3.405822445962792266e-01,-2.805762661976800576e-01,-4.763355487177929892e-01,0.000000000000000000e+00,0.000000000000000000e+00,0.000000000000000000e+00,3.265954276139723111e-01,-8.907872027084523525e-01,3.056699811604266515e-01,-4.363031593217442383e-01,0.000000000000000000e+00,0.000000000000000000e+00,0.000000000000000000e+00
-8.471765966676432502e-03,-8.934892215409461214e-01,8.954514475933949003e-01,4.461214781996155135e-03,2.330201789287582315e-02,8.676248698607497145e-01,4.966529962900718131e-01,-1.003777683282882222e-01,2.117268336921359143e-02,2.467897560170722870e-01,4.620483016435681378e-01,-3.795517866151345565e-01,5.498839728519996917e-02,-3.251745343051134496e-01,-3.999985691377068164e-01,-3.556023524109105383e-01,1.009734997699712478e-01,3.403612127450010294e-01,2.149684172496783008e-01,-1.303864276645605169e-01,0.000000000000000000e+00,0.000000000000000000e+00,3.164304364280393633e-01,3.444131312533038614e-01,-2.799931342646715948e-01,-4.779132606208117418e-01,0.000000000000000000e+00,0.000000000000000000e+00,0.000000000000000000e+00,3.252414803276109101e-01,-8.945875415849579015e-01,3.033213434331117342e-01,-4.403517170642450851e-01,0.000000000000000000e+00,0.000000000000000000e+00,0.000000000000000000e+00
-8.310336497122839186e-03,-8.945575566464405437e-01,8.951161442749647756e-01,5.813670852630290972e-03,2.303634226732212062e-02,8.685671581520504336e-01,4.950016363062159641e-01,-9.902837193917504721e-02,2.121796318462018313e-02,2.503586281984427897e-01,4.633670088441750878e-01,-3.826029210587865714e-01,5.577271719094773622e-02,-3.218336570587154166e-01,-4.027741359308686930e-01,-3.557699505003972251e-01,9.839807371356477927e-02,3.482370573833894478e-01,2.153512568722225351e-01,-1.313282612096374202e-01,0.000000000000000000e+00,0.000000000000000000e+00,3.108414025902146438e-01,3.448404737895109928e-01,-2.750396228714116487e-01,-4.766545744746101820e-01,0.000000000000000000e+00,0.000000000000000000e+00,0.000000000000000000e+00,3.256888978558158954e-01,-8.979063505838856818e-01,2.952455408165168271e-01,-4.406424679568642366e-01,0.000000000000000000e+00,0.000000000000000000e+00,0.000000000000000000e+00
-8.286325802690631612e-03,-8.954600596670437840e-01,8.947319101890620630e-01,6.972277461621637432e-03,2.292044362262337168e-02,8.672288861857913034e-01,4.973329866157003565e-01,-9.800594155525882423e-02,2.138397061444111472e-02,2.562605534425983489e-01,4.661609913080896339e-01,-3.837686502241244857e-01,5.690195315565109435e-02,-3.225505565829156485e-01,-4.031834428954021998e-01,-3.555555553723987461e-01,9.794823528522882128e-02,3.527752449547504332e-01,2.190876560660593997e-01,-1.312093854422542172e-01,0.000000000000000000e+00,0.000000000000000000e+00,3.133694768946697073e-01,3.458137852768367604e-01,-2.724862525427537152e-01,-4.763188465919785397e-01,0.000000000000000000e+00,0.000000000000000000e+00,0.000000000000000000e+00,3.214006909977106807e-01,-9.025970004226686605e-01,2.958398543444776263e-01,-4.439673532288392899e-01,0.000000000000000000e+00,0.000000000000000000e+00,0.000000000000000000e+00
-8.272094901591664842e-03,-8.961074378586860734e-01,8.947942519996125998e-01,7.431503959077137914e-03,2.270607921649534996e-02,8.679507659642012873e-01,4.960752710805864663e-01,-9.732089718728090255e-02,2.216305110266748174e-02,2.590721169504552890e-01,4.656858428481006618e-01,-3.826176837395059427e-01,5.608880410172766701e-02,-3.207124914495051438e-01,-4.051603667146107535e-01,-3.579426470190094078e-01,9.691051535214156853e-02,3.601814422552283013e-01,2.208262893444742914e-01,-1.340000173831019381e-01,0.000000000000000000e+00,0.000000000000000000e+00,3.110844518712471696e-01,3.514730206503138277e-01,-2.711682118664852092e-01,-4.759875969669743467e-01,0.000000000000000000e+00,0.000000000000000000e+00,0.000000000000000000e+00,3.204014115905510773e-01,-9.085451144646751187e-01,2.928690859100378518e-01,-4.434597068038834133e-01,0.000000000000000000e+00,0.000000000000000000e+00,0.000000000000000000e+00
-8.380046867304598301e-03,-8.965690143597485617e-01,8.947614435385436993e-01,7.492095713503617999e-03,2.232298263957343404e-02,8.682461287614678946e-01,4.955746289295067664e-01,-9.726844858708560970e-02,2.282415045785106400e-02,2.597856800221279849e-01,4.661447722561339324e-01,-3.845718303588999132e-01,5.617267556527279215e-02,-3.208050123655867281e-01,-4.041263377892730935e-01,-3.516616070390237159e-01,9.678281159961127367e-02,3.625688767563102211e-01,2.210101728452111836e-01,-1.366029978911105502e-01,0.000000000000000000e+00,0.000000000000000000e+00,3.109248344558506738e-01,3.540164868886676031e-01,-2.705177424407307352e-01,-4.763884882679551569e-01,0.000000000000000000e+00,0.000000000000000000e+00,0.000000000000000000e+00,3.194345318964328939e-01,-9.112205300100520988e-01,2.909654421362533050e-01,-4.438146223121943734e-01,0.000000000000000000e+00,0.000000000000000000e+00,0.000000000000000000e+00
-8.484108522885201037e-03,-8.968678978576537508e-01,8.943346229867138453e-01,7.687135477181411027e-03,2.235687060216689712e-02,8.680397719398338374e-01,4.959314797587215939e-01,-9.935826060649494140e-02,2.359380237172129316e-02,2.624313639546266841e-01,4.717316591455040786e-01,-3.869610707980444264e-01,5.841677111662930966e-02,-3.227809279773203865e-01,-4.052806337338064613e-01,-3.508203449131107599e-01,9.941504175866364146e-02,3.632228635608352185e-01,2.198850617404938257e-01,-1.378860451878125282e-01,0.000000000000000000e+00,0.000000000000000000e+00,3.115351019873722760e-01,3.587895798707085859e-01,-2.672725848974059071e-01,-4.768130972474425855e-01,0.000000000000000000e+00,0.000000000000000000e+00,0.000000000000000000e+00,3.169522086368869451e-01,-9.160485008522069039e-01,2.899597034796593809e-01,-4.477568407421372854e-01,0.000000000000000000e+00,0.000000000000000000e+00,0.000000000000000000e+00
-8.616508130099859858e-03,-8.967618239334597119e-01,8.942981697678124009e-01,7.290161660812985792e-03,2.218371897272669591e-02,8.683802357629155644e-01,4.953488692748192479e-01,-1.007328719464639505e-01,2.540457853475846725e-02,2.638344062454862082e-01,4.738819028167528535e-01,-3.861144856679504800e-01,5.781592772971655414e-02,-3.226805430885221759e-01,-4.042864114256862762e-01,-3.472458780012480650e-01,9.871576147999891471e-02,3.648428053389187187e-01,2.201458945273648826e-01,-1.398442237478472738e-01,0.000000000000000000e+00,0.000000000000000000e+00,3.127401375171719455e-01,3.633715629585298479e-01,-2.644576144124756167e-01,-4.776425867110863366e-01,0.000000000000000000e+00,0.000000000000000000e+00,0.000000000000000000e+00,3.177547803771992863e-01,-9.185149875178659773e-01,2.879358193543418709e-01,-4.497791602598878447e-01,0.000000000000000000e+00,0.000000000000000000e+00,0.000000000000000000e+00
-8.738988640464556007e-03,-8.967475064062239154e-01,8.941125173672334059e-01,7.626709351705646990e-03,2.200178037269566803e-02,8.682889362044843296e-01,4.955119355068875464e-01,-1.023237264548974013e-01,2.656325970223250010e-02,2.650942724156858943e-01,4.789781833256451793e-01,-3.837545377260059842e-01,5.733129455571500666e-02,-3.237096410813568026e-01,-4.045674482471431355e-01,-3.450711163530558734e-01,1.018457434693833125e-01,3.627262557616609540e-01,2.158924374881681096e-01,-1.415968345130231842e-01,0.000000000000000000e+00,0.000000000000000000e+00,3.135902788163281718e-01,3.752720739038852282e-01,-2.627844200964489785e-01,-4.802925875446183990e-01,0.000000000000000000e+00,0.000000000000000000e+00,0.000000000000000000e+00,3.149795820662555368e-01,-9.235838727399106052e-01,2.869735049674598248e-01,-4.559782736873950748e-01,0.000000000000000000e+00,0.000000000000000000e+00,0.000000000000000000e+00
-8.967522134412136275e-03,-8.963177291070931751e-01,8.935386746826642357e-01,7.734504744661789381e-03,2.221202689367150068e-02,8.675775720199362384e-01,4.967453671909006774e-01,-1.039622361848691195e-01,2.764281634591896075e-02,2.686912372574090657e-01,4.852620114755868408e-01,-3.860872021046571345e-01,6.103352716644604853e-02,-3.236072306088711992e-01,-4.045654083586521788e-01,-3.459212100055949479e-01,9.992858923194608556e-02,3.620432586763401850e-01,2.169378341850278780e-01,-1.414865554403260672e-01,0.000000000000000000e+00,0.000000000000000000e+00,3.180600450862163808e-01,3.778067546901272555e-01,-2.587565252594068999e-01,-4.829895101172040350e-01,0.000000000000000000e+00,0.000000000000000000e+00,0.000000000000000000e+00,3.155867021662015492e-01,-9.232801969499729866e-01,2.840475132954230486e-01,-4.603015369462188366e-01,0.000000000000000000e+00,0.000000000000000000e+00,0.000000000000000000e+00
-9.157371316088055990e-03,-8.960609008649595975e-01,8.931447395753678853e-01,7.952303129034476656e-03,2.167706615480544802e-02,8.674079308605867622e-01,4.970617136312356354e-01,-1.056364217929077753e-01,2.958466109433868091e-02,2.698676517001044606e-01,4.924743909991833868e-01,-3.889444396081617183e-01,6.513572009861338941e-02,-3.232866561180121612e-01,-4.043640619371343115e-01,-3.465768038800682294e-01,1.021291216321175283e-01,3.570631030432093733e-01,2.160516368443233803e-01,-1.416480869966252054e-01,0.000000000000000000e+00,0.000000000000000000e+00,3.191905367043583741e-01,3.851698278343703707e-01,-2.583358956047375199e-01,-4.853844312390442894e-01,0.000000000000000000e+00,0.000000000000000000e+00,0.000000000000000000e+00,3.162130792852800298e-01,-9.260233029396854887e-01,2.821845897265568559e-01,-4.657145646931722394e-01,0.000000000000000000e+00,0.000000000000000000e+00,0.000000000000000000e+00
-9.345486691585393191e-03,-8.956641751496873249e-01,8.928644925524810150e-01,7.955524974828188933e-03,2.128700818415439275e-02,8.669620432235823904e-01,4.978557908817920485e-01,-1.066302169386245113e-01,3.164822859531292443e-02,2.716894384591133083e-01,4.974689598263037360e-01,-3.895326532983911516e-01,6.601839598002649800e-02,-3.237290690693482298e-01,-4.030218872396895691e-01,-3.446122079296491392e-01,1.031626437418340647e-01,3.556994761889080148e-01,2.142564794339908429e-01,-1.423257653126977773e-01,0.000000000000000000e+00,0.000000000000000000e+00,3.224910349180372116e-01,3.933952220502562325e-01,-2.568532339876157811e-01,-4.877733694007165832e-01,0.000000000000000000e+00,0.000000000000000000e+00,0.000000000000000000e+00,3.161127826011429498e-01,-9.301382286580434089e-01,2.831844446403815607e-01,-4.690668763211799930e-01,0.000000000000000000e+00,0.000000000000000000e+00,0.000000000000000000e+00
-9.464373559739671163e-03,-8.950469740267543717e-01,8.928911145431015495e-01,7.910055642039838866e-03,2.126219166575043368e-02,8.674631597214383927e-01,4.969839200129193557e-01,-1.043947466366444699e-01,3.209654911973935237e-02,2.724632101948122886e-01,4.949562087784070696e-01,-3.933370680653950346e-01,6.488921225596688824e-02,-3.214485971863506042e-01,-4.033012779812812365e-01,-3.452314955685224507e-01,1.011459084375143369e-01,3.567138547900190471e-01,2.160462909491868699e-01,-1.453482506312889777e-01,0.000000000000000000e+00,0.000000000000000000e+00,3.248494137050467745e-01,3.945345943215251006e-01,-2.547009856023357832e-01,-4.911718220283717851e-01,0.000000000000000000e+00,0.000000000000000000e+00,0.000000000000000000e+00,3.178841009492342495e-01,-9.302424186907615189e-01,2.793617000866792655e-01,-4.710277099422208735e-01,0.000000000000000000e+00,0.000000000000000000e+00,0.000000000000000000e+00
-9.472160553970874683e-03,-8.944189037987431146e-01,8.927595251947579857e-01,8.721093583494389165e-03,2.167899433871030637e-02,8.664421556712003092e-01,4.987303425770430731e-01,-1.024960429742670098e-01,3.089722303581191043e-02,2.741097808795576185e-01,4.951475068811831970e-01,-3.910653896906566840e-01,6.682994036099731971e-02,-3.227554088408343680e-01,-4.038488922820005489e-01,-3.437670071062718380e-01,1.030753570855472007e-01,3.569983147517387101e-01,2.125690082496380084e-01,-1.426198338536859289e-01,0.000000000000000000e+00,0.000000000000000000e+00,3.299012617415041371e-01,4.011365961631813692e-01,-2.531480600099123568e-01,-4.916063985553861815e-01,0.000000000000000000e+00,0.000000000000000000e+00,0.000000000000000000e+00,3.167629087076850314e-01,-9.347051352203750163e-01,2.835600257776111355e-01,-4.758247456764182481e-01,0.000000000000000000e+00,0.000000000000000000e+00,0.000000000000000000e+00
-9.409193259139856866e-03,-8.936872029728539779e-01,8.932201335191165548e-01,8.936016251317631387e-03,2.154910803698409025e-02,8.669379203306356585e-01,4.978698884740470620e-01,-9.890637392317681853e-02,3.312140826412354050e-02,2.788021892438226068e-01,4.905101122709341066e-01,-3.855194717592762554e-01,6.515511104814861176e-02,-3.198600694070019013e-01,-4.038985235106797300e-01,-3.449733203077343102e-01,1.018280119012879292e-01,3.592004251529382075e-01,2.135722181130791097e-01,-1.434859749018751740e-01,0.000000000000000000e+00,0.000000000000000000e+00,3.313099845843663904e-01,4.065277269589626652e-01,-2.509138568852997131e-01,-4.936303744155859374e-01,0.000000000000000000e+00,0.000000000000000000e+00,0.000000000000000000e+00,3.181475278556123443e-01,-9.372462657977883582e-01,2.827252164424133296e-01,-4.779309960111610689e-01,0.000000000000000000e+00,0.000000000000000000e+00,0.000000000000000000e+00
-9.295490196223638035e-03,-8.928802410567142633e-01,8.931277519778662022e-01,9.287899236827096630e-03,2.206637002697832070e-02,8.666922029020444063e-01,4.982684373612296658e-01,-9.746363417876047208e-02,3.288538282922814221e-02,2.806290525981747774e-01,4.896427123610158083e-01,-3.830443223356159721e-01,6.446388821679513437e-02,-3.191891688146047401e-01,-4.043256777471606056e-01,-3.443367033061672244e-01,1.002137136188154531e-01,3.603293542051369536e-01,2.118179899829455426e-01,-1.425344667315571745e-01,0.000000000000000000e+00,0.000000000000000000e+00,3.346168046729164347e-01,4.106933895533709244e-01,-2.498445096220422712e-01,-4.950554931609470466e-01,0.000000000000000000e+00,0.000000000000000000e+00,0.000000000000000000e+00,3.192546765305314116e-01,-9.368791231595996472e-01,2.843995526780777605e-01,-4.819245175154357463e-01,0.000000000000000000e+00,0.000000000000000000e+00,0.000000000000000000e+00
-9.153866825629304593e-03,-8.920667820878199761e-01,8.934155988278749128e-01,9.772978639195677164e-03,2.209664278440082522e-02,8.666014593503401642e-01,4.984156276823972220e-01,-9.441362248840820537e-02,3.322952227006723686e-02,2.818564691036152259e-01,4.863522345660279411e-01,-3.784769306231365871e-01,6.340129175614642176e-02,-3.173999760163557227e-01,-4.046119459639158644e-01,-3.462884528114461014e-01,1.005102557303845789e-01,3.591521498425590542e-01,2.109451136949685446e-01,-1.414664128372156715e-01,0.000000000000000000e+00,0.000000000000000000e+00,3.384835018784254634e-01,4.172841869017287486e-01,-2.478277781900556920e-01,-4.949515005673661427e-01,0.000000000000000000e+00,0.000000000000000000e+00,0.000000000000000000e+00,3.212138545275832202e-01,-9.363119094387292174e-01,2.839702756099719005e-01,-4.842953394776815523e-01,0.000000000000000000e+00,0.000000000000000000e+00,0.000000000000000000e+00
-9.141977938570217121e-03,-8.911513308034276770e-01,8.935111064892148347e-01,9.461933867679598806e-03,2.225420271888161813e-02,8.664687232580374765e-01,4.986453387773897572e-01,-9.350705042417592483e-02,3.361531999199097315e-02,2.818648501060311840e-01,4.850192011220421096e-01,-3.782875883842505282e-01,6.426294449775751816e-02,-3.178294316443651679e-01,-4.031081773955271230e-01,-3.422894788226700791e-01,1.006870689001856944e-01,3.573742951463170225e-01,2.102171434593549937e-01,-1.415454727437877591e-01,0.000000000000000000e+00,0.000000000000000000e+00,3.424490390235829240e-01,4.245451047995951188e-01,-2.469012484290938336e-01,-4.971156506942200348e-01,0.000000000000000000e+00,0.000000000000000000e+00,0.000000000000000000e+00,3.217691486476746410e-01,-9.390204220308535632e-01,2.845481507723674475e-01,-4.883641303169260484e-01,0.000000000000000000e+00,0.000000000000000000e+00,0.000000000000000000e+00
-9.051849444733634301e-03,-8.901794013962101015e-01,8.937272012472567972e-01,9.851018407565947585e-03,2.243047020045735307e-02,8.661282347716332541e-01,4.992211056979615758e-01,-9.048430275286348246e-02,3.436827084659502263e-02,2.850174699114565446e-01,4.822106715715541170e-01,-3.738385460464429544e-01,6.416806101930387640e-02,-3.176001562540845535e-01,-4.023861752726304308e-01,-3.387931398987820697e-01,1.014913265094940786e-01,3.570079107268093188e-01,2.091298505730435076e-01,-1.415417242158271971e-01,0.000000000000000000e+00,0.000000000000000000e+00,3.476669440738319183e-01,4.302626292074038794e-01,-2.438396579262715191e-01,-4.977601376678122969e-01,0.000000000000000000e+00,0.000000000000000000e+00,0.000000000000000000e+00,3.224542972978667876e-01,-9.380925860146402950e-01,2.833881137062425060e-01,-4.901849600542887986e-01,0.000000000000000000e+00,0.000000000000000000e+00,0.000000000000000000e+00
-9.021118395082921085e-03,-8.889378080288773409e-01,8.937152207014533722e-01,9.581033228191976683e-03,2.354514346082762014e-02,8.658562301547464424e-01,4.996466938986994788e-01,-8.920269499378134792e-02,3.353722038751417306e-02,2.873467414311655643e-01,4.790583202138691821e-01,-3.721882117718887661e-01,6.420500322132957627e-02,-3.187209745119384818e-01,-4.033608039992906957e-01,-3.384683750688087245e-01,1.008640245065773183e-01,3.569268032994162287e-01,2.083020374617137183e-01,-1.417399334623596352e-01,0.000000000000000000e+00,0.000000000000000000e+00,3.536310042634113748e-01,4.350158174280810419e-01,-2.438724009945086035e-01,-5.021293805556533707e-01,0.000000000000000000e+00,0.000000000000000000e+00,0.000000000000000000e+00,3.257924249897834468e-01,-9.365480014051263957e-01,2.847792807253800573e-01,-4.966327246613412294e-01,0.000000000000000000e+00,0.000000000000000000e+00,0.000000000000000000e+00
-9.054218923993927540e-03,-8.877100715979527878e-01,8.940272226175572934e-01,8.618134722857124369e-03,2.384522904203778201e-02,8.659047585374717304e-01,4.995658934995413358e-01,-8.886574550869041911e-02,3.532744736336321245e-02,2.882376169705310742e-01,4.763508492713703357e-01,-3.679892032833543825e-01,5.956407350889518504e-02,-3.185110239886772554e-01,-4.023250780619213041e-01,-3.404313208219703624e-01,1.004655847963326909e-01,3.517947234927069067e-01,2.091817123483652174e-01,-1.420600483191830909e-01,0.000000000000000000e+00,0.000000000000000000e+00,3.589440133299570124e-01,4.394757469751481849e-01,-2.421732182394392974e-01,-5.037283809524126799e-01,0.000000000000000000e+00,0.000000000000000000e+00,0.000000000000000000e+00,3.303787940541588197e-01,-9.339463677257959784e-01,2.826857455844472011e-01,-5.011320378092717354e-01,0.000000000000000000e+00,0.000000000000000000e+00,0.000000000000000000e+00
-9.100276317437174661e-03,-8.864625320562107280e-01,8.938383156866375190e-01,8.937335032724832637e-03,2.374871620240165751e-02,8.652851522165944109e-01,5.006373216958125427e-01,-8.732166281555202303e-02,3.707030040057344988e-02,2.913182322507724131e-01,4.784129695529777404e-01,-3.668869789192921727e-01,6.275285594532660494e-02,-3.187678063487091040e-01,-4.016807096386937892e-01,-3.395026851678431545e-01,1.026369878115616363e-01,3.504280967410176029e-01,2.071456990571493850e-01,-1.412488706354985135e-01,0.000000000000000000e+00,0.000000000000000000e+00,3.652553851433703036e-01,4.421742953616170091e-01,-2.399172339285773892e-01,-5.055471918622487237e-01,0.000000000000000000e+00,0.000000000000000000e+00,0.000000000000000000e+00,3.327834887220370019e-01,-9.343276902011571350e-01,2.823716339262229424e-01,-5.049732728394863424e-01,0.000000000000000000e+00,0.000000000000000000e+00,0.000000000000000000e+00
-9.203413221951959114e-03,-8.849736657905480364e-01,8.942203072457582946e-01,7.760473307696824120e-03,2.431244867126971729e-02,8.651795538198600033e-01,5.008123596175679815e-01,-8.626375310745944269e-02,3.785428206588131728e-02,2.918096270779367840e-01,4.741140889441469719e-01,-3.657778866499311055e-01,5.964950513006503363e-02,-3.201551652489971200e-01,-3.999530402512869176e-01,-3.374908315056633912e-01,1.030036108950104501e-01,3.462012819723601642e-01,2.054460627527474603e-01,-1.425422772377682445e-01,0.000000000000000000e+00,0.000000000000000000e+00,3.719568108851029620e-01,4.474799445887552851e-01,-2.379509994485174140e-01,-5.072411477116031131e-01,0.000000000000000000e+00,0.000000000000000000e+00,0.000000000000000000e+00,3.359287189764242343e-01,-9.317060349581899326e-01,2.832114451675587508e-01,-5.096343011014380364e-01,0.000000000000000000e+00,0.000000000000000000e+00,0.000000000000000000e+00
-9.199725491680117370e-03,-8.832951857316473365e-01,8.943482185192048739e-01,7.942486493781890713e-03,2.491624839272530909e-02,8.648624044219778151e-01,5.013273570151186576e-01,-8.310976369585383605e-02,3.783197223193307535e-02,2.940228914757316292e-01,4.706096423509576465e-01,-3.610462142848247513e-01,6.025945542213529543e-02,-3.186990407387259028e-01,-4.002409176379767564e-01,-3.386016206752375801e-01,1.014592116121912080e-01,3.469722512751153842e-01,2.048137506604582048e-01,-1.425847392040408557e-01,0.000000000000000000e+00,0.000000000000000000e+00,3.795657842998625409e-01,4.503632466147160507e-01,-2.374783367611557616e-01,-5.063410141967014111e-01,0.000000000000000000e+00,0.000000000000000000e+00,0.000000000000000000e+00,3.407800228895326300e-01,-9.279764676990216454e-01,2.846545322609095319e-01,-5.128730529518297221e-01,0.000000000000000000e+00,0.000000000000000000e+00,0.000000000000000000e+00
-9.220575848770545119e-03,-8.816906834748352573e-01,8.948008928695262432e-01,7.112395088331309803e-03,2.568992511320507613e-02,8.645100917888207670e-01,5.019081019261106835e-01,-8.149975164307154962e-02,3.809222140189309769e-02,2.948246492166258781e-01,4.654730072167561628e-01,-3.554937351004188728e-01,5.605631185325645610e-02,-3.202296669944774687e-01,-3.989916508996255162e-01,-3.370184009016716775e-01,1.027092996716076345e-01,3.404327179300812856e-01,2.011542201037403721e-01,-1.436467602508937902e-01,0.000000000000000000e+00,0.000000000000000000e+00,3.869693124306846643e-01,4.594884523049905245e-01,-2.347239005350259256e-01,-5.081179631496565152e-01,0.000000000000000000e+00,0.000000000000000000e+00,0.000000000000000000e+00,3.415947005055956498e-01,-9.282247518547013243e-01,2.859744731630878278e-01,-5.201114812812053234e-01,0.000000000000000000e+00,0.000000000000000000e+00,0.000000000000000000e+00
-9.269421217045499539e-03,-8.800212896631681714e-01,8.948773234990895498e-01,7.059232809274107283e-03,2.552141474822436015e-02,8.644735129433145371e-01,5.019804478670851777e-01,-7.889193525830555387e-02,3.922455910226789466e-02,2.942649721672131458e-01,4.638968161619537178e-01,-3.542965404622716030e-01,5.597508134805222191e-02,-3.187884424268873085e-01,-3.976408001576385298e-01,-3.350169438503370900e-01,1.034813057314136892e-01,3.376581235749098742e-01,2.037473486320031946e-01,-1.448754740906227911e-01,0.000000000000000000e+00,0.000000000000000000e+00,3.929129328888730233e-01,4.601672663748443970e-01,-2.331113572534317946e-01,-5.079407645821464312e-01,0.000000000000000000e+00,0.000000000000000000e+00,0.000000000000000000e+00,3.448544032639230261e-01,-9.240589090049027288e-01,2.848351810354454172e-01,-5.218438970874195171e-01,0.000000000000000000e+00,0.000000000000000000e+00,0.000000000000000000e+00
-9.251556450696803852e-03,-8.784330923163142790e-01,8.950717082262529267e-01,6.759593473726462944e-03,2.579863731374397104e-02,8.633658685573435410e-01,5.038731142054008183e-01,-7.723133062475945332e-02,4.024320056433561277e-02,2.957497522515107335e-01,4.623512397860030654e-01,-3.484379891559638009e-01,5.445482730580582242e-02,-3.191732061313343749e-01,-3.950835431752114935e-01,-3.333348501444152179e-01,1.032236082249274878e-01,3.315056647010283797e-01,2.034995944090645659e-01,-1.442294989242660919e-01,0.000000000000000000e+00,0.000000000000000000e+00,4.017769890686263556e-01,4.631756398001989905e-01,-2.293820304760023077e-01,-5.081861725762624182e-01,0.000000000000000000e+00,0.000000000000000000e+00,0.000000000000000000e+00,3.472243794901212488e-01,-9.190310851317883278e-01,2.854134654708120333e-01,-5.260941703846427897e-01,0.000000000000000000e+00,0.000000000000000000e+00,0.000000000000000000e+00
-9.263929840458927020e-03,-8.766784377827276931e-01,8.957713825391673268e-01,5.945639859066853203e-03,2.647101354061156750e-02,8.633135433766799816e-01,5.039381515932305211e-01,-7.491418487881723598e-02,3.984227792669511187e-02,2.946651524617057705e-01,4.551569367148547429e-01,-3.403010132530338017e-01,5.296161867973721293e-02,-3.192549451825163476e-01,-3.926228804980468889e-01,-3.280857638073365057e-01,1.016326583335840639e-01,3.306807449424392642e-01,1.997677045957720332e-01,-1.429678912798486856e-01,0.000000000000000000e+00,0.000000000000000000e+00,4.094578903543635851e-01,4.666380819826657089e-01,-2.305489927527671901e-01,-5.067941601340933966e-01,0.000000000000000000e+00,0.000000000000000000e+00,0.000000000000000000e+00,3.523338038688094698e-01,-9.145054936203788065e-01,2.925897772030887078e-01,-5.302778407084652867e-01,0.000000000000000000e+00,0.000000000000000000e+00,0.000000000000000000e+00
-9.248707376436599015e-03,-8.752001828253553883e-01,8.960468354592913132e-01,5.776800112721038570e-03,2.623181201387428385e-02,8.635103734107815177e-01,5.036152853427906528e-01,-7.331315731291254689e-02,4.196484533521512017e-02,2.948636816697499663e-01,4.539798321223173505e-01,-3.335485509369950918e-01,5.109283602655875778e-02,-3.179344897436519601e-01,-3.916303973847126141e-01,-3.294202058845874803e-01,1.030714255257007828e-01,3.286583099057256430e-01,1.940021992950480834e-01,-1.415698848638301532e-01,0.000000000000000000e+00,0.000000000000000000e+00,4.128304439305621187e-01,4.692651289005276838e-01,-2.288977136723781003e-01,-5.062553315062119363e-01,0.000000000000000000e+00,0.000000000000000000e+00,0.000000000000000000e+00,3.556740535775562151e-01,-9.132613310024615405e-01,2.924444206753027964e-01,-5.330811319030862583e-01,0.000000000000000000e+00,0.000000000000000000e+00,0.000000000000000000e+00
-9.353558923528315985e-03,-8.737107728936280848e-01,8.963275482156635166e-01,5.537863935495821073e-03,2.633919568985248344e-02,8.636131518011201935e-01,5.034360961130819323e-01,-7.013169233759222743e-02,4.317583740506211742e-02,2.968417936004370539e-01,4.496878546571782542e-01,-3.307030196018485024e-01,5.074775252120562741e-02,-3.164654524014450798e-01,-3.909292644828353258e-01,-3.299384687595937615e-01,1.027041811166564539e-01,3.280848996403177842e-01,1.924596460107604601e-01,-1.419938015635043849e-01,0.000000000000000000e+00,0.000000000000000000e+00,4.182063699694347214e-01,4.722443977398808057e-01,-2.283484124324307862e-01,-5.070018179411269754e-01,0.000000000000000000e+00,0.000000000000000000e+00,0.000000000000000000e+00,3.584087130387938469e-01,-9.149329052309471688e-01,2.936136189343214187e-01,-5.346291923561341530e-01,0.000000000000000000e+00,0.000000000000000000e+00,0.000000000000000000e+00
-9.496732607893097755e-03,-8.721667365920436898e-01,8.968773400554744812e-01,4.140268941933678525e-03,2.712107566984661711e-02,8.633328481767170715e-01,5.038885776505339642e-01,-6.858833660530523624e-02,4.295542983925264291e-02,2.961664293424032257e-01,4.421750444479219944e-01,-3.259102020890448648e-01,4.659469858096720873e-02,-3.187677958119066735e-01,-3.888729156424878819e-01,-3.267436726304936978e-01,1.031166261163475317e-01,3.253499822364440686e-01,1.911239808705416376e-01,-1.438874098585946060e-01,0.000000000000000000e+00,0.000000000000000000e+00,4.268280278110685444e-01,4.765181979296190251e-01,-2.265762435427469412e-01,-5.082098295706189983e-01,0.000000000000000000e+00,0.000000000000000000e+00,0.000000000000000000e+00,3.622523919859153008e-01,-9.158232296916027915e-01,2.966025732346539989e-01,-5.380765711939577978e-01,0.000000000000000000e+00,0.000000000000000000e+00,0.000000000000000000e+00
-9.786822772114664448e-03,-8.707130372535746288e-01,8.966685262728824046e-01,4.249672217953397862e-03,2.666588605653252148e-02,8.621798128826154706e-01,5.058822403134547452e-01,-6.634653744893684313e-02,4.452002130781102657e-02,2.977223987755759360e-01,4.437015724303800535e-01,-3.254305058000582229e-01,4.991434652533694588e-02,-3.190462907177133989e-01,-3.856907037358672241e-01,-3.213287538046789571e-01,1.042184180444332281e-01,3.234529065498372713e-01,1.915364704380437544e-01,-1.448915384552797447e-01,0.000000000000000000e+00,0.000000000000000000e+00,4.353083427607730149e-01,4.784869024255649084e-01,-2.241559959685355263e-01,-5.112747874158716233e-01,0.000000000000000000e+00,0.000000000000000000e+00,0.000000000000000000e+00,3.622073105910234569e-01,-9.149709506223955291e-01,2.972432853875497383e-01,-5.388186116889698285e-01,0.000000000000000000e+00,0.000000000000000000e+00,0.000000000000000000e+00
-1.007710414733252631e-02,-8.691274353440481271e-01,8.968791671836053858e-01,2.781668597676514778e-03,2.630882591205877322e-02,8.627111364648933911e-01,5.050045574233912316e-01,-6.786705022139405408e-02,4.766346307240432179e-02,2.956473063818645386e-01,4.446344009682301479e-01,-3.215064785026066074e-01,4.934736261522008199e-02,-3.187694512512101452e-01,-3.829005939814273396e-01,-3.205150515451380411e-01,1.041001927258395771e-01,3.243323988558363680e-01,1.875161604091346579e-01,-1.455382656596787283e-01,0.000000000000000000e+00,0.000000000000000000e+00,4.413719600319636616e-01,4.795349717764179065e-01,-2.224159458401159251e-01,-5.146208526671776085e-01,0.000000000000000000e+00,0.000000000000000000e+00,0.000000000000000000e+00,3.689454328641798564e-01,-9.151308557432344948e-01,2.976962014823558156e-01,-5.388368814455871680e-01,0.000000000000000000e+00,0.000000000000000000e+00,0.000000000000000000e+00
-1.024885887036864826e-02,-8.675782936271035917e-01,8.969066225679082072e-01,2.804418312796363392e-03,2.617443407336536576e-02,8.614426890810721327e-01,5.071720888097438484e-01,-6.630002826378358916e-02,4.905522967612693797e-02,2.966468661025972731e-01,4.454488889586132871e-01,-3.146094081588750035e-01,4.776099097891527839e-02,-3.192558766903208500e-01,-3.804870982036125393e-01,-3.185688164532466393e-01,1.055395626120783359e-01,3.216346488726049557e-01,1.875098942116368295e-01,-1.445562815332873396e-01,0.000000000000000000e+00,0.000000000000000000e+00,4.501297446439909700e-01,4.826701323657432430e-01,-2.204533079030623899e-01,-5.159313571530925735e-01,0.000000000000000000e+00,0.000000000000000000e+00,0.000000000000000000e+00,3.689862337810832504e-01,-9.159632351523671057e-01,3.001333706327382056e-01,-5.435280190873092998e-01,0.000000000000000000e+00,0.000000000000000000e+00,0.000000000000000000e+00
-1.045339497472625931e-02,-8.659340429966637664e-01,8.973569850068798814e-01,2.330357136610613795e-03,2.581709066622592946e-02,8.610349404109163274e-01,5.078847100048580199e-01,-6.380978929351399653e-02,5.074053966918719294e-02,2.959765312433740303e-01,4.421956636467182511e-01,-3.070002096313100837e-01,4.566673073566078489e-02,-3.189988651421573618e-01,-3.776262758466737424e-01,-3.161901577093598203e-01,1.072674927424515645e-01,3.200242321803954404e-01,1.863433548757977287e-01,-1.435282668218906821e-01,0.000000000000000000e+00,0.000000000000000000e+00,4.571440974073641139e-01,4.853670898907523901e-01,-2.191513055589682513e-01,-5.163018109936703404e-01,0.000000000000000000e+00,0.000000000000000000e+00,0.000000000000000000e+00,3.732354445330386961e-01,-9.139030441458652065e-01,3.025481348680690297e-01,-5.453162311933540396e-01,0.000000000000000000e+00,0.000000000000000000e+00,0.000000000000000000e+00
-1.063019862220857155e-02,-8.642984674710350035e-01,8.978576157355211418e-01,1.529229019023145911e-03,2.593872136577162965e-02,8.606699074828477736e-01,5.084999061415687027e-01,-6.276970392241541796e-02,5.130902574120209392e-02,2.934203120054008074e-01,4.389118188573721824e-01,-2.982946231837964590e-01,4.132666167986322192e-02,-3.194004900737671404e-01,-3.745882303702994243e-01,-3.120117328365967224e-01,1.080508671396403775e-01,3.144635146664466196e-01,1.841179061170267750e-01,-1.426771432446149457e-01,0.000000000000000000e+00,0.000000000000000000e+00,4.633795006922390991e-01,4.924510309278509745e-01,-2.178415341518017134e-01,-5.152504270296152100e-01,0.000000000000000000e+00,0.000000000000000000e+00,0.000000000000000000e+00,3.756635195923559989e-01,-9.125977655969172986e-01,3.058089692221460654e-01,-5.483551064902792982e-01,0.000000000000000000e+00,0.000000000000000000e+00,0.000000000000000000e+00
-1.096034354425534478e-02,-8.628064740120885423e-01,8.976634165795210896e-01,1.454848969556147512e-03,2.550935551459538805e-02,8.599683716005345202e-01,5.097073239050352589e-01,-6.069053172836189752e-02,5.201020280699590603e-02,2.924393380270181031e-01,4.398413287942086192e-01,-3.014383809998562591e-01,4.577644116201701197e-02,-3.198131427734307031e-01,-3.731499766016136421e-01,-3.118915204757936044e-01,1.114615867518540665e-01,3.102423754415290502e-01,1.820048952487605121e-01,-1.415745233392857738e-01,0.000000000000000000e+00,0.000000000000000000e+00,4.686549311145570829e-01,4.952224681579324161e-01,-2.171658092362300507e-01,-5.186016214927332557e-01,0.000000000000000000e+00,0.000000000000000000e+00,0.000000000000000000e+00,3.765601509029850580e-01,-9.168491080339178367e-01,3.070952216803103929e-01,-5.511474920885709450e-01,0.000000000000000000e+00,0.000000000000000000e+00,0.000000000000000000e+00
-1.131251508519491578e-02,-8.612693514085882907e-01,8.980300866243489111e-01,8.485246547057516582e-04,2.529206023155214020e-02,8.596745013172772953e-01,5.102149973100029712e-01,-5.914328145970940837e-02,5.324692362381410610e-02,2.912529099993907411e-01,4.376528997856811709e-01,-2.949088698840274803e-01,4.395765657769423740e-02,-3.194610878827452982e-01,-3.708464158313406478e-01,-3.107245202751676705e-01,1.122803182168475022e-01,3.094410559955148576e-01,1.794286026738153295e-01,-1.420589826685607626e-01,0.000000000000000000e+00,0.000000000000000000e+00,4.765485832031072233e-01,4.971435809243621717e-01,-2.164795044790042977e-01,-5.180295815339726051e-01,0.000000000000000000e+00,0.000000000000000000e+00,0.000000000000000000e+00,3.807535935020714413e-01,-9.159499301903937241e-01,3.077867783965609338e-01,-5.519535868458425032e-01,0.000000000000000000e+00,0.000000000000000000e+00,0.000000000000000000e+00
-1.183446665131303657e-02,-8.599109636841962834e-01,8.979810234283394088e-01,3.682524588959311396e-04,2.467166875062900416e-02,8.588804103760523390e-01,5.115814830732732243e-01,-5.728385251918676618e-02,5.557979564007572287e-02,2.931159879713027272e-01,4.384574918055337278e-01,-2.961885809702405892e-01,4.659999684118888014e-02,-3.193083495640103853e-01,-3.679150926045143266e-01,-3.091233403558384385e-01,1.135842143863402265e-01,3.054105307362492416e-01,1.807166679175755131e-01,-1.409107552393948359e-01,0.000000000000000000e+00,0.000000000000000000e+00,4.823432125524496628e-01,4.997968550811640598e-01,-2.160430585914756840e-01,-5.214249480301100803e-01,0.000000000000000000e+00,0.000000000000000000e+00,0.000000000000000000e+00,3.831631132206063661e-01,-9.187717132867063707e-01,3.079097813439607978e-01,-5.525228397259911439e-01,0.000000000000000000e+00,0.000000000000000000e+00,0.000000000000000000e+00
-1.230664229668016613e-02,-8.585532562238026300e-01,8.979744530318689577e-01,-1.100198875940328232e-04,2.464481574870516778e-02,8.574637306647018287e-01,5.139538613016819690e-01,-5.584510526716452566e-02,5.604094783478512365e-02,2.932705390533230094e-01,4.377997820872207013e-01,-2.923480147613987667e-01,4.519861222492716629e-02,-3.200380470489814777e-01,-3.645219143197294676e-01,-3.051389865135661350e-01,1.128121615677769307e-01,3.010233588626635703e-01,1.810215007702866696e-01,-1.409216728545536201e-01,0.000000000000000000e+00,0.000000000000000000e+00,4.924974987270888116e-01,4.996444612109502970e-01,-2.170729140708611560e-01,-5.225558878811282781e-01,0.000000000000000000e+00,0.000000000000000000e+00,0.000000000000000000e+00,3.857743545571298283e-01,-9.157326584851491758e-01,3.101742660145097030e-01,-5.536587141837490122e-01,0.000000000000000000e+00,0.000000000000000000e+00,0.000000000000000000e+00
-1.280872032751002344e-02,-8.572597691925389896e-01,8.981707436537013090e-01,-1.796343443835378764e-04,2.397880226723088370e-02,8.577150494323532159e-01,5.135658465577584986e-01,-5.294786977507081466e-02,5.722278551886540027e-02,2.916818033529162690e-01,4.357418622865499302e-01,-2.891709670888956696e-01,4.417410449417103618e-02,-3.173488592033357203e-01,-3.637064471738615801e-01,-3.072669161961398832e-01,1.133402670480496977e-01,3.014139223252004229e-01,1.786215315570238993e-01,-1.391315008405683284e-01,0.000000000000000000e+00,0.000000000000000000e+00,4.946037561764669577e-01,5.008395391755091630e-01,-2.167172182957762816e-01,-5.240938137094844906e-01,0.000000000000000000e+00,0.000000000000000000e+00,0.000000000000000000e+00,3.903193494816536990e-01,-9.178400589790878250e-01,3.107533826474379590e-01,-5.538700802625347031e-01,0.000000000000000000e+00,0.000000000000000000e+00,0.000000000000000000e+00
-1.335006048382768318e-02,-8.559473472550599427e-01,8.984352552684624627e-01,-1.399448780661678715e-03,2.450695789426166754e-02,8.578916739355465504e-01,5.132439248056861469e-01,-5.274686534656813919e-02,5.686916715527574884e-02,2.898204484127780978e-01,4.321655164924978476e-01,-2.870351772627527387e-01,4.177963953206851461e-02,-3.176616755886931820e-01,-3.629638200400535641e-01,-3.066529487833262180e-01,1.127551093284271944e-01,2.976458339574382106e-01,1.801281741877245601e-01,-1.393490671132062708e-01,0.000000000000000000e+00,0.000000000000000000e+00,4.978637307328580563e-01,5.046292951310773489e-01,-2.192293680769823450e-01,-5.238735020281751753e-01,0.000000000000000000e+00,0.000000000000000000e+00,0.000000000000000000e+00,3.951474611936856007e-01,-9.176708768373942338e-01,3.105385346726682316e-01,-5.559217219813288313e-01,0.000000000000000000e+00,0.000000000000000000e+00,0.000000000000000000e+00
-1.390014782790242182e-02,-8.548197936071914027e-01,8.982738756792014723e-01,-1.141781719814275158e-03,2.388293438988447343e-02,8.568483240046826932e-01,5.150138361537471843e-01,-5.016350541450366463e-02,5.797970654680489888e-02,2.909290876803652393e-01,4.333269628640253335e-01,-2.854476723890404521e-01,4.282453278309534400e-02,-3.172982164827320428e-01,-3.604572404910379446e-01,-3.024530728339595020e-01,1.140598728644291598e-01,2.961733303159598263e-01,1.803244650107209135e-01,-1.376609309347579246e-01,0.000000000000000000e+00,0.000000000000000000e+00,5.029288881014930546e-01,5.034530685232435632e-01,-2.188715048149482423e-01,-5.256329324476506359e-01,0.000000000000000000e+00,0.000000000000000000e+00,0.000000000000000000e+00,3.982272747753642372e-01,-9.187849029137941104e-01,3.103244626275853957e-01,-5.583944561589910816e-01,0.000000000000000000e+00,0.000000000000000000e+00,0.000000000000000000e+00
-1.435768267348463620e-02,-8.535657002140817351e-01,8.984848795485816941e-01,-2.292243013252580255e-03,2.459035210403052313e-02,8.568274472776938877e-01,5.150114423942037112e-01,-4.934002303437194648e-02,5.796588745286836153e-02,2.916177446575944909e-01,4.288323234260916217e-01,-2.835206606642468596e-01,3.967515587372814206e-02,-3.179232253322216706e-01,-3.600594755644316858e-01,-3.028051859455537231e-01,1.128472400531496250e-01,2.939229314635256052e-01,1.804507454339396855e-01,-1.404616353465965861e-01,0.000000000000000000e+00,0.000000000000000000e+00,5.100754334127629575e-01,5.040940148517798480e-01,-2.190988082607381870e-01,-5.261560107727604185e-01,0.000000000000000000e+00,0.000000000000000000e+00,0.000000000000000000e+00,4.032460993922543646e-01,-9.162995323629826716e-01,3.098971395906581772e-01,-5.598013864264759221e-01,0.000000000000000000e+00,0.000000000000000000e+00,0.000000000000000000e+00
-1.477761647289914035e-02,-8.524184202781692754e-01,8.986899724397326983e-01,-3.038842864806904839e-03,2.415669523839792526e-02,8.566993158828544175e-01,5.152412072758262296e-01,-4.914882368495812615e-02,5.977616902252562425e-02,2.905990542087446560e-01,4.290653562948995581e-01,-2.791205169399701980e-01,3.885950194802101354e-02,-3.171608873534035311e-01,-3.576761927495512028e-01,-3.019591214950368974e-01,1.131524151728630911e-01,2.908613848874854746e-01,1.817286250513190649e-01,-1.383914909880111510e-01,0.000000000000000000e+00,0.000000000000000000e+00,5.124454017690310836e-01,5.068128794345051480e-01,-2.184347093946405471e-01,-5.254232747378451140e-01,0.000000000000000000e+00,0.000000000000000000e+00,0.000000000000000000e+00,4.065415330257832749e-01,-9.193541747026149347e-01,3.097137796570754720e-01,-5.600971909265813897e-01,0.000000000000000000e+00,0.000000000000000000e+00,0.000000000000000000e+00
-1.501936465825989310e-02,-8.512886689215281022e-01,8.988332264313174669e-01,-3.018366969357136852e-03,2.426750090272694615e-02,8.561437998915482073e-01,5.161586691784171288e-01,-4.628315901951187555e-02,5.882560275733932781e-02,2.894140140484716683e-01,4.253814602544242485e-01,-2.765794306181764695e-01,3.873487476751605318e-02,-3.161351403433970697e-01,-3.567602589949570024e-01,-3.020105235187479642e-01,1.122816177317219888e-01,2.887747385386384424e-01,1.801002684903157958e-01,-1.378167828810105411e-01,0.000000000000000000e+00,0.000000000000000000e+00,5.174625246680490953e-01,5.065757480608426011e-01,-2.180399435957752763e-01,-5.246194942182679233e-01,0.000000000000000000e+00,0.000000000000000000e+00,0.000000000000000000e+00,4.112441796341889111e-01,-9.144864388682276690e-01,3.083165964228578027e-01,-5.606837186252352501e-01,0.000000000000000000e+00,0.000000000000000000e+00,0.000000000000000000e+00
-1.523186607833280394e-02,-8.502353354477802938e-01,8.991823450340380441e-01,-3.234031586570213033e-03,2.403706512498351294e-02,8.559542437916526358e-01,5.164824228131432715e-01,-4.355997029103982066e-02,6.024937212882173349e-02,2.909816164761096502e-01,4.217451861241564015e-01,-2.709621517467132867e-01,3.624526395507077919e-02,-3.150992162110026196e-01,-3.557361127375106014e-01,-3.034448842661752743e-01,1.131344916734579320e-01,2.875351571051500965e-01,1.804125946278281323e-01,-1.380438807307494686e-01,0.000000000000000000e+00,0.000000000000000000e+00,5.210015881866503218e-01,5.100447958388263370e-01,-2.174135347610321456e-01,-5.246809720809719746e-01,0.000000000000000000e+00,0.000000000000000000e+00,0.000000000000000000e+00,4.134363013581258128e-01,-9.135369986012505938e-01,3.062106718445702369e-01,-5.613023345140779607e-01,0.000000000000000000e+00,0.000000000000000000e+00,0.000000000000000000e+00
-1.536149679877137422e-02,-8.492219007057333346e-01,8.992407389630387993e-01,-3.426675503938062407e-03,2.435594527174654925e-02,8.552505920047457355e-01,5.176306315322174445e-01,-4.148793784292648112e-02,5.970698285085386525e-02,2.914097737321404979e-01,4.183826203946258704e-01,-2.676456189370978178e-01,3.625151024790979060e-02,-3.160323612485519962e-01,-3.547048624835495434e-01,-3.012637195994242734e-01,1.135271594076421031e-01,2.868627616415526105e-01,1.802508718566588897e-01,-1.389719208917589988e-01,0.000000000000000000e+00,0.000000000000000000e+00,5.282164534809837830e-01,5.091230020470779438e-01,-2.152584314137613863e-01,-5.239214383870403058e-01,0.000000000000000000e+00,0.000000000000000000e+00,0.000000000000000000e+00,4.150403535936936783e-01,-9.141964442868846241e-01,3.072578767237924557e-01,-5.624924981538044211e-01,0.000000000000000000e+00,0.000000000000000000e+00,0.000000000000000000e+00
-1.548959406881497344e-02,-8.482379818028491503e-01,8.996143014891122558e-01,-3.681351039646656859e-03,2.482091824813273742e-02,8.553201501568608034e-01,5.174918457400922156e-01,-3.857427632080100144e-02,5.906904903416330954e-02,2.918205587180494609e-01,4.119386610592691289e-01,-2.628681238733798775e-01,3.272479182986381269e-02,-3.156968227712994568e-01,-3.548254649908323399e-01,-3.016933286880316700e-01,1.134104458982654606e-01,2.861396875337656742e-01,1.767998085888700388e-01,-1.411452247061070753e-01,0.000000000000000000e+00,0.000000000000000000e+00,5.335406039826300351e-01,5.112573610819222125e-01,-2.144295472565561356e-01,-5.229810100526817163e-01,0.000000000000000000e+00,0.000000000000000000e+00,0.000000000000000000e+00,4.170687716451040306e-01,-9.123450644409050181e-01,3.084771881865764898e-01,-5.632757161240337096e-01,0.000000000000000000e+00,0.000000000000000000e+00,0.000000000000000000e+00
-1.574664093878100704e-02,-8.473451586982968520e-01,8.997930593816781952e-01,-4.106654500762382462e-03,2.438972350839735403e-02,8.550759415752959836e-01,5.179125514168548827e-01,-3.747438679588045024e-02,5.923986341495390828e-02,2.885012137291561030e-01,4.103428311680440421e-01,-2.610961364577582544e-01,3.411381182642167498e-02,-3.160716484353424116e-01,-3.524396052355007192e-01,-2.982335522833952091e-01,1.155808912997664251e-01,2.823431295544826525e-01,1.764494668400888311e-01,-1.418749645865459152e-01,0.000000000000000000e+00,0.000000000000000000e+00,5.361527272594255322e-01,5.151910193318545161e-01,-2.143910882540268625e-01,-5.245982518555979413e-01,0.000000000000000000e+00,0.000000000000000000e+00,0.000000000000000000e+00,4.179181226640462654e-01,-9.139443236269271242e-01,3.075853097756930388e-01,-5.659749707755539205e-01,0.000000000000000000e+00,0.000000000000000000e+00,0.000000000000000000e+00
-1.596247681856529169e-02,-8.464285222899919914e-01,8.998958896099809035e-01,-4.662634750898239991e-03,2.445546102390270052e-02,8.558131429909091592e-01,5.166856438370523996e-01,-3.698176710367399173e-02,6.048913007171270728e-02,2.884246080318655925e-01,4.085111970925378033e-01,-2.587137527701841577e-01,3.118784730747713868e-02,-3.152949575310098895e-01,-3.524513339109091592e-01,-2.978215280805775467e-01,1.155748481163947072e-01,2.832380790123366077e-01,1.768040041358858450e-01,-1.430946854561609416e-01,0.000000000000000000e+00,0.000000000000000000e+00,5.376232683134057888e-01,5.133447516939222410e-01,-2.135515514688164362e-01,-5.250800882270330039e-01,0.000000000000000000e+00,0.000000000000000000e+00,0.000000000000000000e+00,4.239809896094625108e-01,-9.113710470247815554e-01,3.047171429236145146e-01,-5.642003978653234997e-01,0.000000000000000000e+00,0.000000000000000000e+00,0.000000000000000000e+00
-1.625856008232756320e-02,-8.454937865145245590e-01,8.997899894669979526e-01,-4.844881846726873179e-03,2.443779579587495795e-02,8.544593065364223250e-01,5.189206246911236553e-01,-3.486678412391578524e-02,6.107843188323770767e-02,2.910449945849633568e-01,4.076519932792438405e-01,-2.579238014755338981e-01,3.005535091879703302e-02,-3.153406545999744015e-01,-3.505902644247685385e-01,-2.980683328972852375e-01,1.149758028527608639e-01,2.776171923145965281e-01,1.803788012579610467e-01,-1.424019149035632426e-01,0.000000000000000000e+00,0.000000000000000000e+00,5.459904945236705442e-01,5.087341357826116184e-01,-2.102711371020621611e-01,-5.251359068341517888e-01,0.000000000000000000e+00,0.000000000000000000e+00,0.000000000000000000e+00,4.268924687263596085e-01,-9.074363581314376370e-01,3.017360271603971578e-01,-5.663270097828738692e-01,0.000000000000000000e+00,0.000000000000000000e+00,0.000000000000000000e+00
-1.650337259223994685e-02,-8.446660577108425771e-01,8.997785701493631327e-01,-4.493702594102437844e-03,2.398254036435243028e-02,8.546849867263582867e-01,5.185732521633097392e-01,-3.281533441121034511e-02,6.160404960776313943e-02,2.899348521263644396e-01,4.073686051083924564e-01,-2.565356252244636592e-01,3.059298637174364191e-02,-3.140915592532746436e-01,-3.500639157794139811e-01,-2.955895743785045271e-01,1.167442673339502690e-01,2.777241782544467852e-01,1.785445239186402300e-01,-1.431035117721930483e-01,0.000000000000000000e+00,0.000000000000000000e+00,5.476628444092368486e-01,5.131328966347051823e-01,-2.104935876507244563e-01,-5.260322492337172751e-01,0.000000000000000000e+00,0.000000000000000000e+00,0.000000000000000000e+00,4.294516468150355593e-01,-9.103239184492131209e-01,3.006021336840645763e-01,-5.685767193990191037e-01,0.000000000000000000e+00,0.000000000000000000e+00,0.000000000000000000e+00
-1.672964572600616623e-02,-8.437527797590929080e-01,9.001933616513461134e-01,-5.607101202083146843e-03,2.404042065828450314e-02,8.543055643945852706e-01,5.191845733793816198e-01,-3.270869154426202241e-02,6.175950725806019642e-02,2.869400472547156689e-01,4.040235058354587072e-01,-2.521952232268925842e-01,2.692228013512477230e-02,-3.159474983931671588e-01,-3.477093837678283950e-01,-2.939715244870886313e-01,1.188150889859308085e-01,2.732587369187777226e-01,1.775538925592024531e-01,-1.429923793904453733e-01,0.000000000000000000e+00,0.000000000000000000e+00,5.526679331992565558e-01,5.157017634733962463e-01,-2.085270288251966087e-01,-5.234226762193746607e-01,0.000000000000000000e+00,0.000000000000000000e+00,0.000000000000000000e+00,4.321209921214463345e-01,-9.095782750354857171e-01,3.000621757547272672e-01,-5.701320581955898747e-01,0.000000000000000000e+00,0.000000000000000000e+00,0.000000000000000000e+00
-1.693738455364383541e-02,-8.429377727005697984e-01,8.997694887460522262e-01,-4.992534487311890354e-03,2.365764712439544226e-02,8.536187780616634191e-01,5.203367871604336337e-01,-3.199732302055423305e-02,6.262772462384694205e-02,2.880386468516692444e-01,4.086780459405675026e-01,-2.526053384203784113e-01,3.030232348562748521e-02,-3.151901603989464284e-01,-3.474303399508519297e-01,-2.940910308563995934e-01,1.202314333488388454e-01,2.706331442049539904e-01,1.772759526822345333e-01,-1.416956803336291704e-01,0.000000000000000000e+00,0.000000000000000000e+00,5.553111248169440017e-01,5.150138595531019714e-01,-2.085451748315836629e-01,-5.246529623433813239e-01,0.000000000000000000e+00,0.000000000000000000e+00,0.000000000000000000e+00,4.335841929472004086e-01,-9.091544144047620790e-01,2.997790162703055095e-01,-5.722798016710760605e-01,0.000000000000000000e+00,0.000000000000000000e+00,0.000000000000000000e+00
-1.724553671234798150e-02,-8.419071907229858098e-01,8.998643425655158401e-01,-6.062177137597620988e-03,2.353909903021976849e-02,8.529838545397254723e-01,5.213709856903717688e-01,-3.173830997945888133e-02,6.386270276727101791e-02,2.882995376563234347e-01,4.078066212007812052e-01,-2.540085370490760552e-01,3.245717272253725166e-02,-3.165436303221196845e-01,-3.445951886018228660e-01,-2.919114875676097620e-01,1.209084677848030476e-01,2.681214169981678275e-01,1.800849041292190145e-01,-1.412217953345081267e-01,0.000000000000000000e+00,0.000000000000000000e+00,5.605128699645831603e-01,5.183702440251432009e-01,-2.098674318402929395e-01,-5.263367447208683325e-01,0.000000000000000000e+00,0.000000000000000000e+00,0.000000000000000000e+00,4.362995995030064522e-01,-9.093746976033226792e-01,3.021926265138370482e-01,-5.726631126348999956e-01,0.000000000000000000e+00,0.000000000000000000e+00,0.000000000000000000e+00
-1.732875410607513308e-02,-8.410557936462785822e-01,8.997632801164326954e-01,-6.372749126219377433e-03,2.326743998414503717e-02,8.524195650260825152e-01,5.223015407462459070e-01,-3.236462283229694231e-02,6.545176529604086746e-02,2.882302119465986467e-01,4.107597108462375801e-01,-2.519859295594544246e-01,3.239428067543895229e-02,-3.170349851616451331e-01,-3.427806883881299171e-01,-2.910068452280022422e-01,1.224090238089645538e-01,2.636451583594707215e-01,1.801583812022494457e-01,-1.400234501117667840e-01,0.000000000000000000e+00,0.000000000000000000e+00,5.630662599895672749e-01,5.247961178570875740e-01,-2.105922160213459515e-01,-5.276482428325730556e-01,0.000000000000000000e+00,0.000000000000000000e+00,0.000000000000000000e+00,4.359625495100452608e-01,-9.113716349158763608e-01,3.034191653193122340e-01,-5.748211267179755835e-01,0.000000000000000000e+00,0.000000000000000000e+00,0.000000000000000000e+00
-1.729858604264870869e-02,-8.400896686775262134e-01,9.002441159325414999e-01,-6.747401674320157965e-03,2.389313565620827112e-02,8.522709554836690460e-01,5.225110612016868883e-01,-2.989139567587497173e-02,6.454429253526215715e-02,2.879163944257027152e-01,4.036605704860933841e-01,-2.456463077190855770e-01,2.714232482987913656e-02,-3.180899568288245716e-01,-3.418181411734079744e-01,-2.865959115047133077e-01,1.227479624689017251e-01,2.640168466051796559e-01,1.798920404835695763e-01,-1.430001712240396294e-01,0.000000000000000000e+00,0.000000000000000000e+00,5.694196704102717499e-01,5.271244131528035615e-01,-2.079986239700152284e-01,-5.256402928434208421e-01,0.000000000000000000e+00,0.000000000000000000e+00,0.000000000000000000e+00,4.366035992847326352e-01,-9.080702102245330476e-01,3.021026263828632819e-01,-5.751238070040883832e-01,0.000000000000000000e+00,0.000000000000000000e+00,0.000000000000000000e+00
-1.723362034194511269e-02,-8.392089008452762178e-01,9.005959650860699828e-01,-7.075009612840804304e-03,2.371858124348967534e-02,8.523789551572290568e-01,5.223384821625194352e-01,-2.843578978622702050e-02,6.659103375720648588e-02,2.893499308075818122e-01,4.009679740775220491e-01,-2.375275980501338480e-01,2.267017958089113591e-02,-3.167161672366691771e-01,-3.406257352382565107e-01,-2.886948860832821429e-01,1.222651097208462545e-01,2.627951070311740911e-01,1.762861536129402273e-01,-1.424386687150005493e-01,0.000000000000000000e+00,0.000000000000000000e+00,5.711726027244202752e-01,5.298007641166361248e-01,-2.067829277636892837e-01,-5.257437604977958090e-01,0.000000000000000000e+00,0.000000000000000000e+00,0.000000000000000000e+00,4.391128194837487508e-01,-9.071782930825652569e-01,3.021196570647032842e-01,-5.762481855079790716e-01,0.000000000000000000e+00,0.000000000000000000e+00,0.000000000000000000e+00
-1.724311377530874864e-02,-8.384323760252686553e-01,9.005747888340227547e-01,-7.367609363699496525e-03,2.376716607555540844e-02,8.519306873731616880e-01,5.230630402359672804e-01,-2.746354428232660946e-02,6.678430499051649094e-02,2.891667257939993241e-01,3.995654340774348889e-01,-2.363691752757016151e-01,2.359939791170023379e-02,-3.165027309985923298e-01,-3.396975488324408543e-01,-2.894891367401165594e-01,1.216499742157143155e-01,2.616340278898537375e-01,1.790699830937267922e-01,-1.426482344417024373e-01,0.000000000000000000e+00,0.000000000000000000e+00,5.752853285944488082e-01,5.295672762835328395e-01,-2.054783076538194975e-01,-5.258115601089583535e-01,0.000000000000000000e+00,0.000000000000000000e+00,0.000000000000000000e+00,4.419656309332625765e-01,-9.065217440623188905e-01,3.010117478194214158e-01,-5.765266756669130688e-01,0.000000000000000000e+00,0.000000000000000000e+00,0.000000000000000000e+00
-1.708941085414353994e-02,-8.378867648666724621e-01,9.009158231249743132e-01,-7.417961392789834338e-03,2.384440190624138867e-02,8.521828052618076743e-01,5.226479549014083625e-01,-2.571543922783255109e-02,6.714049924727050200e-02,2.889601650082725959e-01,3.955703903732249449e-01,-2.307269806473240259e-01,1.937127079428598020e-02,-3.161428823302739888e-01,-3.391138511138097611e-01,-2.881859402814018756e-01,1.224164299594032862e-01,2.596990511129940726e-01,1.756118084057032569e-01,-1.435980498060564770e-01,0.000000000000000000e+00,0.000000000000000000e+00,5.763399376006683728e-01,5.337518048564399153e-01,-2.071780643103050545e-01,-5.248022125713465158e-01,0.000000000000000000e+00,0.000000000000000000e+00,0.000000000000000000e+00,4.426568513950279171e-01,-9.059700678803515039e-01,3.024696977816935806e-01,-5.771200957586399838e-01,0.000000000000000000e+00,0.000000000000000000e+00,0.000000000000000000e+00
-1.702176546336831714e-02,-8.374425173213764229e-01,9.008479163535392242e-01,-7.007924691094775602e-03,2.344623906764449484e-02,8.520458869491885912e-01,5.228947976391395969e-01,-2.439475508673267373e-02,6.883835974499233346e-02,2.909298704206999542e-01,3.967059292755554800e-01,-2.277205662745174497e-01,1.623944958448593837e-02,-3.151841699931176577e-01,-3.385842452748295539e-01,-2.881135629378557272e-01,1.232398155646277221e-01,2.598684587608822705e-01,1.741161865162846045e-01,-1.429312185608094532e-01,0.000000000000000000e+00,0.000000000000000000e+00,5.770018152256942701e-01,5.354424525673546764e-01,-2.057372363689506101e-01,-5.268878693585368200e-01,0.000000000000000000e+00,0.000000000000000000e+00,0.000000000000000000e+00,4.444357449673828064e-01,-9.041387648980602210e-01,3.010968630376477106e-01,-5.767541012117952670e-01,0.000000000000000000e+00,0.000000000000000000e+00,0.000000000000000000e+00
-1.712324172411765211e-02,-8.371317678303265009e-01,9.007914945337415213e-01,-7.296695296158985967e-03,2.292647562537394879e-02,8.513148400472202448e-01,5.241032131827936258e-01,-2.555623305334739706e-02,6.896811722761528318e-02,2.871763504091637831e-01,3.995852758476767796e-01,-2.272566405344386697e-01,1.918007114836977126e-02,-3.155644767781567994e-01,-3.356217174336990072e-01,-2.848821413877150599e-01,1.232312108111035809e-01,2.573325306239825361e-01,1.749984605428147599e-01,-1.406839532568059659e-01,0.000000000000000000e+00,0.000000000000000000e+00,5.781983067945656307e-01,5.355739171371466378e-01,-2.048314501864576254e-01,-5.273677634089648514e-01,0.000000000000000000e+00,0.000000000000000000e+00,0.000000000000000000e+00,4.431934665094509063e-01,-9.061016514027833146e-01,3.027316359196262630e-01,-5.784149713294602924e-01,0.000000000000000000e+00,0.000000000000000000e+00,0.000000000000000000e+00
-1.725526197686538116e-02,-8.368579955687532879e-01,9.007097244779073142e-01,-7.380713799894494942e-03,2.331679720585651955e-02,8.503646051529770711e-01,5.256252375361035734e-01,-2.487460689448998952e-02,6.811691829679800136e-02,2.890442792895460689e-01,3.988412596298045454e-01,-2.278954579583817031e-01,2.062438783148339005e-02,-3.172494906987560204e-01,-3.350845709775395753e-01,-2.832695647093425029e-01,1.233604115416487013e-01,2.562554865315048724e-01,1.750790726642880435e-01,-1.410699111703777597e-01,0.000000000000000000e+00,0.000000000000000000e+00,5.823630757307165506e-01,5.361358925530351760e-01,-2.040292422146703644e-01,-5.273074626413242205e-01,0.000000000000000000e+00,0.000000000000000000e+00,0.000000000000000000e+00,4.407693497332328958e-01,-9.076509771326082276e-01,3.056192070930699445e-01,-5.796858319693267703e-01,0.000000000000000000e+00,0.000000000000000000e+00,0.000000000000000000e+00
-1.746936765371103623e-02,-8.367173881600010743e-01,9.005994668885162202e-01,-7.704964866109139179e-03,2.280595252196942341e-02,8.499457201128844952e-01,5.263200498819767814e-01,-2.613419911917379268e-02,6.925894304540113067e-02,2.878571584282275664e-01,4.024277721465883140e-01,-2.289686548096512841e-01,2.081319744982000272e-02,-3.177524764135969404e-01,-3.339055658740684995e-01,-2.847270502939287518e-01,1.251136184264710349e-01,2.524984062456759881e-01,1.751832032360169100e-01,-1.388673652945903170e-01,0.000000000000000000e+00,0.000000000000000000e+00,5.825815717785733927e-01,5.346725477286811135e-01,-2.038699816848406621e-01,-5.292400640567965775e-01,0.000000000000000000e+00,0.000000000000000000e+00,0.000000000000000000e+00,4.415883516699753431e-01,-9.057898651664705314e-01,3.072691318662637561e-01,-5.804124373355575850e-01,0.000000000000000000e+00,0.000000000000000000e+00,0.000000000000000000e+00
-1.770745019284280034e-02,-8.366303147695342002e-01,9.002489215147602142e-01,-7.826980349056548297e-03,2.275561851769735897e-02,8.494865018779651500e-01,5.270612899195205037e-01,-2.775216481781850320e-02,6.943736856469055752e-02,2.878227746376237906e-01,4.065926518331273720e-01,-2.317232839664791766e-01,2.373398581644536529e-02,-3.188997939598601228e-01,-3.334602092999449097e-01,-2.831468182790830568e-01,1.254475768343545905e-01,2.538223432339892782e-01,1.761507596169856471e-01,-1.384762762763905863e-01,0.000000000000000000e+00,0.000000000000000000e+00,5.841105559811680115e-01,5.332209472725271127e-01,-2.043185968997307256e-01,-5.291057973698853889e-01,0.000000000000000000e+00,0.000000000000000000e+00,0.000000000000000000e+00,4.406297251031213724e-01,-9.077750255940493229e-01,3.091450242837004425e-01,-5.798808288545238554e-01,0.000000000000000000e+00,0.000000000000000000e+00,0.000000000000000000e+00
-1.804133483828783760e-02,-8.365824693918368915e-01,8.999904882926493821e-01,-7.741940377631631801e-03,2.213338699414239136e-02,8.496084063510539464e-01,5.268925235728608714e-01,-2.647579091229422185e-02,7.066943713579521003e-02,2.898072515448490982e-01,4.078039068838358316e-01,-2.397415896413711833e-01,2.928081270012018733e-02,-3.187685314633718625e-01,-3.327886678023819211e-01,-2.807971680162517081e-01,1.275012967318906176e-01,2.516310634185201511e-01,1.770584476074613667e-01,-1.407313295685672927e-01,0.000000000000000000e+00,0.000000000000000000e+00,5.853383922039521181e-01,5.289725469004509240e-01,-2.040093709002168687e-01,-5.336418706617644947e-01,0.000000000000000000e+00,0.000000000000000000e+00,0.000000000000000000e+00,4.417277048714634002e-01,-9.072177528229901089e-01,3.058632321063126103e-01,-5.804579601941930456e-01,0.000000000000000000e+00,0.000000000000000000e+00,0.000000000000000000e+00
-1.833722347320127996e-02,-8.363954981440819836e-01,9.000620820585604198e-01,-8.438739185604541074e-03,2.205318346937093499e-02,8.494911571233069170e-01,5.270742061125052169e-01,-2.650315511817475517e-02,7.173493929830815352e-02,2.916932057509682430e-01,4.070314859060559787e-01,-2.418018582163988517e-01,2.980261623141646984e-02,-3.205911934377324579e-01,-3.316675225399632332e-01,-2.784872994498148735e-01,1.294899116732505240e-01,2.506404021705854190e-01,1.790686162557356409e-01,-1.417754723263658645e-01,0.000000000000000000e+00,0.000000000000000000e+00,5.866410077544695900e-01,5.277353084962217444e-01,-2.056899423657276849e-01,-5.336073876649229941e-01,0.000000000000000000e+00,0.000000000000000000e+00,0.000000000000000000e+00,4.420459091732025225e-01,-9.083150138848289368e-01,3.049758975820930362e-01,-5.783220636071449983e-01,0.000000000000000000e+00,0.000000000000000000e+00,0.000000000000000000e+00
-1.839407055676838681e-02,-8.362827084119760501e-01,9.003521774592443405e-01,-8.779818935102899624e-03,2.253617067805550878e-02,8.502690747231348434e-01,5.257922939337350554e-01,-2.614829329209537173e-02,7.087665274713014774e-02,2.902673161248954803e-01,4.027127094562439891e-01,-2.392750019488299185e-01,2.559552995648591706e-02,-3.197313434566417256e-01,-3.331428001872531186e-01,-2.809583736763074935e-01,1.280748999356920992e-01,2.510742836446254733e-01,1.786237121531696059e-01,-1.427202332656095918e-01,0.000000000000000000e+00,0.000000000000000000e+00,5.862616613095487095e-01,5.284467375978907366e-01,-2.054838167282209138e-01,-5.319962816256640359e-01,0.000000000000000000e+00,0.000000000000000000e+00,0.000000000000000000e+00,4.445998041600268125e-01,-9.065374215058726870e-01,3.044280929980949235e-01,-5.791224671655080813e-01,0.000000000000000000e+00,0.000000000000000000e+00,0.000000000000000000e+00
-1.850996979922000379e-02,-8.362377980977283576e-01,8.999884843304591930e-01,-8.331122713385402667e-03,2.195798174153047733e-02,8.486083428372777071e-01,5.285000661297416524e-01,-2.600864439264953878e-02,7.128419016084286408e-02,2.914186098661967206e-01,4.073236731324028637e-01,-2.394030351648558652e-01,2.934541634477827801e-02,-3.216262296990423097e-01,-3.312072006145487801e-01,-2.790686163247320106e-01,1.308275035024162591e-01,2.504335656452890135e-01,1.789714815772392720e-01,-1.418276722185117522e-01,0.000000000000000000e+00,0.000000000000000000e+00,5.899380630711170692e-01,5.275391157005333564e-01,-2.033089897171942995e-01,-5.324840748989962957e-01,0.000000000000000000e+00,0.000000000000000000e+00,0.000000000000000000e+00,4.412171875265382126e-01,-9.084753413874960826e-01,3.050460459946352509e-01,-5.791157900784171808e-01,0.000000000000000000e+00,0.000000000000000000e+00,0.000000000000000000e+00
-1.842562149427813892e-02,-8.361871319433603622e-01,9.000152349090121406e-01,-7.914708022108210561e-03,2.186605857581954207e-02,8.487540117570552267e-01,5.282763106609905668e-01,-2.500431434808531028e-02,7.013135465665917834e-02,2.888443595734380143e-01,4.065189508177711741e-01,-2.406958795723235789e-01,2.976785319563645879e-02,-3.214420334815288882e-01,-3.310983754653170630e-01,-2.758187247936682573e-01,1.319971231623311425e-01,2.492832651342591355e-01,1.789442931710773232e-01,-1.416307606775309424e-01,0.000000000000000000e+00,0.000000000000000000e+00,5.891188799262443432e-01,5.287771966688024072e-01,-2.039990534469708350e-01,-5.333236525394342564e-01,0.000000000000000000e+00,0.000000000000000000e+00,0.000000000000000000e+00,4.411028893838446208e-01,-9.069673003525996480e-01,3.066756560571921586e-01,-5.798911809566045239e-01,0.000000000000000000e+00,0.000000000000000000e+00,0.000000000000000000e+00
-1.828992104932724086e-02,-8.360731026327634652e-01,9.000636526948867511e-01,-8.444933369155551567e-03,2.217665768347151095e-02,8.484561047141961909e-01,5.287335031257175411e-01,-2.725995667148365872e-02,7.064555788234444522e-02,2.886189713274926461e-01,4.079725645154519409e-01,-2.360901422174643272e-01,2.774115920057814919e-02,-3.230915176430451674e-01,-3.303029521796111423e-01,-2.751645388991518226e-01,1.321493664286464420e-01,2.481116312686025283e-01,1.782856711703744712e-01,-1.404263962021989054e-01,0.000000000000000000e+00,0.000000000000000000e+00,5.895483127141263324e-01,5.324137150825785092e-01,-2.048183583228617155e-01,-5.316159420894608356e-01,0.000000000000000000e+00,0.000000000000000000e+00,0.000000000000000000e+00,4.403040319145886117e-01,-9.087238556142241963e-01,3.080367519645601515e-01,-5.796321143115095165e-01,0.000000000000000000e+00,0.000000000000000000e+00,0.000000000000000000e+00
-1.821548149483718376e-02,-8.360000227426180874e-01,8.998537470813898764e-01,-7.859093315893211917e-03,2.193210525791203236e-02,8.479302999994464685e-01,5.295955284498310434e-01,-2.484677263436155248e-02,7.118743701464032292e-02,2.919220171948589404e-01,4.077169543878175761e-01,-2.395248675942172334e-01,2.801362820714865809e-02,-3.229235606068656672e-01,-3.307400347806174756e-01,-2.765788066102010667e-01,1.333011148173474103e-01,2.492572283098716257e-01,1.811488406829298570e-01,-1.395944885499228183e-01,0.000000000000000000e+00,0.000000000000000000e+00,5.892949483999009308e-01,5.315696358304886626e-01,-2.051346851057808396e-01,-5.340608264983129905e-01,0.000000000000000000e+00,0.000000000000000000e+00,0.000000000000000000e+00,4.380365524011686218e-01,-9.097411513146331785e-01,3.077058477500287936e-01,-5.799464286541078373e-01,0.000000000000000000e+00,0.000000000000000000e+00,0.000000000000000000e+00
-1.804791463346235372e-02,-8.359196915889035573e-01,9.000578910913873409e-01,-8.201351094585331708e-03,2.238126409235514577e-02,8.482144710520884701e-01,5.291162707342086380e-01,-2.504929958606470775e-02,7.052151936661887888e-02,2.909547669194073594e-01,4.049288112109468152e-01,-2.375620590470026716e-01,2.648660230881278582e-02,-3.244880129388820755e-01,-3.308741737673070449e-01,-2.750751703392895209e-01,1.343348378454933267e-01,2.501956648401681971e-01,1.773528221579768471e-01,-1.417478468349488430e-01,0.000000000000000000e+00,0.000000000000000000e+00,5.904513963746351735e-01,5.341981165558341571e-01,-2.031291844911487510e-01,-5.328886281696001426e-01,0.000000000000000000e+00,0.000000000000000000e+00,0.000000000000000000e+00,4.379800000319361009e-01,-9.088132168176334957e-01,3.070435282174168723e-01,-5.803857595041035378e-01,0.000000000000000000e+00,0.000000000000000000e+00,0.000000000000000000e+00
-1.797239553429821890e-02,-8.358898544901588457e-01,8.998766860638963694e-01,-8.250442736013484726e-03,2.223372191294751068e-02,8.475672928516519988e-01,5.301577839593398789e-01,-2.643387135219081585e-02,7.009221473959065252e-02,2.885893462007685373e-01,4.078578485715331770e-01,-2.372272594810179991e-01,2.924966603903349574e-02,-3.259404871419220862e-01,-3.292466624137305176e-01,-2.719255937339596363e-01,1.348448413708618898e-01,2.511989902455469270e-01,1.757012542113547127e-01,-1.411673623312092174e-01,0.000000000000000000e+00,0.000000000000000000e+00,5.919561545035564309e-01,5.346728981155126625e-01,-2.020608400234173430e-01,-5.353738262517013791e-01,0.000000000000000000e+00,0.000000000000000000e+00,0.000000000000000000e+00,4.372025469414290155e-01,-9.089618556072753819e-01,3.076063778683498229e-01,-5.815384293518928160e-01,0.000000000000000000e+00,0.000000000000000000e+00,0.000000000000000000e+00
-1.793608275935205595e-02,-8.358424815315104173e-01,8.996189650553726436e-01,-8.409627709287537806e-03,2.238129088974250697e-02,8.472817327710477908e-01,5.306053347756589655e-01,-2.724196037350738731e-02,7.065613733278086617e-02,2.905269893679239823e-01,4.098096206369822303e-01,-2.406023079128045417e-01,3.120997938984150857e-02,-3.267045723761689557e-01,-3.297307880604969932e-01,-2.738698739192320653e-01,1.351897083788846654e-01,2.495713986348467861e-01,1.788335205735683830e-01,-1.415692375417122451e-01,0.000000000000000000e+00,0.000000000000000000e+00,5.929807521286971639e-01,5.345411903925001429e-01,-2.025553651246785325e-01,-5.377702877322344532e-01,0.000000000000000000e+00,0.000000000000000000e+00,0.000000000000000000e+00,4.363489474501932586e-01,-9.103672165163212426e-01,3.075158662610498750e-01,-5.826310386761274218e-01,0.000000000000000000e+00,0.000000000000000000e+00,0.000000000000000000e+00
-1.789508768358616386e-02,-8.358391342855888695e-01,8.996160703775628598e-01,-8.497294221792971863e-03,2.224537001186088422e-02,8.465675014858611291e-01,5.317484414005635429e-01,-2.732513819622006679e-02,6.992045450705511311e-02,2.880967735698978238e-01,4.099712326022724174e-01,-2.418457380360791997e-01,3.075774291411535397e-02,-3.290556362149686387e-01,-3.282598332848703504e-01,-2.710787488493525688e-01,1.382106941420372659e-01,2.471571221743303348e-01,1.769040356608483910e-01,-1.440898440625637267e-01,0.000000000000000000e+00,0.000000000000000000e+00,5.973873968755474273e-01,5.319600528488696023e-01,-1.989978267061633943e-01,-5.355467603158906575e-01,0.000000000000000000e+00,0.000000000000000000e+00,0.000000000000000000e+00,4.337589467491679840e-01,-9.091771307958698145e-01,3.057429186623685791e-01,-5.824094555338060752e-01,0.000000000000000000e+00,0.000000000000000000e+00,0.000000000000000000e+00
-1.782709057676390776e-02,-8.356866170948572536e-01,8.994951563282602702e-01,-8.658221634098642316e-03,2.282285783481349806e-02,8.466992239804245202e-01,5.315115957995011353e-01,-2.729573649642641486e-02,6.875230638481653889e-02,2.880784722520230989e-01,4.083638768550084674e-01,-2.447103186909588557e-01,3.232781093554430718e-02,-3.300362899542541029e-01,-3.291054539942274149e-01,-2.694405590952763108e-01,1.379841230930441975e-01,2.476871316311083371e-01,1.802839195015835394e-01,-1.437456773113111874e-01,0.000000000000000000e+00,0.000000000000000000e+00,5.963534054961469044e-01,5.335931553906814173e-01,-2.001457226975484893e-01,-5.378233810969913486e-01,0.000000000000000000e+00,0.000000000000000000e+00,0.000000000000000000e+00,4.340792365693829646e-01,-9.101404622963712443e-01,3.066980566213550197e-01,-5.841502337386249577e-01,0.000000000000000000e+00,0.000000000000000000e+00,0.000000000000000000e+00
-1.768457030199748620e-02,-8.355465603204953462e-01,8.997577000427060545e-01,-9.270861431680234993e-03,2.372612591251059902e-02,8.467956614894691647e-01,5.313080366041050828e-01,-2.735737246218863938e-02,6.747107882421132796e-02,2.876263872283580381e-01,4.035902100754617527e-01,-2.420286113555942531e-01,2.689154248621929838e-02,-3.309099993938328099e-01,-3.298082619728603393e-01,-2.706345538133010376e-01,1.361175465161695852e-01,2.472993772474129659e-01,1.808692131562645855e-01,-1.452607935519878712e-01,0.000000000000000000e+00,0.000000000000000000e+00,5.979354777141767663e-01,5.359353344554438348e-01,-1.993327833054259479e-01,-5.357845789928341595e-01,0.000000000000000000e+00,0.000000000000000000e+00,0.000000000000000000e+00,4.343199815274184639e-01,-9.079007038648473360e-01,3.061446833018365843e-01,-5.849517944315093532e-01,0.000000000000000000e+00,0.000000000000000000e+00,0.000000000000000000e+00
-1.760548626273782113e-02,-8.353378028863690519e-01,8.998338743028361231e-01,-9.325122987503750571e-03,2.449546461147889681e-02,8.466949556835314805e-01,5.314326545431667936e-01,-2.657359783059006636e-02,6.635617014293906935e-02,2.898142097109709381e-01,4.001276681631191212e-01,-2.385906229150902003e-01,2.830013681661201069e-02,-3.310746333180287215e-01,-3.307755228462990749e-01,-2.710762355532977397e-01,1.335105971291084270e-01,2.513572504692033194e-01,1.801511231499719756e-01,-1.460170546533068880e-01,0.000000000000000000e+00,0.000000000000000000e+00,5.997075185279927556e-01,5.372252574828021432e-01,-2.004225908027266467e-01,-5.347822124181632608e-01,0.000000000000000000e+00,0.000000000000000000e+00,0.000000000000000000e+00,4.346451751441046119e-01,-9.089287217849363332e-01,3.087788667485360516e-01,-5.839675882383121852e-01,0.000000000000000000e+00,0.000000000000000000e+00,0.000000000000000000e+00
-1.755815431437459176e-02,-8.352955752094555208e-01,8.999108894330101194e-01,-9.509569182323020231e-03,2.460010880594574664e-02,8.471444087295875169e-01,5.307077854138734230e-01,-2.617969546751454379e-02,6.567630709450338056e-02,2.875753852883872197e-01,3.977337128121851140e-01,-2.404062825234621892e-01,2.713270689555793286e-02,-3.303449494739039149e-01,-3.316190853478862000e-01,-2.739416998435849071e-01,1.332298639705719601e-01,2.485056372783163992e-01,1.804217799593946514e-01,-1.464557523123579119e-01,0.000000000000000000e+00,0.000000000000000000e+00,5.982982060043737782e-01,5.385894453558858208e-01,-2.032223658159918456e-01,-5.360435127256194532e-01,0.000000000000000000e+00,0.000000000000000000e+00,0.000000000000000000e+00,4.348877423922561380e-01,-9.108790910619012360e-01,3.102690151656841699e-01,-5.858317913588761972e-01,0.000000000000000000e+00,0.000000000000000000e+00,0.000000000000000000e+00
-1.755719624479516391e-02,-8.351177233804266686e-01,8.998792162094394476e-01,-9.935489539603003378e-03,2.467732523528661653e-02,8.470425566022610209e-01,5.308589482824470629e-01,-2.763754466166532670e-02,6.609300630272087196e-02,2.868794964489239097e-01,3.988534098779985548e-01,-2.388861062894343246e-01,2.776527909884507830e-02,-3.319172875398374578e-01,-3.312137032714444485e-01,-2.735739058536478807e-01,1.347699768886636007e-01,2.484455191582000955e-01,1.799506800411505569e-01,-1.452419087352926907e-01,0.000000000000000000e+00,0.000000000000000000e+00,5.980978463304803538e-01,5.410544370901287925e-01,-2.028773046240510136e-01,-5.369199607692877185e-01,0.000000000000000000e+00,0.000000000000000000e+00,0.000000000000000000e+00,4.359746040156675106e-01,-9.127927962125157446e-01,3.099343929186570423e-01,-5.849034006560108745e-01,0.000000000000000000e+00,0.000000000000000000e+00,0.000000000000000000e+00
-1.756217483118188011e-02,-8.348896054124970156e-01,9.000568745169924556e-01,-1.012944639672544098e-02,2.508586085750630704e-02,8.468439600339005002e-01,5.311528981892457146e-01,-2.634113640909747922e-02,6.566713487520678405e-02,2.885986347526357521e-01,3.953263211408397648e-01,-2.378514057841788210e-01,2.655393230589056519e-02,-3.310385572344065053e-01,-3.311889269627543153e-01,-2.748553014878210576e-01,1.316406166392123378e-01,2.490290195447319166e-01,1.817911866585351643e-01,-1.452858852555987679e-01,0.000000000000000000e+00,0.000000000000000000e+00,5.995758739158003614e-01,5.392705647543202252e-01,-2.040912644058254510e-01,-5.358492119375692919e-01,0.000000000000000000e+00,0.000000000000000000e+00,0.000000000000000000e+00,4.360084904572297804e-01,-9.134595332761273889e-01,3.110192985348542716e-01,-5.876885626598394863e-01,0.000000000000000000e+00,0.000000000000000000e+00,0.000000000000000000e+00
-1.764639541204359244e-02,-8.346553842246686727e-01,9.001804510557472883e-01,-1.038280080138122979e-02,2.526368042729295119e-02,8.465003362822884903e-01,5.316870551111424481e-01,-2.609638425364908115e-02,6.482708044588635088e-02,2.874662298762281631e-01,3.936573621672230794e-01,-2.354325795939712640e-01,2.710486072903645072e-02,-3.318918193622036883e-01,-3.301572103108335599e-01,-2.723850486295119611e-01,1.311787598365213581e-01,2.505938408584631460e-01,1.807314238653636718e-01,-1.461745094176396531e-01,0.000000000000000000e+00,0.000000000000000000e+00,6.018922915325719547e-01,5.396548916332558621e-01,-2.033760202516736448e-01,-5.349331340537580859e-01,0.000000000000000000e+00,0.000000000000000000e+00,0.000000000000000000e+00,4.353699903682367034e-01,-9.132292484873215654e-01,3.118805776070559532e-01,-5.872339433956897947e-01,0.000000000000000000e+00,0.000000000000000000e+00,0.000000000000000000e+00
-1.774112719222432910e-02,-8.345828254836841209e-01,9.001019773881734354e-01,-1.035600729489546262e-02,2.479022992721197083e-02,8.462495597704193795e-01,5.321088988181229551e-01,-2.555690180764798314e-02,6.505717529027681134e-02,2.861707658888171801e-01,3.945029996114769455e-01,-2.383864250742895319e-01,2.843191379330699264e-02,-3.321109043219766521e-01,-3.286831033429022386e-01,-2.699986890907868919e-01,1.325447872359629686e-01,2.479814304905021971e-01,1.797435969684072765e-01,-1.473933279094117310e-01,0.000000000000000000e+00,0.000000000000000000e+00,6.026143791479283696e-01,5.391410738250288492e-01,-2.031984991516269101e-01,-5.361183628275579816e-01,0.000000000000000000e+00,0.000000000000000000e+00,0.000000000000000000e+00,4.331081188699416051e-01,-9.155364673630298489e-01,3.114798851348434261e-01,-5.875383124692099557e-01,0.000000000000000000e+00,0.000000000000000000e+00,0.000000000000000000e+00
-1.783243980343132348e-02,-8.344604536313650067e-01,8.999926501318934458e-01,-1.106748675633344517e-02,2.515531519932843324e-02,8.462349142847792605e-01,5.321007336017805622e-01,-2.730945155136513952e-02,6.527366966202315102e-02,2.860873438013004644e-01,3.952475056158845645e-01,-2.398394253078735550e-01,2.670337159623849266e-02,-3.322925984025625334e-01,-3.285163245875821203e-01,-2.710322542195868767e-01,1.296639637189284933e-01,2.484199412750432989e-01,1.829610802672934633e-01,-1.483951736040073632e-01,0.000000000000000000e+00,0.000000000000000000e+00,6.032377053263279221e-01,5.381200959287799623e-01,-2.034164650605408686e-01,-5.377915646964744889e-01,0.000000000000000000e+00,0.000000000000000000e+00,0.000000000000000000e+00,4.327686954362515159e-01,-9.161603404327242073e-01,3.132275681400229494e-01,-5.873853727748370446e-01,0.000000000000000000e+00,0.000000000000000000e+00,0.000000000000000000e+00
-1.784373366952890852e-02,-8.344467761000485817e-01,8.999425489256861477e-01,-1.079983651799201749e-02,2.480025833129044510e-02,8.458000474455680262e-01,5.328138422178617661e-01,-2.645222863447817263e-02,6.566001389336338645e-02,2.864462288524510791e-01,3.959785577009684587e-01,-2.401620389750803441e-01,2.597865998212828612e-02,-3.315789584276856439e-01,-3.281961991177591575e-01,-2.733849819525898672e-01,1.297444534238053060e-01,2.473642924855220526e-01,1.827125807064277074e-01,-1.477511265054687883e-01,0.000000000000000000e+00,0.000000000000000000e+00,6.034097340574369195e-01,5.384067820037536922e-01,-2.019018833053611572e-01,-5.391114232545058949e-01,0.000000000000000000e+00,0.000000000000000000e+00,0.000000000000000000e+00,4.312823761343359541e-01,-9.164053601123054449e-01,3.127122134424585309e-01,-5.868173833242776860e-01,0.000000000000000000e+00,0.000000000000000000e+00,0.000000000000000000e+00
-1.776370401193413592e-02,-8.344696806739761996e-01,8.997253605678016131e-01,-1.034591689846014323e-02,2.445861227329621662e-02,8.458438258580519564e-01,5.327691437639834326e-01,-2.523163058955572857e-02,6.561483039007760809e-02,2.853934851115536020e-01,3.957201468128181965e-01,-2.417198984382422366e-01,2.602239626126788552e-02,-3.308306236808498668e-01,-3.277901818234010278e-01,-2.710546386581602629e-01,1.297233823621244397e-01,2.481986381243088680e-01,1.833487993843605779e-01,-1.493747407858641019e-01,0.000000000000000000e+00,0.000000000000000000e+00,6.036879391510506787e-01,5.360449426193791833e-01,-2.008189739329546974e-01,-5.408633752884720591e-01,0.000000000000000000e+00,0.000000000000000000e+00,0.000000000000000000e+00,4.312819220760455985e-01,-9.158125557565287567e-01,3.102655923941043392e-01,-5.875957427113465137e-01,0.000000000000000000e+00,0.000000000000000000e+00,0.000000000000000000e+00
-1.771465579331198831e-02,-8.345388802008208984e-01,8.999154239583095904e-01,-1.071988574264949069e-02,2.448096632072467582e-02,8.461251408940483332e-01,5.323138287558335513e-01,-2.545173970476981642e-02,6.577177138355934372e-02,2.845076254271137750e-01,3.944840249183829139e-01,-2.424120666874985119e-01,2.385702650693320021e-02,-3.306463505963260774e-01,-3.281244678315815566e-01,-2.745324294077211569e-01,1.293195625768787382e-01,2.490454410694521170e-01,1.817441390708514626e-01,-1.507501406765163476e-01,0.000000000000000000e+00,0.000000000000000000e+00,6.035098063650048417e-01,5.368721082954501789e-01,-2.022406030980310188e-01,-5.398786534673966075e-01,0.000000000000000000e+00,0.000000000000000000e+00,0.000000000000000000e+00,4.311316376370823433e-01,-9.167801364056603619e-01,3.116568434490566974e-01,-5.870681369736598931e-01,0.000000000000000000e+00,0.000000000000000000e+00,0.000000000000000000e+00
-1.759501364047449598e-02,-8.346253904851155259e-01,8.998190940623597145e-01,-1.095001906067563646e-02,2.445026396428512730e-02,8.458609300744249770e-01,5.327302963491716836e-01,-2.595071434874610117e-02,6.566215059052241121e-02,2.834498839275438886e-01,3.946104739406920414e-01,-2.450010564741466057e-01,2.477106628972998437e-02,-3.317477803441013506e-01,-3.275359066308460299e-01,-2.744906842348642240e-01,1.301365071520332872e-01,2.473092807150360783e-01,1.826001568568421385e-01,-1.502971024312998449e-01,0.000000000000000000e+00,0.000000000000000000e+00,6.032369760567048989e-01,5.371032662853072459e-01,-2.023336575031452755e-01,-5.402165993911600683e-01,0.000000000000000000e+00,0.000000000000000000e+00,0.000000000000000000e+00,4.308813897859872233e-01,-9.181629686459937822e-01,3.113611106754313740e-01,-5.879756952407310111e-01,0.000000000000000000e+00,0.000000000000000000e+00,0.000000000000000000e+00
-1.736959728197820171e-02,-8.346708920683791888e-01,8.999103721138048684e-01,-1.057616648099541160e-02,2.444229890410098624e-02,8.456070213008074488e-01,5.331411485278775286e-01,-2.496386022908388472e-02,6.639151226359825408e-02,2.864766082765805022e-01,3.939169459475560520e-01,-2.411408301772783036e-01,2.354288309895139278e-02,-3.317537011697783700e-01,-3.272358243288847612e-01,-2.731384848391556486e-01,1.302912058677699603e-01,2.489126603229132040e-01,1.833859144964949117e-01,-1.503881547815587028e-01,0.000000000000000000e+00,0.000000000000000000e+00,6.034609989930092011e-01,5.392133481201983880e-01,-1.998245066863712782e-01,-5.403430824846149338e-01,0.000000000000000000e+00,0.000000000000000000e+00,0.000000000000000000e+00,4.302937997718632723e-01,-9.162650236054001862e-01,3.092574592748302820e-01,-5.877669551402061598e-01,0.000000000000000000e+00,0.000000000000000000e+00,0.000000000000000000e+00
-1.713194618124803253e-02,-8.347299171003293994e-01,8.999037292078454486e-01,-1.005530318839150707e-02,2.438225169132968162e-02,8.447706299194064350e-01,5.344782310869345965e-01,-2.418645740554040136e-02,6.581617952966595242e-02,2.864007007718910591e-01,3.940480474187905147e-01,-2.378331653956207159e-01,2.316548657116633547e-02,-3.318483842028531194e-01,-3.268690888240613490e-01,-2.745947711203960973e-01,1.302048400523593275e-01,2.497145442282684147e-01,1.800900705316937078e-01,-1.481562965540837440e-01,0.000000000000000000e+00,0.000000000000000000e+00,6.047457507750830796e-01,5.400806334667169750e-01,-2.007576417511263145e-01,-5.380647703612165822e-01,0.000000000000000000e+00,0.000000000000000000e+00,0.000000000000000000e+00,4.274288983980258916e-01,-9.167294352214678810e-01,3.153384818055167682e-01,-5.896592876475288403e-01,0.000000000000000000e+00,0.000000000000000000e+00,0.000000000000000000e+00
-1.693616335198624284e-02,-8.347404718678603786e-01,8.995732901455817387e-01,-9.839277236534540658e-03,2.421532868872694824e-02,8.454559284547035203e-01,5.334051738788760932e-01,-2.508935840892288771e-02,6.700028146535542961e-02,2.870000134407119097e-01,3.976948150089873457e-01,-2.429197852480553532e-01,2.457317990954333703e-02,-3.305774419670568509e-01,-3.276541090416321689e-01,-2.751162384990393228e-01,1.296428119255246258e-01,2.497126612078010566e-01,1.813239271549899889e-01,-1.481580355188515941e-01,0.000000000000000000e+00,0.000000000000000000e+00,6.015449975767381829e-01,5.407184146543996262e-01,-2.027774578363857327e-01,-5.414014128260734582e-01,0.000000000000000000e+00,0.000000000000000000e+00,0.000000000000000000e+00,4.279077048735424604e-01,-9.170912918107173573e-01,3.165986673227893511e-01,-5.910341031788871602e-01,0.000000000000000000e+00,0.000000000000000000e+00,0.000000000000000000e+00
-1.679375875271196805e-02,-8.346472067069350409e-01,8.994752579174328799e-01,-1.016084653583906872e-02,2.391075007372014949e-02,8.450745485577177973e-01,5.340168916884149297e-01,-2.668308759964255553e-02,6.761602597196941788e-02,2.848491152498651147e-01,4.005880739821484626e-01,-2.443601625063175353e-01,2.680199845821909857e-02,-3.309761634598513691e-01,-3.261830527121557521e-01,-2.762076641804210309e-01,1.298827851100980701e-01,2.472850067257347240e-01,1.803534324818673595e-01,-1.462776457038260647e-01,0.000000000000000000e+00,0.000000000000000000e+00,6.020388722832180628e-01,5.403953785499917561e-01,-2.018585009450598322e-01,-5.413966467321400522e-01,0.000000000000000000e+00,0.000000000000000000e+00,0.000000000000000000e+00,4.272871908647831729e-01,-9.191871604359358461e-01,3.189420478025637995e-01,-5.921102287405675124e-01,0.000000000000000000e+00,0.000000000000000000e+00,0.000000000000000000e+00
-1.657269086147433734e-02,-8.344996268292683705e-01,8.993129212772358327e-01,-1.015263006129585137e-02,2.373702685637437554e-02,8.449782547721411685e-01,5.341771491004498884e-01,-2.769482739104679736e-02,6.902965156167407967e-02,2.856063681579740776e-01,4.035899015934119038e-01,-2.442327790059091452e-01,2.648795016381027753e-02,-3.313814778086703883e-01,-3.250270630158908491e-01,-2.730636126147639731e-01,1.302102517848778840e-01,2.476222666451935450e-01,1.823001649876201113e-01,-1.468788534361649134e-01,0.000000000000000000e+00,0.000000000000000000e+00,6.009661036607808482e-01,5.433424015849741551e-01,-2.019443442806127809e-01,-5.419366075229550272e-01,0.000000000000000000e+00,0.000000000000000000e+00,0.000000000000000000e+00,4.252395288382280758e-01,-9.202407754634742698e-01,3.193003944790046567e-01,-5.925585105183710510e-01,0.000000000000000000e+00,0.000000000000000000e+00,0.000000000000000000e+00
-1.638056702549237076e-02,-8.341949613248417217e-01,8.996419648321513085e-01,-1.115449659319516298e-02,2.440514922634315007e-02,8.448573319996053321e-01,5.343183081867027839e-01,-2.952677340305025905e-02,6.872807841564534947e-02,2.841162369366612706e-01,4.014534300898554564e-01,-2.411839247253701468e-01,2.454004574973707095e-02,-3.339345506814299092e-01,-3.245699972029636449e-01,-2.742918682622441096e-01,1.312919256357249487e-01,2.446270077023695588e-01,1.786467599749896329e-01,-1.479878909159012546e-01,0.000000000000000000e+00,0.000000000000000000e+00,6.048291658142741500e-01,5.429717155144879737e-01,-2.021534693665160975e-01,-5.385016022395048285e-01,0.000000000000000000e+00,0.000000000000000000e+00,0.000000000000000000e+00,4.251582558040777893e-01,-9.182483463051401840e-01,3.216370910336813771e-01,-5.951094010446673632e-01,0.000000000000000000e+00,0.000000000000000000e+00,0.000000000000000000e+00
-1.620377730590560547e-02,-8.338567184358313122e-01,8.998392232406868807e-01,-1.129535594302739920e-02,2.415796634515640987e-02,8.445991285519804936e-01,5.347346254409015565e-01,-2.939004680729440100e-02,6.969542670106040894e-02,2.832323063831194698e-01,4.011338313700241742e-01,-2.357076636032985617e-01,2.183226032099531283e-02,-3.335623110891184906e-01,-3.233825896162751956e-01,-2.759179468843535599e-01,1.311801351473173005e-01,2.455514452039192774e-01,1.765439690351256197e-01,-1.479338867597322638e-01,0.000000000000000000e+00,0.000000000000000000e+00,6.059859790557180492e-01,5.443275784095967795e-01,-2.003115935444191309e-01,-5.363652684001365412e-01,0.000000000000000000e+00,0.000000000000000000e+00,0.000000000000000000e+00,4.245853409729095640e-01,-9.158265890117636143e-01,3.223975332698145735e-01,-5.929652870704946732e-01,0.000000000000000000e+00,0.000000000000000000e+00,0.000000000000000000e+00
-1.609606968402319677e-02,-8.334526675562305975e-01,9.000310298149231114e-01,-1.149957245078006736e-02,2.436050569749664482e-02,8.450552865855758267e-01,5.339998953271256621e-01,-2.798554445405135663e-02,6.953999392024384774e-02,2.829160681726442528e-01,3.970947899317902596e-01,-2.342269244967343789e-01,2.122487675299901053e-02,-3.331619287413699615e-01,-3.233803051629541847e-01,-2.747502607289448173e-01,1.306317386794303148e-01,2.477486291686424869e-01,1.782370672109933052e-01,-1.509408552084552657e-01,0.000000000000000000e+00,0.000000000000000000e+00,6.071211595430304753e-01,5.464796382110604922e-01,-2.004051654426701190e-01,-5.350264693184808573e-01,0.000000000000000000e+00,0.000000000000000000e+00,0.000000000000000000e+00,4.234072202002343577e-01,-9.158834339569795757e-01,3.234896345660417394e-01,-5.907311602359657243e-01,0.000000000000000000e+00,0.000000000000000000e+00,0.000000000000000000e+00
-1.601997279879414579e-02,-8.331576780039734453e-01,8.998456539002641641e-01,-1.128172412164633355e-02,2.448249626622126321e-02,8.442113798167024674e-01,5.353321177226303407e-01,-2.757559969986615039e-02,6.944138926830747960e-02,2.845615401390239052e-01,3.983449884452395229e-01,-2.335400573087517140e-01,2.292545798156243181e-02,-3.336522309752192328e-01,-3.227610633458090628e-01,-2.743337935647610637e-01,1.301099218276335623e-01,2.481963077865115830e-01,1.773976217921194309e-01,-1.516958373797954729e-01,0.000000000000000000e+00,0.000000000000000000e+00,6.125772869908157059e-01,5.400121474597083804e-01,-1.949931894997857518e-01,-5.335792480862757703e-01,0.000000000000000000e+00,0.000000000000000000e+00,0.000000000000000000e+00,4.220613228866740285e-01,-9.113986395661014539e-01,3.233971652806830743e-01,-5.904103730000779260e-01,0.000000000000000000e+00,0.000000000000000000e+00,0.000000000000000000e+00
-1.591058405706304371e-02,-8.329371956755812212e-01,8.997818881075033692e-01,-1.230058844781429205e-02,2.456101413495025143e-02,8.441678071003188011e-01,5.353747898098474289e-01,-3.035732461203720367e-02,7.131689990165981929e-02,2.850253079820049273e-01,4.009366348229474464e-01,-2.350312410965865462e-01,2.296511758434747336e-02,-3.350221610107583792e-01,-3.208127814541145151e-01,-2.725204050560743885e-01,1.297053848974702162e-01,2.436231874759975657e-01,1.792243185878294731e-01,-1.520025334032349407e-01,0.000000000000000000e+00,0.000000000000000000e+00,6.139497103528661626e-01,5.389225168677455047e-01,-1.934809247293117762e-01,-5.343842770072095849e-01,0.000000000000000000e+00,0.000000000000000000e+00,0.000000000000000000e+00,4.230559648816000218e-01,-9.113174373145443985e-01,3.231492324152940854e-01,-5.910680976418173360e-01,0.000000000000000000e+00,0.000000000000000000e+00,0.000000000000000000e+00
-1.569826435901355843e-02,-8.328463518754294359e-01,8.997697995933234827e-01,-1.246285579380579031e-02,2.447026865476450291e-02,8.441648712716511849e-01,5.353798215177164588e-01,-3.201699617719572927e-02,7.205978476075988737e-02,2.838850033937549977e-01,4.034896493326889377e-01,-2.330993483426430368e-01,2.379786120538289473e-02,-3.341869015862360959e-01,-3.203919713293012506e-01,-2.750388608157669501e-01,1.282314944874632934e-01,2.429163105368491449e-01,1.789870302602729613e-01,-1.509618091134900808e-01,0.000000000000000000e+00,0.000000000000000000e+00,6.130152915251099177e-01,5.404376926204413900e-01,-1.931109736742387395e-01,-5.352762489940092738e-01,0.000000000000000000e+00,0.000000000000000000e+00,0.000000000000000000e+00,4.234388194268979833e-01,-9.113266263938754053e-01,3.235356678601695735e-01,-5.923950552553907123e-01,0.000000000000000000e+00,0.000000000000000000e+00,0.000000000000000000e+00
-1.536903742055618569e-02,-8.328755244633903043e-01,8.999779324044697715e-01,-1.198607227797743313e-02,2.431110914110590215e-02,8.444805870771050493e-01,5.348998430487552636e-01,-3.152538429154305710e-02,7.191881200386056328e-02,2.822061747942764542e-01,4.029692581424827447e-01,-2.290122131852665999e-01,2.295251229198770615e-02,-3.329840487274821625e-01,-3.205503851124075765e-01,-2.752277746142669512e-01,1.283800411426474775e-01,2.438169671007957839e-01,1.773398479677405770e-01,-1.507504493286726810e-01,0.000000000000000000e+00,0.000000000000000000e+00,6.109244031281614307e-01,5.439409951514341257e-01,-1.932309058062228746e-01,-5.334217328141890313e-01,0.000000000000000000e+00,0.000000000000000000e+00,0.000000000000000000e+00,4.218647889076299617e-01,-9.103685290992413748e-01,3.250257539639984095e-01,-5.931692599425769652e-01,0.000000000000000000e+00,0.000000000000000000e+00,0.000000000000000000e+00
-1.503856489814512330e-02,-8.329987748052571916e-01,8.999750145865434980e-01,-1.181135520606036056e-02,2.423045604895685337e-02,8.439381298870314296e-01,5.357628298143073398e-01,-3.275208273648518020e-02,7.167416179546340360e-02,2.804549277257603612e-01,4.051730067866081697e-01,-2.261398668001980972e-01,2.438316807384436485e-02,-3.342468247744967980e-01,-3.196437054666368960e-01,-2.744692321322796391e-01,1.298250216183682582e-01,2.431351390492316467e-01,1.741562045312509688e-01,-1.477795893209784550e-01,0.000000000000000000e+00,0.000000000000000000e+00,6.096388116813195035e-01,5.453658053622043589e-01,-1.902547411007604883e-01,-5.314975902052646584e-01,0.000000000000000000e+00,0.000000000000000000e+00,0.000000000000000000e+00,4.201506909653039967e-01,-9.094737561439346640e-01,3.261082933253736660e-01,-5.938310047258512636e-01,0.000000000000000000e+00,0.000000000000000000e+00,0.000000000000000000e+00
-1.474063291438655783e-02,-8.331559966775178294e-01,8.998418961495986412e-01,-1.188381806883879663e-02,2.411874894238889150e-02,8.445664090364103371e-01,5.347753187506898431e-01,-3.481879168559050275e-02,7.266227080127056481e-02,2.797179931580913159e-01,4.085514906045287220e-01,-2.285620646612047391e-01,2.739882787362516586e-02,-3.334786163077056997e-01,-3.199863619241914980e-01,-2.758735738915379931e-01,1.291972811143568822e-01,2.420017445325025052e-01,1.742097339966977576e-01,-1.461173748807219064e-01,0.000000000000000000e+00,0.000000000000000000e+00,6.056992592001425590e-01,5.466137368136403385e-01,-1.909649058533462451e-01,-5.328900523786348487e-01,0.000000000000000000e+00,0.000000000000000000e+00,0.000000000000000000e+00,4.214131880860317869e-01,-9.097438684187411084e-01,3.274978790966287523e-01,-5.934257890054471796e-01,0.000000000000000000e+00,0.000000000000000000e+00,0.000000000000000000e+00
-1.445237799277123390e-02,-8.332805508948888384e-01,8.999927985031096478e-01,-1.165538901800593045e-02,2.424907577626972399e-02,8.445437865819952483e-01,5.348101782656901060e-01,-3.315636266149037115e-02,7.277457140897197752e-02,2.816376585127417509e-01,4.054886982221786451e-01,-2.286223699514636221e-01,2.463594214659341544e-02,-3.336771728882396149e-01,-3.200369343778298736e-01,-2.752447344540404073e-01,1.294958891046850691e-01,2.418317436231709472e-01,1.737662614282252105e-01,-1.454699279323433680e-01,0.000000000000000000e+00,0.000000000000000000e+00,6.046279329455725993e-01,5.480952282331977843e-01,-1.899184970560897912e-01,-5.313932013953022171e-01,0.000000000000000000e+00,0.000000000000000000e+00,0.000000000000000000e+00,4.212160554728209827e-01,-9.087061121431755373e-01,3.250476758031147773e-01,-5.925133636286903371e-01,0.000000000000000000e+00,0.000000000000000000e+00,0.000000000000000000e+00
-1.430662560877705818e-02,-8.333374350648193873e-01,9.000179971612043417e-01,-1.116765808272551438e-02,2.435095587512723161e-02,8.444792584274787295e-01,5.349178408379074989e-01,-3.002820401947586815e-02,7.197481403190454652e-02,2.837669824622790493e-01,4.012165332963916198e-01,-2.308407623820892540e-01,2.562485040333985220e-02,-3.331639874765449094e-01,-3.206992039180579512e-01,-2.748823395908238654e-01,1.290166073283164905e-01,2.447763801454777566e-01,1.758516332060779397e-01,-1.464432281158918325e-01,0.000000000000000000e+00,0.000000000000000000e+00,6.043544014716706325e-01,5.474257779324745998e-01,-1.922397490276880894e-01,-5.323562099120703328e-01,0.000000000000000000e+00,0.000000000000000000e+00,0.000000000000000000e+00,4.180345314891327213e-01,-9.111754725419743961e-01,3.283498875340125633e-01,-5.930816585261854401e-01,0.000000000000000000e+00,0.000000000000000000e+00,0.000000000000000000e+00
-1.414985581569552786e-02,-8.334791370349003969e-01,9.001374674570111756e-01,-1.137735999663610012e-02,2.464093342576025719e-02,8.448422233958534644e-01,5.343266768999687111e-01,-3.177931598233506988e-02,7.100114053325466690e-02,2.802620626335647902e-01,4.013061002771289298e-01,-2.285889273562905222e-01,2.401892342127781577e-02,-3.334720044391873417e-01,-3.212141886925370948e-01,-2.755217386862213180e-01,1.290476480171525719e-01,2.428394727581535129e-01,1.746759562362181772e-01,-1.453780628963596833e-01,0.000000000000000000e+00,0.000000000000000000e+00,6.018596807959490924e-01,5.511195769742402994e-01,-1.942506851577736338e-01,-5.313627482621591236e-01,0.000000000000000000e+00,0.000000000000000000e+00,0.000000000000000000e+00,4.173645878653116092e-01,-9.113738444951342554e-01,3.333405436609500061e-01,-5.950881252776731856e-01,0.000000000000000000e+00,0.000000000000000000e+00,0.000000000000000000e+00
-1.412690982704161574e-02,-8.335270387900697298e-01,9.002728420299570544e-01,-1.142861684381991927e-02,2.466758737278807942e-02,8.454944714218878277e-01,5.332916609560515164e-01,-3.106605246941984352e-02,7.141220999717662332e-02,2.809199876711391264e-01,3.994326536183277487e-01,-2.292257603355128126e-01,2.216149509776343257e-02,-3.314761286126810536e-01,-3.219932868300413586e-01,-2.783118777352779349e-01,1.266705263261923009e-01,2.436771117622714700e-01,1.745627427330345427e-01,-1.471512319273258207e-01,0.000000000000000000e+00,0.000000000000000000e+00,6.002185937865874843e-01,5.506002756324009928e-01,-1.963077275556006640e-01,-5.308071538698772018e-01,0.000000000000000000e+00,0.000000000000000000e+00,0.000000000000000000e+00,4.173746654205848783e-01,-9.104522404187959106e-01,3.329911223914905349e-01,-5.952325990174034409e-01,0.000000000000000000e+00,0.000000000000000000e+00,0.000000000000000000e+00
-1.420933557634722691e-02,-8.336474741767305741e-01,9.003110239696222594e-01,-1.155139327529245905e-02,2.443056264227424362e-02,8.457928118122974848e-01,5.328266438617983436e-01,-3.014260414235878441e-02,7.230910554011851787e-02,2.827153771236609603e-01,3.982948906364791042e-01,-2.327724883050869553e-01,2.298499186472158576e-02,-3.311555538034267054e-01,-3.220718493020615081e-01,-2.792201347660266952e-01,1.272464352437722157e-01,2.426515579020249169e-01,1.752996807418408798e-01,-1.478252416993827978e-01,0.000000000000000000e+00,0.000000000000000000e+00,5.980952956287677313e-01,5.505632094587887826e-01,-1.974910085154548689e-01,-5.312862077691605789e-01,0.000000000000000000e+00,0.000000000000000000e+00,0.000000000000000000e+00,4.170954058715669044e-01,-9.134904147274438557e-01,3.322268138369458557e-01,-5.938961152718535974e-01,0.000000000000000000e+00,0.000000000000000000e+00,0.000000000000000000e+00
-1.436627106391176467e-02,-8.337008451276083365e-01,9.002195529985969058e-01,-1.128051905389866952e-02,2.409130465634657520e-02,8.453410696451699735e-01,5.335642743859341230e-01,-2.870306846927381944e-02,7.155525860424225004e-02,2.815782349829024644e-01,3.976825380498116291e-01,-2.352932542892865742e-01,2.419176462125859767e-02,-3.304928810461752464e-01,-3.218499992473994875e-01,-2.805950140493781997e-01,1.271096517661011727e-01,2.424326397732424754e-01,1.769698951143335308e-01,-1.472869730939073973e-01,0.000000000000000000e+00,0.000000000000000000e+00,5.984797224773770186e-01,5.473235856917655351e-01,-1.950473131633688739e-01,-5.326597672555486440e-01,0.000000000000000000e+00,0.000000000000000000e+00,0.000000000000000000e+00,4.160636140374628367e-01,-9.152288281410617676e-01,3.308238183458665493e-01,-5.941336720873129362e-01,0.000000000000000000e+00,0.000000000000000000e+00,0.000000000000000000e+00
-1.447615779290698478e-02,-8.335782175938758476e-01,9.000954232074364070e-01,-1.110825466250436877e-02,2.441824673895876333e-02,8.455968016943856691e-01,5.331476389038711794e-01,-2.621506086609146774e-02,7.066937246351749635e-02,2.831483114910612886e-01,3.934979686985142777e-01,-2.385419517891689545e-01,2.246985030383538001e-02,-3.299395581683893797e-01,-3.226564921204111425e-01,-2.783593677713874781e-01,1.255214467167039272e-01,2.445975292660404754e-01,1.797437558262701685e-01,-1.510995172379865636e-01,0.000000000000000000e+00,0.000000000000000000e+00,6.000366763808605564e-01,5.441391465224396651e-01,-1.951224962166754895e-01,-5.340011573526701749e-01,0.000000000000000000e+00,0.000000000000000000e+00,0.000000000000000000e+00,4.178176184775607704e-01,-9.117921261579090553e-01,3.287560917896964474e-01,-5.932866610856264433e-01,0.000000000000000000e+00,0.000000000000000000e+00,0.000000000000000000e+00
-1.455067233857867959e-02,-8.335835445297464785e-01,8.998966764875189206e-01,-1.060792524506026097e-02,2.404347502124541333e-02,8.452115729588736137e-01,5.337853315400145071e-01,-2.693413742162779553e-02,7.071451873774445285e-02,2.817569186983289731e-01,3.977742710810614479e-01,-2.366355677168349159e-01,2.264206607414671543e-02,-3.297622863558735684e-01,-3.231779044538650725e-01,-2.810673135202820805e-01,1.274490679656103964e-01,2.438963582004892439e-01,1.770999121186325187e-01,-1.502482815638465918e-01,0.000000000000000000e+00,0.000000000000000000e+00,6.007775315008708761e-01,5.432904341144781935e-01,-1.920210492619504328e-01,-5.342747459191240500e-01,0.000000000000000000e+00,0.000000000000000000e+00,0.000000000000000000e+00,4.162937480171613469e-01,-9.127262857194854417e-01,3.279661460956103669e-01,-5.942704351039204136e-01,0.000000000000000000e+00,0.000000000000000000e+00,0.000000000000000000e+00
-1.459942651737822575e-02,-8.334043473147649816e-01,9.000228290212372029e-01,-1.112411509031352788e-02,2.373542669879653844e-02,8.454831810471284959e-01,5.333582980973581300e-01,-2.857772245321090615e-02,7.169747268676106289e-02,2.788220365989474425e-01,3.990389234306534472e-01,-2.327076056118569658e-01,2.090755837869266720e-02,-3.295802059587530919e-01,-3.220774105181277713e-01,-2.814641364654472122e-01,1.276391374064189399e-01,2.434503552368602053e-01,1.758987941909148922e-01,-1.498405534377048320e-01,0.000000000000000000e+00,0.000000000000000000e+00,6.004185065506782992e-01,5.449406996322998520e-01,-1.913387130670249625e-01,-5.351072517925458127e-01,0.000000000000000000e+00,0.000000000000000000e+00,0.000000000000000000e+00,4.189255913404178466e-01,-9.117059122302447749e-01,3.267973936290340942e-01,-5.939769577966451664e-01,0.000000000000000000e+00,0.000000000000000000e+00,0.000000000000000000e+00
-1.467074894393880814e-02,-8.332272037214699667e-01,9.000118159534467033e-01,-1.137534636938035068e-02,2.359937439559565628e-02,8.457677483780567940e-01,5.329076719532411799e-01,-2.960636410897966864e-02,7.200108992142070785e-02,2.768375211742856168e-01,4.008382649308882550e-01,-2.341552654236303543e-01,2.108510932737953786e-02,-3.291444047876277423e-01,-3.220889691412064382e-01,-2.832200023474401029e-01,1.277708101873231694e-01,2.420748042221353702e-01,1.744330718222754095e-01,-1.484429472991926902e-01,0.000000000000000000e+00,0.000000000000000000e+00,5.993983841616501440e-01,5.446772871440563879e-01,-1.907785750193769503e-01,-5.336874789263887919e-01,0.000000000000000000e+00,0.000000000000000000e+00,0.000000000000000000e+00,4.207891619513618453e-01,-9.140533525337535270e-01,3.261974282509637058e-01,-5.931010466461168473e-01,0.000000000000000000e+00,0.000000000000000000e+00,0.000000000000000000e+00
-1.471745985004285426e-02,-8.329450103373490233e-01,9.000561146142936897e-01,-1.187367187589444262e-02,2.373897233897463016e-02,8.462323576347344778e-01,5.321524913034139104e-01,-3.100996211538852715e-02,7.176615261190336104e-02,2.737501275921484511e-01,4.010016334562636620e-01,-2.336624103363333926e-01,2.109916103036780372e-02,-3.299760617434974730e-01,-3.214667799730976938e-01,-2.794236119748887970e-01,1.284214654944757505e-01,2.416745326072733124e-01,1.757265520412513993e-01,-1.497817878746347808e-01,0.000000000000000000e+00,0.000000000000000000e+00,5.980956333867027963e-01,5.486429180542199413e-01,-1.929964248013870121e-01,-5.342930223116122423e-01,0.000000000000000000e+00,0.000000000000000000e+00,0.000000000000000000e+00,4.223315263996580970e-01,-9.130619864701179367e-01,3.252577351610831946e-01,-5.916393633349934511e-01,0.000000000000000000e+00,0.000000000000000000e+00,0.000000000000000000e+00
-1.468690601694439858e-02,-8.326546389996817288e-01,9.002869121614753833e-01,-1.201333283820601658e-02,2.384701894200151953e-02,8.465372656378270522e-01,5.316593433845846484e-01,-2.974862915059817495e-02,7.141810939030968086e-02,2.727531385256131702e-01,3.976076245863484071e-01,-2.321533176397629072e-01,1.963528804991986065e-02,-3.291488745393074122e-01,-3.217721553419680136e-01,-2.811326307146188030e-01,1.276602323232753633e-01,2.423522594589579138e-01,1.746280701703822602e-01,-1.475817749113145227e-01,0.000000000000000000e+00,0.000000000000000000e+00,5.969586060770507574e-01,5.465054440775645173e-01,-1.938177081861127971e-01,-5.315773607763127906e-01,0.000000000000000000e+00,0.000000000000000000e+00,0.000000000000000000e+00,4.265997040763131465e-01,-9.098596518329071792e-01,3.254716686819850158e-01,-5.886208752059676197e-01,0.000000000000000000e+00,0.000000000000000000e+00,0.000000000000000000e+00
-1.470319440171806782e-02,-8.324370745674640748e-01,9.003622214534942048e-01,-1.235392532216986368e-02,2.367725194239787140e-02,8.461959062549763155e-01,5.322022702947705186e-01,-3.014791351150288706e-02,7.273390825552802919e-02,2.740933162996233019e-01,3.982737046696673278e-01,-2.298086931720040027e-01,2.017785135185300519e-02,-3.302121387145658393e-01,-3.205554666832231558e-01,-2.807910686541457146e-01,1.291664564016857808e-01,2.408728920832091669e-01,1.730489168104784592e-01,-1.469048050153624330e-01,0.000000000000000000e+00,0.000000000000000000e+00,5.976828214632248226e-01,5.466910848500727838e-01,-1.938517456590763688e-01,-5.316180351127904880e-01,0.000000000000000000e+00,0.000000000000000000e+00,0.000000000000000000e+00,4.260751192431109224e-01,-9.113907475617992748e-01,3.247091952794389780e-01,-5.891299361108565114e-01,0.000000000000000000e+00,0.000000000000000000e+00,0.000000000000000000e+00
-1.452905047649518527e-02,-8.323644981654887420e-01,9.004039210634288137e-01,-1.259750105564325963e-02,2.419018229937521663e-02,8.469955428687193644e-01,5.308998854850107696e-01,-3.115441849929272838e-02,7.261755501932552759e-02,2.734882770041046629e-01,3.970844802874255453e-01,-2.288930086637118166e-01,1.778166039785600630e-02,-3.316937511717136799e-01,-3.222117994791565687e-01,-2.802214942959710964e-01,1.316281350904355829e-01,2.395751177822326716e-01,1.726826050330325935e-01,-1.459803082996020684e-01,0.000000000000000000e+00,0.000000000000000000e+00,5.950434260830089750e-01,5.472311475742615006e-01,-1.935316354095432123e-01,-5.319512386008183880e-01,0.000000000000000000e+00,0.000000000000000000e+00,0.000000000000000000e+00,4.285861785656376322e-01,-9.098759803671425672e-01,3.236996008942057967e-01,-5.908799673771042427e-01,0.000000000000000000e+00,0.000000000000000000e+00,0.000000000000000000e+00
-1.452905047649518527e-02,-8.323644981654887420e-01,9.004039210634288137e-01,-1.259750105564325963e-02,2.419018229937521663e-02,8.469955428687193644e-01,5.308998854850107696e-01,-2.904415215080834514e-02,7.314130921257028239e-02,2.755414907598576213e-01,3.951866991654920946e-01,-2.287279015246720115e-01,1.841923684926214874e-02,-3.317148062174843925e-01,-3.231593344755861463e-01,-2.790063307654029323e-01,1.322001589914704178e-01,2.399138666264416520e-01,1.729375296126219042e-01,-1.466717094408559185e-01,0.000000000000000000e+00,0.000000000000000000e+00,5.920286905932854449e-01,5.470747333304022408e-01,-1.928574632461727278e-01,-5.307856030390197821e-01,0.000000000000000000e+00,0.000000000000000000e+00,0.000000000000000000e+00,4.258595571679332781e-01,-9.106236817362635128e-01,3.237304355663495614e-01,-5.890281550465975569e-01,0.000000000000000000e+00,0.000000000000000000e+00,0.000000000000000000e+00
-1.452905047649518527e-02,-8.323644981654887420e-01,9.004039210634288137e-01,-1.259750105564325963e-02,2.419018229937521663e-02,8.469955428687193644e-01,5.308998854850107696e-01,-2.693388580232395843e-02,7.366506340581505108e-02,2.775947045156106352e-01,3.932889180435585885e-01,-2.285627943856322342e-01,1.905681330066829465e-02,-3.317358612632551051e-01,-3.241068694720157239e-01,-2.777911672348348793e-01,1.327721828925052527e-01,2.402526154706506878e-01,1.731924541922112426e-01,-1.473631105821097687e-01,0.000000000000000000e+00,0.000000000000000000e+00,5.890139551035621368e-01,5.469183190865428701e-01,-1.921832910828022711e-01,-5.296199674772211763e-01,0.000000000000000000e+00,0.000000000000000000e+00,0.000000000000000000e+00,4.231329357702289240e-01,-9.113713831053843473e-01,3.237612702384933261e-01,-5.871763427160908710e-01,0.000000000000000000e+00,0.000000000000000000e+00,0.000000000000000000e+00
-1.452905047649518527e-02,-8.323644981654887420e-01,9.004039210634288137e-01,-1.259750105564325963e-02,2.419018229937521663e-02,8.469955428687193644e-01,5.308998854850107696e-01,-2.482361945383957519e-02,7.418881759905980589e-02,2.796479182713635936e-01,3.913911369216250824e-01,-2.283976872465924568e-01,1.969438975207443709e-02,-3.317569163090257622e-01,-3.250544044684452460e-01,-2.765760037042666597e-01,1.333442067935400877e-01,2.405913643148596404e-01,1.734473787718005533e-01,-1.480545117233636188e-01,0.000000000000000000e+00,0.000000000000000000e+00,5.859992196138386067e-01,5.467619048426834993e-01,-1.915091189194318144e-01,-5.284543319154226815e-01,0.000000000000000000e+00,0.000000000000000000e+00,0.000000000000000000e+00,4.204063143725246254e-01,-9.121190844745052928e-01,3.237921049106370908e-01,-5.853245303855841852e-01,0.000000000000000000e+00,0.000000000000000000e+00,0.000000000000000000e+00
-1.452905047649518527e-02,-8.323644981654887420e-01,9.004039210634288137e-01,-1.259750105564325963e-02,2.419018229937521663e-02,8.469955428687193644e-01,5.308998854850107696e-01,-2.271335310535519542e-02,7.471257179230458845e-02,2.817011320271166075e-01,3.894933557996916318e-01,-2.282325801075526794e-01,2.033196620348058647e-02,-3.317779713547965303e-01,-3.260019394648748237e-01,-2.753608401736985511e-01,1.339162306945749226e-01,2.409301131590686762e-01,1.737023033513898918e-01,-1.487459128646174689e-01,0.000000000000000000e+00,0.000000000000000000e+00,5.829844841241150766e-01,5.466054905988243506e-01,-1.908349467560613577e-01,-5.272886963536241867e-01,0.000000000000000000e+00,0.000000000000000000e+00,0.000000000000000000e+00,4.176796929748202714e-01,-9.128667858436261273e-01,3.238229395827808554e-01,-5.834727180550776104e-01,0.000000000000000000e+00,0.000000000000000000e+00,0.000000000000000000e+00
-1.452905047649518527e-02,-8.323644981654887420e-01,9.004039210634288137e-01,-1.259750105564325963e-02,2.419018229937521663e-02,8.469955428687193644e-01,5.308998854850107696e-01,-2.060308675687080870e-02,7.523632598554934325e-02,2.837543457828696214e-01,3.875955746777580702e-01,-2.280674729685128743e-01,2.096954265488672545e-02,-3.317990264005671874e-01,-3.269494744613043458e-01,-2.741456766431303871e-01,1.344882545956097575e-01,2.412688620032776565e-01,1.739572279309792024e-01,-1.494373140058712912e-01,0.000000000000000000e+00,0.000000000000000000e+00,5.799697486343916575e-01,5.464490763549649799e-01,-1.901607745926908732e-01,-5.261230607918254698e-01,0.000000000000000000e+00,0.000000000000000000e+00,0.000000000000000000e+00,4.149530715771159173e-01,-9.136144872127470729e-01,3.238537742549246201e-01,-5.816209057245708136e-01,0.000000000000000000e+00,0.000000000000000000e+00,0.000000000000000000e+00
-1.452905047649518527e-02,-8.323644981654887420e-01,9.004039210634288137e-01,-1.259750105564325963e-02,2.419018229937521663e-02,8.469955428687193644e-01,5.308998854850107696e-01,-1.849282040838642546e-02,7.576008017879411194e-02,2.858075595386225798e-01,3.856977935558246195e-01,-2.279023658294730970e-01,2.160711910629287136e-02,-3.318200814463379000e-01,-3.278970094577339789e-01,-2.729305131125623340e-01,1.350602784966445924e-01,2.416076108474866646e-01,1.742121525105685409e-01,-1.501287151471251413e-01,0.000000000000000000e+00,0.000000000000000000e+00,5.769550131446682384e-01,5.462926621111057202e-01,-1.894866024293204165e-01,-5.249574252300269750e-01,0.000000000000000000e+00,0.000000000000000000e+00,0.000000000000000000e+00,4.122264501794116187e-01,-9.143621885818680184e-01,3.238846089270684403e-01,-5.797690933940642388e-01,0.000000000000000000e+00,0.000000000000000000e+00,0.000000000000000000e+00
-1.452905047649518527e-02,-8.323644981654887420e-01,9.004039210634288137e-01,-1.259750105564325963e-02,2.419018229937521663e-02,8.469955428687193644e-01,5.308998854850107696e-01,-1.638255405990204222e-02,7.628383437203886674e-02,2.878607732943755937e-01,3.838000124338911689e-01,-2.277372586904333196e-01,2.224469555769901727e-02,-3.318411364921086681e-01,-3.288445444541635010e-01,-2.717153495819941700e-01,1.356323023976794273e-01,2.419463596916956449e-01,1.744670770901578793e-01,-1.508201162883789637e-01,0.000000000000000000e+00,0.000000000000000000e+00,5.739402776549447083e-01,5.461362478672463494e-01,-1.888124302659499321e-01,-5.237917896682283692e-01,0.000000000000000000e+00,0.000000000000000000e+00,0.000000000000000000e+00,4.094998287817072091e-01,-9.151098899509888529e-01,3.239154435992121495e-01,-5.779172810635575530e-01,0.000000000000000000e+00,0.000000000000000000e+00,0.000000000000000000e+00
-1.452905047649518527e-02,-8.323644981654887420e-01,9.004039210634288137e-01,-1.259750105564325963e-02,2.419018229937521663e-02,8.469955428687193644e-01,5.308998854850107696e-01,-1.427228771141766071e-02,7.680758856528362155e-02,2.899139870501285521e-01,3.819022313119576628e-01,-2.275721515513935422e-01,2.288227200910515971e-02,-3.318621915378793807e-01,-3.297920794505930786e-01,-2.705001860514260059e-01,1.362043262987142622e-01,2.422851085359046530e-01,1.747220016697472178e-01,-1.515115174296328415e-01,0.000000000000000000e+00,0.000000000000000000e+00,5.709255421652212892e-01,5.459798336233870897e-01,-1.881382581025795031e-01,-5.226261541064298743e-01,0.000000000000000000e+00,0.000000000000000000e+00,0.000000000000000000e+00,4.067732073840029106e-01,-9.158575913201099095e-01,3.239462782713559696e-01,-5.760654687330507562e-01,0.000000000000000000e+00,0.000000000000000000e+00,0.000000000000000000e+00
-1.452905047649518527e-02,-8.323644981654887420e-01,9.004039210634288137e-01,-1.259750105564325963e-02,2.419018229937521663e-02,8.469955428687193644e-01,5.308998854850107696e-01,-1.216202136293327227e-02,7.733134275852839024e-02,2.919672008058815660e-01,3.800044501900241567e-01,-2.274070444123537371e-01,2.351984846051130562e-02,-3.318832465836500933e-01,-3.307396144470226007e-01,-2.692850225208578974e-01,1.367763501997490971e-01,2.426238573801136611e-01,1.749769262493365007e-01,-1.522029185708866916e-01,0.000000000000000000e+00,0.000000000000000000e+00,5.679108066754977591e-01,5.458234193795277189e-01,-1.874640859392090186e-01,-5.214605185446312685e-01,0.000000000000000000e+00,0.000000000000000000e+00,0.000000000000000000e+00,4.040465859862986120e-01,-9.166052926892306330e-01,3.239771129434996788e-01,-5.742136564025441814e-01,0.000000000000000000e+00,0.000000000000000000e+00,0.000000000000000000e+00
-1.452905047649518527e-02,-8.323644981654887420e-01,9.004039210634288137e-01,-1.259750105564325963e-02,2.419018229937521663e-02,8.469955428687193644e-01,5.308998854850107696e-01,-1.005175501444889249e-02,7.785509695177315892e-02,2.940204145616345244e-01,3.781066690680907061e-01,-2.272419372733139598e-01,2.415742491191744806e-02,-3.319043016294208059e-01,-3.316871494434521783e-01,-2.680698589902897888e-01,1.373483741007839321e-01,2.429626062243226692e-01,1.752318508289258392e-01,-1.528943197121405140e-01,0.000000000000000000e+00,0.000000000000000000e+00,5.648960711857743400e-01,5.456670051356684592e-01,-1.867899137758385619e-01,-5.202948829828327737e-01,0.000000000000000000e+00,0.000000000000000000e+00,0.000000000000000000e+00,4.013199645885942579e-01,-9.173529940583515785e-01,3.240079476156434990e-01,-5.723618440720374956e-01,0.000000000000000000e+00,0.000000000000000000e+00,0.000000000000000000e+00
-1.452905047649518527e-02,-8.323644981654887420e-01,9.004039210634288137e-01,-1.259750105564325963e-02,2.419018229937521663e-02,8.469955428687193644e-01,5.308998854850107696e-01,-7.941488665964509253e-03,7.837885114501791373e-02,2.960736283173875383e-01,3.762088879461572000e-01,-2.270768301342741546e-01,2.479500136332359050e-02,-3.319253566751915185e-01,-3.326346844398817559e-01,-2.668546954597216248e-01,1.379203980018187670e-01,2.433013550685316218e-01,1.754867754085151776e-01,-1.535857208533943641e-01,0.000000000000000000e+00,0.000000000000000000e+00,5.618813356960508099e-01,5.455105908918091995e-01,-1.861157416124680775e-01,-5.191292474210341679e-01,0.000000000000000000e+00,0.000000000000000000e+00,0.000000000000000000e+00,3.985933431908899038e-01,-9.181006954274725240e-01,3.240387822877872637e-01,-5.705100317415308098e-01,0.000000000000000000e+00,0.000000000000000000e+00,0.000000000000000000e+00
-1.452905047649518527e-02,-8.323644981654887420e-01,9.004039210634288137e-01,-1.259750105564325963e-02,2.419018229937521663e-02,8.469955428687193644e-01,5.308998854850107696e-01,-5.831222317480122541e-03,7.890260533826268241e-02,2.981268420731405522e-01,3.743111068242237494e-01,-2.269117229952344050e-01,2.543257781472973988e-02,-3.319464117209622311e-01,-3.335822194363113335e-01,-2.656395319291535162e-01,1.384924219028536019e-01,2.436401039127406576e-01,1.757416999881045161e-01,-1.542771219946482142e-01,0.000000000000000000e+00,0.000000000000000000e+00,5.588666002063273908e-01,5.453541766479499397e-01,-1.854415694490976207e-01,-5.179636118592356731e-01,0.000000000000000000e+00,0.000000000000000000e+00,0.000000000000000000e+00,3.958667217931856053e-01,-9.188483967965934696e-01,3.240696169599309728e-01,-5.686582194110241240e-01,0.000000000000000000e+00,0.000000000000000000e+00,0.000000000000000000e+00
-1.452905047649518527e-02,-8.323644981654887420e-01,9.004039210634288137e-01,-1.259750105564325963e-02,2.419018229937521663e-02,8.469955428687193644e-01,5.308998854850107696e-01,-3.720955968995735830e-03,7.942635953150743722e-02,3.001800558288935106e-01,3.724133257022902432e-01,-2.267466158561945999e-01,2.607015426613588233e-02,-3.319674667667328882e-01,-3.345297544327409112e-01,-2.644243683985853521e-01,1.390644458038884368e-01,2.439788527569496379e-01,1.759966245676938268e-01,-1.549685231359020643e-01,0.000000000000000000e+00,0.000000000000000000e+00,5.558518647166039717e-01,5.451977624040905690e-01,-1.847673972857271640e-01,-5.167979762974370672e-01,0.000000000000000000e+00,0.000000000000000000e+00,0.000000000000000000e+00,3.931401003954811957e-01,-9.195960981657143041e-01,3.241004516320747930e-01,-5.668064070805174381e-01,0.000000000000000000e+00,0.000000000000000000e+00,0.000000000000000000e+00
-1.452905047649518527e-02,-8.323644981654887420e-01,9.004039210634288137e-01,-1.259750105564325963e-02,2.419018229937521663e-02,8.469955428687193644e-01,5.308998854850107696e-01,-1.610689620511352588e-03,7.995011372475219202e-02,3.022332695846464690e-01,3.705155445803567371e-01,-2.265815087171547948e-01,2.670773071754202477e-02,-3.319885218125036008e-01,-3.354772894291704333e-01,-2.632092048680172436e-01,1.396364697049232717e-01,2.443176016011586460e-01,1.762515491472831375e-01,-1.556599242771559144e-01,0.000000000000000000e+00,0.000000000000000000e+00,5.528371292268804416e-01,5.450413481602311982e-01,-1.840932251223566518e-01,-5.156323407356384614e-01,0.000000000000000000e+00,0.000000000000000000e+00,0.000000000000000000e+00,3.904134789977768416e-01,-9.203437995348351386e-01,3.241312863042185022e-01,-5.649545947500107523e-01,0.000000000000000000e+00,0.000000000000000000e+00,0.000000000000000000e+00
-1.452905047649518527e-02,-8.323644981654887420e-01,9.004039210634288137e-01,-1.259750105564325963e-02,2.419018229937521663e-02,8.469955428687193644e-01,5.308998854850107696e-01,4.995767279730306543e-04,8.047386791799696071e-02,3.042864833403994274e-01,3.686177634584232310e-01,-2.264164015781150452e-01,2.734530716894817068e-02,-3.320095768582743134e-01,-3.364248244256000109e-01,-2.619940413374490795e-01,1.402084936059581066e-01,2.446563504453676263e-01,1.765064737268724759e-01,-1.563513254184097367e-01,0.000000000000000000e+00,0.000000000000000000e+00,5.498223937371570225e-01,5.448849339163719385e-01,-1.834190529589862229e-01,-5.144667051738398555e-01,0.000000000000000000e+00,0.000000000000000000e+00,0.000000000000000000e+00,3.876868576000725430e-01,-9.210915009039561951e-01,3.241621209763623224e-01,-5.631027824195040665e-01,0.000000000000000000e+00,0.000000000000000000e+00,0.000000000000000000e+00
-1.452905047649518527e-02,-8.323644981654887420e-01,9.004039210634288137e-01,-1.259750105564325963e-02,2.419018229937521663e-02,8.469955428687193644e-01,5.308998854850107696e-01,2.609843076457410427e-03,8.099762211124172939e-02,3.063396970961524968e-01,3.667199823364898359e-01,-2.262512944390752401e-01,2.798288362035431659e-02,-3.320306319040450815e-01,-3.373723594220295885e-01,-2.607788778068809710e-01,1.407805175069929415e-01,2.449950992895766344e-01,1.767613983064618144e-01,-1.570427265596636146e-01,0.000000000000000000e+00,0.000000000000000000e+00,5.468076582474336034e-01,5.447285196725126788e-01,-1.827448807956157661e-01,-5.133010696120413607e-01,0.000000000000000000e+00,0.000000000000000000e+00,0.000000000000000000e+00,3.849602362023682445e-01,-9.218392022730771407e-01,3.241929556485060870e-01,-5.612509700889973807e-01,0.000000000000000000e+00,0.000000000000000000e+00,0.000000000000000000e+00
-1.452905047649518527e-02,-8.323644981654887420e-01,9.004039210634288137e-01,-1.259750105564325963e-02,2.419018229937521663e-02,8.469955428687193644e-01,5.308998854850107696e-01,4.720109424941793669e-03,8.152137630448648420e-02,3.083929108519054552e-01,3.648222012145563298e-01,-2.260861873000354350e-01,2.862046007176045903e-02,-3.320516869498157386e-01,-3.383198944184591106e-01,-2.595637142763128069e-01,1.413525414080277764e-01,2.453338481337856147e-01,1.770163228860511251e-01,-1.577341277009174370e-01,0.000000000000000000e+00,0.000000000000000000e+00,5.437929227577100733e-01,5.445721054286534191e-01,-1.820707086322452817e-01,-5.121354340502427549e-01,0.000000000000000000e+00,0.000000000000000000e+00,0.000000000000000000e+00,3.822336148046638904e-01,-9.225869036421978642e-01,3.242237903206498517e-01,-5.593991577584906949e-01,0.000000000000000000e+00,0.000000000000000000e+00,0.000000000000000000e+00
-1.452905047649518527e-02,-8.323644981654887420e-01,9.004039210634288137e-01,-1.259750105564325963e-02,2.419018229937521663e-02,8.469955428687193644e-01,5.308998854850107696e-01,6.830375773426180380e-03,8.204513049773125288e-02,3.104461246076584136e-01,3.629244200926228237e-01,-2.259210801609956298e-01,2.925803652316660147e-02,-3.320727419955864512e-01,-3.392674294148886882e-01,-2.583485507457446984e-01,1.419245653090626114e-01,2.456725969779946228e-01,1.772712474656404358e-01,-1.584255288421712871e-01,0.000000000000000000e+00,0.000000000000000000e+00,5.407781872679866542e-01,5.444156911847940483e-01,-1.813965364688747972e-01,-5.109697984884441491e-01,0.000000000000000000e+00,0.000000000000000000e+00,0.000000000000000000e+00,3.795069934069594808e-01,-9.233346050113188097e-01,3.242546249927935609e-01,-5.575473454279840091e-01,0.000000000000000000e+00,0.000000000000000000e+00,0.000000000000000000e+00
-1.452905047649518527e-02,-8.323644981654887420e-01,9.004039210634288137e-01,-1.259750105564325963e-02,2.419018229937521663e-02,8.469955428687193644e-01,5.308998854850107696e-01,8.940642121910563622e-03,8.256888469097600769e-02,3.124993383634113719e-01,3.610266389706893175e-01,-2.257559730219558802e-01,2.989561297457274391e-02,-3.320937970413572193e-01,-3.402149644113182658e-01,-2.571333872151765343e-01,1.424965892100974463e-01,2.460113458222036309e-01,1.775261720452297742e-01,-1.591169299834251372e-01,0.000000000000000000e+00,0.000000000000000000e+00,5.377634517782632351e-01,5.442592769409346776e-01,-1.807223643055043683e-01,-5.098041629266456543e-01,0.000000000000000000e+00,0.000000000000000000e+00,0.000000000000000000e+00,3.767803720092551822e-01,-9.240823063804397552e-01,3.242854596649373811e-01,-5.556955330974773233e-01,0.000000000000000000e+00,0.000000000000000000e+00,0.000000000000000000e+00
-1.452905047649518527e-02,-8.323644981654887420e-01,9.004039210634288137e-01,-1.259750105564325963e-02,2.419018229937521663e-02,8.469955428687193644e-01,5.308998854850107696e-01,1.105090847039494339e-02,8.309263888422077637e-02,3.145525521191644414e-01,3.591288578487558669e-01,-2.255908658829161029e-01,3.053318942597889329e-02,-3.321148520871278764e-01,-3.411624994077478434e-01,-2.559182236846084257e-01,1.430686131111322812e-01,2.463500946664126390e-01,1.777810966248191127e-01,-1.598083311246789873e-01,0.000000000000000000e+00,0.000000000000000000e+00,5.347487162885397050e-01,5.441028626970755289e-01,-1.800481921421339115e-01,-5.086385273648470484e-01,0.000000000000000000e+00,0.000000000000000000e+00,0.000000000000000000e+00,3.740537506115508282e-01,-9.248300077495607008e-01,3.243162943370811457e-01,-5.538437207669706375e-01,0.000000000000000000e+00,0.000000000000000000e+00,0.000000000000000000e+00
-1.452905047649518527e-02,-8.323644981654887420e-01,9.004039210634288137e-01,-1.259750105564325963e-02,2.419018229937521663e-02,8.469955428687193644e-01,5.308998854850107696e-01,1.316117481887933011e-02,8.361639307746554506e-02,3.166057658749173997e-01,3.572310767268224163e-01,-2.254257587438762700e-01,3.117076587738503574e-02,-3.321359071328985890e-01,-3.421100344041774211e-01,-2.547030601540403172e-01,1.436406370121671161e-01,2.466888435106216193e-01,1.780360212044084234e-01,-1.604997322659328374e-01,0.000000000000000000e+00,0.000000000000000000e+00,5.317339807988161748e-01,5.439464484532161581e-01,-1.793740199787634271e-01,-5.074728918030484426e-01,0.000000000000000000e+00,0.000000000000000000e+00,0.000000000000000000e+00,3.713271292138464741e-01,-9.255777091186816463e-01,3.243471290092249104e-01,-5.519919084364639517e-01,0.000000000000000000e+00,0.000000000000000000e+00,0.000000000000000000e+00
-1.452905047649518527e-02,-8.323644981654887420e-01,9.004039210634288137e-01,-1.259750105564325963e-02,2.419018229937521663e-02,8.469955428687193644e-01,5.308998854850107696e-01,1.527144116736371335e-02,8.414014727071028599e-02,3.186589796306703581e-01,3.553332956048888547e-01,-2.252606516048364926e-01,3.180834232879117818e-02,-3.321569621786693016e-01,-3.430575694006069432e-01,-2.534878966234721531e-01,1.442126609132019510e-01,2.470275923548306274e-01,1.782909457839977341e-01,-1.611911334071866597e-01,0.000000000000000000e+00,0.000000000000000000e+00,5.287192453090927557e-01,5.437900342093567874e-01,-1.786998478153929426e-01,-5.063072562412498367e-01,0.000000000000000000e+00,0.000000000000000000e+00,0.000000000000000000e+00,3.686005078161421755e-01,-9.263254104878023698e-01,3.243779636813686196e-01,-5.501400961059572658e-01,0.000000000000000000e+00,0.000000000000000000e+00,0.000000000000000000e+00
-1.452905047649518527e-02,-8.323644981654887420e-01,9.004039210634288137e-01,-1.259750105564325963e-02,2.419018229937521663e-02,8.469955428687193644e-01,5.308998854850107696e-01,1.738170751584809659e-02,8.466390146395505467e-02,3.207121933864233165e-01,3.534355144829554041e-01,-2.250955444657967153e-01,3.244591878019732756e-02,-3.321780172244400142e-01,-3.440051043970365208e-01,-2.522727330929040446e-01,1.447846848142367859e-01,2.473663411990396355e-01,1.785458703635870725e-01,-1.618825345484405098e-01,0.000000000000000000e+00,0.000000000000000000e+00,5.257045098193693367e-01,5.436336199654975276e-01,-1.780256756520224859e-01,-5.051416206794513419e-01,0.000000000000000000e+00,0.000000000000000000e+00,0.000000000000000000e+00,3.658738864184378214e-01,-9.270731118569234264e-01,3.244087983535124398e-01,-5.482882837754505800e-01,0.000000000000000000e+00,0.000000000000000000e+00,0.000000000000000000e+00
-1.452905047649518527e-02,-8.323644981654887420e-01,9.004039210634288137e-01,-1.259750105564325963e-02,2.419018229937521663e-02,8.469955428687193644e-01,5.308998854850107696e-01,1.949197386433248330e-02,8.518765565719982336e-02,3.227654071421763859e-01,3.515377333610218979e-01,-2.249304373267569379e-01,3.308349523160347000e-02,-3.321990722702107268e-01,-3.449526393934660984e-01,-2.510575695623358805e-01,1.453567087152716208e-01,2.477050900432486158e-01,1.788007949431764110e-01,-1.625739356896943599e-01,0.000000000000000000e+00,0.000000000000000000e+00,5.226897743296458065e-01,5.434772057216382679e-01,-1.773515034886520292e-01,-5.039759851176528471e-01,0.000000000000000000e+00,0.000000000000000000e+00,0.000000000000000000e+00,3.631472650207334674e-01,-9.278208132260442609e-01,3.244396330256562044e-01,-5.464364714449438942e-01,0.000000000000000000e+00,0.000000000000000000e+00,0.000000000000000000e+00
-1.452905047649518527e-02,-8.323644981654887420e-01,9.004039210634288137e-01,-1.259750105564325963e-02,2.419018229937521663e-02,8.469955428687193644e-01,5.308998854850107696e-01,2.160224021281687001e-02,8.571140985044459204e-02,3.248186208979293443e-01,3.496399522390883918e-01,-2.247653301877171328e-01,3.372107168300961244e-02,-3.322201273159813839e-01,-3.459001743898956205e-01,-2.498424060317677442e-01,1.459287326163064558e-01,2.480438388874575961e-01,1.790557195227657217e-01,-1.632653368309481823e-01,0.000000000000000000e+00,0.000000000000000000e+00,5.196750388399222764e-01,5.433207914777788972e-01,-1.766773313252815170e-01,-5.028103495558541303e-01,0.000000000000000000e+00,0.000000000000000000e+00,0.000000000000000000e+00,3.604206436230290578e-01,-9.285685145951652064e-01,3.244704676977999691e-01,-5.445846591144372084e-01,0.000000000000000000e+00,0.000000000000000000e+00,0.000000000000000000e+00
-1.452905047649518527e-02,-8.323644981654887420e-01,9.004039210634288137e-01,-1.259750105564325963e-02,2.419018229937521663e-02,8.469955428687193644e-01,5.308998854850107696e-01,2.371250656130125672e-02,8.623516404368936072e-02,3.268718346536823027e-01,3.477421711171549412e-01,-2.246002230486773554e-01,3.435864813441576182e-02,-3.322411823617521520e-01,-3.468477093863252536e-01,-2.486272425011996079e-01,1.465007565173412907e-01,2.483825877316666042e-01,1.793106441023550601e-01,-1.639567379722020601e-01,0.000000000000000000e+00,0.000000000000000000e+00,5.166603033501988573e-01,5.431643772339196374e-01,-1.760031591619110880e-01,-5.016447139940556355e-01,0.000000000000000000e+00,0.000000000000000000e+00,0.000000000000000000e+00,3.576940222253247592e-01,-9.293162159642861520e-01,3.245013023699436783e-01,-5.427328467839306336e-01,0.000000000000000000e+00,0.000000000000000000e+00,0.000000000000000000e+00
-1.452905047649518527e-02,-8.323644981654887420e-01,9.004039210634288137e-01,-1.259750105564325963e-02,2.419018229937521663e-02,8.469955428687193644e-01,5.308998854850107696e-01,2.582277290978563303e-02,8.675891823693411553e-02,3.289250484094353166e-01,3.458443899952214906e-01,-2.244351159096376058e-01,3.499622458582190426e-02,-3.322622374075229201e-01,-3.477952443827547757e-01,-2.474120789706314993e-01,1.470727804183761256e-01,2.487213365758756400e-01,1.795655686819443986e-01,-1.646481391134559102e-01,0.000000000000000000e+00,0.000000000000000000e+00,5.136455678604754382e-01,5.430079629900603777e-01,-1.753289869985406313e-01,-5.004790784322570296e-01,0.000000000000000000e+00,0.000000000000000000e+00,0.000000000000000000e+00,3.549674008276204606e-01,-9.300639173334070975e-01,3.245321370420874985e-01,-5.408810344534239478e-01,0.000000000000000000e+00,0.000000000000000000e+00,0.000000000000000000e+00
-1.452905047649518527e-02,-8.323644981654887420e-01,9.004039210634288137e-01,-1.259750105564325963e-02,2.419018229937521663e-02,8.469955428687193644e-01,5.308998854850107696e-01,2.793303925827001974e-02,8.728267243017887034e-02,3.309782621651883305e-01,3.439466088732879845e-01,-2.242700087705977730e-01,3.563380103722804670e-02,-3.322832924532935772e-01,-3.487427793791842978e-01,-2.461969154400633630e-01,1.476448043194109605e-01,2.490600854200846204e-01,1.798204932615337093e-01,-1.653395402547097326e-01,0.000000000000000000e+00,0.000000000000000000e+00,5.106308323707520191e-01,5.428515487462010070e-01,-1.746548148351701468e-01,-4.993134428704585348e-01,0.000000000000000000e+00,0.000000000000000000e+00,0.000000000000000000e+00,3.522407794299161066e-01,-9.308116187025279320e-01,3.245629717142312631e-01,-5.390292221229171510e-01,0.000000000000000000e+00,0.000000000000000000e+00,0.000000000000000000e+00
-1.452905047649518527e-02,-8.323644981654887420e-01,9.004039210634288137e-01,-1.259750105564325963e-02,2.419018229937521663e-02,8.469955428687193644e-01,5.308998854850107696e-01,3.004330560675440298e-02,8.780642662342363902e-02,3.330314759209412889e-01,3.420488277513544784e-01,-2.241049016315579956e-01,3.627137748863418915e-02,-3.323043474990642898e-01,-3.496903143756138754e-01,-2.449817519094952267e-01,1.482168282204457954e-01,2.493988342642936007e-01,1.800754178411230200e-01,-1.660309413959635827e-01,0.000000000000000000e+00,0.000000000000000000e+00,5.076160968810284890e-01,5.426951345023417472e-01,-1.739806426717996901e-01,-4.981478073086599290e-01,0.000000000000000000e+00,0.000000000000000000e+00,0.000000000000000000e+00,3.495141580322117525e-01,-9.315593200716487665e-01,3.245938063863750278e-01,-5.371774097924104652e-01,0.000000000000000000e+00,0.000000000000000000e+00,0.000000000000000000e+00
-1.452905047649518527e-02,-8.323644981654887420e-01,9.004039210634288137e-01,-1.259750105564325963e-02,2.419018229937521663e-02,8.469955428687193644e-01,5.308998854850107696e-01,3.215357195523878275e-02,8.833018081666840771e-02,3.350846896766942473e-01,3.401510466294209722e-01,-2.239397944925182182e-01,3.690895394004033159e-02,-3.323254025448350024e-01,-3.506378493720434530e-01,-2.437665883789270904e-01,1.487888521214806303e-01,2.497375831085026088e-01,1.803303424207123584e-01,-1.667223425372174328e-01,0.000000000000000000e+00,0.000000000000000000e+00,5.046013613913050699e-01,5.425387202584823765e-01,-1.733064705084292334e-01,-4.969821717468613786e-01,0.000000000000000000e+00,0.000000000000000000e+00,0.000000000000000000e+00,3.467875366345074539e-01,-9.323070214407697121e-01,3.246246410585187925e-01,-5.353255974619038904e-01,0.000000000000000000e+00,0.000000000000000000e+00,0.000000000000000000e+00
-1.452905047649518527e-02,-8.323644981654887420e-01,9.004039210634288137e-01,-1.259750105564325963e-02,2.419018229937521663e-02,8.469955428687193644e-01,5.308998854850107696e-01,3.426383830372316253e-02,8.885393500991314863e-02,3.371379034324472057e-01,3.382532655074875216e-01,-2.237746873534784409e-01,3.754653039144647403e-02,-3.323464575906056595e-01,-3.515853843684729751e-01,-2.425514248483589541e-01,1.493608760225154652e-01,2.500763319527116169e-01,1.805852670003016969e-01,-1.674137436784712829e-01,0.000000000000000000e+00,0.000000000000000000e+00,5.015866259015815398e-01,5.423823060146231168e-01,-1.726322983450587767e-01,-4.958165361850628283e-01,0.000000000000000000e+00,0.000000000000000000e+00,0.000000000000000000e+00,3.440609152368030998e-01,-9.330547228098906576e-01,3.246554757306625572e-01,-5.334737851313972046e-01,0.000000000000000000e+00,0.000000000000000000e+00,0.000000000000000000e+00
-1.452905047649518527e-02,-8.323644981654887420e-01,9.004039210634288137e-01,-1.259750105564325963e-02,2.419018229937521663e-02,8.469955428687193644e-01,5.308998854850107696e-01,3.637410465220754924e-02,8.937768920315791732e-02,3.391911171882002751e-01,3.363554843855540710e-01,-2.236095802144386635e-01,3.818410684285262341e-02,-3.323675126363764276e-01,-3.525329193649026083e-01,-2.413362613177908178e-01,1.499328999235503002e-01,2.504150807969205972e-01,1.808401915798910076e-01,-1.681051448197251330e-01,0.000000000000000000e+00,0.000000000000000000e+00,4.985718904118581207e-01,5.422258917707638570e-01,-1.719581261816882922e-01,-4.946509006232642225e-01,0.000000000000000000e+00,0.000000000000000000e+00,0.000000000000000000e+00,3.413342938390987458e-01,-9.338024241790114921e-01,3.246863104028063218e-01,-5.316219728008905188e-01,0.000000000000000000e+00,0.000000000000000000e+00,0.000000000000000000e+00
-1.452905047649518527e-02,-8.323644981654887420e-01,9.004039210634288137e-01,-1.259750105564325963e-02,2.419018229937521663e-02,8.469955428687193644e-01,5.308998854850107696e-01,3.848437100069194983e-02,8.990144339640268600e-02,3.412443309439532335e-01,3.344577032636205649e-01,-2.234444730753988584e-01,3.882168329425876585e-02,-3.323885676821471402e-01,-3.534804543613321304e-01,-2.401210977872226815e-01,1.505049238245851351e-01,2.507538296411296330e-01,1.810951161594803460e-01,-1.687965459609789831e-01,0.000000000000000000e+00,0.000000000000000000e+00,4.955571549221346461e-01,5.420694775269045973e-01,-1.712839540183178078e-01,-4.934852650614656167e-01,0.000000000000000000e+00,0.000000000000000000e+00,0.000000000000000000e+00,3.386076724413943917e-01,-9.345501255481324376e-01,3.247171450749500865e-01,-5.297701604703838330e-01,0.000000000000000000e+00,0.000000000000000000e+00,0.000000000000000000e+00
-1.452905047649518527e-02,-8.323644981654887420e-01,9.004039210634288137e-01,-1.259750105564325963e-02,2.419018229937521663e-02,8.469955428687193644e-01,5.308998854850107696e-01,4.059463734917631572e-02,9.042519758964745469e-02,3.432975446997061919e-01,3.325599221416870588e-01,-2.232793659363590810e-01,3.945925974566491523e-02,-3.324096227279178528e-01,-3.544279893577616525e-01,-2.389059342566545729e-01,1.510769477256199700e-01,2.510925784853386133e-01,1.813500407390696567e-01,-1.694879471022328055e-01,0.000000000000000000e+00,0.000000000000000000e+00,4.925424194324111715e-01,5.419130632830452265e-01,-1.706097818549473510e-01,-4.923196294996671218e-01,0.000000000000000000e+00,0.000000000000000000e+00,0.000000000000000000e+00,3.358810510436900376e-01,-9.352978269172533832e-01,3.247479797470939067e-01,-5.279183481398771471e-01,0.000000000000000000e+00,0.000000000000000000e+00,0.000000000000000000e+00
-1.452905047649518527e-02,-8.323644981654887420e-01,9.004039210634288137e-01,-1.259750105564325963e-02,2.419018229937521663e-02,8.469955428687193644e-01,5.308998854850107696e-01,4.270490369766070937e-02,9.094895178289222337e-02,3.453507584554592058e-01,3.306621410197535527e-01,-2.231142587973192759e-01,4.009683619707105073e-02,-3.324306777736885099e-01,-3.553755243541912856e-01,-2.376907707260864089e-01,1.516489716266548049e-01,2.514313273295475937e-01,1.816049653186589952e-01,-1.701793482434866556e-01,0.000000000000000000e+00,0.000000000000000000e+00,4.895276839426876969e-01,5.417566490391859668e-01,-1.699356096915768943e-01,-4.911539939378685160e-01,0.000000000000000000e+00,0.000000000000000000e+00,0.000000000000000000e+00,3.331544296459857391e-01,-9.360455282863742177e-01,3.247788144192376159e-01,-5.260665358093704613e-01,0.000000000000000000e+00,0.000000000000000000e+00,0.000000000000000000e+00
-1.452905047649518527e-02,-8.323644981654887420e-01,9.004039210634288137e-01,-1.259750105564325963e-02,2.419018229937521663e-02,8.469955428687193644e-01,5.308998854850107696e-01,4.481517004614508914e-02,9.147270597613696430e-02,3.474039722112122197e-01,3.287643598978201021e-01,-2.229491516582794985e-01,4.073441264847720011e-02,-3.324517328194592780e-01,-3.563230593506208077e-01,-2.364756071955183003e-01,1.522209955276896398e-01,2.517700761737565740e-01,1.818598898982483059e-01,-1.708707493847405057e-01,0.000000000000000000e+00,0.000000000000000000e+00,4.865129484529642223e-01,5.416002347953265961e-01,-1.692614375282064376e-01,-4.899883583760700212e-01,0.000000000000000000e+00,0.000000000000000000e+00,0.000000000000000000e+00,3.304278082482813850e-01,-9.367932296554950522e-01,3.248096490913813805e-01,-5.242147234788637755e-01,0.000000000000000000e+00,0.000000000000000000e+00,0.000000000000000000e+00
-1.452905047649518527e-02,-8.323644981654887420e-01,9.004039210634288137e-01,-1.259750105564325963e-02,2.419018229937521663e-02,8.469955428687193644e-01,5.308998854850107696e-01,4.692543639462947586e-02,9.199646016938173299e-02,3.494571859669651781e-01,3.268665787758865959e-01,-2.227840445192397212e-01,4.137198909988334949e-02,-3.324727878652299906e-01,-3.572705943470503853e-01,-2.352604436649501640e-01,1.527930194287244747e-01,2.521088250179656098e-01,1.821148144778376443e-01,-1.715621505259943558e-01,0.000000000000000000e+00,0.000000000000000000e+00,4.834982129632408032e-01,5.414438205514673363e-01,-1.685872653648359532e-01,-4.888227228142714154e-01,0.000000000000000000e+00,0.000000000000000000e+00,0.000000000000000000e+00,3.277011868505770309e-01,-9.375409310246159977e-01,3.248404837635251452e-01,-5.223629111483570897e-01,0.000000000000000000e+00,0.000000000000000000e+00,0.000000000000000000e+00
-1.452905047649518527e-02,-8.323644981654887420e-01,9.004039210634288137e-01,-1.259750105564325963e-02,2.419018229937521663e-02,8.469955428687193644e-01,5.308998854850107696e-01,4.903570274311385563e-02,9.252021436262650167e-02,3.515103997227181365e-01,3.249687976539531453e-01,-2.226189373801999438e-01,4.200956555128948500e-02,-3.324938429110007032e-01,-3.582181293434799629e-01,-2.340452801343820277e-01,1.533650433297593096e-01,2.524475738621745902e-01,1.823697390574269828e-01,-1.722535516672482059e-01,0.000000000000000000e+00,0.000000000000000000e+00,4.804834774735173841e-01,5.412874063076079656e-01,-1.679130932014654964e-01,-4.876570872524728095e-01,0.000000000000000000e+00,0.000000000000000000e+00,0.000000000000000000e+00,3.249745654528727323e-01,-9.382886323937369433e-01,3.248713184356689099e-01,-5.205110988178505149e-01,0.000000000000000000e+00,0.000000000000000000e+00,0.000000000000000000e+00
-1.452905047649518527e-02,-8.323644981654887420e-01,9.004039210634288137e-01,-1.259750105564325963e-02,2.419018229937521663e-02,8.469955428687193644e-01,5.308998854850107696e-01,5.114596909159824234e-02,9.304396855587125648e-02,3.535636134784712059e-01,3.230710165320196392e-01,-2.224538302411601109e-01,4.264714200269563438e-02,-3.325148979567714158e-01,-3.591656643399094850e-01,-2.328301166038138914e-01,1.539370672307941446e-01,2.527863227063835705e-01,1.826246636370162935e-01,-1.729449528085020282e-01,0.000000000000000000e+00,0.000000000000000000e+00,4.774687419837938540e-01,5.411309920637487059e-01,-1.672389210380950120e-01,-4.864914516906742592e-01,0.000000000000000000e+00,0.000000000000000000e+00,0.000000000000000000e+00,3.222479440551683227e-01,-9.390363337628577778e-01,3.249021531078126745e-01,-5.186592864873437181e-01,0.000000000000000000e+00,0.000000000000000000e+00,0.000000000000000000e+00
-1.452905047649518527e-02,-8.323644981654887420e-01,9.004039210634288137e-01,-1.259750105564325963e-02,2.419018229937521663e-02,8.469955428687193644e-01,5.308998854850107696e-01,5.325623544008262211e-02,9.356772274911602516e-02,3.556168272342241088e-01,3.211732354100861331e-01,-2.222887231021203336e-01,4.328471845410177682e-02,-3.325359530025421284e-01,-3.601131993363390627e-01,-2.316149530732457551e-01,1.545090911318289795e-01,2.531250715505926063e-01,1.828795882166056042e-01,-1.736363539497559061e-01,0.000000000000000000e+00,0.000000000000000000e+00,4.744540064940704349e-01,5.409745778198894461e-01,-1.665647488747245553e-01,-4.853258161288757089e-01,0.000000000000000000e+00,0.000000000000000000e+00,0.000000000000000000e+00,3.195213226574640242e-01,-9.397840351319787233e-01,3.249329877799564947e-01,-5.168074741568370323e-01,0.000000000000000000e+00,0.000000000000000000e+00,0.000000000000000000e+00
-1.452905047649518527e-02,-8.323644981654887420e-01,9.004039210634288137e-01,-1.259750105564325963e-02,2.419018229937521663e-02,8.469955428687193644e-01,5.308998854850107696e-01,5.536650178856700882e-02,9.409147694236079384e-02,3.576700409899771227e-01,3.192754542881526270e-01,-2.221236159630805562e-01,4.392229490550791926e-02,-3.325570080483128410e-01,-3.610607343327686403e-01,-2.303997895426776188e-01,1.550811150328638144e-01,2.534638203948015867e-01,1.831345127961949426e-01,-1.743277550910097284e-01,0.000000000000000000e+00,0.000000000000000000e+00,4.714392710043469048e-01,5.408181635760300754e-01,-1.658905767113540985e-01,-4.841601805670771586e-01,0.000000000000000000e+00,0.000000000000000000e+00,0.000000000000000000e+00,3.167947012597597256e-01,-9.405317365010996689e-01,3.249638224521002039e-01,-5.149556618263304575e-01,0.000000000000000000e+00,0.000000000000000000e+00,0.000000000000000000e+00
-1.452905047649518527e-02,-8.323644981654887420e-01,9.004039210634288137e-01,-1.259750105564325963e-02,2.419018229937521663e-02,8.469955428687193644e-01,5.308998854850107696e-01,5.747676813705138860e-02,9.461523113560554865e-02,3.597232547457301366e-01,3.173776731662192319e-01,-2.219585088240407789e-01,4.455987135691406170e-02,-3.325780630940834981e-01,-3.620082693291982179e-01,-2.291846260121094825e-01,1.556531389338986493e-01,2.538025692390105670e-01,1.833894373757842811e-01,-1.750191562322636063e-01,0.000000000000000000e+00,0.000000000000000000e+00,4.684245355146234857e-01,5.406617493321708157e-01,-1.652164045479836418e-01,-4.829945450052786082e-01,0.000000000000000000e+00,0.000000000000000000e+00,0.000000000000000000e+00,3.140680798620553160e-01,-9.412794378702205034e-01,3.249946571242440241e-01,-5.131038494958237717e-01,0.000000000000000000e+00,0.000000000000000000e+00,0.000000000000000000e+00
-1.452905047649518527e-02,-8.323644981654887420e-01,9.004039210634288137e-01,-1.259750105564325963e-02,2.419018229937521663e-02,8.469955428687193644e-01,5.308998854850107696e-01,5.958703448553577531e-02,9.513898532885031734e-02,3.617764685014830950e-01,3.154798920442857257e-01,-2.217934016850010015e-01,4.519744780832021108e-02,-3.325991181398542107e-01,-3.629558043256277955e-01,-2.279694624815413462e-01,1.562251628349334842e-01,2.541413180832196028e-01,1.836443619553735918e-01,-1.757105573735174286e-01,0.000000000000000000e+00,0.000000000000000000e+00,4.654098000248999556e-01,5.405053350883115559e-01,-1.645422323846131574e-01,-4.818289094434800024e-01,0.000000000000000000e+00,0.000000000000000000e+00,0.000000000000000000e+00,3.113414584643510175e-01,-9.420271392393414489e-01,3.250254917963877332e-01,-5.112520371653170859e-01,0.000000000000000000e+00,0.000000000000000000e+00,0.000000000000000000e+00
-1.452905047649518527e-02,-8.323644981654887420e-01,9.004039210634288137e-01,-1.259750105564325963e-02,2.419018229937521663e-02,8.469955428687193644e-01,5.308998854850107696e-01,6.169730083402014814e-02,9.566273952209505826e-02,3.638296822572361089e-01,3.135821109223522196e-01,-2.216282945459612241e-01,4.583502425972634658e-02,-3.326201731856249788e-01,-3.639033393220573176e-01,-2.267542989509732099e-01,1.567971867359683191e-01,2.544800669274285831e-01,1.838992865349629302e-01,-1.764019585147712510e-01,0.000000000000000000e+00,0.000000000000000000e+00,4.623950645351765365e-01,5.403489208444521852e-01,-1.638680602212427007e-01,-4.806632738816813966e-01,0.000000000000000000e+00,0.000000000000000000e+00,0.000000000000000000e+00,3.086148370666466634e-01,-9.427748406084622834e-01,3.250563264685314979e-01,-5.094002248348104001e-01,0.000000000000000000e+00,0.000000000000000000e+00,0.000000000000000000e+00
-1.452905047649518527e-02,-8.323644981654887420e-01,9.004039210634288137e-01,-1.259750105564325963e-02,2.419018229937521663e-02,8.469955428687193644e-01,5.308998854850107696e-01,6.380756718250453485e-02,9.618649371533984083e-02,3.658828960129891228e-01,3.116843298004187135e-01,-2.214631874069213913e-01,4.647260071113249597e-02,-3.326412282313956914e-01,-3.648508743184868397e-01,-2.255391354204051013e-01,1.573692106370031540e-01,2.548188157716375635e-01,1.841542111145522409e-01,-1.770933596560251289e-01,0.000000000000000000e+00,0.000000000000000000e+00,4.593803290454531174e-01,5.401925066005928144e-01,-1.631938880578722162e-01,-4.794976383198829017e-01,0.000000000000000000e+00,0.000000000000000000e+00,0.000000000000000000e+00,3.058882156689423093e-01,-9.435225419775832290e-01,3.250871611406752626e-01,-5.075484125043037142e-01,0.000000000000000000e+00,0.000000000000000000e+00,0.000000000000000000e+00
-1.452905047649518527e-02,-8.323644981654887420e-01,9.004039210634288137e-01,-1.259750105564325963e-02,2.419018229937521663e-02,8.469955428687193644e-01,5.308998854850107696e-01,6.591783353098891463e-02,9.671024790858459563e-02,3.679361097687420257e-01,3.097865486784852074e-01,-2.212980802678816139e-01,4.711017716253863841e-02,-3.326622832771663485e-01,-3.657984093149164728e-01,-2.243239718898369650e-01,1.579412345380379890e-01,2.551575646158465993e-01,1.844091356941415516e-01,-1.777847607972789512e-01,0.000000000000000000e+00,0.000000000000000000e+00,4.563655935557295873e-01,5.400360923567335547e-01,-1.625197158945017595e-01,-4.783320027580842959e-01,0.000000000000000000e+00,0.000000000000000000e+00,0.000000000000000000e+00,3.031615942712380107e-01,-9.442702433467042855e-01,3.251179958128190828e-01,-5.056966001737970284e-01,0.000000000000000000e+00,0.000000000000000000e+00,0.000000000000000000e+00
-1.452905047649518527e-02,-8.323644981654887420e-01,9.004039210634288137e-01,-1.259750105564325963e-02,2.419018229937521663e-02,8.469955428687193644e-01,5.308998854850107696e-01,6.802809987947330828e-02,9.723400210182936432e-02,3.699893235244950951e-01,3.078887675565517568e-01,-2.211329731288418365e-01,4.774775361394478085e-02,-3.326833383229370611e-01,-3.667459443113459949e-01,-2.231088083592688287e-01,1.585132584390728239e-01,2.554963134600555796e-01,1.846640602737308900e-01,-1.784761619385328013e-01,0.000000000000000000e+00,0.000000000000000000e+00,4.533508580660061682e-01,5.398796781128742950e-01,-1.618455437311313028e-01,-4.771663671962857456e-01,0.000000000000000000e+00,0.000000000000000000e+00,0.000000000000000000e+00,3.004349728735336567e-01,-9.450179447158251200e-01,3.251488304849627919e-01,-5.038447878432903426e-01,0.000000000000000000e+00,0.000000000000000000e+00,0.000000000000000000e+00
-1.452905047649518527e-02,-8.323644981654887420e-01,9.004039210634288137e-01,-1.259750105564325963e-02,2.419018229937521663e-02,8.469955428687193644e-01,5.308998854850107696e-01,7.013836622795770193e-02,9.775775629507413300e-02,3.720425372802480535e-01,3.059909864346182506e-01,-2.209678659898020592e-01,4.838533006535093023e-02,-3.327043933687077737e-01,-3.676934793077755725e-01,-2.218936448287006924e-01,1.590852823401076588e-01,2.558350623042645600e-01,1.849189848533202285e-01,-1.791675630797866514e-01,0.000000000000000000e+00,0.000000000000000000e+00,4.503361225762826381e-01,5.397232638690150353e-01,-1.611713715677608183e-01,-4.760007316344871398e-01,0.000000000000000000e+00,0.000000000000000000e+00,0.000000000000000000e+00,2.977083514758293026e-01,-9.457656460849460656e-01,3.251796651571066121e-01,-5.019929755127836568e-01,0.000000000000000000e+00,0.000000000000000000e+00,0.000000000000000000e+00
-1.452905047649518527e-02,-8.323644981654887420e-01,9.004039210634288137e-01,-1.259750105564325963e-02,2.419018229937521663e-02,8.469955428687193644e-01,5.308998854850107696e-01,7.224863257644208170e-02,9.828151048831887393e-02,3.740957510360010119e-01,3.040932053126848000e-01,-2.208027588507622541e-01,4.902290651675707267e-02,-3.327254484144784863e-01,-3.686410143042051502e-01,-2.206784812981325561e-01,1.596573062411424937e-01,2.561738111484735403e-01,1.851739094329095392e-01,-1.798589642210405015e-01,0.000000000000000000e+00,0.000000000000000000e+00,4.473213870865592190e-01,5.395668496251556645e-01,-1.604971994043903616e-01,-4.748350960726885894e-01,0.000000000000000000e+00,0.000000000000000000e+00,0.000000000000000000e+00,2.949817300781249485e-01,-9.465133474540670111e-01,3.252104998292503213e-01,-5.001411631822769710e-01,0.000000000000000000e+00,0.000000000000000000e+00,0.000000000000000000e+00
-1.452905047649518527e-02,-8.323644981654887420e-01,9.004039210634288137e-01,-1.259750105564325963e-02,2.419018229937521663e-02,8.469955428687193644e-01,5.308998854850107696e-01,7.435889892492647535e-02,9.880526468156365649e-02,3.761489647917540258e-01,3.021954241907512939e-01,-2.206376517117224767e-01,4.966048296816321511e-02,-3.327465034602491989e-01,-3.695885493006347278e-01,-2.194633177675644198e-01,1.602293301421773286e-01,2.565125599926825761e-01,1.854288340124988776e-01,-1.805503653622943516e-01,0.000000000000000000e+00,0.000000000000000000e+00,4.443066515968356889e-01,5.394104353812964048e-01,-1.598230272410198771e-01,-4.736694605108900391e-01,0.000000000000000000e+00,0.000000000000000000e+00,0.000000000000000000e+00,2.922551086804205944e-01,-9.472610488231878456e-01,3.252413345013941415e-01,-4.982893508517702297e-01,0.000000000000000000e+00,0.000000000000000000e+00,0.000000000000000000e+00
-1.452905047649518527e-02,-8.323644981654887420e-01,9.004039210634288137e-01,-1.259750105564325963e-02,2.419018229937521663e-02,8.469955428687193644e-01,5.308998854850107696e-01,7.646916527341084124e-02,9.932901887480841130e-02,3.782021785475069842e-01,3.002976430688178433e-01,-2.204725445726826993e-01,5.029805941956936449e-02,-3.327675585060199115e-01,-3.705360842970642499e-01,-2.182481542369962835e-01,1.608013540432121635e-01,2.568513088368915565e-01,1.856837585920881883e-01,-1.812417665035482017e-01,0.000000000000000000e+00,0.000000000000000000e+00,4.412919161071123253e-01,5.392540211374370340e-01,-1.591488550776494204e-01,-4.725038249490914888e-01,0.000000000000000000e+00,0.000000000000000000e+00,0.000000000000000000e+00,2.895284872827162959e-01,-9.480087501923086801e-01,3.252721691735378506e-01,-4.964375385212635994e-01,0.000000000000000000e+00,0.000000000000000000e+00,0.000000000000000000e+00
-1.452905047649518527e-02,-8.323644981654887420e-01,9.004039210634288137e-01,-1.259750105564325963e-02,2.419018229937521663e-02,8.469955428687193644e-01,5.308998854850107696e-01,7.857943162189523489e-02,9.985277306805317998e-02,3.802553923032599981e-01,2.983998619468843372e-01,-2.203074374336428942e-01,5.093563587097550693e-02,-3.327886135517906796e-01,-3.714836192934938830e-01,-2.170329907064281472e-01,1.613733779442469984e-01,2.571900576811005923e-01,1.859386831716775268e-01,-1.819331676448020241e-01,0.000000000000000000e+00,0.000000000000000000e+00,4.382771806173888507e-01,5.390976068935777743e-01,-1.584746829142789637e-01,-4.713381893872929385e-01,0.000000000000000000e+00,0.000000000000000000e+00,0.000000000000000000e+00,2.868018658850119418e-01,-9.487564515614296257e-01,3.253030038456816153e-01,-4.945857261907569136e-01,0.000000000000000000e+00,0.000000000000000000e+00,0.000000000000000000e+00
-1.452905047649518527e-02,-8.323644981654887420e-01,9.004039210634288137e-01,-1.259750105564325963e-02,2.419018229937521663e-02,8.469955428687193644e-01,5.308998854850107696e-01,8.068969797037961467e-02,1.003765272612979348e-01,3.823086060590130120e-01,2.965020808249508311e-01,-2.201423302946031169e-01,5.157321232238164938e-02,-3.328096685975613367e-01,-3.724311542899234051e-01,-2.158178271758600109e-01,1.619454018452818334e-01,2.575288065253095726e-01,1.861936077512668375e-01,-1.826245687860559019e-01,0.000000000000000000e+00,0.000000000000000000e+00,4.352624451276653761e-01,5.389411926497185146e-01,-1.578005107509085070e-01,-4.701725538254943326e-01,0.000000000000000000e+00,0.000000000000000000e+00,0.000000000000000000e+00,2.840752444873075877e-01,-9.495041529305505712e-01,3.253338385178254355e-01,-4.927339138602502278e-01,0.000000000000000000e+00,0.000000000000000000e+00,0.000000000000000000e+00
-1.452905047649518527e-02,-8.323644981654887420e-01,9.004039210634288137e-01,-1.259750105564325963e-02,2.419018229937521663e-02,8.469955428687193644e-01,5.308998854850107696e-01,8.279996431886399444e-02,1.009002814545426896e-01,3.843618198147659704e-01,2.946042997030173805e-01,-2.199772231555633395e-01,5.221078877378779876e-02,-3.328307236433321048e-01,-3.733786892863529827e-01,-2.146026636452918746e-01,1.625174257463166683e-01,2.578675553695185529e-01,1.864485323308561759e-01,-1.833159699273097243e-01,0.000000000000000000e+00,0.000000000000000000e+00,4.322477096379419015e-01,5.387847784058592548e-01,-1.571263385875380225e-01,-4.690069182636957823e-01,0.000000000000000000e+00,0.000000000000000000e+00,0.000000000000000000e+00,2.813486230896032891e-01,-9.502518542996714057e-01,3.253646731899692002e-01,-4.908821015297435419e-01,0.000000000000000000e+00,0.000000000000000000e+00,0.000000000000000000e+00
-1.452905047649518527e-02,-8.323644981654887420e-01,9.004039210634288137e-01,-1.259750105564325963e-02,2.419018229937521663e-02,8.469955428687193644e-01,5.308998854850107696e-01,8.491023066734838809e-02,1.014240356477874583e-01,3.864150335705189288e-01,2.927065185810838743e-01,-2.198121160165235621e-01,5.284836522519394120e-02,-3.328517786891027619e-01,-3.743262242827825603e-01,-2.133875001147237660e-01,1.630894496473515032e-01,2.582063042137275888e-01,1.867034569104455144e-01,-1.840073710685635744e-01,0.000000000000000000e+00,0.000000000000000000e+00,4.292329741482184269e-01,5.386283641619998841e-01,-1.564521664241675658e-01,-4.678412827018971765e-01,0.000000000000000000e+00,0.000000000000000000e+00,0.000000000000000000e+00,2.786220016918989351e-01,-9.509995556687923512e-01,3.253955078621129648e-01,-4.890302891992368561e-01,0.000000000000000000e+00,0.000000000000000000e+00,0.000000000000000000e+00
-1.452905047649518527e-02,-8.323644981654887420e-01,9.004039210634288137e-01,-1.259750105564325963e-02,2.419018229937521663e-02,8.469955428687193644e-01,5.308998854850107696e-01,8.702049701583276786e-02,1.019477898410322270e-01,3.884682473262719427e-01,2.908087374591503682e-01,-2.196470088774837570e-01,5.348594167660008364e-02,-3.328728337348734745e-01,-3.752737592792120824e-01,-2.121723365841556297e-01,1.636614735483863381e-01,2.585450530579365691e-01,1.869583814900348251e-01,-1.846987722098173967e-01,0.000000000000000000e+00,0.000000000000000000e+00,4.262182386584949523e-01,5.384719499181405133e-01,-1.557779942607970813e-01,-4.666756471400986261e-01,0.000000000000000000e+00,0.000000000000000000e+00,0.000000000000000000e+00,2.758953802941945810e-01,-9.517472570379132968e-01,3.254263425342567295e-01,-4.871784768687301703e-01,0.000000000000000000e+00,0.000000000000000000e+00,0.000000000000000000e+00
-1.452905047649518527e-02,-8.323644981654887420e-01,9.004039210634288137e-01,-1.259750105564325963e-02,2.419018229937521663e-02,8.469955428687193644e-01,5.308998854850107696e-01,8.913076336431714763e-02,1.024715440342769818e-01,3.905214610820249010e-01,2.889109563372169176e-01,-2.194819017384439797e-01,5.412351812800622608e-02,-3.328938887806441871e-01,-3.762212942756416600e-01,-2.109571730535874934e-01,1.642334974494211730e-01,2.588838019021455494e-01,1.872133060696241358e-01,-1.853901733510712468e-01,0.000000000000000000e+00,0.000000000000000000e+00,4.232035031687715332e-01,5.383155356742813646e-01,-1.551038220974266246e-01,-4.655100115783000758e-01,0.000000000000000000e+00,0.000000000000000000e+00,0.000000000000000000e+00,2.731687588964902269e-01,-9.524949584070341313e-01,3.254571772064004942e-01,-4.853266645382235400e-01,0.000000000000000000e+00,0.000000000000000000e+00,0.000000000000000000e+00
-1.452905047649518527e-02,-8.323644981654887420e-01,9.004039210634288137e-01,-1.259750105564325963e-02,2.419018229937521663e-02,8.469955428687193644e-01,5.308998854850107696e-01,9.124102971280152741e-02,1.029952982275217505e-01,3.925746748377779149e-01,2.870131752152834115e-01,-2.193167945994042023e-01,5.476109457941237546e-02,-3.329149438264148997e-01,-3.771688292720711821e-01,-2.097420095230193571e-01,1.648055213504560079e-01,2.592225507463545853e-01,1.874682306492134742e-01,-1.860815744923250969e-01,0.000000000000000000e+00,0.000000000000000000e+00,4.201887676790480586e-01,5.381591214304219939e-01,-1.544296499340561679e-01,-4.643443760165014700e-01,0.000000000000000000e+00,0.000000000000000000e+00,0.000000000000000000e+00,2.704421374987859283e-01,-9.532426597761550768e-01,3.254880118785442589e-01,-4.834748522077167987e-01,0.000000000000000000e+00,0.000000000000000000e+00,0.000000000000000000e+00
-1.452905047649518527e-02,-8.323644981654887420e-01,9.004039210634288137e-01,-1.259750105564325963e-02,2.419018229937521663e-02,8.469955428687193644e-01,5.308998854850107696e-01,9.335129606128590718e-02,1.035190524207665053e-01,3.946278885935308733e-01,2.851153940933499054e-01,-2.191516874603643972e-01,5.539867103081851096e-02,-3.329359988721856123e-01,-3.781163642685007598e-01,-2.085268459924512208e-01,1.653775452514908151e-01,2.595612995905635656e-01,1.877231552288028127e-01,-1.867729756335789471e-01,0.000000000000000000e+00,0.000000000000000000e+00,4.171740321893245840e-01,5.380027071865626231e-01,-1.537554777706857112e-01,-4.631787404547029197e-01,0.000000000000000000e+00,0.000000000000000000e+00,0.000000000000000000e+00,2.677155161010815743e-01,-9.539903611452759113e-01,3.255188465506880235e-01,-4.816230398772101684e-01,0.000000000000000000e+00,0.000000000000000000e+00,0.000000000000000000e+00
-1.452905047649518527e-02,-8.323644981654887420e-01,9.004039210634288137e-01,-1.259750105564325963e-02,2.419018229937521663e-02,8.469955428687193644e-01,5.308998854850107696e-01,9.546156240977030083e-02,1.040428066140112739e-01,3.966811023492838872e-01,2.832176129714164547e-01,-2.189865803213246198e-01,5.603624748222466034e-02,-3.329570539179563249e-01,-3.790638992649303374e-01,-2.073116824618830845e-01,1.659495691525256778e-01,2.599000484347725459e-01,1.879780798083921234e-01,-1.874643767748327972e-01,0.000000000000000000e+00,0.000000000000000000e+00,4.141592966996011094e-01,5.378462929427033634e-01,-1.530813056073152267e-01,-4.620131048929043693e-01,0.000000000000000000e+00,0.000000000000000000e+00,0.000000000000000000e+00,2.649888947033772202e-01,-9.547380625143968569e-01,3.255496812228317882e-01,-4.797712275467034826e-01,0.000000000000000000e+00,0.000000000000000000e+00,0.000000000000000000e+00
