1.903533852961828993e-03,-1.762279444922399546e-02,9.253284845419952331e-01,1.823868041888383404e-02,-3.536900699140459875e-03,6.654029223003674609e-01,7.462531687464739605e-01,-2.817819703830237721e-02,8.461131227025639467e-02,3.100186999453778958e-01,2.141988861464942939e-01,-1.594814933047908889e-01,1.068908760424431420e-01,-8.418850961798812760e-02,-2.438608519045884770e-01,-2.125486095302277223e-01,2.331565463335500965e-01,-2.827289740783096861e-02,1.294261323287189958e-01,-6.111431501353142143e-02,0.000000000000000000e+00,0.000000000000000000e+00,6.642830335544595843e-02,2.438141984249487249e-01,-4.542530825805047856e-01,1.051041515435487739e+00,0.000000000000000000e+00,0.000000000000000000e+00,0.000000000000000000e+00,3.645759275246181902e-02,-2.917549421988941960e-01,4.934420130051090370e-01,1.011901710959206557e+00,0.000000000000000000e+00,0.000000000000000000e+00,0.000000000000000000e+00
1.632961956147070204e-03,-1.778955731745391483e-02,9.253819220421640734e-01,1.770533192803576752e-02,-2.960091091737089043e-03,6.652687273881333629e-01,7.463881560163053708e-01,-3.010762949963052479e-02,8.412182486404787274e-02,3.099891788083912747e-01,2.138236433999396446e-01,-1.584849145030353124e-01,1.085205964168992621e-01,-8.727536074153090240e-02,-2.443308123988363334e-01,-2.120699838715296437e-01,2.346309638389789121e-01,-2.500018155849294613e-02,1.309839482104524222e-01,-6.361472892287851899e-02,0.000000000000000000e+00,0.000000000000000000e+00,5.981876302365011361e-02,2.398466080413201584e-01,-4.536326151327369494e-01,1.060628121023355241e+00,0.000000000000000000e+00,0.000000000000000000e+00,0.000000000000000000e+00,2.885831189739171410e-02,-2.894675236448909783e-01,4.954585434497102980e-01,1.019680667511113414e+00,0.000000000000000000e+00,0.000000000000000000e+00,0.000000000000000000e+00
1.399550632377257820e-03,-1.786900333436342025e-02,9.254760176651690706e-01,1.699261691213341599e-02,-2.650324921412564212e-03,6.656298828416677971e-01,7.460838329681700465e-01,-3.203937677846834670e-02,8.424516140238753892e-02,3.087575454187806989e-01,2.138287826637106925e-01,-1.584322401050904106e-01,1.094779413915496491e-01,-8.781980899274818841e-02,-2.434892600359295500e-01,-2.120043954051025747e-01,2.327766596659285314e-01,-2.432026776636736845e-02,1.307757347589456887e-01,-6.408686523346461550e-02,0.000000000000000000e+00,0.000000000000000000e+00,5.752044942285599455e-02,2.387710717972310048e-01,-4.546890249676560081e-01,1.063915607702069943e+00,0.000000000000000000e+00,0.000000000000000000e+00,0.000000000000000000e+00,2.642206060565642500e-02,-2.887617248743655773e-01,4.981206438232624878e-01,1.024948995490361447e+00,0.000000000000000000e+00,0.000000000000000000e+00,0.000000000000000000e+00
1.210865299603017080e-03,-1.805801633442771781e-02,9.254635417454577517e-01,1.728666131247193899e-02,-2.605848701732447342e-03,6.647544787879935413e-01,7.468573249453437368e-01,-3.130236009051685919e-02,8.388083377185041878e-02,3.108493312340804282e-01,2.133066800444944899e-01,-1.575517457730477300e-01,1.092793855914902523e-01,-8.856074713185191349e-02,-2.442910574399821400e-01,-2.121554942687442769e-01,2.331742802204639364e-01,-2.411191710231232188e-02,1.289155471195757852e-01,-6.494688037849188911e-02,0.000000000000000000e+00,0.000000000000000000e+00,5.839882157642307947e-02,2.373960361611789915e-01,-4.540356530811733848e-01,1.065635731767171857e+00,0.000000000000000000e+00,0.000000000000000000e+00,0.000000000000000000e+00,2.483427653237179483e-02,-2.886032592152084630e-01,4.993831965952906793e-01,1.024745912499110068e+00,0.000000000000000000e+00,0.000000000000000000e+00,0.000000000000000000e+00
1.047392997826095259e-03,-1.823086996562367154e-02,9.254091937153837710e-01,1.725737370488100025e-02,-2.985476394906600404e-03,6.647143114701482558e-01,7.468923310024494500e-01,-3.247981812197401480e-02,8.433637685143763330e-02,3.092273780964421848e-01,2.162032014461594542e-01,-1.581443403359034106e-01,1.110922536442605080e-01,-8.912237916823044503e-02,-2.439185449180385212e-01,-2.118113267750260931e-01,2.350039059402078689e-01,-2.401219572284208140e-02,1.282314089615096686e-01,-6.456984443165933452e-02,0.000000000000000000e+00,0.000000000000000000e+00,5.700697250581626685e-02,2.370877231408015651e-01,-4.536315569288749683e-01,1.067560882252307053e+00,0.000000000000000000e+00,0.000000000000000000e+00,0.000000000000000000e+00,2.403687798270203596e-02,-2.891026417382338565e-01,5.010046642384279325e-01,1.026647308485595378e+00,0.000000000000000000e+00,0.000000000000000000e+00,0.000000000000000000e+00
8.629846147220014002e-04,-1.840551185759723915e-02,9.255072259199452755e-01,1.686792146132521514e-02,-2.936233723178808402e-03,6.646894152861325678e-01,7.469235790652727358e-01,-3.282597298176716250e-02,8.495699774958688499e-02,3.106528415794173603e-01,2.153872140730167251e-01,-1.577873742506402388e-01,1.105405929715242014e-01,-8.884478364940660844e-02,-2.434640841707282344e-01,-2.127631020494327729e-01,2.326460097672767291e-01,-2.240974250487984612e-02,1.296604842175215211e-01,-6.460024908631809004e-02,0.000000000000000000e+00,0.000000000000000000e+00,5.632695026708087194e-02,2.351296531533781931e-01,-4.524929462506044886e-01,1.069559130116869428e+00,0.000000000000000000e+00,0.000000000000000000e+00,0.000000000000000000e+00,2.383379491047617899e-02,-2.888466898894255785e-01,5.008902858398153191e-01,1.026975831838507602e+00,0.000000000000000000e+00,0.000000000000000000e+00,0.000000000000000000e+00
7.841858085745874538e-04,-1.861390128575579964e-02,9.253887963982289078e-01,1.675846334194668399e-02,-2.824854452048250301e-03,6.645538131948621752e-01,7.470471226582096058e-01,-3.528644111212781570e-02,8.474127515024923452e-02,3.080495682712808270e-01,2.189259733062549063e-01,-1.590716066277650664e-01,1.124209227497451336e-01,-9.126952854403704019e-02,-2.435276562477329265e-01,-2.111584045759445916e-01,2.358514858709674922e-01,-2.236352094423189885e-02,1.289001770304083472e-01,-6.492991681548192229e-02,0.000000000000000000e+00,0.000000000000000000e+00,5.611072112745415369e-02,2.351876780731675942e-01,-4.540206746212241407e-01,1.070298246407630938e+00,0.000000000000000000e+00,0.000000000000000000e+00,0.000000000000000000e+00,2.405747000826325560e-02,-2.883425174789666645e-01,4.996753371845464864e-01,1.026890492813299804e+00,0.000000000000000000e+00,0.000000000000000000e+00,0.000000000000000000e+00
7.378388897604987780e-04,-1.885715395012756146e-02,9.253844794780567984e-01,1.688450309536431923e-02,-2.752559817886068676e-03,6.645371431757376435e-01,7.470593833889653812e-01,-3.538371390999569405e-02,8.428435245046128621e-02,3.079423154020817788e-01,2.184534408534804240e-01,-1.586484608912809291e-01,1.127336407250827677e-01,-9.227219381531201470e-02,-2.438942685151970213e-01,-2.106070897845945256e-01,2.370323431444442130e-01,-2.164924501665520945e-02,1.275868883826646594e-01,-6.569064882124128757e-02,0.000000000000000000e+00,0.000000000000000000e+00,5.655453047778317976e-02,2.346597127010238149e-01,-4.490409801423399516e-01,1.070382984699863149e+00,0.000000000000000000e+00,0.000000000000000000e+00,0.000000000000000000e+00,2.492260148735418734e-02,-2.887458866430498983e-01,4.994953192672063613e-01,1.022891456767081486e+00,0.000000000000000000e+00,0.000000000000000000e+00,0.000000000000000000e+00
6.987485994841317275e-04,-1.911845368188483038e-02,9.253950433608224557e-01,1.698665033679146175e-02,-2.643768231954747409e-03,6.647454522044052849e-01,7.468721095163700641e-01,-3.562953537767648421e-02,8.384710456479707585e-02,3.078652652247941268e-01,2.178726276019943009e-01,-1.577016090978849705e-01,1.128959199278624231e-01,-9.327505556759294048e-02,-2.442717491019066045e-01,-2.099717037303948097e-01,2.381819686367140920e-01,-2.007547645192626906e-02,1.262982722097542587e-01,-6.695035579700971129e-02,0.000000000000000000e+00,0.000000000000000000e+00,5.618496890204245642e-02,2.345892770072976474e-01,-4.500778899290318602e-01,1.070970426064206560e+00,0.000000000000000000e+00,0.000000000000000000e+00,0.000000000000000000e+00,2.491742180482747065e-02,-2.889823278166275822e-01,5.002245658646612414e-01,1.021455324977695200e+00,0.000000000000000000e+00,0.000000000000000000e+00,0.000000000000000000e+00
6.183484539287161311e-04,-1.935011003505653776e-02,9.254296126538781309e-01,1.689143149505788200e-02,-2.548442665389558277e-03,6.650707902924363202e-01,7.465849106979217664e-01,-3.599127520419470594e-02,8.380204345891695272e-02,3.082889088306757785e-01,2.172640714863681988e-01,-1.576799118281191348e-01,1.127468593777986028e-01,-9.347213552415287174e-02,-2.444536611455818131e-01,-2.107180095393759722e-01,2.377655694068120107e-01,-1.905162443362107272e-02,1.255713385894369205e-01,-6.727599843516623990e-02,0.000000000000000000e+00,0.000000000000000000e+00,5.596714849286982263e-02,2.345668263450500501e-01,-4.481053980950283622e-01,1.070168332353138796e+00,0.000000000000000000e+00,0.000000000000000000e+00,0.000000000000000000e+00,2.458635358731561804e-02,-2.889872307193022682e-01,5.002517543776733300e-01,1.021371492258512870e+00,0.000000000000000000e+00,0.000000000000000000e+00,0.000000000000000000e+00
5.243792764565693900e-04,-1.954380699142407515e-02,9.255435929717238386e-01,1.656667806753124583e-02,-2.095568232800691828e-03,6.650737886948023814e-01,7.465909250471306491e-01,-3.563626197963754016e-02,8.332061171800544952e-02,3.095505837723004916e-01,2.137201551277341516e-01,-1.571462165816295553e-01,1.113552190475661091e-01,-9.321583805930994115e-02,-2.442760727464931836e-01,-2.111015703329476856e-01,2.342783984506684458e-01,-1.920591813387598559e-02,1.258755713009197807e-01,-6.846597004330724767e-02,0.000000000000000000e+00,0.000000000000000000e+00,5.437046545029863842e-02,2.332608244140539355e-01,-4.484964250052521639e-01,1.073730128494297720e+00,0.000000000000000000e+00,0.000000000000000000e+00,0.000000000000000000e+00,2.283678290942631195e-02,-2.886402294204927221e-01,5.012746558060395818e-01,1.022250352348397673e+00,0.000000000000000000e+00,0.000000000000000000e+00,0.000000000000000000e+00
4.252249360170504144e-04,-1.978727775161726044e-02,9.255423295975501174e-01,1.680745259344654935e-02,-2.104560334716234007e-03,6.649188624904742717e-01,7.467235008137151908e-01,-3.532031699116387063e-02,8.280146497197739264e-02,3.096650476341029079e-01,2.130483002074742283e-01,-1.559075032435552344e-01,1.111138134401185168e-01,-9.336195132440683331e-02,-2.450751711479822459e-01,-2.118842409452654230e-01,2.343444676483482925e-01,-1.829695829817599290e-02,1.259842256653672388e-01,-6.820265834651999259e-02,0.000000000000000000e+00,0.000000000000000000e+00,5.394858249273621481e-02,2.328678825608906100e-01,-4.491030089038868800e-01,1.074064130097566849e+00,0.000000000000000000e+00,0.000000000000000000e+00,0.000000000000000000e+00,2.271021475356487310e-02,-2.892063744364224975e-01,5.011439043370934376e-01,1.021911809684927119e+00,0.000000000000000000e+00,0.000000000000000000e+00,0.000000000000000000e+00
2.920992849476853302e-04,-1.991582933188596610e-02,9.255762376596635699e-01,1.643267489603937939e-02,-1.812694275844860736e-03,6.656129832303168126e-01,7.461139577105239118e-01,-3.627969832218085056e-02,8.275840345277207799e-02,3.095728302612981153e-01,2.121077689118849308e-01,-1.559137294443101729e-01,1.097799343914292042e-01,-9.343229708592948324e-02,-2.452494660169123875e-01,-2.133199870552103805e-01,2.331648436076945163e-01,-1.788209953209741326e-02,1.258361102209769322e-01,-6.891059926834675053e-02,0.000000000000000000e+00,0.000000000000000000e+00,5.337857064566746412e-02,2.319027724501034060e-01,-4.473564129255915289e-01,1.074218080323719127e+00,0.000000000000000000e+00,0.000000000000000000e+00,0.000000000000000000e+00,2.333745276426186371e-02,-2.896139015018416307e-01,5.017650301965331794e-01,1.020996941481301379e+00,0.000000000000000000e+00,0.000000000000000000e+00,0.000000000000000000e+00
1.424602613258306189e-04,-1.999907025144752326e-02,9.256379504332350461e-01,1.628585509904240808e-02,-1.610852245433093194e-03,6.656442303536627136e-01,7.460897631489233905e-01,-3.655378005531715463e-02,8.240337486704935044e-02,3.098581448422682016e-01,2.112701448829114870e-01,-1.556722694628623616e-01,1.103312366625109620e-01,-9.400091861451147224e-02,-2.455168701148994215e-01,-2.137125098409055624e-01,2.328907190487638501e-01,-1.691121240919800373e-02,1.249199134182574777e-01,-6.886609799426582357e-02,0.000000000000000000e+00,0.000000000000000000e+00,5.324637571380240464e-02,2.315140327819703581e-01,-4.470482741890366984e-01,1.073689872232674647e+00,0.000000000000000000e+00,0.000000000000000000e+00,0.000000000000000000e+00,2.368336654446758296e-02,-2.897438397775974339e-01,5.028351650829694375e-01,1.019572917504801834e+00,0.000000000000000000e+00,0.000000000000000000e+00,0.000000000000000000e+00
-5.819023923364185884e-05,-2.001475735058887845e-02,9.256717420718674205e-01,1.583929521251751030e-02,-1.284146747132708681e-03,6.658542090281944770e-01,7.459126222378463789e-01,-3.742699744425336678e-02,8.213966689932564180e-02,3.093948159489431915e-01,2.102696218455492039e-01,-1.557310644422096324e-01,1.101393517070609757e-01,-9.454945981869114502e-02,-2.455164050016268584e-01,-2.143750156798663875e-01,2.317907617953917643e-01,-1.618062330234929999e-02,1.250935420313217805e-01,-6.896900389655044594e-02,0.000000000000000000e+00,0.000000000000000000e+00,5.251594341888136952e-02,2.305767331377170382e-01,-4.480537094055950242e-01,1.074659182685026471e+00,0.000000000000000000e+00,0.000000000000000000e+00,0.000000000000000000e+00,2.356573769159820558e-02,-2.895990866493263760e-01,5.020013872638996455e-01,1.020653870482870706e+00,0.000000000000000000e+00,0.000000000000000000e+00,0.000000000000000000e+00
-2.959695279773591915e-04,-1.998997678083314772e-02,9.256920058332125389e-01,1.537513355779859293e-02,-7.798578506772592227e-04,6.653706519393659535e-01,7.463544014927464554e-01,-3.828680378844372123e-02,8.231858330099035836e-02,3.117179534338656577e-01,2.097378973611428443e-01,-1.557552912559311831e-01,1.092387642446429191e-01,-9.551439220209123615e-02,-2.457968164934661026e-01,-2.154014745191839553e-01,2.302327272963582971e-01,-1.675529882069263371e-02,1.255508132409280109e-01,-6.867054545117391717e-02,0.000000000000000000e+00,0.000000000000000000e+00,5.213173696939756019e-02,2.294510432234044273e-01,-4.478239959708377183e-01,1.075051806060625781e+00,0.000000000000000000e+00,0.000000000000000000e+00,0.000000000000000000e+00,2.241531936118249663e-02,-2.899326733834647341e-01,5.041496939065619465e-01,1.020770999677871105e+00,0.000000000000000000e+00,0.000000000000000000e+00,0.000000000000000000e+00
-4.776887449368305213e-04,-2.002038173953307743e-02,9.256567803494026858e-01,1.533190500839579432e-02,-7.799660621301838029e-04,6.659790109976512218e-01,7.458124973827844340e-01,-3.888938512891040866e-02,8.200600286272248518e-02,3.107230771667814362e-01,2.100683813021563540e-01,-1.557195529715259541e-01,1.092776900670379830e-01,-9.601398561507260010e-02,-2.462826562486366000e-01,-2.157646064929881202e-01,2.316938708892341825e-01,-1.592131137756548631e-02,1.245609610845301307e-01,-6.813302477059886286e-02,0.000000000000000000e+00,0.000000000000000000e+00,5.236072959828805273e-02,2.288675181715422446e-01,-4.465780297149555267e-01,1.073639112852729838e+00,0.000000000000000000e+00,0.000000000000000000e+00,0.000000000000000000e+00,2.349264725705801221e-02,-2.908388571292901403e-01,5.049758311473948602e-01,1.020684299181640275e+00,0.000000000000000000e+00,0.000000000000000000e+00,0.000000000000000000e+00
-6.921908095639635805e-04,-2.001553940834428780e-02,9.257022996940138526e-01,1.507789612917414049e-02,-6.758554692626033301e-04,6.661405401452238362e-01,7.456735083417755927e-01,-3.898449555243170550e-02,8.211912558059003553e-02,3.118067815647627139e-01,2.092200235644398609e-01,-1.559372894208308491e-01,1.091154749644407118e-01,-9.528851466504356660e-02,-2.461467143065694252e-01,-2.167437581594535145e-01,2.294362119158384061e-01,-1.630074806249628971e-02,1.239195633711713262e-01,-6.819602057341821177e-02,0.000000000000000000e+00,0.000000000000000000e+00,5.197364977345102915e-02,2.282230655497085592e-01,-4.475145039250618684e-01,1.073374233862652849e+00,0.000000000000000000e+00,0.000000000000000000e+00,0.000000000000000000e+00,2.323593344736279293e-02,-2.917259793267472645e-01,5.078687357513470557e-01,1.020152907881718196e+00,0.000000000000000000e+00,0.000000000000000000e+00,0.000000000000000000e+00
-8.271633070680217345e-04,-1.995604991606764883e-02,9.258307348037140283e-01,1.439781688791540518e-02,-3.182975038852548563e-04,6.666675395175423180e-01,7.452160715585698370e-01,-3.965677351829547531e-02,8.203272984088073871e-02,3.109063874290292628e-01,2.069657961458701845e-01,-1.550359708748023646e-01,1.076282869533958381e-01,-9.380485639728791680e-02,-2.454330604388217929e-01,-2.183301699206871838e-01,2.244609377276916007e-01,-1.660907844795801031e-02,1.259446308369899514e-01,-6.635273243023351308e-02,0.000000000000000000e+00,0.000000000000000000e+00,5.075985570582410011e-02,2.269176563145722525e-01,-4.456484215149627004e-01,1.073348663199347852e+00,0.000000000000000000e+00,0.000000000000000000e+00,0.000000000000000000e+00,2.389105100941010806e-02,-2.917879049400980973e-01,5.080088499667892998e-01,1.022461944448920690e+00,0.000000000000000000e+00,0.000000000000000000e+00,0.000000000000000000e+00
-8.678224058982890194e-04,-2.005596636752404044e-02,9.257677771584839066e-01,1.479101909184104766e-02,-5.080881430824177314e-04,6.666197102863321566e-01,7.452510512964274358e-01,-3.901473507468296298e-02,8.171771233669740397e-02,3.109884598405733835e-01,2.070634696050817070e-01,-1.543824767795201058e-01,1.071005505201938351e-01,-9.424957425735003280e-02,-2.459828605793628886e-01,-2.176845772039099902e-01,2.266381651080439652e-01,-1.667700261885806182e-02,1.245614066277592885e-01,-6.692430324754752857e-02,0.000000000000000000e+00,0.000000000000000000e+00,5.100969099490992170e-02,2.272775440102819400e-01,-4.457923558520093810e-01,1.072626766117979802e+00,0.000000000000000000e+00,0.000000000000000000e+00,0.000000000000000000e+00,2.399417694877051602e-02,-2.921478026521671101e-01,5.077652189699659591e-01,1.020730452074735339e+00,0.000000000000000000e+00,0.000000000000000000e+00,0.000000000000000000e+00
-8.608503701346367255e-04,-2.008692938099562383e-02,9.258488594266309768e-01,1.458814311956158939e-02,-2.655937861702761804e-04,6.669576765165361465e-01,7.449527322427427212e-01,-3.924335447665452947e-02,8.149407057142882271e-02,3.106100373907704770e-01,2.056305748391963339e-01,-1.534644400784838381e-01,1.056836424494748683e-01,-9.307362496444127054e-02,-2.456830481878841121e-01,-2.184420439523541702e-01,2.233729996345958091e-01,-1.716211277307989544e-02,1.242057921858254060e-01,-6.691926364852117393e-02,0.000000000000000000e+00,0.000000000000000000e+00,5.061112254151762385e-02,2.274927303736694884e-01,-4.445154962807793542e-01,1.072206129210515169e+00,0.000000000000000000e+00,0.000000000000000000e+00,0.000000000000000000e+00,2.460093987095470641e-02,-2.919509386414273489e-01,5.074222703630408837e-01,1.019284539017547786e+00,0.000000000000000000e+00,0.000000000000000000e+00,0.000000000000000000e+00
-8.165724717545392967e-04,-2.021967438283819168e-02,9.257890290097393615e-01,1.474550274914010299e-02,-4.465800723508809526e-04,6.667980695129499535e-01,7.450924138714051237e-01,-3.932084627192837523e-02,8.175286272702562973e-02,3.106315424697634331e-01,2.067702810997695539e-01,-1.540660304735108066e-01,1.058677536136217456e-01,-9.359104069059412390e-02,-2.455403658286477442e-01,-2.172788604036655080e-01,2.247680485679444118e-01,-1.730759750016341164e-02,1.245753975106754924e-01,-6.603451232954059280e-02,0.000000000000000000e+00,0.000000000000000000e+00,5.081886009911412705e-02,2.275999623152807350e-01,-4.449870431081772715e-01,1.070614152975702948e+00,0.000000000000000000e+00,0.000000000000000000e+00,0.000000000000000000e+00,2.430953214426834555e-02,-2.923684310220523996e-01,5.080250254479022898e-01,1.019530679990829913e+00,0.000000000000000000e+00,0.000000000000000000e+00,0.000000000000000000e+00
-7.042482555252437427e-04,-2.033049760870093634e-02,9.257397157035953672e-01,1.479212505025883501e-02,-5.098145415603127974e-04,6.668090721986019709e-01,7.450816024834261420e-01,-3.972606894649948622e-02,8.193831173804123902e-02,3.100174522987328429e-01,2.076511953633398688e-01,-1.547170381854627574e-01,1.056838751918234148e-01,-9.420490253871166564e-02,-2.455830481182617320e-01,-2.175323613334694262e-01,2.263271169917465409e-01,-1.823516867788368620e-02,1.237995524711928280e-01,-6.535845728021769108e-02,0.000000000000000000e+00,0.000000000000000000e+00,5.101798133791062007e-02,2.290074503053149968e-01,-4.441080154168680627e-01,1.068486054592112433e+00,0.000000000000000000e+00,0.000000000000000000e+00,0.000000000000000000e+00,2.442064868170328029e-02,-2.926288114760320358e-01,5.079372827950017211e-01,1.018806199799304091e+00,0.000000000000000000e+00,0.000000000000000000e+00,0.000000000000000000e+00
-6.120249101875158181e-04,-2.048673689295336595e-02,9.257385707612372228e-01,1.497639829844209930e-02,-7.578710840598912313e-04,6.670341186142588752e-01,7.448762432309981030e-01,-3.964936286968072376e-02,8.204210512243216569e-02,3.091872049525045130e-01,2.082874806589073147e-01,-1.549935665848149458e-01,1.060358254331735528e-01,-9.358828466985130712e-02,-2.452653562777112883e-01,-2.170829643324496683e-01,2.263684482467219483e-01,-1.820364890401895974e-02,1.237813699492741337e-01,-6.604171331847989712e-02,0.000000000000000000e+00,0.000000000000000000e+00,5.067346624720446557e-02,2.295895628614148809e-01,-4.439752382097522654e-01,1.067628243520758025e+00,0.000000000000000000e+00,0.000000000000000000e+00,0.000000000000000000e+00,2.438276700289254001e-02,-2.929758361918432530e-01,5.081704358845118286e-01,1.017093073833481576e+00,0.000000000000000000e+00,0.000000000000000000e+00,0.000000000000000000e+00
-4.681460820300488912e-04,-2.064442804055804936e-02,9.257111898512193626e-01,1.503227230656005789e-02,-7.547325222972091005e-04,6.673341533966407058e-01,7.446063314789301835e-01,-4.005250172132315128e-02,8.221676834571230164e-02,3.089050911838997493e-01,2.086428535641856319e-01,-1.549294758860063070e-01,1.054291471802886737e-01,-9.403475882598037738e-02,-2.456441951967429926e-01,-2.181282175832008896e-01,2.277526585682357607e-01,-1.809866542536623865e-02,1.237851062693544058e-01,-6.590152676886609773e-02,0.000000000000000000e+00,0.000000000000000000e+00,4.989958392488705319e-02,2.302083026134214838e-01,-4.447571639608778882e-01,1.067478720024553240e+00,0.000000000000000000e+00,0.000000000000000000e+00,0.000000000000000000e+00,2.475297993996554771e-02,-2.928295553935305606e-01,5.076780454884931570e-01,1.016133838740558737e+00,0.000000000000000000e+00,0.000000000000000000e+00,0.000000000000000000e+00
-3.452781135375863116e-04,-2.081518361564583738e-02,9.256979375455431924e-01,1.526750683976127454e-02,-1.023456233669388154e-03,6.673910156880443756e-01,7.445502588483308148e-01,-3.959989470941298328e-02,8.226488742780663221e-02,3.080760231623049794e-01,2.087488580962241491e-01,-1.549261599681646673e-01,1.050851495421430415e-01,-9.359548285139468460e-02,-2.453360977801029574e-01,-2.177118182227317233e-01,2.281727138097081886e-01,-1.866743032510036551e-02,1.226777122876906018e-01,-6.600307226115192938e-02,0.000000000000000000e+00,0.000000000000000000e+00,4.952190822590241126e-02,2.314499367495671256e-01,-4.457870411977062908e-01,1.067198502879338928e+00,0.000000000000000000e+00,0.000000000000000000e+00,0.000000000000000000e+00,2.415711433602456618e-02,-2.934348267266825294e-01,5.090429119959659632e-01,1.015844434879520586e+00,0.000000000000000000e+00,0.000000000000000000e+00,0.000000000000000000e+00
-2.814554662246898306e-04,-2.091519373124772069e-02,9.256820519941039160e-01,1.527435396820030732e-02,-1.247537653896826611e-03,6.674559962025061743e-01,7.444915250652468508e-01,-3.982393948049277321e-02,8.262785147953369269e-02,3.076394276455135524e-01,2.097471058468810545e-01,-1.557573259633041884e-01,1.069179064365600867e-01,-9.302547261061423767e-02,-2.447682551563267750e-01,-2.173599678972647220e-01,2.275941944623308955e-01,-1.858203529192944958e-02,1.234819485509195403e-01,-6.556384283811357572e-02,0.000000000000000000e+00,0.000000000000000000e+00,4.860409239353736394e-02,2.319896358333572162e-01,-4.464784852259121029e-01,1.067548565757603152e+00,0.000000000000000000e+00,0.000000000000000000e+00,0.000000000000000000e+00,2.343041572775297898e-02,-2.941719776261610408e-01,5.103335058743286856e-01,1.016680980151553282e+00,0.000000000000000000e+00,0.000000000000000000e+00,0.000000000000000000e+00
-2.150565880849801634e-04,-2.104551912646814016e-02,9.255707789476471659e-01,1.559105721733665753e-02,-1.592623095727746518e-03,6.672526111052141662e-01,7.446665934898619721e-01,-4.017862870013028109e-02,8.308391954550627123e-02,3.073999599924237547e-01,2.124186378920694951e-01,-1.563710841233719451e-01,1.076737334185540185e-01,-9.297919281165903382e-02,-2.447671749061910429e-01,-2.168311379687294926e-01,2.290648318518754278e-01,-1.973334066395194403e-02,1.236469294465134677e-01,-6.580123495409566370e-02,0.000000000000000000e+00,0.000000000000000000e+00,4.766242899650108972e-02,2.332904328022155360e-01,-4.495521173505013790e-01,1.068217552001822224e+00,0.000000000000000000e+00,0.000000000000000000e+00,0.000000000000000000e+00,2.234409844303401893e-02,-2.951706457156070829e-01,5.125992532828589354e-01,1.016048693306594419e+00,0.000000000000000000e+00,0.000000000000000000e+00,0.000000000000000000e+00
-1.521555545263961109e-04,-2.109629858607170103e-02,9.255036733962953566e-01,1.577865821887792022e-02,-1.777828444822476556e-03,6.669350275636362069e-01,7.449466707620926442e-01,-4.011667823534696697e-02,8.329137980517904716e-02,3.072494579574911455e-01,2.136120331249894144e-01,-1.568458994157495845e-01,1.078785032221046269e-01,-9.299772972760822487e-02,-2.448004894421354494e-01,-2.167728461229938564e-01,2.298498588051060554e-01,-2.064689459575874686e-02,1.236006133481316327e-01,-6.494408498101923721e-02,0.000000000000000000e+00,0.000000000000000000e+00,4.808907262452099401e-02,2.325360145274654455e-01,-4.481249365079060243e-01,1.068792914774778779e+00,0.000000000000000000e+00,0.000000000000000000e+00,0.000000000000000000e+00,2.268059787907765468e-02,-2.953683602831145838e-01,5.136218183166554319e-01,1.015669557759924180e+00,0.000000000000000000e+00,0.000000000000000000e+00,0.000000000000000000e+00
-1.333554334118200371e-04,-2.104532994478619176e-02,9.254836542086889439e-01,1.565192629875777897e-02,-1.686837400440652701e-03,6.668013136692685361e-01,7.450692450179793314e-01,-4.046709766674309872e-02,8.344624527661115287e-02,3.076539683881255871e-01,2.140868103786955357e-01,-1.577324289043500471e-01,1.089544438282248062e-01,-9.294530598048711401e-02,-2.445072430509848960e-01,-2.165124847004270547e-01,2.291243635343350182e-01,-2.188509794810081580e-02,1.239586004676569431e-01,-6.536136368764250415e-02,0.000000000000000000e+00,0.000000000000000000e+00,4.744170055634215621e-02,2.338130166452725978e-01,-4.511520615574550752e-01,1.069496007377628288e+00,0.000000000000000000e+00,0.000000000000000000e+00,0.000000000000000000e+00,2.202815203465698785e-02,-2.958250991049536927e-01,5.147461777717902143e-01,1.015522884816636218e+00,0.000000000000000000e+00,0.000000000000000000e+00,0.000000000000000000e+00
-5.258826278997479065e-05,-2.102387508927372820e-02,9.253706087052648854e-01,1.595500068395018858e-02,-1.740106673060871087e-03,6.667860104029985635e-01,7.450763895821658211e-01,-4.042362000892908702e-02,8.296849143517412428e-02,3.064662048402972960e-01,2.151242460407341017e-01,-1.587880308853229783e-01,1.087894617336678665e-01,-9.354207934046324113e-02,-2.452145010761972721e-01,-2.164422416138134520e-01,2.316865174029839602e-01,-2.325351130065815564e-02,1.239279681565066543e-01,-6.555077849029143644e-02,0.000000000000000000e+00,0.000000000000000000e+00,4.758437528628609720e-02,2.340607614327570030e-01,-4.520563815354572412e-01,1.069221771500774354e+00,0.000000000000000000e+00,0.000000000000000000e+00,0.000000000000000000e+00,2.297090025838583599e-02,-2.960217761465251396e-01,5.140173785659110095e-01,1.012823304782420220e+00,0.000000000000000000e+00,0.000000000000000000e+00,0.000000000000000000e+00
-4.475399778578110534e-05,-2.095697385296364790e-02,9.253898406475660199e-01,1.573067732083383713e-02,-1.534531808534336924e-03,6.669236283650064046e-01,7.449584316803270490e-01,-4.040638240860424529e-02,8.298339830250153759e-02,3.072861757456748499e-01,2.140715100524086811e-01,-1.595749232420979602e-01,1.091420925867471470e-01,-9.419238354997407081e-02,-2.452997388713183402e-01,-2.167506375183005929e-01,2.319664524122756477e-01,-2.254044586306593045e-02,1.243986969629342076e-01,-6.608454232632089698e-02,0.000000000000000000e+00,0.000000000000000000e+00,4.786291051645965439e-02,2.346647533808711994e-01,-4.531134299963797685e-01,1.068796148488939224e+00,0.000000000000000000e+00,0.000000000000000000e+00,0.000000000000000000e+00,2.271429134062841193e-02,-2.980538478704990446e-01,5.172711466037800410e-01,1.010928625484045495e+00,0.000000000000000000e+00,0.000000000000000000e+00,0.000000000000000000e+00
-1.537297584396882418e-05,-2.092018849580888282e-02,9.253715456670701389e-01,1.559402052040757131e-02,-1.411142001763491692e-03,6.667814385382829778e-01,7.450888191504950742e-01,-4.074080918519674271e-02,8.311612403333316912e-02,3.075922479253632713e-01,2.143832246040287548e-01,-1.603788088905913345e-01,1.094606554291421702e-01,-9.400822012204475275e-02,-2.452420625672314392e-01,-2.172116598250830588e-01,2.310409886092970599e-01,-2.397691013473483498e-02,1.259780659916686363e-01,-6.571388446313550236e-02,0.000000000000000000e+00,0.000000000000000000e+00,4.787112364197369796e-02,2.352431442755983648e-01,-4.561307928699284142e-01,1.068014328060274298e+00,0.000000000000000000e+00,0.000000000000000000e+00,0.000000000000000000e+00,2.272416903484673206e-02,-2.987700521566201139e-01,5.196890662057915833e-01,1.010245858830997268e+00,0.000000000000000000e+00,0.000000000000000000e+00,0.000000000000000000e+00
4.396764983133306590e-05,-2.092350889841736172e-02,9.253917847964836518e-01,1.547251922252449764e-02,-1.293021871000033700e-03,6.667206145533961514e-01,7.451459933280811798e-01,-4.059901651330737743e-02,8.318524127043810945e-02,3.080785747510181305e-01,2.134759058768717077e-01,-1.605143534304753483e-01,1.090257746641213471e-01,-9.342966569162070023e-02,-2.452043577762386961e-01,-2.184209267606938287e-01,2.295079400742429943e-01,-2.544954480920243872e-02,1.269272478900972390e-01,-6.595811890916886133e-02,0.000000000000000000e+00,0.000000000000000000e+00,4.839168318596408225e-02,2.372739165307911346e-01,-4.585077362788139155e-01,1.064737956174076627e+00,0.000000000000000000e+00,0.000000000000000000e+00,0.000000000000000000e+00,2.248152916195129275e-02,-2.992965754655786403e-01,5.205719108672619555e-01,1.008797527729699883e+00,0.000000000000000000e+00,0.000000000000000000e+00,0.000000000000000000e+00
1.571801903399092353e-04,-2.104604217497422006e-02,9.253238655584427041e-01,1.565564534175871089e-02,-1.295337486539585017e-03,6.667072890810737951e-01,7.451540871228552465e-01,-4.066731522841898760e-02,8.326329113483915689e-02,3.087569104491365568e-01,2.140157556700044150e-01,-1.606371068137103786e-01,1.093255508642820006e-01,-9.522715914231168199e-02,-2.454879443114356130e-01,-2.170670779801628369e-01,2.330735387741601494e-01,-2.510317559687334776e-02,1.254137606450809461e-01,-6.672182109912749848e-02,0.000000000000000000e+00,0.000000000000000000e+00,4.898903763076099815e-02,2.384979544897035120e-01,-4.607403711450008266e-01,1.062996466275090368e+00,0.000000000000000000e+00,0.000000000000000000e+00,0.000000000000000000e+00,2.216154721834399932e-02,-2.989882178377978317e-01,5.204731084993576840e-01,1.008156829561425161e+00,0.000000000000000000e+00,0.000000000000000000e+00,0.000000000000000000e+00
2.180023666557831183e-04,-2.121447823723490028e-02,9.253356287918117484e-01,1.554547161869472387e-02,-1.379297118837700996e-03,6.668004724702831787e-01,7.450728593667995669e-01,-4.077664040264239453e-02,8.400923597264169096e-02,3.098960627207228979e-01,2.140177723419738609e-01,-1.609589571976685063e-01,1.088825322359583958e-01,-9.419742643284353956e-02,-2.452962739475936238e-01,-2.191776292588887287e-01,2.312413549021833936e-01,-2.598905123819546942e-02,1.255265941958983167e-01,-6.670586386281759927e-02,0.000000000000000000e+00,0.000000000000000000e+00,4.911124214041857894e-02,2.395543842404155022e-01,-4.597284912112967192e-01,1.060923004350177168e+00,0.000000000000000000e+00,0.000000000000000000e+00,0.000000000000000000e+00,2.292695792172332048e-02,-2.997461917845585799e-01,5.218679779680566178e-01,1.004749413639089761e+00,0.000000000000000000e+00,0.000000000000000000e+00,0.000000000000000000e+00
3.757027130662391953e-04,-2.149835670978342966e-02,9.251682285864410993e-01,1.626669854120404643e-02,-1.757912163697398231e-03,6.668532134069082851e-01,7.450094603642801738e-01,-4.145766037753044475e-02,8.396048274956258162e-02,3.089659991790990601e-01,2.177321546505988081e-01,-1.606447185663268384e-01,1.109043352443189745e-01,-9.583647887736829185e-02,-2.464636323062525669e-01,-2.184541760518693976e-01,2.371358687693440048e-01,-2.536670962764551313e-02,1.245484135172962303e-01,-6.736983415544678389e-02,0.000000000000000000e+00,0.000000000000000000e+00,4.965627502913533969e-02,2.416503761242477510e-01,-4.617085693217310993e-01,1.058695095308926692e+00,0.000000000000000000e+00,0.000000000000000000e+00,0.000000000000000000e+00,2.383336929600298609e-02,-3.009605029984652180e-01,5.223793322659792127e-01,1.000074903535399740e+00,0.000000000000000000e+00,0.000000000000000000e+00,0.000000000000000000e+00
4.383744044706508209e-04,-2.169929204197337119e-02,9.251844535906904587e-01,1.617457601252488344e-02,-1.986388652437272133e-03,6.668372389828055580e-01,7.450251902162275952e-01,-4.177763460878487767e-02,8.462469843933106972e-02,3.088589166984246348e-01,2.184561369143821485e-01,-1.609330024353521071e-01,1.118009074856069207e-01,-9.569697310265357082e-02,-2.457441599267815024e-01,-2.182720310286103138e-01,2.370139861924775715e-01,-2.546678042645855733e-02,1.253989811180151459e-01,-6.769413257128269190e-02,0.000000000000000000e+00,0.000000000000000000e+00,5.027110965808577470e-02,2.427928924641789832e-01,-4.613063967079093497e-01,1.056452164326949328e+00,0.000000000000000000e+00,0.000000000000000000e+00,0.000000000000000000e+00,2.462178708444726430e-02,-3.015391348278683159e-01,5.226436475264041315e-01,9.976229165744883165e-01,0.000000000000000000e+00,0.000000000000000000e+00,0.000000000000000000e+00
5.011495283223303242e-04,-2.181252403585831959e-02,9.252218878269674596e-01,1.578545083583038008e-02,-1.867286613729438483e-03,6.662470285523526270e-01,7.455616874060611021e-01,-4.165203558488737162e-02,8.538177580472097739e-02,3.102434230204949572e-01,2.172334146209320416e-01,-1.612575310874564682e-01,1.102436041076305384e-01,-9.462711957047277578e-02,-2.445154277718326608e-01,-2.182962765737787025e-01,2.325861068936107001e-01,-2.726963672309172873e-02,1.279264407464396069e-01,-6.738994006615423027e-02,0.000000000000000000e+00,0.000000000000000000e+00,4.913043768752410612e-02,2.422799532467659611e-01,-4.613194682822578385e-01,1.059149346366025313e+00,0.000000000000000000e+00,0.000000000000000000e+00,0.000000000000000000e+00,2.313483570789636942e-02,-3.009016246402491102e-01,5.225058373640204534e-01,9.989713470788808003e-01,0.000000000000000000e+00,0.000000000000000000e+00,0.000000000000000000e+00
6.137822815023635196e-04,-2.203480844551809412e-02,9.252766678808552747e-01,1.606609306476026316e-02,-1.838671494767142459e-03,6.660929086881429706e-01,7.456934604354116258e-01,-3.982447111079960578e-02,8.474413559865741352e-02,3.115457993878379406e-01,2.137405872971817056e-01,-1.598371599865269221e-01,1.101133013728659571e-01,-9.567547944423089590e-02,-2.450965013892204558e-01,-2.181767810558276621e-01,2.345831417788558637e-01,-2.667603733410459088e-02,1.272447306731943895e-01,-6.826231286230312334e-02,0.000000000000000000e+00,0.000000000000000000e+00,4.916764101312678936e-02,2.437175839924671517e-01,-4.631463395006037986e-01,1.058482417751050786e+00,0.000000000000000000e+00,0.000000000000000000e+00,0.000000000000000000e+00,2.236173110758302857e-02,-3.029019987908463385e-01,5.240286746180092825e-01,9.963105531894800304e-01,0.000000000000000000e+00,0.000000000000000000e+00,0.000000000000000000e+00
7.041232730785414087e-04,-2.221919687613197261e-02,9.252582133772195849e-01,1.625072356839049256e-02,-1.932205124588199773e-03,6.658886105986459025e-01,7.458716637879909683e-01,-3.947911721651354428e-02,8.482815693702111526e-02,3.118408914773094787e-01,2.137155821822231405e-01,-1.597988970003418885e-01,1.093457394366716406e-01,-9.507560456506011781e-02,-2.448836082244112977e-01,-2.179844463690898126e-01,2.337114329736210139e-01,-2.827309451549325781e-02,1.266581700196894311e-01,-6.864500987580765545e-02,0.000000000000000000e+00,0.000000000000000000e+00,4.867094089949688951e-02,2.434741879822272526e-01,-4.621160944944349702e-01,1.059867914648984222e+00,0.000000000000000000e+00,0.000000000000000000e+00,0.000000000000000000e+00,2.152863141650235984e-02,-3.025618756718392866e-01,5.239789839549294781e-01,9.960709336933259994e-01,0.000000000000000000e+00,0.000000000000000000e+00,0.000000000000000000e+00
7.872437072068804841e-04,-2.236918165734513159e-02,9.252167939026234578e-01,1.630188621049803721e-02,-1.969031294787464831e-03,6.658411181433139259e-01,7.459128479999537209e-01,-3.991196977639520360e-02,8.500636810126654952e-02,3.117911436889848620e-01,2.146755854102631034e-01,-1.606430609225365791e-01,1.101207993908540350e-01,-9.548479627118451607e-02,-2.447717075753045035e-01,-2.177071616110101138e-01,2.345265269979872613e-01,-2.949796676795183106e-02,1.259071421020976356e-01,-6.871960491590310693e-02,0.000000000000000000e+00,0.000000000000000000e+00,4.774734712870210007e-02,2.436293718638448125e-01,-4.623698200173279593e-01,1.061421931972039046e+00,0.000000000000000000e+00,0.000000000000000000e+00,0.000000000000000000e+00,2.101867123113767069e-02,-3.027814798735913304e-01,5.240442916847323218e-01,9.959196810604455941e-01,0.000000000000000000e+00,0.000000000000000000e+00,0.000000000000000000e+00
8.628272309342468072e-04,-2.253155065289421180e-02,9.251021995747265025e-01,1.640301581385017471e-02,-2.064748956306611087e-03,6.655914629488735024e-01,7.461331532196764371e-01,-4.047688922724709121e-02,8.538541056476593727e-02,3.121420123520000089e-01,2.166222282914526953e-01,-1.624607574698263557e-01,1.111715173013701902e-01,-9.703345416317578354e-02,-2.450152268055925675e-01,-2.171373708166902117e-01,2.375921280529513235e-01,-2.992806361892771938e-02,1.266702033626884438e-01,-6.858206234289893066e-02,0.000000000000000000e+00,0.000000000000000000e+00,4.798810770055732949e-02,2.437254054430166572e-01,-4.611877421000929456e-01,1.061527421211486688e+00,0.000000000000000000e+00,0.000000000000000000e+00,0.000000000000000000e+00,2.092667488838020895e-02,-3.026594758335995894e-01,5.213206263169878341e-01,9.959267672921220393e-01,0.000000000000000000e+00,0.000000000000000000e+00,0.000000000000000000e+00
9.394174809125373400e-04,-2.267856221159541413e-02,9.250386995548671720e-01,1.654223761728507852e-02,-2.098777005644239437e-03,6.653652163104836204e-01,7.463317482418913018e-01,-4.107342836199748964e-02,8.560548265768508358e-02,3.122313657516993524e-01,2.181500195091847505e-01,-1.621352594127319635e-01,1.114573932347798363e-01,-9.743695371773650193e-02,-2.452758428821087411e-01,-2.172036733709243328e-01,2.383606353506870779e-01,-3.023259170361997442e-02,1.275657946060793080e-01,-6.879686595600260912e-02,0.000000000000000000e+00,0.000000000000000000e+00,4.742661781473304916e-02,2.435059569238850474e-01,-4.597260822777787803e-01,1.063190371164892900e+00,0.000000000000000000e+00,0.000000000000000000e+00,0.000000000000000000e+00,2.034168264622455979e-02,-3.021461641629920591e-01,5.193865815405096509e-01,9.962189400544098072e-01,0.000000000000000000e+00,0.000000000000000000e+00,0.000000000000000000e+00
1.007365645935850030e-03,-2.286378651487190952e-02,9.249531437145618318e-01,1.710079775337676466e-02,-2.572744859414971118e-03,6.650688129560099471e-01,7.465818225307729872e-01,-4.090496822433736801e-02,8.593872532543044007e-02,3.124486252046183576e-01,2.206828905530437424e-01,-1.617852220307975375e-01,1.130829516704455057e-01,-9.822528388869095073e-02,-2.457481384217758968e-01,-2.165673992492899713e-01,2.421445402880679776e-01,-2.937279039990114277e-02,1.262265863460922954e-01,-6.967044858721900547e-02,0.000000000000000000e+00,0.000000000000000000e+00,4.765566163101903757e-02,2.431830719125434859e-01,-4.573299828497455199e-01,1.064695494439224843e+00,0.000000000000000000e+00,0.000000000000000000e+00,0.000000000000000000e+00,1.947120395988087560e-02,-3.012867340049692477e-01,5.179496930451393810e-01,9.964549539121587696e-01,0.000000000000000000e+00,0.000000000000000000e+00,0.000000000000000000e+00
1.009996786895085317e-03,-2.291664364420053016e-02,9.250352315559866589e-01,1.672762479233850380e-02,-2.470884884378458067e-03,6.644957558315061075e-01,7.471007105997227171e-01,-4.100912711450244857e-02,8.651088252011189528e-02,3.135466838358444419e-01,2.199211541806944392e-01,-1.615434902216694724e-01,1.136041482696126675e-01,-9.807969643093128465e-02,-2.447423602513095209e-01,-2.160325364386743718e-01,2.395822342164679597e-01,-2.964755034355340962e-02,1.287202097101495524e-01,-6.907985791435816703e-02,0.000000000000000000e+00,0.000000000000000000e+00,4.792500900153889853e-02,2.425954320149116827e-01,-4.566304784517932203e-01,1.065273626759385861e+00,0.000000000000000000e+00,0.000000000000000000e+00,0.000000000000000000e+00,1.819392367615219400e-02,-3.009130335676881707e-01,5.182464696577817609e-01,9.992937425750966218e-01,0.000000000000000000e+00,0.000000000000000000e+00,0.000000000000000000e+00
1.038071369477223992e-03,-2.295142597263502213e-02,9.251220102295256709e-01,1.616392179171716181e-02,-2.056441778993229729e-03,6.641236417906604128e-01,7.474451733031871603e-01,-4.135836403338472717e-02,8.696803153743773440e-02,3.150198316108677177e-01,2.180935932015256318e-01,-1.612172776130049723e-01,1.122391015054506752e-01,-9.803089614638628435e-02,-2.440374697211550870e-01,-2.165384913095077801e-01,2.362325227979383269e-01,-3.039213394249722436e-02,1.317890824442688180e-01,-6.872875983973501801e-02,0.000000000000000000e+00,0.000000000000000000e+00,4.735688519506582594e-02,2.408738809101722278e-01,-4.543144518399049869e-01,1.067417310941949138e+00,0.000000000000000000e+00,0.000000000000000000e+00,0.000000000000000000e+00,1.792591709853098847e-02,-2.995506482491728240e-01,5.158764191135221111e-01,1.000240370159798831e+00,0.000000000000000000e+00,0.000000000000000000e+00,0.000000000000000000e+00
1.107152365302138935e-03,-2.312035237723839357e-02,9.249462589996729767e-01,1.675415188097577335e-02,-2.557658992106267778e-03,6.635266929243938128e-01,7.479606169792941683e-01,-4.097599121648851789e-02,8.748504151208991164e-02,3.160160557668110215e-01,2.212570199842540108e-01,-1.632222236447776753e-01,1.139484239154457818e-01,-9.818432283686874540e-02,-2.443256980517981847e-01,-2.155978991901694175e-01,2.387880139666231638e-01,-3.160471530663579165e-02,1.318571371606149234e-01,-6.884222588153617040e-02,0.000000000000000000e+00,0.000000000000000000e+00,4.735052126064936973e-02,2.400815791550752754e-01,-4.526784904177858504e-01,1.069119376275080580e+00,0.000000000000000000e+00,0.000000000000000000e+00,0.000000000000000000e+00,1.769778785012513650e-02,-2.983258908036276469e-01,5.131004484127317244e-01,9.999542643631321726e-01,0.000000000000000000e+00,0.000000000000000000e+00,0.000000000000000000e+00
1.204573953673365337e-03,-2.326085222116789156e-02,9.248159584072633832e-01,1.704098454201666279e-02,-2.742057381270561565e-03,6.633069841102081643e-01,7.481483347557330577e-01,-4.182050508211509338e-02,8.760958362033074986e-02,3.150877587168998128e-01,2.243376373957596259e-01,-1.645881056536342979e-01,1.154984803458281861e-01,-9.830546738952222752e-02,-2.444611254613185403e-01,-2.153597818721555979e-01,2.401233738183496114e-01,-3.381219852352268518e-02,1.307910843802999323e-01,-6.894956300009415229e-02,0.000000000000000000e+00,0.000000000000000000e+00,4.743220696244293544e-02,2.392407399282447389e-01,-4.504298783190744393e-01,1.069764647156368209e+00,0.000000000000000000e+00,0.000000000000000000e+00,0.000000000000000000e+00,1.799582996083991249e-02,-2.971365880166599305e-01,5.104953405112933051e-01,9.989212554238420250e-01,0.000000000000000000e+00,0.000000000000000000e+00,0.000000000000000000e+00
1.260324371944676180e-03,-2.341250277363037674e-02,9.248740789180182054e-01,1.721275896926580465e-02,-2.756831425503617969e-03,6.625315220834406826e-01,7.488311579087483238e-01,-4.007787922330104807e-02,8.743477511948154202e-02,3.170838124450271467e-01,2.216723800839159875e-01,-1.636914245815137003e-01,1.154328163201332053e-01,-9.936978378519907562e-02,-2.445127179989170507e-01,-2.143324982099665821e-01,2.410952441624059639e-01,-3.251788869596818066e-02,1.314806476249868739e-01,-6.994252384938985656e-02,0.000000000000000000e+00,0.000000000000000000e+00,4.867934698727617582e-02,2.387244372520055669e-01,-4.496383222883839625e-01,1.070112642969898387e+00,0.000000000000000000e+00,0.000000000000000000e+00,0.000000000000000000e+00,1.649891564053088816e-02,-2.981760515139985079e-01,5.120188638577474194e-01,9.974790955229320133e-01,0.000000000000000000e+00,0.000000000000000000e+00,0.000000000000000000e+00
1.308470458120416765e-03,-2.348334836781660467e-02,9.249826269743752771e-01,1.692759501816925444e-02,-2.599260741014396917e-03,6.621929837937213792e-01,7.491376059075319782e-01,-3.921659551304595287e-02,8.737061648016913873e-02,3.180577711060361690e-01,2.187911911935900844e-01,-1.634770018817384984e-01,1.161353031795671481e-01,-9.952684239105778763e-02,-2.437736562045640376e-01,-2.136529911226822676e-01,2.392680169413554103e-01,-3.190208583328635328e-02,1.334011739012248565e-01,-7.002531720410716531e-02,0.000000000000000000e+00,0.000000000000000000e+00,4.874482034107326112e-02,2.387093977959438562e-01,-4.495076035379220181e-01,1.069434360004074103e+00,0.000000000000000000e+00,0.000000000000000000e+00,0.000000000000000000e+00,1.596558274821851739e-02,-2.989345673972877426e-01,5.122338858600629097e-01,9.968485754195860471e-01,0.000000000000000000e+00,0.000000000000000000e+00,0.000000000000000000e+00
1.435029513246725494e-03,-2.368317838964057939e-02,9.248238401384482055e-01,1.756022079538031508e-02,-2.990982061406097757e-03,6.617426070991926368e-01,7.495194557991731177e-01,-3.916356419903146285e-02,8.766589922140496927e-02,3.184240414797086527e-01,2.219057992900861087e-01,-1.643888969943987366e-01,1.170341126855212188e-01,-1.004268106418643863e-01,-2.444074009439081152e-01,-2.128501116975241025e-01,2.431885955392450727e-01,-3.240135782174184687e-02,1.323889466099156531e-01,-7.159437429559348254e-02,0.000000000000000000e+00,0.000000000000000000e+00,5.004779353173730710e-02,2.395633951462000644e-01,-4.482639522811902033e-01,1.069326352189518436e+00,0.000000000000000000e+00,0.000000000000000000e+00,0.000000000000000000e+00,1.615017772134456214e-02,-2.992880637303099722e-01,5.125479869570899183e-01,9.922556173135440583e-01,0.000000000000000000e+00,0.000000000000000000e+00,0.000000000000000000e+00
1.521925725639854772e-03,-2.386805256498158653e-02,9.247781562207384454e-01,1.793081049512822156e-02,-3.495345463503684181e-03,6.613753239276169982e-01,7.498326143178337677e-01,-3.845678445465720852e-02,8.829048577082330984e-02,3.191509190733469170e-01,2.233259768125865352e-01,-1.648331641229645039e-01,1.182448793758857919e-01,-1.002741312780323496e-01,-2.440365002051216592e-01,-2.115467866019622167e-01,2.444363966510005870e-01,-3.153249096299005905e-02,1.332032255350815431e-01,-7.280644216897348697e-02,0.000000000000000000e+00,0.000000000000000000e+00,5.089735914756749607e-02,2.385041546217364639e-01,-4.461197286820296481e-01,1.070489998792270026e+00,0.000000000000000000e+00,0.000000000000000000e+00,0.000000000000000000e+00,1.601380653218642883e-02,-2.989892420712620402e-01,5.126096166479260363e-01,9.911960416704393984e-01,0.000000000000000000e+00,0.000000000000000000e+00,0.000000000000000000e+00
1.663191892713265785e-03,-2.389696788105359973e-02,9.248448832228237659e-01,1.760301818417120065e-02,-3.030952362169122335e-03,6.610541578376716298e-01,7.501255544801226360e-01,-3.821571147731647050e-02,8.831931470291025377e-02,3.206853156518931769e-01,2.207250291443234591e-01,-1.641064662573270272e-01,1.163198242451644882e-01,-1.006295343283931110e-01,-2.438538941240696034e-01,-2.121957889136451836e-01,2.424120741578261184e-01,-3.270153400967517471e-02,1.341159616917915465e-01,-7.272472492964568436e-02,0.000000000000000000e+00,0.000000000000000000e+00,5.137044539910659569e-02,2.379291840729069185e-01,-4.438337325245834686e-01,1.069816247508286189e+00,0.000000000000000000e+00,0.000000000000000000e+00,0.000000000000000000e+00,1.601925182992614688e-02,-2.995767236098828001e-01,5.120943912678683763e-01,9.889338700621937983e-01,0.000000000000000000e+00,0.000000000000000000e+00,0.000000000000000000e+00
1.785879215211932675e-03,-2.398605354227378514e-02,9.246509348684895935e-01,1.768795491084850652e-02,-3.230204958563959085e-03,6.610366012777704192e-01,7.501381964665780888e-01,-4.016217635451644480e-02,8.918672200111549264e-02,3.197974782060868937e-01,2.255818274712854399e-01,-1.662610889078208753e-01,1.180838479619556874e-01,-1.023508736257171259e-01,-2.438864278454728196e-01,-2.113091176719103792e-01,2.465039743583174181e-01,-3.282785260095114760e-02,1.336222231110753833e-01,-7.382737009558136554e-02,0.000000000000000000e+00,0.000000000000000000e+00,5.173897163632755480e-02,2.378224208469363332e-01,-4.428636402254770288e-01,1.070770982454509301e+00,0.000000000000000000e+00,0.000000000000000000e+00,0.000000000000000000e+00,1.636959451833878976e-02,-2.993943132972973764e-01,5.110092941716848358e-01,9.871534868149571817e-01,0.000000000000000000e+00,0.000000000000000000e+00,0.000000000000000000e+00
1.939605132482517640e-03,-2.405102295441037888e-02,9.244924961534096708e-01,1.802621206967793335e-02,-3.576705999066872102e-03,6.609517358238146123e-01,7.502033496086918385e-01,-4.087592709323286527e-02,8.986011621464666532e-02,3.193697451351009686e-01,2.291566818407688166e-01,-1.669626774721546247e-01,1.187282957635643482e-01,-1.025424299125559519e-01,-2.437762007311992385e-01,-2.105122111312995037e-01,2.486989195333213498e-01,-3.399196168122579909e-02,1.316874248570111261e-01,-7.466129242665803245e-02,0.000000000000000000e+00,0.000000000000000000e+00,5.241601473309323578e-02,2.374209216285951829e-01,-4.393645102509071698e-01,1.071476460707534217e+00,0.000000000000000000e+00,0.000000000000000000e+00,0.000000000000000000e+00,1.658981781067029107e-02,-3.001795072945123710e-01,5.118281703296870822e-01,9.838317556781823736e-01,0.000000000000000000e+00,0.000000000000000000e+00,0.000000000000000000e+00
2.060863132530346958e-03,-2.402583781633439372e-02,9.244523812858695955e-01,1.814329928440861633e-02,-3.756195633099181953e-03,6.610655739753480420e-01,7.500993391478792960e-01,-4.097542867435782082e-02,9.012195686941648631e-02,3.190838506376987849e-01,2.303598799969261146e-01,-1.676725755103582183e-01,1.198947640268827192e-01,-1.032080662151896727e-01,-2.437425661489503459e-01,-2.098369502942550868e-01,2.510609132376064867e-01,-3.343048118773752492e-02,1.319558464668007802e-01,-7.621025622262737886e-02,0.000000000000000000e+00,0.000000000000000000e+00,5.355504973871253599e-02,2.382316242755714852e-01,-4.386076033686117093e-01,1.069402253468145769e+00,0.000000000000000000e+00,0.000000000000000000e+00,0.000000000000000000e+00,1.726358065641455872e-02,-3.013789450401450631e-01,5.129981293739741544e-01,9.797294903435492808e-01,0.000000000000000000e+00,0.000000000000000000e+00,0.000000000000000000e+00
2.219975696651854159e-03,-2.394374864432947253e-02,9.241928235352087073e-01,1.818937023004503148e-02,-3.933136529473979688e-03,6.611781861799497229e-01,7.499980555757905787e-01,-4.252524571547275367e-02,9.118182760132335918e-02,3.189111877235658588e-01,2.350287344827504954e-01,-1.715659667406546907e-01,1.206518129874699918e-01,-1.041811398071039452e-01,-2.433864292141699193e-01,-2.085875183369493568e-01,2.541703664990739298e-01,-3.600400688587256093e-02,1.295695031484401794e-01,-7.813497576891283158e-02,0.000000000000000000e+00,0.000000000000000000e+00,5.389158399539363542e-02,2.370998106582791198e-01,-4.353274569889603596e-01,1.073113089958042110e+00,0.000000000000000000e+00,0.000000000000000000e+00,0.000000000000000000e+00,1.746118782461387672e-02,-3.010395981182645841e-01,5.133091916147906053e-01,9.784595687604932257e-01,0.000000000000000000e+00,0.000000000000000000e+00,0.000000000000000000e+00
2.281620197366961145e-03,-2.376205014121633707e-02,9.242083461459926763e-01,1.781924534698272125e-02,-4.024690944922533486e-03,6.608001366522829878e-01,7.503395603047904316e-01,-4.275442487813144177e-02,9.228709003890267493e-02,3.195782224278665984e-01,2.357339945889364574e-01,-1.723211350359029892e-01,1.205816579537323380e-01,-1.039257547646952745e-01,-2.420608605222502041e-01,-2.076161938710321397e-01,2.527980752952098120e-01,-3.629815947239670160e-02,1.309289780083073285e-01,-7.907528391636714504e-02,0.000000000000000000e+00,0.000000000000000000e+00,5.416015164462877063e-02,2.364398439784925754e-01,-4.352169107232717327e-01,1.074746845812831086e+00,0.000000000000000000e+00,0.000000000000000000e+00,0.000000000000000000e+00,1.570723986076631024e-02,-3.006628341296423423e-01,5.140701875930973053e-01,9.815052214253864316e-01,0.000000000000000000e+00,0.000000000000000000e+00,0.000000000000000000e+00
2.433051155784453357e-03,-2.352218069542299367e-02,9.241394916873370002e-01,1.743007688140095490e-02,-3.782829452486835033e-03,6.611372682401588374e-01,7.500529282425224542e-01,-4.383339475718969758e-02,9.315600207381000142e-02,3.205878055238554625e-01,2.368952547166335854e-01,-1.741517437959557157e-01,1.205140010322468536e-01,-1.049687759554453897e-01,-2.419660759561983454e-01,-2.084308468421420257e-01,2.542444666991622304e-01,-3.699808846908898829e-02,1.298864473516715690e-01,-8.034931524255996271e-02,0.000000000000000000e+00,0.000000000000000000e+00,5.474951521547615635e-02,2.364883753689021872e-01,-4.336748451565631823e-01,1.073672584818992748e+00,0.000000000000000000e+00,0.000000000000000000e+00,0.000000000000000000e+00,1.595501682149544007e-02,-3.005776605811182334e-01,5.140058779348943840e-01,9.798791088018865558e-01,0.000000000000000000e+00,0.000000000000000000e+00,0.000000000000000000e+00
2.574868727415857705e-03,-2.332591904188880891e-02,9.238681650573165038e-01,1.741398423300220821e-02,-4.274590275795554783e-03,6.606180597420565626e-01,7.505080014055464099e-01,-4.537685685476676445e-02,9.509018965276626323e-02,3.203639236910812427e-01,2.431308080338069333e-01,-1.774795918127182737e-01,1.206160399400847405e-01,-1.052499381543584300e-01,-2.410263635856862985e-01,-2.076282059293169113e-01,2.567127460101864544e-01,-4.051606679940131933e-02,1.294142641183574083e-01,-8.165198763954673034e-02,0.000000000000000000e+00,0.000000000000000000e+00,5.677535969087811607e-02,2.379847373547435696e-01,-4.320238181526208088e-01,1.071906783007942732e+00,0.000000000000000000e+00,0.000000000000000000e+00,0.000000000000000000e+00,1.579900863456076485e-02,-3.008375634023380263e-01,5.139541082540106665e-01,9.776415167323128097e-01,0.000000000000000000e+00,0.000000000000000000e+00,0.000000000000000000e+00
2.775136335737960099e-03,-2.306246721833109942e-02,9.237869868754672309e-01,1.715708203596302828e-02,-4.340117475347516664e-03,6.602165880862167491e-01,7.508667356675925442e-01,-4.526587638495767341e-02,9.637033539000031124e-02,3.216802556948058500e-01,2.438865063969301028e-01,-1.788461465126400807e-01,1.191967623888805367e-01,-1.057764150462376790e-01,-2.402853222901749630e-01,-2.073257543245180523e-01,2.576173332764502000e-01,-4.183884513485962298e-02,1.304757696354998386e-01,-8.303109120073880189e-02,0.000000000000000000e+00,0.000000000000000000e+00,5.837049050550031926e-02,2.396585126703855706e-01,-4.308148085659842530e-01,1.069962820605667719e+00,0.000000000000000000e+00,0.000000000000000000e+00,0.000000000000000000e+00,1.628950384744009758e-02,-3.034432207590845865e-01,5.156159017712217407e-01,9.729164129972828201e-01,0.000000000000000000e+00,0.000000000000000000e+00,0.000000000000000000e+00
3.004525244744239709e-03,-2.290311848112712434e-02,9.235196490906019129e-01,1.754135983924217518e-02,-5.219617760572602475e-03,6.597383060653468911e-01,7.512725362978808219e-01,-4.600321610393657418e-02,9.813213536636886114e-02,3.206513662541877197e-01,2.503191334051275696e-01,-1.807699368200725298e-01,1.208990594363493626e-01,-1.069323912110824309e-01,-2.397608011945873696e-01,-2.057568847473807139e-01,2.635598726554811422e-01,-4.134631029669371544e-02,1.301675875445022224e-01,-8.450555422211566969e-02,0.000000000000000000e+00,0.000000000000000000e+00,6.009909644078081925e-02,2.427266375522194042e-01,-4.293225682480531491e-01,1.068108926780746648e+00,0.000000000000000000e+00,0.000000000000000000e+00,0.000000000000000000e+00,1.466993231367644257e-02,-3.071829299959478177e-01,5.200598150886032167e-01,9.705895558567487758e-01,0.000000000000000000e+00,0.000000000000000000e+00,0.000000000000000000e+00
3.259413457734922082e-03,-2.253046222742378230e-02,9.235489308819371246e-01,1.689172612137401774e-02,-5.174186476052404851e-03,6.586127019025489471e-01,7.522746880465778219e-01,-4.574084577325146506e-02,1.001002906017169625e-01,3.230849263106503888e-01,2.504217364370007193e-01,-1.823159144518183006e-01,1.191725839924808739e-01,-1.061460293343508693e-01,-2.380563837743638056e-01,-2.066376214888878682e-01,2.602314122789953776e-01,-4.436467301024782373e-02,1.323822982154803929e-01,-8.579485562592975567e-02,0.000000000000000000e+00,0.000000000000000000e+00,6.191096365158210019e-02,2.436696741478892314e-01,-4.279114704300489569e-01,1.067061022077864907e+00,0.000000000000000000e+00,0.000000000000000000e+00,0.000000000000000000e+00,1.323412254968683172e-02,-3.074007738263261902e-01,5.203096624020020489e-01,9.704549538258536723e-01,0.000000000000000000e+00,0.000000000000000000e+00,0.000000000000000000e+00
3.602280237805744953e-03,-2.225549333131141699e-02,9.234224276653685282e-01,1.666431721918295444e-02,-5.588908524990826056e-03,6.583666801314055350e-01,7.524921123346541840e-01,-4.627284323493725121e-02,1.020255089137569182e-01,3.229483337304137613e-01,2.537084139045253650e-01,-1.847528997244145543e-01,1.191693292375900076e-01,-1.062724583820820051e-01,-2.366330726369324233e-01,-2.059571270828138567e-01,2.617774012462064093e-01,-4.491008514960711379e-02,1.330798492575557268e-01,-8.735989875721882070e-02,0.000000000000000000e+00,0.000000000000000000e+00,6.385756755933752471e-02,2.451906413492920267e-01,-4.261214801171295807e-01,1.065233154778179703e+00,0.000000000000000000e+00,0.000000000000000000e+00,0.000000000000000000e+00,1.304100806071215209e-02,-3.080738419432210162e-01,5.211425503230633360e-01,9.698828323856136802e-01,0.000000000000000000e+00,0.000000000000000000e+00,0.000000000000000000e+00
4.028828358106667507e-03,-2.208608481976287105e-02,9.231460824770455487e-01,1.697744635356089951e-02,-6.219809134839022514e-03,6.577895694438981034e-01,7.529847027798440839e-01,-4.693745270977708883e-02,1.034421800867729724e-01,3.212508732946791623e-01,2.593006920666783288e-01,-1.881570797196587819e-01,1.201536328799849423e-01,-1.069605231508553855e-01,-2.360013665043096398e-01,-2.053082333456666686e-01,2.660889845303410772e-01,-4.629315726532996778e-02,1.309764453132602202e-01,-8.950425138918942369e-02,0.000000000000000000e+00,0.000000000000000000e+00,6.527957917412437194e-02,2.467850754213223585e-01,-4.233677854240087690e-01,1.066614339241257925e+00,0.000000000000000000e+00,0.000000000000000000e+00,0.000000000000000000e+00,1.097024496923616234e-02,-3.091823667910510443e-01,5.226418974468627354e-01,9.691907844443778952e-01,0.000000000000000000e+00,0.000000000000000000e+00,0.000000000000000000e+00
4.475958879569132305e-03,-2.183428538815086403e-02,9.230459430464120762e-01,1.669023866056094235e-02,-6.914619730061202785e-03,6.572678189587275455e-01,7.534405339034265792e-01,-4.695344728079482721e-02,1.058967393519592154e-01,3.205573367799653961e-01,2.623015458733939931e-01,-1.904084949834169427e-01,1.195476557962088099e-01,-1.067210769733731718e-01,-2.337097398502542833e-01,-2.042124197098427185e-01,2.671873759757500411e-01,-4.658225963820483706e-02,1.321121524019823745e-01,-9.202344994743126561e-02,0.000000000000000000e+00,0.000000000000000000e+00,6.652214743209823589e-02,2.487232475895685135e-01,-4.219851993327615736e-01,1.067773262662569556e+00,0.000000000000000000e+00,0.000000000000000000e+00,0.000000000000000000e+00,8.211246917782548047e-03,-3.112372271749961894e-01,5.263285229596758041e-01,9.710277958047839331e-01,0.000000000000000000e+00,0.000000000000000000e+00,0.000000000000000000e+00
5.023306418903195070e-03,-2.157617558696948989e-02,9.226583366735550129e-01,1.663313030238992851e-02,-7.005015738432130400e-03,6.557091972030224536e-01,7.547977990390650760e-01,-4.770074864857459102e-02,1.079477338025140870e-01,3.221299606245054958e-01,2.671643470741391080e-01,-1.958687084154274172e-01,1.183925756808842655e-01,-1.092317524592206907e-01,-2.330918021976109422e-01,-2.032621511163764660e-01,2.718319793319088906e-01,-5.151011475268119783e-02,1.334498161107846304e-01,-9.573178083055602916e-02,0.000000000000000000e+00,0.000000000000000000e+00,6.864477672221100391e-02,2.519232531511992335e-01,-4.186792850155896528e-01,1.068401019600218049e+00,0.000000000000000000e+00,0.000000000000000000e+00,0.000000000000000000e+00,5.896709241354075592e-03,-3.121826605692388235e-01,5.249481181484478842e-01,9.656787612474456717e-01,0.000000000000000000e+00,0.000000000000000000e+00,0.000000000000000000e+00
5.589048035131990305e-03,-2.129823942439313528e-02,9.223696278967956630e-01,1.647177717120329801e-02,-7.298854523916866073e-03,6.546161701593009585e-01,7.557467016437652285e-01,-4.836475714697463513e-02,1.103230303912436927e-01,3.230212816427878719e-01,2.716209296770127346e-01,-1.997352916158001146e-01,1.175731818573548526e-01,-1.107909575445489153e-01,-2.312072113539301310e-01,-2.006764015616828156e-01,2.751327170170951852e-01,-5.571013574116462364e-02,1.325687740314527296e-01,-9.835888888342494973e-02,0.000000000000000000e+00,0.000000000000000000e+00,6.926061718466111627e-02,2.526819014327995605e-01,-4.164787739406460854e-01,1.073400824462206637e+00,0.000000000000000000e+00,0.000000000000000000e+00,0.000000000000000000e+00,2.851481662183857554e-03,-3.114916285420569753e-01,5.251347626096248833e-01,9.682014152646299943e-01,0.000000000000000000e+00,0.000000000000000000e+00,0.000000000000000000e+00
6.172885428356995191e-03,-2.118532571183067564e-02,9.216804217761058737e-01,1.764005362354444106e-02,-8.586286409884201498e-03,6.530639739081582906e-01,7.570485784790369488e-01,-4.952700500293749641e-02,1.126443026633884015e-01,3.218586890053085070e-01,2.837257992481417856e-01,-2.039423955195760474e-01,1.202851804410100117e-01,-1.132995264825654297e-01,-2.314038773691977080e-01,-1.988235248097902086e-01,2.866296836554128036e-01,-6.030877959470621469e-02,1.286180463027531973e-01,-1.013892713600903217e-01,0.000000000000000000e+00,0.000000000000000000e+00,6.974882586218975056e-02,2.559130333884951369e-01,-4.132475882549505042e-01,1.079027342786515575e+00,0.000000000000000000e+00,0.000000000000000000e+00,0.000000000000000000e+00,-5.170447518438661683e-04,-3.126366143984760093e-01,5.252699241556147980e-01,9.653823740685547605e-01,0.000000000000000000e+00,0.000000000000000000e+00,0.000000000000000000e+00
6.678513758391766558e-03,-2.069652097988888481e-02,9.216265463427010252e-01,1.706317860654835150e-02,-8.592182377526928413e-03,6.517954200893965044e-01,7.581541747483289129e-01,-4.929131226124709719e-02,1.147353669875995907e-01,3.231875541368930960e-01,2.847375035763776707e-01,-2.062817653977844501e-01,1.183591243845168450e-01,-1.131998747790752546e-01,-2.291896242841094944e-01,-1.981564638431200231e-01,2.853572008856035125e-01,-6.560972886707647223e-02,1.294278185886879873e-01,-1.034406004193665768e-01,0.000000000000000000e+00,0.000000000000000000e+00,7.018485444492894576e-02,2.564228743226184548e-01,-4.083520656710169505e-01,1.083765529010595641e+00,0.000000000000000000e+00,0.000000000000000000e+00,0.000000000000000000e+00,-2.134335567419187382e-03,-3.127081605636163331e-01,5.250466272527216649e-01,9.648141979115456568e-01,0.000000000000000000e+00,0.000000000000000000e+00,0.000000000000000000e+00
7.094597583453151474e-03,-2.017960049426231750e-02,9.215441096780426777e-01,1.676048108690661453e-02,-8.810309862897779815e-03,6.504148735584094343e-01,7.593431088564994713e-01,-4.816820347892787624e-02,1.165115799486524245e-01,3.246517879186089361e-01,2.858166028041540518e-01,-2.098830292081103333e-01,1.171230315248703163e-01,-1.118258000671757679e-01,-2.272044571043722594e-01,-1.979233395889871128e-01,2.830804956744397138e-01,-7.144052507551865161e-02,1.294080610665565567e-01,-1.072476838052495440e-01,0.000000000000000000e+00,0.000000000000000000e+00,7.038834825398845862e-02,2.581926374018272408e-01,-4.085679267150123528e-01,1.089019930838764250e+00,0.000000000000000000e+00,0.000000000000000000e+00,0.000000000000000000e+00,-6.426326216304522471e-03,-3.124156617687507964e-01,5.246350960961703169e-01,9.667086302221800098e-01,0.000000000000000000e+00,0.000000000000000000e+00,0.000000000000000000e+00
7.474961594056797262e-03,-1.960642091741933435e-02,9.215531740475270128e-01,1.663129319652862509e-02,-9.275790272058208330e-03,6.493414955819053480e-01,7.602584967738896804e-01,-4.640211826227340353e-02,1.181460546474328716e-01,3.261275717246726602e-01,2.862957603283821650e-01,-2.109994590854254171e-01,1.179003235317538506e-01,-1.112926497395968911e-01,-2.254266859258969580e-01,-1.964215656949954703e-01,2.833155393830877333e-01,-7.165194703622448924e-02,1.308744761189095940e-01,-1.100571247776023914e-01,0.000000000000000000e+00,0.000000000000000000e+00,7.170543780108308562e-02,2.590634335733246751e-01,-4.074398565152546614e-01,1.091016673022287886e+00,0.000000000000000000e+00,0.000000000000000000e+00,0.000000000000000000e+00,-7.857414909846299061e-03,-3.144707352623972163e-01,5.260519338807292389e-01,9.639748980944992107e-01,0.000000000000000000e+00,0.000000000000000000e+00,0.000000000000000000e+00
7.875733544587879345e-03,-1.896902049353284964e-02,9.214896491433643977e-01,1.655496844106541660e-02,-9.799721902850907704e-03,6.482029449256997422e-01,7.612245665112187254e-01,-4.542033282014071305e-02,1.198279665853362735e-01,3.261768238771427519e-01,2.887794382817838734e-01,-2.122470970078871588e-01,1.180238793722387519e-01,-1.100652163820982077e-01,-2.233346477934835261e-01,-1.946600221710067524e-01,2.830970412143175574e-01,-7.544291872809061328e-02,1.307417785492515361e-01,-1.139510993511609199e-01,0.000000000000000000e+00,0.000000000000000000e+00,7.326768067541433727e-02,2.616635992142908873e-01,-4.084807239649248523e-01,1.092951074379583387e+00,0.000000000000000000e+00,0.000000000000000000e+00,0.000000000000000000e+00,-1.009512064939318415e-02,-3.168527009603285816e-01,5.299210204952695680e-01,9.605572008978431331e-01,0.000000000000000000e+00,0.000000000000000000e+00,0.000000000000000000e+00
8.335622022572196713e-03,-1.835741968484210992e-02,9.210468429562611581e-01,1.716317621818743908e-02,-1.034256197452678404e-02,6.466583604362140525e-01,7.625165058356799808e-01,-4.453580364045493095e-02,1.209336967547019470e-01,3.268796238137098298e-01,2.942505470360590736e-01,-2.164937542050532626e-01,1.191766841303990576e-01,-1.122904741475900248e-01,-2.229078856769438344e-01,-1.905206231619183677e-01,2.904909623272260988e-01,-7.837754118365085343e-02,1.305620502606190947e-01,-1.196136871794241385e-01,0.000000000000000000e+00,0.000000000000000000e+00,7.606833722040748369e-02,2.635595344747940216e-01,-4.112620763833690352e-01,1.094703370678641319e+00,0.000000000000000000e+00,0.000000000000000000e+00,0.000000000000000000e+00,-1.268057889720789963e-02,-3.192414920895121910e-01,5.316731722369981705e-01,9.555798864885334254e-01,0.000000000000000000e+00,0.000000000000000000e+00,0.000000000000000000e+00
8.902082511275489357e-03,-1.764086049807798290e-02,9.208331083578060738e-01,1.772267016459548594e-02,-1.056293899173093437e-02,6.446079877884889342e-01,7.642348286759574894e-01,-4.261946134120292440e-02,1.218297761592412459e-01,3.293698230776944680e-01,2.970862504515764946e-01,-2.176922850893423522e-01,1.193902644057186491e-01,-1.129199129655373557e-01,-2.225948135684619467e-01,-1.883235987577566162e-01,2.937880102576221342e-01,-8.275318110476033440e-02,1.294262858986286735e-01,-1.238233161052511994e-01,0.000000000000000000e+00,0.000000000000000000e+00,7.867894748792603199e-02,2.641463716510130677e-01,-4.127870044895353696e-01,1.098054482960704847e+00,0.000000000000000000e+00,0.000000000000000000e+00,0.000000000000000000e+00,-1.453537712472911109e-02,-3.187883046372448903e-01,5.320418092305040370e-01,9.512963106013235803e-01,0.000000000000000000e+00,0.000000000000000000e+00,0.000000000000000000e+00
9.553157055333006895e-03,-1.695009676120081202e-02,9.205169997994750997e-01,1.846219208407009690e-02,-1.103591842174207228e-02,6.432069930785905276e-01,7.653901750237183110e-01,-4.149424496254224687e-02,1.226498190460724724e-01,3.295709738690109636e-01,3.017958730103083020e-01,-2.185869442764550863e-01,1.205379624659012744e-01,-1.139174823873636277e-01,-2.221057556754484352e-01,-1.849276678970134813e-01,2.996879519961971883e-01,-8.711736379372886363e-02,1.270753254467077153e-01,-1.279332863827072897e-01,0.000000000000000000e+00,0.000000000000000000e+00,8.097335360852529751e-02,2.652659535926769063e-01,-4.164142133285912983e-01,1.100185323190789655e+00,0.000000000000000000e+00,0.000000000000000000e+00,0.000000000000000000e+00,-1.565742212559978475e-02,-3.189507022877177689e-01,5.323589629455673933e-01,9.474422193442189055e-01,0.000000000000000000e+00,0.000000000000000000e+00,0.000000000000000000e+00
1.030210942459468433e-02,-1.620445665401010898e-02,9.201958800619266521e-01,1.920808860027257287e-02,-1.111286383424927790e-02,6.416457560875884480e-01,7.666800357936243149e-01,-3.987326585089195907e-02,1.228871181126548473e-01,3.305201567707860555e-01,3.047733497486977416e-01,-2.201210248717111184e-01,1.198379325148625357e-01,-1.147010267943866790e-01,-2.222994261920567260e-01,-1.827014657123354480e-01,3.044121682309804400e-01,-9.407051951029277159e-02,1.255984613329294286e-01,-1.313510391732475580e-01,0.000000000000000000e+00,0.000000000000000000e+00,8.368339727398316219e-02,2.658032453110248383e-01,-4.169804424599672377e-01,1.099934284477241953e+00,0.000000000000000000e+00,0.000000000000000000e+00,0.000000000000000000e+00,-1.493714665424071553e-02,-3.185332706676939907e-01,5.298440749051289700e-01,9.394679588291809935e-01,0.000000000000000000e+00,0.000000000000000000e+00,0.000000000000000000e+00
1.098912201108511073e-02,-1.542956872059109488e-02,9.196678386141132755e-01,1.908120696635462465e-02,-1.119755820284802812e-02,6.400624768008664756e-01,7.680042630236776358e-01,-4.159173768027846219e-02,1.256625689095467180e-01,3.322982662920004326e-01,3.130574108887970164e-01,-2.249431638256289279e-01,1.202759897824854790e-01,-1.167446831815482089e-01,-2.209606360522337609e-01,-1.799712732935871418e-01,3.091721216713904097e-01,-1.006511440406070712e-01,1.266350838590079853e-01,-1.354901780579056692e-01,0.000000000000000000e+00,0.000000000000000000e+00,8.617522158746385164e-02,2.690596211948418359e-01,-4.207427048481133802e-01,1.096030942638169581e+00,0.000000000000000000e+00,0.000000000000000000e+00,0.000000000000000000e+00,-1.565276304537936355e-02,-3.219022898339171102e-01,5.322610513357182160e-01,9.304174733610334203e-01,0.000000000000000000e+00,0.000000000000000000e+00,0.000000000000000000e+00
1.175235649102365429e-02,-1.488611145602372447e-02,9.187291179500737259e-01,2.015980835367506968e-02,-1.232620457974527121e-02,6.385322703985359949e-01,7.692322058179136279e-01,-4.317751464786827309e-02,1.281146559242571925e-01,3.311143479884816054e-01,3.271822304290081806e-01,-2.315827747891827659e-01,1.231281822019203581e-01,-1.191176620715846818e-01,-2.209499235803224493e-01,-1.767324455873607036e-01,3.212862165602315967e-01,-1.084225247768790534e-01,1.271353201952177270e-01,-1.393454109851759437e-01,0.000000000000000000e+00,0.000000000000000000e+00,8.665073384356590525e-02,2.745948100782067414e-01,-4.222412250124203958e-01,1.089019714934707617e+00,0.000000000000000000e+00,0.000000000000000000e+00,0.000000000000000000e+00,-1.392544601033063323e-02,-3.260448921467311023e-01,5.327902249117404399e-01,9.157719941149059517e-01,0.000000000000000000e+00,0.000000000000000000e+00,0.000000000000000000e+00
1.254810525635703493e-02,-1.459140420382719870e-02,9.172770149066995504e-01,2.175246346044461265e-02,-1.392100278588423272e-02,6.367077514827234053e-01,7.706726122139365698e-01,-4.754347314291798576e-02,1.310509532831902746e-01,3.271260094674391383e-01,3.487529759051532507e-01,-2.373224452829877651e-01,1.269348378467467786e-01,-1.244443482050187066e-01,-2.213243458955765908e-01,-1.716434857781919121e-01,3.409185387496320718e-01,-1.169538595514943713e-01,1.233672951500679599e-01,-1.434054544209673598e-01,0.000000000000000000e+00,0.000000000000000000e+00,8.420634472979392215e-02,2.833900735683885230e-01,-4.244956010577916050e-01,1.075362620807453595e+00,0.000000000000000000e+00,0.000000000000000000e+00,0.000000000000000000e+00,-1.234081271092708765e-02,-3.342344753862328544e-01,5.346356916058129238e-01,8.962169078890058760e-01,0.000000000000000000e+00,0.000000000000000000e+00,0.000000000000000000e+00
1.341245991563123387e-02,-1.435634254488028783e-02,9.157388823118675081e-01,2.297786345969905081e-02,-1.481845269329258412e-02,6.351674018836572788e-01,7.718904085652119607e-01,-5.244037886465680032e-02,1.334737107422756253e-01,3.234711507258768437e-01,3.682897107395151637e-01,-2.452561846438660043e-01,1.266858555470204151e-01,-1.307304029479879059e-01,-2.221140806810827373e-01,-1.676269864656071973e-01,3.601120546263508193e-01,-1.289206707858061851e-01,1.195807658332962847e-01,-1.470238391522233068e-01,0.000000000000000000e+00,0.000000000000000000e+00,7.568506201233378416e-02,2.917550006734146439e-01,-4.264663922930892470e-01,1.055676725396390570e+00,0.000000000000000000e+00,0.000000000000000000e+00,0.000000000000000000e+00,-8.584999445184232636e-03,-3.413397435378791034e-01,5.335057731668082504e-01,8.776184960878239405e-01,0.000000000000000000e+00,0.000000000000000000e+00,0.000000000000000000e+00
1.424106235751425829e-02,-1.416449399305291443e-02,9.146869986508752159e-01,2.336516890084014073e-02,-1.546356205530243985e-02,6.343164149666838947e-01,7.725656171708730202e-01,-5.694214858039692989e-02,1.357592298124543906e-01,3.190611071657787345e-01,3.824022993381183122e-01,-2.509554239662828978e-01,1.272694325439429341e-01,-1.359652723560973442e-01,-2.213548162917770012e-01,-1.639226753887572108e-01,3.740129055819746418e-01,-1.344716734017855353e-01,1.193797860809650419e-01,-1.511092413225471609e-01,0.000000000000000000e+00,0.000000000000000000e+00,6.088372860619785387e-02,3.004548602300869398e-01,-4.289899437997282128e-01,1.027949980386938522e+00,0.000000000000000000e+00,0.000000000000000000e+00,0.000000000000000000e+00,-2.260313848737330322e-03,-3.527980364687010040e-01,5.367319852535623603e-01,8.591062741613507692e-01,0.000000000000000000e+00,0.000000000000000000e+00,0.000000000000000000e+00
1.519726427107212507e-02,-1.447027566584320121e-02,9.128485649075259722e-01,2.534728656072273920e-02,-1.722099895416885629e-02,6.331858967959209661e-01,7.733928965007215162e-01,-6.290130760998903503e-02,1.381059968658498449e-01,3.120388392542596812e-01,4.058236523528572226e-01,-2.537483491519936796e-01,1.280915645204204201e-01,-1.433456299062246253e-01,-2.223822567712517018e-01,-1.591388146158541628e-01,3.988469882411481149e-01,-1.420687983661424736e-01,1.132790090080141310e-01,-1.549521793436879347e-01,0.000000000000000000e+00,0.000000000000000000e+00,4.383262525596734460e-02,3.163155248571253852e-01,-4.347843340572068449e-01,9.882506932840107172e-01,0.000000000000000000e+00,0.000000000000000000e+00,0.000000000000000000e+00,7.030326953863373640e-03,-3.724028310320798285e-01,5.427836323434728216e-01,8.350949532875893144e-01,0.000000000000000000e+00,0.000000000000000000e+00,0.000000000000000000e+00
1.617897170053660821e-02,-1.467202049573806608e-02,9.118153319932972289e-01,2.560799267694165160e-02,-1.779694376297999772e-02,6.323456007934022960e-01,7.740584865893453959e-01,-6.823551209445949395e-02,1.409217520716957162e-01,3.076813563427673870e-01,4.197216144461859422e-01,-2.560017656624528071e-01,1.263646208987571629e-01,-1.492295634168862573e-01,-2.210274636748345845e-01,-1.555483599254136595e-01,4.126134324684390675e-01,-1.471227454548058589e-01,1.121817613527355401e-01,-1.581042830632592433e-01,0.000000000000000000e+00,0.000000000000000000e+00,3.253383109903541792e-02,3.385644305227190065e-01,-4.402300389371494038e-01,9.399331240993805681e-01,0.000000000000000000e+00,0.000000000000000000e+00,0.000000000000000000e+00,2.371450026803279681e-02,-4.021362247030024761e-01,5.459615790001296487e-01,8.091464230748600661e-01,0.000000000000000000e+00,0.000000000000000000e+00,0.000000000000000000e+00
1.726694441197888438e-02,-1.514358190304714025e-02,9.114126484798771299e-01,2.651211104321371526e-02,-1.851513348333930220e-02,6.318434502956253862e-01,7.744211723078384679e-01,-6.847146409530480149e-02,1.432697208191993921e-01,3.075445465620837981e-01,4.245489840066328791e-01,-2.517851816996321546e-01,1.209266335834416617e-01,-1.502632559464691930e-01,-2.208050343358602674e-01,-1.558667259995134557e-01,4.194905493276889219e-01,-1.519523263239601352e-01,1.095487193289253758e-01,-1.657324927310032670e-01,0.000000000000000000e+00,0.000000000000000000e+00,3.468761058039786238e-02,3.696640754399492246e-01,-4.510852981825589914e-01,8.777553023343048766e-01,0.000000000000000000e+00,0.000000000000000000e+00,0.000000000000000000e+00,4.131058306736905272e-02,-4.355331912291317553e-01,5.478358669889810129e-01,7.715489130615410529e-01,0.000000000000000000e+00,0.000000000000000000e+00,0.000000000000000000e+00
1.825985258252355026e-02,-1.557552446769573488e-02,9.113176944917557032e-01,2.606338410337811010e-02,-1.827355269973485186e-02,6.313670297552346211e-01,7.748305950456938485e-01,-7.109616949949529308e-02,1.465613161272069365e-01,3.082518057130466116e-01,4.270332718911606928e-01,-2.461321178051708025e-01,1.137476858448894373e-01,-1.515667388088331180e-01,-2.210323997152920106e-01,-1.616128541701778998e-01,4.208051781628100452e-01,-1.561440430656383105e-01,1.107011243895283104e-01,-1.692461980420978951e-01,0.000000000000000000e+00,0.000000000000000000e+00,4.767641585172423951e-02,4.115773009931383841e-01,-4.572587295112426897e-01,7.914894773000008543e-01,0.000000000000000000e+00,0.000000000000000000e+00,0.000000000000000000e+00,5.906142090300288416e-02,-4.806508639621026591e-01,5.505361186951310826e-01,6.935697333284212007e-01,0.000000000000000000e+00,0.000000000000000000e+00,0.000000000000000000e+00
1.927542417618310563e-02,-1.593626281429017660e-02,9.115841206366253058e-01,2.620007244934399737e-02,-1.713440567625918245e-02,6.306134165346911624e-01,7.754654648868742894e-01,-6.919859460088201297e-02,1.447826738744199537e-01,3.063731753381246925e-01,4.183478951552456193e-01,-2.409074909216441518e-01,9.971930574959740612e-02,-1.531177570876934013e-01,-2.241111210895523898e-01,-1.689078171199709377e-01,4.214248470874481511e-01,-1.616231528911611370e-01,1.109119072451426741e-01,-1.715517248692286778e-01,0.000000000000000000e+00,0.000000000000000000e+00,6.452270697544640332e-02,4.673784847872230475e-01,-4.626958052135723420e-01,6.857824800587869474e-01,0.000000000000000000e+00,0.000000000000000000e+00,0.000000000000000000e+00,7.596263326856797504e-02,-5.293936663940633780e-01,5.491902945373743350e-01,5.955571553784665406e-01,0.000000000000000000e+00,0.000000000000000000e+00,0.000000000000000000e+00
2.007234712842895230e-02,-1.615126652565045465e-02,9.118723008053348789e-01,2.628918197528072251e-02,-1.597047481730950666e-02,6.303289853244867791e-01,7.757185012006512226e-01,-6.884480708984884456e-02,1.434942787857202695e-01,3.034318695922318954e-01,4.103168852238333608e-01,-2.252870273229355957e-01,8.224061591332787469e-02,-1.551211451136406960e-01,-2.269181519180236695e-01,-1.740765672129770403e-01,4.224170762376047161e-01,-1.617820078879716184e-01,1.116291090159527433e-01,-1.771251292031238156e-01,0.000000000000000000e+00,0.000000000000000000e+00,9.059739118764133237e-02,5.376533550736308786e-01,-4.634223927825022460e-01,5.541214748947637103e-01,0.000000000000000000e+00,0.000000000000000000e+00,0.000000000000000000e+00,1.003792670669461373e-01,-5.902972803890744746e-01,5.480647195584054110e-01,4.626353445671850251e-01,0.000000000000000000e+00,0.000000000000000000e+00,0.000000000000000000e+00
2.041372190703213269e-02,-1.596137873717652991e-02,9.124305441177114062e-01,2.596365756042183850e-02,-1.566460923297003163e-02,6.296452104340742872e-01,7.762908072887988453e-01,-6.686208332020371348e-02,1.431192039065039834e-01,2.977130270141773449e-01,3.991918908087078166e-01,-2.016145517220989114e-01,6.197842085232974085e-02,-1.533757672653119075e-01,-2.268835743809154704e-01,-1.772916685465713016e-01,4.172310922624569152e-01,-1.594219474780751711e-01,1.136523613210468908e-01,-1.838078697693984742e-01,0.000000000000000000e+00,0.000000000000000000e+00,1.193277388583478954e-01,6.152978005053814092e-01,-4.733570710669701143e-01,4.177208517670997212e-01,0.000000000000000000e+00,0.000000000000000000e+00,0.000000000000000000e+00,1.305370092875319799e-01,-6.527676505149252462e-01,5.464331985857876495e-01,3.286614733698977053e-01,0.000000000000000000e+00,0.000000000000000000e+00,0.000000000000000000e+00
2.015048626181806593e-02,-1.539343762234142779e-02,9.116060117277161590e-01,2.457405992162121910e-02,-1.586873154706224323e-02,6.284238234567043335e-01,7.773209099529702071e-01,-7.244630754163006170e-02,1.430985369179228750e-01,2.779543422480991732e-01,3.983087268298315942e-01,-1.825155896449111026e-01,4.341649657819410257e-02,-1.586215834559746574e-01,-2.246950000145130355e-01,-1.754118505601656997e-01,4.242460981371666273e-01,-1.609399498410969964e-01,1.126950619876932458e-01,-1.818461996356404431e-01,0.000000000000000000e+00,0.000000000000000000e+00,1.615118395671556462e-01,6.870299485958993868e-01,-4.548330258991258868e-01,2.754027645976773742e-01,0.000000000000000000e+00,0.000000000000000000e+00,0.000000000000000000e+00,1.766425493219271337e-01,-7.174512184980119667e-01,5.209055992503812682e-01,1.900219714835534035e-01,0.000000000000000000e+00,0.000000000000000000e+00,0.000000000000000000e+00
1.932694739820417507e-02,-1.400971372192444733e-02,9.109480225373320916e-01,2.138407292980167018e-02,-1.747344822410078560e-02,6.246430679696191035e-01,7.804219612937579598e-01,-7.698144401856317487e-02,1.453456293624828533e-01,2.437733586668325014e-01,3.881239938374744791e-01,-1.383435657345143399e-01,6.063082050321971436e-03,-1.595941270492158282e-01,-2.152498102466653962e-01,-1.704842741748139601e-01,4.210774945656422519e-01,-1.611209945423359990e-01,1.144575718931622049e-01,-1.761859605073413382e-01,0.000000000000000000e+00,0.000000000000000000e+00,2.042682932826945519e-01,7.608820744433015815e-01,-4.456536034338929864e-01,1.394085118326412187e-01,0.000000000000000000e+00,0.000000000000000000e+00,0.000000000000000000e+00,2.218727823729547965e-01,-7.764612606258548544e-01,4.961910549465934350e-01,5.374193851544706302e-02,0.000000000000000000e+00,0.000000000000000000e+00,0.000000000000000000e+00
1.788036239617185608e-02,-1.206228922347359067e-02,9.085685275124381066e-01,1.751883118203921216e-02,-2.234580752686545976e-02,6.187677930913599855e-01,7.850606178333215945e-01,-8.413996187386163506e-02,1.460872591763757999e-01,1.797015105029600157e-01,3.844640189021928389e-01,-8.252286958523286087e-02,-3.956037093204598648e-02,-1.619939860768228879e-01,-1.979606938955060791e-01,-1.553930921927682285e-01,4.279633451126951815e-01,-1.642865354492801244e-01,1.132469519737415997e-01,-1.630407909777294162e-01,0.000000000000000000e+00,0.000000000000000000e+00,2.419624260385466741e-01,8.221834309815847508e-01,-4.293456509557594392e-01,2.477748413735156308e-02,0.000000000000000000e+00,0.000000000000000000e+00,0.000000000000000000e+00,2.681333715632159276e-01,-8.128021923450430286e-01,4.680405598622223717e-01,-4.362474043027728815e-02,0.000000000000000000e+00,0.000000000000000000e+00,0.000000000000000000e+00
1.588585093629701905e-02,-9.537924647344212664e-03,9.060646343695600846e-01,1.340517444931019556e-02,-2.659259369860009561e-02,6.121353943978581347e-01,7.901919983040478490e-01,-9.192914736149654376e-02,1.469512276182029231e-01,1.214430748288455597e-01,3.850989138753210805e-01,-2.589431802634928684e-02,-8.790255844808579633e-02,-1.660522635044541506e-01,-1.805019842318772716e-01,-1.366401499354571447e-01,4.354968882102772110e-01,-1.702191317688706296e-01,1.117461360127703501e-01,-1.478003340121627485e-01,0.000000000000000000e+00,0.000000000000000000e+00,2.804347963990676540e-01,8.727847402752000328e-01,-4.153129944103516324e-01,-7.398655145566479518e-02,0.000000000000000000e+00,0.000000000000000000e+00,0.000000000000000000e+00,3.065471991931396634e-01,-8.498216133428981856e-01,4.486693925977471853e-01,-1.368962748591254774e-01,0.000000000000000000e+00,0.000000000000000000e+00,0.000000000000000000e+00
1.353639894761921210e-02,-6.938777288578933458e-03,9.025856965113837616e-01,1.117953628691688468e-02,-3.046564379129809708e-02,6.078383542201778456e-01,7.933973768898519019e-01,-1.075549176159706771e-01,1.549032552396007456e-01,8.163252804600831802e-02,4.037338083156887247e-01,1.542120720040395833e-02,-1.119574191631495241e-01,-1.736765099453391192e-01,-1.687959163984328881e-01,-1.170252539636552347e-01,4.567845732025681560e-01,-1.832216098985608721e-01,1.060808141762907275e-01,-1.336518207064232577e-01,0.000000000000000000e+00,0.000000000000000000e+00,3.102023953155171321e-01,9.264463519056408414e-01,-4.033301570124912527e-01,-1.793864774689686303e-01,0.000000000000000000e+00,0.000000000000000000e+00,0.000000000000000000e+00,3.446447210215211610e-01,-8.889989668149103075e-01,4.310485437523381425e-01,-2.226880185839520410e-01,0.000000000000000000e+00,0.000000000000000000e+00,0.000000000000000000e+00
1.123930620135365176e-02,-3.941355850430809660e-03,8.998830759231083443e-01,1.173424797636627229e-02,-2.938240966287842398e-02,6.046636431725799232e-01,7.958522853219029969e-01,-1.399498125016170325e-01,1.721297954785569739e-01,7.189493610514183231e-02,4.553162164782614818e-01,1.493938054604217192e-04,-9.857898932545787474e-02,-1.864560817440899521e-01,-1.683717582642487720e-01,-9.292493705052859432e-02,4.815208067758464106e-01,-2.091944578114072750e-01,1.020540532194986472e-01,-1.233018050546312999e-01,0.000000000000000000e+00,0.000000000000000000e+00,3.431075370849491768e-01,9.653697198978581362e-01,-3.849894983554488226e-01,-2.847095885769527768e-01,0.000000000000000000e+00,0.000000000000000000e+00,0.000000000000000000e+00,3.857103057930666989e-01,-9.377187907633588448e-01,4.045110339500702645e-01,-3.135895630182560789e-01,0.000000000000000000e+00,0.000000000000000000e+00,0.000000000000000000e+00
8.793794697101909794e-03,-6.774539398524664219e-04,8.998962740505156432e-01,1.375074679326430266e-02,-3.072399947106441501e-02,6.025374069969406943e-01,7.973804775566890601e-01,-1.576973642274287768e-01,2.098951508519976139e-01,8.317684863347062085e-02,4.645822031958375953e-01,1.957372744185513838e-02,-8.320307386920311465e-02,-1.806688916348343499e-01,-1.714248422757573831e-01,-8.229013976598190117e-02,4.808402569075169719e-01,-2.021606628763490121e-01,1.111507931020101619e-01,-1.199653297834923915e-01,0.000000000000000000e+00,0.000000000000000000e+00,3.741802508178507236e-01,9.930483083794272581e-01,-3.702307487214926973e-01,-3.698123042683508777e-01,0.000000000000000000e+00,0.000000000000000000e+00,0.000000000000000000e+00,4.219959987635081289e-01,-9.712774935744843408e-01,3.826143467937888620e-01,-3.837132757017784335e-01,0.000000000000000000e+00,0.000000000000000000e+00,0.000000000000000000e+00
6.681746965852480152e-03,2.515489108344348343e-03,8.992765845557866289e-01,1.568798073664304585e-02,-2.767681887463108864e-02,6.001131425298230626e-01,7.992822387119389305e-01,-1.836996815052719945e-01,2.396082204283996320e-01,8.653227838928653770e-02,4.993203472619162087e-01,3.612814689025235088e-03,-6.619382764833728339e-02,-1.861529865407896001e-01,-1.787576129644132539e-01,-6.779815991190853153e-02,4.901647775109567173e-01,-2.231538162685724747e-01,1.094440092362008315e-01,-1.141799484612174564e-01,0.000000000000000000e+00,0.000000000000000000e+00,4.176611073866366985e-01,1.013218739852344452e+00,-3.384084759691525779e-01,-4.617256097180636454e-01,0.000000000000000000e+00,0.000000000000000000e+00,0.000000000000000000e+00,4.739243856292318369e-01,-1.006278814821512935e+00,3.441975657387445486e-01,-4.687613445518114541e-01,0.000000000000000000e+00,0.000000000000000000e+00,0.000000000000000000e+00
4.433942556908924970e-03,5.946233270956567500e-03,9.004086920998468635e-01,1.736872281882861219e-02,-2.711591717015216993e-02,5.952006059573952124e-01,8.029316864912077190e-01,-1.886361770549664085e-01,2.613947624814895176e-01,7.432386696314560726e-02,5.008109895741189588e-01,2.562849687095433357e-02,-6.736856381272560146e-02,-1.819034515417971842e-01,-1.806591874578868384e-01,-5.222394766658387116e-02,4.829408410418870035e-01,-2.196197301802189639e-01,1.137502926219596394e-01,-1.075574883164977097e-01,0.000000000000000000e+00,0.000000000000000000e+00,4.532902946963834334e-01,1.037371093831470859e+00,-3.212855041698111092e-01,-5.496881917484577329e-01,0.000000000000000000e+00,0.000000000000000000e+00,0.000000000000000000e+00,5.156244665976414954e-01,-1.032835987755077012e+00,3.208229098918373157e-01,-5.457308581331651309e-01,0.000000000000000000e+00,0.000000000000000000e+00,0.000000000000000000e+00
2.099755475027411528e-03,9.371357853275079364e-03,9.019348208578963355e-01,1.852682968853660433e-02,-2.668126231917846217e-02,5.921675176664450424e-01,8.051599206639070694e-01,-1.904735399314898547e-01,2.815848102031975886e-01,6.645595719116657862e-02,4.836381889695495206e-01,5.315421572577817139e-02,-7.877833666752714903e-02,-1.753451777059257810e-01,-1.837565362987250150e-01,-4.259496163936133534e-02,4.720748099513786822e-01,-2.090842712931142988e-01,1.175606054619154905e-01,-1.006140518666644446e-01,0.000000000000000000e+00,0.000000000000000000e+00,4.975389827788341823e-01,1.053466147515529583e+00,-2.896975197859759654e-01,-6.145868652786363739e-01,0.000000000000000000e+00,0.000000000000000000e+00,0.000000000000000000e+00,5.695266092566956262e-01,-1.046583237739501904e+00,2.880615586684002194e-01,-6.039706760508830596e-01,0.000000000000000000e+00,0.000000000000000000e+00,0.000000000000000000e+00
-5.555648967386242563e-04,1.281234178222009218e-02,9.034827986440561176e-01,1.975981829402838688e-02,-2.588400895253956113e-02,5.881633574722199276e-01,8.080862779360503678e-01,-1.891852974431234569e-01,2.956632340016259741e-01,5.232070055807074710e-02,4.610531979135424896e-01,6.817179723932934032e-02,-8.898575847766969360e-02,-1.689013241665549003e-01,-1.878663538907181518e-01,-3.237243610050408865e-02,4.595597603502468709e-01,-1.993512641745261438e-01,1.241573782364206319e-01,-9.309123040562874984e-02,0.000000000000000000e+00,0.000000000000000000e+00,5.364257611111503676e-01,1.068682695461981913e+00,-2.612003611446985785e-01,-6.690034463411071997e-01,0.000000000000000000e+00,0.000000000000000000e+00,0.000000000000000000e+00,6.142905101601466855e-01,-1.059000191759343235e+00,2.607329550103176796e-01,-6.589313172942307117e-01,0.000000000000000000e+00,0.000000000000000000e+00,0.000000000000000000e+00
-3.837453620399029243e-03,1.620344301600530959e-02,9.053593355952761490e-01,2.027177792708367149e-02,-2.691092797065443992e-02,5.858218814957044662e-01,8.097392050137294239e-01,-1.830381838191543764e-01,3.089142165066737222e-01,3.784324868820632126e-02,4.257800021258880685e-01,9.139749849130099357e-02,-1.044081417351075680e-01,-1.540405075814470504e-01,-1.896936512741207448e-01,-2.553008015252279661e-02,4.375424497778396815e-01,-1.864187957402763107e-01,1.343115290993269206e-01,-8.489217129903668668e-02,0.000000000000000000e+00,0.000000000000000000e+00,5.639101249707318964e-01,1.073760172479448327e+00,-2.372934173199089392e-01,-7.122617478046373574e-01,0.000000000000000000e+00,0.000000000000000000e+00,0.000000000000000000e+00,6.516048816631810903e-01,-1.064258833335623322e+00,2.403968721109275841e-01,-6.978084481467236033e-01,0.000000000000000000e+00,0.000000000000000000e+00,0.000000000000000000e+00
-7.603520011503567960e-03,1.931723613975389747e-02,9.059668691449127564e-01,1.988526458828179105e-02,-2.809534924611404791e-02,5.827418875760126404e-01,8.119280264083383880e-01,-1.773515989548770100e-01,3.197005015765093661e-01,2.403089678808198459e-02,4.021686154915082301e-01,1.085413517731533828e-01,-1.136422510158586752e-01,-1.433610224548478862e-01,-1.901073824602471096e-01,-1.750288896812107753e-02,4.218546257183224957e-01,-1.856421553698717475e-01,1.410974943192830622e-01,-7.966329065105065554e-02,0.000000000000000000e+00,0.000000000000000000e+00,5.859921929443597799e-01,1.090086293853199439e+00,-2.192490226833574973e-01,-7.546110389716148559e-01,0.000000000000000000e+00,0.000000000000000000e+00,0.000000000000000000e+00,6.821649946174683787e-01,-1.078813368131288808e+00,2.222983912975493026e-01,-7.386277670506874449e-01,0.000000000000000000e+00,0.000000000000000000e+00,0.000000000000000000e+00
-1.182059468488211654e-02,2.266566627698983830e-02,9.073690323996013163e-01,2.027239236738041447e-02,-2.870778523209232408e-02,5.783072185035894597e-01,8.150617487046080134e-01,-1.728921649535913319e-01,3.297209388164121791e-01,8.578665719219308317e-03,3.680431629419932404e-01,1.236703775594824584e-01,-1.280620467930792816e-01,-1.327880873519526050e-01,-1.941078035252083722e-01,-9.452813146635992425e-03,4.019721427983855011e-01,-1.710905015420705610e-01,1.530944833508717517e-01,-7.555791675950300490e-02,0.000000000000000000e+00,0.000000000000000000e+00,6.096441884222444374e-01,1.096881018732269286e+00,-2.048349919918471540e-01,-7.873934802050880366e-01,0.000000000000000000e+00,0.000000000000000000e+00,0.000000000000000000e+00,7.107646803033819127e-01,-1.082795417221451562e+00,2.029308382098143626e-01,-7.754287621486044557e-01,0.000000000000000000e+00,0.000000000000000000e+00,0.000000000000000000e+00
-1.662498313080414819e-02,2.599508814969624798e-02,9.079915187223530637e-01,2.089600223159729722e-02,-2.949342416878372383e-02,5.730983943575540529e-01,8.186890285122496724e-01,-1.650379733457142950e-01,3.374035446262470539e-01,-1.006798442959865036e-02,3.389028904321413349e-01,1.367990393466897159e-01,-1.375172190883547918e-01,-1.243412671195008590e-01,-1.986397809257512970e-01,9.417160021265441605e-04,3.862750074056265914e-01,-1.613145517212972724e-01,1.649261100321638140e-01,-7.038062271592250563e-02,0.000000000000000000e+00,0.000000000000000000e+00,6.289820645580844749e-01,1.103232642939197650e+00,-1.887815411610033745e-01,-8.150375380115726376e-01,0.000000000000000000e+00,0.000000000000000000e+00,0.000000000000000000e+00,7.330149806660980483e-01,-1.088796382683832498e+00,1.844802929432586558e-01,-8.083774801136341948e-01,0.000000000000000000e+00,0.000000000000000000e+00,0.000000000000000000e+00
-2.177240515718304598e-02,2.942094892785205099e-02,9.081972903181452228e-01,2.194708629824869764e-02,-2.994630913960692406e-02,5.675139436386539282e-01,8.225262717674343138e-01,-1.575035915627799599e-01,3.420216317179261001e-01,-2.731069563935611955e-02,3.086512676001741950e-01,1.471891703538002472e-01,-1.471720310096929496e-01,-1.199726737218923672e-01,-2.055247868976260994e-01,1.101491418107655718e-02,3.764000796809280902e-01,-1.487658125624372885e-01,1.757165601411335709e-01,-6.776916638732684295e-02,0.000000000000000000e+00,0.000000000000000000e+00,6.460743983998652462e-01,1.105509201152397925e+00,-1.724521499977302030e-01,-8.343446088262649329e-01,0.000000000000000000e+00,0.000000000000000000e+00,0.000000000000000000e+00,7.531551207546384186e-01,-1.091667053575966051e+00,1.680159835780728472e-01,-8.317341122258302688e-01,0.000000000000000000e+00,0.000000000000000000e+00,0.000000000000000000e+00
-2.734168506152557035e-02,3.278794086263472213e-02,9.069730585662238997e-01,2.240164506370870973e-02,-3.071777945742052568e-02,5.609140842763559176e-01,8.270005891074457827e-01,-1.495064501627955955e-01,3.410258431481651420e-01,-4.470218720737773044e-02,2.925263901783466958e-01,1.454390991981199255e-01,-1.515200862997831965e-01,-1.180400423046221448e-01,-2.097784653678002043e-01,2.657834415928983507e-02,3.700160379418661050e-01,-1.527712829186687327e-01,1.850803030077316225e-01,-6.780539450482805930e-02,0.000000000000000000e+00,0.000000000000000000e+00,6.554863672233920413e-01,1.110164088022739692e+00,-1.578782491078682682e-01,-8.528092555254473961e-01,0.000000000000000000e+00,0.000000000000000000e+00,0.000000000000000000e+00,7.633927686415150626e-01,-1.095893823869155792e+00,1.497883692923421273e-01,-8.556089444651701070e-01,0.000000000000000000e+00,0.000000000000000000e+00,0.000000000000000000e+00
-3.319234661748013404e-02,3.636594962627332644e-02,9.063978683268792969e-01,2.279260369047249324e-02,-3.039890236357851647e-02,5.557812771809085284e-01,8.304598580830127030e-01,-1.441763445906299179e-01,3.392329067460896352e-01,-6.111689785577648082e-02,2.761645182297539636e-01,1.400472192990047382e-01,-1.557056142240006991e-01,-1.174528084519641802e-01,-2.157486109195242974e-01,4.207595619627101796e-02,3.627689354627833263e-01,-1.493971543561151694e-01,1.945773998000883409e-01,-6.905436355360830558e-02,0.000000000000000000e+00,0.000000000000000000e+00,6.593307555803070708e-01,1.114335871227447816e+00,-1.507232809418323771e-01,-8.688455097871263799e-01,0.000000000000000000e+00,0.000000000000000000e+00,0.000000000000000000e+00,7.708036187390058247e-01,-1.092350968171341474e+00,1.403280386675280489e-01,-8.747849412098476218e-01,0.000000000000000000e+00,0.000000000000000000e+00,0.000000000000000000e+00
-3.914359658928816266e-02,3.960018065970883488e-02,9.051010384510657092e-01,2.331195080040898010e-02,-2.896911858784913599e-02,5.513337064302364920e-01,8.334557500383694695e-01,-1.433344158886034059e-01,3.322412327145593536e-01,-7.136989684565545056e-02,2.778926944046852254e-01,1.154579389414018831e-01,-1.521603189691879687e-01,-1.233995794263630652e-01,-2.235729880793178026e-01,5.738774828187234722e-02,3.653662679292115634e-01,-1.572439698457008816e-01,1.977948384918443436e-01,-7.082612901400281435e-02,0.000000000000000000e+00,0.000000000000000000e+00,6.558709171544657712e-01,1.111751681205082942e+00,-1.436107643589950578e-01,-8.690933027164176039e-01,0.000000000000000000e+00,0.000000000000000000e+00,0.000000000000000000e+00,7.703297933827104593e-01,-1.083339186987325231e+00,1.331682181683077337e-01,-8.839644530374057840e-01,0.000000000000000000e+00,0.000000000000000000e+00,0.000000000000000000e+00
-4.567034912552243864e-02,4.354765832073725224e-02,9.053875835954079410e-01,2.393627074265152962e-02,-2.920857428061114300e-02,5.459859688435962921e-01,8.369427913288630672e-01,-1.327311948098238992e-01,3.245934145520222858e-01,-8.758789198796172737e-02,2.579310920688142050e-01,1.090383363648161630e-01,-1.561308074402469048e-01,-1.161152887570430781e-01,-2.302709270521313412e-01,7.336268472226414872e-02,3.440967621838177948e-01,-1.403022606395099847e-01,2.139658960263836340e-01,-7.209703927189704820e-02,0.000000000000000000e+00,0.000000000000000000e+00,6.503106947151338080e-01,1.109414690030850581e+00,-1.484293304149578163e-01,-8.643350484764632524e-01,0.000000000000000000e+00,0.000000000000000000e+00,0.000000000000000000e+00,7.604471303183680808e-01,-1.079832108676468394e+00,1.395285595208551055e-01,-8.843736460629001428e-01,0.000000000000000000e+00,0.000000000000000000e+00,0.000000000000000000e+00
-5.217348021301708438e-02,4.741668221989914916e-02,9.049117997119863199e-01,2.449272290817377379e-02,-2.813075929130098157e-02,5.412090802330694617e-01,8.400604135295950403e-01,-1.262126159394947045e-01,3.175529188362812838e-01,-8.846861773429021136e-02,2.474297693640676588e-01,8.923947730311307391e-02,-1.530532579069047716e-01,-1.113897556570487002e-01,-2.391656966175508825e-01,8.793803259579913156e-02,3.248323580122442489e-01,-1.371340673634970087e-01,2.242993726683302491e-01,-7.705974110139224287e-02,0.000000000000000000e+00,0.000000000000000000e+00,6.420712009279551102e-01,1.108815624912456554e+00,-1.543842016084241153e-01,-8.565915522917214586e-01,0.000000000000000000e+00,0.000000000000000000e+00,0.000000000000000000e+00,7.426532207869013247e-01,-1.069547008992217663e+00,1.425742379220695244e-01,-8.858277546313787498e-01,0.000000000000000000e+00,0.000000000000000000e+00,0.000000000000000000e+00
-5.874859245920725781e-02,5.171927510358943075e-02,9.051059721125678248e-01,2.548825184527916954e-02,-2.728268471701939327e-02,5.351258565937023759e-01,8.439468713949712653e-01,-1.161060054083082604e-01,3.088838815783679359e-01,-9.149922546991386130e-02,2.291939058241398708e-01,8.112837664399459581e-02,-1.578197673380241639e-01,-1.061426539106228029e-01,-2.498488575091291353e-01,1.009318265298717043e-01,3.026371346644872173e-01,-1.191500234415223264e-01,2.416557704185163247e-01,-7.799635977366699280e-02,0.000000000000000000e+00,0.000000000000000000e+00,6.329011739063460373e-01,1.107811668635526381e+00,-1.612287962462911339e-01,-8.417915877275865544e-01,0.000000000000000000e+00,0.000000000000000000e+00,0.000000000000000000e+00,7.241936971724084460e-01,-1.066776217247446201e+00,1.555816433161064938e-01,-8.807306567776480577e-01,0.000000000000000000e+00,0.000000000000000000e+00,0.000000000000000000e+00
-6.521621232368320087e-02,5.589824747815519412e-02,9.055981626992323230e-01,2.674617094992853827e-02,-2.595756036598916017e-02,5.301921838220998717e-01,8.470579057026244030e-01,-1.098055780863153030e-01,2.972380150411405575e-01,-8.187697902938775862e-02,2.259447225452266839e-01,6.008023138770206967e-02,-1.485848003307780607e-01,-9.974362299285402522e-02,-2.625477762152625405e-01,1.099254926854614650e-01,2.789453442665736915e-01,-1.045777652081064935e-01,2.542056172330690034e-01,-8.255240396090282595e-02,0.000000000000000000e+00,0.000000000000000000e+00,6.162323599685123332e-01,1.110541490739159087e+00,-1.742183140319489287e-01,-8.361398620399875803e-01,0.000000000000000000e+00,0.000000000000000000e+00,0.000000000000000000e+00,7.028943998955712313e-01,-1.070677913097416889e+00,1.746055183804096911e-01,-8.779764917239277766e-01,0.000000000000000000e+00,0.000000000000000000e+00,0.000000000000000000e+00
-7.159338569628807825e-02,6.022135470806926072e-02,9.062645707309212595e-01,2.906238573197973338e-02,-2.363610539322662935e-02,5.270460410567764376e-01,8.490107083328131132e-01,-1.058046581974157463e-01,2.805958413013228681e-01,-6.919276474245986130e-02,2.282950010961823373e-01,3.186362274561501534e-02,-1.337780934012997858e-01,-9.463857841615411215e-02,-2.792314700363746072e-01,1.163264559208109783e-01,2.594015836184960788e-01,-9.042189454871039922e-02,2.614407246876007118e-01,-8.795948267315238656e-02,0.000000000000000000e+00,0.000000000000000000e+00,6.033179196971445446e-01,1.113979553708125847e+00,-1.879517980258090248e-01,-8.247746647079553517e-01,0.000000000000000000e+00,0.000000000000000000e+00,0.000000000000000000e+00,6.850540192152143604e-01,-1.071984963953345638e+00,1.911753535910712398e-01,-8.736559503771278434e-01,0.000000000000000000e+00,0.000000000000000000e+00,0.000000000000000000e+00
-7.703180911627038885e-02,6.459339471162826862e-02,9.067927135967659424e-01,2.987955056600819989e-02,-2.293888967107877291e-02,5.240534393301077287e-01,8.508519333732026402e-01,-9.710562082723793453e-02,2.713612056845564058e-01,-5.238932972019899603e-02,2.233047032681227673e-01,7.070162916043561813e-03,-1.201678468379030335e-01,-8.647431217322490427e-02,-2.884652999360972081e-01,1.187396288829076496e-01,2.395231979958844515e-01,-7.577732715992152590e-02,2.617999550905859008e-01,-9.352168009026703976e-02,0.000000000000000000e+00,0.000000000000000000e+00,5.969703729766455691e-01,1.113915515957949687e+00,-1.970071939977111053e-01,-8.167471531038948962e-01,0.000000000000000000e+00,0.000000000000000000e+00,0.000000000000000000e+00,6.742486139188823557e-01,-1.069342129196943603e+00,2.014390012885765024e-01,-8.701406351278002660e-01,0.000000000000000000e+00,0.000000000000000000e+00,0.000000000000000000e+00
-8.324736677554281372e-02,6.907538531183909924e-02,9.068946618929778491e-01,3.090497672533671497e-02,-2.008170240481403288e-02,5.208777539239604071e-01,8.528352555501336196e-01,-1.012408602544500602e-01,2.605357563420466205e-01,-2.762872423761035534e-02,2.373294074177682567e-01,-2.267389790046549919e-02,-1.075719562385334394e-01,-8.887606769554780295e-02,-3.036220486658147699e-01,1.172193466323364908e-01,2.307507671802674631e-01,-6.360604056747037882e-02,2.617999999997193128e-01,-9.970303328772592288e-02,0.000000000000000000e+00,0.000000000000000000e+00,5.843456138007713241e-01,1.124098904499694296e+00,-2.052815742382168296e-01,-8.121228221287570825e-01,0.000000000000000000e+00,0.000000000000000000e+00,0.000000000000000000e+00,6.577019751148521776e-01,-1.072638935514788283e+00,2.126548674850521070e-01,-8.689755274812712704e-01,0.000000000000000000e+00,0.000000000000000000e+00,0.000000000000000000e+00
-8.933713156382279419e-02,7.350661947419098730e-02,9.062989266054717330e-01,3.160569883429430182e-02,-1.911802258904362131e-02,5.194438789617458196e-01,8.537058261618322152e-01,-9.826392583236495670e-02,2.548581068461975851e-01,7.782806159831748283e-03,2.411817505686948415e-01,-5.994881235382274604e-02,-8.435204394266551664e-02,-8.488557076784655764e-02,-3.158759022334574063e-01,1.139951572538579483e-01,2.191348205708979757e-01,-5.410587819432556567e-02,2.617999999999999217e-01,-1.075524465924164730e-01,0.000000000000000000e+00,0.000000000000000000e+00,5.836589247777478340e-01,1.124435890796835258e+00,-2.089678897874836794e-01,-8.043891487879869517e-01,0.000000000000000000e+00,0.000000000000000000e+00,0.000000000000000000e+00,6.518813139966961323e-01,-1.065813848334904890e+00,2.123240436826796251e-01,-8.635366594558755438e-01,0.000000000000000000e+00,0.000000000000000000e+00,0.000000000000000000e+00
-9.636145626541828269e-02,7.813697065144795117e-02,9.059504340970019332e-01,3.307051293776681888e-02,-1.633134543321492979e-02,5.177731105810283729e-01,8.547225481345512854e-01,-1.039551812568163813e-01,2.429623018612590835e-01,3.600077039787003691e-02,2.551917432804746144e-01,-9.342146324808185687e-02,-5.878009529048219828e-02,-9.143530028364790785e-02,-3.330386740322381911e-01,1.133572368014190979e-01,2.199276874634920609e-01,-3.712607303229883277e-02,2.617999999999999772e-01,-1.138669932796459727e-01,0.000000000000000000e+00,0.000000000000000000e+00,5.743955839985956935e-01,1.128943623397943075e+00,-2.153394737186021812e-01,-8.018134201955608997e-01,0.000000000000000000e+00,0.000000000000000000e+00,0.000000000000000000e+00,6.390254092819236398e-01,-1.062905483681235497e+00,2.191045699351373277e-01,-8.629652826840193969e-01,0.000000000000000000e+00,0.000000000000000000e+00,0.000000000000000000e+00
-1.041626901296384827e-01,8.283433887403113260e-02,9.057212253341090369e-01,3.506811455139499656e-02,-1.227644933427219850e-02,5.150514793120589685e-01,8.563536009102858948e-01,-1.088649669127773612e-01,2.277777861431627970e-01,6.297006287205708652e-02,2.687817323115344603e-01,-1.275595309432696889e-01,-4.387342986241257042e-02,-9.761250083359998553e-02,-3.566299457866367595e-01,1.049522944772863786e-01,2.155191969937401419e-01,-2.866140601646110023e-02,2.617999999999999772e-01,-1.157712973615706298e-01,0.000000000000000000e+00,0.000000000000000000e+00,5.642438266194078622e-01,1.136023386973537885e+00,-2.280395534011294967e-01,-8.042490540773059582e-01,0.000000000000000000e+00,0.000000000000000000e+00,0.000000000000000000e+00,6.266556128682112536e-01,-1.067278676180511976e+00,2.335338635166330779e-01,-8.659285690816485026e-01,0.000000000000000000e+00,0.000000000000000000e+00,0.000000000000000000e+00
-1.118511500879621756e-01,8.716062550881840953e-02,9.060088649693777141e-01,3.639942627652738988e-02,-9.906230416565967728e-03,5.120971619196015290e-01,8.580987385607575790e-01,-1.092546123178246148e-01,2.159457687637884038e-01,8.788636354961862351e-02,2.754231134814655868e-01,-1.543280495117745899e-01,-2.851705526990908762e-02,-1.025477779209111318e-01,-3.763306967525473223e-01,9.329029331652083368e-02,2.134896359999673421e-01,-1.056465638906000336e-02,2.617999999999999772e-01,-1.199690308496980801e-01,0.000000000000000000e+00,0.000000000000000000e+00,5.512332125120272819e-01,1.138926901152483406e+00,-2.426709129425536626e-01,-8.034824729472807014e-01,0.000000000000000000e+00,0.000000000000000000e+00,0.000000000000000000e+00,6.128727606067987388e-01,-1.066184820830970104e+00,2.489467704293344408e-01,-8.658959756325864676e-01,0.000000000000000000e+00,0.000000000000000000e+00,0.000000000000000000e+00
-1.201654902971384387e-01,9.137639531228212986e-02,9.067264596699666779e-01,3.811287935472211508e-02,-8.133175044736601009e-03,5.068229328579928472e-01,8.611688421094942925e-01,-1.057286521469733981e-01,2.044545238387360242e-01,1.159239239582417480e-01,2.780017587017685754e-01,-1.698255081484899565e-01,-1.409345653974384757e-02,-1.062328077771308860e-01,-3.986450782686769001e-01,7.633178765695584900e-02,2.086457425861264758e-01,9.135372543646677265e-03,2.617999999999999772e-01,-1.202673479077882024e-01,0.000000000000000000e+00,0.000000000000000000e+00,5.381437951567280553e-01,1.141191822356618202e+00,-2.569792791258500020e-01,-7.998446517036734704e-01,0.000000000000000000e+00,0.000000000000000000e+00,0.000000000000000000e+00,5.962389389888798075e-01,-1.066875509308946146e+00,2.650761275608763956e-01,-8.629061558187437475e-01,0.000000000000000000e+00,0.000000000000000000e+00,0.000000000000000000e+00
-1.292804399543976968e-01,9.572160275027134790e-02,9.072892759194773893e-01,4.034419550030633045e-02,-5.227994580108716836e-03,5.017090898511769037e-01,8.640792805771976282e-01,-1.029126119973230030e-01,1.901574822100688122e-01,1.458302634373023765e-01,2.777398098638682034e-01,-1.838265691083707798e-01,-4.431133817042324716e-03,-1.116892365006678378e-01,-4.296368631672805027e-01,4.557024920037007487e-02,2.077755071607520210e-01,2.810000549218325677e-02,2.617999999999999772e-01,-1.199115500466464979e-01,0.000000000000000000e+00,0.000000000000000000e+00,5.243282483506138680e-01,1.142236414713279080e+00,-2.685910899432487065e-01,-7.947471885895812660e-01,0.000000000000000000e+00,0.000000000000000000e+00,0.000000000000000000e+00,5.804562204617873533e-01,-1.064053250438195208e+00,2.758610020826713360e-01,-8.622107684631934443e-01,0.000000000000000000e+00,0.000000000000000000e+00,0.000000000000000000e+00
-1.374184630056430600e-01,9.948059438366273211e-02,9.082676715655072508e-01,4.224628055167346796e-02,-4.279135770057927030e-03,4.931529131363759366e-01,8.689057170037016720e-01,-9.007996435277390579e-02,1.818502754649475306e-01,1.824899845095825923e-01,2.678897308389543985e-01,-1.911130562238128605e-01,-5.301928036866745790e-04,-1.089338136428929654e-01,-4.577143836069700322e-01,-1.916286687380169829e-03,2.004467697242472424e-01,4.626154341334073189e-02,2.576672944277019761e-01,-1.129851170369913088e-01,0.000000000000000000e+00,0.000000000000000000e+00,5.148711130610638120e-01,1.142737029986558683e+00,-2.747419778031333082e-01,-7.935900916930962445e-01,0.000000000000000000e+00,0.000000000000000000e+00,0.000000000000000000e+00,5.718901161509244435e-01,-1.066996677156848428e+00,2.877663807087649239e-01,-8.580515846607512653e-01,0.000000000000000000e+00,0.000000000000000000e+00,0.000000000000000000e+00
-1.444943595735725672e-01,1.022136159436176223e-01,9.099454018263655186e-01,4.074615255911035600e-02,-1.752166786030166833e-03,4.853952495633561126e-01,8.733430784431230887e-01,-8.756505736437551757e-02,1.773439215201734198e-01,2.083632690776570928e-01,2.595703938939074029e-01,-1.915344648799669480e-01,3.884078351103018197e-03,-1.125893734226023901e-01,-4.729512083117768939e-01,-4.847862644999429566e-02,2.030059454118209594e-01,6.462327256345819226e-02,2.357924564708326343e-01,-1.088979597201878702e-01,0.000000000000000000e+00,0.000000000000000000e+00,4.979984895768385100e-01,1.149695013094761853e+00,-2.842956026631928701e-01,-7.956345188201683349e-01,0.000000000000000000e+00,0.000000000000000000e+00,0.000000000000000000e+00,5.549073822402539324e-01,-1.074434240617782033e+00,2.999249238819456376e-01,-8.599396887388204291e-01,0.000000000000000000e+00,0.000000000000000000e+00,0.000000000000000000e+00
-1.504992128055160916e-01,1.046220184027136513e-01,9.115755613474265662e-01,3.868054440019418755e-02,3.146624234169918474e-05,4.772108007545310948e-01,8.779371652561474004e-01,-8.068348876777371725e-02,1.755024766051349328e-01,2.327869342973486744e-01,2.444334380866727552e-01,-1.884509651113026873e-01,1.691910034047759215e-03,-1.075535910435397313e-01,-4.820904292839917615e-01,-8.796211727718299123e-02,1.922106429037667430e-01,8.578258833883965762e-02,2.345241597660239208e-01,-1.043401436660224280e-01,0.000000000000000000e+00,0.000000000000000000e+00,4.916644394531248241e-01,1.147824956228155280e+00,-2.873314616368801144e-01,-7.880458082237775663e-01,0.000000000000000000e+00,0.000000000000000000e+00,0.000000000000000000e+00,5.467706554836787580e-01,-1.076396261456310732e+00,3.032725061892432294e-01,-8.548701467055537240e-01,0.000000000000000000e+00,0.000000000000000000e+00,0.000000000000000000e+00
-1.558229913461857408e-01,1.066382611437484002e-01,9.133052945205666351e-01,3.700181939342066240e-02,-1.926797267233970254e-05,4.713090419428834776e-01,8.811916091141606122e-01,-7.268359853800854253e-02,1.746917727296776190e-01,2.536568965981049750e-01,2.311558303527577463e-01,-1.821788885354248544e-01,5.205873791092485540e-03,-1.019372064854929677e-01,-4.827663148645305879e-01,-1.128306543142973684e-01,1.846776693966026561e-01,1.012964861289217811e-01,2.282673662502600898e-01,-1.043342679209292440e-01,0.000000000000000000e+00,0.000000000000000000e+00,4.847464586422781663e-01,1.149890862337515252e+00,-2.942657930758023066e-01,-7.882983212882992419e-01,0.000000000000000000e+00,0.000000000000000000e+00,0.000000000000000000e+00,5.400585185282974487e-01,-1.081535686236168248e+00,3.078683473559996608e-01,-8.572496264286343370e-01,0.000000000000000000e+00,0.000000000000000000e+00,0.000000000000000000e+00
-1.604177674306717372e-01,1.083548020434679238e-01,9.143924783677742640e-01,3.577697479757235149e-02,1.168026515199534253e-03,4.642590643421369845e-01,8.849757990841090605e-01,-6.701440133401559418e-02,1.715255944923188836e-01,2.696457788791003507e-01,2.196573947630683921e-01,-1.795183165668120528e-01,9.333087149960860029e-03,-9.692098647357656749e-02,-4.802643270118798213e-01,-1.393078672827238185e-01,1.808891521802543367e-01,1.019928603603034167e-01,2.253063769300815422e-01,-1.008670452523221517e-01,0.000000000000000000e+00,0.000000000000000000e+00,4.775480214425021908e-01,1.151882509532623278e+00,-2.985613739926633037e-01,-7.911073865172157937e-01,0.000000000000000000e+00,0.000000000000000000e+00,0.000000000000000000e+00,5.369967920091739400e-01,-1.087818458131135868e+00,3.124700651231152593e-01,-8.606971170328883147e-01,0.000000000000000000e+00,0.000000000000000000e+00,0.000000000000000000e+00
-1.643653847230078513e-01,1.094414377387195880e-01,9.146240465353686622e-01,3.605856149421732965e-02,1.992609746791407579e-03,4.570063145691541928e-01,8.887300141737559667e-01,-6.040044375245929437e-02,1.690556692450224663e-01,2.921778443034765971e-01,2.122856466668166242e-01,-1.816552707980999271e-01,8.577059951155619269e-03,-9.110299941903793330e-02,-4.784179352593581069e-01,-1.680700511582490786e-01,1.801367461243723045e-01,1.006514450589404697e-01,2.239261998139024934e-01,-9.742401090583915901e-02,0.000000000000000000e+00,0.000000000000000000e+00,4.702112642484424510e-01,1.153002465160856804e+00,-3.026677274321499800e-01,-7.922777764500421593e-01,0.000000000000000000e+00,0.000000000000000000e+00,0.000000000000000000e+00,5.330511528944276156e-01,-1.095611508454615191e+00,3.154771019779062935e-01,-8.597556856433917760e-01,0.000000000000000000e+00,0.000000000000000000e+00,0.000000000000000000e+00
-1.677705396702064422e-01,1.103242919066660249e-01,9.152910925104298379e-01,3.518775563115324190e-02,2.075320352774087575e-03,4.505243501328236033e-01,8.920680046030533550e-01,-5.357628304220307669e-02,1.689407840132565175e-01,3.092523064882538586e-01,2.035202189144104667e-01,-1.827010772562193130e-01,6.373855551254951728e-03,-8.389220335493516312e-02,-4.730035269897682748e-01,-1.897211132940420653e-01,1.776611889557107582e-01,9.521591849945797159e-02,2.250882704199805018e-01,-9.462952576200669985e-02,0.000000000000000000e+00,0.000000000000000000e+00,4.607087805501491884e-01,1.150827420689479519e+00,-3.089277603302954534e-01,-7.926019366175752756e-01,0.000000000000000000e+00,0.000000000000000000e+00,0.000000000000000000e+00,5.275280484185621566e-01,-1.096856273972581564e+00,3.191116112198402743e-01,-8.575717059297727207e-01,0.000000000000000000e+00,0.000000000000000000e+00,0.000000000000000000e+00
-1.706289721910658475e-01,1.107083590616364105e-01,9.159027722598839238e-01,3.371945835132155594e-02,1.503483653919772617e-03,4.461771596063673906e-01,8.943079334943814240e-01,-4.900557325363963379e-02,1.706616773869676362e-01,3.210646858317061092e-01,1.967050583168447886e-01,-1.828757919409824961e-01,7.323636965770185733e-03,-7.787033584438410316e-02,-4.651414152494152132e-01,-2.032360535633514487e-01,1.750637022563180101e-01,9.165101633928808555e-02,2.245061050687488235e-01,-9.130803991754628257e-02,0.000000000000000000e+00,0.000000000000000000e+00,4.500688355525097606e-01,1.145924323828666935e+00,-3.161371270136971723e-01,-7.911549710431023952e-01,0.000000000000000000e+00,0.000000000000000000e+00,0.000000000000000000e+00,5.215236457043957996e-01,-1.098455743931251893e+00,3.234857841229496489e-01,-8.550291880524468757e-01,0.000000000000000000e+00,0.000000000000000000e+00,0.000000000000000000e+00
-1.731361645433898422e-01,1.107544073953561914e-01,9.166900219287572593e-01,3.220951183641878462e-02,6.810533800844162378e-04,4.403705263500768408e-01,8.972379188574846065e-01,-4.467996477575855718e-02,1.740084373714622101e-01,3.327762519363456351e-01,1.921025611369435171e-01,-1.777259269339697689e-01,6.396937542500721538e-03,-7.130553306730452734e-02,-4.548678261108264342e-01,-2.137024218184369606e-01,1.677839196011798040e-01,8.606881859826133463e-02,2.251912566007169547e-01,-8.683444768339000641e-02,0.000000000000000000e+00,0.000000000000000000e+00,4.381884293429488264e-01,1.141202637348082138e+00,-3.255302162841943181e-01,-7.894817892644978574e-01,0.000000000000000000e+00,0.000000000000000000e+00,0.000000000000000000e+00,5.150412485879947155e-01,-1.104267689079887926e+00,3.310262454203941607e-01,-8.535567071060459199e-01,0.000000000000000000e+00,0.000000000000000000e+00,0.000000000000000000e+00
-1.754938976157070507e-01,1.102226291370031752e-01,9.167184063804180161e-01,3.182625003506367456e-02,-8.004863356947773071e-04,4.344505435503452362e-01,9.001328647700529428e-01,-4.008238567083216575e-02,1.760629930263301057e-01,3.407342023430890432e-01,1.903577695965391059e-01,-1.774071581765919170e-01,6.430049210055474931e-03,-6.377887906482175573e-02,-4.449676158446607688e-01,-2.265698581711173831e-01,1.641334019410526923e-01,7.924563863869656111e-02,2.243542864894004230e-01,-7.979318626851043816e-02,0.000000000000000000e+00,0.000000000000000000e+00,4.227962220751109168e-01,1.140584138900179179e+00,-3.313851065083998071e-01,-7.899944128097426965e-01,0.000000000000000000e+00,0.000000000000000000e+00,0.000000000000000000e+00,5.099909415544687796e-01,-1.113784182733732919e+00,3.392199856287417825e-01,-8.498045011802906057e-01,0.000000000000000000e+00,0.000000000000000000e+00,0.000000000000000000e+00
-1.774390815497851603e-01,1.095719595218029446e-01,9.172696015944532544e-01,3.022379451117761587e-02,-1.115628649549146693e-03,4.308382055428698898e-01,9.019222351526007264e-01,-3.876364672042972859e-02,1.806864020502307877e-01,3.524236450570300550e-01,1.871030032748412231e-01,-1.724812068790296249e-01,5.934237618282335678e-04,-5.892785443369272930e-02,-4.366102610309330889e-01,-2.411532978338997713e-01,1.585712622915566583e-01,7.687525323039152980e-02,2.260753118586199262e-01,-7.609895074865849485e-02,0.000000000000000000e+00,0.000000000000000000e+00,4.143750003151399630e-01,1.136360493220705203e+00,-3.380185431308458943e-01,-7.836471613489607302e-01,0.000000000000000000e+00,0.000000000000000000e+00,0.000000000000000000e+00,5.095817515689370358e-01,-1.119078498327923388e+00,3.424326456266752472e-01,-8.412639580989270671e-01,0.000000000000000000e+00,0.000000000000000000e+00,0.000000000000000000e+00
-1.791652390252508609e-01,1.087840909198468792e-01,9.179601635087755174e-01,2.862377087864205125e-02,-2.521381346093203631e-03,4.266182209648947676e-01,9.039752297035266171e-01,-3.393007412033571119e-02,1.851776850198877944e-01,3.595236083354221845e-01,1.801586535922419519e-01,-1.646565575974023865e-01,-5.052651398608637434e-03,-5.153298239827894256e-02,-4.270603425077450499e-01,-2.476352877426500343e-01,1.462328047020341470e-01,7.506330613521135231e-02,2.330836015120107130e-01,-7.051961045792908001e-02,0.000000000000000000e+00,0.000000000000000000e+00,4.060737110462526722e-01,1.127875698267253535e+00,-3.392962044710547409e-01,-7.766379941780884311e-01,0.000000000000000000e+00,0.000000000000000000e+00,0.000000000000000000e+00,5.094365230195685434e-01,-1.124881599873152505e+00,3.415072931938437639e-01,-8.330824978645836598e-01,0.000000000000000000e+00,0.000000000000000000e+00,0.000000000000000000e+00
-1.807286293254389553e-01,1.079013356666851525e-01,9.185573457990722224e-01,2.685790646171328649e-02,-3.448172023247074620e-03,4.226341178044641378e-01,9.058957806711740446e-01,-2.839589978654164654e-02,1.874351863066573975e-01,3.618736808490894408e-01,1.688346147926257368e-01,-1.624056579922983357e-01,-7.226443322600589400e-03,-4.809045274858902291e-02,-4.177022897730123807e-01,-2.480051920343942506e-01,1.372955123795519816e-01,6.894836461251660498e-02,2.309922500840470572e-01,-6.486269118984216986e-02,0.000000000000000000e+00,0.000000000000000000e+00,3.991871599630667511e-01,1.122752653711702298e+00,-3.427844006108263786e-01,-7.725710012523686609e-01,0.000000000000000000e+00,0.000000000000000000e+00,0.000000000000000000e+00,5.112379675710865268e-01,-1.131316958047718924e+00,3.454516171198495633e-01,-8.274381683629147277e-01,0.000000000000000000e+00,0.000000000000000000e+00,0.000000000000000000e+00
-1.819805332343658044e-01,1.069398948084803458e-01,9.191833108795938179e-01,2.555891392392816569e-02,-5.180781568898972823e-03,4.192677694489954643e-01,9.074879827979156488e-01,-2.353661049310378645e-02,1.921959655569507874e-01,3.684611069560265184e-01,1.631587531001726932e-01,-1.536550772376080176e-01,-1.074672685679579735e-02,-4.412647784220446318e-02,-4.108642714028226672e-01,-2.520024157725400671e-01,1.302278173245677573e-01,6.915299047855591463e-02,2.333127820107369077e-01,-6.260260980819663812e-02,0.000000000000000000e+00,0.000000000000000000e+00,3.942467993128861425e-01,1.119605818015870780e+00,-3.446006076546225816e-01,-7.684522094588747132e-01,0.000000000000000000e+00,0.000000000000000000e+00,0.000000000000000000e+00,5.126471034316303355e-01,-1.134378663052998615e+00,3.437284703528296070e-01,-8.204302629515788370e-01,0.000000000000000000e+00,0.000000000000000000e+00,0.000000000000000000e+00
-1.829235415652962216e-01,1.060122934719477938e-01,9.196950107854686696e-01,2.447035746598071049e-02,-6.370530191783910050e-03,4.162035325912137318e-01,9.089198190209950567e-01,-1.879432030058926506e-02,1.950605944325810026e-01,3.721038978057725766e-01,1.557540692266806415e-01,-1.476005856312625208e-01,-1.168550503684088505e-02,-4.062969779873881054e-02,-4.037640117384045935e-01,-2.498545358993521370e-01,1.209813356142573765e-01,6.843102345552744270e-02,2.339796957266351007e-01,-5.910020486825128677e-02,0.000000000000000000e+00,0.000000000000000000e+00,3.921424781416513738e-01,1.117239947209424766e+00,-3.472153233733854538e-01,-7.649211881552051562e-01,0.000000000000000000e+00,0.000000000000000000e+00,0.000000000000000000e+00,5.134217817659328942e-01,-1.138097388341461125e+00,3.430237978161758683e-01,-8.176828376700865375e-01,0.000000000000000000e+00,0.000000000000000000e+00,0.000000000000000000e+00
-1.836633778993841670e-01,1.050682002913099072e-01,9.202070860117007589e-01,2.363627111816658105e-02,-8.042348422587011769e-03,4.135642600108340727e-01,9.101325453807102006e-01,-1.377693352203487702e-02,1.993552073636837563e-01,3.800171137252630893e-01,1.512879008826364391e-01,-1.416235431490687202e-01,-1.165623333067293543e-02,-3.734257316116997016e-02,-3.980721650579089332e-01,-2.503738197804329380e-01,1.149050434407010990e-01,6.907541848858432532e-02,2.337837703701070580e-01,-5.571204284681763319e-02,0.000000000000000000e+00,0.000000000000000000e+00,3.898058428279392307e-01,1.118549199995896526e+00,-3.504234536027198699e-01,-7.630312564061081382e-01,0.000000000000000000e+00,0.000000000000000000e+00,0.000000000000000000e+00,5.129753567483207322e-01,-1.145160104084782526e+00,3.435633347117148517e-01,-8.169734264723884642e-01,0.000000000000000000e+00,0.000000000000000000e+00,0.000000000000000000e+00
-1.840673159481291399e-01,1.043099286043333712e-01,9.204193683749817279e-01,2.319962290455974963e-02,-9.130912676849295070e-03,4.113416852412663527e-01,9.111401768738166540e-01,-8.399577525474427944e-03,2.008343979379973443e-01,3.826252540133884272e-01,1.440777276816022356e-01,-1.389497542577550482e-01,-1.401439738323956470e-02,-3.506282845402360071e-02,-3.937947843457885178e-01,-2.496999745898782486e-01,1.101457780605095277e-01,6.595077830657010420e-02,2.300675202660407981e-01,-5.450191008515954671e-02,0.000000000000000000e+00,0.000000000000000000e+00,3.884764339640639497e-01,1.118564735992934933e+00,-3.525537564565738302e-01,-7.629704702052761967e-01,0.000000000000000000e+00,0.000000000000000000e+00,0.000000000000000000e+00,5.116949569874569281e-01,-1.147053993577123121e+00,3.439861252187901286e-01,-8.177724314574369435e-01,0.000000000000000000e+00,0.000000000000000000e+00,0.000000000000000000e+00
-1.842232300665569977e-01,1.037020010695268585e-01,9.206458277826894410e-01,2.257784281186911088e-02,-1.026544406876060515e-02,4.088697343831549924e-01,9.122556670021199077e-01,-4.903638862782421989e-03,2.036016835891466537e-01,3.848550829077097002e-01,1.414125348501044654e-01,-1.356913264660695173e-01,-1.291088102174594784e-02,-3.281593326767809349e-02,-3.889264144976913307e-01,-2.475503013236353689e-01,1.048930525541904302e-01,6.496181173999647507e-02,2.300479307728936496e-01,-5.269031226086797609e-02,0.000000000000000000e+00,0.000000000000000000e+00,3.874388145937989747e-01,1.121640102662527561e+00,-3.568440529212408840e-01,-7.637235447021498702e-01,0.000000000000000000e+00,0.000000000000000000e+00,0.000000000000000000e+00,5.081656547255997136e-01,-1.154665285340499503e+00,3.466231782930064287e-01,-8.196191257185685419e-01,0.000000000000000000e+00,0.000000000000000000e+00,0.000000000000000000e+00
-1.841807188682868524e-01,1.032819016518022603e-01,9.208181702239003341e-01,2.175445543105372637e-02,-1.141582984768876874e-02,4.071937480549872590e-01,9.130113219685280779e-01,-1.766002637896621832e-03,2.081632473954198315e-01,3.913569085163514649e-01,1.404287294258549923e-01,-1.331327252346112822e-01,-1.584841206288701079e-02,-3.053868292907130355e-02,-3.849696040381109241e-01,-2.499950753128786229e-01,1.014579302908689695e-01,6.486003282534860692e-02,2.294268613624244058e-01,-5.178630457076456584e-02,0.000000000000000000e+00,0.000000000000000000e+00,3.868874894798460806e-01,1.120183183363381074e+00,-3.585170068198444415e-01,-7.638972858683956701e-01,0.000000000000000000e+00,0.000000000000000000e+00,0.000000000000000000e+00,5.072333049926172066e-01,-1.157734473109655271e+00,3.480217172618456090e-01,-8.177839707313283579e-01,0.000000000000000000e+00,0.000000000000000000e+00,0.000000000000000000e+00
-1.838724644953718956e-01,1.030523423216309492e-01,9.209317282520068648e-01,2.119758791313975516e-02,-1.222027677413171573e-02,4.055391031057566931e-01,9.137501644073217077e-01,1.738184420184982551e-03,2.105033105942198668e-01,3.936845529575384584e-01,1.379195963494821986e-01,-1.330567349809343713e-01,-1.631556799340646083e-02,-2.837666652381293925e-02,-3.813271067605717435e-01,-2.492610369428140404e-01,9.763512268455426524e-02,6.351324071820291239e-02,2.299293988499991337e-01,-4.971070061726095418e-02,0.000000000000000000e+00,0.000000000000000000e+00,3.865628571877852138e-01,1.118667718433570268e+00,-3.597686658224727441e-01,-7.633183373242853342e-01,0.000000000000000000e+00,0.000000000000000000e+00,0.000000000000000000e+00,5.053563661974463939e-01,-1.159411350323356960e+00,3.505283771908567214e-01,-8.170088870677256754e-01,0.000000000000000000e+00,0.000000000000000000e+00,0.000000000000000000e+00
-1.835369113232631633e-01,1.028834590221393980e-01,9.210492637636215063e-01,2.062763805755706698e-02,-1.382835252270077711e-02,4.042226359886825771e-01,9.143234317073121176e-01,4.082217335642013278e-03,2.146743266331824496e-01,3.951857058034771164e-01,1.406502522425981117e-01,-1.321642413994310039e-01,-1.544968778192125705e-02,-2.527330034825867044e-02,-3.769893044606549282e-01,-2.477605128264226964e-01,9.570614805935634406e-02,6.143369674594907626e-02,2.268519265712691246e-01,-4.812463791413960912e-02,0.000000000000000000e+00,0.000000000000000000e+00,3.865521359122179867e-01,1.116780313676383862e+00,-3.618469536669701170e-01,-7.632164775262738621e-01,0.000000000000000000e+00,0.000000000000000000e+00,0.000000000000000000e+00,5.046912897273811982e-01,-1.161408123837332829e+00,3.526211212374247284e-01,-8.146446485922910208e-01,0.000000000000000000e+00,0.000000000000000000e+00,0.000000000000000000e+00
-1.829609261526743691e-01,1.029199077693999653e-01,9.212432860133380474e-01,1.993661652845654317e-02,-1.401234792117768760e-02,4.029552433714641002e-01,9.148952165502768352e-01,6.527782131514652669e-03,2.167938298214724668e-01,3.975051977261123137e-01,1.380736001577052008e-01,-1.313409399386832876e-01,-1.839062260895407003e-02,-2.401242559365369955e-02,-3.738034007101768141e-01,-2.475499891244909434e-01,9.253714920171714209e-02,6.065206381619664411e-02,2.268695124649448835e-01,-4.730377363567008636e-02,0.000000000000000000e+00,0.000000000000000000e+00,3.883540819675881939e-01,1.117000476607233672e+00,-3.625521675011149636e-01,-7.608901231790503594e-01,0.000000000000000000e+00,0.000000000000000000e+00,0.000000000000000000e+00,5.033704235819188577e-01,-1.163012180605404788e+00,3.545481121070155339e-01,-8.145282522613436216e-01,0.000000000000000000e+00,0.000000000000000000e+00,0.000000000000000000e+00
-1.824052095748596169e-01,1.029537181454411726e-01,9.214194386168935713e-01,1.927142097614562011e-02,-1.451682445480468112e-02,4.016592268725231452e-01,9.154713210196571138e-01,8.078660733955019685e-03,2.200693434625508593e-01,4.009194897727713647e-01,1.388332163295754595e-01,-1.296314788551147512e-01,-1.889392726173177647e-02,-2.193735409869974895e-02,-3.704795291014322811e-01,-2.476801131386276444e-01,8.895778184063123095e-02,6.039143953589369562e-02,2.274783569613588741e-01,-4.713649281873782959e-02,0.000000000000000000e+00,0.000000000000000000e+00,3.900695234865142469e-01,1.118413380479073238e+00,-3.644164186187100474e-01,-7.593618190948510094e-01,0.000000000000000000e+00,0.000000000000000000e+00,0.000000000000000000e+00,5.016488557418453675e-01,-1.166767152397738316e+00,3.570730124348819867e-01,-8.139955578835413874e-01,0.000000000000000000e+00,0.000000000000000000e+00,0.000000000000000000e+00
-1.817790228655156715e-01,1.029709023682470331e-01,9.215908485265302819e-01,1.876200563018146431e-02,-1.538453183946293656e-02,3.999243614064061370e-01,9.162269415807923201e-01,1.137202169626099976e-02,2.227804660851424590e-01,4.029475520262607025e-01,1.378533171614808317e-01,-1.277067768719410135e-01,-1.843510419335076672e-02,-2.015122081357277953e-02,-3.673541478784546621e-01,-2.476414894159092439e-01,8.703549453725532847e-02,6.012473591276534801e-02,2.283351622082553656e-01,-4.589978267628520153e-02,0.000000000000000000e+00,0.000000000000000000e+00,3.929460067570269000e-01,1.116484119170811029e+00,-3.624149506396505682e-01,-7.570768646474913544e-01,0.000000000000000000e+00,0.000000000000000000e+00,0.000000000000000000e+00,5.010687911781133153e-01,-1.166910365980402764e+00,3.571896586158612719e-01,-8.122501764897903653e-01,0.000000000000000000e+00,0.000000000000000000e+00,0.000000000000000000e+00
-1.812184468264057269e-01,1.029560954141450352e-01,9.217487926907520501e-01,1.851550761086124403e-02,-1.660152809037950331e-02,3.984029045837955696e-01,9.168733232361886420e-01,1.465303077924992245e-02,2.257618016409624062e-01,4.059457143900097043e-01,1.384203601180549470e-01,-1.245810046951915107e-01,-1.644033315282207586e-02,-1.713498039430650516e-02,-3.647322796375281895e-01,-2.489442456266232062e-01,8.469293249376590171e-02,6.038274954184175147e-02,2.283491852169224068e-01,-4.529120912231005686e-02,0.000000000000000000e+00,0.000000000000000000e+00,3.956358767622257799e-01,1.116123385524186329e+00,-3.627358412910470786e-01,-7.561616832874878957e-01,0.000000000000000000e+00,0.000000000000000000e+00,0.000000000000000000e+00,4.995094598348663317e-01,-1.168412271898882526e+00,3.581474649456215520e-01,-8.119817600994225781e-01,0.000000000000000000e+00,0.000000000000000000e+00,0.000000000000000000e+00
-1.806195287386604398e-01,1.029665243097213356e-01,9.218342685128670944e-01,1.817138975735555981e-02,-1.726346664002496520e-02,3.964921063175732563e-01,9.176959098425307992e-01,1.888362647175186732e-02,2.274291780186452894e-01,4.083978903861035237e-01,1.352639116962849608e-01,-1.238131289195123497e-01,-1.676941377881752127e-02,-1.563828525398891847e-02,-3.620564847646529083e-01,-2.482786791517612168e-01,8.215284197501332430e-02,5.960411888646899997e-02,2.293800063226087704e-01,-4.350393606592221907e-02,0.000000000000000000e+00,0.000000000000000000e+00,3.977618948190659864e-01,1.116516783628865417e+00,-3.614918185237187553e-01,-7.570919385477797858e-01,0.000000000000000000e+00,0.000000000000000000e+00,0.000000000000000000e+00,4.978642613827665153e-01,-1.170730242794677967e+00,3.591022605756928887e-01,-8.128461934475850192e-01,0.000000000000000000e+00,0.000000000000000000e+00,0.000000000000000000e+00
-1.800223006431975192e-01,1.029125399454499101e-01,9.219980090118916616e-01,1.801737475159288088e-02,-1.794465916494540625e-02,3.956197160841991023e-01,9.180623092470213686e-01,2.189772983339223489e-02,2.288854978149257591e-01,4.099143387997509214e-01,1.334194933614910039e-01,-1.211325723312824676e-01,-1.604675115767823998e-02,-1.373865777524936604e-02,-3.601194679466928616e-01,-2.487561325228447306e-01,8.074920164751606122e-02,5.954965921748740787e-02,2.281423325508821764e-01,-4.255517811381440141e-02,0.000000000000000000e+00,0.000000000000000000e+00,3.999458086107351984e-01,1.118515146685922224e+00,-3.611660345590265719e-01,-7.565355624634068077e-01,0.000000000000000000e+00,0.000000000000000000e+00,0.000000000000000000e+00,4.975479481637737900e-01,-1.171472328367478166e+00,3.624732067057596652e-01,-8.121924589427684804e-01,0.000000000000000000e+00,0.000000000000000000e+00,0.000000000000000000e+00
-1.793756532982320462e-01,1.030244339218518851e-01,9.221140996145248403e-01,1.740820612683234223e-02,-1.767373686142814995e-02,3.938736438595873968e-01,9.188297699016781950e-01,2.442244789961506984e-02,2.298040250458912581e-01,4.120373654114437567e-01,1.293856806091587541e-01,-1.205119246340297934e-01,-1.486153678109220465e-02,-1.418735531361644056e-02,-3.574473520871810361e-01,-2.464508330130915081e-01,7.804677355334573019e-02,5.871541079538347696e-02,2.285497668978458963e-01,-4.171553516064767375e-02,0.000000000000000000e+00,0.000000000000000000e+00,4.033145059336669114e-01,1.119627661377884609e+00,-3.627240307517324291e-01,-7.559556837279938213e-01,0.000000000000000000e+00,0.000000000000000000e+00,0.000000000000000000e+00,4.967421528733259040e-01,-1.172632038427101397e+00,3.655887982053936947e-01,-8.113097439973968594e-01,0.000000000000000000e+00,0.000000000000000000e+00,0.000000000000000000e+00
-1.787435218675813009e-01,1.030789929624756490e-01,9.222410198881187959e-01,1.714938910320207635e-02,-1.771421329882472487e-02,3.930439079808764613e-01,9.191890945282763514e-01,2.678074938432968219e-02,2.308636509228444711e-01,4.146759735646964318e-01,1.266464466128369160e-01,-1.180465422717140167e-01,-1.630820316699798170e-02,-1.377104260687194229e-02,-3.563323004436472208e-01,-2.479864848727665327e-01,7.731471461501068787e-02,5.863045196848952478e-02,2.290382533866344716e-01,-4.150758919399011315e-02,0.000000000000000000e+00,0.000000000000000000e+00,4.050065225312383665e-01,1.122748557900702160e+00,-3.639699830139019321e-01,-7.563045518973543491e-01,0.000000000000000000e+00,0.000000000000000000e+00,0.000000000000000000e+00,4.961357233484012808e-01,-1.172897342785459651e+00,3.688282189279205592e-01,-8.115646612947354788e-01,0.000000000000000000e+00,0.000000000000000000e+00,0.000000000000000000e+00
-1.782603944688963826e-01,1.030098715053982400e-01,9.223507903414461806e-01,1.710483124497613402e-02,-1.906686122345283702e-02,3.930481208118170589e-01,9.191610600310845536e-01,3.024384497481969261e-02,2.322725084612865531e-01,4.138344801715421184e-01,1.254043327341224923e-01,-1.170480903690994529e-01,-1.435456402524077843e-02,-1.080185543687289806e-02,-3.547217299671793223e-01,-2.496045800558120142e-01,7.821107638293102460e-02,5.770045534439731394e-02,2.268141136960478144e-01,-4.023667272916217619e-02,0.000000000000000000e+00,0.000000000000000000e+00,4.039260835593002641e-01,1.126040473682465182e+00,-3.636014881629160422e-01,-7.576064838675384827e-01,0.000000000000000000e+00,0.000000000000000000e+00,0.000000000000000000e+00,4.947906422090917467e-01,-1.174855046906569944e+00,3.712163375657371867e-01,-8.113418678909932735e-01,0.000000000000000000e+00,0.000000000000000000e+00,0.000000000000000000e+00
-1.776114319285134191e-01,1.031480350372068477e-01,9.224405861409364915e-01,1.697615303969643441e-02,-1.914195987354122552e-02,3.930557325142005065e-01,9.191586298011347189e-01,3.234599303033292017e-02,2.323516431656786896e-01,4.132220968778791415e-01,1.222104089291506795e-01,-1.157163984866770023e-01,-1.593395836239527505e-02,-9.578655370899736426e-03,-3.537860107277375765e-01,-2.503796983937975895e-01,7.771858793095384743e-02,5.658663131788690959e-02,2.254278291638600606e-01,-4.075476568410964923e-02,0.000000000000000000e+00,0.000000000000000000e+00,4.046600035693087571e-01,1.129021177674805365e+00,-3.654069549188906918e-01,-7.579733272249244980e-01,0.000000000000000000e+00,0.000000000000000000e+00,0.000000000000000000e+00,4.935131837075480421e-01,-1.174808769327107205e+00,3.740902763859848545e-01,-8.121971453008467456e-01,0.000000000000000000e+00,0.000000000000000000e+00,0.000000000000000000e+00
-1.770283433334062240e-01,1.033468866301429090e-01,9.225967170976467902e-01,1.691475753464530968e-02,-1.979282350047256375e-02,3.923629766332332180e-01,9.194419120765235931e-01,3.620587634817103856e-02,2.333257462949222261e-01,4.162097060320886777e-01,1.193327579192244164e-01,-1.132581508916463697e-01,-1.578686402082794121e-02,-7.694572765381820639e-03,-3.529554118589436906e-01,-2.526646948620477340e-01,7.727434520745915525e-02,5.758157947275276134e-02,2.265657306281126659e-01,-4.014728833626619864e-02,0.000000000000000000e+00,0.000000000000000000e+00,4.048389588498974012e-01,1.129677388623752998e+00,-3.666412984354374127e-01,-7.581413923412055889e-01,0.000000000000000000e+00,0.000000000000000000e+00,0.000000000000000000e+00,4.925094460796476947e-01,-1.174216057901299459e+00,3.756328482198392771e-01,-8.116736711193718312e-01,0.000000000000000000e+00,0.000000000000000000e+00,0.000000000000000000e+00
-1.764001097366127702e-01,1.036296385031458961e-01,9.227572734720110859e-01,1.668334762476384944e-02,-1.994660040561558115e-02,3.926274060385465114e-01,9.193299293897343460e-01,3.771975314993197825e-02,2.335831653576928568e-01,4.153759840472270315e-01,1.173364378873175268e-01,-1.117435206096977079e-01,-1.355889540975428742e-02,-7.274486703642838586e-03,-3.515175964394019470e-01,-2.500722446877789995e-01,7.823656707050895276e-02,5.775364461129763038e-02,2.231978358748135383e-01,-3.986586031709293126e-02,0.000000000000000000e+00,0.000000000000000000e+00,4.039139124964596372e-01,1.131515147122724718e+00,-3.681049045064104241e-01,-7.594068656274531870e-01,0.000000000000000000e+00,0.000000000000000000e+00,0.000000000000000000e+00,4.936677615196262137e-01,-1.173999297773704376e+00,3.789476534586483925e-01,-8.104314788890766286e-01,0.000000000000000000e+00,0.000000000000000000e+00,0.000000000000000000e+00
-1.758236409837897474e-01,1.039470097729491421e-01,9.229005046670402113e-01,1.663780480729402239e-02,-1.968512366705683567e-02,3.926638130998967302e-01,9.193208412949519515e-01,3.969850000495396547e-02,2.331147594638571519e-01,4.164329031985240515e-01,1.136388893984238563e-01,-1.093178023647245062e-01,-1.568085062044696082e-02,-6.454045204125229140e-03,-3.515693657079234091e-01,-2.520212237187948734e-01,7.754928632970115032e-02,5.813124740349039088e-02,2.234768873448439719e-01,-3.931599018883739916e-02,0.000000000000000000e+00,0.000000000000000000e+00,4.036439163628130489e-01,1.132608349562659544e+00,-3.697963278601079651e-01,-7.578513831247998267e-01,0.000000000000000000e+00,0.000000000000000000e+00,0.000000000000000000e+00,4.939691632724600434e-01,-1.171909844491754393e+00,3.819490842748338166e-01,-8.098791443221521336e-01,0.000000000000000000e+00,0.000000000000000000e+00,0.000000000000000000e+00
-1.752839208298966056e-01,1.043109039255550458e-01,9.230284008831100007e-01,1.655987370892823482e-02,-1.955386986095929147e-02,3.928368878021543109e-01,9.192511062479740147e-01,4.152179904153512763e-02,2.324910674086939077e-01,4.158690071436061397e-01,1.100203288075816133e-01,-1.061983490882350695e-01,-1.587561018322362558e-02,-5.600905608929229729e-03,-3.512608696286945720e-01,-2.523353004545861866e-01,7.690332021030721332e-02,5.986778587907078120e-02,2.228635591128100835e-01,-3.923788192000175062e-02,0.000000000000000000e+00,0.000000000000000000e+00,4.020188131271540954e-01,1.135446743688712790e+00,-3.723776885935098924e-01,-7.584654026293853324e-01,0.000000000000000000e+00,0.000000000000000000e+00,0.000000000000000000e+00,4.936968807814673399e-01,-1.173171697892450460e+00,3.851378126932317736e-01,-8.110619958006045627e-01,0.000000000000000000e+00,0.000000000000000000e+00,0.000000000000000000e+00
-1.748358961007976664e-01,1.046653530429654949e-01,9.231273092447238593e-01,1.662147841019425212e-02,-1.920659586384183826e-02,3.930948675334076658e-01,9.191470275476479879e-01,4.308760196940068093e-02,2.315332130884933393e-01,4.166767819393841776e-01,1.065686010975836623e-01,-1.046785119898998029e-01,-1.679546877610341507e-02,-5.449943658107362504e-03,-3.517157711941502063e-01,-2.528179377873368550e-01,7.714666294377504896e-02,6.036546218311329703e-02,2.223993002933722651e-01,-3.955989266251445230e-02,0.000000000000000000e+00,0.000000000000000000e+00,4.014944610618218501e-01,1.136749102972338665e+00,-3.742646218414417691e-01,-7.566317288417407916e-01,0.000000000000000000e+00,0.000000000000000000e+00,0.000000000000000000e+00,4.945538174203379933e-01,-1.171069923917332556e+00,3.868649313265603018e-01,-8.109126488871117866e-01,0.000000000000000000e+00,0.000000000000000000e+00,0.000000000000000000e+00
-1.745387385574544703e-01,1.049828132386306928e-01,9.232716816973397522e-01,1.666747394689055764e-02,-1.939889950113511327e-02,3.931140401485485047e-01,9.191339562046771938e-01,4.469052254402239993e-02,2.316746152561123262e-01,4.184049067712961589e-01,1.052778911017939606e-01,-1.018434204044733338e-01,-1.682119149398514368e-02,-4.584187614653345566e-03,-3.518834888799071137e-01,-2.536068212255734311e-01,7.714358073266104621e-02,6.358149751225486424e-02,2.236965447881994473e-01,-3.843238729654569613e-02,0.000000000000000000e+00,0.000000000000000000e+00,4.006671955020916776e-01,1.136887187519399545e+00,-3.767745544277937286e-01,-7.561566133506918419e-01,0.000000000000000000e+00,0.000000000000000000e+00,0.000000000000000000e+00,4.960984690470441327e-01,-1.170538103158573096e+00,3.888879004391287975e-01,-8.093078976093379673e-01,0.000000000000000000e+00,0.000000000000000000e+00,0.000000000000000000e+00
-1.742526619867097171e-01,1.053500935341076528e-01,9.234843292513220669e-01,1.672222895384603558e-02,-1.901730890761674231e-02,3.935158435341551963e-01,9.189689820164396172e-01,4.582812477886109848e-02,2.302941622660383270e-01,4.177966535492513289e-01,1.016957772304942081e-01,-9.874333927909623165e-02,-1.791781257508451644e-02,-3.846363773936361391e-03,-3.521128565588521053e-01,-2.534059295928324240e-01,7.578916970821911181e-02,6.634478544399281807e-02,2.233891158685576139e-01,-3.723023395873029801e-02,0.000000000000000000e+00,0.000000000000000000e+00,3.986916095180915165e-01,1.139792962393900266e+00,-3.784596816164534361e-01,-7.544515839972046889e-01,0.000000000000000000e+00,0.000000000000000000e+00,0.000000000000000000e+00,4.963467038983858659e-01,-1.171408987186326689e+00,3.916626264036711658e-01,-8.095839943569385078e-01,0.000000000000000000e+00,0.000000000000000000e+00,0.000000000000000000e+00
-1.741529384819092141e-01,1.056259648716177807e-01,9.236009667759242925e-01,1.679712037594995738e-02,-1.894343244166399667e-02,3.931060163224919246e-01,9.191445278330638846e-01,4.669116388108966731e-02,2.297775140605437805e-01,4.187872673543111546e-01,1.006596798235006446e-01,-9.652666614993044014e-02,-1.555048371064901395e-02,-4.260525829286126998e-03,-3.526431874161142788e-01,-2.537665007292492225e-01,7.612324001559359066e-02,6.895776656244863301e-02,2.234399134393331432e-01,-3.611021385499417480e-02,0.000000000000000000e+00,0.000000000000000000e+00,3.974516144190246569e-01,1.140040087726718943e+00,-3.816131165113100798e-01,-7.543591381387340089e-01,0.000000000000000000e+00,0.000000000000000000e+00,0.000000000000000000e+00,4.953922965050599481e-01,-1.172622730607760122e+00,3.938692892401214896e-01,-8.093228050811066554e-01,0.000000000000000000e+00,0.000000000000000000e+00,0.000000000000000000e+00
-1.741318250196882966e-01,1.058938923771702151e-01,9.236397272352088184e-01,1.695189006743442334e-02,-1.869262486102725440e-02,3.935831659527634363e-01,9.189426046699258332e-01,4.758073355412775762e-02,2.276971999256304779e-01,4.163701339290859504e-01,9.739788918676089979e-02,-9.679739908644224844e-02,-1.325424755045618436e-02,-4.448202855285441487e-03,-3.526819952163655070e-01,-2.498456608661780987e-01,7.607194336991658645e-02,6.950717183469198868e-02,2.206273079654635927e-01,-3.506503741188584516e-02,0.000000000000000000e+00,0.000000000000000000e+00,3.940520904725076101e-01,1.142146792763794050e+00,-3.840581768411018837e-01,-7.543869899731077133e-01,0.000000000000000000e+00,0.000000000000000000e+00,0.000000000000000000e+00,4.954057010962304441e-01,-1.173323000907972702e+00,3.969014672971373781e-01,-8.085901154931148804e-01,0.000000000000000000e+00,0.000000000000000000e+00,0.000000000000000000e+00
-1.742177588577727698e-01,1.060906260445322880e-01,9.237811871810353015e-01,1.702519694429341715e-02,-1.844476096345971927e-02,3.940703761950984929e-01,9.187374336922730089e-01,4.726432451731673451e-02,2.272697241765287979e-01,4.179613888602498051e-01,9.693696177952812465e-02,-9.475565954972908767e-02,-1.347654729175611077e-02,-4.803247304281707541e-03,-3.542744532371960298e-01,-2.538301214245125559e-01,7.710585152173486667e-02,7.292576642757861438e-02,2.215319903674033419e-01,-3.462056468374337392e-02,0.000000000000000000e+00,0.000000000000000000e+00,3.921178806614687429e-01,1.143205699590468694e+00,-3.880537934481207984e-01,-7.525750070601292530e-01,0.000000000000000000e+00,0.000000000000000000e+00,0.000000000000000000e+00,4.950382662456919713e-01,-1.174630377564468198e+00,3.997906572136216141e-01,-8.082831663027958413e-01,0.000000000000000000e+00,0.000000000000000000e+00,0.000000000000000000e+00
-1.742908669755179885e-01,1.063038625717009911e-01,9.238421059220895959e-01,1.692921325177150840e-02,-1.790692656356546869e-02,3.946660696311130034e-01,9.184941138633683222e-01,4.723700983409113985e-02,2.258226135653843281e-01,4.169653838682877423e-01,9.398688953289527359e-02,-9.480746720037877551e-02,-1.325319486915305101e-02,-5.993859144008004125e-03,-3.548406779471527939e-01,-2.534609634147886315e-01,7.804474819110239492e-02,7.372184112713545123e-02,2.190716461534663595e-01,-3.464008960088027500e-02,0.000000000000000000e+00,0.000000000000000000e+00,3.898951848897204697e-01,1.143330976065171978e+00,-3.895340778739833643e-01,-7.511433251156580670e-01,0.000000000000000000e+00,0.000000000000000000e+00,0.000000000000000000e+00,4.958852987701393156e-01,-1.174594468666671165e+00,4.013595183497439267e-01,-8.067417207829207237e-01,0.000000000000000000e+00,0.000000000000000000e+00,0.000000000000000000e+00
-1.744556336135957841e-01,1.065038331214791245e-01,9.239152057767504589e-01,1.697482877893097958e-02,-1.766267874875990587e-02,3.944780223240649808e-01,9.185787798935050041e-01,4.807888058013520122e-02,2.245978204059123073e-01,4.174006542779115092e-01,9.151861813346298669e-02,-9.423368786060437596e-02,-1.225827754538020425e-02,-6.719818974229237879e-03,-3.556019279840387792e-01,-2.538130458915087706e-01,7.822172466036834970e-02,7.544289914578679312e-02,2.200456331386416720e-01,-3.505834201649338927e-02,0.000000000000000000e+00,0.000000000000000000e+00,3.867601066878973426e-01,1.145431331011866227e+00,-3.935692833768446031e-01,-7.526569894681587325e-01,0.000000000000000000e+00,0.000000000000000000e+00,0.000000000000000000e+00,4.942416571274708126e-01,-1.176759680585123258e+00,4.031232162836219102e-01,-8.075097521689619251e-01,0.000000000000000000e+00,0.000000000000000000e+00,0.000000000000000000e+00
-1.746038338882142937e-01,1.066276090956572165e-01,9.240316502234057205e-01,1.698554477469040730e-02,-1.745359990816517520e-02,3.947265527400488083e-01,9.184758089796987157e-01,4.782559661679693791e-02,2.240209365296352839e-01,4.179419844660360317e-01,9.064334412933564011e-02,-9.195904237361596234e-02,-1.123141254488624688e-02,-7.111398302067615390e-03,-3.560057155930504424e-01,-2.533359800577860144e-01,7.809365444396502987e-02,7.829901018760379583e-02,2.203986150138464162e-01,-3.413340632826453863e-02,0.000000000000000000e+00,0.000000000000000000e+00,3.844341504236961082e-01,1.144495206212487126e+00,-3.942408977581037810e-01,-7.510708097868403765e-01,0.000000000000000000e+00,0.000000000000000000e+00,0.000000000000000000e+00,4.947488656579942523e-01,-1.176559327350795048e+00,4.028842014918407322e-01,-8.058314362394028985e-01,0.000000000000000000e+00,0.000000000000000000e+00,0.000000000000000000e+00
-1.747411572759450804e-01,1.066412386706529769e-01,9.241246559003456484e-01,1.720589077951376056e-02,-1.709475990409674642e-02,3.951481379858903797e-01,9.182971608104810723e-01,4.814363471326427169e-02,2.223460723743327927e-01,4.175487044081118704e-01,8.785495095051394643e-02,-9.045454341682919452e-02,-1.042866611420115858e-02,-7.526104296292013968e-03,-3.570401125940030895e-01,-2.534787670472196663e-01,7.811436795984155745e-02,7.985814155526756164e-02,2.205792112017363193e-01,-3.459002320234511041e-02,0.000000000000000000e+00,0.000000000000000000e+00,3.821587883833627575e-01,1.145508597248036997e+00,-3.970890132648520199e-01,-7.491931756597723924e-01,0.000000000000000000e+00,0.000000000000000000e+00,0.000000000000000000e+00,4.945815271360258780e-01,-1.175690275715528754e+00,4.037348770235166806e-01,-8.060357160096087714e-01,0.000000000000000000e+00,0.000000000000000000e+00,0.000000000000000000e+00
-1.748204282995899916e-01,1.066428034475280368e-01,9.242285492061168561e-01,1.745421554454991420e-02,-1.658692116971692901e-02,3.948452875045224131e-01,9.184320461206181285e-01,4.853195428934566069e-02,2.213164278901708915e-01,4.207429131145775658e-01,8.598765301680176554e-02,-8.844387684360258128e-02,-1.047382926535336475e-02,-8.887629518055991523e-03,-3.584729860247122257e-01,-2.547048119110227882e-01,7.849650286992800041e-02,8.162962323461059322e-02,2.220071046613438792e-01,-3.509754417631072432e-02,0.000000000000000000e+00,0.000000000000000000e+00,3.793766172177686635e-01,1.149237626825129199e+00,-4.019100911666218523e-01,-7.482844121657462599e-01,0.000000000000000000e+00,0.000000000000000000e+00,0.000000000000000000e+00,4.937748943891347442e-01,-1.176390391011966630e+00,4.057437174778766864e-01,-8.067248604026108216e-01,0.000000000000000000e+00,0.000000000000000000e+00,0.000000000000000000e+00
-1.748464082631836780e-01,1.065308658179759949e-01,9.242131288746078255e-01,1.759216720979472556e-02,-1.603680254633580923e-02,3.953165636426176355e-01,9.182364353077834274e-01,4.891039253598460090e-02,2.197227856675305624e-01,4.206845729525408029e-01,8.234907263536937749e-02,-8.858431741150256389e-02,-1.072970789445553894e-02,-1.018032921530266990e-02,-3.592678242891551021e-01,-2.541468071436236986e-01,7.934114015070828363e-02,8.125640100771877594e-02,2.203774261510740851e-01,-3.503334165697816888e-02,0.000000000000000000e+00,0.000000000000000000e+00,3.751081310019114823e-01,1.151443241516046490e+00,-4.067387973289017800e-01,-7.470498866923880321e-01,0.000000000000000000e+00,0.000000000000000000e+00,0.000000000000000000e+00,4.924193979023291368e-01,-1.174918968368847683e+00,4.098409794247675486e-01,-8.076280185528541544e-01,0.000000000000000000e+00,0.000000000000000000e+00,0.000000000000000000e+00
-1.749051933842708795e-01,1.063284722410405558e-01,9.242594904829825042e-01,1.792562100095231384e-02,-1.555922130153424184e-02,3.955723940618002810e-01,9.181280214656538652e-01,4.785198609524266705e-02,2.188563294314027075e-01,4.215965288199934324e-01,8.253462902781175115e-02,-8.820276218352536557e-02,-1.015680705320249830e-02,-1.126878451660593902e-02,-3.603085719666798692e-01,-2.541643118203219531e-01,7.990803485754184587e-02,8.114415854397701022e-02,2.177464688669211168e-01,-3.573263901021264677e-02,0.000000000000000000e+00,0.000000000000000000e+00,3.682056679034018121e-01,1.160495141668993924e+00,-4.170582599680144331e-01,-7.480908088888902352e-01,0.000000000000000000e+00,0.000000000000000000e+00,0.000000000000000000e+00,4.874395442549910307e-01,-1.178077259838794300e+00,4.178832787473454324e-01,-8.112194025186085788e-01,0.000000000000000000e+00,0.000000000000000000e+00,0.000000000000000000e+00
-1.748575138522179828e-01,1.061054043484788295e-01,9.243084740524062370e-01,1.799571761101804307e-02,-1.525165007650441419e-02,3.958844871380864938e-01,9.179972843974119057e-01,4.742244179564376882e-02,2.180765360166221911e-01,4.202177066019197049e-01,8.121242730905132989e-02,-8.755476813249872536e-02,-9.482052509470255408e-03,-1.181138252682321921e-02,-3.604458936829938454e-01,-2.539595630989410213e-01,8.010151852989198795e-02,8.037203257629847719e-02,2.165367900709737059e-01,-3.628978889334059932e-02,0.000000000000000000e+00,0.000000000000000000e+00,3.624947683685491584e-01,1.162605531543277060e+00,-4.232722330057919757e-01,-7.442591645543598089e-01,0.000000000000000000e+00,0.000000000000000000e+00,0.000000000000000000e+00,4.842509856244002764e-01,-1.175678457606301963e+00,4.225132065143777926e-01,-8.100321923380467970e-01,0.000000000000000000e+00,0.000000000000000000e+00,0.000000000000000000e+00
-1.748393458202963657e-01,1.058769903339406154e-01,9.242932817887413721e-01,1.828343913138195595e-02,-1.520341020620959854e-02,3.959636546623404585e-01,9.179582541477980806e-01,4.849005153743641411e-02,2.174712249399427533e-01,4.219296729204379814e-01,7.892927500627097692e-02,-8.636824497796773137e-02,-1.052184751744754745e-02,-1.269899809539941013e-02,-3.615089939778763362e-01,-2.555215010165628464e-01,8.191179239695907388e-02,8.062502155341171040e-02,2.157388249156624860e-01,-3.628271321654227138e-02,0.000000000000000000e+00,0.000000000000000000e+00,3.566426003069678163e-01,1.165838214268706263e+00,-4.285002700195392755e-01,-7.424857054340529006e-01,0.000000000000000000e+00,0.000000000000000000e+00,0.000000000000000000e+00,4.810874262531770751e-01,-1.174209670666871430e+00,4.264445421645269296e-01,-8.090672436542007961e-01,0.000000000000000000e+00,0.000000000000000000e+00,0.000000000000000000e+00
-1.747896982075139716e-01,1.056911701917061519e-01,9.243821448584318423e-01,1.827278956350273861e-02,-1.488317565529341351e-02,3.955541918370080734e-01,9.181402276145799179e-01,4.800905226473125426e-02,2.174987466725123997e-01,4.231408689260190981e-01,7.874247263886616222e-02,-8.497116927717969503e-02,-8.904609522538731864e-03,-1.387444059651386438e-02,-3.613785977317901521e-01,-2.550363549228328308e-01,8.198297711269925125e-02,7.998819870321913217e-02,2.145075663738032490e-01,-3.654096487563664869e-02,0.000000000000000000e+00,0.000000000000000000e+00,3.524203527571928007e-01,1.167858539297718323e+00,-4.367388540961925636e-01,-7.405272942447472806e-01,0.000000000000000000e+00,0.000000000000000000e+00,0.000000000000000000e+00,4.773659405435916603e-01,-1.173644928850775759e+00,4.319017140875405780e-01,-8.083093035472462828e-01,0.000000000000000000e+00,0.000000000000000000e+00,0.000000000000000000e+00
-1.746663617320952377e-01,1.055708792968304693e-01,9.245229584466052586e-01,1.847862421739375136e-02,-1.467212843960731018e-02,3.955267741445438467e-01,9.181513165208090577e-01,4.862836735009613831e-02,2.164488531743125610e-01,4.226032085921050951e-01,7.653540405336206609e-02,-8.290385792091968520e-02,-7.922613861658439269e-03,-1.411817033123279400e-02,-3.613132046107038753e-01,-2.529995028557432968e-01,8.147491350820547373e-02,8.109120218135275338e-02,2.139862807415769397e-01,-3.706343548728574522e-02,0.000000000000000000e+00,0.000000000000000000e+00,3.482874977871877609e-01,1.169804387449977279e+00,-4.424275848097420916e-01,-7.365326098738890215e-01,0.000000000000000000e+00,0.000000000000000000e+00,0.000000000000000000e+00,4.739695759637119754e-01,-1.171762348085670924e+00,4.362700045846690800e-01,-8.074626621974522189e-01,0.000000000000000000e+00,0.000000000000000000e+00,0.000000000000000000e+00
-1.744328375397529718e-01,1.055685722518246022e-01,9.245950016212869382e-01,1.833574373718328474e-02,-1.436703085476737606e-02,3.962047551529420120e-01,9.178666465888274395e-01,4.873306405326768148e-02,2.158754203045964160e-01,4.213720668685423387e-01,7.425331667985955730e-02,-8.297641616915080176e-02,-7.276997767574929291e-03,-1.402078605803005681e-02,-3.605420694009845994e-01,-2.505159459795840426e-01,8.074874604641631148e-02,8.192518891491676336e-02,2.133287510073184901e-01,-3.783659548565929120e-02,0.000000000000000000e+00,0.000000000000000000e+00,3.439005822980908400e-01,1.170739978920859459e+00,-4.474133156219001206e-01,-7.344956789810771491e-01,0.000000000000000000e+00,0.000000000000000000e+00,0.000000000000000000e+00,4.713589328858782679e-01,-1.170895704131087900e+00,4.410538964230552583e-01,-8.067788648742258983e-01,0.000000000000000000e+00,0.000000000000000000e+00,0.000000000000000000e+00
-1.741594971079652443e-01,1.055855138292828427e-01,9.246877670874209532e-01,1.873092203622734458e-02,-1.391386208583678639e-02,3.958697392112515701e-01,9.180101887116199899e-01,4.946096618466531286e-02,2.148134673813397733e-01,4.235308874529148948e-01,7.245476028582678585e-02,-8.003316145175126683e-02,-7.795797812049354986e-03,-1.472025885598958472e-02,-3.617346423527998400e-01,-2.510649722038127973e-01,8.063639308128688066e-02,8.363361016225925870e-02,2.140812265051331709e-01,-3.858992915090526249e-02,0.000000000000000000e+00,0.000000000000000000e+00,3.410422101065034850e-01,1.174254981412197196e+00,-4.531013228141703708e-01,-7.314251241562427230e-01,0.000000000000000000e+00,0.000000000000000000e+00,0.000000000000000000e+00,4.685716539361239885e-01,-1.169068134756175770e+00,4.463030748376022872e-01,-8.064485799288800827e-01,0.000000000000000000e+00,0.000000000000000000e+00,0.000000000000000000e+00
-1.737946968844832074e-01,1.056568571370319898e-01,9.246998648254396436e-01,1.880108921435870786e-02,-1.324905422223082371e-02,3.960774258975509610e-01,9.179290028651125866e-01,4.959135250305782283e-02,2.135047275399004352e-01,4.222163257236797307e-01,6.972673633303673457e-02,-7.969340228148856509e-02,-8.669265591353458172e-03,-1.529256796002429961e-02,-3.619665027222568887e-01,-2.503150412105593081e-01,8.028111376312767333e-02,8.191060292248622532e-02,2.126896334467205940e-01,-3.973570940644928495e-02,0.000000000000000000e+00,0.000000000000000000e+00,3.402234626863184230e-01,1.174884329333342636e+00,-4.552632661085234678e-01,-7.263046465001976593e-01,0.000000000000000000e+00,0.000000000000000000e+00,0.000000000000000000e+00,4.678288578361744499e-01,-1.164973984338011137e+00,4.474329364912723594e-01,-8.054253332187018000e-01,0.000000000000000000e+00,0.000000000000000000e+00,0.000000000000000000e+00
-1.733205539794523409e-01,1.058123221933889163e-01,9.248235405746527693e-01,1.884323308683232348e-02,-1.267500608361258815e-02,3.962838351454328056e-01,9.178471543726890447e-01,5.015973408110523807e-02,2.127211509388486077e-01,4.228663556227649778e-01,6.689800879786488019e-02,-7.686169392300827574e-02,-1.024066304251627750e-02,-1.586763734108800200e-02,-3.620745572620414077e-01,-2.499518738108361671e-01,8.056967527565082887e-02,8.132392992082050631e-02,2.099243932690374737e-01,-4.096117637437952236e-02,0.000000000000000000e+00,0.000000000000000000e+00,3.380858265046217115e-01,1.178179420508618680e+00,-4.591736710824341761e-01,-7.237612532069473970e-01,0.000000000000000000e+00,0.000000000000000000e+00,0.000000000000000000e+00,4.666817450303393233e-01,-1.162587242995299697e+00,4.507851588881554017e-01,-8.058699205576949076e-01,0.000000000000000000e+00,0.000000000000000000e+00,0.000000000000000000e+00
-1.728492044616038448e-01,1.060237839757554590e-01,9.249115357785001601e-01,1.864536587719709676e-02,-1.211249135714494163e-02,3.958474164494609204e-01,9.180470907174183015e-01,5.074096394257435888e-02,2.125904603051897435e-01,4.245065830453136346e-01,6.467522557568115837e-02,-7.494991724857620607e-02,-9.784215228542204879e-03,-1.643179784679412586e-02,-3.615743694924813401e-01,-2.489968739747825954e-01,7.923285332780993784e-02,8.249479209794841061e-02,2.113668750666166385e-01,-4.133067833347513209e-02,0.000000000000000000e+00,0.000000000000000000e+00,3.384320392936671640e-01,1.178933047797216860e+00,-4.621855320376916931e-01,-7.209639165612944378e-01,0.000000000000000000e+00,0.000000000000000000e+00,0.000000000000000000e+00,4.667451208163293508e-01,-1.161364914938442183e+00,4.519687633786172443e-01,-8.038047962321495099e-01,0.000000000000000000e+00,0.000000000000000000e+00,0.000000000000000000e+00
-1.723932169973824979e-01,1.061984172074363630e-01,9.249873541895335949e-01,1.873755545174593182e-02,-1.160687049519767977e-02,3.957602751996584511e-01,9.180893143626556174e-01,5.146815896962331216e-02,2.118003358876322240e-01,4.250290112060367553e-01,6.218628934038436529e-02,-7.255881606925951299e-02,-1.118939266295669067e-02,-1.722174550170297788e-02,-3.615075913437164057e-01,-2.470561311274362959e-01,7.937073776193746821e-02,8.239275197224790737e-02,2.081701392225414338e-01,-4.084316851461753523e-02,0.000000000000000000e+00,0.000000000000000000e+00,3.373099097417930903e-01,1.180542572602735429e+00,-4.634666943178842313e-01,-7.182748199816798573e-01,0.000000000000000000e+00,0.000000000000000000e+00,0.000000000000000000e+00,4.668125724198983195e-01,-1.159182982275819951e+00,4.540073420320141495e-01,-8.040666957318571839e-01,0.000000000000000000e+00,0.000000000000000000e+00,0.000000000000000000e+00
-1.719816779707239174e-01,1.063884951997072226e-01,9.251242729309914203e-01,1.875304742762162399e-02,-1.101306269700301661e-02,3.966170163980930474e-01,9.177265267854493036e-01,5.112661187671392604e-02,2.112353035641106047e-01,4.255991073655802648e-01,6.035650629641058779e-02,-6.959588644424906378e-02,-1.274327788084164519e-02,-1.679712608391228934e-02,-3.615605688664604300e-01,-2.464273602225438009e-01,7.821708929420999323e-02,8.410833005904051751e-02,2.068615031190607911e-01,-4.190484470021697133e-02,0.000000000000000000e+00,0.000000000000000000e+00,3.352539156432172707e-01,1.185263682631693793e+00,-4.687008521332050592e-01,-7.164282967293982285e-01,0.000000000000000000e+00,0.000000000000000000e+00,0.000000000000000000e+00,4.659594231099075667e-01,-1.159533950151814041e+00,4.592637447657245131e-01,-8.037478640361673810e-01,0.000000000000000000e+00,0.000000000000000000e+00,0.000000000000000000e+00
-1.716436303266294094e-01,1.065882981849017308e-01,9.252164960917469427e-01,1.872759064261610151e-02,-1.073299904913324783e-02,3.964716298202949352e-01,9.177931830362288101e-01,5.111644893941863499e-02,2.112610905120890781e-01,4.258151656881504765e-01,6.003052208769167619e-02,-6.679663998641796607e-02,-1.353457584998303022e-02,-1.704411953786510309e-02,-3.614156905706449874e-01,-2.454398037438279556e-01,7.799155809023700092e-02,8.502709353160160799e-02,2.070432679789853680e-01,-4.160956606430906562e-02,0.000000000000000000e+00,0.000000000000000000e+00,3.326915758268264023e-01,1.187035454493953424e+00,-4.719062177374767075e-01,-7.146599710172585329e-01,0.000000000000000000e+00,0.000000000000000000e+00,0.000000000000000000e+00,4.641737065988261746e-01,-1.159157101106403243e+00,4.627480112084193520e-01,-8.025952507740569120e-01,0.000000000000000000e+00,0.000000000000000000e+00,0.000000000000000000e+00
-1.714140949930929858e-01,1.068123781679782558e-01,9.253076114260817553e-01,1.859797433396445307e-02,-1.018867094644626548e-02,3.968793129489611160e-01,9.176258046111054334e-01,5.050194329778198016e-02,2.111373084599847683e-01,4.275498411102927054e-01,5.923301700711468970e-02,-6.523261708848415719e-02,-1.332774416326486071e-02,-1.759678298939609462e-02,-3.616702830098705856e-01,-2.455606311269887265e-01,7.771685013530467423e-02,8.730508290374659752e-02,2.072148954842406021e-01,-4.288337293417735646e-02,0.000000000000000000e+00,0.000000000000000000e+00,3.307370680524110429e-01,1.189115133877211239e+00,-4.768963992078025238e-01,-7.129427483270018850e-01,0.000000000000000000e+00,0.000000000000000000e+00,0.000000000000000000e+00,4.632623501609565708e-01,-1.159391796911777517e+00,4.661853966713983000e-01,-8.010824263566718173e-01,0.000000000000000000e+00,0.000000000000000000e+00,0.000000000000000000e+00
-1.712353483758568273e-01,1.070425837592834523e-01,9.254399647271328577e-01,1.850901913416009778e-02,-9.645218407561551022e-03,3.973964146149404630e-01,9.174096552924172476e-01,4.980023052047674592e-02,2.099050550829801853e-01,4.246233346981046486e-01,5.777185637280653208e-02,-6.445006521283562495e-02,-1.231354678092160676e-02,-1.822554145419497465e-02,-3.617327618201454653e-01,-2.444644837495434098e-01,7.793436950114299155e-02,8.802797585425187199e-02,2.051782105620736651e-01,-4.345822420289946475e-02,0.000000000000000000e+00,0.000000000000000000e+00,3.287822002043176983e-01,1.188712867464559064e+00,-4.792735817374936813e-01,-7.092540617343984222e-01,0.000000000000000000e+00,0.000000000000000000e+00,0.000000000000000000e+00,4.620467815093676212e-01,-1.158129198453477837e+00,4.685212863129983862e-01,-8.003888411681143733e-01,0.000000000000000000e+00,0.000000000000000000e+00,0.000000000000000000e+00
-1.711170308293865072e-01,1.072843677133448748e-01,9.254960692129250432e-01,1.862963979760294542e-02,-9.184988827281278037e-03,3.974644684405891915e-01,9.173824550472361450e-01,4.950784150471201905e-02,2.096317353722110810e-01,4.275868318521794942e-01,5.751429287619146125e-02,-6.154141060373033434e-02,-1.368641497576200683e-02,-1.852381253841525049e-02,-3.625314618161944447e-01,-2.447152573300345191e-01,7.727114750187055736e-02,8.973389652812636952e-02,2.056012372975679625e-01,-4.386619429633727835e-02,0.000000000000000000e+00,0.000000000000000000e+00,3.271735503852931659e-01,1.189113939008204834e+00,-4.820855700179635939e-01,-7.071327755249169345e-01,0.000000000000000000e+00,0.000000000000000000e+00,0.000000000000000000e+00,4.618172610716520521e-01,-1.157788833574443510e+00,4.701868273439356316e-01,-7.993344039407606072e-01,0.000000000000000000e+00,0.000000000000000000e+00,0.000000000000000000e+00
-1.710981339707161319e-01,1.075085411031720395e-01,9.254852228754131271e-01,1.866449750483033937e-02,-8.716388962476329799e-03,3.974855578558341151e-01,9.173771810942231708e-01,4.966714108034231412e-02,2.087416479677426384e-01,4.289892301238340533e-01,5.594323906800095086e-02,-6.165589167023926426e-02,-1.342631326476127589e-02,-1.865015635472098282e-02,-3.630667211810053585e-01,-2.447430300893330135e-01,7.602823082895532325e-02,9.012303294261433950e-02,2.061185264608898504e-01,-4.451025590784276481e-02,0.000000000000000000e+00,0.000000000000000000e+00,3.266316281298409785e-01,1.188507360003288715e+00,-4.842151356184505873e-01,-7.046850383108557159e-01,0.000000000000000000e+00,0.000000000000000000e+00,0.000000000000000000e+00,4.610510105640808209e-01,-1.157792301620071074e+00,4.705943812523253889e-01,-7.992080417999138930e-01,0.000000000000000000e+00,0.000000000000000000e+00,0.000000000000000000e+00
-1.710637255182171912e-01,1.077322746876052534e-01,9.255949177329568789e-01,1.860948113563868148e-02,-8.824650774976006834e-03,3.975417685574446636e-01,9.173529064666339217e-01,4.986522719568309975e-02,2.088477629919197887e-01,4.295069666192182778e-01,5.617496808905325656e-02,-5.963241700403698609e-02,-1.146839771096997383e-02,-1.778860646008202998e-02,-3.624911375622831833e-01,-2.425679826339376677e-01,7.453885718651344361e-02,9.342620174222290852e-02,2.075964524047069770e-01,-4.413808125989084757e-02,0.000000000000000000e+00,0.000000000000000000e+00,3.246794397646317609e-01,1.187908639680545386e+00,-4.854326412927385537e-01,-7.051167102998413538e-01,0.000000000000000000e+00,0.000000000000000000e+00,0.000000000000000000e+00,4.609494478430968822e-01,-1.159801543274463942e+00,4.713476525462444999e-01,-7.979580606360611172e-01,0.000000000000000000e+00,0.000000000000000000e+00,0.000000000000000000e+00
-1.710344572475099578e-01,1.078625629623381210e-01,9.256518842725964813e-01,1.871787765279412166e-02,-8.240198725727246321e-03,3.980213460769407297e-01,9.171481604671274379e-01,4.897471683512383267e-02,2.078591965926095408e-01,4.298247130321161125e-01,5.520440698410622460e-02,-5.759895569243479729e-02,-1.119317123441186147e-02,-1.805251953639806090e-02,-3.634830228807907071e-01,-2.438949925557756249e-01,7.363992046770487243e-02,9.571891054980841140e-02,2.065630442039829984e-01,-4.523148876878927555e-02,0.000000000000000000e+00,0.000000000000000000e+00,3.234121236163081670e-01,1.190448034240264352e+00,-4.886754822752601979e-01,-7.039323091039172420e-01,0.000000000000000000e+00,0.000000000000000000e+00,0.000000000000000000e+00,4.615040725489298334e-01,-1.160256276323431868e+00,4.731377072413660567e-01,-7.976664628436901383e-01,0.000000000000000000e+00,0.000000000000000000e+00,0.000000000000000000e+00
-1.709460350741319190e-01,1.079814104884641995e-01,9.257148601800166965e-01,1.833083065613797663e-02,-7.606214865965537156e-03,3.984393177644512951e-01,9.169799540896559353e-01,4.831750794509945268e-02,2.077991346652769689e-01,4.303535695365062752e-01,5.315630012958169615e-02,-5.618141113446967899e-02,-1.364483305813600500e-02,-1.818614055514285177e-02,-3.632560421690090857e-01,-2.452417825060622669e-01,7.199707450601849912e-02,9.674850101229520716e-02,2.081471948259160654e-01,-4.502995488504200894e-02,0.000000000000000000e+00,0.000000000000000000e+00,3.230415316846212415e-01,1.188522670566670270e+00,-4.895305442083293102e-01,-7.022156831621508832e-01,0.000000000000000000e+00,0.000000000000000000e+00,0.000000000000000000e+00,4.629516205393091055e-01,-1.158604905312833111e+00,4.729752534923937768e-01,-7.963866542706160567e-01,0.000000000000000000e+00,0.000000000000000000e+00,0.000000000000000000e+00
-1.708903357578177851e-01,1.079423647504636485e-01,9.257109184523524270e-01,1.861546594032932600e-02,-7.317908965354605853e-03,3.985335775643544243e-01,9.169356030768768262e-01,4.830285208999883506e-02,2.068344743629536575e-01,4.300061698411292710e-01,5.213374032340046399e-02,-5.474672167874673062e-02,-1.444450252072541907e-02,-1.812974971487582923e-02,-3.640977187009850624e-01,-2.464005813237298281e-01,7.136705207884254387e-02,9.676637040917407395e-02,2.061354369796741526e-01,-4.633168358823993443e-02,0.000000000000000000e+00,0.000000000000000000e+00,3.208472595688665052e-01,1.191470438740364290e+00,-4.935193522469027982e-01,-7.013077394075376558e-01,0.000000000000000000e+00,0.000000000000000000e+00,0.000000000000000000e+00,4.612279650544906517e-01,-1.158574975913391203e+00,4.752138841489960130e-01,-7.988055736983499244e-01,0.000000000000000000e+00,0.000000000000000000e+00,0.000000000000000000e+00
-1.708211410450318490e-01,1.078439667192263723e-01,9.258123046060471317e-01,1.830263504521719570e-02,-7.149757714429235030e-03,3.992164549657433725e-01,9.166461239756653612e-01,4.748205607772227471e-02,2.066342115215769326e-01,4.268377254384017605e-01,5.112520192657433321e-02,-5.499922739645727449e-02,-1.197131654858095764e-02,-1.827909871134718658e-02,-3.629662002903867868e-01,-2.443752542610647671e-01,7.121429817346069946e-02,9.714438876667415290e-02,2.046638571467233325e-01,-4.633119764351023573e-02,0.000000000000000000e+00,0.000000000000000000e+00,3.187586456512219169e-01,1.190585671007796886e+00,-4.957297729844375445e-01,-6.990526343150372801e-01,0.000000000000000000e+00,0.000000000000000000e+00,0.000000000000000000e+00,4.612600316346667229e-01,-1.158076175348131898e+00,4.774852835332836776e-01,-7.980790531739927474e-01,0.000000000000000000e+00,0.000000000000000000e+00,0.000000000000000000e+00
-1.708346255828153692e-01,1.076425367859851906e-01,9.258805096147660896e-01,1.843117133052124546e-02,-7.014506102125150563e-03,3.989733041575252437e-01,9.167504519754298142e-01,4.733603062025069225e-02,2.065216618011748162e-01,4.273736647713042291e-01,5.090334234384488732e-02,-5.333814402895436374e-02,-1.350681883828330071e-02,-1.868247002099181903e-02,-3.632954320399695014e-01,-2.457012862446668611e-01,7.115350716502032158e-02,9.702011461787456159e-02,2.034726606847314101e-01,-4.707876204906650403e-02,0.000000000000000000e+00,0.000000000000000000e+00,3.167524900394231291e-01,1.192984204280437721e+00,-4.973477514346176243e-01,-6.966536285349038682e-01,0.000000000000000000e+00,0.000000000000000000e+00,0.000000000000000000e+00,4.594872633970702447e-01,-1.157576592831756068e+00,4.776071061282337049e-01,-7.986259763200090900e-01,0.000000000000000000e+00,0.000000000000000000e+00,0.000000000000000000e+00
-1.708115289404934511e-01,1.074365920060488810e-01,9.259364939064137490e-01,1.823579308550081490e-02,-6.813266952205872425e-03,3.988059662864062438e-01,9.168286843780282247e-01,4.694712439104956753e-02,2.069759658582816519e-01,4.279077527794151736e-01,5.020349374600867332e-02,-5.127296527820955629e-02,-1.426807019221891515e-02,-1.917468157928806788e-02,-3.627212573571522158e-01,-2.456194465103060387e-01,7.019942066219111987e-02,9.840281862801718293e-02,2.040206552742160617e-01,-4.716650165922486870e-02,0.000000000000000000e+00,0.000000000000000000e+00,3.160801655409286037e-01,1.191637147464297275e+00,-4.991726395404656458e-01,-6.940485172876613706e-01,0.000000000000000000e+00,0.000000000000000000e+00,0.000000000000000000e+00,4.589232545461086610e-01,-1.155846949950243951e+00,4.781442020708724372e-01,-7.962583959026554581e-01,0.000000000000000000e+00,0.000000000000000000e+00,0.000000000000000000e+00
-1.708737662617803854e-01,1.071644568784140966e-01,9.260117078224429088e-01,1.806248602646550599e-02,-6.902999105921107763e-03,3.988168137340879493e-01,9.168267253330241173e-01,4.657572685285003150e-02,2.075273215071479216e-01,4.277236764982677575e-01,5.020328961644948684e-02,-5.039985831850235520e-02,-1.262004652326150812e-02,-1.893219394527973637e-02,-3.616902507825674462e-01,-2.446525015475090603e-01,6.906148846624114712e-02,9.900042194092252557e-02,2.038501659182709869e-01,-4.636861333597701307e-02,0.000000000000000000e+00,0.000000000000000000e+00,3.144622872531633861e-01,1.190003253884522882e+00,-5.005049614913490430e-01,-6.918203675405594222e-01,0.000000000000000000e+00,0.000000000000000000e+00,0.000000000000000000e+00,4.578168350125845221e-01,-1.154644261225767021e+00,4.795276168115559789e-01,-7.947378762952782560e-01,0.000000000000000000e+00,0.000000000000000000e+00,0.000000000000000000e+00
-1.709001361414126952e-01,1.068860517331448046e-01,9.261138669948915103e-01,1.812202906941471833e-02,-7.090508455744705570e-03,3.986102114637465887e-01,9.169139632861271760e-01,4.669445882828517774e-02,2.081338595103215672e-01,4.287055315591101756e-01,5.032985941924442153e-02,-4.716768174189438917e-02,-1.320457678796240278e-02,-1.837083846010431620e-02,-3.612594251058074413e-01,-2.450673867152460272e-01,6.793076723489435698e-02,1.002999098259791944e-01,2.032188957664766149e-01,-4.609663538620144968e-02,0.000000000000000000e+00,0.000000000000000000e+00,3.121247011825136197e-01,1.190485022295040940e+00,-5.015721037778784197e-01,-6.899125391945432062e-01,0.000000000000000000e+00,0.000000000000000000e+00,0.000000000000000000e+00,4.566220328426991437e-01,-1.152938750642504839e+00,4.802783268870168265e-01,-7.933446662997616361e-01,0.000000000000000000e+00,0.000000000000000000e+00,0.000000000000000000e+00
-1.708795660041348974e-01,1.066914084100907545e-01,9.261293033779186556e-01,1.800211784627708811e-02,-7.142294958375793208e-03,3.985574557847793575e-01,9.169388560935454180e-01,4.750315977323282118e-02,2.080553007995907255e-01,4.280752979965922744e-01,4.797642101565055550e-02,-4.557487397120101036e-02,-1.342989965482223672e-02,-1.805629709639702124e-02,-3.603410808486941508e-01,-2.440252898785132407e-01,6.656616551201971488e-02,1.012333222374236230e-01,2.022050797356189644e-01,-4.454287208670987958e-02,0.000000000000000000e+00,0.000000000000000000e+00,3.102756609390336928e-01,1.189195891486004797e+00,-5.022864750710467341e-01,-6.885531408155229904e-01,0.000000000000000000e+00,0.000000000000000000e+00,0.000000000000000000e+00,4.552046501473392404e-01,-1.151236976264506717e+00,4.817767809789328393e-01,-7.929292454696852399e-01,0.000000000000000000e+00,0.000000000000000000e+00,0.000000000000000000e+00
-1.708558842956314494e-01,1.065066734612257343e-01,9.262202160831444209e-01,1.807507558515651994e-02,-7.191944375010085946e-03,3.989468497168492389e-01,9.167676797748157691e-01,4.753736532389010727e-02,2.080362234483313089e-01,4.277754878331208044e-01,4.731067350486368311e-02,-4.399922902953290471e-02,-1.450958619954951893e-02,-1.777534147849605881e-02,-3.599269808364662371e-01,-2.429201110468420521e-01,6.636846995620918066e-02,1.020222621061936535e-01,1.995261628046280378e-01,-4.452798053416563706e-02,0.000000000000000000e+00,0.000000000000000000e+00,3.082732610394651185e-01,1.190154452253924022e+00,-5.039724578062708682e-01,-6.868677559145762723e-01,0.000000000000000000e+00,0.000000000000000000e+00,0.000000000000000000e+00,4.536324026812695309e-01,-1.150471688584592700e+00,4.843001694519036837e-01,-7.932077404440406321e-01,0.000000000000000000e+00,0.000000000000000000e+00,0.000000000000000000e+00
-1.707406185358717188e-01,1.065105544148998301e-01,9.262485123495083350e-01,1.770242307592579528e-02,-6.947939723052091489e-03,3.987650544832818666e-01,9.168559219821786899e-01,4.779625265055356675e-02,2.080723383859438558e-01,4.268903763369072957e-01,4.537106775890605709e-02,-4.421323453630477546e-02,-1.451709526292864309e-02,-1.754227762044896499e-02,-3.586938731210976838e-01,-2.417967222297310870e-01,6.415110888654805554e-02,1.022415792802666562e-01,2.008991402370595702e-01,-4.328494399828593242e-02,0.000000000000000000e+00,0.000000000000000000e+00,3.061433562929992136e-01,1.188897301933575124e+00,-5.055357525389840845e-01,-6.864356577178745145e-01,0.000000000000000000e+00,0.000000000000000000e+00,0.000000000000000000e+00,4.521543194170654645e-01,-1.150231896395993880e+00,4.875015344897587477e-01,-7.921765231932093032e-01,0.000000000000000000e+00,0.000000000000000000e+00,0.000000000000000000e+00
-1.706136902680171208e-01,1.065413496432897483e-01,9.262535231380143452e-01,1.758312773523361058e-02,-6.755922992298284482e-03,3.989650127133208546e-01,9.167726597986155523e-01,4.738361683068474661e-02,2.084149443065151097e-01,4.278574956652181349e-01,4.541801960990780179e-02,-4.422093780134059987e-02,-1.479495484387270861e-02,-1.745017556451592539e-02,-3.587472271812781055e-01,-2.434956509009217340e-01,6.386516512879167329e-02,1.020080313657720783e-01,2.006670202380191614e-01,-4.269577400892417968e-02,0.000000000000000000e+00,0.000000000000000000e+00,3.063928527645747857e-01,1.187662757716242856e+00,-5.051458036088702919e-01,-6.831150443039518683e-01,0.000000000000000000e+00,0.000000000000000000e+00,0.000000000000000000e+00,4.525421553059374991e-01,-1.149083796335866881e+00,4.882625442054420728e-01,-7.896835796366548088e-01,0.000000000000000000e+00,0.000000000000000000e+00,0.000000000000000000e+00
-1.704191472467447843e-01,1.066730012811193812e-01,9.262897006023775859e-01,1.729366260263677513e-02,-6.279126923885620243e-03,3.988382458062508240e-01,9.168367114601443379e-01,4.700823286917444471e-02,2.084025200528994426e-01,4.275203146111721808e-01,4.450588607238551569e-02,-4.494048549749184163e-02,-1.604171812110346401e-02,-1.765058459801785093e-02,-3.583020976023637005e-01,-2.438537158680268158e-01,6.243671677350737942e-02,1.019742744071199109e-01,2.017182371148140141e-01,-4.160499841811107768e-02,0.000000000000000000e+00,0.000000000000000000e+00,3.065705140348125579e-01,1.187112070790317775e+00,-5.066130214982670354e-01,-6.819155452648105742e-01,0.000000000000000000e+00,0.000000000000000000e+00,0.000000000000000000e+00,4.512993461128468886e-01,-1.149757344039494367e+00,4.914087240484350527e-01,-7.897179227865934736e-01,0.000000000000000000e+00,0.000000000000000000e+00,0.000000000000000000e+00
-1.702079739834178596e-01,1.068203367158119255e-01,9.262641101037762947e-01,1.710647720884527281e-02,-6.149779752042038201e-03,3.992732593785065509e-01,9.166517402982268248e-01,4.668252239218218663e-02,2.080826706623831734e-01,4.245505159577140364e-01,4.412423155904336008e-02,-4.697600432977854651e-02,-1.467704095726462404e-02,-1.781876694754985432e-02,-3.576889939214143443e-01,-2.419905870414205129e-01,6.298647172003320194e-02,1.008659061134555279e-01,2.000106771649330373e-01,-4.074822039591749490e-02,0.000000000000000000e+00,0.000000000000000000e+00,3.068593707284772432e-01,1.184053806285460864e+00,-5.050331386056337024e-01,-6.797973453066218363e-01,0.000000000000000000e+00,0.000000000000000000e+00,0.000000000000000000e+00,4.506854932679800751e-01,-1.149032282009416761e+00,4.924477399251626641e-01,-7.897912126290395074e-01,0.000000000000000000e+00,0.000000000000000000e+00,0.000000000000000000e+00
-1.700044095198208483e-01,1.070240462297111644e-01,9.262060233459478154e-01,1.709849198638156015e-02,-5.880866203711182690e-03,3.992729067559168676e-01,9.166538075605019653e-01,4.712321439021252556e-02,2.076965435172256347e-01,4.253871626361631075e-01,4.288385772495975634e-02,-4.735431468749808082e-02,-1.472777533043148276e-02,-1.829378524809715037e-02,-3.581314729751741699e-01,-2.426416927435732784e-01,6.344289349299184200e-02,1.005491943287382117e-01,1.995187155532585632e-01,-4.035578154529702311e-02,0.000000000000000000e+00,0.000000000000000000e+00,3.064300456730776889e-01,1.184950160633232441e+00,-5.062573761973451214e-01,-6.794081921596015761e-01,0.000000000000000000e+00,0.000000000000000000e+00,0.000000000000000000e+00,4.499558937774221778e-01,-1.150761474852543209e+00,4.956846636264902184e-01,-7.899888969792073778e-01,0.000000000000000000e+00,0.000000000000000000e+00,0.000000000000000000e+00
-1.697918043771712016e-01,1.072440629242800009e-01,9.262172802787043135e-01,1.693126861182265436e-02,-5.701733315381648376e-03,3.998640768670982948e-01,9.164003177714512560e-01,4.672760894524987524e-02,2.079173259000967056e-01,4.256208085449209588e-01,4.273969615695703134e-02,-4.684329076601902869e-02,-1.428497537433996538e-02,-1.803172923291957580e-02,-3.580438525570553421e-01,-2.426915345388473144e-01,6.355843850080496182e-02,1.010212731637152306e-01,1.999113091027798217e-01,-4.009242222451396553e-02,0.000000000000000000e+00,0.000000000000000000e+00,3.073247594391350646e-01,1.182949555630971483e+00,-5.046167764274148704e-01,-6.763593125880349444e-01,0.000000000000000000e+00,0.000000000000000000e+00,0.000000000000000000e+00,4.507352408800683885e-01,-1.150524883205533921e+00,4.966206451534529442e-01,-7.874120425500821252e-01,0.000000000000000000e+00,0.000000000000000000e+00,0.000000000000000000e+00
-1.696410248089613992e-01,1.075121005016762554e-01,9.262035382486594193e-01,1.654337115555038276e-02,-5.288897119706581322e-03,4.000605519648545716e-01,9.163241234408495695e-01,4.678860283947963716e-02,2.077839364043111980e-01,4.253969790261987738e-01,4.093244981587999820e-02,-4.865852973502097362e-02,-1.517567295090126687e-02,-1.818133632117694895e-02,-3.574990017943692200e-01,-2.427662771973623235e-01,6.286146964704408813e-02,9.934700334227897223e-02,1.993530922557768814e-01,-3.954125050656517176e-02,0.000000000000000000e+00,0.000000000000000000e+00,3.085362545446692639e-01,1.180709554067330691e+00,-5.057519862645919462e-01,-6.752264742203631931e-01,0.000000000000000000e+00,0.000000000000000000e+00,0.000000000000000000e+00,4.509675432973955234e-01,-1.150478888736415461e+00,4.993553079221353386e-01,-7.857796047356228053e-01,0.000000000000000000e+00,0.000000000000000000e+00,0.000000000000000000e+00
-1.694764922715643052e-01,1.077492529738547228e-01,9.261821189603358651e-01,1.658188665362551537e-02,-5.023027788027828108e-03,4.002171468987044123e-01,9.162565391608981091e-01,4.741444075322886337e-02,2.067835709565463143e-01,4.242144987950398072e-01,3.899064851456734981e-02,-4.910469987674585812e-02,-1.587744614931825213e-02,-1.826698615022257291e-02,-3.576754380442407344e-01,-2.418732400865253596e-01,6.290589113206145055e-02,9.849438286679217114e-02,1.981676190274275495e-01,-3.937071045888023563e-02,0.000000000000000000e+00,0.000000000000000000e+00,3.074778170180233472e-01,1.181839346926035539e+00,-5.074879731887461665e-01,-6.755845730470981803e-01,0.000000000000000000e+00,0.000000000000000000e+00,0.000000000000000000e+00,4.493610062984149112e-01,-1.151419163036635496e+00,5.032159426759885701e-01,-7.860340919274602101e-01,0.000000000000000000e+00,0.000000000000000000e+00,0.000000000000000000e+00
-1.693899076944893056e-01,1.079544545896295449e-01,9.261883305536500188e-01,1.618792411298182465e-02,-4.490469197075693843e-03,4.009626162854470488e-01,9.159403731361720480e-01,4.647855502562531910e-02,2.068728048678158959e-01,4.246131040166076787e-01,3.786907297865590993e-02,-4.967235760826221175e-02,-1.741006951913742079e-02,-1.850330632080021687e-02,-3.576093591060812704e-01,-2.428873791371040092e-01,6.243605383321529367e-02,9.882882777573506750e-02,1.997264917081975066e-01,-3.883010029516532208e-02,0.000000000000000000e+00,0.000000000000000000e+00,3.075267071170173505e-01,1.180529451432405175e+00,-5.082311113803187341e-01,-6.730185152609701182e-01,0.000000000000000000e+00,0.000000000000000000e+00,0.000000000000000000e+00,4.497458022540586908e-01,-1.151559336916696541e+00,5.058283526251849960e-01,-7.839473880728331512e-01,0.000000000000000000e+00,0.000000000000000000e+00,0.000000000000000000e+00
-1.693017766086250819e-01,1.081365275727964453e-01,9.261825093735500669e-01,1.595921821338475849e-02,-4.007975822345580079e-03,4.017120185052923120e-01,9.156182030039743402e-01,4.617918067341235389e-02,2.059845241124995119e-01,4.225587297967478007e-01,3.538910734387489682e-02,-5.000895576595563302e-02,-1.823305609089443530e-02,-1.906997935935912658e-02,-3.574800592679007738e-01,-2.420545158094497273e-01,6.269417001706735493e-02,9.871809131460600184e-02,1.973986351495121694e-01,-3.890223889559852460e-02,0.000000000000000000e+00,0.000000000000000000e+00,3.071807742810865327e-01,1.179589678433476729e+00,-5.089929876172112344e-01,-6.718279984432519170e-01,0.000000000000000000e+00,0.000000000000000000e+00,0.000000000000000000e+00,4.498166907781743773e-01,-1.151430437470626567e+00,5.087218905641351929e-01,-7.828464488530841869e-01,0.000000000000000000e+00,0.000000000000000000e+00,0.000000000000000000e+00
-1.694211332661907654e-01,1.082025849172381649e-01,9.261926801813340493e-01,1.581949636358991398e-02,-4.312395951457085111e-03,4.017958254072966362e-01,9.155824711413099726e-01,4.666220144991523044e-02,2.066013927224883695e-01,4.240111003418278179e-01,3.534405189643012590e-02,-4.943176744499856723e-02,-1.742805517074948532e-02,-1.883968147647313227e-02,-3.573246539626939722e-01,-2.430192278711847953e-01,6.333192594619281579e-02,9.915441709324747388e-02,1.973641642392528761e-01,-3.826380068866151035e-02,0.000000000000000000e+00,0.000000000000000000e+00,3.056957738395603696e-01,1.177800049799839099e+00,-5.091700181083756993e-01,-6.726128875398544871e-01,0.000000000000000000e+00,0.000000000000000000e+00,0.000000000000000000e+00,4.486628282849222660e-01,-1.152388224082196100e+00,5.102027267706439329e-01,-7.813857457449500110e-01,0.000000000000000000e+00,0.000000000000000000e+00,0.000000000000000000e+00
-1.695360175321581897e-01,1.082247914775835151e-01,9.262224871706117302e-01,1.567067887756226283e-02,-4.498825516994878898e-03,4.030943578725305065e-01,9.150131851748445344e-01,4.649902095831692089e-02,2.064757703694999058e-01,4.224578330081595889e-01,3.413384640842750950e-02,-4.846766485057035084e-02,-1.678572075586920800e-02,-1.759710757727549202e-02,-3.569857645498322185e-01,-2.430460576555549812e-01,6.295893250200325364e-02,1.012618212448840316e-01,1.966460447446579662e-01,-3.797170874103614896e-02,0.000000000000000000e+00,0.000000000000000000e+00,3.030752877524106048e-01,1.176622625468896510e+00,-5.087155011132472593e-01,-6.727069232904369089e-01,0.000000000000000000e+00,0.000000000000000000e+00,0.000000000000000000e+00,4.489662202727895401e-01,-1.152507269367219367e+00,5.125169130657151184e-01,-7.797749844194553637e-01,0.000000000000000000e+00,0.000000000000000000e+00,0.000000000000000000e+00
-1.696756159849117374e-01,1.081706351888423179e-01,9.262125187815073435e-01,1.573806019085109698e-02,-4.265508803027786948e-03,4.040741476597642934e-01,9.145808887622327576e-01,4.580936422156703380e-02,2.056005431470271927e-01,4.200525772518006740e-01,3.288735920481686975e-02,-4.813062684316950224e-02,-1.927845739851730480e-02,-1.690901629194417957e-02,-3.572945535730024380e-01,-2.441879477025522827e-01,6.236001787791476542e-02,9.984942630427726118e-02,1.918472451618306041e-01,-3.733153585441825739e-02,0.000000000000000000e+00,0.000000000000000000e+00,3.001214386106043075e-01,1.177996055785178520e+00,-5.109066284028739302e-01,-6.722441029237443688e-01,0.000000000000000000e+00,0.000000000000000000e+00,0.000000000000000000e+00,4.476657042620659777e-01,-1.153504900444522807e+00,5.172795549298818685e-01,-7.811063798729890317e-01,0.000000000000000000e+00,0.000000000000000000e+00,0.000000000000000000e+00
-1.699271051193902426e-01,1.081660049646245986e-01,9.262428180016987200e-01,1.541665146425539624e-02,-4.655057198807332347e-03,4.035096422810679484e-01,9.148336602280819907e-01,4.625077145927816019e-02,2.065646888946141013e-01,4.212617038681790715e-01,3.327148175651465506e-02,-4.819617140256694798e-02,-1.666586974161202855e-02,-1.745519373237007163e-02,-3.564212307268919688e-01,-2.433956964784848020e-01,6.283220950989472364e-02,1.013068755834936469e-01,1.930377100177320671e-01,-3.550222021381853332e-02,0.000000000000000000e+00,0.000000000000000000e+00,2.992998638279312229e-01,1.173000101323654176e+00,-5.112041772605441237e-01,-6.726407483541729793e-01,0.000000000000000000e+00,0.000000000000000000e+00,0.000000000000000000e+00,4.467225856628095904e-01,-1.154174994010711552e+00,5.184638363145595008e-01,-7.776758922738656876e-01,0.000000000000000000e+00,0.000000000000000000e+00,0.000000000000000000e+00
-1.701615014472983023e-01,1.082071493259547934e-01,9.263046350998759282e-01,1.504940063187807688e-02,-4.594627903091451013e-03,4.039980275376468533e-01,9.146245123988006043e-01,4.611491654571270998e-02,2.069116084493173580e-01,4.221208914713416860e-01,3.192441018114099138e-02,-4.733429450705441133e-02,-1.773398003106309989e-02,-1.664264949938925112e-02,-3.557750663602559094e-01,-2.439997537447432530e-01,6.080318593287267065e-02,1.036089043051159203e-01,1.941635048963095134e-01,-3.412875797239848380e-02,0.000000000000000000e+00,0.000000000000000000e+00,2.979560939724247293e-01,1.170681510552652904e+00,-5.109520858616211081e-01,-6.723648906031387540e-01,0.000000000000000000e+00,0.000000000000000000e+00,0.000000000000000000e+00,4.470015880596138191e-01,-1.154499675032165440e+00,5.213468546011243987e-01,-7.738251704848023715e-01,0.000000000000000000e+00,0.000000000000000000e+00,0.000000000000000000e+00
-1.704365531992719784e-01,1.081885259581557152e-01,9.262744818263185520e-01,1.489661715423541005e-02,-4.710732091650097694e-03,4.047206732933477102e-01,9.143068830592383511e-01,4.632768644841110672e-02,2.062245811976289867e-01,4.192860766704984421e-01,2.987531515434726712e-02,-4.810128844046782787e-02,-1.720516383700229288e-02,-1.613140600053523249e-02,-3.552080409393225668e-01,-2.429023312105122456e-01,6.032864246440838157e-02,1.039025663368109142e-01,1.907961581739368584e-01,-3.307980632394003778e-02,0.000000000000000000e+00,0.000000000000000000e+00,2.949896253347631392e-01,1.169818462115626012e+00,-5.120127566346210912e-01,-6.735683430952520423e-01,0.000000000000000000e+00,0.000000000000000000e+00,0.000000000000000000e+00,4.453706014944557312e-01,-1.156169192580657867e+00,5.252304167161557791e-01,-7.745727622308065108e-01,0.000000000000000000e+00,0.000000000000000000e+00,0.000000000000000000e+00
-1.707085684048987029e-01,1.081968286477156538e-01,9.263085858264479278e-01,1.483543378753919909e-02,-4.883338744807521302e-03,4.054806024989560109e-01,9.139702095277080218e-01,4.553434512727105171e-02,2.065044676999543416e-01,4.188140820612513693e-01,3.071793091160249234e-02,-4.735178850497481773e-02,-1.817330431672885271e-02,-1.519896297267138083e-02,-3.553589427887250962e-01,-2.444627021860760197e-01,6.015503762606023985e-02,1.044608691634484055e-01,1.900961532251686792e-01,-3.269862930033481940e-02,0.000000000000000000e+00,0.000000000000000000e+00,2.915201254406460385e-01,1.170483750298067172e+00,-5.126352614284989118e-01,-6.747432496019760695e-01,0.000000000000000000e+00,0.000000000000000000e+00,0.000000000000000000e+00,4.443463224099037934e-01,-1.157989693461728420e+00,5.273489570798766124e-01,-7.739505547637945959e-01,0.000000000000000000e+00,0.000000000000000000e+00,0.000000000000000000e+00
-1.710031070431085598e-01,1.083818369604508808e-01,9.263921465354222340e-01,1.421686925313627933e-02,-4.735098547672621748e-03,4.055303468485273455e-01,9.139587503029313886e-01,4.509336165146421438e-02,2.067745389593387828e-01,4.180843750949556625e-01,2.960694563272458363e-02,-4.809427356626538863e-02,-1.710844183405982322e-02,-1.516256097082587309e-02,-3.537794698962589690e-01,-2.420823707409101855e-01,5.796709673619659248e-02,1.064235730614617320e-01,1.908711032160655408e-01,-3.076309574267048833e-02,0.000000000000000000e+00,0.000000000000000000e+00,2.911457537005280316e-01,1.166566174509693354e+00,-5.130579333352518479e-01,-6.752937906437190829e-01,0.000000000000000000e+00,0.000000000000000000e+00,0.000000000000000000e+00,4.442848748431045269e-01,-1.159881928119692374e+00,5.287273490666096754e-01,-7.708330537752273726e-01,0.000000000000000000e+00,0.000000000000000000e+00,0.000000000000000000e+00
-1.713624001000116637e-01,1.085241296150408902e-01,9.264157200854805652e-01,1.427864881746199535e-02,-5.109895752298485375e-03,4.053057060874450390e-01,9.140554106651884725e-01,4.496892706698907283e-02,2.068632037128400047e-01,4.181556334830556221e-01,3.128459336780344685e-02,-4.803553174385769703e-02,-1.443847281154499694e-02,-1.508295578263807446e-02,-3.538679035654623828e-01,-2.412912893511727774e-01,5.836079213447886022e-02,1.076218627505597936e-01,1.891873794744017567e-01,-3.026386647204796360e-02,0.000000000000000000e+00,0.000000000000000000e+00,2.911462533134671071e-01,1.164830549039753249e+00,-5.133320644942659383e-01,-6.747763519429899048e-01,0.000000000000000000e+00,0.000000000000000000e+00,0.000000000000000000e+00,4.437550134895484888e-01,-1.162315995367806831e+00,5.283045205878361683e-01,-7.685938956916464893e-01,0.000000000000000000e+00,0.000000000000000000e+00,0.000000000000000000e+00
-1.716269492742250879e-01,1.087851598102538980e-01,9.264234853694315319e-01,1.394555012188874316e-02,-4.863213231713966501e-03,4.059771137831414412e-01,9.137638939426152573e-01,4.386266655468702702e-02,2.068219594448070242e-01,4.178126474909488741e-01,3.112898412768362946e-02,-4.775627351683057326e-02,-1.476374916626392933e-02,-1.518308609717573809e-02,-3.539910604106559777e-01,-2.422892980108780070e-01,5.805424294675601282e-02,1.092379318770311802e-01,1.891375208855801959e-01,-2.973411576969941725e-02,0.000000000000000000e+00,0.000000000000000000e+00,2.916241385487626792e-01,1.160693027609599692e+00,-5.112361173749400134e-01,-6.744471078398218689e-01,0.000000000000000000e+00,0.000000000000000000e+00,0.000000000000000000e+00,4.455705797247477284e-01,-1.163133577046143508e+00,5.282089296469879569e-01,-7.661638738596427967e-01,0.000000000000000000e+00,0.000000000000000000e+00,0.000000000000000000e+00
-1.718938639049508166e-01,1.090962128694298733e-01,9.263272988906924299e-01,1.367111546659522531e-02,-4.291184808443391195e-03,4.064679562230877896e-01,9.135526733027847790e-01,4.342588053748800553e-02,2.059491169661821219e-01,4.181717691380779645e-01,2.915305192124465275e-02,-4.994734629458264658e-02,-1.673266376093122260e-02,-1.533200456436333015e-02,-3.544130572305225213e-01,-2.432064988951129769e-01,5.676560836074542871e-02,1.084820489952784545e-01,1.897222506017968158e-01,-3.042487036997870362e-02,0.000000000000000000e+00,0.000000000000000000e+00,2.905230395733999771e-01,1.160997000274098578e+00,-5.111712285164721203e-01,-6.765547578711427201e-01,0.000000000000000000e+00,0.000000000000000000e+00,0.000000000000000000e+00,4.465786753631632577e-01,-1.165743657146555368e+00,5.286268665119787658e-01,-7.663753713801462197e-01,0.000000000000000000e+00,0.000000000000000000e+00,0.000000000000000000e+00
-1.721907980667613525e-01,1.094516786405839714e-01,9.263378573608326283e-01,1.317161691871686878e-02,-4.297773241301582406e-03,4.061478063131862548e-01,9.137023569411975021e-01,4.319112417726909264e-02,2.064147761967224937e-01,4.191073313114961341e-01,2.947653762408422237e-02,-5.167538183859531759e-02,-1.322015247207083966e-02,-1.575589864152426856e-02,-3.537259699635679211e-01,-2.422044805326826200e-01,5.611801088075712984e-02,1.103381926284152381e-01,1.921997123161885979e-01,-3.002716733399022134e-02,0.000000000000000000e+00,0.000000000000000000e+00,2.925213133956147682e-01,1.156353384534265505e+00,-5.110352661741347502e-01,-6.769268716038909783e-01,0.000000000000000000e+00,0.000000000000000000e+00,0.000000000000000000e+00,4.484330197718406907e-01,-1.168651357127059587e+00,5.270641854646734847e-01,-7.627426341435389334e-01,0.000000000000000000e+00,0.000000000000000000e+00,0.000000000000000000e+00
-1.724233155177296861e-01,1.097673278902621397e-01,9.264020630892065844e-01,1.286618758844813165e-02,-4.130108432743606964e-03,4.060722529356880495e-01,9.137410622364561252e-01,4.257481171081933802e-02,2.063432999456544514e-01,4.187212153180557839e-01,2.971901667451103818e-02,-5.179290793724106168e-02,-1.244608994608993255e-02,-1.614014982847365026e-02,-3.536918022387537386e-01,-2.423240749437841346e-01,5.579002063868698097e-02,1.115423640974397695e-01,1.937242937861981262e-01,-2.978784855058303968e-02,0.000000000000000000e+00,0.000000000000000000e+00,2.949274156401389679e-01,1.152025059569625531e+00,-5.078705888017097658e-01,-6.749668820067334929e-01,0.000000000000000000e+00,0.000000000000000000e+00,0.000000000000000000e+00,4.517452265899334907e-01,-1.169087896090800438e+00,5.239188463793899020e-01,-7.590629542834711474e-01,0.000000000000000000e+00,0.000000000000000000e+00,0.000000000000000000e+00
-1.726265753999367547e-01,1.100188262599120503e-01,9.263872672409951825e-01,1.268074902898585696e-02,-3.903540348981356881e-03,4.057791438487373670e-01,9.138748532453409013e-01,4.236041824422578234e-02,2.061078504903003372e-01,4.187655369752893986e-01,2.949852615955965082e-02,-5.273044533280652618e-02,-1.343843600020267967e-02,-1.692197042319776301e-02,-3.537738468709974993e-01,-2.421202518550109595e-01,5.592462616365337369e-02,1.108168932473476975e-01,1.929931454976203387e-01,-2.916097857691170303e-02,0.000000000000000000e+00,0.000000000000000000e+00,2.966685586043623646e-01,1.150631950332084763e+00,-5.053283120906774117e-01,-6.756663004812637485e-01,0.000000000000000000e+00,0.000000000000000000e+00,0.000000000000000000e+00,4.535360134378500496e-01,-1.171008199132626215e+00,5.224252050770039624e-01,-7.587471083051479104e-01,0.000000000000000000e+00,0.000000000000000000e+00,0.000000000000000000e+00
-1.728471300357410645e-01,1.102192167589287342e-01,9.263746245973922822e-01,1.260974969957404102e-02,-4.100783016828217845e-03,4.056380307836138233e-01,9.139376159088510310e-01,4.245353438648429012e-02,2.063676694233864684e-01,4.193292635845642380e-01,3.022442196519789515e-02,-5.268470801748255383e-02,-1.365928649084652974e-02,-1.648309023705295598e-02,-3.541229103964721459e-01,-2.438203319494354759e-01,5.569121524006311053e-02,1.120350615034963471e-01,1.948279405037548484e-01,-2.938405452767253387e-02,0.000000000000000000e+00,0.000000000000000000e+00,2.973294200164919854e-01,1.149409047862149480e+00,-5.043792674938203380e-01,-6.767137202527013784e-01,0.000000000000000000e+00,0.000000000000000000e+00,0.000000000000000000e+00,4.540369143930980123e-01,-1.173457079012850679e+00,5.214769362039960443e-01,-7.587414804586424255e-01,0.000000000000000000e+00,0.000000000000000000e+00,0.000000000000000000e+00
-1.730222449519517314e-01,1.103730351079970640e-01,9.264241863565764179e-01,1.231286859345072024e-02,-3.850954355016133861e-03,4.054585315434759973e-01,9.140223972180130385e-01,4.182996643102528112e-02,2.060653519599394967e-01,4.176353065069643433e-01,2.975839562960427842e-02,-5.292911736295254077e-02,-1.227844293183877333e-02,-1.731963720373990573e-02,-3.535556388317936949e-01,-2.422646245534000042e-01,5.526232808757688270e-02,1.125057634756935765e-01,1.932037811693519402e-01,-2.914149385430008302e-02,0.000000000000000000e+00,0.000000000000000000e+00,2.985652437225308486e-01,1.147170585519097008e+00,-5.044869359434948075e-01,-6.764626289700397255e-01,0.000000000000000000e+00,0.000000000000000000e+00,0.000000000000000000e+00,4.540782839631664070e-01,-1.175230632855334578e+00,5.222780124734572871e-01,-7.579701840505970178e-01,0.000000000000000000e+00,0.000000000000000000e+00,0.000000000000000000e+00
-1.732611246726693810e-01,1.104701646383165481e-01,9.263830305455790226e-01,1.207266206272154981e-02,-3.791181397654426986e-03,4.055163717946402846e-01,9.140001914555816454e-01,4.176634537166461214e-02,2.060019748306156362e-01,4.174059434056790474e-01,2.908585489770551535e-02,-5.470309561917877095e-02,-1.278084226712934701e-02,-1.763196728289024781e-02,-3.534391149461511006e-01,-2.424571443707647933e-01,5.520310114064364698e-02,1.123889257251260293e-01,1.941018569672674499e-01,-2.940418344888971400e-02,0.000000000000000000e+00,0.000000000000000000e+00,2.988931098784118889e-01,1.145884541602838702e+00,-5.042885696118295513e-01,-6.775596345920908981e-01,0.000000000000000000e+00,0.000000000000000000e+00,0.000000000000000000e+00,4.542706941381537966e-01,-1.176934654554587567e+00,5.223983912952477882e-01,-7.561957310469604732e-01,0.000000000000000000e+00,0.000000000000000000e+00,0.000000000000000000e+00
-1.735006386944067669e-01,1.105077901959793801e-01,9.263670484218690104e-01,1.182617069571596444e-02,-3.728316186194167037e-03,4.059210090032330798e-01,9.138240398429490208e-01,4.065970902779152824e-02,2.061269235451402004e-01,4.163496768265901871e-01,2.978333670048686349e-02,-5.565331020937709650e-02,-1.159829340261467681e-02,-1.791795614535090023e-02,-3.533042987379996225e-01,-2.425016141739026188e-01,5.521180380285021366e-02,1.134001189193082348e-01,1.943770555613765494e-01,-2.947495645133197881e-02,0.000000000000000000e+00,0.000000000000000000e+00,2.988717799741374970e-01,1.142414272316337520e+00,-5.036772460043423827e-01,-6.780105434827187194e-01,0.000000000000000000e+00,0.000000000000000000e+00,0.000000000000000000e+00,4.539517696282681092e-01,-1.177159902587786577e+00,5.222595671208026813e-01,-7.549986945709573627e-01,0.000000000000000000e+00,0.000000000000000000e+00,0.000000000000000000e+00
-1.737511045429316059e-01,1.105494303864871519e-01,9.264016688155022328e-01,1.173407924389028439e-02,-3.569510966077832446e-03,4.049737023970361172e-01,9.142460666268119596e-01,4.072630589406603385e-02,2.057156277185223370e-01,4.164194190537252593e-01,2.943902638712467268e-02,-5.598815490440874065e-02,-9.879977336920690856e-03,-1.947113146381641499e-02,-3.530772860466137031e-01,-2.401388913986441942e-01,5.525188823978383068e-02,1.138189456352427936e-01,1.949054650682464362e-01,-3.017581179608864669e-02,0.000000000000000000e+00,0.000000000000000000e+00,2.986351065004662630e-01,1.141191378670605161e+00,-5.065939941874402219e-01,-6.784726716114063416e-01,0.000000000000000000e+00,0.000000000000000000e+00,0.000000000000000000e+00,4.511518383004287647e-01,-1.179273773335817621e+00,5.244961517731003831e-01,-7.553800294278409933e-01,0.000000000000000000e+00,0.000000000000000000e+00,0.000000000000000000e+00
-1.740429199044002395e-01,1.105277311787212779e-01,9.264049440270761826e-01,1.169449507085700522e-02,-3.742327114002821226e-03,4.038520205171342026e-01,9.147419195035486617e-01,4.097080031904187097e-02,2.062703321404734114e-01,4.181161752102118268e-01,3.063014640750717776e-02,-5.588180983828479331e-02,-9.995835735842796207e-03,-1.961841590739720614e-02,-3.527122019946131171e-01,-2.394404714965637782e-01,5.389822133796384751e-02,1.138813489621843256e-01,1.963446942462784284e-01,-2.970993782780153789e-02,0.000000000000000000e+00,0.000000000000000000e+00,2.974038675774007268e-01,1.140074897594590464e+00,-5.095944717681183400e-01,-6.795720471224836468e-01,0.000000000000000000e+00,0.000000000000000000e+00,0.000000000000000000e+00,4.475793790627541902e-01,-1.181689887467820332e+00,5.273881701646713216e-01,-7.546715289191961995e-01,0.000000000000000000e+00,0.000000000000000000e+00,0.000000000000000000e+00
-1.742861973978330481e-01,1.105308186475153776e-01,9.264098703285100767e-01,1.164215111446341780e-02,-3.848068108601007155e-03,4.033759395487800936e-01,9.149521867739305314e-01,4.087944288785773372e-02,2.066653168491705550e-01,4.197771188718090185e-01,3.151436365717863453e-02,-5.596208520368831790e-02,-9.184557606253484358e-03,-1.999816941499064915e-02,-3.528169703819815650e-01,-2.399399584079778547e-01,5.363216434279245021e-02,1.156717500462347142e-01,1.973774222337168760e-01,-2.976318157085658736e-02,0.000000000000000000e+00,0.000000000000000000e+00,2.971096583095650390e-01,1.138539036391490900e+00,-5.118399706885441436e-01,-6.786402573497657409e-01,0.000000000000000000e+00,0.000000000000000000e+00,0.000000000000000000e+00,4.448769460760953476e-01,-1.183750987305509650e+00,5.300915099252252460e-01,-7.526827251967708188e-01,0.000000000000000000e+00,0.000000000000000000e+00,0.000000000000000000e+00
-1.744719236509766347e-01,1.105178492860574291e-01,9.264480876996624703e-01,1.160796702601394129e-02,-3.783471174609210827e-03,4.031622816890830241e-01,9.150470562056604029e-01,4.092316675944884796e-02,2.063559685549159750e-01,4.198804733833122471e-01,3.092570032654392426e-02,-5.539747383442446271e-02,-8.699651042499902120e-03,-2.052871564644757549e-02,-3.530923271660151297e-01,-2.404378991740367677e-01,5.374313217234719109e-02,1.162698961720957519e-01,1.983504136477847735e-01,-2.976201461218955235e-02,0.000000000000000000e+00,0.000000000000000000e+00,2.968854502561882880e-01,1.136357894656587986e+00,-5.119085608452281777e-01,-6.775031153962020047e-01,0.000000000000000000e+00,0.000000000000000000e+00,0.000000000000000000e+00,4.429481980651782114e-01,-1.183727671607840648e+00,5.316927582717827505e-01,-7.508312685010928300e-01,0.000000000000000000e+00,0.000000000000000000e+00,0.000000000000000000e+00
-1.746356672559990775e-01,1.105554590289656025e-01,9.264231515893440738e-01,1.148657808336274108e-02,-3.587760759807994901e-03,4.028814882263739294e-01,9.151730398898155761e-01,4.086214080745866756e-02,2.060824447794247505e-01,4.200479070833429418e-01,3.018616472187871796e-02,-5.629278692470410933e-02,-8.579262781036933738e-03,-2.126623432482011369e-02,-3.529089924313787430e-01,-2.392702788913646517e-01,5.326515773799126580e-02,1.166262088210587994e-01,1.981279124470337050e-01,-3.037797161733787887e-02,0.000000000000000000e+00,0.000000000000000000e+00,2.968237363509033666e-01,1.135530033745387968e+00,-5.127077446037970887e-01,-6.777219710607500502e-01,0.000000000000000000e+00,0.000000000000000000e+00,0.000000000000000000e+00,4.413610553285008398e-01,-1.183309294405204604e+00,5.324594541426834748e-01,-7.494699961807134159e-01,0.000000000000000000e+00,0.000000000000000000e+00,0.000000000000000000e+00
-1.747300616715400379e-01,1.106394982056327636e-01,9.264747137430932034e-01,1.124350416856505566e-02,-3.357715040894613482e-03,4.031372172327241099e-01,9.150643110981705464e-01,4.002836015883026038e-02,2.059103607954086979e-01,4.187471783703339279e-01,3.002913287143814045e-02,-5.676231296990085634e-02,-7.581447721949814873e-03,-2.215008170319599651e-02,-3.526031253496842988e-01,-2.381933856189175636e-01,5.388759621029926700e-02,1.168289939648040066e-01,1.968987653340709132e-01,-2.987376409631913032e-02,0.000000000000000000e+00,0.000000000000000000e+00,2.971530456336388681e-01,1.133743214375430686e+00,-5.119720424904676825e-01,-6.765116394811157008e-01,0.000000000000000000e+00,0.000000000000000000e+00,0.000000000000000000e+00,4.413244725120814560e-01,-1.182897271424159014e+00,5.333749374667445808e-01,-7.482374067034560650e-01,0.000000000000000000e+00,0.000000000000000000e+00,0.000000000000000000e+00
-1.747788027503368036e-01,1.107995480329345556e-01,9.264671650130651415e-01,1.109068229958863269e-02,-2.994840992628812829e-03,4.024027892388577499e-01,9.153906395120849915e-01,3.982265188373325382e-02,2.057099179917486476e-01,4.191649423885268066e-01,2.968251011786843946e-02,-5.660272244038126038e-02,-7.768366688317575319e-03,-2.274678575661482835e-02,-3.523745671950120339e-01,-2.375315982680351601e-01,5.234564152920429675e-02,1.166337025445313286e-01,1.973670703122446246e-01,-2.933163154534153966e-02,0.000000000000000000e+00,0.000000000000000000e+00,2.978770380430242337e-01,1.132868497493968452e+00,-5.124611489428875233e-01,-6.765231883562066173e-01,0.000000000000000000e+00,0.000000000000000000e+00,0.000000000000000000e+00,4.409917707109133334e-01,-1.182731216576393463e+00,5.343912449097836248e-01,-7.471440528533523917e-01,0.000000000000000000e+00,0.000000000000000000e+00,0.000000000000000000e+00
-1.748295525630186587e-01,1.109426104802736512e-01,9.264276873856155392e-01,1.092816535907450981e-02,-2.704003362808660247e-03,4.024383957702227788e-01,9.153778461256248944e-01,3.910318200222195895e-02,2.056924292466728865e-01,4.194707340489652325e-01,3.008968532723695077e-02,-5.830684529524050863e-02,-7.835739059772528492e-03,-2.387068766949198770e-02,-3.525637236991081003e-01,-2.370909493702844373e-01,5.322246207712810762e-02,1.161442894208395415e-01,1.974394145184752702e-01,-2.913171656769525386e-02,0.000000000000000000e+00,0.000000000000000000e+00,2.984796882205782431e-01,1.130756250698164544e+00,-5.127931022370417757e-01,-6.757812141283487950e-01,0.000000000000000000e+00,0.000000000000000000e+00,0.000000000000000000e+00,4.407888024849728192e-01,-1.182656895707962397e+00,5.351325678246084960e-01,-7.460722958187707698e-01,0.000000000000000000e+00,0.000000000000000000e+00,0.000000000000000000e+00
-1.748106832838629832e-01,1.111170906600815050e-01,9.264077025358896655e-01,1.092812241671076504e-02,-2.562606732948481680e-03,4.025935252442197632e-01,9.153100363366553083e-01,3.875841079059043348e-02,2.057616240027426713e-01,4.207473648045025882e-01,3.054946596374769063e-02,-5.767345867583346941e-02,-8.190621843579186032e-03,-2.394571990814897688e-02,-3.532576975915038831e-01,-2.387019942353017510e-01,5.360309035880334028e-02,1.165229978790830595e-01,1.989475059049593542e-01,-2.846389238309869271e-02,0.000000000000000000e+00,0.000000000000000000e+00,2.983897871168593730e-01,1.130920971042956857e+00,-5.125797118164486799e-01,-6.749583003723007568e-01,0.000000000000000000e+00,0.000000000000000000e+00,0.000000000000000000e+00,4.408244827024103141e-01,-1.183475332135075719e+00,5.365964956504755135e-01,-7.443019362519716076e-01,0.000000000000000000e+00,0.000000000000000000e+00,0.000000000000000000e+00
-1.748054094205751530e-01,1.112814636785418310e-01,9.264390307191351370e-01,1.073803942662989244e-02,-2.744537662481999832e-03,4.031345737364215864e-01,9.150735912923317894e-01,3.801481942222777882e-02,2.066686378550311731e-01,4.214498440083738195e-01,3.250840587764023543e-02,-5.837973521450802450e-02,-6.908847368290079935e-03,-2.376450104568295779e-02,-3.532171569758622010e-01,-2.395532837065657561e-01,5.490782180734982837e-02,1.169039120832496143e-01,1.990530727983850223e-01,-2.842965890977312490e-02,0.000000000000000000e+00,0.000000000000000000e+00,2.984864422469487577e-01,1.128861370200930248e+00,-5.126717371241877874e-01,-6.742655096461674935e-01,0.000000000000000000e+00,0.000000000000000000e+00,0.000000000000000000e+00,4.407402915724966119e-01,-1.185006153593388012e+00,5.375483304028655374e-01,-7.433980305387808407e-01,0.000000000000000000e+00,0.000000000000000000e+00,0.000000000000000000e+00
-1.747297422529839328e-01,1.115061854776342315e-01,9.264095947235896356e-01,1.065744364321382677e-02,-2.341487965408275626e-03,4.030942662096070328e-01,9.150934099194673044e-01,3.800233397602435781e-02,2.058576738086111690e-01,4.202909711455577457e-01,3.122070507090292726e-02,-5.928112554363870051e-02,-7.610458483536646987e-03,-2.404569747375440159e-02,-3.533454495800026907e-01,-2.391934135893204472e-01,5.424887899060858165e-02,1.161932617815404079e-01,1.991338932712029830e-01,-2.829583270034912931e-02,0.000000000000000000e+00,0.000000000000000000e+00,2.984867280847263160e-01,1.128594000114715001e+00,-5.128521445229566877e-01,-6.735363023696363527e-01,0.000000000000000000e+00,0.000000000000000000e+00,0.000000000000000000e+00,4.402507124967515173e-01,-1.185087737212176862e+00,5.388040176911153001e-01,-7.429962100703018102e-01,0.000000000000000000e+00,0.000000000000000000e+00,0.000000000000000000e+00
-1.746844600269860659e-01,1.116790311946584541e-01,9.264198682531710194e-01,1.066933906835100879e-02,-2.093224961007762383e-03,4.029976828341483297e-01,9.151364112761630754e-01,3.777197107607813131e-02,2.056587593406304371e-01,4.212538522119492201e-01,3.151411464207300867e-02,-5.994598420137337708e-02,-8.143685609205243009e-03,-2.412769816836412770e-02,-3.538373696005698843e-01,-2.400996367560013500e-01,5.390210441475231512e-02,1.161006749037755553e-01,2.006071261060277944e-01,-2.843233224282410918e-02,0.000000000000000000e+00,0.000000000000000000e+00,2.989884067281208258e-01,1.128771799105976248e+00,-5.134672486924731771e-01,-6.726861994575740189e-01,0.000000000000000000e+00,0.000000000000000000e+00,0.000000000000000000e+00,4.391124625926863811e-01,-1.186141244946802065e+00,5.398331089685318718e-01,-7.429495713955511782e-01,0.000000000000000000e+00,0.000000000000000000e+00,0.000000000000000000e+00
-1.745815490073369114e-01,1.118431565757156410e-01,9.263891061629547785e-01,1.081070752401311688e-02,-2.159149072945008505e-03,4.029464980892132897e-01,9.151571375210659776e-01,3.834740457654776946e-02,2.054196051616944685e-01,4.214004565659340562e-01,3.135343214085930391e-02,-5.958106079406348676e-02,-8.777819831596592876e-03,-2.347722316416218577e-02,-3.542288324032939473e-01,-2.409000359598837404e-01,5.354955156292859342e-02,1.163405570012608081e-01,2.006888020770392911e-01,-2.871588931923708260e-02,0.000000000000000000e+00,0.000000000000000000e+00,2.983754593549111656e-01,1.128909363388924669e+00,-5.142544028970820191e-01,-6.725657850873896226e-01,0.000000000000000000e+00,0.000000000000000000e+00,0.000000000000000000e+00,4.369226551970129546e-01,-1.186935507468662498e+00,5.416630994108468933e-01,-7.441446651550053248e-01,0.000000000000000000e+00,0.000000000000000000e+00,0.000000000000000000e+00
-1.744443864846555725e-01,1.119669526784718705e-01,9.264598128287593326e-01,1.077878645654077941e-02,-1.899567618381549968e-03,4.030841917379758277e-01,9.150974504260904752e-01,3.707991888909051986e-02,2.056410397548577018e-01,4.212670694436856933e-01,3.316956692739471413e-02,-5.950521728963343443e-02,-8.213200210694472647e-03,-2.365655400214790316e-02,-3.541656467939459096e-01,-2.400800470362339789e-01,5.343961646924934999e-02,1.161224181044606951e-01,2.001432341987228469e-01,-2.872012270723034791e-02,0.000000000000000000e+00,0.000000000000000000e+00,2.990716178326838781e-01,1.128720778218523568e+00,-5.135168079960079623e-01,-6.702609692628860305e-01,0.000000000000000000e+00,0.000000000000000000e+00,0.000000000000000000e+00,4.371544955485487383e-01,-1.185958338516142518e+00,5.417449562119752704e-01,-7.440846574742620012e-01,0.000000000000000000e+00,0.000000000000000000e+00,0.000000000000000000e+00
-1.742716486483507632e-01,1.121402438285088732e-01,9.264542513525899636e-01,1.067208430593157703e-02,-1.853590624259917859e-03,4.028539194476520313e-01,9.152001914357482670e-01,3.775131694554681450e-02,2.058846282409640405e-01,4.225740189594349161e-01,3.225245903787140461e-02,-5.822341573878612314e-02,-8.378259954386948691e-03,-2.356306082272328212e-02,-3.541075292046095835e-01,-2.408822867757944020e-01,5.305555221156699891e-02,1.173470167823152943e-01,2.012601514842998762e-01,-2.948540088952727664e-02,0.000000000000000000e+00,0.000000000000000000e+00,2.994297159266198216e-01,1.128708511528524028e+00,-5.152059719453220277e-01,-6.700480795635442854e-01,0.000000000000000000e+00,0.000000000000000000e+00,0.000000000000000000e+00,4.361570728563461397e-01,-1.186788766141526841e+00,5.431867071641627298e-01,-7.430212513713105871e-01,0.000000000000000000e+00,0.000000000000000000e+00,0.000000000000000000e+00
-1.740247299787171242e-01,1.122682346386944252e-01,9.265219284786754272e-01,1.051169383547076799e-02,-1.495550782191069298e-03,4.034404096219975644e-01,9.149443171606689296e-01,3.725432025649838552e-02,2.058870926147155500e-01,4.228144717508902639e-01,3.146912892535613793e-02,-5.672114768254130079e-02,-9.017257789013582644e-03,-2.304842260796672801e-02,-3.539831343976187483e-01,-2.414636076476682214e-01,5.203821709507665261e-02,1.182030314445279284e-01,2.024124893891201260e-01,-2.912387020666450804e-02,0.000000000000000000e+00,0.000000000000000000e+00,2.994027547867408323e-01,1.128472032269108194e+00,-5.157823246668518102e-01,-6.696255524326286679e-01,0.000000000000000000e+00,0.000000000000000000e+00,0.000000000000000000e+00,4.365797407247087869e-01,-1.185431705365202815e+00,5.455210810660784393e-01,-7.423726546779338964e-01,0.000000000000000000e+00,0.000000000000000000e+00,0.000000000000000000e+00
-1.737732203513868978e-01,1.123522227836387388e-01,9.265178352795924166e-01,1.052026575843556869e-02,-1.179641251849794861e-03,4.027824629571145065e-01,9.152345163886083101e-01,3.758054512096105360e-02,2.058498490835552475e-01,4.241938660497049929e-01,3.092633814059342692e-02,-5.618100370952650024e-02,-9.495046819026999041e-03,-2.379787483936079973e-02,-3.542396109432169871e-01,-2.423548685655929624e-01,5.201120921356224003e-02,1.170844849600264637e-01,2.026100902960846495e-01,-2.949198616884368684e-02,0.000000000000000000e+00,0.000000000000000000e+00,2.998384695703143477e-01,1.130007569076288299e+00,-5.163488692061499741e-01,-6.689274211344460319e-01,0.000000000000000000e+00,0.000000000000000000e+00,0.000000000000000000e+00,4.355319354691641331e-01,-1.185279936806158396e+00,5.456162361402181471e-01,-7.429694867494734956e-01,0.000000000000000000e+00,0.000000000000000000e+00,0.000000000000000000e+00
-1.734906124912486136e-01,1.124488668248920242e-01,9.265409268316144864e-01,1.047724216498846506e-02,-7.482693374772364514e-04,4.030804444677359988e-01,9.151042688007240411e-01,3.734163512540333157e-02,2.054072044427479593e-01,4.233740768878155314e-01,2.962240756524360877e-02,-5.505537827905682136e-02,-1.110940951729338239e-02,-2.351146059935173629e-02,-3.541848330694781222e-01,-2.425125853300363343e-01,5.083146829546950074e-02,1.172183978373980001e-01,2.022808986808461718e-01,-3.039308382450242249e-02,0.000000000000000000e+00,0.000000000000000000e+00,3.001155339613004736e-01,1.131895124232302985e+00,-5.178737336885208542e-01,-6.675015765498947262e-01,0.000000000000000000e+00,0.000000000000000000e+00,0.000000000000000000e+00,4.354652006340071213e-01,-1.183886596759309073e+00,5.470809015068022196e-01,-7.434063547175407960e-01,0.000000000000000000e+00,0.000000000000000000e+00,0.000000000000000000e+00
-1.732311231519494954e-01,1.125039034983583708e-01,9.265186136895020574e-01,1.024962426027896389e-02,-5.355835405974197598e-04,4.031908562034348109e-01,9.150583543286928689e-01,3.723856636426949723e-02,2.059135242755736617e-01,4.240489940979332295e-01,2.917368522513680285e-02,-5.529315781798330859e-02,-1.209794103768827185e-02,-2.358458033520286976e-02,-3.538189621027379439e-01,-2.432320898511948215e-01,5.070624362914608746e-02,1.161217115274641859e-01,2.028347416903829026e-01,-3.042083753900538812e-02,0.000000000000000000e+00,0.000000000000000000e+00,3.003903776509212475e-01,1.131778730589863891e+00,-5.174088423527084535e-01,-6.671017645761405657e-01,0.000000000000000000e+00,0.000000000000000000e+00,0.000000000000000000e+00,4.358113176447990789e-01,-1.182760106454842752e+00,5.474736915740180399e-01,-7.418549180174687230e-01,0.000000000000000000e+00,0.000000000000000000e+00,0.000000000000000000e+00
-1.730378081514047373e-01,1.124494482613737495e-01,9.265375242607933881e-01,1.047348670231335564e-02,-6.797674102170176477e-04,4.030374727460807605e-01,9.151232919967762225e-01,3.755302604536928102e-02,2.061134592028455725e-01,4.244059089408926955e-01,2.989822630887907853e-02,-5.436275060753757715e-02,-1.297964373642167268e-02,-2.384209903440304146e-02,-3.542989191155864193e-01,-2.441127893463818643e-01,5.228176333994621200e-02,1.155588830218336194e-01,2.018263279427659207e-01,-3.055100338116973832e-02,0.000000000000000000e+00,0.000000000000000000e+00,3.004804095259674401e-01,1.133108132382385280e+00,-5.163535650353172635e-01,-6.667137142897232582e-01,0.000000000000000000e+00,0.000000000000000000e+00,0.000000000000000000e+00,4.352114863495162855e-01,-1.181181493667891713e+00,5.463650620941319369e-01,-7.423142237396196386e-01,0.000000000000000000e+00,0.000000000000000000e+00,0.000000000000000000e+00
-1.728656458704796450e-01,1.124354255116648410e-01,9.264555221602821522e-01,1.026102998931000508e-02,-5.900088738794500784e-04,4.037156768483056157e-01,9.148267679839729993e-01,3.738196209737286446e-02,2.065276750689919449e-01,4.239934048568672620e-01,2.923933463941804853e-02,-5.568137663742202259e-02,-1.500506138722441062e-02,-2.356261339364943558e-02,-3.539743645195042032e-01,-2.448869863957385262e-01,5.267460544597227234e-02,1.137247917098018202e-01,2.014368307986352247e-01,-3.012938500400248396e-02,0.000000000000000000e+00,0.000000000000000000e+00,3.001270772639944573e-01,1.132923500406800787e+00,-5.160112793438744738e-01,-6.674151726125293616e-01,0.000000000000000000e+00,0.000000000000000000e+00,0.000000000000000000e+00,4.363059703452685789e-01,-1.180089243036938296e+00,5.466690892197391127e-01,-7.423040514893868291e-01,0.000000000000000000e+00,0.000000000000000000e+00,0.000000000000000000e+00
-1.727995433163933559e-01,1.123645278303618406e-01,9.265028391766851890e-01,1.042335231220856487e-02,-9.982441949730423963e-04,4.044055154824002241e-01,9.145198391956936845e-01,3.712583492363466520e-02,2.069084779757615344e-01,4.232443297257907355e-01,3.072790180273806196e-02,-5.492810792217856647e-02,-1.386779741497421586e-02,-2.266472932452132452e-02,-3.542816023162217443e-01,-2.464671171042929765e-01,5.403761818232072356e-02,1.141340770904854807e-01,2.000288051480423601e-01,-3.116121400655454815e-02,0.000000000000000000e+00,0.000000000000000000e+00,2.992374218745050274e-01,1.134637551362663199e+00,-5.161781593584662264e-01,-6.667635631013060227e-01,0.000000000000000000e+00,0.000000000000000000e+00,0.000000000000000000e+00,4.360751091647920852e-01,-1.180872295508864855e+00,5.464410358709536064e-01,-7.431355110199532321e-01,0.000000000000000000e+00,0.000000000000000000e+00,0.000000000000000000e+00
-1.727566778738345299e-01,1.123486432811410529e-01,9.264951544952516604e-01,1.030066577644132494e-02,-1.225630063944287487e-03,4.050101546503753203e-01,9.142533394774053912e-01,3.726417959116644363e-02,2.070715953090717931e-01,4.214099659055327574e-01,3.024661046897044597e-02,-5.530534700318234798e-02,-1.354762406214429782e-02,-2.228337609075556683e-02,-3.536193077041339672e-01,-2.450489865908842269e-01,5.462187034809685288e-02,1.147066944000939004e-01,1.985074622215381446e-01,-3.054079231195842153e-02,0.000000000000000000e+00,0.000000000000000000e+00,2.978981046362766394e-01,1.133940490586834882e+00,-5.158113748138136723e-01,-6.681722575530869568e-01,0.000000000000000000e+00,0.000000000000000000e+00,0.000000000000000000e+00,4.365344475502551114e-01,-1.180609139818733500e+00,5.475446872069832382e-01,-7.431381967485330975e-01,0.000000000000000000e+00,0.000000000000000000e+00,0.000000000000000000e+00
-1.727645815764159154e-01,1.123253619987508167e-01,9.265297680348946185e-01,1.041075457544745828e-02,-1.417830010203599382e-03,4.049865435619959819e-01,9.142622739022647771e-01,3.747342723174575119e-02,2.074890805359441148e-01,4.230921583821981580e-01,3.106167849595185479e-02,-5.471863121576570760e-02,-1.377476998575234701e-02,-2.138657182701405451e-02,-3.539910082488595955e-01,-2.471978649705905695e-01,5.418228013647983371e-02,1.148826674235336881e-01,2.001736613506403528e-01,-3.015526986282236407e-02,0.000000000000000000e+00,0.000000000000000000e+00,2.972381256552082407e-01,1.135773360027553913e+00,-5.144749260422020187e-01,-6.684401992428604666e-01,0.000000000000000000e+00,0.000000000000000000e+00,0.000000000000000000e+00,4.371138341030615937e-01,-1.180508945844032542e+00,5.462363735129289743e-01,-7.426541710946534813e-01,0.000000000000000000e+00,0.000000000000000000e+00,0.000000000000000000e+00
-1.726817226547245343e-01,1.124202987908827917e-01,9.264064824380934260e-01,1.051740281091857743e-02,-1.034494878191113097e-03,4.054718140352271960e-01,9.140464551003095739e-01,3.741917491060625656e-02,2.064241342630921128e-01,4.223148025846060749e-01,2.974321233319920238e-02,-5.695467774039397746e-02,-1.411648910777388473e-02,-2.109457373945691772e-02,-3.543138137214917882e-01,-2.463777242788425803e-01,5.332871555155835330e-02,1.131698116448534297e-01,1.988825356236919306e-01,-2.916954873723124828e-02,0.000000000000000000e+00,0.000000000000000000e+00,2.956742911071931768e-01,1.136908496453401751e+00,-5.159110307194988421e-01,-6.696040513461782862e-01,0.000000000000000000e+00,0.000000000000000000e+00,0.000000000000000000e+00,4.367668361486638506e-01,-1.180975907786555812e+00,5.490197093325390743e-01,-7.463003643033903067e-01,0.000000000000000000e+00,0.000000000000000000e+00,0.000000000000000000e+00
-1.727018179295785605e-01,1.125182802335886745e-01,9.264170094343766593e-01,1.047364255359720282e-02,-1.542717524722172703e-03,4.051742527259300508e-01,9.141781816266908445e-01,3.859580952972492540e-02,2.070218559222644084e-01,4.235485252545443391e-01,2.995566969427037804e-02,-5.691858719047006299e-02,-1.238979608795843720e-02,-2.024784599145601841e-02,-3.541693755507458463e-01,-2.478662440586372195e-01,5.341513738915829035e-02,1.141539137821195871e-01,2.005092470936984395e-01,-2.943633393511228130e-02,0.000000000000000000e+00,0.000000000000000000e+00,2.961707538072635981e-01,1.134948534826416555e+00,-5.146445589821067035e-01,-6.698960074687657640e-01,0.000000000000000000e+00,0.000000000000000000e+00,0.000000000000000000e+00,4.367367642885580103e-01,-1.181455612366576702e+00,5.464799607060459863e-01,-7.454012617965288801e-01,0.000000000000000000e+00,0.000000000000000000e+00,0.000000000000000000e+00
-1.726151682506990581e-01,1.126400760998681472e-01,9.263876645309760960e-01,1.074175096553568048e-02,-1.574204689075495503e-03,4.057552909944863728e-01,9.139172722384510950e-01,3.832261459979220686e-02,2.067341134843284911e-01,4.239748672370805549e-01,3.095925163071465772e-02,-5.674753896870585179e-02,-1.198511237832377077e-02,-1.931418054052478142e-02,-3.548848924488661738e-01,-2.480781569883170057e-01,5.329765745215677558e-02,1.147980847255872239e-01,2.010094557219287703e-01,-2.897345142923425307e-02,0.000000000000000000e+00,0.000000000000000000e+00,2.948209915953866611e-01,1.136783683759284402e+00,-5.145869124269778494e-01,-6.702352897593116809e-01,0.000000000000000000e+00,0.000000000000000000e+00,0.000000000000000000e+00,4.373284140026612032e-01,-1.182672610086327625e+00,5.471122719725007855e-01,-7.471256255140564795e-01,0.000000000000000000e+00,0.000000000000000000e+00,0.000000000000000000e+00
-1.724644964956906501e-01,1.128137348205784096e-01,9.263018838974759195e-01,1.082430966805699238e-02,-1.013920622581205525e-03,4.060213210648960791e-01,9.137989347366837212e-01,3.791408093014415198e-02,2.055857844857999772e-01,4.230045036720785356e-01,3.002656385684830675e-02,-5.893528807216448506e-02,-1.216785650248592213e-02,-1.979100988133069422e-02,-3.554737901974158731e-01,-2.475558662727513626e-01,5.319455562055232928e-02,1.128675854529851835e-01,2.000101159615181867e-01,-2.922138097857230818e-02,0.000000000000000000e+00,0.000000000000000000e+00,2.949787232148410321e-01,1.138672887019493540e+00,-5.162270793471342989e-01,-6.693082558870407928e-01,0.000000000000000000e+00,0.000000000000000000e+00,0.000000000000000000e+00,4.377614109615903248e-01,-1.183255168513552835e+00,5.489285280964882885e-01,-7.486719521094965524e-01,0.000000000000000000e+00,0.000000000000000000e+00,0.000000000000000000e+00
-1.723419758310075767e-01,1.129727708862174607e-01,9.262647885720169949e-01,1.107917417229954682e-02,-1.103083702119243316e-03,4.057824574907899495e-01,9.139018723576077807e-01,3.831742865791385594e-02,2.056579762145394896e-01,4.245910133629277050e-01,3.142327321266143864e-02,-6.027935616776593925e-02,-1.332774206817178425e-02,-1.919363591967391050e-02,-3.561983998299025345e-01,-2.487611443801077127e-01,5.335489447856796297e-02,1.115612795787889744e-01,2.012858193907458848e-01,-2.909007265945356621e-02,0.000000000000000000e+00,0.000000000000000000e+00,2.938149646998886588e-01,1.140295531999691248e+00,-5.170187651979848420e-01,-6.696102527759237866e-01,0.000000000000000000e+00,0.000000000000000000e+00,0.000000000000000000e+00,4.362957785794852605e-01,-1.183489030282436349e+00,5.490551697776134832e-01,-7.503346061740219231e-01,0.000000000000000000e+00,0.000000000000000000e+00,0.000000000000000000e+00
-1.722104711836071889e-01,1.130694655439791058e-01,9.262329397731942082e-01,1.131451930614164707e-02,-1.233354945653906617e-03,4.064959869541727167e-01,9.135816729108581224e-01,3.841826319503957587e-02,2.049762989864965801e-01,4.227460255188049687e-01,3.165195958765702755e-02,-6.164425028053868716e-02,-1.201031618380972443e-02,-1.864282297251824982e-02,-3.566728984827828852e-01,-2.482858814398176128e-01,5.469973151025048219e-02,1.103714928676883117e-01,1.997426618868388959e-01,-2.872648619086939220e-02,0.000000000000000000e+00,0.000000000000000000e+00,2.908914504384823574e-01,1.144131601279316124e+00,-5.175871533697165017e-01,-6.705679736195817586e-01,0.000000000000000000e+00,0.000000000000000000e+00,0.000000000000000000e+00,4.355882332851906402e-01,-1.185538116179523316e+00,5.506177234879773286e-01,-7.528219118081919126e-01,0.000000000000000000e+00,0.000000000000000000e+00,0.000000000000000000e+00
-1.721031860688049253e-01,1.132378597795776903e-01,9.261607658239994212e-01,1.147726933368115217e-02,-1.072223527147205631e-03,4.066375926514952388e-01,9.135168257169358208e-01,3.803957432115238901e-02,2.044828410985173039e-01,4.219253685770492091e-01,3.244756875761618808e-02,-6.287224584934676674e-02,-1.215301993073864689e-02,-1.844926783449457944e-02,-3.571945357730938464e-01,-2.480466651550966573e-01,5.459866613746066494e-02,1.095897573442885103e-01,1.994690622161518767e-01,-2.845399783593898987e-02,0.000000000000000000e+00,0.000000000000000000e+00,2.890934148111136692e-01,1.144882150607911875e+00,-5.201771812970804598e-01,-6.713360155876721969e-01,0.000000000000000000e+00,0.000000000000000000e+00,0.000000000000000000e+00,4.339252753179572708e-01,-1.186071116213868848e+00,5.533535989062390303e-01,-7.551616747270183394e-01,0.000000000000000000e+00,0.000000000000000000e+00,0.000000000000000000e+00
-1.720049174763099153e-01,1.133196633548973625e-01,9.261869449595060422e-01,1.169900788329775523e-02,-1.294364683769757933e-03,4.078320216704012235e-01,9.129811060119730204e-01,3.845094922485711719e-02,2.041118622698397667e-01,4.211055275550594224e-01,3.171744577264089954e-02,-6.131891083021678845e-02,-1.404015409291670471e-02,-1.710126751568989342e-02,-3.577715725675935099e-01,-2.492694403114467383e-01,5.544525152705502558e-02,1.102838544253179898e-01,1.971424236208599856e-01,-2.845313072476667038e-02,0.000000000000000000e+00,0.000000000000000000e+00,2.856335555503162205e-01,1.146221504673597291e+00,-5.207359691648358879e-01,-6.705087014504771403e-01,0.000000000000000000e+00,0.000000000000000000e+00,0.000000000000000000e+00,4.331498622371099394e-01,-1.185383382007737518e+00,5.552241368192475379e-01,-7.561338596901377995e-01,0.000000000000000000e+00,0.000000000000000000e+00,0.000000000000000000e+00
-1.719748322551877540e-01,1.134429776057032518e-01,9.261510836226376497e-01,1.198121162727646023e-02,-1.433170294490612338e-03,4.084796944552562814e-01,9.126876441634291792e-01,3.906144303041472754e-02,2.032966842083829551e-01,4.208617906712321943e-01,3.094177695191335786e-02,-6.138539897462030881e-02,-1.253277779298614565e-02,-1.667053765006845309e-02,-3.586527466585057722e-01,-2.495226328229032120e-01,5.664590820090154716e-02,1.111818141091325540e-01,1.963067939108964488e-01,-2.907883366846462925e-02,0.000000000000000000e+00,0.000000000000000000e+00,2.839129676567913596e-01,1.146726030388225404e+00,-5.217983561326926534e-01,-6.699979954062933452e-01,0.000000000000000000e+00,0.000000000000000000e+00,0.000000000000000000e+00,4.316868664705160175e-01,-1.185659378177151391e+00,5.561571328460034325e-01,-7.577237247715080670e-01,0.000000000000000000e+00,0.000000000000000000e+00,0.000000000000000000e+00
-1.719716396443497497e-01,1.136288258644212318e-01,9.261446965796004127e-01,1.199937671193195346e-02,-1.532549060622050369e-03,4.090678893184383491e-01,9.124237656815283870e-01,3.908588741211627138e-02,2.034951725519197896e-01,4.219073748238824639e-01,3.131137793626560112e-02,-6.146347974845899759e-02,-1.343602378480538914e-02,-1.614491519394247940e-02,-3.591404245112277960e-01,-2.506396612701831117e-01,5.757922835993908167e-02,1.109100842898255029e-01,1.967867014897199673e-01,-2.803427971450677889e-02,0.000000000000000000e+00,0.000000000000000000e+00,2.832137182537690090e-01,1.145373079173993780e+00,-5.213768648297631980e-01,-6.691128838557871550e-01,0.000000000000000000e+00,0.000000000000000000e+00,0.000000000000000000e+00,4.326729851633771551e-01,-1.185629125840315989e+00,5.566751584897763339e-01,-7.562865205137222491e-01,0.000000000000000000e+00,0.000000000000000000e+00,0.000000000000000000e+00
-1.719112052125856827e-01,1.138959873008898172e-01,9.261603771536892626e-01,1.201888645442488086e-02,-1.063392842287946881e-03,4.099659864552183119e-01,9.120210005881768112e-01,3.849183144045628668e-02,2.026388817639396267e-01,4.218392589884071286e-01,3.025441266508359373e-02,-6.112264174406815964e-02,-1.484639116204089504e-02,-1.553473889410983411e-02,-3.598454812369979994e-01,-2.516408228251168500e-01,5.672278806682710256e-02,1.115046303579004250e-01,1.970446356259345499e-01,-2.849490279765702280e-02,0.000000000000000000e+00,0.000000000000000000e+00,2.813221457250671409e-01,1.148548357002018738e+00,-5.232272731107259212e-01,-6.684312527934063164e-01,0.000000000000000000e+00,0.000000000000000000e+00,0.000000000000000000e+00,4.329689621246416986e-01,-1.185934106614273231e+00,5.585672825508664063e-01,-7.567097380831383502e-01,0.000000000000000000e+00,0.000000000000000000e+00,0.000000000000000000e+00
-1.718276343538914785e-01,1.141464540327859489e-01,9.261756587098122218e-01,1.205242575182924325e-02,-8.716991740658103531e-04,4.113842263547184408e-01,9.113819163668858137e-01,3.819496151728322964e-02,2.017331875096585736e-01,4.205137291342455619e-01,2.890980454581371095e-02,-6.080821334396053351e-02,-1.468024053941873949e-02,-1.489671015688076583e-02,-3.605321731483712711e-01,-2.521216017974172163e-01,5.741678717455044045e-02,1.130623352058373748e-01,1.964974368489245671e-01,-2.879013445633988796e-02,0.000000000000000000e+00,0.000000000000000000e+00,2.795682725091837573e-01,1.148087921683844881e+00,-5.235771428476236888e-01,-6.667269309132063393e-01,0.000000000000000000e+00,0.000000000000000000e+00,0.000000000000000000e+00,4.337824358874270425e-01,-1.184792058437553086e+00,5.590470778905157756e-01,-7.564509473838639808e-01,0.000000000000000000e+00,0.000000000000000000e+00,0.000000000000000000e+00
-1.717611069845230432e-01,1.143586856143958691e-01,9.260989903945741064e-01,1.243968802167889041e-02,-8.089944224371467324e-04,4.125095734383115165e-01,9.108679660146636881e-01,3.841780130605805532e-02,2.006894032394841154e-01,4.205728402148944944e-01,2.826150520411809322e-02,-6.089869086361449080e-02,-1.647214169988833743e-02,-1.419309154110521415e-02,-3.620846061453808495e-01,-2.536724176330011904e-01,5.878611664283003163e-02,1.128819206395233060e-01,1.948391679384741670e-01,-2.967735781788843549e-02,0.000000000000000000e+00,0.000000000000000000e+00,2.761946049015739368e-01,1.151488704800641472e+00,-5.244530720817172087e-01,-6.680093223003596981e-01,0.000000000000000000e+00,0.000000000000000000e+00,0.000000000000000000e+00,4.338067779109056610e-01,-1.184771112996793718e+00,5.586742704489106037e-01,-7.590426826992723308e-01,0.000000000000000000e+00,0.000000000000000000e+00,0.000000000000000000e+00
-1.716502955663319896e-01,1.145840412538250697e-01,9.261007078334956288e-01,1.235956245870685130e-02,-6.159443205196189807e-04,4.137967070519737445e-01,9.102852009460370430e-01,3.807269199215922162e-02,2.003540160163143069e-01,4.202998883100252381e-01,2.749160692442782772e-02,-6.206461787214546943e-02,-1.758360921618865730e-02,-1.367918168513924775e-02,-3.625511615456838976e-01,-2.546992413182296855e-01,5.982564597057796890e-02,1.124035359480305973e-01,1.945031582359670608e-01,-3.004509702871402399e-02,0.000000000000000000e+00,0.000000000000000000e+00,2.740736739724857207e-01,1.153207776844553445e+00,-5.260370070491361405e-01,-6.681695283058700641e-01,0.000000000000000000e+00,0.000000000000000000e+00,0.000000000000000000e+00,4.349897007225322909e-01,-1.185466217273904777e+00,5.590476881076291704e-01,-7.602939847021619180e-01,0.000000000000000000e+00,0.000000000000000000e+00,0.000000000000000000e+00
-1.714674122514054655e-01,1.147593459706839625e-01,9.260843746949459776e-01,1.263449413194952034e-02,-4.140671438696607101e-04,4.151986345839085990e-01,9.096429475052775215e-01,3.766950441987661213e-02,1.994897792668924863e-01,4.197290840901060083e-01,2.713648428899659293e-02,-6.188603865542952748e-02,-1.906679014783251025e-02,-1.307144515898915615e-02,-3.636861450268215057e-01,-2.554995631849068527e-01,6.120924407092450531e-02,1.121314399205527584e-01,1.925294597820967901e-01,-3.070064236465773477e-02,0.000000000000000000e+00,0.000000000000000000e+00,2.707260470864252255e-01,1.156096059073873361e+00,-5.279199940611785102e-01,-6.682275211313984942e-01,0.000000000000000000e+00,0.000000000000000000e+00,0.000000000000000000e+00,4.359695040835738777e-01,-1.184278108982064204e+00,5.595210228947724573e-01,-7.620572812174283284e-01,0.000000000000000000e+00,0.000000000000000000e+00,0.000000000000000000e+00
-1.712900195627063971e-01,1.148936486249486910e-01,9.261128280031909465e-01,1.262514959677990545e-02,-4.579592319329182622e-04,4.162583682298588994e-01,9.091586037373330376e-01,3.737496005511240643e-02,1.996586858430318689e-01,4.197573804466796510e-01,2.715930133867587928e-02,-6.092766299656345724e-02,-1.903064584302615464e-02,-1.254426664412769572e-02,-3.639559735242781646e-01,-2.566367601839787960e-01,6.267493459537083755e-02,1.122481196725941821e-01,1.906658087220286790e-01,-2.962625446821710168e-02,0.000000000000000000e+00,0.000000000000000000e+00,2.689861158824072840e-01,1.156056114325244577e+00,-5.277160552613540112e-01,-6.659952623884223266e-01,0.000000000000000000e+00,0.000000000000000000e+00,0.000000000000000000e+00,4.386568424607630856e-01,-1.183008586644645588e+00,5.580413441387511719e-01,-7.616599593385957601e-01,0.000000000000000000e+00,0.000000000000000000e+00,0.000000000000000000e+00
-1.710796468809799020e-01,1.149561169190701920e-01,9.261576230424090062e-01,1.289488940634108544e-02,-1.067814801375103909e-04,4.174199806039070038e-01,9.086221823274779341e-01,3.654930469623274975e-02,1.986615566733800353e-01,4.184844547947935700e-01,2.682998288770780879e-02,-5.992116101368260422e-02,-1.967591628909313647e-02,-1.203926405852698105e-02,-3.647966394488734165e-01,-2.567441825492932650e-01,6.283988919043356769e-02,1.131429576197212211e-01,1.893538706857303133e-01,-3.073380019091583384e-02,0.000000000000000000e+00,0.000000000000000000e+00,2.656021343302543691e-01,1.160168796600149710e+00,-5.312513344853112551e-01,-6.659484628295403441e-01,0.000000000000000000e+00,0.000000000000000000e+00,0.000000000000000000e+00,4.392008684276689223e-01,-1.182362220897515970e+00,5.581663917917754070e-01,-7.641044449647853565e-01,0.000000000000000000e+00,0.000000000000000000e+00,0.000000000000000000e+00
-1.708202514206203781e-01,1.149974760118657735e-01,9.261599552295983750e-01,1.290403245959156377e-02,1.943791470868436308e-04,4.179962828872811897e-01,9.083570639651820100e-01,3.636998493597877469e-02,1.982318827954822338e-01,4.175436248421154906e-01,2.569630848458427305e-02,-5.944065128971182110e-02,-2.097417069151181340e-02,-1.196537742084249553e-02,-3.650541697969004185e-01,-2.574985567925368590e-01,6.312960249637972199e-02,1.125422845388780319e-01,1.885627486786267126e-01,-3.053083980482806589e-02,0.000000000000000000e+00,0.000000000000000000e+00,2.630023533164109750e-01,1.162134262626744796e+00,-5.341912171069999049e-01,-6.658538394572770525e-01,0.000000000000000000e+00,0.000000000000000000e+00,0.000000000000000000e+00,4.393154927266067489e-01,-1.181652431613340992e+00,5.582817864017388665e-01,-7.660219341073106758e-01,0.000000000000000000e+00,0.000000000000000000e+00,0.000000000000000000e+00
-1.705742940177806255e-01,1.149249944136995355e-01,9.261795407586066453e-01,1.323993370259448667e-02,2.786784181981141360e-04,4.189355895710589195e-01,9.079193787361519163e-01,3.644457690064509259e-02,1.977557517523534369e-01,4.182425846759227905e-01,2.493565803538420889e-02,-5.741161714332398969e-02,-2.170436308957714860e-02,-1.131301856749344047e-02,-3.664229690573176379e-01,-2.608240292363437351e-01,6.425215578494855584e-02,1.132052897781667122e-01,1.887026946420656548e-01,-3.069838910517582939e-02,0.000000000000000000e+00,0.000000000000000000e+00,2.595513249735757477e-01,1.165459365702495198e+00,-5.360520494404685810e-01,-6.644930967831548241e-01,0.000000000000000000e+00,0.000000000000000000e+00,0.000000000000000000e+00,4.402626793258631044e-01,-1.179038869947659718e+00,5.588569210003081489e-01,-7.676046042743306375e-01,0.000000000000000000e+00,0.000000000000000000e+00,0.000000000000000000e+00
-1.702968812174646684e-01,1.148397254339947604e-01,9.261634268110657819e-01,1.341621382587722747e-02,4.953124018051470196e-04,4.208425140081580307e-01,9.070343644402327765e-01,3.556240226172543289e-02,1.967853118240402432e-01,4.143413314396696134e-01,2.378562704053033619e-02,-5.725768634870254115e-02,-2.333806412889873755e-02,-1.050381109085981104e-02,-3.668150957664610412e-01,-2.610508650808147091e-01,6.545355356562670979e-02,1.126186871039841081e-01,1.845731240355587277e-01,-3.172028257235538773e-02,0.000000000000000000e+00,0.000000000000000000e+00,2.558084541299908143e-01,1.169170610645683173e+00,-5.379949858536738905e-01,-6.628559512691110100e-01,0.000000000000000000e+00,0.000000000000000000e+00,0.000000000000000000e+00,4.407266036400753761e-01,-1.178180970728333499e+00,5.595403983817540672e-01,-7.706165357713428143e-01,0.000000000000000000e+00,0.000000000000000000e+00,0.000000000000000000e+00
-1.700679086009543317e-01,1.147048205473029797e-01,9.261710918068829512e-01,1.363630531736175801e-02,5.661424766832516293e-04,4.219648314392662192e-01,9.065094658570423958e-01,3.482764345970574410e-02,1.965062444013483123e-01,4.132826581655111853e-01,2.385493300792570354e-02,-5.593269218322400455e-02,-2.317127336469315679e-02,-1.100749696330801351e-02,-3.677059685584204152e-01,-2.623007486507525909e-01,6.851289970019897035e-02,1.120531086757979161e-01,1.815757806993594792e-01,-3.205226291776296782e-02,0.000000000000000000e+00,0.000000000000000000e+00,2.527048713423884485e-01,1.171649614039094622e+00,-5.392129129538590915e-01,-6.611643121160678538e-01,0.000000000000000000e+00,0.000000000000000000e+00,0.000000000000000000e+00,4.412441904780793345e-01,-1.176513340796189411e+00,5.593837420423624085e-01,-7.726777164409334153e-01,0.000000000000000000e+00,0.000000000000000000e+00,0.000000000000000000e+00
-1.698464133452981806e-01,1.146526313973027789e-01,9.261747341251124199e-01,1.372458221772498120e-02,8.956737402709309681e-04,4.220765124954319325e-01,9.064558738356732759e-01,3.447762925593852307e-02,1.962424937813358750e-01,4.132578451043290024e-01,2.367898829921802686e-02,-5.595945923822900209e-02,-2.463144027488655893e-02,-1.119688606163669539e-02,-3.679828791417659728e-01,-2.625334065988405019e-01,6.849349885941521943e-02,1.104420430805001657e-01,1.819279142314105258e-01,-3.170932031426141468e-02,0.000000000000000000e+00,0.000000000000000000e+00,2.513582327465642141e-01,1.172951446754600058e+00,-5.410140357289521251e-01,-6.590018795035818000e-01,0.000000000000000000e+00,0.000000000000000000e+00,0.000000000000000000e+00,4.416492164218138727e-01,-1.174795928389284594e+00,5.597708334591321444e-01,-7.730278312646262640e-01,0.000000000000000000e+00,0.000000000000000000e+00,0.000000000000000000e+00
-1.697063766664956563e-01,1.145728328152280096e-01,9.261890715528011686e-01,1.402757611602831883e-02,7.274359292261166430e-04,4.225822851316998197e-01,9.062157084481315961e-01,3.466097064593025301e-02,1.963539579634603072e-01,4.148124022431458613e-01,2.417962778227375834e-02,-5.441643001839482907e-02,-2.484961325106057120e-02,-1.083553705076338754e-02,-3.688105248442055673e-01,-2.638418054224922482e-01,6.984043357882555036e-02,1.114687933643580819e-01,1.818146526291518350e-01,-3.195775870036565020e-02,0.000000000000000000e+00,0.000000000000000000e+00,2.489561545772544793e-01,1.174447568202776182e+00,-5.432895609414961635e-01,-6.583194312453581887e-01,0.000000000000000000e+00,0.000000000000000000e+00,0.000000000000000000e+00,4.411159193762244080e-01,-1.173378660348926017e+00,5.604834145030667125e-01,-7.744718359637897676e-01,0.000000000000000000e+00,0.000000000000000000e+00,0.000000000000000000e+00
-1.695681668661358776e-01,1.145376410602934325e-01,9.261852101515516411e-01,1.419387652857969674e-02,9.665876403413746314e-04,4.226189906054862444e-01,9.061957781611128526e-01,3.430530728531858836e-02,1.959135621331939969e-01,4.143567602891277679e-01,2.430241716117352568e-02,-5.425950582861337884e-02,-2.554821627779677376e-02,-1.091369054603415559e-02,-3.690020524229741805e-01,-2.630641510065383493e-01,6.965495863846132840e-02,1.098593725664555182e-01,1.813375567758020168e-01,-3.145683142784867770e-02,0.000000000000000000e+00,0.000000000000000000e+00,2.468686539072526276e-01,1.176114766198445682e+00,-5.445869941256181734e-01,-6.567671565367602105e-01,0.000000000000000000e+00,0.000000000000000000e+00,0.000000000000000000e+00,4.402432031409920232e-01,-1.172177361686171482e+00,5.609669278662641201e-01,-7.762982179402332372e-01,0.000000000000000000e+00,0.000000000000000000e+00,0.000000000000000000e+00
-1.694653755373849990e-01,1.144905333777699874e-01,9.262072427378345019e-01,1.436055045009187320e-02,1.045874664488019752e-03,4.232359273005801836e-01,9.059050891671681649e-01,3.403255227809746930e-02,1.956684964057890663e-01,4.146256259280503564e-01,2.423977009239730585e-02,-5.327177271358691374e-02,-2.574027098122457641e-02,-1.060884629630844470e-02,-3.691174600510807036e-01,-2.618720317629925631e-01,6.959543916176079426e-02,1.109436719915926628e-01,1.799233153542242336e-01,-3.197860930687410758e-02,0.000000000000000000e+00,0.000000000000000000e+00,2.450316274706761943e-01,1.176973353207537265e+00,-5.475656845813446916e-01,-6.553117029345627564e-01,0.000000000000000000e+00,0.000000000000000000e+00,0.000000000000000000e+00,4.400166076542470495e-01,-1.170792552201214587e+00,5.626672752006690592e-01,-7.762700162697762085e-01,0.000000000000000000e+00,0.000000000000000000e+00,0.000000000000000000e+00
-1.693644384581436957e-01,1.144581234233376238e-01,9.262019578794228325e-01,1.436710133288946444e-02,1.415905311529245397e-03,4.232317605689279172e-01,9.059064291951820502e-01,3.410069905760795134e-02,1.949918913773467655e-01,4.141858870235612944e-01,2.281687235341764777e-02,-5.402300951212595653e-02,-2.679200611639443244e-02,-1.115407082502277263e-02,-3.690308242155722063e-01,-2.604903182333309086e-01,6.919637029065385525e-02,1.099516651083046193e-01,1.794827195629321581e-01,-3.176521576743946557e-02,0.000000000000000000e+00,0.000000000000000000e+00,2.433329811887943173e-01,1.177655471345057547e+00,-5.493084459862013214e-01,-6.543800454640575914e-01,0.000000000000000000e+00,0.000000000000000000e+00,0.000000000000000000e+00,4.382365363363345812e-01,-1.169779009529656744e+00,5.637508103812494120e-01,-7.772677534984806513e-01,0.000000000000000000e+00,0.000000000000000000e+00,0.000000000000000000e+00
-1.693194519414638610e-01,1.143667351093471396e-01,9.262290037180984648e-01,1.442841039979413965e-02,1.215687039436647108e-03,4.231552134084408667e-01,9.059415038751754690e-01,3.443186139437957177e-02,1.956197796369843200e-01,4.161220657957271918e-01,2.307745871165681195e-02,-5.212111120726728442e-02,-2.721424884038417882e-02,-1.062122311036699587e-02,-3.692078651815284274e-01,-2.619805543898540701e-01,6.870088318309659770e-02,1.124662289914988983e-01,1.817905356630099001e-01,-3.164350610551464049e-02,0.000000000000000000e+00,0.000000000000000000e+00,2.431836975305833592e-01,1.176415390374150327e+00,-5.498149671999347232e-01,-6.529018807477710018e-01,0.000000000000000000e+00,0.000000000000000000e+00,0.000000000000000000e+00,4.379557056182803998e-01,-1.167308437624057005e+00,5.627483542541268369e-01,-7.752570981929144400e-01,0.000000000000000000e+00,0.000000000000000000e+00,0.000000000000000000e+00
-1.692332345367803803e-01,1.142329500742103321e-01,9.261677599948582307e-01,1.464544975883152501e-02,1.581860478360574496e-03,4.238585184122444782e-01,9.056086157320754060e-01,3.429189122506171722e-02,1.941755658212654945e-01,4.139655741121627264e-01,2.119741871632126184e-02,-5.335530336757433878e-02,-2.750900038558722061e-02,-1.090510592848724543e-02,-3.696752210707592856e-01,-2.609604819080479365e-01,6.902150307643811766e-02,1.110559306217494546e-01,1.793291667888683993e-01,-3.338838355253136853e-02,0.000000000000000000e+00,0.000000000000000000e+00,2.392429684049463823e-01,1.180621825831734917e+00,-5.555709045579845240e-01,-6.531812605659944593e-01,0.000000000000000000e+00,0.000000000000000000e+00,0.000000000000000000e+00,4.347116474653898721e-01,-1.168965179248176112e+00,5.676513077699084642e-01,-7.788093933978875727e-01,0.000000000000000000e+00,0.000000000000000000e+00,0.000000000000000000e+00
-1.691450402388167962e-01,1.140171342570693719e-01,9.262527748920433845e-01,1.481565140826692287e-02,1.184330258638848984e-03,4.239734852478539429e-01,9.055526365937961453e-01,3.441402640748502523e-02,1.951894336824918641e-01,4.158397381292175954e-01,2.253472737977719673e-02,-5.077174056855679463e-02,-2.842395015085979332e-02,-1.022734254602140729e-02,-3.697235454261778020e-01,-2.626321004563259010e-01,6.950395556063830582e-02,1.124786300318787041e-01,1.780754430867328986e-01,-3.353715928228288151e-02,0.000000000000000000e+00,0.000000000000000000e+00,2.371613094013496903e-01,1.180871756380277304e+00,-5.561699270582760590e-01,-6.511178167518614224e-01,0.000000000000000000e+00,0.000000000000000000e+00,0.000000000000000000e+00,4.340012391930557767e-01,-1.166711671942765927e+00,5.674124740753293539e-01,-7.768993915501005709e-01,0.000000000000000000e+00,0.000000000000000000e+00,0.000000000000000000e+00
-1.690357695375284963e-01,1.138025785315193300e-01,9.262871558831400343e-01,1.503868935826296015e-02,9.683427941481508516e-04,4.241530870834288591e-01,9.054651063692165103e-01,3.470030166671194544e-02,1.950883672024641691e-01,4.146362636191613937e-01,2.249596934031987752e-02,-4.988102679887995716e-02,-2.861625090423108517e-02,-9.896216655524071870e-03,-3.698297035421927448e-01,-2.631764967863258753e-01,7.027992129918071706e-02,1.121945608487924656e-01,1.760451228670390222e-01,-3.391689263158627343e-02,0.000000000000000000e+00,0.000000000000000000e+00,2.335941695315394140e-01,1.184529398723144666e+00,-5.603584532048787592e-01,-6.517226639032468460e-01,0.000000000000000000e+00,0.000000000000000000e+00,0.000000000000000000e+00,4.305764927052287416e-01,-1.167431471568424417e+00,5.711574375031556183e-01,-7.793472533966971927e-01,0.000000000000000000e+00,0.000000000000000000e+00,0.000000000000000000e+00
-1.688951970295586857e-01,1.136483780557993040e-01,9.262485650135033888e-01,1.500245011443478160e-02,1.177058546042362725e-03,4.244027658183613938e-01,9.053484596493598380e-01,3.440892740235648034e-02,1.952682566918183815e-01,4.151238012122525078e-01,2.204010979609661788e-02,-4.987085147815913805e-02,-3.076598170177055960e-02,-9.212189238941478550e-03,-3.697504058390205794e-01,-2.646158850498855908e-01,6.882365379430327446e-02,1.113028913816651588e-01,1.777399821372391830e-01,-3.462692945223176666e-02,0.000000000000000000e+00,0.000000000000000000e+00,2.313314203753295550e-01,1.185993356167430735e+00,-5.620178652473462044e-01,-6.507789414601461431e-01,0.000000000000000000e+00,0.000000000000000000e+00,0.000000000000000000e+00,4.287599573818098864e-01,-1.166097692099761662e+00,5.721659266974589153e-01,-7.794546902973492619e-01,0.000000000000000000e+00,0.000000000000000000e+00,0.000000000000000000e+00
-1.687592411233373446e-01,1.135139275585536622e-01,9.262448451635870716e-01,1.501206463483128681e-02,1.447623136638578369e-03,4.247272439351785223e-01,9.051957305256590480e-01,3.399758237294290414e-02,1.951466071178351858e-01,4.151867391101687899e-01,2.127128300662468538e-02,-4.870345947182831009e-02,-3.170728807473245647e-02,-9.062908036559340352e-03,-3.700311799700428117e-01,-2.665621198482154286e-01,6.842537742440549242e-02,1.105155653680156558e-01,1.772635803477232430e-01,-3.493999373693255917e-02,0.000000000000000000e+00,0.000000000000000000e+00,2.295393759062162309e-01,1.187641807458919230e+00,-5.646904735195927838e-01,-6.496110010813783697e-01,0.000000000000000000e+00,0.000000000000000000e+00,0.000000000000000000e+00,4.267192075627241343e-01,-1.165096805059278262e+00,5.748648303628636214e-01,-7.801379985143944706e-01,0.000000000000000000e+00,0.000000000000000000e+00,0.000000000000000000e+00
-1.686691955511782359e-01,1.133966588802644698e-01,9.262769800010520749e-01,1.513740141745634725e-02,1.690814144602769548e-03,4.249343166358123813e-01,9.050960317950305090e-01,3.408504945488927129e-02,1.941390019719929916e-01,4.131182479494151516e-01,1.943903687999366803e-02,-4.764404155262694229e-02,-3.191067276429579436e-02,-9.486968000921974439e-03,-3.699659033706569344e-01,-2.649710014741515907e-01,6.843742509803457663e-02,1.105263539781431714e-01,1.751085819171192826e-01,-3.504545654014409178e-02,0.000000000000000000e+00,0.000000000000000000e+00,2.273928405343440262e-01,1.189167925863496178e+00,-5.667528019410611462e-01,-6.480469504743149312e-01,0.000000000000000000e+00,0.000000000000000000e+00,0.000000000000000000e+00,4.246638872323078573e-01,-1.163910370227624558e+00,5.779780414014416001e-01,-7.807911831114844325e-01,0.000000000000000000e+00,0.000000000000000000e+00,0.000000000000000000e+00
-1.687783122602199426e-01,1.132936172735689306e-01,9.262351562225962232e-01,1.495291537249503200e-02,1.501770577294233178e-03,4.248593950311791989e-01,9.051346029518136937e-01,3.401975078020104404e-02,1.949193419601299437e-01,4.140467088230424531e-01,2.000880320708865387e-02,-4.837701407694406514e-02,-3.148744817892071279e-02,-8.832662176013441474e-03,-3.696006994336554219e-01,-2.665364389605553996e-01,6.734194688282062191e-02,1.109534734155992741e-01,1.771602994726590996e-01,-3.629292181129580019e-02,0.000000000000000000e+00,0.000000000000000000e+00,2.256678834603407513e-01,1.188818804913639005e+00,-5.696837291012527560e-01,-6.494208055981752770e-01,0.000000000000000000e+00,0.000000000000000000e+00,0.000000000000000000e+00,4.211070086896883113e-01,-1.166002888782098568e+00,5.791005613543347419e-01,-7.810738740797369406e-01,0.000000000000000000e+00,0.000000000000000000e+00,0.000000000000000000e+00
-1.689251552358077835e-01,1.131596900486485369e-01,9.262764120421230762e-01,1.494455746331645879e-02,1.217707269462812904e-03,4.250994078103486062e-01,9.050224698152655733e-01,3.408486785638099176e-02,1.955450886569266022e-01,4.154440727077054474e-01,2.041138192022197081e-02,-4.700576562057160596e-02,-3.224433466118691027e-02,-7.926418670164572453e-03,-3.693485546650009388e-01,-2.672021826163304969e-01,6.648187583898752806e-02,1.125766449630911381e-01,1.774187999308574626e-01,-3.650524653488713966e-02,0.000000000000000000e+00,0.000000000000000000e+00,2.247330513547025066e-01,1.186864267002043061e+00,-5.703029301450374122e-01,-6.476115223016732925e-01,0.000000000000000000e+00,0.000000000000000000e+00,0.000000000000000000e+00,4.208803976378897582e-01,-1.164634859374032771e+00,5.798034056148090309e-01,-7.786695482279206715e-01,0.000000000000000000e+00,0.000000000000000000e+00,0.000000000000000000e+00
-1.691276478869762345e-01,1.130565346270452631e-01,9.262578685899053310e-01,1.471631905383880348e-02,1.716377759634834686e-03,4.253790421054586823e-01,9.048940018247084716e-01,3.287632801136311511e-02,1.947775125146039288e-01,4.126341427324623501e-01,1.917016349364187092e-02,-4.768416669550674947e-02,-3.309106615340511037e-02,-8.505372258525691065e-03,-3.690935475421300294e-01,-2.669931307125748554e-01,6.524480264002088803e-02,1.118494043420074358e-01,1.760186857957320439e-01,-3.707224179196897534e-02,0.000000000000000000e+00,0.000000000000000000e+00,2.220624832377857960e-01,1.188208392185142515e+00,-5.740017808758031137e-01,-6.483791668852200152e-01,0.000000000000000000e+00,0.000000000000000000e+00,0.000000000000000000e+00,4.189536742060671060e-01,-1.165545008012168537e+00,5.833301851459327114e-01,-7.788581780700748469e-01,0.000000000000000000e+00,0.000000000000000000e+00,0.000000000000000000e+00
-1.694338031983168014e-01,1.128476280358524514e-01,9.262698690822371850e-01,1.460897487380004994e-02,1.638755419458048793e-03,4.260130702867515606e-01,9.045975659256820789e-01,3.260470462977269057e-02,1.947439278569731702e-01,4.125951025274848805e-01,1.801057273785782939e-02,-4.639803275933931936e-02,-3.383530818776842725e-02,-8.559570098797273166e-03,-3.691532635103407789e-01,-2.681280267979468945e-01,6.557409727629885665e-02,1.132832641206315549e-01,1.754326169268072555e-01,-3.663507125414527249e-02,0.000000000000000000e+00,0.000000000000000000e+00,2.191975985124344495e-01,1.186680893826142835e+00,-5.734334850252804650e-01,-6.471262107120184792e-01,0.000000000000000000e+00,0.000000000000000000e+00,0.000000000000000000e+00,4.178220195783048929e-01,-1.164601786760479651e+00,5.838940497601594615e-01,-7.771534519263689766e-01,0.000000000000000000e+00,0.000000000000000000e+00,0.000000000000000000e+00
-1.698186229193265062e-01,1.125908847181782413e-01,9.263297444722220497e-01,1.455634816762259656e-02,1.008791701018413658e-03,4.267386834011192009e-01,9.042572593882827192e-01,3.229902498455429483e-02,1.952584246154472347e-01,4.116160117331119084e-01,1.890222746519212155e-02,-4.636119434255728256e-02,-3.109832504026403474e-02,-7.953522068859908423e-03,-3.686574257100494467e-01,-2.679028322184263677e-01,6.649163727150105008e-02,1.153765452744621722e-01,1.734722492639632074e-01,-3.564634963497517739e-02,0.000000000000000000e+00,0.000000000000000000e+00,2.176212430280873300e-01,1.183590452530469461e+00,-5.714229572357937270e-01,-6.463726186863615331e-01,0.000000000000000000e+00,0.000000000000000000e+00,0.000000000000000000e+00,4.173468913745983500e-01,-1.164649306000758999e+00,5.825403662771952984e-01,-7.751985063540521859e-01,0.000000000000000000e+00,0.000000000000000000e+00,0.000000000000000000e+00
-1.701297343789603123e-01,1.123675911834358665e-01,9.263965452938320855e-01,1.437094054983051143e-02,8.627811397669584966e-04,4.274524620436412903e-01,9.039231849937522378e-01,3.147254872298989314e-02,1.958377203995910754e-01,4.119335036733108302e-01,1.910028956164212116e-02,-4.506928152742374627e-02,-3.236926951023120363e-02,-7.652426230707030236e-03,-3.684493393411693019e-01,-2.692585550217302948e-01,6.646864325782639304e-02,1.173281426919080828e-01,1.731372724255349493e-01,-3.472740710805804348e-02,0.000000000000000000e+00,0.000000000000000000e+00,2.174464593151908820e-01,1.181175240500876855e+00,-5.682918417599444050e-01,-6.438479705972164346e-01,0.000000000000000000e+00,0.000000000000000000e+00,0.000000000000000000e+00,4.186220452346248178e-01,-1.163585233354382575e+00,5.806708702257622479e-01,-7.729570762240544068e-01,0.000000000000000000e+00,0.000000000000000000e+00,0.000000000000000000e+00
-1.704017634028869022e-01,1.121751900579737449e-01,9.264535512808933504e-01,1.431857613588370659e-02,8.282276993997073761e-04,4.274053805374873893e-01,9.039463109631711291e-01,3.114747653313075168e-02,1.957601970209774667e-01,4.113898281236830767e-01,1.888889724287871538e-02,-4.465791976044781314e-02,-3.243091926222779753e-02,-7.788405961284852047e-03,-3.680805327611978428e-01,-2.685355085652262330e-01,6.576317402576235815e-02,1.181317172642161878e-01,1.724381704921415515e-01,-3.381127755558317738e-02,0.000000000000000000e+00,0.000000000000000000e+00,2.161959854313666995e-01,1.180765049816218104e+00,-5.681626852967536223e-01,-6.439745857477958690e-01,0.000000000000000000e+00,0.000000000000000000e+00,0.000000000000000000e+00,4.178835261462436890e-01,-1.163960899870767562e+00,5.813585039750946981e-01,-7.727541044213557253e-01,0.000000000000000000e+00,0.000000000000000000e+00,0.000000000000000000e+00
-1.706051674466390888e-01,1.119960905743389301e-01,9.265025899598403614e-01,1.409489185645524181e-02,8.460584237773774571e-04,4.275020568820955269e-01,9.039040931261885792e-01,3.037177851724144270e-02,1.965914888967172092e-01,4.128461084512528578e-01,1.928858069822930385e-02,-4.303887594803595951e-02,-3.400013366433626838e-02,-7.692163215704010334e-03,-3.678289275570160166e-01,-2.703562689067923186e-01,6.479219083108790633e-02,1.198447405321943771e-01,1.733753245246019703e-01,-3.287788796676922864e-02,0.000000000000000000e+00,0.000000000000000000e+00,2.168115865796827468e-01,1.178485838141980935e+00,-5.649721272528059890e-01,-6.414281191220928546e-01,0.000000000000000000e+00,0.000000000000000000e+00,0.000000000000000000e+00,4.188998194708425937e-01,-1.161571032931666858e+00,5.789503887885452116e-01,-7.700463008062566894e-01,0.000000000000000000e+00,0.000000000000000000e+00,0.000000000000000000e+00
-1.707618751710628102e-01,1.118615153328190448e-01,9.264863556710440928e-01,1.382719939524921712e-02,8.698665811424465119e-04,4.275978101440765511e-01,9.038629125309916024e-01,3.058980872125997494e-02,1.966381569402431417e-01,4.122819304989595590e-01,1.750710766477728969e-02,-4.334299073427814314e-02,-3.484032291307391505e-02,-7.664441841210888409e-03,-3.673046215376278290e-01,-2.713343116800935872e-01,6.411823878880773542e-02,1.194346222389231077e-01,1.732101063918264627e-01,-3.300704852524646155e-02,0.000000000000000000e+00,0.000000000000000000e+00,2.172051123262898065e-01,1.177815832980182442e+00,-5.643368090065656872e-01,-6.413882701198706515e-01,0.000000000000000000e+00,0.000000000000000000e+00,0.000000000000000000e+00,4.190810745599821141e-01,-1.161602719028692610e+00,5.788437601633874552e-01,-7.694288531553891142e-01,0.000000000000000000e+00,0.000000000000000000e+00,0.000000000000000000e+00
-1.708720020904129777e-01,1.117289170017575078e-01,9.265004950458823885e-01,1.374566648625570424e-02,7.620578155024332811e-04,4.274699327873364707e-01,9.039247382849560086e-01,3.076917127104453198e-02,1.968355251488017876e-01,4.124102195612324717e-01,1.707664615637412980e-02,-4.309884007407845108e-02,-3.428435433806462790e-02,-7.354152238274210343e-03,-3.668854422855967745e-01,-2.715468944638060877e-01,6.319835927212685833e-02,1.198724120042332225e-01,1.735175704853331169e-01,-3.185120996951240624e-02,0.000000000000000000e+00,0.000000000000000000e+00,2.163520993745467469e-01,1.177765092465304253e+00,-5.658772140693835162e-01,-6.420846638780315363e-01,0.000000000000000000e+00,0.000000000000000000e+00,0.000000000000000000e+00,4.178818712378032374e-01,-1.162819495882773113e+00,5.816640046401947428e-01,-7.696013092311810855e-01,0.000000000000000000e+00,0.000000000000000000e+00,0.000000000000000000e+00
-1.709252870436474281e-01,1.116137261487038651e-01,9.264949363799586113e-01,1.358687935956155897e-02,3.331200809009514201e-04,4.274864724788046133e-01,9.039195769469265951e-01,3.161557099114529340e-02,1.971851642817674666e-01,4.107087699262078062e-01,1.622043220841420594e-02,-4.382531302019369857e-02,-3.375415160174501800e-02,-6.593296098396287871e-03,-3.657523006075937833e-01,-2.701508247235197557e-01,6.275564888415699483e-02,1.197110267935914685e-01,1.739881324416299446e-01,-3.048528916598617841e-02,0.000000000000000000e+00,0.000000000000000000e+00,2.157539078076432248e-01,1.176101415681850115e+00,-5.641421482956040512e-01,-6.425455385590174151e-01,0.000000000000000000e+00,0.000000000000000000e+00,0.000000000000000000e+00,4.175394794907322793e-01,-1.162213109862434424e+00,5.816620617591884423e-01,-7.687462031115487315e-01,0.000000000000000000e+00,0.000000000000000000e+00,0.000000000000000000e+00
-1.709549024202101919e-01,1.115682052041037514e-01,9.264020227548910302e-01,1.346939750134412521e-02,2.674893651529032350e-04,4.274890942678530315e-01,9.039201170802874108e-01,3.164406005594189164e-02,1.975703592658378249e-01,4.112900015010588772e-01,1.633686738872837038e-02,-4.531488910878778836e-02,-3.386530461334034264e-02,-6.709034817948334936e-03,-3.654395424345354138e-01,-2.700004145265805788e-01,6.293867846250511544e-02,1.184956109074065955e-01,1.737864080880987816e-01,-2.987318098306697423e-02,0.000000000000000000e+00,0.000000000000000000e+00,2.148605784866307600e-01,1.176657209103247448e+00,-5.654865724496074275e-01,-6.444317701133325249e-01,0.000000000000000000e+00,0.000000000000000000e+00,0.000000000000000000e+00,4.167021790880394705e-01,-1.165046186134025108e+00,5.838914711972966742e-01,-7.698403654430803211e-01,0.000000000000000000e+00,0.000000000000000000e+00,0.000000000000000000e+00
-1.709761589440516871e-01,1.114686454270092802e-01,9.264712238480731221e-01,1.347270886362154398e-02,9.356436824210865449e-05,4.279404223255904860e-01,9.037065188994597431e-01,3.060326871186667269e-02,1.980244658451097428e-01,4.095205920578049996e-01,1.834005197765264938e-02,-4.531119421704477013e-02,-3.456254756837696951e-02,-6.640793372595951358e-03,-3.652019045622085791e-01,-2.697733699628909187e-01,6.413486706346756272e-02,1.178218538632842954e-01,1.712509245474072017e-01,-2.926758213332576047e-02,0.000000000000000000e+00,0.000000000000000000e+00,2.146496813351728150e-01,1.177063365294992892e+00,-5.655692689051837752e-01,-6.432445680674229171e-01,0.000000000000000000e+00,0.000000000000000000e+00,0.000000000000000000e+00,4.174766086310063851e-01,-1.165414097609334565e+00,5.852494173874166483e-01,-7.685470941171521631e-01,0.000000000000000000e+00,0.000000000000000000e+00,0.000000000000000000e+00
-1.710667718782503399e-01,1.114726008233601906e-01,9.264796731475116731e-01,1.331915010823660032e-02,-1.776603451621393791e-04,4.270767364271028654e-01,9.041172655579418072e-01,3.074586565401904795e-02,1.986338554357493236e-01,4.091915792935853502e-01,1.968557882336035431e-02,-4.670915805993710451e-02,-3.168916393892877437e-02,-7.252517244051749287e-03,-3.645179981857596951e-01,-2.684805842321573710e-01,6.444914249117948690e-02,1.178028059131491917e-01,1.721258439981715460e-01,-2.813990681259438686e-02,0.000000000000000000e+00,0.000000000000000000e+00,2.151564811618978112e-01,1.175149540697024264e+00,-5.659946939941989941e-01,-6.438231093721544784e-01,0.000000000000000000e+00,0.000000000000000000e+00,0.000000000000000000e+00,4.163484365812616383e-01,-1.166607907195099436e+00,5.856681353887061015e-01,-7.673801688340923244e-01,0.000000000000000000e+00,0.000000000000000000e+00,0.000000000000000000e+00
-1.712239314332826279e-01,1.114199760275555035e-01,9.264349671339920933e-01,1.333427822670911651e-02,-4.283586713713982480e-04,4.269489542020473705e-01,9.041773078543823283e-01,3.107405799334822180e-02,1.990119071497878089e-01,4.100619373155251490e-01,1.989054253559324748e-02,-4.620380822105931568e-02,-3.240468513184480842e-02,-7.490854085662839584e-03,-3.646246379842577046e-01,-2.687064670455017179e-01,6.533174248195126876e-02,1.178647165916544559e-01,1.717301387809149205e-01,-2.746234913177574705e-02,0.000000000000000000e+00,0.000000000000000000e+00,2.145315825991258307e-01,1.175713038893140716e+00,-5.665311464874867031e-01,-6.449649145034405118e-01,0.000000000000000000e+00,0.000000000000000000e+00,0.000000000000000000e+00,4.157120222768680984e-01,-1.168003880608220246e+00,5.866572049385770926e-01,-7.664108171470150888e-01,0.000000000000000000e+00,0.000000000000000000e+00,0.000000000000000000e+00
-1.714361229840698497e-01,1.114576755016421505e-01,9.264198898329513154e-01,1.300869119714285864e-02,-5.471488908233117232e-05,4.265165045657510201e-01,9.043862240727856827e-01,3.006348173316783501e-02,1.991219688600896764e-01,4.100685043247671580e-01,2.025256585775671303e-02,-4.762053211483911058e-02,-3.298252078438901336e-02,-8.887521976028985721e-03,-3.642750968447650006e-01,-2.674879484859937206e-01,6.504697102948994725e-02,1.171721850058879966e-01,1.733319012492510747e-01,-2.685806321588430495e-02,0.000000000000000000e+00,0.000000000000000000e+00,2.153353085141082035e-01,1.174011505483700146e+00,-5.653800815383431821e-01,-6.446969761839415058e-01,0.000000000000000000e+00,0.000000000000000000e+00,0.000000000000000000e+00,4.162852799165972506e-01,-1.168334400351444202e+00,5.856101535696413007e-01,-7.644563692245253117e-01,0.000000000000000000e+00,0.000000000000000000e+00,0.000000000000000000e+00
-1.717763043146303126e-01,1.114595178962525246e-01,9.264454549391278881e-01,1.285610726709088790e-02,-6.018091436195367521e-04,4.263676942227528355e-01,9.044583725384292006e-01,3.056847243966446734e-02,1.995867127767607108e-01,4.093238499350649873e-01,2.041868540308785368e-02,-4.696258219514591603e-02,-3.101245844142264813e-02,-9.095660086975114814e-03,-3.635551431887625307e-01,-2.654351524506079474e-01,6.578116780856392565e-02,1.201177380179317966e-01,1.725198432606295518e-01,-2.635928465568550955e-02,0.000000000000000000e+00,0.000000000000000000e+00,2.167191992024821989e-01,1.171003233684287714e+00,-5.637840922553187806e-01,-6.452684959422623212e-01,0.000000000000000000e+00,0.000000000000000000e+00,0.000000000000000000e+00,4.171189758605991504e-01,-1.169227519679769456e+00,5.848213786301192929e-01,-7.610510216290183871e-01,0.000000000000000000e+00,0.000000000000000000e+00,0.000000000000000000e+00
-1.721874083695999202e-01,1.115231918299017105e-01,9.264265178885975338e-01,1.262443694354343539e-02,-8.709216529733755435e-04,4.253835651602023704e-01,9.049246861363257066e-01,3.162088927868499794e-02,1.997336699166158414e-01,4.103277049361177542e-01,1.964778563323113861e-02,-4.833780475829622947e-02,-2.896934547929378573e-02,-9.957935870275640838e-03,-3.626487789951359231e-01,-2.623008149531935174e-01,6.542589227001598118e-02,1.206180943818686707e-01,1.730260319481422282e-01,-2.468584259852030921e-02,0.000000000000000000e+00,0.000000000000000000e+00,2.169280740423275566e-01,1.169039178872023355e+00,-5.643956779697745230e-01,-6.475527867056271036e-01,0.000000000000000000e+00,0.000000000000000000e+00,0.000000000000000000e+00,4.154283077269311231e-01,-1.173515869236201103e+00,5.862648010324400527e-01,-7.600017839122578112e-01,0.000000000000000000e+00,0.000000000000000000e+00,0.000000000000000000e+00
-1.725985722480639917e-01,1.116140923999126011e-01,9.264053323694173558e-01,1.253686844697065282e-02,-8.226211165634713827e-04,4.246707417376560656e-01,9.052606869493613484e-01,3.166024069413023168e-02,1.993980262866346387e-01,4.104936729865071854e-01,1.951750268483038592e-02,-4.853697270763207561e-02,-2.910503286251880928e-02,-1.121464055601993984e-02,-3.628214266188020676e-01,-2.610226647488965157e-01,6.558968091900624353e-02,1.215975615291775419e-01,1.740130824656589970e-01,-2.416135178386819016e-02,0.000000000000000000e+00,0.000000000000000000e+00,2.179510848717319538e-01,1.167001640479058411e+00,-5.644175227974274067e-01,-6.482524620660868875e-01,0.000000000000000000e+00,0.000000000000000000e+00,0.000000000000000000e+00,4.145773363050258564e-01,-1.175541680134096767e+00,5.860520589924478330e-01,-7.580294142129275770e-01,0.000000000000000000e+00,0.000000000000000000e+00,0.000000000000000000e+00
-1.731437354943149987e-01,1.116610600768388195e-01,9.264219945304447146e-01,1.247646926084642824e-02,-1.633675160063409806e-03,4.234138923950477862e-01,9.058489634299573545e-01,3.314096824243072809e-02,2.005937615539388763e-01,4.142432613251708640e-01,2.079044413196879867e-02,-4.818842112584144355e-02,-2.784354723987188251e-02,-1.071159262340665858e-02,-3.623825524456022462e-01,-2.610384743223188586e-01,6.480886425372024695e-02,1.234476816712542502e-01,1.763818207306328545e-01,-2.346726768674789118e-02,0.000000000000000000e+00,0.000000000000000000e+00,2.202296999173405379e-01,1.162806886350634228e+00,-5.611762878594143134e-01,-6.486232124719043535e-01,0.000000000000000000e+00,0.000000000000000000e+00,0.000000000000000000e+00,4.142124043138052936e-01,-1.176625669886722347e+00,5.823345793453488239e-01,-7.540834110613677810e-01,0.000000000000000000e+00,0.000000000000000000e+00,0.000000000000000000e+00
-1.735776903210433375e-01,1.118112525062144036e-01,9.263960428649014034e-01,1.205297016331046897e-02,-1.522734856691569660e-03,4.228439019209130345e-01,9.061210966515977905e-01,3.309227712225744356e-02,2.004593576508216790e-01,4.135621264258194096e-01,1.994073837996452811e-02,-4.974193966435146858e-02,-2.745655917602143198e-02,-1.102494504320804952e-02,-3.614417397471892945e-01,-2.586864135564075351e-01,6.270487634548022049e-02,1.241501416545992276e-01,1.797168798569531711e-01,-2.209696115420909865e-02,0.000000000000000000e+00,0.000000000000000000e+00,2.214041267395177315e-01,1.159681973436853086e+00,-5.594778001544113977e-01,-6.510753551919215010e-01,0.000000000000000000e+00,0.000000000000000000e+00,0.000000000000000000e+00,4.140461009130506076e-01,-1.179401622380822134e+00,5.819762447008534068e-01,-7.524721365323758793e-01,0.000000000000000000e+00,0.000000000000000000e+00,0.000000000000000000e+00
-1.740382769616455327e-01,1.118195378035183041e-01,9.264056316937356872e-01,1.215713727104791864e-02,-1.890666988260458108e-03,4.229408354255413949e-01,9.060737713460511600e-01,3.293723651624917009e-02,2.002055205790805037e-01,4.128441142573262557e-01,2.087810313348259506e-02,-4.966074324536241813e-02,-2.556574419561352673e-02,-1.103124862600188966e-02,-3.617315688663170214e-01,-2.581943617591469509e-01,6.350349139086698680e-02,1.253212547400738008e-01,1.779430782314139758e-01,-2.195474381092888533e-02,0.000000000000000000e+00,0.000000000000000000e+00,2.225583861487893111e-01,1.157166903664015090e+00,-5.568041622169082050e-01,-6.515791570514529729e-01,0.000000000000000000e+00,0.000000000000000000e+00,0.000000000000000000e+00,4.142673386172627814e-01,-1.180890323725346525e+00,5.803647966800096203e-01,-7.520752292777926895e-01,0.000000000000000000e+00,0.000000000000000000e+00,0.000000000000000000e+00
-1.744868311509520376e-01,1.118766246565543604e-01,9.264679913426061564e-01,1.177902520173307495e-02,-1.806747376710315760e-03,4.223006302853834493e-01,9.063774974533406192e-01,3.226158656995518903e-02,2.006956239071116255e-01,4.140647797623573934e-01,2.156715716693771365e-02,-5.025358130476109686e-02,-2.506065109753752643e-02,-1.218565177214935707e-02,-3.613942959588760662e-01,-2.577903024758825268e-01,6.309830265497740065e-02,1.270117529682934787e-01,1.810224033790537312e-01,-2.235956903961686462e-02,0.000000000000000000e+00,0.000000000000000000e+00,2.268129738119120664e-01,1.152726314603688795e+00,-5.542097782939123807e-01,-6.509465261150236826e-01,0.000000000000000000e+00,0.000000000000000000e+00,0.000000000000000000e+00,4.157175306235114109e-01,-1.181879455607080187e+00,5.771917547590075248e-01,-7.485085884076867480e-01,0.000000000000000000e+00,0.000000000000000000e+00,0.000000000000000000e+00
-1.748787092260719878e-01,1.118843116286929590e-01,9.265092164567143573e-01,1.170258089130195300e-02,-2.069562078964177262e-03,4.218808901832937774e-01,9.065733732089391594e-01,3.214626909788776549e-02,2.007483885144181746e-01,4.132250055309680259e-01,2.227983475136210631e-02,-4.978206819514799375e-02,-2.350288755042666961e-02,-1.201459401898490910e-02,-3.611901045203529392e-01,-2.575648376132721462e-01,6.216890211920359649e-02,1.291275739877604523e-01,1.820459586573538180e-01,-2.204221357110828713e-02,0.000000000000000000e+00,0.000000000000000000e+00,2.284876772071857409e-01,1.150381556061218724e+00,-5.530448078924020683e-01,-6.521850946769548463e-01,0.000000000000000000e+00,0.000000000000000000e+00,0.000000000000000000e+00,4.156223557017164616e-01,-1.183991485827320833e+00,5.764224104216645328e-01,-7.475538004989580321e-01,0.000000000000000000e+00,0.000000000000000000e+00,0.000000000000000000e+00
-1.752559196157743859e-01,1.118282236877363167e-01,9.265318808450173638e-01,1.159461582918123665e-02,-2.231349791118849776e-03,4.216106509703196892e-01,9.067000854473686866e-01,3.238481308851825363e-02,2.002773949726129044e-01,4.107179012483669345e-01,2.146234033001756178e-02,-5.029669187341555270e-02,-2.384178558996442182e-02,-1.214270623140824984e-02,-3.605740048481594906e-01,-2.559725740860578358e-01,6.171122636205299966e-02,1.284505739611956632e-01,1.806065829126468902e-01,-2.056179559337018709e-02,0.000000000000000000e+00,0.000000000000000000e+00,2.283493563873366938e-01,1.148857033406280426e+00,-5.526383862579674622e-01,-6.539254464060814120e-01,0.000000000000000000e+00,0.000000000000000000e+00,0.000000000000000000e+00,4.150414325258132142e-01,-1.185700310791490741e+00,5.781947799220915618e-01,-7.476762145772704038e-01,0.000000000000000000e+00,0.000000000000000000e+00,0.000000000000000000e+00
-1.756395695215750286e-01,1.117185048780936496e-01,9.265494586568615576e-01,1.157089184936564361e-02,-2.755741112058021202e-03,4.210225426906293311e-01,9.069721819874354551e-01,3.263335995157132241e-02,2.014882739661544298e-01,4.136041097655024368e-01,2.330058171152748700e-02,-4.969218098804528000e-02,-2.412649111683505196e-02,-1.177264528606959855e-02,-3.605079662422823183e-01,-2.574966720460441505e-01,6.139338645203319678e-02,1.297808716714455302e-01,1.814208572183712287e-01,-2.024510451261059274e-02,0.000000000000000000e+00,0.000000000000000000e+00,2.283330981241760149e-01,1.147117444422147914e+00,-5.528848428747521471e-01,-6.550022230338340412e-01,0.000000000000000000e+00,0.000000000000000000e+00,0.000000000000000000e+00,4.129140686943517102e-01,-1.187557182739476414e+00,5.787878037961737832e-01,-7.457729902899289387e-01,0.000000000000000000e+00,0.000000000000000000e+00,0.000000000000000000e+00
-1.759540682018618796e-01,1.116108141704528628e-01,9.265612718468066999e-01,1.151534911956821929e-02,-3.070954171704897134e-03,4.209186126928786131e-01,9.070201141451226245e-01,3.276363061611729105e-02,2.013679970057846436e-01,4.120416190269379220e-01,2.331399831732696229e-02,-5.048138017182607351e-02,-2.161019057870488397e-02,-1.187797201986040552e-02,-3.601615547235853532e-01,-2.564404667622889877e-01,6.155483653819327633e-02,1.311645184691818677e-01,1.813854490279480647e-01,-1.987716847234279396e-02,0.000000000000000000e+00,0.000000000000000000e+00,2.280274312355235200e-01,1.146017932916912008e+00,-5.528156757343398731e-01,-6.549302587639115325e-01,0.000000000000000000e+00,0.000000000000000000e+00,0.000000000000000000e+00,4.108647715958066438e-01,-1.189269806930077111e+00,5.796340370876066350e-01,-7.451522936755071713e-01,0.000000000000000000e+00,0.000000000000000000e+00,0.000000000000000000e+00
-1.762403985149520180e-01,1.115695268038479071e-01,9.266092648642212382e-01,1.131481264232596720e-02,-3.074892956131874272e-03,4.205325916716372014e-01,9.072016641244177171e-01,3.235017392603423136e-02,2.021878439684850481e-01,4.149411202036700219e-01,2.417894416906357299e-02,-5.010424745314662198e-02,-2.219001422029012738e-02,-1.177897739482396643e-02,-3.601055838665026543e-01,-2.585641536002002971e-01,6.029857523258749102e-02,1.320368532794569949e-01,1.832203957783263837e-01,-1.953845730532703315e-02,0.000000000000000000e+00,0.000000000000000000e+00,2.295377202364477509e-01,1.143642918572747691e+00,-5.511986157960451216e-01,-6.541894269494717973e-01,0.000000000000000000e+00,0.000000000000000000e+00,0.000000000000000000e+00,4.110660550329954255e-01,-1.189075270651836602e+00,5.790005808779122853e-01,-7.417868686096723563e-01,0.000000000000000000e+00,0.000000000000000000e+00,0.000000000000000000e+00
-1.764384109609732632e-01,1.115497945256137130e-01,9.266748586221184025e-01,1.106132701302456681e-02,-3.050655411435931538e-03,4.203930868241477214e-01,9.072695261589777127e-01,3.254467437280508108e-02,2.019373810792828849e-01,4.133805184787521236e-01,2.273114998400033171e-02,-4.987794126036253217e-02,-2.218536656793576936e-02,-1.170884375505819135e-02,-3.593008052569263699e-01,-2.574092870057973492e-01,5.895304795148041677e-02,1.328229109817708198e-01,1.841298151474880240e-01,-1.964635953328942516e-02,0.000000000000000000e+00,0.000000000000000000e+00,2.302469970997348681e-01,1.142112655600698634e+00,-5.498727590536679477e-01,-6.543233887031704166e-01,0.000000000000000000e+00,0.000000000000000000e+00,0.000000000000000000e+00,4.109580371909679619e-01,-1.188846436881634272e+00,5.787323881461343689e-01,-7.402865731943416572e-01,0.000000000000000000e+00,0.000000000000000000e+00,0.000000000000000000e+00
-1.766414305998123546e-01,1.115379587515989701e-01,9.266948999422272015e-01,1.097858473452140160e-02,-3.114022047976699147e-03,4.199791864754672810e-01,9.074619862403690007e-01,3.293046635464688676e-02,2.019369677788587225e-01,4.138588965421016175e-01,2.209720988781579964e-02,-4.928517958739120353e-02,-2.209189583023289660e-02,-1.131881430002541419e-02,-3.591115202509164717e-01,-2.582073909251522692e-01,5.736093982324338980e-02,1.340478336922187041e-01,1.852713093041879200e-01,-1.947322008510750727e-02,0.000000000000000000e+00,0.000000000000000000e+00,2.320295468607809219e-01,1.140916500016490254e+00,-5.490039108828209669e-01,-6.542498355991590575e-01,0.000000000000000000e+00,0.000000000000000000e+00,0.000000000000000000e+00,4.115109141282479177e-01,-1.188686904096890373e+00,5.777320516916987225e-01,-7.388774528963562016e-01,0.000000000000000000e+00,0.000000000000000000e+00,0.000000000000000000e+00
-1.767868891882050653e-01,1.115056357919540775e-01,9.266889190082526762e-01,1.086311710079753724e-02,-2.892490806910543322e-03,4.199383836395273462e-01,9.074829916477810121e-01,3.206724723311573516e-02,2.021018672052558307e-01,4.146654338048879063e-01,2.264103486465286405e-02,-4.940857525554823854e-02,-2.241613923449301687e-02,-1.142233423439191313e-02,-3.592959846578522298e-01,-2.597186415192442865e-01,5.650102115787117990e-02,1.339980465230792284e-01,1.862418568457145929e-01,-1.875686529641731534e-02,0.000000000000000000e+00,0.000000000000000000e+00,2.334698423231323927e-01,1.139822578781282347e+00,-5.485329597904005094e-01,-6.530372147427666585e-01,0.000000000000000000e+00,0.000000000000000000e+00,0.000000000000000000e+00,4.135099818912995051e-01,-1.188247250674530298e+00,5.783273996439349807e-01,-7.376143588106228721e-01,0.000000000000000000e+00,0.000000000000000000e+00,0.000000000000000000e+00
-1.769909044688994793e-01,1.114195360681940195e-01,9.267274632884580088e-01,1.088364659848833557e-02,-3.371765256132426558e-03,4.198522763593980911e-01,9.075209328007853848e-01,3.272262484239095437e-02,2.022536370679447193e-01,4.138599609726168471e-01,2.258889942878652274e-02,-4.837279838165262774e-02,-2.116092761550080262e-02,-1.095102256122684747e-02,-3.590323498212759090e-01,-2.595605478808021838e-01,5.678217989217312911e-02,1.351006789215230541e-01,1.867686848703057345e-01,-1.859365052097082527e-02,0.000000000000000000e+00,0.000000000000000000e+00,2.327371042223737585e-01,1.138896430974840168e+00,-5.467881286159201881e-01,-6.540877271285756578e-01,0.000000000000000000e+00,0.000000000000000000e+00,0.000000000000000000e+00,4.140698839455687619e-01,-1.187166109571490047e+00,5.763310551020850436e-01,-7.357967087805838968e-01,0.000000000000000000e+00,0.000000000000000000e+00,0.000000000000000000e+00
-1.772072797357609752e-01,1.113282084549945400e-01,9.266678276332704911e-01,1.089241473338883187e-02,-3.487133416294345249e-03,4.196542211200395833e-01,9.076119930333365060e-01,3.267335867626419699e-02,2.023087256489826402e-01,4.140730902763038457e-01,2.302387225509012342e-02,-4.948726664236262340e-02,-2.105469134325759981e-02,-1.118734893682910361e-02,-3.592643229759253654e-01,-2.602574858543707514e-01,5.698155000408190729e-02,1.350337704226298452e-01,1.874149315494502976e-01,-1.825478898976963874e-02,0.000000000000000000e+00,0.000000000000000000e+00,2.330841473869637304e-01,1.137511534502889665e+00,-5.457339038195911929e-01,-6.541735038587580542e-01,0.000000000000000000e+00,0.000000000000000000e+00,0.000000000000000000e+00,4.143883885956733959e-01,-1.187168329458719196e+00,5.742704367910984598e-01,-7.353080388006025814e-01,0.000000000000000000e+00,0.000000000000000000e+00,0.000000000000000000e+00
-1.774327385190558604e-01,1.111772255251888275e-01,9.267027587167064873e-01,1.099818771294646703e-02,-3.887491264805511583e-03,4.198109957051384122e-01,9.075365861295933145e-01,3.277891082477815687e-02,2.021741712507815203e-01,4.121530981988352771e-01,2.347630399364296350e-02,-4.960977749076674048e-02,-1.959795240158150598e-02,-1.085747219510481941e-02,-3.589970141964660688e-01,-2.590868858533144636e-01,5.742800243066577964e-02,1.356139798524875484e-01,1.855867604101308355e-01,-1.764251158501194822e-02,0.000000000000000000e+00,0.000000000000000000e+00,2.314830080029168791e-01,1.136387962914979344e+00,-5.464957935068920358e-01,-6.541143219655846108e-01,0.000000000000000000e+00,0.000000000000000000e+00,0.000000000000000000e+00,4.133658581462411608e-01,-1.188172723660977592e+00,5.757815510566530737e-01,-7.361991417347716338e-01,0.000000000000000000e+00,0.000000000000000000e+00,0.000000000000000000e+00
-1.775791802727960389e-01,1.110506998053113065e-01,9.267458772659680211e-01,1.101010896928848563e-02,-3.681742236652628918e-03,4.203968110325725371e-01,9.072660820003302096e-01,3.147361766170673342e-02,2.023858007724674002e-01,4.134464139355065737e-01,2.432491489117378364e-02,-4.829137142836046476e-02,-2.095578250790690669e-02,-1.077317034749970814e-02,-3.598081223918719873e-01,-2.620685753048185851e-01,5.735861990110950603e-02,1.366809569290184934e-01,1.864734553031729969e-01,-1.700841694959480052e-02,0.000000000000000000e+00,0.000000000000000000e+00,2.311799240124667587e-01,1.136021279293463637e+00,-5.464312175360150903e-01,-6.511025821638367628e-01,0.000000000000000000e+00,0.000000000000000000e+00,0.000000000000000000e+00,4.150988526788095823e-01,-1.186322771080379646e+00,5.764951368323806280e-01,-7.337253502484120116e-01,0.000000000000000000e+00,0.000000000000000000e+00,0.000000000000000000e+00
-1.777866389163142713e-01,1.109604302815373755e-01,9.267245271790522931e-01,1.120182262300022796e-02,-4.142077981561575160e-03,4.200088231851664688e-01,9.074414310612715084e-01,3.258737877157986268e-02,2.021779906918985958e-01,4.131589373442091095e-01,2.412483123728136752e-02,-4.850413823410471698e-02,-1.953187424091852240e-02,-1.064946363881148772e-02,-3.596700627275137840e-01,-2.599656971612049339e-01,5.772116244761880260e-02,1.373274278510185076e-01,1.871526847691247775e-01,-1.637819824206417432e-02,0.000000000000000000e+00,0.000000000000000000e+00,2.285941229507526540e-01,1.136041910049211623e+00,-5.481158732789822574e-01,-6.522818836907531281e-01,0.000000000000000000e+00,0.000000000000000000e+00,0.000000000000000000e+00,4.122717050518031057e-01,-1.187236199324484875e+00,5.775491034538509094e-01,-7.336900734655197320e-01,0.000000000000000000e+00,0.000000000000000000e+00,0.000000000000000000e+00
-1.779182177030209921e-01,1.109609397393668262e-01,9.267161099477788655e-01,1.129304978985031307e-02,-4.008102843305476164e-03,4.194785095825791510e-01,9.076861694090194721e-01,3.298431176841241236e-02,2.016255432754052168e-01,4.136593475151237875e-01,2.345347923411348484e-02,-4.885850323990306721e-02,-1.961357815449288333e-02,-1.092066669019274051e-02,-3.598723319338349991e-01,-2.594585436823737545e-01,5.686902273074289499e-02,1.366405750746348957e-01,1.877383458619804601e-01,-1.596342302383513961e-02,0.000000000000000000e+00,0.000000000000000000e+00,2.272894612379590118e-01,1.135300305493732065e+00,-5.518276844594404151e-01,-6.514896659791743483e-01,0.000000000000000000e+00,0.000000000000000000e+00,0.000000000000000000e+00,4.098356064064739845e-01,-1.186992732266804573e+00,5.800022262451647315e-01,-7.337310810597316157e-01,0.000000000000000000e+00,0.000000000000000000e+00,0.000000000000000000e+00
-1.780179405107773782e-01,1.110166803385502776e-01,9.267274554419963062e-01,1.146665258833764328e-02,-4.297167725367288110e-03,4.189137326009526041e-01,9.079434645760139366e-01,3.410962205536047925e-02,2.013300893444275319e-01,4.135820947954303994e-01,2.310559844618901779e-02,-4.846555415804474493e-02,-1.936633092548015883e-02,-1.104474215920338460e-02,-3.599714122306162389e-01,-2.581443671203136891e-01,5.730003711026387947e-02,1.373635152718221952e-01,1.883027324306722483e-01,-1.528388627576476692e-02,0.000000000000000000e+00,0.000000000000000000e+00,2.258170411797132959e-01,1.134877105845692569e+00,-5.528965559609202440e-01,-6.505018050471121915e-01,0.000000000000000000e+00,0.000000000000000000e+00,0.000000000000000000e+00,4.075089122745946812e-01,-1.186983810953223806e+00,5.813348450690422053e-01,-7.325195021006091212e-01,0.000000000000000000e+00,0.000000000000000000e+00,0.000000000000000000e+00
-1.780726600462298470e-01,1.111439086806248755e-01,9.267362642939026562e-01,1.152632562989418588e-02,-4.181046223124644523e-03,4.187073531276016003e-01,9.080384436282589178e-01,3.420112505445723622e-02,2.008123586256024273e-01,4.133233909060228806e-01,2.293703182582773614e-02,-4.883556321491856062e-02,-1.892663508831498101e-02,-1.141185420416889959e-02,-3.602837931309994524e-01,-2.574864892047970533e-01,5.729559165107023233e-02,1.378050873545005328e-01,1.886997674811825010e-01,-1.518613437671559145e-02,0.000000000000000000e+00,0.000000000000000000e+00,2.243596631567191524e-01,1.135494942350501413e+00,-5.566579429068704288e-01,-6.504208609763520998e-01,0.000000000000000000e+00,0.000000000000000000e+00,0.000000000000000000e+00,4.050705470809991549e-01,-1.188740905938670878e+00,5.848561019681934869e-01,-7.327132942761089840e-01,0.000000000000000000e+00,0.000000000000000000e+00,0.000000000000000000e+00
-1.780517448368719446e-01,1.113505744400597741e-01,9.267049158092945937e-01,1.158122719591481165e-02,-3.725891948750323368e-03,4.187420067079675734e-01,9.080237467841940635e-01,3.402276816950230293e-02,2.000492729544208481e-01,4.138817388279446008e-01,2.214941860110241842e-02,-4.906021368172443914e-02,-2.054475247674894881e-02,-1.180153669203862395e-02,-3.611126485497958005e-01,-2.580787874202201682e-01,5.698860673717159181e-02,1.375577518657538356e-01,1.899950106856572729e-01,-1.592878920195547193e-02,0.000000000000000000e+00,0.000000000000000000e+00,2.250138083647051368e-01,1.134096096186448133e+00,-5.577178494429962941e-01,-6.477600543059075511e-01,0.000000000000000000e+00,0.000000000000000000e+00,0.000000000000000000e+00,4.038223916088372056e-01,-1.187735715520250146e+00,5.855705701872154778e-01,-7.317195967279318536e-01,0.000000000000000000e+00,0.000000000000000000e+00,0.000000000000000000e+00
-1.780186906272577807e-01,1.115834247794725148e-01,9.266809412251362232e-01,1.171184667112165623e-02,-3.440289942344960331e-03,4.189064862609217510e-01,9.079473293210303941e-01,3.329481292151027783e-02,1.997301017626851027e-01,4.151490340486191366e-01,2.348623566243099661e-02,-5.032454158030198743e-02,-2.041903026943729660e-02,-1.230944875514151417e-02,-3.622577530317112604e-01,-2.592826309237714066e-01,5.786042731134432432e-02,1.378403445408399042e-01,1.903389859838026665e-01,-1.613954288131519074e-02,0.000000000000000000e+00,0.000000000000000000e+00,2.241988577718123377e-01,1.135334156851938836e+00,-5.601134848228310759e-01,-6.474868396150770256e-01,0.000000000000000000e+00,0.000000000000000000e+00,0.000000000000000000e+00,4.024442156101833423e-01,-1.190082308164430946e+00,5.879719742438335173e-01,-7.324103601019346099e-01,0.000000000000000000e+00,0.000000000000000000e+00,0.000000000000000000e+00
-1.779950671420703623e-01,1.118842830816368233e-01,9.267316760546475685e-01,1.146608715163928600e-02,-3.178981024889341450e-03,4.188290072017736843e-01,9.079871616115777755e-01,3.259621203321653310e-02,1.998972498281179344e-01,4.154073417741955820e-01,2.410368843319365961e-02,-5.026075662340425548e-02,-1.975452709267723136e-02,-1.286081096623413467e-02,-3.622674026795259516e-01,-2.591268546079875112e-01,5.779356917316002401e-02,1.394329071649924312e-01,1.924141768620036552e-01,-1.712099822535447305e-02,0.000000000000000000e+00,0.000000000000000000e+00,2.265730867423567663e-01,1.132486870634964449e+00,-5.584217588061294313e-01,-6.454176119276773260e-01,0.000000000000000000e+00,0.000000000000000000e+00,0.000000000000000000e+00,4.036312989560238984e-01,-1.188656484900573185e+00,5.854606944450660988e-01,-7.298979578984566841e-01,0.000000000000000000e+00,0.000000000000000000e+00,0.000000000000000000e+00
-1.779245494693149077e-01,1.121552212133722637e-01,9.267312367694876540e-01,1.148827717364159749e-02,-2.659540662740078696e-03,4.189615401215264212e-01,9.079274058150470506e-01,3.200324658053875504e-02,1.990729401173965962e-01,4.153345399396436433e-01,2.364553256304293208e-02,-5.003310897644595856e-02,-2.006684568716538691e-02,-1.406672696749460688e-02,-3.631523645453329507e-01,-2.588712857197543737e-01,5.876370378949302004e-02,1.397317465887927546e-01,1.923881880772342345e-01,-1.790744694593013678e-02,0.000000000000000000e+00,0.000000000000000000e+00,2.280395396133306496e-01,1.133129820740610416e+00,-5.587676780912953500e-01,-6.443455712637075061e-01,0.000000000000000000e+00,0.000000000000000000e+00,0.000000000000000000e+00,4.058503215905832073e-01,-1.187950799427261561e+00,5.847501839327340356e-01,-7.290876480052282949e-01,0.000000000000000000e+00,0.000000000000000000e+00,0.000000000000000000e+00
-1.779261461807693512e-01,1.123845812368853836e-01,9.266637007019127292e-01,1.167328102487441045e-02,-2.798692207192433543e-03,4.188285271376211427e-01,9.079859947641123474e-01,3.295362617609822603e-02,1.986597761585226218e-01,4.158363300254863670e-01,2.349887726345577244e-02,-5.126703762892537153e-02,-2.088183199038738322e-02,-1.372863426229465993e-02,-3.638202188637210122e-01,-2.593049837566843152e-01,5.917666554633370379e-02,1.395845112591053983e-01,1.929002163503213130e-01,-1.845100795664350937e-02,0.000000000000000000e+00,0.000000000000000000e+00,2.284805438593422722e-01,1.132754657964870848e+00,-5.585106529964065647e-01,-6.453955847548661362e-01,0.000000000000000000e+00,0.000000000000000000e+00,0.000000000000000000e+00,4.051519398159915131e-01,-1.189445372108132171e+00,5.828465797531903192e-01,-7.305649348683355138e-01,0.000000000000000000e+00,0.000000000000000000e+00,0.000000000000000000e+00
-1.779118550941403976e-01,1.126567460317738079e-01,9.266398657884435952e-01,1.156570803722468954e-02,-2.380658263219424028e-03,4.185817457345502590e-01,9.081023560159106056e-01,3.254334578055839700e-02,1.986792186101019875e-01,4.181044665717261188e-01,2.401615664922050059e-02,-5.339623482161878765e-02,-2.202185991535286769e-02,-1.423978395873610331e-02,-3.642172493747892759e-01,-2.599051712678120962e-01,5.867597867919472493e-02,1.390940927288717988e-01,1.936239960010995298e-01,-1.859527159149051631e-02,0.000000000000000000e+00,0.000000000000000000e+00,2.299932083420367923e-01,1.133220821578715842e+00,-5.608285617858911332e-01,-6.458304362959890188e-01,0.000000000000000000e+00,0.000000000000000000e+00,0.000000000000000000e+00,4.053013095059770921e-01,-1.191688416309378384e+00,5.845839085793427259e-01,-7.313774003326135587e-01,0.000000000000000000e+00,0.000000000000000000e+00,0.000000000000000000e+00
-1.779131547228915700e-01,1.128727722264622341e-01,9.266234670552739860e-01,1.169582290746296049e-02,-2.352759463540301903e-03,4.176722196070576931e-01,9.085194490036732073e-01,3.353172318846735223e-02,1.983485746291514806e-01,4.201199209387790900e-01,2.380188399161678806e-02,-5.376099813099024377e-02,-2.064582045749954048e-02,-1.477097211419737752e-02,-3.645284555765974654e-01,-2.589127401354335278e-01,5.849025529383095057e-02,1.391155474274937964e-01,1.943771122956211572e-01,-1.920710958314587186e-02,0.000000000000000000e+00,0.000000000000000000e+00,2.314268683444807850e-01,1.132789596511337482e+00,-5.618774587342856286e-01,-6.460925987742076604e-01,0.000000000000000000e+00,0.000000000000000000e+00,0.000000000000000000e+00,4.043251700151135331e-01,-1.192304735953783501e+00,5.842078146343584466e-01,-7.317101823146126005e-01,0.000000000000000000e+00,0.000000000000000000e+00,0.000000000000000000e+00
-1.779177438361342345e-01,1.130476886316885282e-01,9.265388610590452600e-01,1.173182267959185787e-02,-1.900000623405096421e-03,4.176315233574446339e-01,9.085387526310508832e-01,3.369206506821279673e-02,1.975826845083974992e-01,4.216933448795420758e-01,2.257353521529756671e-02,-5.513592587696446168e-02,-2.186839972988430247e-02,-1.512000579706987771e-02,-3.650824018627869538e-01,-2.585558865064614964e-01,5.770037479197877989e-02,1.381817848158906625e-01,1.956284960654958160e-01,-1.907958898464766698e-02,0.000000000000000000e+00,0.000000000000000000e+00,2.311351359671574290e-01,1.132801656866316398e+00,-5.640537047093198142e-01,-6.466221831281304677e-01,0.000000000000000000e+00,0.000000000000000000e+00,0.000000000000000000e+00,4.028517752689197984e-01,-1.193139746610385910e+00,5.868652367668902858e-01,-7.330949807532926021e-01,0.000000000000000000e+00,0.000000000000000000e+00,0.000000000000000000e+00
-1.779076527364578109e-01,1.131534305074396590e-01,9.265768505814890865e-01,1.188379820061594670e-02,-1.915296211024415315e-03,4.172968365928078627e-01,9.086905178059174748e-01,3.435849112224419188e-02,1.973197621391327705e-01,4.228861606237800386e-01,2.206137566081699253e-02,-5.324615320860486695e-02,-2.219216539748753228e-02,-1.570487785753821308e-02,-3.653562633595638376e-01,-2.574811685363986857e-01,5.852732667885369305e-02,1.384508361807458565e-01,1.942530842351564424e-01,-1.991017862790538107e-02,0.000000000000000000e+00,0.000000000000000000e+00,2.322219624801573901e-01,1.132098261259840921e+00,-5.636123580422496282e-01,-6.449944887262700766e-01,0.000000000000000000e+00,0.000000000000000000e+00,0.000000000000000000e+00,4.031802537850671109e-01,-1.190533746454642827e+00,5.857065987538212504e-01,-7.310549133418575707e-01,0.000000000000000000e+00,0.000000000000000000e+00,0.000000000000000000e+00
-1.779132435681800573e-01,1.131780543113838494e-01,9.265812953889427384e-01,1.200717726018166003e-02,-1.736667988123943027e-03,4.180339388591812755e-01,9.083503936479687679e-01,3.417034286095049778e-02,1.963706673690135684e-01,4.216629772080698890e-01,2.099608992490862441e-02,-5.338377100453436247e-02,-2.161382963171771393e-02,-1.566845618536476248e-02,-3.658925102728561307e-01,-2.570495205838945196e-01,5.904654209856792513e-02,1.387063990876743202e-01,1.937912383332053290e-01,-2.055462743913506057e-02,0.000000000000000000e+00,0.000000000000000000e+00,2.305399263476978766e-01,1.133733102654016278e+00,-5.656608362538333434e-01,-6.446165876320165689e-01,0.000000000000000000e+00,0.000000000000000000e+00,0.000000000000000000e+00,4.024574978938890157e-01,-1.191242689044519132e+00,5.874323505354759334e-01,-7.319949278671568083e-01,0.000000000000000000e+00,0.000000000000000000e+00,0.000000000000000000e+00
-1.779486235684144546e-01,1.132337176708940185e-01,9.266195568494419721e-01,1.205936901778067311e-02,-1.566833982597870805e-03,4.176320609924663030e-01,9.085348525408086795e-01,3.438028036387169584e-02,1.959014085892489265e-01,4.219802342346847812e-01,2.025810649727326912e-02,-5.207766380345404955e-02,-2.107284735502807857e-02,-1.593178967311563096e-02,-3.660393139275673891e-01,-2.567426219448222247e-01,5.832177306970402764e-02,1.391230181912830322e-01,1.941009567399145930e-01,-2.120376956446657149e-02,0.000000000000000000e+00,0.000000000000000000e+00,2.302351591197510094e-01,1.133622680847620412e+00,-5.682226065434746731e-01,-6.442208091349763688e-01,0.000000000000000000e+00,0.000000000000000000e+00,0.000000000000000000e+00,4.008603601836232544e-01,-1.191350611811418103e+00,5.884084540639081817e-01,-7.320723080796807114e-01,0.000000000000000000e+00,0.000000000000000000e+00,0.000000000000000000e+00
-1.779922348479553162e-01,1.131997199128184084e-01,9.266126033379104010e-01,1.225902043442675220e-02,-1.766802671453938933e-03,4.179245633438162244e-01,9.083972997428985119e-01,3.484504435795501842e-02,1.958792517826875024e-01,4.231939039348263654e-01,2.008874184488817702e-02,-5.078519943379919410e-02,-2.170006687896069986e-02,-1.542366574503120993e-02,-3.666446833699830710e-01,-2.578578599244454317e-01,5.880367217274015679e-02,1.400759230321843019e-01,1.942695469686543386e-01,-2.195303406433568583e-02,0.000000000000000000e+00,0.000000000000000000e+00,2.301477806294158213e-01,1.132793003523298037e+00,-5.675805116859276023e-01,-6.419280951497844390e-01,0.000000000000000000e+00,0.000000000000000000e+00,0.000000000000000000e+00,3.998838962753903381e-01,-1.190294539544254349e+00,5.870705369621934677e-01,-7.310428798981047915e-01,0.000000000000000000e+00,0.000000000000000000e+00,0.000000000000000000e+00
-1.779820938263042829e-01,1.132534548585326789e-01,9.266648639806689403e-01,1.228042787735656241e-02,-1.517441267740519441e-03,4.175969967630636659e-01,9.085480927048485977e-01,3.512089503571472204e-02,1.954249766330316829e-01,4.240266536966594280e-01,1.896861805615462915e-02,-4.937872889285031819e-02,-2.173802035931228852e-02,-1.586319107694336705e-02,-3.663971497516798626e-01,-2.558214392367011980e-01,5.793228018150276687e-02,1.402562813808787001e-01,1.935714045240130576e-01,-2.258721204319781226e-02,0.000000000000000000e+00,0.000000000000000000e+00,2.305890677430672830e-01,1.132937675993340942e+00,-5.695569391102204282e-01,-6.418821675040090602e-01,0.000000000000000000e+00,0.000000000000000000e+00,0.000000000000000000e+00,3.995163885515376490e-01,-1.189358437194046658e+00,5.882249653786530974e-01,-7.308208105541380561e-01,0.000000000000000000e+00,0.000000000000000000e+00,0.000000000000000000e+00
-1.780102005387311781e-01,1.132274733517250886e-01,9.267114183826921092e-01,1.251799988772048927e-02,-1.517163391621634185e-03,4.174433248204333369e-01,9.086154678723649125e-01,3.578612564080728420e-02,1.949296009186314849e-01,4.249856426489437844e-01,1.817313376126173524e-02,-4.802200876271968399e-02,-2.249732726741227734e-02,-1.538489943954557924e-02,-3.667389675922879122e-01,-2.558954404858054810e-01,5.721613867351864335e-02,1.399448811986235275e-01,1.934302126190302062e-01,-2.341112577507222306e-02,0.000000000000000000e+00,0.000000000000000000e+00,2.291543121186458976e-01,1.135437843745157105e+00,-5.734640024082412468e-01,-6.417342328354621594e-01,0.000000000000000000e+00,0.000000000000000000e+00,0.000000000000000000e+00,3.973063452814017404e-01,-1.189573644467547098e+00,5.906157812636061433e-01,-7.315503473526187017e-01,0.000000000000000000e+00,0.000000000000000000e+00,0.000000000000000000e+00
-1.779672213894318011e-01,1.132353423204507797e-01,9.267678976982320904e-01,1.254617919317849509e-02,-1.522831820960511475e-03,4.178319141836207007e-01,9.084364401875066886e-01,3.618162127492599578e-02,1.947835576506690425e-01,4.256573975829286427e-01,1.704345849922800013e-02,-4.634665403506647158e-02,-2.296573504682061437e-02,-1.477622596152108024e-02,-3.668776575641952142e-01,-2.569369688615720793e-01,5.686036275535778090e-02,1.410132944419439371e-01,1.931874442180938067e-01,-2.375293956750244156e-02,0.000000000000000000e+00,0.000000000000000000e+00,2.282196629695818213e-01,1.135019665550132340e+00,-5.742133786520174921e-01,-6.395099392359911983e-01,0.000000000000000000e+00,0.000000000000000000e+00,0.000000000000000000e+00,3.972888377292593254e-01,-1.187744977746877595e+00,5.912575911324605693e-01,-7.304357021710561337e-01,0.000000000000000000e+00,0.000000000000000000e+00,0.000000000000000000e+00
-1.779367658540479680e-01,1.132514695197157917e-01,9.267235884401351376e-01,1.278059922752254086e-02,-1.851353320563997682e-03,4.179604772030013904e-01,9.083734189585844776e-01,3.746887316961520359e-02,1.944004556792754412e-01,4.252691530929835761e-01,1.614977211377687655e-02,-4.649338652038330355e-02,-2.352903174906919789e-02,-1.383383704694937828e-02,-3.669613783996139023e-01,-2.562432401471431143e-01,5.700218789761781618e-02,1.402336239701806320e-01,1.927601916241114821e-01,-2.457586277412649595e-02,0.000000000000000000e+00,0.000000000000000000e+00,2.259787086735186856e-01,1.135837598385476488e+00,-5.761205802507450846e-01,-6.400745217139255372e-01,0.000000000000000000e+00,0.000000000000000000e+00,0.000000000000000000e+00,3.948850369221606482e-01,-1.187624216141188516e+00,5.916801846376562590e-01,-7.323345246226056204e-01,0.000000000000000000e+00,0.000000000000000000e+00,0.000000000000000000e+00
-1.778537310358866419e-01,1.132868266288357961e-01,9.267609889468065854e-01,1.306114025406809702e-02,-1.644227859035491453e-03,4.182247754883950397e-01,9.082481710951545439e-01,3.696897800617440777e-02,1.938295731029171520e-01,4.254752834324697641e-01,1.674921893849668289e-02,-4.567527605566257254e-02,-2.357544880665352754e-02,-1.413823002558544165e-02,-3.676074109496343945e-01,-2.551412955506778824e-01,5.764340735241095526e-02,1.401157400854011192e-01,1.915121704954840798e-01,-2.493581092911608885e-02,0.000000000000000000e+00,0.000000000000000000e+00,2.241640256571423850e-01,1.138379688328906569e+00,-5.779911009824614254e-01,-6.391432520825380825e-01,0.000000000000000000e+00,0.000000000000000000e+00,0.000000000000000000e+00,3.943571456552997234e-01,-1.187080816873912870e+00,5.926874276259925800e-01,-7.333175065186692265e-01,0.000000000000000000e+00,0.000000000000000000e+00,0.000000000000000000e+00
-1.778214907838642223e-01,1.133609065380739161e-01,9.267499922764940168e-01,1.328468318139133797e-02,-1.670388894887088124e-03,4.177929681492896230e-01,9.084435936032119185e-01,3.737277677918144497e-02,1.937305117445948521e-01,4.272475818195714536e-01,1.740062229791421861e-02,-4.582308669494955522e-02,-2.328796493474321466e-02,-1.441507714235094016e-02,-3.683156282614162280e-01,-2.560363029058380646e-01,5.832671808051467788e-02,1.395512036437375758e-01,1.910833828746077157e-01,-2.500231451406587438e-02,0.000000000000000000e+00,0.000000000000000000e+00,2.232175944470722595e-01,1.140317778095524481e+00,-5.806220372498122062e-01,-6.379315903946944921e-01,0.000000000000000000e+00,0.000000000000000000e+00,0.000000000000000000e+00,3.929722256473079378e-01,-1.187930579713195378e+00,5.938751213713886479e-01,-7.342155320177319311e-01,0.000000000000000000e+00,0.000000000000000000e+00,0.000000000000000000e+00
-1.777740715718131304e-01,1.135019644093123448e-01,9.266914646498565222e-01,1.344532799716192419e-02,-1.586340771091071956e-03,4.180254975942405693e-01,9.083344043022345549e-01,3.817147846746100914e-02,1.930004423119862644e-01,4.277219524450953658e-01,1.612577036398065225e-02,-4.667040939809331129e-02,-2.489713097516895249e-02,-1.407084970212745673e-02,-3.689980176566275971e-01,-2.566228892540977635e-01,5.845814300727233959e-02,1.389744663999785690e-01,1.918371113639711079e-01,-2.571898512013572058e-02,0.000000000000000000e+00,0.000000000000000000e+00,2.222248272667921021e-01,1.140393522858014430e+00,-5.821548054516395565e-01,-6.372890086316947977e-01,0.000000000000000000e+00,0.000000000000000000e+00,0.000000000000000000e+00,3.922966904620563966e-01,-1.186940397608806208e+00,5.937739333068712266e-01,-7.352064710955800164e-01,0.000000000000000000e+00,0.000000000000000000e+00,0.000000000000000000e+00
-1.777809984892726736e-01,1.136587389902627837e-01,9.266838086399912244e-01,1.347992745839494272e-02,-1.506313373987599579e-03,4.180454432797776065e-01,9.083248482391920176e-01,3.791222987250372073e-02,1.926216972815294470e-01,4.269980943371939341e-01,1.662851947354207494e-02,-4.758455075582306015e-02,-2.338228942784562406e-02,-1.408460057866001668e-02,-3.690155649633943269e-01,-2.551284734949189059e-01,5.818275080233047819e-02,1.392945481693204368e-01,1.917969092540632858e-01,-2.598185402223086859e-02,0.000000000000000000e+00,0.000000000000000000e+00,2.214418311679393347e-01,1.139488420965885762e+00,-5.831334088144632943e-01,-6.370374845949884346e-01,0.000000000000000000e+00,0.000000000000000000e+00,0.000000000000000000e+00,3.924858467941020890e-01,-1.186543782840111971e+00,5.939723546687226685e-01,-7.347187005174434793e-01,0.000000000000000000e+00,0.000000000000000000e+00,0.000000000000000000e+00
-1.778239563912847321e-01,1.137521435494790317e-01,9.266680435158760609e-01,1.377123811687547966e-02,-1.502378088528987053e-03,4.184527484670872988e-01,9.081329160211898399e-01,3.781986339867641350e-02,1.922315338583034106e-01,4.281481961701624761e-01,1.743063592988259095e-02,-4.799802570881171043e-02,-2.456463705089917057e-02,-1.363897053582550575e-02,-3.698024926148081315e-01,-2.551135332441958892e-01,5.860408341405587418e-02,1.386019092807118658e-01,1.907825315322418114e-01,-2.585385872671828317e-02,0.000000000000000000e+00,0.000000000000000000e+00,2.186429675999550792e-01,1.141046759676512146e+00,-5.852781541379201702e-01,-6.358940381144433385e-01,0.000000000000000000e+00,0.000000000000000000e+00,0.000000000000000000e+00,3.921524110480252290e-01,-1.185955247620611663e+00,5.959390352438866945e-01,-7.356773712035736823e-01,0.000000000000000000e+00,0.000000000000000000e+00,0.000000000000000000e+00
-1.778967465677076809e-01,1.139037891355825921e-01,9.266858017821811844e-01,1.398029063882449789e-02,-1.730533359188941422e-03,4.182973526857075020e-01,9.082009036904097332e-01,3.830020599351436489e-02,1.919479007229747958e-01,4.280420118552524800e-01,1.812893107682047797e-02,-4.796309565268951081e-02,-2.414359621313753521e-02,-1.293425541664583803e-02,-3.703473033761800481e-01,-2.558961930532126505e-01,5.844860177615045921e-02,1.395475276451557667e-01,1.913256425370694069e-01,-2.525683177851471839e-02,0.000000000000000000e+00,0.000000000000000000e+00,2.159500310616465635e-01,1.142699657851073081e+00,-5.895575966483334041e-01,-6.368809914643367431e-01,0.000000000000000000e+00,0.000000000000000000e+00,0.000000000000000000e+00,3.902212303525101622e-01,-1.188588085342634271e+00,5.989223011107278616e-01,-7.362070324153059397e-01,0.000000000000000000e+00,0.000000000000000000e+00,0.000000000000000000e+00
-1.779525111687419447e-01,1.140453925753750070e-01,9.266159338576196447e-01,1.412635983572972306e-02,-1.943844823386585603e-03,4.188972986155938827e-01,9.079216489530652634e-01,3.899909358136173509e-02,1.915415935055941321e-01,4.285070433479505336e-01,1.749429134119422427e-02,-4.843513211129885782e-02,-2.366733862256242826e-02,-1.191864598722606854e-02,-3.706281883370980967e-01,-2.553131520222486905e-01,5.829149211195921998e-02,1.405640067701181273e-01,1.910502416538184256e-01,-2.495534724921833619e-02,0.000000000000000000e+00,0.000000000000000000e+00,2.128079850972872666e-01,1.141541667702087093e+00,-5.908889201832262517e-01,-6.365699255078997032e-01,0.000000000000000000e+00,0.000000000000000000e+00,0.000000000000000000e+00,3.899774868588322674e-01,-1.188036779874330762e+00,6.001308240580928155e-01,-7.351624867304521471e-01,0.000000000000000000e+00,0.000000000000000000e+00,0.000000000000000000e+00
-1.780048495791647090e-01,1.141873129935439268e-01,9.265856196329792516e-01,1.403084398961231861e-02,-1.790727008014147276e-03,4.193855038769850330e-01,9.076980378141012995e-01,3.894574694405075060e-02,1.909481018026762678e-01,4.275918688969358450e-01,1.651141552397179801e-02,-4.999669598845808693e-02,-2.321532017817958676e-02,-1.212836367137715664e-02,-3.705178827251865425e-01,-2.537359180696260874e-01,5.864132793688889983e-02,1.401395149982538058e-01,1.900997909432253496e-01,-2.397700559876754858e-02,0.000000000000000000e+00,0.000000000000000000e+00,2.102672370586451400e-01,1.141207397875239948e+00,-5.931398125134602628e-01,-6.367993166294675378e-01,0.000000000000000000e+00,0.000000000000000000e+00,0.000000000000000000e+00,3.894843272822250957e-01,-1.189523062617254379e+00,6.029093323934779924e-01,-7.346388876222773590e-01,0.000000000000000000e+00,0.000000000000000000e+00,0.000000000000000000e+00
-1.780507684209942376e-01,1.142426515390476405e-01,9.265968485915387909e-01,1.417588558767027274e-02,-2.060678370407918562e-03,4.194960187987039069e-01,9.076441417672987955e-01,3.946731934548191462e-02,1.912722015256912711e-01,4.295219426904289817e-01,1.718603441519511027e-02,-5.009644074456833657e-02,-2.430152582761847119e-02,-1.176452202265313232e-02,-3.710278218916728266e-01,-2.546808340147277416e-01,5.945897464084509698e-02,1.411004372455430533e-01,1.907174595939203632e-01,-2.357712758065435080e-02,0.000000000000000000e+00,0.000000000000000000e+00,2.090241021695244394e-01,1.140785470159268566e+00,-5.932135000572106298e-01,-6.355659631593512104e-01,0.000000000000000000e+00,0.000000000000000000e+00,0.000000000000000000e+00,3.889424944141193774e-01,-1.189053941987275431e+00,6.021092024175291879e-01,-7.334043064405941781e-01,0.000000000000000000e+00,0.000000000000000000e+00,0.000000000000000000e+00
-1.780092160466967832e-01,1.143012758592757416e-01,9.265795475461955366e-01,1.432180394147591039e-02,-1.973458020716724326e-03,4.197590061824957863e-01,9.075204505265902499e-01,3.898584187500475640e-02,1.909791870912383172e-01,4.287296776512830587e-01,1.793304339626190444e-02,-5.020040242770808236e-02,-2.529840473397611950e-02,-1.225018249489247951e-02,-3.716419949297268266e-01,-2.543461269952074222e-01,6.075282873916626469e-02,1.411292215413506301e-01,1.903754862259127156e-01,-2.324805556850935082e-02,0.000000000000000000e+00,0.000000000000000000e+00,2.071840652459019938e-01,1.141921538915728229e+00,-5.951532448625094229e-01,-6.355037107749904601e-01,0.000000000000000000e+00,0.000000000000000000e+00,0.000000000000000000e+00,3.893754008632221986e-01,-1.189056959735693697e+00,6.040530674872296446e-01,-7.333853330386667091e-01,0.000000000000000000e+00,0.000000000000000000e+00,0.000000000000000000e+00
-1.779091205750932547e-01,1.143746174542824151e-01,9.264995427394820959e-01,1.438660644839493893e-02,-1.421145762575835338e-03,4.198437199902743111e-01,9.074812707071963080e-01,3.823439481035046522e-02,1.902727988983992369e-01,4.284552940477871497e-01,1.774890967388607910e-02,-5.170522535949226978e-02,-2.657436502832740202e-02,-1.286640748634662774e-02,-3.722275125873030222e-01,-2.545628016614731037e-01,6.050829946903588802e-02,1.391218616285409271e-01,1.892069801234808057e-01,-2.281301917031499857e-02,0.000000000000000000e+00,0.000000000000000000e+00,2.051860151549755040e-01,1.144130968507719226e+00,-5.980451948237339721e-01,-6.347462968818159412e-01,0.000000000000000000e+00,0.000000000000000000e+00,0.000000000000000000e+00,3.880513128508291110e-01,-1.189678028805021048e+00,6.068959816804675445e-01,-7.355598142124246674e-01,0.000000000000000000e+00,0.000000000000000000e+00,0.000000000000000000e+00
-1.777937429687493076e-01,1.144333550991907672e-01,9.265337090665538566e-01,1.435672436316931186e-02,-1.291561659044127529e-03,4.202767973286593572e-01,9.072814502463967257e-01,3.756463223928523110e-02,1.903342688817016293e-01,4.280557432712616683e-01,1.825958967667321020e-02,-5.092167019586094079e-02,-2.671810657430906052e-02,-1.304351968853652462e-02,-3.722369576330786800e-01,-2.540150170175778377e-01,6.106796312546456523e-02,1.398616435228068333e-01,1.887434748033884058e-01,-2.279871668382712005e-02,0.000000000000000000e+00,0.000000000000000000e+00,2.029225576393593744e-01,1.145025424798542080e+00,-6.012865430733880245e-01,-6.345871214480129918e-01,0.000000000000000000e+00,0.000000000000000000e+00,0.000000000000000000e+00,3.867755027857306405e-01,-1.190042907274525552e+00,6.100855613481732664e-01,-7.356162534869830072e-01,0.000000000000000000e+00,0.000000000000000000e+00,0.000000000000000000e+00
-1.777372366605171339e-01,1.143954881445807814e-01,9.265095912269282197e-01,1.455063306069395365e-02,-1.501354244917496106e-03,4.208135658438579285e-01,9.070291989868574101e-01,3.815060925365332256e-02,1.900166299887674493e-01,4.276448205266517588e-01,1.771042314307109608e-02,-5.128862598569022130e-02,-2.680519365427301223e-02,-1.256513727340958370e-02,-3.724750568261071537e-01,-2.540083136187464841e-01,6.212922778757037218e-02,1.390807514351759810e-01,1.862550903114663647e-01,-2.302141598141472373e-02,0.000000000000000000e+00,0.000000000000000000e+00,1.996119594342803116e-01,1.146267517189177187e+00,-6.028914026992613362e-01,-6.341182471454571701e-01,0.000000000000000000e+00,0.000000000000000000e+00,0.000000000000000000e+00,3.850091516072927100e-01,-1.189997950038182317e+00,6.115975420728599898e-01,-7.365583944256497428e-01,0.000000000000000000e+00,0.000000000000000000e+00,0.000000000000000000e+00
-1.776760049822387610e-01,1.143996305472437108e-01,9.265273289973219306e-01,1.451684185488410876e-02,-1.410914234501801966e-03,4.209755996921868970e-01,9.069546929628763410e-01,3.816326983098626557e-02,1.900353240790648157e-01,4.279497796133338028e-01,1.710498799452421503e-02,-5.022743182521293565e-02,-2.764968285223354597e-02,-1.258846330733471089e-02,-3.726667102620402350e-01,-2.549514565279876743e-01,6.215006400656624547e-02,1.399639739847875763e-01,1.869563604125043244e-01,-2.391797158299648757e-02,0.000000000000000000e+00,0.000000000000000000e+00,1.997435587703631499e-01,1.145725999141478324e+00,-6.045294190104600895e-01,-6.328625630610926756e-01,0.000000000000000000e+00,0.000000000000000000e+00,0.000000000000000000e+00,3.853196217312594429e-01,-1.188368971663153140e+00,6.117161891551674557e-01,-7.353294476002236735e-01,0.000000000000000000e+00,0.000000000000000000e+00,0.000000000000000000e+00
-1.776036091394805061e-01,1.144223749072525859e-01,9.265463684486433538e-01,1.443955440278079858e-02,-1.296746961573814376e-03,4.212611807556475574e-01,9.068234862994688505e-01,3.782796733869710215e-02,1.901652342268888574e-01,4.284475205552337185e-01,1.699135019422880200e-02,-4.969235702713986624e-02,-2.713380591707568665e-02,-1.321874292454189304e-02,-3.723410923507096681e-01,-2.528860258994772292e-01,6.283507920676495440e-02,1.408575567235144099e-01,1.858750366469001936e-01,-2.470847497160285830e-02,0.000000000000000000e+00,0.000000000000000000e+00,1.992605877785137702e-01,1.145848085534773464e+00,-6.069642241076683709e-01,-6.320924027480598895e-01,0.000000000000000000e+00,0.000000000000000000e+00,0.000000000000000000e+00,3.846260683045660822e-01,-1.189093900783684266e+00,6.131187685941728027e-01,-7.349104864468667397e-01,0.000000000000000000e+00,0.000000000000000000e+00,0.000000000000000000e+00
-1.775593795445524758e-01,1.144026229438690201e-01,9.265688204124359340e-01,1.443717485336368407e-02,-1.024046350848230053e-03,4.211539831271980949e-01,9.068736636419756358e-01,3.731537835697509853e-02,1.900052534107090074e-01,4.283312606951061863e-01,1.710438209961184439e-02,-4.937500762378747160e-02,-2.791600301225849803e-02,-1.319733008662296765e-02,-3.725213655691073100e-01,-2.534164039708975968e-01,6.177142558623849311e-02,1.409114675621825352e-01,1.877904355836921280e-01,-2.508314297975426654e-02,0.000000000000000000e+00,0.000000000000000000e+00,1.973527538598286446e-01,1.147601982996308667e+00,-6.095590369923218343e-01,-6.318493810992545923e-01,0.000000000000000000e+00,0.000000000000000000e+00,0.000000000000000000e+00,3.836469859638820257e-01,-1.188406263169594634e+00,6.146741869365339728e-01,-7.342882674772731599e-01,0.000000000000000000e+00,0.000000000000000000e+00,0.000000000000000000e+00
-1.775822403749838518e-01,1.142807494003448554e-01,9.265084708052589990e-01,1.467823581849842483e-02,-1.377756563853743590e-03,4.216485883007261570e-01,9.066394648172508841e-01,3.790272017582660413e-02,1.891753328312971993e-01,4.242864158674878872e-01,1.637852108400580931e-02,-5.049272582025650380e-02,-2.735722293472780953e-02,-1.264355346768207197e-02,-3.722335866587463404e-01,-2.512735166058099323e-01,6.267117288461276914e-02,1.394192044054751445e-01,1.832287553648766498e-01,-2.596056161392182662e-02,0.000000000000000000e+00,0.000000000000000000e+00,1.929113997896346189e-01,1.149824088892413387e+00,-6.135918666016738632e-01,-6.330131015093853897e-01,0.000000000000000000e+00,0.000000000000000000e+00,0.000000000000000000e+00,3.793858210322558211e-01,-1.190032240315495926e+00,6.179650546305603953e-01,-7.376900094586444911e-01,0.000000000000000000e+00,0.000000000000000000e+00,0.000000000000000000e+00
-1.775833988126357676e-01,1.141697198835006227e-01,9.265057201360121786e-01,1.478501270115862611e-02,-1.530712790996067735e-03,4.212825928745586035e-01,9.068076076316661238e-01,3.797657208605864643e-02,1.898989565437853855e-01,4.266759373924048360e-01,1.764242840989418970e-02,-4.940393464089181536e-02,-2.864517287832326134e-02,-1.258126054626230658e-02,-3.727037399585712008e-01,-2.532391364863229022e-01,6.273593033873897662e-02,1.403559077635531949e-01,1.853801786719557754e-01,-2.599171724609918716e-02,0.000000000000000000e+00,0.000000000000000000e+00,1.921658361188144926e-01,1.148656299475761422e+00,-6.150821463195103034e-01,-6.322619938470945833e-01,0.000000000000000000e+00,0.000000000000000000e+00,0.000000000000000000e+00,3.785758304406076635e-01,-1.188546592684677883e+00,6.186009685956235238e-01,-7.358638079740454918e-01,0.000000000000000000e+00,0.000000000000000000e+00,0.000000000000000000e+00
-1.776468896293435240e-01,1.140644577886005262e-01,9.265830281908620236e-01,1.447388829666588009e-02,-1.512347070825204249e-03,4.209140977447430321e-01,9.069837604299431089e-01,3.742592832833100541e-02,1.905751555554097698e-01,4.263817415790758236e-01,1.823645217643045380e-02,-4.994838889612441407e-02,-2.752864282454150352e-02,-1.293542470909484626e-02,-3.714825537032968583e-01,-2.515840745084417795e-01,6.180626415802219220e-02,1.402827154848814151e-01,1.852939000624607147e-01,-2.550599634898582241e-02,0.000000000000000000e+00,0.000000000000000000e+00,1.911345788979107452e-01,1.148396857429398121e+00,-6.166962379452594067e-01,-6.319009257962779902e-01,0.000000000000000000e+00,0.000000000000000000e+00,0.000000000000000000e+00,3.782844153686588107e-01,-1.188559152923977846e+00,6.197623700457796092e-01,-7.334975481615433335e-01,0.000000000000000000e+00,0.000000000000000000e+00,0.000000000000000000e+00
-1.777409154718980477e-01,1.138390395071802452e-01,9.265587370700493208e-01,1.451426205720094016e-02,-1.503656811444422205e-03,4.212267363882409854e-01,9.068379743729516607e-01,3.683096228749886680e-02,1.907720646350272165e-01,4.267980027647070851e-01,1.856206581906364936e-02,-4.931235174833753510e-02,-2.822882229858849484e-02,-1.319557703343117970e-02,-3.716203687254876487e-01,-2.517822610359827795e-01,6.221422866173486471e-02,1.404224048021569804e-01,1.848805535271442479e-01,-2.559575968858993078e-02,0.000000000000000000e+00,0.000000000000000000e+00,1.899099013241945799e-01,1.148263859415932897e+00,-6.173778154731275336e-01,-6.309184772706730726e-01,0.000000000000000000e+00,0.000000000000000000e+00,0.000000000000000000e+00,3.781744589184406480e-01,-1.186839245041413138e+00,6.206520830281248013e-01,-7.329663757804800728e-01,0.000000000000000000e+00,0.000000000000000000e+00,0.000000000000000000e+00
-1.778817204437694310e-01,1.135896660509327916e-01,9.266007092245267529e-01,1.433250802404984793e-02,-1.477406771406395477e-03,4.209736084393835842e-01,9.069584430835270217e-01,3.633136970099015012e-02,1.913424505963366717e-01,4.273915460105707220e-01,1.888196242448035578e-02,-4.948922355446795651e-02,-2.839030466420945642e-02,-1.335128323928120968e-02,-3.711235757523578815e-01,-2.525234917294258974e-01,6.140499451680647008e-02,1.396981192116265869e-01,1.859390587365216674e-01,-2.512307431036703634e-02,0.000000000000000000e+00,0.000000000000000000e+00,1.884382559884284214e-01,1.148600494419860008e+00,-6.166316514345175914e-01,-6.308307939874874259e-01,0.000000000000000000e+00,0.000000000000000000e+00,0.000000000000000000e+00,3.771434563713536581e-01,-1.186268444311527226e+00,6.192610178735741266e-01,-7.324208520184640747e-01,0.000000000000000000e+00,0.000000000000000000e+00,0.000000000000000000e+00
-1.780713951121603578e-01,1.133115521451173585e-01,9.265944327861767027e-01,1.442103772382774887e-02,-1.629908347037039087e-03,4.206054945890459473e-01,9.071275516658340310e-01,3.645447188459786936e-02,1.914577068314551878e-01,4.279317552911753308e-01,1.883078813116212391e-02,-4.857238396000971431e-02,-2.776683333056129133e-02,-1.338043844767825528e-02,-3.710686337808772328e-01,-2.525321693377357013e-01,6.054735639368522687e-02,1.414006437663177518e-01,1.868893363721839673e-01,-2.557480448502617507e-02,0.000000000000000000e+00,0.000000000000000000e+00,1.884697456471129684e-01,1.148150600081021100e+00,-6.194100736280564456e-01,-6.303224194094948496e-01,0.000000000000000000e+00,0.000000000000000000e+00,0.000000000000000000e+00,3.751963635328511293e-01,-1.186515833777375351e+00,6.205212772963167867e-01,-7.327097391822867678e-01,0.000000000000000000e+00,0.000000000000000000e+00,0.000000000000000000e+00
-1.782565517550142309e-01,1.129756470370063132e-01,9.265775413758547963e-01,1.465251258573003514e-02,-1.786435207285553585e-03,4.207081589251717713e-01,9.070759381319558612e-01,3.667343146444744517e-02,1.913433034066370775e-01,4.284421173144888351e-01,1.823325513594353450e-02,-4.652129347312819463e-02,-2.958621930336578429e-02,-1.312233341768728051e-02,-3.715592519024000784e-01,-2.540814247066293663e-01,6.038582576276024100e-02,1.421832703988667179e-01,1.859424191087630240e-01,-2.534682790106701500e-02,0.000000000000000000e+00,0.000000000000000000e+00,1.865788086438641691e-01,1.148270243394035273e+00,-6.209101678571360416e-01,-6.290444309877569751e-01,0.000000000000000000e+00,0.000000000000000000e+00,0.000000000000000000e+00,3.737457425521581444e-01,-1.185730733471700660e+00,6.226202245549516956e-01,-7.321958886342515571e-01,0.000000000000000000e+00,0.000000000000000000e+00,0.000000000000000000e+00
-1.784733865810382847e-01,1.126702939377157292e-01,9.265580878368991913e-01,1.443497959769842950e-02,-1.730256738718187210e-03,4.206145084971065207e-01,9.071229645518681384e-01,3.706816546773553100e-02,1.912601900725565407e-01,4.284733985751271734e-01,1.599156095924449475e-02,-4.696533739735524876e-02,-3.009432736341379963e-02,-1.364962440038725196e-02,-3.708005285740735846e-01,-2.528116978016162752e-01,5.970122777555327692e-02,1.416897217886811666e-01,1.869426106587788738e-01,-2.599225388770932954e-02,0.000000000000000000e+00,0.000000000000000000e+00,1.844837221733733879e-01,1.147960778036136054e+00,-6.225991066520757400e-01,-6.296803123912207978e-01,0.000000000000000000e+00,0.000000000000000000e+00,0.000000000000000000e+00,3.708580531802644353e-01,-1.185877475559408589e+00,6.238990203443069982e-01,-7.318689218295028054e-01,0.000000000000000000e+00,0.000000000000000000e+00,0.000000000000000000e+00
-1.787573534974246647e-01,1.122721105993611246e-01,9.265750793216249726e-01,1.461622747654984719e-02,-2.146564442858897234e-03,4.206307249291779682e-01,9.071116532164055224e-01,3.727902617891794973e-02,1.910743867914539706e-01,4.271982481977949497e-01,1.589680170012480742e-02,-4.675333733046286439e-02,-2.746068075185393795e-02,-1.417930951430069336e-02,-3.706974297558364162e-01,-2.514741922582405254e-01,6.102821514804770975e-02,1.426592411117948711e-01,1.849195296721933834e-01,-2.593890894538710898e-02,0.000000000000000000e+00,0.000000000000000000e+00,1.827574087465323460e-01,1.146892119280451983e+00,-6.213811569935061563e-01,-6.278388967184440617e-01,0.000000000000000000e+00,0.000000000000000000e+00,0.000000000000000000e+00,3.681706905267763674e-01,-1.185239954705468390e+00,6.236276135134004583e-01,-7.319363970784961149e-01,0.000000000000000000e+00,0.000000000000000000e+00,0.000000000000000000e+00
-1.790492358327532008e-01,1.119562872746954901e-01,9.266302836239784790e-01,1.436708018046341240e-02,-2.099935323916916983e-03,4.204826283113407004e-01,9.071844005311765491e-01,3.676201581016670661e-02,1.912377601005749994e-01,4.265854416311111730e-01,1.519391397460488277e-02,-4.633397460341261154e-02,-2.707442900152109977e-02,-1.474799402206350245e-02,-3.700814119628105803e-01,-2.514673252975831996e-01,6.026707599859087300e-02,1.431584149038245823e-01,1.857066406848087436e-01,-2.645939138977986688e-02,0.000000000000000000e+00,0.000000000000000000e+00,1.833660829275844395e-01,1.144955419369880989e+00,-6.207490733676788164e-01,-6.262804172229472499e-01,0.000000000000000000e+00,0.000000000000000000e+00,0.000000000000000000e+00,3.677020709811518739e-01,-1.184477195595304622e+00,6.229402055550669060e-01,-7.299405438304622518e-01,0.000000000000000000e+00,0.000000000000000000e+00,0.000000000000000000e+00
-1.793331769501157191e-01,1.116165816100521818e-01,9.265827349955767511e-01,1.447851950038760334e-02,-2.149540896209590178e-03,4.200967797287200600e-01,9.073612552939270826e-01,3.663804529462218185e-02,1.909496300537771585e-01,4.255363739124555233e-01,1.489049394140551374e-02,-4.606704565702098020e-02,-2.782501444195612308e-02,-1.504035186746580446e-02,-3.700532121419143894e-01,-2.511467808525668088e-01,5.949602792516964223e-02,1.428835489401306669e-01,1.854139568974411956e-01,-2.629617352224156504e-02,0.000000000000000000e+00,0.000000000000000000e+00,1.831283361941929699e-01,1.143734741402207877e+00,-6.202932527768628690e-01,-6.256088227196555662e-01,0.000000000000000000e+00,0.000000000000000000e+00,0.000000000000000000e+00,3.650531827772250382e-01,-1.183260960633063297e+00,6.230716722771990623e-01,-7.304007307805451266e-01,0.000000000000000000e+00,0.000000000000000000e+00,0.000000000000000000e+00
-1.796064438542194497e-01,1.113045693100902372e-01,9.265797393757490008e-01,1.418883982653063557e-02,-1.978141302085656937e-03,4.202843105415211000e-01,9.072793737840644246e-01,3.550444895610668089e-02,1.914602003699659716e-01,4.261859951355902454e-01,1.482348894439326249e-02,-4.600833881813342491e-02,-2.830203693711114826e-02,-1.622631049714485726e-02,-3.697573612209500427e-01,-2.512361566764073073e-01,5.983400704230759648e-02,1.437504522492343284e-01,1.867030612957682745e-01,-2.621109149395896634e-02,0.000000000000000000e+00,0.000000000000000000e+00,1.823138274470723075e-01,1.143108882356186573e+00,-6.191798939054141693e-01,-6.263273419891490779e-01,0.000000000000000000e+00,0.000000000000000000e+00,0.000000000000000000e+00,3.642199475752736504e-01,-1.183464593617424843e+00,6.232453783171496564e-01,-7.291168157775383962e-01,0.000000000000000000e+00,0.000000000000000000e+00,0.000000000000000000e+00
-1.799181104214041260e-01,1.109298052825657410e-01,9.265772974391508487e-01,1.404056568800652639e-02,-2.229415460126084585e-03,4.204867246688552829e-01,9.071873051355631157e-01,3.534344179954086729e-02,1.915159153059632635e-01,4.238417458738998334e-01,1.410381526524086271e-02,-4.675857877098669318e-02,-2.756012249779336148e-02,-1.604415263407135001e-02,-3.689531164007138764e-01,-2.505639306366417296e-01,5.943772613008264233e-02,1.431653387700362878e-01,1.862777529071901750e-01,-2.644575782233116179e-02,0.000000000000000000e+00,0.000000000000000000e+00,1.795664321888530424e-01,1.143231429742994187e+00,-6.197483177121498876e-01,-6.271375446279274790e-01,0.000000000000000000e+00,0.000000000000000000e+00,0.000000000000000000e+00,3.610558274586240790e-01,-1.184274269023219972e+00,6.249526996530792022e-01,-7.293057895996872819e-01,0.000000000000000000e+00,0.000000000000000000e+00,0.000000000000000000e+00
-1.802089656697744013e-01,1.105467419187586425e-01,9.266222878884337044e-01,1.398240508293885007e-02,-2.365401422693345218e-03,4.201741226981287047e-01,9.073326864161042060e-01,3.451656057900482494e-02,1.920611949172601751e-01,4.238027645335929461e-01,1.522037999712568673e-02,-4.622345231987307068e-02,-2.667174185566503417e-02,-1.705910975277855068e-02,-3.687411849713106982e-01,-2.507904054869686816e-01,6.013995226989760079e-02,1.437457733135713844e-01,1.854755750153461169e-01,-2.585775844179017541e-02,0.000000000000000000e+00,0.000000000000000000e+00,1.803592781666477629e-01,1.141433495275948840e+00,-6.178293924969743278e-01,-6.250535523369478152e-01,0.000000000000000000e+00,0.000000000000000000e+00,0.000000000000000000e+00,3.600515561644074825e-01,-1.182992875977623370e+00,6.237858755331623373e-01,-7.277722521965431790e-01,0.000000000000000000e+00,0.000000000000000000e+00,0.000000000000000000e+00
-1.804722322538657997e-01,1.101804151495731771e-01,9.266422246349210745e-01,1.385510189543988357e-02,-2.558450979544269355e-03,4.202456206677672723e-01,9.073010023082835884e-01,3.379153636953382417e-02,1.927685172903358668e-01,4.239035168985292312e-01,1.605070956031319496e-02,-4.606443522655161160e-02,-2.595169310970164497e-02,-1.708461415793393473e-02,-3.679966993941415354e-01,-2.498456774717993101e-01,5.960312584284770815e-02,1.442928417247417439e-01,1.858232945368987754e-01,-2.588516386341311454e-02,0.000000000000000000e+00,0.000000000000000000e+00,1.804794679101942856e-01,1.139741084601581189e+00,-6.174431440677112803e-01,-6.241963381993577142e-01,0.000000000000000000e+00,0.000000000000000000e+00,0.000000000000000000e+00,3.591815040198929054e-01,-1.182075105992747899e+00,6.249346549688092889e-01,-7.262575471009133921e-01,0.000000000000000000e+00,0.000000000000000000e+00,0.000000000000000000e+00
-1.807295353449331621e-01,1.098032637351601393e-01,9.266603723075717003e-01,1.385978335340266009e-02,-2.950242628371556666e-03,4.197880257728886511e-01,9.075115513818718949e-01,3.368451856486120999e-02,1.936340474996854355e-01,4.246873824112544771e-01,1.736534067413929988e-02,-4.581388280998685558e-02,-2.547600677076056891e-02,-1.662437341406684810e-02,-3.674790031743788710e-01,-2.503973437577795558e-01,5.862905236391475344e-02,1.444020776594234778e-01,1.868526284447441788e-01,-2.583063814252431131e-02,0.000000000000000000e+00,0.000000000000000000e+00,1.792393744854174631e-01,1.140210271905875539e+00,-6.187887733989202443e-01,-6.250913743219408403e-01,0.000000000000000000e+00,0.000000000000000000e+00,0.000000000000000000e+00,3.567890468932964909e-01,-1.182458090842208875e+00,6.262244233878468957e-01,-7.259148462201410190e-01,0.000000000000000000e+00,0.000000000000000000e+00,0.000000000000000000e+00
-1.809059403328152904e-01,1.094805145642940014e-01,9.266214761274411682e-01,1.381728167996433727e-02,-2.853052457286788315e-03,4.192523152992836954e-01,9.077601219126356646e-01,3.345839872263435544e-02,1.936290148143859080e-01,4.244186281639459879e-01,1.704465342783712326e-02,-4.669765479170899514e-02,-2.569676198250664401e-02,-1.770546239716934075e-02,-3.669367964079404687e-01,-2.483468728673618453e-01,5.827718913451814670e-02,1.435466336859636538e-01,1.863753212588276920e-01,-2.490763661382849881e-02,0.000000000000000000e+00,0.000000000000000000e+00,1.781809911063115259e-01,1.141220280178933510e+00,-6.202390279540197504e-01,-6.246662234380629952e-01,0.000000000000000000e+00,0.000000000000000000e+00,0.000000000000000000e+00,3.541344762018241998e-01,-1.183179213305878497e+00,6.284168133457180838e-01,-7.260410892871469457e-01,0.000000000000000000e+00,0.000000000000000000e+00,0.000000000000000000e+00
-1.810707326034567966e-01,1.091614695374756444e-01,9.266511334431283275e-01,1.381668948635057098e-02,-3.281560121047864213e-03,4.188453429214075152e-01,9.079465343112770315e-01,3.330927444993522779e-02,1.943244045646679019e-01,4.237216584602168656e-01,1.849714776622623374e-02,-4.664758391306363106e-02,-2.384419033743090388e-02,-1.793304485077101135e-02,-3.665587529900027897e-01,-2.485621056592697831e-01,5.890517241994983055e-02,1.442225304334445179e-01,1.870551637797069344e-01,-2.500192382915630840e-02,0.000000000000000000e+00,0.000000000000000000e+00,1.777686625596690551e-01,1.140153362861489716e+00,-6.193423676755126506e-01,-6.246212209792136871e-01,0.000000000000000000e+00,0.000000000000000000e+00,0.000000000000000000e+00,3.511162954051100238e-01,-1.183013035837382265e+00,6.280775266514865285e-01,-7.262973990220018550e-01,0.000000000000000000e+00,0.000000000000000000e+00,0.000000000000000000e+00
-1.811688443278240968e-01,1.089315285635554520e-01,9.266351144895595970e-01,1.376212176095936018e-02,-3.135712205568946982e-03,4.183911842699846173e-01,9.081572486297520008e-01,3.229710812860209224e-02,1.942177422628444394e-01,4.213946555904027336e-01,1.949165075554435550e-02,-4.811913561287647217e-02,-2.236213250933921648e-02,-1.857304102834494985e-02,-3.660360101851367065e-01,-2.472808549117050114e-01,5.821503884046184962e-02,1.425565842763605040e-01,1.862130988267426401e-01,-2.529245155516774216e-02,0.000000000000000000e+00,0.000000000000000000e+00,1.769740209173431000e-01,1.142086060480255405e+00,-6.206440205885335182e-01,-6.254010021233169514e-01,0.000000000000000000e+00,0.000000000000000000e+00,0.000000000000000000e+00,3.484909411516629030e-01,-1.184636056989172515e+00,6.295981563716784857e-01,-7.275036591273456033e-01,0.000000000000000000e+00,0.000000000000000000e+00,0.000000000000000000e+00
-1.811871461888113766e-01,1.087646489180894155e-01,9.266439537592979780e-01,1.359849035886677784e-02,-3.011065237761866454e-03,4.175262583182050569e-01,9.085581094024167692e-01,3.210268287854190633e-02,1.949591845927611256e-01,4.232223589712941769e-01,1.977303611321722804e-02,-4.715198167820877639e-02,-2.276520721800358651e-02,-2.020829485697872227e-02,-3.657519816557647241e-01,-2.469314491293190528e-01,5.866586486072606493e-02,1.434042412417395607e-01,1.876054639518551781e-01,-2.490991887192659307e-02,0.000000000000000000e+00,0.000000000000000000e+00,1.796890036368358756e-01,1.139757846931611418e+00,-6.184506651259492616e-01,-6.240615134902703920e-01,0.000000000000000000e+00,0.000000000000000000e+00,0.000000000000000000e+00,3.489670389514630822e-01,-1.182426122192253848e+00,6.280999337180731557e-01,-7.248748332057874944e-01,0.000000000000000000e+00,0.000000000000000000e+00,0.000000000000000000e+00
-1.812143274929180481e-01,1.086294114411513745e-01,9.266341079835039851e-01,1.338814200178969384e-02,-3.149158154471004990e-03,4.174682290954928043e-01,9.085874301092502492e-01,3.209885488549088506e-02,1.955820711211448126e-01,4.234079886896350287e-01,1.983066678633290530e-02,-4.792538588676566180e-02,-2.217081781536530197e-02,-2.057338324343997021e-02,-3.649614217684873929e-01,-2.456432137722964759e-01,5.901279775429001118e-02,1.433254056951549504e-01,1.884830883471582397e-01,-2.514846421957058625e-02,0.000000000000000000e+00,0.000000000000000000e+00,1.810280743949983784e-01,1.138663713786253417e+00,-6.161772235152582766e-01,-6.247259980915274014e-01,0.000000000000000000e+00,0.000000000000000000e+00,0.000000000000000000e+00,3.488243319272912313e-01,-1.182052006005850808e+00,6.258950807620498047e-01,-7.239081348071967348e-01,0.000000000000000000e+00,0.000000000000000000e+00,0.000000000000000000e+00
-1.812196480077551408e-01,1.084873161778170114e-01,9.266386792541417838e-01,1.343321811525805681e-02,-3.098009419427841075e-03,4.171040789204974453e-01,9.087541682636671725e-01,3.164220805925392621e-02,1.957577019154576603e-01,4.232487237871741526e-01,2.073741876369560033e-02,-4.798151061343094298e-02,-2.204474507404908384e-02,-2.119237594418335244e-02,-3.649345292276061081e-01,-2.453059926316882022e-01,5.919437333365947657e-02,1.428682164357533979e-01,1.880386806653973342e-01,-2.581640244882721369e-02,0.000000000000000000e+00,0.000000000000000000e+00,1.821943972049020199e-01,1.140121012059324590e+00,-6.154436218749307352e-01,-6.253110275634156112e-01,0.000000000000000000e+00,0.000000000000000000e+00,0.000000000000000000e+00,3.484955392850914158e-01,-1.182299197181048589e+00,6.250963746766153850e-01,-7.246579426207334640e-01,0.000000000000000000e+00,0.000000000000000000e+00,0.000000000000000000e+00
-1.811623247042104534e-01,1.084098776212185228e-01,9.266608352916700930e-01,1.317087460595221630e-02,-3.187006846981297638e-03,4.169863213313969585e-01,9.088117400606031682e-01,3.140612075060596198e-02,1.968068125994677231e-01,4.242565531322087802e-01,2.139971593385617959e-02,-4.790646076753160565e-02,-2.182740870582823914e-02,-2.120169585057184169e-02,-3.642024911312728430e-01,-2.452898720784987274e-01,5.899749909777405460e-02,1.431308591649849415e-01,1.900893781644426295e-01,-2.592440925075177593e-02,0.000000000000000000e+00,0.000000000000000000e+00,1.836759597165534830e-01,1.139942452868614842e+00,-6.142887727280061938e-01,-6.255794900736975084e-01,0.000000000000000000e+00,0.000000000000000000e+00,0.000000000000000000e+00,3.496969670761156945e-01,-1.182223360100518983e+00,6.242021819891868661e-01,-7.224599806587982398e-01,0.000000000000000000e+00,0.000000000000000000e+00,0.000000000000000000e+00
-1.810805593802559676e-01,1.082613957960207457e-01,9.266079397136213203e-01,1.338171519047685887e-02,-3.295623826000675105e-03,4.164217144169424234e-01,9.090671176124531794e-01,3.181269094665226116e-02,1.968994881024824228e-01,4.247150284579301327e-01,2.181215795781060382e-02,-4.731253314388627479e-02,-2.213070145882610126e-02,-2.220501880184491683e-02,-3.645087066061202252e-01,-2.447822427321559857e-01,6.053002680434659694e-02,1.422862965196997065e-01,1.892043358608408998e-01,-2.609488043823207995e-02,0.000000000000000000e+00,0.000000000000000000e+00,1.845782543939663845e-01,1.141107986833518106e+00,-6.135766798113295728e-01,-6.265628771083873172e-01,0.000000000000000000e+00,0.000000000000000000e+00,0.000000000000000000e+00,3.487724512244194108e-01,-1.182233941804623711e+00,6.232590469930728849e-01,-7.246606029319838660e-01,0.000000000000000000e+00,0.000000000000000000e+00,0.000000000000000000e+00
-1.809762953691161913e-01,1.081103386660399041e-01,9.266024043788053666e-01,1.335141142258548450e-02,-3.205221587186482014e-03,4.158759994018284556e-01,9.093176669839495574e-01,3.224514471820105060e-02,1.968028461591423695e-01,4.242420067087512292e-01,2.098998332067390782e-02,-4.844805328185205345e-02,-2.193033789684676813e-02,-2.340150402758303660e-02,-3.641842952037181447e-01,-2.436860740736949416e-01,6.162157403008068635e-02,1.401447118967848182e-01,1.886081851329792503e-01,-2.619663032464544794e-02,0.000000000000000000e+00,0.000000000000000000e+00,1.860329865148826756e-01,1.142192143568271367e+00,-6.124057471762335281e-01,-6.260499357126669828e-01,0.000000000000000000e+00,0.000000000000000000e+00,0.000000000000000000e+00,3.477621683980154366e-01,-1.182005790416200020e+00,6.219795009053159518e-01,-7.263399753585259022e-01,0.000000000000000000e+00,0.000000000000000000e+00,0.000000000000000000e+00
-1.809224841031102926e-01,1.079525406154249884e-01,9.266225565212158344e-01,1.303032751331872040e-02,-3.310623538169690187e-03,4.154152658419235644e-01,9.095325212669245207e-01,3.246304647770573149e-02,1.976835548022189415e-01,4.240798417207801152e-01,2.088684398310995671e-02,-4.946407264376088964e-02,-2.227881954009514054e-02,-2.314066255583697301e-02,-3.630416621207084860e-01,-2.436450784267662484e-01,6.038740726762911043e-02,1.396881939118825022e-01,1.917801213126846538e-01,-2.656504842815702108e-02,0.000000000000000000e+00,0.000000000000000000e+00,1.873253239678171200e-01,1.141493186845128349e+00,-6.119766366605806640e-01,-6.268717516230982723e-01,0.000000000000000000e+00,0.000000000000000000e+00,0.000000000000000000e+00,3.466389270644819054e-01,-1.182216314472199548e+00,6.213606887683528202e-01,-7.265769195111553280e-01,0.000000000000000000e+00,0.000000000000000000e+00,0.000000000000000000e+00
-1.808595134849075303e-01,1.076677860971541889e-01,9.266709188005261000e-01,1.298666602077168733e-02,-3.598865296645920205e-03,4.154011516445473284e-01,9.095384971987857670e-01,3.257841357487233774e-02,1.983503019464777639e-01,4.234598704387606549e-01,2.111522252470096964e-02,-4.850747871958854124e-02,-2.220420020760865629e-02,-2.317138190237107848e-02,-3.622055821621822380e-01,-2.427988532991555148e-01,6.107545586478474453e-02,1.388498103122481619e-01,1.898405219733626248e-01,-2.687195476400671551e-02,0.000000000000000000e+00,0.000000000000000000e+00,1.867994749025663204e-01,1.142303736910766698e+00,-6.114932872131152441e-01,-6.277370150852238373e-01,0.000000000000000000e+00,0.000000000000000000e+00,0.000000000000000000e+00,3.461214846448159022e-01,-1.181662250404335479e+00,6.214643662269163649e-01,-7.273722605532567664e-01,0.000000000000000000e+00,0.000000000000000000e+00,0.000000000000000000e+00
-1.808547643799181259e-01,1.073600998961361797e-01,9.266488357330714409e-01,1.317843891835651128e-02,-3.736966070270414907e-03,4.141914367133491814e-01,9.100867088281185957e-01,3.342173411578740205e-02,1.989256154300664547e-01,4.261735631588475237e-01,2.122442390312370003e-02,-4.693918989543545417e-02,-2.317557389380189153e-02,-2.334328868716337158e-02,-3.622091051178055743e-01,-2.439642313196685453e-01,6.000936078415723685e-02,1.386262671720758788e-01,1.908325139786387903e-01,-2.737485601201977703e-02,0.000000000000000000e+00,0.000000000000000000e+00,1.881229202108337384e-01,1.143920157902315937e+00,-6.136045138904350216e-01,-6.281010691646010669e-01,0.000000000000000000e+00,0.000000000000000000e+00,0.000000000000000000e+00,3.437743737977616565e-01,-1.180742194164434267e+00,6.221796151967357025e-01,-7.286210158860974007e-01,0.000000000000000000e+00,0.000000000000000000e+00,0.000000000000000000e+00
-1.808513198957672763e-01,1.069865260306173127e-01,9.266712082779996473e-01,1.314843656912464964e-02,-3.972424354731999424e-03,4.141807274444128106e-01,9.100910193349622812e-01,3.361190183963717187e-02,1.994173467790237575e-01,4.257461503580806106e-01,2.084442791865213918e-02,-4.589000842922594942e-02,-2.283489323727605838e-02,-2.299384144447734479e-02,-3.613801154430029694e-01,-2.432307390937729630e-01,5.947662136491892876e-02,1.386159188573666823e-01,1.907384727048617445e-01,-2.750466331392988073e-02,0.000000000000000000e+00,0.000000000000000000e+00,1.879725651243310258e-01,1.144217391063213629e+00,-6.123381685535597141e-01,-6.266037661047263452e-01,0.000000000000000000e+00,0.000000000000000000e+00,0.000000000000000000e+00,3.420594739640324677e-01,-1.179692585289017659e+00,6.221980437356428029e-01,-7.279079206809192515e-01,0.000000000000000000e+00,0.000000000000000000e+00,0.000000000000000000e+00
-1.808812292631215568e-01,1.066413600154346442e-01,9.267233916417669803e-01,1.311188886592908748e-02,-4.188771016029563948e-03,4.136783139760082384e-01,9.103190567673016265e-01,3.373374130795073894e-02,2.000159940177118623e-01,4.255553689438058007e-01,2.083172424748271079e-02,-4.371875658110330187e-02,-2.225943635156654721e-02,-2.300560857882143553e-02,-3.605842230283820005e-01,-2.429630620814004216e-01,5.870520951081283079e-02,1.392757910183500814e-01,1.902386185483010972e-01,-2.799133820852822002e-02,0.000000000000000000e+00,0.000000000000000000e+00,1.881610957145408713e-01,1.144697695606688992e+00,-6.143114334157696588e-01,-6.272845830121887012e-01,0.000000000000000000e+00,0.000000000000000000e+00,0.000000000000000000e+00,3.399108738990826439e-01,-1.179055675725313002e+00,6.240600292464711929e-01,-7.278649650838564522e-01,0.000000000000000000e+00,0.000000000000000000e+00,0.000000000000000000e+00
-1.809409900367868751e-01,1.062761100702444839e-01,9.267630153217182309e-01,1.306053149720325449e-02,-4.653642627349323900e-03,4.131809403286279547e-01,9.105433963718908563e-01,3.386078699184413149e-02,2.013489810831405324e-01,4.269747205410599489e-01,2.218909874656261466e-02,-4.245597634596685183e-02,-2.100039537773379025e-02,-2.322919201835231540e-02,-3.597037225602255917e-01,-2.422758957739876706e-01,5.915960719150260838e-02,1.396974550265669135e-01,1.899391763278779899e-01,-2.810072944929092181e-02,0.000000000000000000e+00,0.000000000000000000e+00,1.883611095516908862e-01,1.143758791570932187e+00,-6.127726248489187011e-01,-6.268843039069253997e-01,0.000000000000000000e+00,0.000000000000000000e+00,0.000000000000000000e+00,3.380787755836200392e-01,-1.178194253752617549e+00,6.229240170049111791e-01,-7.269835106792207347e-01,0.000000000000000000e+00,0.000000000000000000e+00,0.000000000000000000e+00
-1.809077630588130370e-01,1.060110210273974979e-01,9.267833922640275057e-01,1.298443101749520087e-02,-4.355767031527740460e-03,4.127267076784462696e-01,9.107519402195249913e-01,3.369348129876301862e-02,2.012362740159791552e-01,4.267016983932300778e-01,2.109812243448193000e-02,-4.191516470763578806e-02,-2.219373798539097525e-02,-2.410400592332204509e-02,-3.593355934051882805e-01,-2.419063797077783684e-01,5.850802153350091045e-02,1.391191774592745733e-01,1.902530295379905312e-01,-2.823248972814568214e-02,0.000000000000000000e+00,0.000000000000000000e+00,1.888965718125479309e-01,1.145101090604238703e+00,-6.116852915307181560e-01,-6.267441089724110626e-01,0.000000000000000000e+00,0.000000000000000000e+00,0.000000000000000000e+00,3.365284015225716296e-01,-1.176754730867854759e+00,6.230306655108781566e-01,-7.280423786628835714e-01,0.000000000000000000e+00,0.000000000000000000e+00,0.000000000000000000e+00
-1.808852638329289664e-01,1.057516660050319413e-01,9.269247764734684925e-01,1.296545455812575867e-02,-4.748235546089425371e-03,4.121620526349729086e-01,9.110059240285025561e-01,3.368719338103105809e-02,2.023938105824530653e-01,4.274400749754534989e-01,2.259216535988545563e-02,-3.893956399746140856e-02,-2.100208521169527262e-02,-2.381219519754758374e-02,-3.584880962602540189e-01,-2.416178356962194185e-01,5.808336813179535568e-02,1.404889372399258929e-01,1.909774945223680631e-01,-2.926596453320452762e-02,0.000000000000000000e+00,0.000000000000000000e+00,1.901882878224758211e-01,1.145233336208536734e+00,-6.104786349720625616e-01,-6.248864004755562140e-01,0.000000000000000000e+00,0.000000000000000000e+00,0.000000000000000000e+00,3.359078616025499286e-01,-1.175150385065110603e+00,6.209537943975462770e-01,-7.257443578904789749e-01,0.000000000000000000e+00,0.000000000000000000e+00,0.000000000000000000e+00
-1.807684871197630938e-01,1.055603521824802771e-01,9.269221377163818776e-01,1.299547661111383028e-02,-4.724128000305183143e-03,4.117900597002224217e-01,9.111738291535672607e-01,3.400763014836397091e-02,2.025289849850629986e-01,4.280144917787437331e-01,2.221747542972783013e-02,-3.907810112851094198e-02,-2.038857513363146606e-02,-2.381729033357560948e-02,-3.579762375765017102e-01,-2.404577541893773984e-01,5.716269793607255123e-02,1.402983414646717941e-01,1.915874662399816297e-01,-2.897925073534803053e-02,0.000000000000000000e+00,0.000000000000000000e+00,1.896007923480902690e-01,1.147719769062572004e+00,-6.122652986266494679e-01,-6.262067352602590509e-01,0.000000000000000000e+00,0.000000000000000000e+00,0.000000000000000000e+00,3.331705398272216123e-01,-1.177043141427497330e+00,6.234870169090352965e-01,-7.281665252483026096e-01,0.000000000000000000e+00,0.000000000000000000e+00,0.000000000000000000e+00
-1.806297701801219957e-01,1.053270201546678969e-01,9.269235965246589437e-01,1.318171782684914375e-02,-4.908383310504109941e-03,4.109456267401071505e-01,9.115513380778896835e-01,3.447326419711187889e-02,2.032060577747989982e-01,4.294995174031508989e-01,2.330074642069025412e-02,-3.846393137331383799e-02,-2.094866811041232874e-02,-2.432168207939551519e-02,-3.577723182305944105e-01,-2.401332168761587949e-01,5.782532294874528217e-02,1.382792256621590554e-01,1.900200657975367191e-01,-2.893711971384939352e-02,0.000000000000000000e+00,0.000000000000000000e+00,1.898779244030130153e-01,1.149287525232597362e+00,-6.133172091716467822e-01,-6.247221574011936340e-01,0.000000000000000000e+00,0.000000000000000000e+00,0.000000000000000000e+00,3.307545113271422310e-01,-1.176473397715747771e+00,6.251052687707635558e-01,-7.290781267569514945e-01,0.000000000000000000e+00,0.000000000000000000e+00,0.000000000000000000e+00
-1.804056630060812128e-01,1.051825265880318855e-01,9.269103217495758829e-01,1.298594180889273489e-02,-4.663827481341384015e-03,4.106050751647509212e-01,9.117088824167011163e-01,3.438593019758820479e-02,2.034708697088160323e-01,4.290880265571123675e-01,2.272519853986556398e-02,-3.948693671233816788e-02,-2.148331905694752381e-02,-2.458590141665168566e-02,-3.568858951377221200e-01,-2.387891659473219685e-01,5.670584452265158004e-02,1.371407025420026127e-01,1.923056208533870659e-01,-2.913458579781438157e-02,0.000000000000000000e+00,0.000000000000000000e+00,1.897862197457902411e-01,1.150096254675173624e+00,-6.155434590234516445e-01,-6.245246577705577673e-01,0.000000000000000000e+00,0.000000000000000000e+00,0.000000000000000000e+00,3.272708701888445426e-01,-1.177042451062024764e+00,6.276784536204857989e-01,-7.314642946930955958e-01,0.000000000000000000e+00,0.000000000000000000e+00,0.000000000000000000e+00
-1.802383112563738232e-01,1.049734282177917505e-01,9.268998267363036669e-01,1.322130861796858015e-02,-4.645035705185438304e-03,4.102882855692064901e-01,9.118482019318828735e-01,3.378998230162895411e-02,2.039945820689711142e-01,4.301404898156202528e-01,2.462610638160660226e-02,-3.839448010405356604e-02,-2.188342371538886180e-02,-2.452226848376753282e-02,-3.570330978456586757e-01,-2.391656048475004348e-01,5.644837352061347208e-02,1.356711182264312976e-01,1.912013398192155544e-01,-3.022506086411181486e-02,0.000000000000000000e+00,0.000000000000000000e+00,1.905169853282291936e-01,1.151137733885262637e+00,-6.163284259252924668e-01,-6.213532080644010858e-01,0.000000000000000000e+00,0.000000000000000000e+00,0.000000000000000000e+00,3.255767017577680389e-01,-1.175768780429325533e+00,6.289406138078286190e-01,-7.320014366291981434e-01,0.000000000000000000e+00,0.000000000000000000e+00,0.000000000000000000e+00
-1.800717979060825202e-01,1.048265472861817371e-01,9.269542873220366630e-01,1.326271412510567765e-02,-4.630586189114890318e-03,4.092604545570884822e-01,9.123094532127280498e-01,3.410464581498948849e-02,2.044597490245300409e-01,4.308960401185704669e-01,2.518597123008808891e-02,-3.743373106125660182e-02,-2.242710239229078750e-02,-2.497419469831071298e-02,-3.566766463117538866e-01,-2.390306629897185620e-01,5.567500667310061602e-02,1.363019602395872387e-01,1.926410771618535245e-01,-3.038072296218881710e-02,0.000000000000000000e+00,0.000000000000000000e+00,1.912773773157901425e-01,1.151037888196966508e+00,-6.177208733006249730e-01,-6.212663233246070726e-01,0.000000000000000000e+00,0.000000000000000000e+00,0.000000000000000000e+00,3.230913561664642830e-01,-1.173749942232698018e+00,6.310371004216513979e-01,-7.319697838085665875e-01,0.000000000000000000e+00,0.000000000000000000e+00,0.000000000000000000e+00
-1.799745239721980972e-01,1.046473628071531853e-01,9.269344282284759373e-01,1.339363558162534433e-02,-4.698344972979704749e-03,4.082508521458321216e-01,9.127594304101295242e-01,3.457716504014020364e-02,2.049002422872632789e-01,4.321384707301343386e-01,2.584111930552273131e-02,-3.699280368391712898e-02,-2.303795218855587273e-02,-2.578340028045122967e-02,-3.564446353973874104e-01,-2.380703110656964272e-01,5.597607285138777450e-02,1.350761602754654844e-01,1.925244411171218306e-01,-3.113808661358001897e-02,0.000000000000000000e+00,0.000000000000000000e+00,1.913579408285526195e-01,1.152909551234653662e+00,-6.186134078606297937e-01,-6.214589546740615367e-01,0.000000000000000000e+00,0.000000000000000000e+00,0.000000000000000000e+00,3.192243809984126601e-01,-1.173734791686252610e+00,6.321621848238062613e-01,-7.329934910519543267e-01,0.000000000000000000e+00,0.000000000000000000e+00,0.000000000000000000e+00
-1.799597792338110125e-01,1.044933778955429160e-01,9.269184888362141939e-01,1.343338311749832370e-02,-4.879469659118535786e-03,4.074660144048432575e-01,9.131085270102874407e-01,3.492367988446696409e-02,2.053088547960484900e-01,4.321831944304819206e-01,2.668480756821927508e-02,-3.796746589231132785e-02,-2.247387544587615971e-02,-2.623603859019045526e-02,-3.560168904105684429e-01,-2.369769900742930702e-01,5.617372337914051939e-02,1.339425343474214547e-01,1.932705717168647364e-01,-3.152965037136952475e-02,0.000000000000000000e+00,0.000000000000000000e+00,1.924045203302938711e-01,1.152341777024108893e+00,-6.190857576344298563e-01,-6.202773833384470636e-01,0.000000000000000000e+00,0.000000000000000000e+00,0.000000000000000000e+00,3.165781940313023846e-01,-1.173433972615579135e+00,6.334248025190093445e-01,-7.330210809786006365e-01,0.000000000000000000e+00,0.000000000000000000e+00,0.000000000000000000e+00
-1.800015979132893740e-01,1.043842876621182136e-01,9.269532551795568454e-01,1.346707643430276706e-02,-5.137793987575139595e-03,4.069272952054718284e-01,9.133468220462656051e-01,3.507033453926649419e-02,2.064050974466427602e-01,4.357397400925345776e-01,2.824947284708861570e-02,-3.646160912240425239e-02,-2.157353624942538739e-02,-2.689538307791800725e-02,-3.560799071612172906e-01,-2.373827703540403178e-01,5.712451470651095514e-02,1.358915640995126128e-01,1.942866278231399624e-01,-3.204883203818834764e-02,0.000000000000000000e+00,0.000000000000000000e+00,1.953220843484811120e-01,1.149258571986021771e+00,-6.152162980220938771e-01,-6.188397666351321824e-01,0.000000000000000000e+00,0.000000000000000000e+00,0.000000000000000000e+00,3.167723504644146537e-01,-1.171349413951284113e+00,6.305362891581821616e-01,-7.301715025604880172e-01,0.000000000000000000e+00,0.000000000000000000e+00,0.000000000000000000e+00
-1.800819758556788663e-01,1.043483376555965625e-01,9.269714994535164232e-01,1.353731891637876411e-02,-5.027659957681075362e-03,4.059873174080385616e-01,9.137646095881206687e-01,3.521472874014566767e-02,2.059176158896593445e-01,4.345158421489905276e-01,2.833962615543591385e-02,-3.696468565047749538e-02,-2.135236640012377896e-02,-2.718343409314687154e-02,-3.556521203513250406e-01,-2.351287944124523799e-01,5.574293098757227005e-02,1.345971995588338688e-01,1.951107221039517226e-01,-3.144354372735581188e-02,0.000000000000000000e+00,0.000000000000000000e+00,1.942764529100254323e-01,1.151898919553709266e+00,-6.169584529738701972e-01,-6.206071854621728612e-01,0.000000000000000000e+00,0.000000000000000000e+00,0.000000000000000000e+00,3.132510157057483147e-01,-1.174228619585092614e+00,6.338147138999991048e-01,-7.329981430763002903e-01,0.000000000000000000e+00,0.000000000000000000e+00,0.000000000000000000e+00
-1.802226696144349771e-01,1.043201453545010010e-01,9.270101831767032508e-01,1.341951315690519467e-02,-5.102032033385442249e-03,4.051807615623072012e-01,9.141238627207749490e-01,3.513279972212953600e-02,2.067075282741157594e-01,4.366267360107257689e-01,2.950360680561511795e-02,-3.656564660194508432e-02,-2.066539400436023799e-02,-2.802143562292983003e-02,-3.552952227202078039e-01,-2.345018331839031078e-01,5.583077824028508107e-02,1.350514048620058971e-01,1.960810161192207690e-01,-3.158095528046325762e-02,0.000000000000000000e+00,0.000000000000000000e+00,1.969041142882793083e-01,1.149511111444177835e+00,-6.154264673960665455e-01,-6.194182172717231927e-01,0.000000000000000000e+00,0.000000000000000000e+00,0.000000000000000000e+00,3.122789713089701435e-01,-1.174196752468667393e+00,6.327672685354432947e-01,-7.309585182131884684e-01,0.000000000000000000e+00,0.000000000000000000e+00,0.000000000000000000e+00
-1.803940820159632696e-01,1.043505273769130826e-01,9.269877546517759637e-01,1.338441836620935313e-02,-5.464544065457039093e-03,4.049532362793225038e-01,9.142230977885306142e-01,3.592661760410020833e-02,2.071399607509633312e-01,4.383675172972605338e-01,2.944355294793736186e-02,-3.642575709761326774e-02,-1.897983467964352647e-02,-2.772493106615633168e-02,-3.551374393606048230e-01,-2.343881096926971330e-01,5.574572358281854045e-02,1.367367815558759025e-01,1.973479026052653573e-01,-3.219917616053030035e-02,0.000000000000000000e+00,0.000000000000000000e+00,1.988831582839080125e-01,1.147063423155424200e+00,-6.141856195883196312e-01,-6.202992855892670576e-01,0.000000000000000000e+00,0.000000000000000000e+00,0.000000000000000000e+00,3.122914989110745498e-01,-1.174300921474090043e+00,6.324650811409949780e-01,-7.287433285730430255e-01,0.000000000000000000e+00,0.000000000000000000e+00,0.000000000000000000e+00
-1.804893327521143176e-01,1.044582725144645868e-01,9.269892846871797820e-01,1.343106740898255755e-02,-5.255609339248346924e-03,4.045427767235221239e-01,9.144053405353395059e-01,3.612919984257330352e-02,2.067594639477327578e-01,4.396546763218935894e-01,2.895706962336370982e-02,-3.628939649799002576e-02,-1.972147407849557041e-02,-2.774467800490484221e-02,-3.554051330205577064e-01,-2.342543910782531325e-01,5.440778403419002651e-02,1.372746064091842910e-01,1.988700761413200735e-01,-3.260418381364234980e-02,0.000000000000000000e+00,0.000000000000000000e+00,2.005285649339564880e-01,1.147124631548946949e+00,-6.138780313654991216e-01,-6.204360591091002686e-01,0.000000000000000000e+00,0.000000000000000000e+00,0.000000000000000000e+00,3.115697006165165650e-01,-1.174531839666917321e+00,6.325947953148152170e-01,-7.282434783095698139e-01,0.000000000000000000e+00,0.000000000000000000e+00,0.000000000000000000e+00
-1.805295890925456281e-01,1.045998758894258612e-01,9.270768140070585472e-01,1.340289682790851700e-02,-5.106034863643621642e-03,4.039726500227940886e-01,9.146586187196574791e-01,3.589951214452791195e-02,2.064402054783775753e-01,4.385096838376960626e-01,2.932583494793906606e-02,-3.578142426990105207e-02,-1.931485507608176819e-02,-2.763118093697330274e-02,-3.549523557063949397e-01,-2.326203818266798784e-01,5.268458008741140619e-02,1.378765640735727938e-01,1.986923709171175001e-01,-3.208583910271940037e-02,0.000000000000000000e+00,0.000000000000000000e+00,2.020415266559611456e-01,1.147145661480058587e+00,-6.143332488506070277e-01,-6.192596226792237424e-01,0.000000000000000000e+00,0.000000000000000000e+00,0.000000000000000000e+00,3.109816109434983544e-01,-1.175545453974414567e+00,6.340650098545952407e-01,-7.279020396405248006e-01,0.000000000000000000e+00,0.000000000000000000e+00,0.000000000000000000e+00
-1.805290304417011549e-01,1.047399514893030403e-01,9.270537597469414859e-01,1.335199159695556366e-02,-4.950645511420528368e-03,4.038256214663122901e-01,9.147251406169837340e-01,3.590526963854767661e-02,2.061381488403577489e-01,4.383201891418539997e-01,2.903026240912031514e-02,-3.649926648940551854e-02,-1.920946046031624804e-02,-2.820850187326610914e-02,-3.549008914539753534e-01,-2.313809823642014041e-01,5.282080297325478235e-02,1.376966583653672638e-01,1.979228241414303646e-01,-3.212057579481141650e-02,0.000000000000000000e+00,0.000000000000000000e+00,2.022065946152143967e-01,1.146216225746641726e+00,-6.132863132299933850e-01,-6.190004844966203734e-01,0.000000000000000000e+00,0.000000000000000000e+00,0.000000000000000000e+00,3.105738965667833029e-01,-1.175311552080208211e+00,6.342711949090499290e-01,-7.280572652985340953e-01,0.000000000000000000e+00,0.000000000000000000e+00,0.000000000000000000e+00
-1.805205846684369564e-01,1.049318954863954073e-01,9.270284015228973384e-01,1.318511195648832540e-02,-4.478663514288765135e-03,4.034402944679071901e-01,9.149000072114265025e-01,3.571123260453817200e-02,2.055181566170282692e-01,4.373270183085682938e-01,2.793259857518723410e-02,-3.748765709396578716e-02,-2.064372883270060993e-02,-2.852088501718958585e-02,-3.546984396222229718e-01,-2.308155648819522621e-01,5.127677403217266450e-02,1.360446096885946643e-01,1.984011006728878257e-01,-3.192014397062634817e-02,0.000000000000000000e+00,0.000000000000000000e+00,2.029467835752226945e-01,1.145939448912204117e+00,-6.133547507207979255e-01,-6.193596208615711474e-01,0.000000000000000000e+00,0.000000000000000000e+00,0.000000000000000000e+00,3.101366981326487693e-01,-1.175353457472379626e+00,6.342665908068145786e-01,-7.285588975295738123e-01,0.000000000000000000e+00,0.000000000000000000e+00,0.000000000000000000e+00
-1.804734255171175916e-01,1.051033667083807327e-01,9.269630960437914569e-01,1.317124258208442894e-02,-4.281485836296831937e-03,4.037670444672792902e-01,9.147569956278199799e-01,3.643382174366920773e-02,2.047688519385671979e-01,4.377518349802276831e-01,2.562957874972189229e-02,-3.745344189984385619e-02,-2.108350920435685463e-02,-2.842754459899046390e-02,-3.549989614085721223e-01,-2.304640559552381673e-01,5.095120551690988930e-02,1.364504257773173912e-01,1.994034391850310617e-01,-3.264695178193876418e-02,0.000000000000000000e+00,0.000000000000000000e+00,2.025527801653545235e-01,1.145649225950148065e+00,-6.138493814307651730e-01,-6.209942516686188796e-01,0.000000000000000000e+00,0.000000000000000000e+00,0.000000000000000000e+00,3.102120409574006810e-01,-1.174997429849462538e+00,6.348102099524109976e-01,-7.285921059733362348e-01,0.000000000000000000e+00,0.000000000000000000e+00,0.000000000000000000e+00
-1.804734255171175916e-01,1.051033667083807327e-01,9.269630960437914569e-01,1.317124258208442894e-02,-4.281485836296831937e-03,4.037670444672792902e-01,9.147569956278199799e-01,3.535695476396967518e-02,2.027662262774286850e-01,4.356229493963135191e-01,2.877240053966809846e-02,-3.948724275659296762e-02,-1.895060278357685313e-02,-2.935689401597375500e-02,-3.531466595835056621e-01,-2.301654651814879771e-01,5.398796119718722586e-02,1.337050370575648961e-01,1.982371507374258435e-01,-3.312140783579863718e-02,0.000000000000000000e+00,0.000000000000000000e+00,2.002840388851893638e-01,1.130618642158061515e+00,-6.111894431165940667e-01,-5.931269888835504211e-01,0.000000000000000000e+00,0.000000000000000000e+00,0.000000000000000000e+00,3.056494668206516940e-01,-1.160276721721952953e+00,6.324540733366226242e-01,-6.995838756911271217e-01,0.000000000000000000e+00,0.000000000000000000e+00,0.000000000000000000e+00
-1.804734255171175916e-01,1.051033667083807327e-01,9.269630960437914569e-01,1.317124258208442894e-02,-4.281485836296831937e-03,4.037670444672792902e-01,9.147569956278199799e-01,3.428008778427015651e-02,2.007636006162901721e-01,4.334940638123993550e-01,3.191522232961430811e-02,-4.152104361334209293e-02,-1.681769636279685509e-02,-3.028624343295705304e-02,-3.512943577584393684e-01,-2.298668744077378145e-01,5.702471687746456241e-02,1.309596483378124565e-01,1.970708622898206808e-01,-3.359586388965851711e-02,0.000000000000000000e+00,0.000000000000000000e+00,1.980152976050242597e-01,1.115588058365974744e+00,-6.085295048024231823e-01,-5.652597260984820737e-01,0.000000000000000000e+00,0.000000000000000000e+00,0.000000000000000000e+00,3.010868926839027626e-01,-1.145556013594443590e+00,6.300979367208342508e-01,-6.705756454089182306e-01,0.000000000000000000e+00,0.000000000000000000e+00,0.000000000000000000e+00
-1.804734255171175916e-01,1.051033667083807327e-01,9.269630960437914569e-01,1.317124258208442894e-02,-4.281485836296831937e-03,4.037670444672792902e-01,9.147569956278199799e-01,3.320322080457062397e-02,1.987609749551516314e-01,4.313651782284851910e-01,3.505804411956051081e-02,-4.355484447009121129e-02,-1.468478994201685359e-02,-3.121559284994034414e-02,-3.494420559333729082e-01,-2.295682836339876243e-01,6.006147255774189897e-02,1.282142596180599614e-01,1.959045738422154348e-01,-3.407031994351839704e-02,0.000000000000000000e+00,0.000000000000000000e+00,1.957465563248590723e-01,1.100557474573888195e+00,-6.058695664882520759e-01,-5.373924633134136153e-01,0.000000000000000000e+00,0.000000000000000000e+00,0.000000000000000000e+00,2.965243185471537202e-01,-1.130835305466934004e+00,6.277418001050458773e-01,-6.415674151267091174e-01,0.000000000000000000e+00,0.000000000000000000e+00,0.000000000000000000e+00
-1.804734255171175916e-01,1.051033667083807327e-01,9.269630960437914569e-01,1.317124258208442894e-02,-4.281485836296831937e-03,4.037670444672792902e-01,9.147569956278199799e-01,3.212635382487110530e-02,1.967583492940131462e-01,4.292362926445710269e-01,3.820086590950672045e-02,-4.558864532684032966e-02,-1.255188352123685555e-02,-3.214494226692364565e-02,-3.475897541083065589e-01,-2.292696928602374618e-01,6.309822823801923553e-02,1.254688708983075218e-01,1.947382853946102443e-01,-3.454477599737827698e-02,0.000000000000000000e+00,0.000000000000000000e+00,1.934778150446939682e-01,1.085526890781801423e+00,-6.032096281740810806e-01,-5.095252005283450458e-01,0.000000000000000000e+00,0.000000000000000000e+00,0.000000000000000000e+00,2.919617444104047332e-01,-1.116114597339424641e+00,6.253856634892576150e-01,-6.125591848445000043e-01,0.000000000000000000e+00,0.000000000000000000e+00,0.000000000000000000e+00
-1.804734255171175916e-01,1.051033667083807327e-01,9.269630960437914569e-01,1.317124258208442894e-02,-4.281485836296831937e-03,4.037670444672792902e-01,9.147569956278199799e-01,3.104948684517157623e-02,1.947557236328746333e-01,4.271074070606568629e-01,4.134368769945292316e-02,-4.762244618358944109e-02,-1.041897710045685578e-02,-3.307429168390693675e-02,-3.457374522832401542e-01,-2.289711020864872715e-01,6.613498391829657208e-02,1.227234821785550267e-01,1.935719969470050539e-01,-3.501923205123814997e-02,0.000000000000000000e+00,0.000000000000000000e+00,1.912090737645288085e-01,1.070496306989714652e+00,-6.005496898599101963e-01,-4.816579377432766429e-01,0.000000000000000000e+00,0.000000000000000000e+00,0.000000000000000000e+00,2.873991702736557463e-01,-1.101393889211915278e+00,6.230295268734691305e-01,-5.835509545622910021e-01,0.000000000000000000e+00,0.000000000000000000e+00,0.000000000000000000e+00
-1.804734255171175916e-01,1.051033667083807327e-01,9.269630960437914569e-01,1.317124258208442894e-02,-4.281485836296831937e-03,4.037670444672792902e-01,9.147569956278199799e-01,2.997261986547205409e-02,1.927530979717361204e-01,4.249785214767426988e-01,4.448650948939913280e-02,-4.965624704033855946e-02,-8.286070679676856010e-03,-3.400364110089022784e-02,-3.438851504581738050e-01,-2.286725113127371367e-01,6.917173959857392251e-02,1.199780934588025594e-01,1.924057084993998634e-01,-3.549368810509802991e-02,0.000000000000000000e+00,0.000000000000000000e+00,1.889403324843636767e-01,1.055465723197628325e+00,-5.978897515457390899e-01,-4.537906749582082400e-01,0.000000000000000000e+00,0.000000000000000000e+00,0.000000000000000000e+00,2.828365961369068149e-01,-1.086673181084405693e+00,6.206733902576807571e-01,-5.545427242800820000e-01,0.000000000000000000e+00,0.000000000000000000e+00,0.000000000000000000e+00
-1.804734255171175916e-01,1.051033667083807327e-01,9.269630960437914569e-01,1.317124258208442894e-02,-4.281485836296831937e-03,4.037670444672792902e-01,9.147569956278199799e-01,2.889575288577252155e-02,1.907504723105976074e-01,4.228496358928285348e-01,4.762933127934533550e-02,-5.169004789708767089e-02,-6.153164258896852770e-03,-3.493299051787352588e-02,-3.420328486331073448e-01,-2.283739205389869464e-01,7.220849527885124519e-02,1.172327047390500782e-01,1.912394200517946730e-01,-3.596814415895790290e-02,0.000000000000000000e+00,0.000000000000000000e+00,1.866715912041985170e-01,1.040435139405541332e+00,-5.952298132315680945e-01,-4.259234121731397815e-01,0.000000000000000000e+00,0.000000000000000000e+00,0.000000000000000000e+00,2.782740220001578280e-01,-1.071952472956896107e+00,6.183172536418923837e-01,-5.255344939978728869e-01,0.000000000000000000e+00,0.000000000000000000e+00,0.000000000000000000e+00
-1.804734255171175916e-01,1.051033667083807327e-01,9.269630960437914569e-01,1.317124258208442894e-02,-4.281485836296831937e-03,4.037670444672792902e-01,9.147569956278199799e-01,2.781888590607299594e-02,1.887478466494590945e-01,4.207207503089144263e-01,5.077215306929154515e-02,-5.372384875383678926e-02,-4.020257838116854734e-03,-3.586233993485681698e-02,-3.401805468080409400e-01,-2.280753297652367839e-01,7.524525095912858175e-02,1.144873160192976108e-01,1.900731316041894547e-01,-3.644260021281778283e-02,0.000000000000000000e+00,0.000000000000000000e+00,1.844028499240333852e-01,1.025404555613454782e+00,-5.925698749173972102e-01,-3.980561493880713231e-01,0.000000000000000000e+00,0.000000000000000000e+00,0.000000000000000000e+00,2.737114478634088410e-01,-1.057231764829386744e+00,6.159611170261041213e-01,-4.965262637156638847e-01,0.000000000000000000e+00,0.000000000000000000e+00,0.000000000000000000e+00
-1.804734255171175916e-01,1.051033667083807327e-01,9.269630960437914569e-01,1.317124258208442894e-02,-4.281485836296831937e-03,4.037670444672792902e-01,9.147569956278199799e-01,2.674201892637347033e-02,1.867452209883205538e-01,4.185918647250002067e-01,5.391497485923774785e-02,-5.575764961058590763e-02,-1.887351417336854964e-03,-3.679168935184011502e-02,-3.383282449829745908e-01,-2.277767389914865936e-01,7.828200663940591830e-02,1.117419272995451435e-01,1.889068431565842365e-01,-3.691705626667766277e-02,0.000000000000000000e+00,0.000000000000000000e+00,1.821341086438682255e-01,1.010373971821368233e+00,-5.899099366032261038e-01,-3.701888866030028646e-01,0.000000000000000000e+00,0.000000000000000000e+00,0.000000000000000000e+00,2.691488737266597986e-01,-1.042511056701877381e+00,6.136049804103157479e-01,-4.675180334334547716e-01,0.000000000000000000e+00,0.000000000000000000e+00,0.000000000000000000e+00
-1.804734255171175916e-01,1.051033667083807327e-01,9.269630960437914569e-01,1.317124258208442894e-02,-4.281485836296831937e-03,4.037670444672792902e-01,9.147569956278199799e-01,2.566515194667394473e-02,1.847425953271820687e-01,4.164629791410860982e-01,5.705779664918396443e-02,-5.779145046733502600e-02,2.455550034431430717e-04,-3.772103876882340612e-02,-3.364759431579081861e-01,-2.274781482177364311e-01,8.131876231968325486e-02,1.089965385797926622e-01,1.877405547089790738e-01,-3.739151232053754270e-02,0.000000000000000000e+00,0.000000000000000000e+00,1.798653673637031214e-01,9.953433880292815727e-01,-5.872499982890551085e-01,-3.423216238179345172e-01,0.000000000000000000e+00,0.000000000000000000e+00,0.000000000000000000e+00,2.645862995899108672e-01,-1.027790348574367796e+00,6.112488437945273745e-01,-4.385098031512458250e-01,0.000000000000000000e+00,0.000000000000000000e+00,0.000000000000000000e+00
-1.804734255171175916e-01,1.051033667083807327e-01,9.269630960437914569e-01,1.317124258208442894e-02,-4.281485836296831937e-03,4.037670444672792902e-01,9.147569956278199799e-01,2.458828496697441565e-02,1.827399696660435557e-01,4.143340935571718786e-01,6.020061843913016020e-02,-5.982525132408414437e-02,2.378461424223141107e-03,-3.865038818580670416e-02,-3.346236413328417814e-01,-2.271795574439862409e-01,8.435551799996059141e-02,1.062511498600401810e-01,1.865742662613738556e-01,-3.786596837439741570e-02,0.000000000000000000e+00,0.000000000000000000e+00,1.775966260835379340e-01,9.803128042371948014e-01,-5.845900599748841131e-01,-3.144543610328660588e-01,0.000000000000000000e+00,0.000000000000000000e+00,0.000000000000000000e+00,2.600237254531618802e-01,-1.013069640446858433e+00,6.088927071787390011e-01,-4.095015728690367673e-01,0.000000000000000000e+00,0.000000000000000000e+00,0.000000000000000000e+00
-1.804734255171175916e-01,1.051033667083807327e-01,9.269630960437914569e-01,1.317124258208442894e-02,-4.281485836296831937e-03,4.037670444672792902e-01,9.147569956278199799e-01,2.351141798727489005e-02,1.807373440049050706e-01,4.122052079732577701e-01,6.334344022907636984e-02,-6.185905218083326274e-02,4.511367845003142613e-03,-3.957973760279000219e-02,-3.327713395077753766e-01,-2.268809666702360783e-01,8.739227368023794185e-02,1.035057611402877276e-01,1.854079778137686652e-01,-3.834042442825729563e-02,0.000000000000000000e+00,0.000000000000000000e+00,1.753278848033728299e-01,9.652822204451082522e-01,-5.819301216607131177e-01,-2.865870982477976003e-01,0.000000000000000000e+00,0.000000000000000000e+00,0.000000000000000000e+00,2.554611513164128933e-01,-9.983489323193488474e-01,6.065365705629506277e-01,-3.804933425868276542e-01,0.000000000000000000e+00,0.000000000000000000e+00,0.000000000000000000e+00
-1.804734255171175916e-01,1.051033667083807327e-01,9.269630960437914569e-01,1.317124258208442894e-02,-4.281485836296831937e-03,4.037670444672792902e-01,9.147569956278199799e-01,2.243455100757536444e-02,1.787347183437665021e-01,4.100763223893435505e-01,6.648626201902257948e-02,-6.389285303758238110e-02,6.644274265783147587e-03,-4.050908701977329329e-02,-3.309190376827090274e-01,-2.265823758964858881e-01,9.042902936051526452e-02,1.007603724205352463e-01,1.842416893661634469e-01,-3.881488048211717556e-02,0.000000000000000000e+00,0.000000000000000000e+00,1.730591435232076702e-01,9.502516366530214809e-01,-5.792701833465421224e-01,-2.587198354627291419e-01,0.000000000000000000e+00,0.000000000000000000e+00,0.000000000000000000e+00,2.508985771796639064e-01,-9.836282241918393732e-01,6.041804339471622542e-01,-3.514851123046185410e-01,0.000000000000000000e+00,0.000000000000000000e+00,0.000000000000000000e+00
-1.804734255171175916e-01,1.051033667083807327e-01,9.269630960437914569e-01,1.317124258208442894e-02,-4.281485836296831937e-03,4.037670444672792902e-01,9.147569956278199799e-01,2.135768402787583536e-02,1.767320926826279892e-01,4.079474368054293310e-01,6.962908380896878913e-02,-6.592665389433149947e-02,8.777180686563145623e-03,-4.143843643675658439e-02,-3.290667358576425672e-01,-2.262837851227357255e-01,9.346578504079260108e-02,9.801498370078276512e-02,1.830754009185582287e-01,-3.928933653597704856e-02,0.000000000000000000e+00,0.000000000000000000e+00,1.707904022430425106e-01,9.352210528609348206e-01,-5.766102450323710160e-01,-2.308525726776606279e-01,0.000000000000000000e+00,0.000000000000000000e+00,0.000000000000000000e+00,2.463360030429149194e-01,-9.689075160643298990e-01,6.018242973313737698e-01,-3.224768820224095389e-01,0.000000000000000000e+00,0.000000000000000000e+00,0.000000000000000000e+00
-1.804734255171175916e-01,1.051033667083807327e-01,9.269630960437914569e-01,1.317124258208442894e-02,-4.281485836296831937e-03,4.037670444672792902e-01,9.147569956278199799e-01,2.028081704817630976e-02,1.747294670214895040e-01,4.058185512215152224e-01,7.277190559891499877e-02,-6.796045475108061784e-02,1.091008710734314366e-02,-4.236778585373987549e-02,-3.272144340325762180e-01,-2.259851943489855353e-01,9.650254072106993763e-02,9.526959498103031165e-02,1.819091124709530660e-01,-3.976379258983692849e-02,0.000000000000000000e+00,0.000000000000000000e+00,1.685216609628773787e-01,9.201904690688482713e-01,-5.739503067182000207e-01,-2.029853098925922250e-01,0.000000000000000000e+00,0.000000000000000000e+00,0.000000000000000000e+00,2.417734289061659603e-01,-9.541868079368204247e-01,5.994681607155855074e-01,-2.934686517402005368e-01,0.000000000000000000e+00,0.000000000000000000e+00,0.000000000000000000e+00
-1.804734255171175916e-01,1.051033667083807327e-01,9.269630960437914569e-01,1.317124258208442894e-02,-4.281485836296831937e-03,4.037670444672792902e-01,9.147569956278199799e-01,1.920395006847678762e-02,1.727268413603509911e-01,4.036896656376011139e-01,7.591472738886119453e-02,-6.999425560782973621e-02,1.304299352812314169e-02,-4.329713527072317353e-02,-3.253621322075098687e-01,-2.256866035752353727e-01,9.953929640134728807e-02,9.252420626127784431e-02,1.807428240233478478e-01,-4.023824864369680843e-02,0.000000000000000000e+00,0.000000000000000000e+00,1.662529196827122469e-01,9.051598852767616110e-01,-5.712903684040291363e-01,-1.751180471075238221e-01,0.000000000000000000e+00,0.000000000000000000e+00,0.000000000000000000e+00,2.372108547694170011e-01,-9.394660998093110615e-01,5.971120240997971340e-01,-2.644604214579915902e-01,0.000000000000000000e+00,0.000000000000000000e+00,0.000000000000000000e+00
-1.804734255171175916e-01,1.051033667083807327e-01,9.269630960437914569e-01,1.317124258208442894e-02,-4.281485836296831937e-03,4.037670444672792902e-01,9.147569956278199799e-01,1.812708308877725855e-02,1.707242156992124782e-01,4.015607800536868943e-01,7.905754917880740418e-02,-7.202805646457885458e-02,1.517589994890314146e-02,-4.422648468770647157e-02,-3.235098303824434085e-01,-2.253880128014852102e-01,1.025760520816246246e-01,8.977881754152536309e-02,1.795765355757426296e-01,-4.071270469755668142e-02,0.000000000000000000e+00,0.000000000000000000e+00,1.639841784025471150e-01,8.901293014846749507e-01,-5.686304300898581410e-01,-1.472507843224553636e-01,0.000000000000000000e+00,0.000000000000000000e+00,0.000000000000000000e+00,2.326482806326680142e-01,-9.247453916818015873e-01,5.947558874840087606e-01,-2.354521911757824770e-01,0.000000000000000000e+00,0.000000000000000000e+00,0.000000000000000000e+00
-1.804734255171175916e-01,1.051033667083807327e-01,9.269630960437914569e-01,1.317124258208442894e-02,-4.281485836296831937e-03,4.037670444672792902e-01,9.147569956278199799e-01,1.705021610907773294e-02,1.687215900380739375e-01,3.994318944697727303e-01,8.220037096875359994e-02,-7.406185732132795907e-02,1.730880636968314470e-02,-4.515583410468976266e-02,-3.216575285573770038e-01,-2.250894220277350199e-01,1.056128077619019334e-01,8.703342882177286799e-02,1.784102471281374391e-01,-4.118716075141656136e-02,0.000000000000000000e+00,0.000000000000000000e+00,1.617154371223819553e-01,8.750987176925881794e-01,-5.659704917756870346e-01,-1.193835215373868497e-01,0.000000000000000000e+00,0.000000000000000000e+00,0.000000000000000000e+00,2.280857064959190272e-01,-9.100246835542920021e-01,5.923997508682203872e-01,-2.064439608935734194e-01,0.000000000000000000e+00,0.000000000000000000e+00,0.000000000000000000e+00
-1.804734255171175916e-01,1.051033667083807327e-01,9.269630960437914569e-01,1.317124258208442894e-02,-4.281485836296831937e-03,4.037670444672792902e-01,9.147569956278199799e-01,1.597334912937820733e-02,1.667189643769354523e-01,3.973030088858585662e-01,8.534319275869982346e-02,-7.609565817807709132e-02,1.944171279046314274e-02,-4.608518352167305376e-02,-3.198052267323105990e-01,-2.247908312539848574e-01,1.086495634421792977e-01,8.428804010202041452e-02,1.772439586805322487e-01,-4.166161680527644129e-02,0.000000000000000000e+00,0.000000000000000000e+00,1.594466958422167957e-01,8.600681339005016302e-01,-5.633105534615160392e-01,-9.151625875231844676e-02,0.000000000000000000e+00,0.000000000000000000e+00,0.000000000000000000e+00,2.235231323591700403e-01,-8.953039754267825279e-01,5.900436142524320138e-01,-1.774357306113643618e-01,0.000000000000000000e+00,0.000000000000000000e+00,0.000000000000000000e+00
-1.804734255171175916e-01,1.051033667083807327e-01,9.269630960437914569e-01,1.317124258208442894e-02,-4.281485836296831937e-03,4.037670444672792902e-01,9.147569956278199799e-01,1.489648214967868173e-02,1.647163387157969394e-01,3.951741233019444577e-01,8.848601454864603311e-02,-7.812945903482619581e-02,2.157461921124314078e-02,-4.701453293865635180e-02,-3.179529249072442498e-01,-2.244922404802346949e-01,1.116863191224566343e-01,8.154265138226794718e-02,1.760776702329270305e-01,-4.213607285913631428e-02,0.000000000000000000e+00,0.000000000000000000e+00,1.571779545620516916e-01,8.450375501084150809e-01,-5.606506151473451549e-01,-6.364899596725004383e-02,0.000000000000000000e+00,0.000000000000000000e+00,0.000000000000000000e+00,2.189605582224210811e-01,-8.805832672992731647e-01,5.876874776366436404e-01,-1.484275003291554151e-01,0.000000000000000000e+00,0.000000000000000000e+00,0.000000000000000000e+00
-1.804734255171175916e-01,1.051033667083807327e-01,9.269630960437914569e-01,1.317124258208442894e-02,-4.281485836296831937e-03,4.037670444672792902e-01,9.147569956278199799e-01,1.381961516997915612e-02,1.627137130546584265e-01,3.930452377180302381e-01,9.162883633859222887e-02,-8.016325989157531418e-02,2.370752563202314228e-02,-4.794388235563964290e-02,-3.161006230821778451e-01,-2.241936497064845324e-01,1.147230748027339431e-01,7.879726266251546596e-02,1.749113817853218400e-01,-4.261052891299619422e-02,0.000000000000000000e+00,0.000000000000000000e+00,1.549092132818865319e-01,8.300069663163283096e-01,-5.579906768331740485e-01,-3.578173318218158538e-02,0.000000000000000000e+00,0.000000000000000000e+00,0.000000000000000000e+00,2.143979840856720942e-01,-8.658625591717635794e-01,5.853313410208553780e-01,-1.194192700469462465e-01,0.000000000000000000e+00,0.000000000000000000e+00,0.000000000000000000e+00
-1.804734255171175916e-01,1.051033667083807327e-01,9.269630960437914569e-01,1.317124258208442894e-02,-4.281485836296831937e-03,4.037670444672792902e-01,9.147569956278199799e-01,1.274274819027962531e-02,1.607110873935199136e-01,3.909163521341160741e-01,9.477165812853843851e-02,-8.219706074832443254e-02,2.584043205280314032e-02,-4.887323177262294094e-02,-3.142483212571114404e-01,-2.238950589327343144e-01,1.177598304830112935e-01,7.605187394276299861e-02,1.737450933377166218e-01,-4.308498496685607415e-02,0.000000000000000000e+00,0.000000000000000000e+00,1.526404720017213723e-01,8.149763825242416493e-01,-5.553307385190029422e-01,-7.914470397113126943e-03,0.000000000000000000e+00,0.000000000000000000e+00,0.000000000000000000e+00,2.098354099489230795e-01,-8.511418510442541052e-01,5.829752044050668935e-01,-9.041103976473718884e-02,0.000000000000000000e+00,0.000000000000000000e+00,0.000000000000000000e+00
-1.804734255171175916e-01,1.051033667083807327e-01,9.269630960437914569e-01,1.317124258208442894e-02,-4.281485836296831937e-03,4.037670444672792902e-01,9.147569956278199799e-01,1.166588121058009971e-02,1.587084617323814006e-01,3.887874665502019100e-01,9.791447991848463428e-02,-8.423086160507355091e-02,2.797333847358313835e-02,-4.980258118960623204e-02,-3.123960194320450912e-01,-2.235964681589841518e-01,1.207965861632886301e-01,7.330648522301053127e-02,1.725788048901114591e-01,-4.355944102071594715e-02,0.000000000000000000e+00,0.000000000000000000e+00,1.503717307215562404e-01,7.999457987321549890e-01,-5.526708002048320578e-01,1.995279238795527599e-02,0.000000000000000000e+00,0.000000000000000000e+00,0.000000000000000000e+00,2.052728358121741203e-01,-8.364211429167447420e-01,5.806190677892786312e-01,-6.140280948252824222e-02,0.000000000000000000e+00,0.000000000000000000e+00,0.000000000000000000e+00
-1.804734255171175916e-01,1.051033667083807327e-01,9.269630960437914569e-01,1.317124258208442894e-02,-4.281485836296831937e-03,4.037670444672792902e-01,9.147569956278199799e-01,1.058901423088057236e-02,1.567058360712428600e-01,3.866585809662877460e-01,1.010573017084308578e-01,-8.626466246182266928e-02,3.010624489436314333e-02,-5.073193060658953008e-02,-3.105437176069786864e-01,-2.232978773852339893e-01,1.238333418435659805e-01,7.056109650325803617e-02,1.714125164425062409e-01,-4.403389707457582708e-02,0.000000000000000000e+00,0.000000000000000000e+00,1.481029894413910808e-01,7.849152149400683287e-01,-5.500108618906609514e-01,4.782005517302378994e-02,0.000000000000000000e+00,0.000000000000000000e+00,0.000000000000000000e+00,2.007102616754251057e-01,-8.217004347892351568e-01,5.782629311734902577e-01,-3.239457920031912908e-02,0.000000000000000000e+00,0.000000000000000000e+00,0.000000000000000000e+00
-1.804734255171175916e-01,1.051033667083807327e-01,9.269630960437914569e-01,1.317124258208442894e-02,-4.281485836296831937e-03,4.037670444672792902e-01,9.147569956278199799e-01,9.512147251181043289e-03,1.547032104101043470e-01,3.845296953823735819e-01,1.042001234983770536e-01,-8.829846331857180153e-02,3.223915131514314136e-02,-5.166128002357282811e-02,-3.086914157819122262e-01,-2.229992866114837990e-01,1.268700975238433171e-01,6.781570778350555495e-02,1.702462279949010227e-01,-4.450835312843570701e-02,0.000000000000000000e+00,0.000000000000000000e+00,1.458342481612259212e-01,7.698846311479815574e-01,-5.473509235764899561e-01,7.568731795809224838e-02,0.000000000000000000e+00,0.000000000000000000e+00,0.000000000000000000e+00,1.961476875386761187e-01,-8.069797266617256826e-01,5.759067945577017733e-01,-3.386348918109960415e-03,0.000000000000000000e+00,0.000000000000000000e+00,0.000000000000000000e+00
-1.804734255171175916e-01,1.051033667083807327e-01,9.269630960437914569e-01,1.317124258208442894e-02,-4.281485836296831937e-03,4.037670444672792902e-01,9.147569956278199799e-01,8.435280271481521153e-03,1.527005847489658619e-01,3.824008097984594179e-01,1.073429452883232632e-01,-9.033226417532090602e-02,3.437205773592314634e-02,-5.259062944055611921e-02,-3.068391139568458770e-01,-2.227006958377336643e-01,1.299068532041206536e-01,6.507031906375310149e-02,1.690799395472958322e-01,-4.498280918229558001e-02,0.000000000000000000e+00,0.000000000000000000e+00,1.435655068810608170e-01,7.548540473558950081e-01,-5.446909852623189607e-01,1.035545807431606513e-01,0.000000000000000000e+00,0.000000000000000000e+00,0.000000000000000000e+00,1.915851134019271873e-01,-7.922590185342163194e-01,5.735506579419133999e-01,2.562188136409898620e-02,0.000000000000000000e+00,0.000000000000000000e+00,0.000000000000000000e+00
-1.804734255171175916e-01,1.051033667083807327e-01,9.269630960437914569e-01,1.317124258208442894e-02,-4.281485836296831937e-03,4.037670444672792902e-01,9.147569956278199799e-01,7.358413291781995547e-03,1.506979590878273489e-01,3.802719242145452538e-01,1.104857670782694867e-01,-9.236606503207002439e-02,3.650496415670314437e-02,-5.351997885753941031e-02,-3.049868121317794722e-01,-2.224021050639835018e-01,1.329436088843979902e-01,6.232493034400063414e-02,1.679136510996906417e-01,-4.545726523615546688e-02,0.000000000000000000e+00,0.000000000000000000e+00,1.412967656008956852e-01,7.398234635638084589e-01,-5.420310469481479654e-01,1.314218435282290542e-01,0.000000000000000000e+00,0.000000000000000000e+00,0.000000000000000000e+00,1.870225392651782004e-01,-7.775383104067068452e-01,5.711945213261251375e-01,5.463011164630798833e-02,0.000000000000000000e+00,0.000000000000000000e+00,0.000000000000000000e+00
-1.804734255171175916e-01,1.051033667083807327e-01,9.269630960437914569e-01,1.317124258208442894e-02,-4.281485836296831937e-03,4.037670444672792902e-01,9.147569956278199799e-01,6.281546312082466471e-03,1.486953334266888360e-01,3.781430386306311453e-01,1.136285888682156825e-01,-9.439986588881914276e-02,3.863787057748314935e-02,-5.444932827452270835e-02,-3.031345103067131230e-01,-2.221035142902332837e-01,1.359803645646753267e-01,5.957954162424815292e-02,1.667473626520854513e-01,-4.593172129001533988e-02,0.000000000000000000e+00,0.000000000000000000e+00,1.390280243207305255e-01,7.247928797717216876e-01,-5.393711086339769700e-01,1.592891063132975682e-01,0.000000000000000000e+00,0.000000000000000000e+00,0.000000000000000000e+00,1.824599651284292134e-01,-7.628176022791972599e-01,5.688383847103367641e-01,8.363834192851704596e-02,0.000000000000000000e+00,0.000000000000000000e+00,0.000000000000000000e+00
-1.804734255171175916e-01,1.051033667083807327e-01,9.269630960437914569e-01,1.317124258208442894e-02,-4.281485836296831937e-03,4.037670444672792902e-01,9.147569956278199799e-01,5.204679332382940865e-03,1.466927077655502953e-01,3.760141530467169257e-01,1.167714106581618921e-01,-9.643366674556824725e-02,4.077077699826314738e-02,-5.537867769150599945e-02,-3.012822084816466628e-01,-2.218049235164831212e-01,1.390171202449526633e-01,5.683415290449567864e-02,1.655810742044802053e-01,-4.640617734387521287e-02,0.000000000000000000e+00,0.000000000000000000e+00,1.367592830405653659e-01,7.097622959796350273e-01,-5.367111703198059747e-01,1.871563690983660266e-01,0.000000000000000000e+00,0.000000000000000000e+00,0.000000000000000000e+00,1.778973909916802265e-01,-7.480968941516877857e-01,5.664822480945483907e-01,1.126465722107261591e-01,0.000000000000000000e+00,0.000000000000000000e+00,0.000000000000000000e+00
-1.804734255171175916e-01,1.051033667083807327e-01,9.269630960437914569e-01,1.317124258208442894e-02,-4.281485836296831937e-03,4.037670444672792902e-01,9.147569956278199799e-01,4.127812352683415259e-03,1.446900821044118102e-01,3.738852674628028172e-01,1.199142324481080879e-01,-9.846746760231736562e-02,4.290368341904314542e-02,-5.630802710848929749e-02,-2.994299066565803136e-01,-2.215063327427329587e-01,1.420538759252299998e-01,5.408876418474321129e-02,1.644147857568750148e-01,-4.688063339773509280e-02,0.000000000000000000e+00,0.000000000000000000e+00,1.344905417604002340e-01,6.947317121875483670e-01,-5.340512320056349793e-01,2.150236318834344296e-01,0.000000000000000000e+00,0.000000000000000000e+00,0.000000000000000000e+00,1.733348168549312396e-01,-7.333761860241783115e-01,5.641261114787600173e-01,1.416548024929351612e-01,0.000000000000000000e+00,0.000000000000000000e+00,0.000000000000000000e+00
-1.804734255171175916e-01,1.051033667083807327e-01,9.269630960437914569e-01,1.317124258208442894e-02,-4.281485836296831937e-03,4.037670444672792902e-01,9.147569956278199799e-01,3.050945372983891388e-03,1.426874564432732972e-01,3.717563818788885976e-01,1.230570542380542837e-01,-1.005012684590664840e-01,4.503658983982313652e-02,-5.723737652547258858e-02,-2.975776048315139088e-01,-2.212077419689827684e-01,1.450906316055073086e-01,5.134337546499074395e-02,1.632484973092698244e-01,-4.735508945159497274e-02,0.000000000000000000e+00,0.000000000000000000e+00,1.322218004802351021e-01,6.797011283954617067e-01,-5.313912936914639840e-01,2.428908946685028325e-01,0.000000000000000000e+00,0.000000000000000000e+00,0.000000000000000000e+00,1.687722427181822804e-01,-7.186554778966689483e-01,5.617699748629716439e-01,1.706630327751441079e-01,0.000000000000000000e+00,0.000000000000000000e+00,0.000000000000000000e+00
-1.804734255171175916e-01,1.051033667083807327e-01,9.269630960437914569e-01,1.317124258208442894e-02,-4.281485836296831937e-03,4.037670444672792902e-01,9.147569956278199799e-01,1.974078393284364047e-03,1.406848307821347843e-01,3.696274962949744891e-01,1.261998760280005072e-01,-1.025350693158156024e-01,4.716949626060314149e-02,-5.816672594245587968e-02,-2.957253030064475041e-01,-2.209091511952325781e-01,1.481273872857846730e-01,4.859798674523826967e-02,1.620822088616646339e-01,-4.782954550545485267e-02,0.000000000000000000e+00,0.000000000000000000e+00,1.299530592000699702e-01,6.646705446033751574e-01,-5.287313553772929886e-01,2.707581574535712909e-01,0.000000000000000000e+00,0.000000000000000000e+00,0.000000000000000000e+00,1.642096685814332935e-01,-7.039347697691594741e-01,5.594138382471832704e-01,1.996712630573532210e-01,0.000000000000000000e+00,0.000000000000000000e+00,0.000000000000000000e+00
-1.804734255171175916e-01,1.051033667083807327e-01,9.269630960437914569e-01,1.317124258208442894e-02,-4.281485836296831937e-03,4.037670444672792902e-01,9.147569956278199799e-01,8.972114135848332367e-04,1.386822051209962436e-01,3.674986107110602696e-01,1.293426978179467168e-01,-1.045688701725647346e-01,4.930240268138314647e-02,-5.909607535943918466e-02,-2.938730011813810994e-01,-2.206105604214824156e-01,1.511641429660620095e-01,4.585259802548578845e-02,1.609159204140594157e-01,-4.830400155931472567e-02,0.000000000000000000e+00,0.000000000000000000e+00,1.276843179199048106e-01,6.496399608112883861e-01,-5.260714170631219933e-01,2.986254202386398604e-01,0.000000000000000000e+00,0.000000000000000000e+00,0.000000000000000000e+00,1.596470944446842788e-01,-6.892140616416499999e-01,5.570577016313948970e-01,2.286794933395623342e-01,0.000000000000000000e+00,0.000000000000000000e+00,0.000000000000000000e+00
-1.804734255171175916e-01,1.051033667083807327e-01,9.269630960437914569e-01,1.317124258208442894e-02,-4.281485836296831937e-03,4.037670444672792902e-01,9.147569956278199799e-01,-1.796555661146906346e-04,1.366795794598577307e-01,3.653697251271461610e-01,1.324855196078929265e-01,-1.066026710293138391e-01,5.143530910216313756e-02,-6.002542477642246882e-02,-2.920206993563146947e-01,-2.203119696477322531e-01,1.542008986463393461e-01,4.310720930573332110e-02,1.597496319664542253e-01,-4.877845761317460560e-02,0.000000000000000000e+00,0.000000000000000000e+00,1.254155766397396787e-01,6.346093770192018368e-01,-5.234114787489509979e-01,3.264926830237081523e-01,0.000000000000000000e+00,0.000000000000000000e+00,0.000000000000000000e+00,1.550845203079353196e-01,-6.744933535141404146e-01,5.547015650156066346e-01,2.576877236217713918e-01,0.000000000000000000e+00,0.000000000000000000e+00,0.000000000000000000e+00
-1.804734255171175916e-01,1.051033667083807327e-01,9.269630960437914569e-01,1.317124258208442894e-02,-4.281485836296831937e-03,4.037670444672792902e-01,9.147569956278199799e-01,-1.256522545814219710e-03,1.346769537987192178e-01,3.632408395432319415e-01,1.356283413978391361e-01,-1.086364718860629575e-01,5.356821552294314948e-02,-6.095477419340577380e-02,-2.901683975312483454e-01,-2.200133788739820628e-01,1.572376543266166826e-01,4.036182058598083988e-02,1.585833435188490070e-01,-4.925291366703447860e-02,0.000000000000000000e+00,0.000000000000000000e+00,1.231468353595745191e-01,6.195787932271150655e-01,-5.207515404347800025e-01,3.543599458087767218e-01,0.000000000000000000e+00,0.000000000000000000e+00,0.000000000000000000e+00,1.505219461711863327e-01,-6.597726453866310514e-01,5.523454283998181502e-01,2.866959539039805049e-01,0.000000000000000000e+00,0.000000000000000000e+00,0.000000000000000000e+00
-1.804734255171175916e-01,1.051033667083807327e-01,9.269630960437914569e-01,1.317124258208442894e-02,-4.281485836296831937e-03,4.037670444672792902e-01,9.147569956278199799e-01,-2.333389525513741847e-03,1.326743281375807326e-01,3.611119539593178329e-01,1.387711631877853180e-01,-1.106702727428120758e-01,5.570112194372314057e-02,-6.188412361038906490e-02,-2.883160957061818852e-01,-2.197147881002319003e-01,1.602744100068940192e-01,3.761643186622838642e-02,1.574170550712438166e-01,-4.972736972089435853e-02,0.000000000000000000e+00,0.000000000000000000e+00,1.208780940794093872e-01,6.045482094350285163e-01,-5.180916021206090072e-01,3.822272085938450692e-01,0.000000000000000000e+00,0.000000000000000000e+00,0.000000000000000000e+00,1.459593720344373735e-01,-6.450519372591214662e-01,5.499892917840297768e-01,3.157041841861894516e-01,0.000000000000000000e+00,0.000000000000000000e+00,0.000000000000000000e+00
-1.804734255171175916e-01,1.051033667083807327e-01,9.269630960437914569e-01,1.317124258208442894e-02,-4.281485836296831937e-03,4.037670444672792902e-01,9.147569956278199799e-01,-3.410256505213272657e-03,1.306717024764421919e-01,3.589830683754036134e-01,1.419139849777315276e-01,-1.127040735995611942e-01,5.783402836450314555e-02,-6.281347302737236293e-02,-2.864637938811155360e-01,-2.194161973264817100e-01,1.633111656871713557e-01,3.487104314647589826e-02,1.562507666236386261e-01,-5.020182577475423846e-02,0.000000000000000000e+00,0.000000000000000000e+00,1.186093527992442276e-01,5.895176256429417450e-01,-5.154316638064379008e-01,4.100944713789135276e-01,0.000000000000000000e+00,0.000000000000000000e+00,0.000000000000000000e+00,1.413967978976883588e-01,-6.303312291316119920e-01,5.476331551682414034e-01,3.447124144683985647e-01,0.000000000000000000e+00,0.000000000000000000e+00,0.000000000000000000e+00
-1.804734255171175916e-01,1.051033667083807327e-01,9.269630960437914569e-01,1.317124258208442894e-02,-4.281485836296831937e-03,4.037670444672792902e-01,9.147569956278199799e-01,-4.487123484912793059e-03,1.286690768153037068e-01,3.568541827914895048e-01,1.450568067676777650e-01,-1.147378744563103126e-01,5.996693478528314358e-02,-6.374282244435565403e-02,-2.846114920560491868e-01,-2.191176065527315475e-01,1.663479213674486923e-01,3.212565442672343785e-02,1.550844781760334357e-01,-5.067628182861411146e-02,0.000000000000000000e+00,0.000000000000000000e+00,1.163406115190790957e-01,5.744870418508551957e-01,-5.127717254922669055e-01,4.379617341639819861e-01,0.000000000000000000e+00,0.000000000000000000e+00,0.000000000000000000e+00,1.368342237609393997e-01,-6.156105210041026288e-01,5.452770185524531410e-01,3.737206447506074558e-01,0.000000000000000000e+00,0.000000000000000000e+00,0.000000000000000000e+00
-1.804734255171175916e-01,1.051033667083807327e-01,9.269630960437914569e-01,1.317124258208442894e-02,-4.281485836296831937e-03,4.037670444672792902e-01,9.147569956278199799e-01,-5.563990464612323869e-03,1.266664511541651661e-01,3.547252972075753408e-01,1.481996285576239747e-01,-1.167716753130594309e-01,6.209984120606314162e-02,-6.467217186133894513e-02,-2.827591902309827265e-01,-2.188190157789813850e-01,1.693846770477260288e-01,2.938026570697094969e-02,1.539181897284282174e-01,-5.115073788247399139e-02,0.000000000000000000e+00,0.000000000000000000e+00,1.140718702389139638e-01,5.594564580587684244e-01,-5.101117871780959101e-01,4.658289969490504445e-01,0.000000000000000000e+00,0.000000000000000000e+00,0.000000000000000000e+00,1.322716496241904127e-01,-6.008898128765931546e-01,5.429208819366646566e-01,4.027288750328165690e-01,0.000000000000000000e+00,0.000000000000000000e+00,0.000000000000000000e+00
-1.804734255171175916e-01,1.051033667083807327e-01,9.269630960437914569e-01,1.317124258208442894e-02,-4.281485836296831937e-03,4.037670444672792902e-01,9.147569956278199799e-01,-6.640857444311846006e-03,1.246638254930266670e-01,3.525964116236611767e-01,1.513424503475701566e-01,-1.188054761698085354e-01,6.423274762684313965e-02,-6.560152127832223623e-02,-2.809068884059163773e-01,-2.185204250052312225e-01,1.724214327280033654e-01,2.663487698721848929e-02,1.527519012808229992e-01,-5.162519393633387133e-02,0.000000000000000000e+00,0.000000000000000000e+00,1.118031289587488319e-01,5.444258742666818751e-01,-5.074518488639249147e-01,4.936962597341187919e-01,0.000000000000000000e+00,0.000000000000000000e+00,0.000000000000000000e+00,1.277090754874414535e-01,-5.861691047490836803e-01,5.405647453208763942e-01,4.317371053150255156e-01,0.000000000000000000e+00,0.000000000000000000e+00,0.000000000000000000e+00
-1.804734255171175916e-01,1.051033667083807327e-01,9.269630960437914569e-01,1.317124258208442894e-02,-4.281485836296831937e-03,4.037670444672792902e-01,9.147569956278199799e-01,-7.717724424011376816e-03,1.226611998318881541e-01,3.504675260397469572e-01,1.544852721375163662e-01,-1.208392770265576677e-01,6.636565404762315157e-02,-6.653087069530554121e-02,-2.790545865808499726e-01,-2.182218342314810600e-01,1.754581884082807020e-01,2.388948826746601153e-02,1.515856128332178088e-01,-5.209964999019374432e-02,0.000000000000000000e+00,0.000000000000000000e+00,1.095343876785836723e-01,5.293952904745952148e-01,-5.047919105497539194e-01,5.215635225191873614e-01,0.000000000000000000e+00,0.000000000000000000e+00,0.000000000000000000e+00,1.231465013506924527e-01,-5.714483966215742061e-01,5.382086087050880208e-01,4.607453355972346287e-01,0.000000000000000000e+00,0.000000000000000000e+00,0.000000000000000000e+00
-1.804734255171175916e-01,1.051033667083807327e-01,9.269630960437914569e-01,1.317124258208442894e-02,-4.281485836296831937e-03,4.037670444672792902e-01,9.147569956278199799e-01,-8.794591403710897218e-03,1.206585741707496412e-01,3.483386404558328486e-01,1.576280939274625759e-01,-1.228730778833067722e-01,6.849856046840313573e-02,-6.746022011228881843e-02,-2.772022847557835679e-01,-2.179232434577308419e-01,1.784949440885580108e-01,2.114409954771354419e-02,1.504193243856126183e-01,-5.257410604405362425e-02,0.000000000000000000e+00,0.000000000000000000e+00,1.072656463984185404e-01,5.143647066825085545e-01,-5.021319722355829240e-01,5.494307853042557088e-01,0.000000000000000000e+00,0.000000000000000000e+00,0.000000000000000000e+00,1.185839272139434936e-01,-5.567276884940647319e-01,5.358524720892996474e-01,4.897535658794436864e-01,0.000000000000000000e+00,0.000000000000000000e+00,0.000000000000000000e+00
-1.804734255171175916e-01,1.051033667083807327e-01,9.269630960437914569e-01,1.317124258208442894e-02,-4.281485836296831937e-03,4.037670444672792902e-01,9.147569956278199799e-01,-9.871458383410428028e-03,1.186559485096111144e-01,3.462097548719186291e-01,1.607709157174087855e-01,-1.249068787400559044e-01,7.063146688918314764e-02,-6.838956952927212340e-02,-2.753499829307172186e-01,-2.176246526839806794e-01,1.815316997688353751e-01,1.839871082796106644e-02,1.492530359380074001e-01,-5.304856209791350419e-02,0.000000000000000000e+00,0.000000000000000000e+00,1.049969051182533808e-01,4.993341228904218387e-01,-4.994720339214118732e-01,5.772980480893241673e-01,0.000000000000000000e+00,0.000000000000000000e+00,0.000000000000000000e+00,1.140213530771944928e-01,-5.420069803665552577e-01,5.334963354735112739e-01,5.187617961616528550e-01,0.000000000000000000e+00,0.000000000000000000e+00,0.000000000000000000e+00
-1.804734255171175916e-01,1.051033667083807327e-01,9.269630960437914569e-01,1.317124258208442894e-02,-4.281485836296831937e-03,4.037670444672792902e-01,9.147569956278199799e-01,-1.094832536310995363e-02,1.166533228484726153e-01,3.440808692880045205e-01,1.639137375073549674e-01,-1.269406795968050228e-01,7.276437330996313180e-02,-6.931891894625541450e-02,-2.734976811056507584e-01,-2.173260619102305169e-01,1.845684554491127116e-01,1.565332210820859909e-02,1.480867474904022096e-01,-5.352301815177337718e-02,0.000000000000000000e+00,0.000000000000000000e+00,1.027281638380882489e-01,4.843035390983352340e-01,-4.968120956072408778e-01,6.051653108743925147e-01,0.000000000000000000e+00,0.000000000000000000e+00,0.000000000000000000e+00,1.094587789404455336e-01,-5.272862722390457835e-01,5.311401988577229005e-01,5.477700264438617461e-01,0.000000000000000000e+00,0.000000000000000000e+00,0.000000000000000000e+00
-1.804734255171175916e-01,1.051033667083807327e-01,9.269630960437914569e-01,1.317124258208442894e-02,-4.281485836296831937e-03,4.037670444672792902e-01,9.147569956278199799e-01,-1.202519234280948097e-02,1.146506971873340885e-01,3.419519837040903565e-01,1.670565592973012048e-01,-1.289744804535541411e-01,7.489727973074314371e-02,-7.024826836323870560e-02,-2.716453792805844092e-01,-2.170274711364803544e-01,1.876052111293900482e-01,1.290793338845612134e-02,1.469204590427969914e-01,-5.399747420563325712e-02,0.000000000000000000e+00,0.000000000000000000e+00,1.004594225579230893e-01,4.692729553062485737e-01,-4.941521572930699380e-01,6.330325736594610841e-01,0.000000000000000000e+00,0.000000000000000000e+00,0.000000000000000000e+00,1.048962048036965328e-01,-5.125655641115363093e-01,5.287840622419345271e-01,5.767782567260708593e-01,0.000000000000000000e+00,0.000000000000000000e+00,0.000000000000000000e+00
-1.804734255171175916e-01,1.051033667083807327e-01,9.269630960437914569e-01,1.317124258208442894e-02,-4.281485836296831937e-03,4.037670444672792902e-01,9.147569956278199799e-01,-1.310205932250900485e-02,1.126480715261956034e-01,3.398230981201761924e-01,1.701993810872473867e-01,-1.310082813103032318e-01,7.703018615152312787e-02,-7.117761778022199670e-02,-2.697930774555180045e-01,-2.167288803627301363e-01,1.906419668096673570e-01,1.016254466870366094e-02,1.457541705951918287e-01,-5.447193025949313705e-02,0.000000000000000000e+00,0.000000000000000000e+00,9.819068127775795740e-02,4.542423715141619689e-01,-4.914922189788989426e-01,6.608998364445295426e-01,0.000000000000000000e+00,0.000000000000000000e+00,0.000000000000000000e+00,1.003336306669475597e-01,-4.978448559840268350e-01,5.264279256261461537e-01,6.057864870082797504e-01,0.000000000000000000e+00,0.000000000000000000e+00,0.000000000000000000e+00
-1.804734255171175916e-01,1.051033667083807327e-01,9.269630960437914569e-01,1.317124258208442894e-02,-4.281485836296831937e-03,4.037670444672792902e-01,9.147569956278199799e-01,-1.417892630220853392e-02,1.106454458650570627e-01,3.376942125362620284e-01,1.733422028771935963e-01,-1.330420821670523501e-01,7.916309257230313978e-02,-7.210696719720530168e-02,-2.679407756304515997e-01,-2.164302895889799738e-01,1.936787224899446935e-01,7.417155948951176248e-03,1.445878821475866105e-01,-5.494638631335301004e-02,0.000000000000000000e+00,0.000000000000000000e+00,9.592193999759281164e-02,4.392117877220752531e-01,-4.888322806647278918e-01,6.887670992295980010e-01,0.000000000000000000e+00,0.000000000000000000e+00,0.000000000000000000e+00,9.577105653019857279e-02,-4.831241478565173053e-01,5.240717890103577803e-01,6.347947172904888635e-01,0.000000000000000000e+00,0.000000000000000000e+00,0.000000000000000000e+00
-1.804734255171175916e-01,1.051033667083807327e-01,9.269630960437914569e-01,1.317124258208442894e-02,-4.281485836296831937e-03,4.037670444672792902e-01,9.147569956278199799e-01,-1.525579328190806473e-02,1.086428202039185498e-01,3.355653269523478643e-01,1.764850246671398060e-01,-1.350758830238014963e-01,8.129599899308313782e-02,-7.303631661418859278e-02,-2.660884738053851950e-01,-2.161316988152298113e-01,1.967154781702220856e-01,4.671767229198695026e-03,1.434215936999814200e-01,-5.542084236721288998e-02,0.000000000000000000e+00,0.000000000000000000e+00,9.365319871742766589e-02,4.241812039299885928e-01,-4.861723423505568409e-01,7.166343620146664595e-01,0.000000000000000000e+00,0.000000000000000000e+00,0.000000000000000000e+00,9.120848239344958586e-02,-4.684034397290078311e-01,5.217156523945694069e-01,6.638029475726980877e-01,0.000000000000000000e+00,0.000000000000000000e+00,0.000000000000000000e+00
-1.804734255171175916e-01,1.051033667083807327e-01,9.269630960437914569e-01,1.317124258208442894e-02,-4.281485836296831937e-03,4.037670444672792902e-01,9.147569956278199799e-01,-1.633266026160758513e-02,1.066401945427800368e-01,3.334364413684336448e-01,1.796278464570860156e-01,-1.371096838805505869e-01,8.342890541386313585e-02,-7.396566603117188388e-02,-2.642361719803188458e-01,-2.158331080414796488e-01,1.997522338504993944e-01,1.926378509446234621e-03,1.422553052523762296e-01,-5.589529842107276297e-02,0.000000000000000000e+00,0.000000000000000000e+00,9.138445743726253401e-02,4.091506201379019325e-01,-4.835124040363858455e-01,7.445016247997348069e-01,0.000000000000000000e+00,0.000000000000000000e+00,0.000000000000000000e+00,8.664590825670061280e-02,-4.536827316014984124e-01,5.193595157787810335e-01,6.928111778549070898e-01,0.000000000000000000e+00,0.000000000000000000e+00,0.000000000000000000e+00
-1.804734255171175916e-01,1.051033667083807327e-01,9.269630960437914569e-01,1.317124258208442894e-02,-4.281485836296831937e-03,4.037670444672792902e-01,9.147569956278199799e-01,-1.740952724130711768e-02,1.046375688816415239e-01,3.313075557845195362e-01,1.827706682470322253e-01,-1.391434847372997330e-01,8.556181183464314777e-02,-7.489501544815518885e-02,-2.623838701552524411e-01,-2.155345172677294585e-01,2.027889895307767310e-01,-8.190102103062465999e-04,1.410890168047710114e-01,-5.636975447493264985e-02,0.000000000000000000e+00,0.000000000000000000e+00,8.911571615709737437e-02,3.941200363458152722e-01,-4.808524657222148502e-01,7.723688875848033764e-01,0.000000000000000000e+00,0.000000000000000000e+00,0.000000000000000000e+00,8.208333411995162587e-02,-4.389620234739888827e-01,5.170033791629926601e-01,7.218194081371162030e-01,0.000000000000000000e+00,0.000000000000000000e+00,0.000000000000000000e+00
-1.804734255171175916e-01,1.051033667083807327e-01,9.269630960437914569e-01,1.317124258208442894e-02,-4.281485836296831937e-03,4.037670444672792902e-01,9.147569956278199799e-01,-1.848639422100663635e-02,1.026349432205030110e-01,3.291786702006053722e-01,1.859134900369784071e-01,-1.411772855940488236e-01,8.769471825542313193e-02,-7.582436486513847995e-02,-2.605315683301860363e-01,-2.152359264939792960e-01,2.058257452110540675e-01,-3.564398930058710474e-03,1.399227283571658209e-01,-5.684421052879251590e-02,0.000000000000000000e+00,0.000000000000000000e+00,8.684697487693224249e-02,3.790894525537286674e-01,-4.781925274080438548e-01,8.002361503698717238e-01,0.000000000000000000e+00,0.000000000000000000e+00,0.000000000000000000e+00,7.752075998320265282e-02,-4.242413153464794640e-01,5.146472425472043977e-01,7.508276384193250941e-01,0.000000000000000000e+00,0.000000000000000000e+00,0.000000000000000000e+00
-1.804734255171175916e-01,1.051033667083807327e-01,9.269630960437914569e-01,1.317124258208442894e-02,-4.281485836296831937e-03,4.037670444672792902e-01,9.147569956278199799e-01,-1.956326120070616889e-02,1.006323175593644981e-01,3.270497846166911526e-01,1.890563118269246445e-01,-1.432110864507979420e-01,8.982762467620315772e-02,-7.675371428212178493e-02,-2.586792665051196316e-01,-2.149373357202291335e-01,2.088625008913314041e-01,-6.309787649811191695e-03,1.387564399095606027e-01,-5.731866658265240277e-02,0.000000000000000000e+00,0.000000000000000000e+00,8.457823359676709674e-02,3.640588687616419517e-01,-4.755325890938728595e-01,8.281034131549401822e-01,0.000000000000000000e+00,0.000000000000000000e+00,0.000000000000000000e+00,7.295818584645366589e-02,-4.095206072189699342e-01,5.122911059314159132e-01,7.798358687015342072e-01,0.000000000000000000e+00,0.000000000000000000e+00,0.000000000000000000e+00
-1.804734255171175916e-01,1.051033667083807327e-01,9.269630960437914569e-01,1.317124258208442894e-02,-4.281485836296831937e-03,4.037670444672792902e-01,9.147569956278199799e-01,-2.064012818040569103e-02,9.862969189822599902e-02,3.249208990327770441e-01,1.921991336168708542e-01,-1.452448873075470603e-01,9.196053109698314187e-02,-7.768306369910506215e-02,-2.568269646800532269e-01,-2.146387449464789432e-01,2.118992565716087406e-01,-9.055176369563655570e-03,1.375901514619554122e-01,-5.779312263651227577e-02,0.000000000000000000e+00,0.000000000000000000e+00,8.230949231660195098e-02,3.490282849695553469e-01,-4.728726507797018641e-01,8.559706759400086407e-01,0.000000000000000000e+00,0.000000000000000000e+00,0.000000000000000000e+00,6.839561170970469284e-02,-3.947998990914605155e-01,5.099349693156275398e-01,8.088440989837432094e-01,0.000000000000000000e+00,0.000000000000000000e+00,0.000000000000000000e+00
-1.804734255171175916e-01,1.051033667083807327e-01,9.269630960437914569e-01,1.317124258208442894e-02,-4.281485836296831937e-03,4.037670444672792902e-01,9.147569956278199799e-01,-2.171699516010522010e-02,9.662706623708747222e-02,3.227920134488628801e-01,1.953419554068170638e-01,-1.472786881642961787e-01,9.409343751776315379e-02,-7.861241311608836713e-02,-2.549746628549868221e-01,-2.143401541727287807e-01,2.149360122518860772e-01,-1.180056508931613853e-02,1.364238630143501940e-01,-5.826757869037215570e-02,0.000000000000000000e+00,0.000000000000000000e+00,8.004075103643681910e-02,3.339977011774686311e-01,-4.702127124655308132e-01,8.838379387250770991e-01,0.000000000000000000e+00,0.000000000000000000e+00,0.000000000000000000e+00,6.383303757295570591e-02,-3.800791909639510413e-01,5.075788326998392774e-01,8.378523292659523225e-01,0.000000000000000000e+00,0.000000000000000000e+00,0.000000000000000000e+00
-1.804734255171175916e-01,1.051033667083807327e-01,9.269630960437914569e-01,1.317124258208442894e-02,-4.281485836296831937e-03,4.037670444672792902e-01,9.147569956278199799e-01,-2.279386213980474224e-02,9.462444057594897318e-02,3.206631278649487160e-01,1.984847771967632735e-01,-1.493124890210452971e-01,9.622634393854313795e-02,-7.954176253307165823e-02,-2.531223610299204174e-01,-2.140415633989785904e-01,2.179727679321634137e-01,-1.454595380906860067e-02,1.352575745667450036e-01,-5.874203474423202870e-02,0.000000000000000000e+00,0.000000000000000000e+00,7.777200975627167334e-02,3.189671173853820263e-01,-4.675527741513598179e-01,9.117052015101454465e-01,0.000000000000000000e+00,0.000000000000000000e+00,0.000000000000000000e+00,5.927046343620673285e-02,-3.653584828364415671e-01,5.052226960840509040e-01,8.668605595481612136e-01,0.000000000000000000e+00,0.000000000000000000e+00,0.000000000000000000e+00
-1.804734255171175916e-01,1.051033667083807327e-01,9.269630960437914569e-01,1.317124258208442894e-02,-4.281485836296831937e-03,4.037670444672792902e-01,9.147569956278199799e-01,-2.387072911950427478e-02,9.262181491481044637e-02,3.185342422810345520e-01,2.016275989867094831e-01,-1.513462898777944432e-01,9.835925035932314986e-02,-8.047111195005494932e-02,-2.512700592048540682e-01,-2.137429726252284279e-01,2.210095236124407503e-01,-1.729134252882108189e-02,1.340912861191398131e-01,-5.921649079809190863e-02,0.000000000000000000e+00,0.000000000000000000e+00,7.550326847610652758e-02,3.039365335932953105e-01,-4.648928358371887670e-01,9.395724642952140160e-01,0.000000000000000000e+00,0.000000000000000000e+00,0.000000000000000000e+00,5.470788929945774592e-02,-3.506377747089320929e-01,5.028665594682625306e-01,8.958687898303703268e-01,0.000000000000000000e+00,0.000000000000000000e+00,0.000000000000000000e+00
-1.804734255171175916e-01,1.051033667083807327e-01,9.269630960437914569e-01,1.317124258208442894e-02,-4.281485836296831937e-03,4.037670444672792902e-01,9.147569956278199799e-01,-2.494759609920379345e-02,9.061918925367193345e-02,3.164053566971203879e-01,2.047704207766556650e-01,-1.533800907345435338e-01,1.004921567801031340e-01,-8.140046136703824042e-02,-2.494177573797876635e-01,-2.134443818514782376e-01,2.240462792927180591e-01,-2.003673124857354576e-02,1.329249976715345949e-01,-5.969094685195178163e-02,0.000000000000000000e+00,0.000000000000000000e+00,7.323452719594139571e-02,2.889059498012087612e-01,-4.622328975230178272e-01,9.674397270802823634e-01,0.000000000000000000e+00,0.000000000000000000e+00,0.000000000000000000e+00,5.014531516270877287e-02,-3.359170665814226742e-01,5.005104228524741572e-01,9.248770201125793289e-01,0.000000000000000000e+00,0.000000000000000000e+00,0.000000000000000000e+00
-1.804734255171175916e-01,1.051033667083807327e-01,9.269630960437914569e-01,1.317124258208442894e-02,-4.281485836296831937e-03,4.037670444672792902e-01,9.147569956278199799e-01,-2.602446307890332600e-02,8.861656359253342052e-02,3.142764711132062239e-01,2.079132425666018746e-01,-1.554138915912926522e-01,1.026250632008831459e-01,-8.232981078402153152e-02,-2.475654555547212587e-01,-2.131457910777280751e-01,2.270830349729954234e-01,-2.278211996832602698e-02,1.317587092239293767e-01,-6.016540290581166850e-02,0.000000000000000000e+00,0.000000000000000000e+00,7.096578591577623607e-02,2.738753660091220454e-01,-4.595729592088468318e-01,9.953069898653509329e-01,0.000000000000000000e+00,0.000000000000000000e+00,0.000000000000000000e+00,4.558274102595977900e-02,-3.211963584539131444e-01,4.981542862366857838e-01,9.538852503947885531e-01,0.000000000000000000e+00,0.000000000000000000e+00,0.000000000000000000e+00
-1.804734255171175916e-01,1.051033667083807327e-01,9.269630960437914569e-01,1.317124258208442894e-02,-4.281485836296831937e-03,4.037670444672792902e-01,9.147569956278199799e-01,-2.710133005860284813e-02,8.661393793139490760e-02,3.121475855292920598e-01,2.110560643565480843e-01,-1.574476924480417706e-01,1.047579696216631440e-01,-8.325916020100482262e-02,-2.457131537296548818e-01,-2.128472003039779126e-01,2.301197906532727600e-01,-2.552750868807848739e-02,1.305924207763242140e-01,-6.063985895967154149e-02,0.000000000000000000e+00,0.000000000000000000e+00,6.869704463561110419e-02,2.588447822170354407e-01,-4.569130208946757810e-01,1.023174252650419280e+00,0.000000000000000000e+00,0.000000000000000000e+00,0.000000000000000000e+00,4.102016688921081289e-02,-3.064756503264036702e-01,4.957981496208974104e-01,9.828934806769974442e-01,0.000000000000000000e+00,0.000000000000000000e+00,0.000000000000000000e+00
-1.804734255171175916e-01,1.051033667083807327e-01,9.269630960437914569e-01,1.317124258208442894e-02,-4.281485836296831937e-03,4.037670444672792902e-01,9.147569956278199799e-01,-2.817819703830237721e-02,8.461131227025639467e-02,3.100186999453778958e-01,2.141988861464942939e-01,-1.594814933047908889e-01,1.068908760424431420e-01,-8.418850961798812760e-02,-2.438608519045884770e-01,-2.125486095302277223e-01,2.331565463335500965e-01,-2.827289740783096861e-02,1.294261323287189958e-01,-6.111431501353142143e-02,0.000000000000000000e+00,0.000000000000000000e+00,6.642830335544595843e-02,2.438141984249487249e-01,-4.542530825805047856e-01,1.051041515435487739e+00,0.000000000000000000e+00,0.000000000000000000e+00,0.000000000000000000e+00,3.645759275246181902e-02,-2.917549421988941960e-01,4.934420130051090370e-01,1.011901710959206557e+00,0.000000000000000000e+00,0.000000000000000000e+00,0.000000000000000000e+00
