-2.905629295650071766e-04,-1.821368292386662743e-02,8.916160872262215431e-01,4.727821724667639891e-02,-4.793433009055406147e-02,6.633941150845270585e-01,7.452350758277307419e-01,1.116745153175563096e-03,1.488211279310985291e-01,2.398721607138327716e-01,5.484925055460919685e-01,-2.453127083367210304e-01,9.782860989458672107e-02,-1.413269325625053363e-01,-2.576964336102229303e-01,-1.315856868712508287e-01,6.382368313036242968e-01,-1.793059241232120571e-01,5.282759849591291135e-02,-1.130662196977138406e-01,0.000000000000000000e+00,0.000000000000000000e+00,9.720511028765561889e-02,1.833613541348304010e-01,-3.249207176033940825e-01,1.081332122665661144e+00,0.000000000000000000e+00,0.000000000000000000e+00,0.000000000000000000e+00,7.208808768824324920e-02,-2.170020429733530709e-01,4.750058318809375346e-01,9.563393737887861956e-01,0.000000000000000000e+00,0.000000000000000000e+00,0.000000000000000000e+00
-9.427414059011269241e-04,-1.820401447498563516e-02,8.926918323596224614e-01,4.732512971006940655e-02,-4.802658641343201390e-02,6.635668813109715236e-01,7.450723274438730837e-01,5.969209571510723789e-03,1.483310466479517142e-01,2.434287119716640468e-01,5.387697410008273069e-01,-2.412698452939061600e-01,9.412257186423353406e-02,-1.368217654775900904e-01,-2.591748160432441050e-01,-1.350626440735769873e-01,6.296496617877213042e-01,-1.732970621684070678e-01,5.658257389036785989e-02,-1.127900650102609537e-01,0.000000000000000000e+00,0.000000000000000000e+00,9.372272745513818282e-02,1.782775775329392687e-01,-3.201826449201644609e-01,1.087325975516578946e+00,0.000000000000000000e+00,0.000000000000000000e+00,0.000000000000000000e+00,6.964612367726399911e-02,-2.150874834402810298e-01,4.741346529133897425e-01,9.636379668341065186e-01,0.000000000000000000e+00,0.000000000000000000e+00,0.000000000000000000e+00
-1.605884605387614301e-03,-1.803815798653232716e-02,8.933955722798937460e-01,4.647785926699086329e-02,-4.846447400826632557e-02,6.643032827628354564e-01,7.444408316767567868e-01,7.276671423570421973e-03,1.496331644469223732e-01,2.436401567540681934e-01,5.344722908955422680e-01,-2.392621670318627325e-01,9.140025719903163703e-02,-1.325276671970219700e-01,-2.565791934739534708e-01,-1.355353927916940482e-01,6.214365768745088170e-01,-1.723762321890948135e-01,5.800198144968798930e-02,-1.120109699024210564e-01,0.000000000000000000e+00,0.000000000000000000e+00,9.034458636919484587e-02,1.779149731600494222e-01,-3.197571241625772887e-01,1.091849920616018155e+00,0.000000000000000000e+00,0.000000000000000000e+00,0.000000000000000000e+00,6.745729874663276837e-02,-2.154148078462111426e-01,4.753265347657837925e-01,9.713768403596764189e-01,0.000000000000000000e+00,0.000000000000000000e+00,0.000000000000000000e+00
-2.243905605584874813e-03,-1.786190816033618109e-02,8.942457047803431536e-01,4.611284491559578674e-02,-4.821826019131516400e-02,6.644145188523080670e-01,7.443802469545858225e-01,1.040266443279195922e-02,1.496285521893536419e-01,2.475978533230884515e-01,5.267800416581570611e-01,-2.369632042076376677e-01,8.861507215465136422e-02,-1.302814310197191461e-01,-2.567481027302221386e-01,-1.361920099202052481e-01,6.142928625614275662e-01,-1.650321205790737378e-01,6.032269512520075511e-02,-1.127031970556443691e-01,0.000000000000000000e+00,0.000000000000000000e+00,8.947862930959103733e-02,1.740754824818251389e-01,-3.172687232936410862e-01,1.094709555784480592e+00,0.000000000000000000e+00,0.000000000000000000e+00,0.000000000000000000e+00,6.650251042713968552e-02,-2.144181765939497941e-01,4.726248059225190978e-01,9.749299055521623014e-01,0.000000000000000000e+00,0.000000000000000000e+00,0.000000000000000000e+00
-2.777458125575883469e-03,-1.758992947099981274e-02,8.945777325228666532e-01,4.551609969766456237e-02,-4.800319073199653397e-02,6.646301110297690995e-01,7.442383985393511425e-01,9.902475985462011465e-03,1.492713498172447417e-01,2.473886803649886779e-01,5.251606345686254951e-01,-2.350985751685940039e-01,9.018494914628735759e-02,-1.300732750965263029e-01,-2.560168927474170131e-01,-1.354375619842638767e-01,6.113955799482934106e-01,-1.604873221739766820e-01,6.086325725787819496e-02,-1.124919220258255997e-01,0.000000000000000000e+00,0.000000000000000000e+00,8.785988219883981987e-02,1.731989700767536111e-01,-3.156238347135049138e-01,1.099023065668195187e+00,0.000000000000000000e+00,0.000000000000000000e+00,0.000000000000000000e+00,6.564796566814702639e-02,-2.150321809825606056e-01,4.726937531416941507e-01,9.788182774734759395e-01,0.000000000000000000e+00,0.000000000000000000e+00,0.000000000000000000e+00
-3.177663109358774482e-03,-1.727602619842246237e-02,8.948777803721232882e-01,4.521232125875793151e-02,-4.807042368898564733e-02,6.650607075782294375e-01,7.438678213286973318e-01,1.084210960198989278e-02,1.497011121859413152e-01,2.485881027489093009e-01,5.230833385595692331e-01,-2.347189488430442839e-01,9.008872031428954985e-02,-1.281021054146672111e-01,-2.563947826236800953e-01,-1.375123464998357914e-01,6.081320363995540434e-01,-1.582796715640352736e-01,6.115235658126773333e-02,-1.128029600506607194e-01,0.000000000000000000e+00,0.000000000000000000e+00,8.745445594074131856e-02,1.725711038829955690e-01,-3.173879088703630558e-01,1.099863819276050592e+00,0.000000000000000000e+00,0.000000000000000000e+00,0.000000000000000000e+00,6.556410391924644143e-02,-2.152654552746487426e-01,4.737435432805979230e-01,9.817107202878651018e-01,0.000000000000000000e+00,0.000000000000000000e+00,0.000000000000000000e+00
-3.396270674215809762e-03,-1.692241894181869058e-02,8.940362613268918457e-01,4.513589547042286265e-02,-4.786196701646841523e-02,6.655490873238834038e-01,7.434489864245864554e-01,7.438393233924357056e-03,1.496128560301517585e-01,2.469863580378645063e-01,5.303044290555299911e-01,-2.403931742260004001e-01,9.120048158663825177e-02,-1.297982734955900608e-01,-2.577972508469631441e-01,-1.380149944761112080e-01,6.131638794519705948e-01,-1.653796502073049401e-01,6.021397691562070664e-02,-1.127728003082472813e-01,0.000000000000000000e+00,0.000000000000000000e+00,8.781519521124878103e-02,1.727836989993301597e-01,-3.171395081419592366e-01,1.097310274372498951e+00,0.000000000000000000e+00,0.000000000000000000e+00,0.000000000000000000e+00,6.710868989593400669e-02,-2.166436131892270911e-01,4.740006471880292560e-01,9.786870082680017013e-01,0.000000000000000000e+00,0.000000000000000000e+00,0.000000000000000000e+00
-3.444454273702283499e-03,-1.649353664658935459e-02,8.940748634795531169e-01,4.503153689971907403e-02,-4.726411244075660878e-02,6.655021643755623106e-01,7.435355630842953589e-01,6.956542444897106589e-03,1.483690898167405181e-01,2.464601851266961241e-01,5.294510693177436611e-01,-2.382654171293894507e-01,9.109166962302774062e-02,-1.318602564665798671e-01,-2.590855302637906643e-01,-1.379478087181976176e-01,6.150246952129168054e-01,-1.598673897332466842e-01,5.943455861159394754e-02,-1.126052582439768662e-01,0.000000000000000000e+00,0.000000000000000000e+00,8.951103089058817797e-02,1.717260518866567109e-01,-3.177782347707601152e-01,1.096184287183628703e+00,0.000000000000000000e+00,0.000000000000000000e+00,0.000000000000000000e+00,6.915525719676711425e-02,-2.173625397803225778e-01,4.747947115164590781e-01,9.761278519984005753e-01,0.000000000000000000e+00,0.000000000000000000e+00,0.000000000000000000e+00
-3.443726261645084323e-03,-1.611224624391417032e-02,8.934389384814509505e-01,4.494443470020190179e-02,-4.724965643297111134e-02,6.655773181600053157e-01,7.434744792576150063e-01,4.484160798528874156e-03,1.486676710093774723e-01,2.450660188222167912e-01,5.353491694367010778e-01,-2.411332205885843016e-01,9.261712955825901483e-02,-1.336406703365142223e-01,-2.592115286635154336e-01,-1.371031473217187990e-01,6.194981935493618641e-01,-1.627142689464043945e-01,5.802975055168774210e-02,-1.132125659791101691e-01,0.000000000000000000e+00,0.000000000000000000e+00,8.986623608042969280e-02,1.730466342655973544e-01,-3.194178073408804885e-01,1.095602593598106189e+00,0.000000000000000000e+00,0.000000000000000000e+00,0.000000000000000000e+00,6.955394672154666114e-02,-2.190008391942679378e-01,4.771620111582512980e-01,9.740683976490834839e-01,0.000000000000000000e+00,0.000000000000000000e+00,0.000000000000000000e+00
-3.305906921467044544e-03,-1.576737616109944243e-02,8.930436649874848865e-01,4.466304317638093019e-02,-4.670389469460352327e-02,6.661738345903458480e-01,7.429915079607414263e-01,2.051231721844804998e-03,1.488980665019543903e-01,2.443271622716939595e-01,5.383009644098364355e-01,-2.434504980503864879e-01,9.104890050846807525e-02,-1.351172713627658284e-01,-2.598594246321569434e-01,-1.376708645231097261e-01,6.222528206030355502e-01,-1.682329889635713893e-01,5.579481892698863466e-02,-1.128838547243137674e-01,0.000000000000000000e+00,0.000000000000000000e+00,9.088944745725499597e-02,1.741982632110657958e-01,-3.224119988430120820e-01,1.090533827223537200e+00,0.000000000000000000e+00,0.000000000000000000e+00,0.000000000000000000e+00,7.243298189347187332e-02,-2.207685493624475248e-01,4.799153602586191392e-01,9.677634667569314786e-01,0.000000000000000000e+00,0.000000000000000000e+00,0.000000000000000000e+00
-3.165599184559299544e-03,-1.560143166124118748e-02,8.925479102085713823e-01,4.520453841228654068e-02,-4.672966538311268403e-02,6.664701124393406229e-01,7.426913741960443627e-01,1.016675261897186100e-03,1.477945350266872959e-01,2.421499776544610294e-01,5.420169396280232199e-01,-2.446936592543539901e-01,9.270052371017103998e-02,-1.359027980805818103e-01,-2.609847443054660876e-01,-1.373039761178202478e-01,6.265267981151169119e-01,-1.706816877350073591e-01,5.336777493340058576e-02,-1.137299051954141216e-01,0.000000000000000000e+00,0.000000000000000000e+00,9.110396932289126226e-02,1.746338271794383168e-01,-3.226599990833607379e-01,1.090320423994628030e+00,0.000000000000000000e+00,0.000000000000000000e+00,0.000000000000000000e+00,7.317564703072632071e-02,-2.212400485219997159e-01,4.801238337361048991e-01,9.662185307869661788e-01,0.000000000000000000e+00,0.000000000000000000e+00,0.000000000000000000e+00
-3.087810191512554807e-03,-1.546935197429349582e-02,8.923363915815809566e-01,4.483386686424589707e-02,-4.660543578764164002e-02,6.661840441061507301e-01,7.429782480768996056e-01,-6.136071766615677076e-04,1.489431095949019512e-01,2.428828440084979945e-01,5.445620732427660649e-01,-2.440876178861568491e-01,9.290268805602480695e-02,-1.373101815539228832e-01,-2.597881442508037653e-01,-1.356799277753019672e-01,6.277945259496165997e-01,-1.732596793068679475e-01,5.282269798975806896e-02,-1.132879523045953740e-01,0.000000000000000000e+00,0.000000000000000000e+00,9.064093712966193872e-02,1.742118801356087043e-01,-3.188659439988561495e-01,1.091698564461632159e+00,0.000000000000000000e+00,0.000000000000000000e+00,0.000000000000000000e+00,7.250369199523161445e-02,-2.205217382844719964e-01,4.779910532947805324e-01,9.671585265002060616e-01,0.000000000000000000e+00,0.000000000000000000e+00,0.000000000000000000e+00
-3.009342154134547493e-03,-1.555046858628430020e-02,8.926952080851581206e-01,4.495171416849384760e-02,-4.662237656515303558e-02,6.666654251436854306e-01,7.425381527670628090e-01,1.035984864767157398e-03,1.490041093274639683e-01,2.436599242189037562e-01,5.411441450833662792e-01,-2.433734561296933552e-01,9.111417745400164636e-02,-1.351093065387258818e-01,-2.593794313783491234e-01,-1.357188438752925941e-01,6.241361495381931856e-01,-1.718619195708701863e-01,5.507017225533569066e-02,-1.141874983005865263e-01,0.000000000000000000e+00,0.000000000000000000e+00,8.894136616233538906e-02,1.741039621771640067e-01,-3.173131284612757952e-01,1.095054069217275217e+00,0.000000000000000000e+00,0.000000000000000000e+00,0.000000000000000000e+00,7.115497532834708094e-02,-2.189318327970411204e-01,4.743878849955501797e-01,9.703373087349921322e-01,0.000000000000000000e+00,0.000000000000000000e+00,0.000000000000000000e+00
-2.959541203839601443e-03,-1.577940806485072373e-02,8.926402144840330788e-01,4.516128601676302340e-02,-4.692131869646794240e-02,6.666579946769787268e-01,7.425132768041038389e-01,1.432294313501085090e-03,1.495446819134400307e-01,2.443065960854155505e-01,5.418001065140741757e-01,-2.444432156647974586e-01,9.141756471871953504e-02,-1.345924542572364269e-01,-2.592095233546219957e-01,-1.358870530204084603e-01,6.243371674672342220e-01,-1.728569562005810578e-01,5.421044388670527570e-02,-1.140659842818412678e-01,0.000000000000000000e+00,0.000000000000000000e+00,8.676717425689629837e-02,1.724935673822771687e-01,-3.101229434068541457e-01,1.100141401128410967e+00,0.000000000000000000e+00,0.000000000000000000e+00,0.000000000000000000e+00,6.869848014698712313e-02,-2.170828807975251351e-01,4.700680322787467724e-01,9.755669991249871220e-01,0.000000000000000000e+00,0.000000000000000000e+00,0.000000000000000000e+00
-2.893195676461610133e-03,-1.613568142061135718e-02,8.932614333241468696e-01,4.521156182968585208e-02,-4.739298195995717694e-02,6.665458438885378811e-01,7.425809436908427097e-01,4.354199874143907002e-03,1.502103345981112836e-01,2.454544660068722906e-01,5.366052094965886310e-01,-2.416984400597157190e-01,8.914414374513225658e-02,-1.314955964932864596e-01,-2.572138870040071024e-01,-1.351329297621803871e-01,6.185216953505054960e-01,-1.710591290827202238e-01,5.612796478247135401e-02,-1.133851425284126135e-01,0.000000000000000000e+00,0.000000000000000000e+00,8.323897317994451150e-02,1.707455926074804564e-01,-3.044236215069739404e-01,1.108256176947638894e+00,0.000000000000000000e+00,0.000000000000000000e+00,0.000000000000000000e+00,6.549703221017193211e-02,-2.136439418527354972e-01,4.658440653440502066e-01,9.854346327623096924e-01,0.000000000000000000e+00,0.000000000000000000e+00,0.000000000000000000e+00
-2.755047375192979167e-03,-1.663721582178384270e-02,8.928147895483964369e-01,4.580206599380423627e-02,-4.729140335345897311e-02,6.666180664508734033e-01,7.424863954314988579e-01,2.149245003551316507e-03,1.488954306485813228e-01,2.433623278934621270e-01,5.404506160976036977e-01,-2.407534472450770791e-01,9.170491117224779942e-02,-1.340414817107165868e-01,-2.587680464590847995e-01,-1.347378115522795405e-01,6.237408632816983101e-01,-1.710489921499326049e-01,5.445670773011981880e-02,-1.132415963446719159e-01,0.000000000000000000e+00,0.000000000000000000e+00,8.228492620837313254e-02,1.715511475428578569e-01,-3.009676433927461203e-01,1.108514912244645823e+00,0.000000000000000000e+00,0.000000000000000000e+00,0.000000000000000000e+00,6.534083710584864813e-02,-2.145030185266734446e-01,4.662743242967520296e-01,9.824811958904121623e-01,0.000000000000000000e+00,0.000000000000000000e+00,0.000000000000000000e+00
-2.710239877936539143e-03,-1.716280420749281485e-02,8.935377047210084633e-01,4.565059925588067780e-02,-4.767554105852896823e-02,6.668572521387841068e-01,7.422563376908729582e-01,4.827001096664701452e-03,1.508876981550937579e-01,2.467604650117687370e-01,5.348210753769041537e-01,-2.385184436483006876e-01,8.815661332200051825e-02,-1.309674740337662679e-01,-2.575780806827760450e-01,-1.361272591116615693e-01,6.172908507500178832e-01,-1.665885141934831670e-01,5.890640672776448206e-02,-1.125906326064465418e-01,0.000000000000000000e+00,0.000000000000000000e+00,8.144371066509707713e-02,1.680713514735029945e-01,-2.932851039401079274e-01,1.110898985837422970e+00,0.000000000000000000e+00,0.000000000000000000e+00,0.000000000000000000e+00,6.498714698946890522e-02,-2.109367095402745473e-01,4.618731459015373297e-01,9.869091825577964716e-01,0.000000000000000000e+00,0.000000000000000000e+00,0.000000000000000000e+00
-2.558392197948803227e-03,-1.783995178843931356e-02,8.927855433757320158e-01,4.656299551530585640e-02,-4.782436755141015322e-02,6.673213309308700936e-01,7.417728483852739085e-01,2.008071175053648821e-03,1.504392417612471500e-01,2.454349442626962696e-01,5.415091571747843169e-01,-2.387860850212452091e-01,8.990648765426134670e-02,-1.337284848033447049e-01,-2.601718677846738825e-01,-1.370170716536610878e-01,6.247956501989777589e-01,-1.655493836625699100e-01,5.549314791140545766e-02,-1.122910929525008233e-01,0.000000000000000000e+00,0.000000000000000000e+00,8.119552563816603841e-02,1.692030489998632703e-01,-2.943733761164753493e-01,1.108064431998731170e+00,0.000000000000000000e+00,0.000000000000000000e+00,0.000000000000000000e+00,6.670654791062896605e-02,-2.124542929770658894e-01,4.651553015788241208e-01,9.810211685543395177e-01,0.000000000000000000e+00,0.000000000000000000e+00,0.000000000000000000e+00
-2.404297409268118212e-03,-1.853610168369062769e-02,8.920245263192287943e-01,4.761007800006122198e-02,-4.813253097263295310e-02,6.677817167961468403e-01,7.412719599767606526e-01,-4.089033441368175245e-04,1.479886637553066431e-01,2.400440433170302201e-01,5.475914706899291939e-01,-2.415896757910140635e-01,9.273677254322333641e-02,-1.363542458674752988e-01,-2.616765868356397129e-01,-1.357494554458075209e-01,6.330214575502406404e-01,-1.666205431451327490e-01,5.237827730040949675e-02,-1.122671379609195275e-01,0.000000000000000000e+00,0.000000000000000000e+00,8.225481119679128872e-02,1.715889904348452677e-01,-2.947678891305669513e-01,1.101760889860296411e+00,0.000000000000000000e+00,0.000000000000000000e+00,0.000000000000000000e+00,6.849640449846236545e-02,-2.160441605213132832e-01,4.675120438530095401e-01,9.736160166685489115e-01,0.000000000000000000e+00,0.000000000000000000e+00,0.000000000000000000e+00
-2.428532734547421326e-03,-1.904432453757165522e-02,8.930835942524119053e-01,4.730162146812268154e-02,-4.847447630625714016e-02,6.676611802984314670e-01,7.413779940595934814e-01,4.020707313142847690e-03,1.498892272449589003e-01,2.445950967534733511e-01,5.386381560167773364e-01,-2.408510213729896654e-01,8.801023662967134842e-02,-1.325641193647270899e-01,-2.599498569482969756e-01,-1.368815804106940925e-01,6.239139426230647656e-01,-1.612450221317680843e-01,5.810226198230603045e-02,-1.117646461299640764e-01,0.000000000000000000e+00,0.000000000000000000e+00,8.215687970790395978e-02,1.696690722560942888e-01,-2.898304465968456478e-01,1.102255039981201890e+00,0.000000000000000000e+00,0.000000000000000000e+00,0.000000000000000000e+00,6.936060134092725260e-02,-2.135253344693464617e-01,4.629586880899667634e-01,9.748628693195251493e-01,0.000000000000000000e+00,0.000000000000000000e+00,0.000000000000000000e+00
-2.397287999672413107e-03,-1.960630420850932587e-02,8.922614783084138468e-01,4.794746753789011495e-02,-4.850983789505828453e-02,6.674712880335074150e-01,7.415051689873708440e-01,7.082399173450361352e-04,1.483148803763751356e-01,2.412877267358535804e-01,5.455508873143151138e-01,-2.426139240294316324e-01,9.120944163770455804e-02,-1.364942746652168526e-01,-2.611081323647915786e-01,-1.348448171740282142e-01,6.319441727592888247e-01,-1.636391802801960282e-01,5.489936970344601319e-02,-1.119791560146128351e-01,0.000000000000000000e+00,0.000000000000000000e+00,8.282156892349992749e-02,1.715202929250131403e-01,-2.932892022598215243e-01,1.099114913829269291e+00,0.000000000000000000e+00,0.000000000000000000e+00,0.000000000000000000e+00,7.024713488735952194e-02,-2.163276424391630259e-01,4.677316869459379189e-01,9.685738042299865125e-01,0.000000000000000000e+00,0.000000000000000000e+00,0.000000000000000000e+00
-2.503974146505291362e-03,-2.011541520354358584e-02,8.924977838632577321e-01,4.820116720904950997e-02,-4.886287166889947964e-02,6.678085619743080459e-01,7.411617851763281362e-01,1.977809731762942419e-03,1.490752551911888324e-01,2.431106317630387093e-01,5.438412585847380853e-01,-2.425754868890134253e-01,9.007758546001314037e-02,-1.349384001768348107e-01,-2.613599108474155552e-01,-1.358489220267522501e-01,6.294883543820344318e-01,-1.592984638700379041e-01,5.701547810138044708e-02,-1.119493080576081656e-01,0.000000000000000000e+00,0.000000000000000000e+00,8.128747690381775415e-02,1.697122988846993530e-01,-2.924791291168116203e-01,1.100756585453036562e+00,0.000000000000000000e+00,0.000000000000000000e+00,0.000000000000000000e+00,6.933954732195544979e-02,-2.159000485776188527e-01,4.669089123123880136e-01,9.705077840773118636e-01,0.000000000000000000e+00,0.000000000000000000e+00,0.000000000000000000e+00
-2.583053388753132201e-03,-2.052196824370165415e-02,8.922678462389824761e-01,4.856524781706120925e-02,-4.858309079665820013e-02,6.676687736536998097e-01,7.412823407318402946e-01,8.204443978496586340e-04,1.474636797544983668e-01,2.420935912563383641e-01,5.452357494386153025e-01,-2.435091868160213502e-01,9.166903366344474058e-02,-1.374847478012470869e-01,-2.624393367173615821e-01,-1.346711515921805158e-01,6.332107941760189984e-01,-1.595114721122976587e-01,5.435708077390882798e-02,-1.129048492287835492e-01,0.000000000000000000e+00,0.000000000000000000e+00,8.071819372361171974e-02,1.711228686026290968e-01,-2.949110354125017430e-01,1.100928823173593196e+00,0.000000000000000000e+00,0.000000000000000000e+00,0.000000000000000000e+00,6.801752204596436813e-02,-2.177463449858735300e-01,4.689495477670633239e-01,9.684495701644714183e-01,0.000000000000000000e+00,0.000000000000000000e+00,0.000000000000000000e+00
-2.823314900708221928e-03,-2.085825088029576863e-02,8.930585664870491769e-01,4.815062824986610784e-02,-4.890073753969659265e-02,6.674243131812519492e-01,7.415086115762593577e-01,3.931947266145485731e-03,1.496278342993656585e-01,2.466385355297092685e-01,5.387882311742410169e-01,-2.410209205569689705e-01,8.673187252257610891e-02,-1.341347301546916282e-01,-2.615205288008148887e-01,-1.370302003200843943e-01,6.256131728663493208e-01,-1.587894128715942599e-01,5.731811574954261829e-02,-1.113840951807320706e-01,0.000000000000000000e+00,0.000000000000000000e+00,7.841008974444406421e-02,1.685695369663974263e-01,-2.888026747046215648e-01,1.104619877498745018e+00,0.000000000000000000e+00,0.000000000000000000e+00,0.000000000000000000e+00,6.725694441139233593e-02,-2.156933123791330287e-01,4.642480651321213014e-01,9.719047190407293924e-01,0.000000000000000000e+00,0.000000000000000000e+00,0.000000000000000000e+00
-3.038517572872703396e-03,-2.121092052220127991e-02,8.929339779297433832e-01,4.860947158324742390e-02,-4.913876200280985901e-02,6.680952478245534287e-01,7.408584488115647071e-01,3.697787376566646911e-03,1.478834561669817860e-01,2.435359447938763300e-01,5.395744883919109114e-01,-2.434041912520296114e-01,8.788185785770727398e-02,-1.334892246935442117e-01,-2.622503152581066033e-01,-1.370332051063010148e-01,6.265208932897953220e-01,-1.585010364714075637e-01,5.731394009547560731e-02,-1.122456024112060829e-01,0.000000000000000000e+00,0.000000000000000000e+00,7.756413449807209037e-02,1.686116457111661027e-01,-2.899715790639537105e-01,1.103837119419722512e+00,0.000000000000000000e+00,0.000000000000000000e+00,0.000000000000000000e+00,6.735586859098913193e-02,-2.174799692958649666e-01,4.642073068334031105e-01,9.693501692929213931e-01,0.000000000000000000e+00,0.000000000000000000e+00,0.000000000000000000e+00
-3.324137568001434961e-03,-2.146653258491311791e-02,8.933164597380017780e-01,4.801547015576009686e-02,-4.917789766598139323e-02,6.677942750031268249e-01,7.411658756850075802e-01,4.110546213486586560e-03,1.500576402368182516e-01,2.478339833193426156e-01,5.375571553402238578e-01,-2.425239958344356794e-01,8.752325875716106263e-02,-1.326410663405777068e-01,-2.611923325450809519e-01,-1.378451039987622084e-01,6.222994807908001080e-01,-1.589789577456065806e-01,5.757114479696504028e-02,-1.118739053058447480e-01,0.000000000000000000e+00,0.000000000000000000e+00,7.427884178690556671e-02,1.673706908168836605e-01,-2.851167819571863160e-01,1.110667994461343344e+00,0.000000000000000000e+00,0.000000000000000000e+00,0.000000000000000000e+00,6.319828449578036855e-02,-2.148402227368161888e-01,4.603346685024605200e-01,9.783863434201898190e-01,0.000000000000000000e+00,0.000000000000000000e+00,0.000000000000000000e+00
-3.566402115540908638e-03,-2.180535817378955604e-02,8.931323209180996869e-01,4.788654414048695851e-02,-4.932070981485240507e-02,6.683923363803474516e-01,7.406254324161851699e-01,2.515948915036754323e-03,1.503806830440268527e-01,2.471383265009350905e-01,5.400648952007479631e-01,-2.463192267235595478e-01,8.888183399909847793e-02,-1.324543579537277027e-01,-2.610389095630271661e-01,-1.381803625346957054e-01,6.223137309798613126e-01,-1.608531116173820830e-01,5.801249748693532854e-02,-1.119696988748862948e-01,0.000000000000000000e+00,0.000000000000000000e+00,7.210588664922651381e-02,1.670648362196326120e-01,-2.858660419242426420e-01,1.111891668649814591e+00,0.000000000000000000e+00,0.000000000000000000e+00,0.000000000000000000e+00,6.220797807332099222e-02,-2.151800537856386475e-01,4.604598429198813458e-01,9.797911553695516362e-01,0.000000000000000000e+00,0.000000000000000000e+00,0.000000000000000000e+00
-3.696856834395124275e-03,-2.218370681294484781e-02,8.930894957213254548e-01,4.819979270563074653e-02,-4.932732859099275141e-02,6.684044245262970030e-01,7.405937617283041563e-01,2.224514795788499685e-03,1.495304666991313369e-01,2.469451824477542357e-01,5.405278297205929894e-01,-2.467252861789342722e-01,9.091561435888316500e-02,-1.327416931743471418e-01,-2.618467850361143046e-01,-1.382842107451405789e-01,6.228467470956433605e-01,-1.615457650811728540e-01,5.681131060465406668e-02,-1.114611446342857748e-01,0.000000000000000000e+00,0.000000000000000000e+00,7.095168653104053091e-02,1.660280367052581196e-01,-2.847834834247780500e-01,1.112712759293819742e+00,0.000000000000000000e+00,0.000000000000000000e+00,0.000000000000000000e+00,6.119498553408919683e-02,-2.148623753757002153e-01,4.603793456220533487e-01,9.812061713477621128e-01,0.000000000000000000e+00,0.000000000000000000e+00,0.000000000000000000e+00
-3.729522230225145677e-03,-2.259802927614445317e-02,8.936738198257755394e-01,4.832439018433892092e-02,-4.938634789243455392e-02,6.681487567317710985e-01,7.408123789684862848e-01,4.810822789870316911e-03,1.493549676634391143e-01,2.483622836805027823e-01,5.346615928967325404e-01,-2.430249866746333198e-01,8.656347773491740449e-02,-1.310536496633883108e-01,-2.613910369896608743e-01,-1.381947078675037632e-01,6.181430442248077028e-01,-1.588242025048972328e-01,5.841812093862133043e-02,-1.115743694043846435e-01,0.000000000000000000e+00,0.000000000000000000e+00,6.863987679825547805e-02,1.644655544192591412e-01,-2.805037318091798682e-01,1.117976349628879706e+00,0.000000000000000000e+00,0.000000000000000000e+00,0.000000000000000000e+00,5.946165914259570612e-02,-2.128662280221445546e-01,4.540805708549437436e-01,9.840699132759960222e-01,0.000000000000000000e+00,0.000000000000000000e+00,0.000000000000000000e+00
-3.735125984160142000e-03,-2.312885394088639787e-02,8.940110067459130505e-01,4.881738102113722388e-02,-4.972297112487051446e-02,6.684358144840201188e-01,7.404985154393204372e-01,6.734594452455472391e-03,1.495312851294609557e-01,2.499858458783012494e-01,5.318167442289775115e-01,-2.410167410691281265e-01,8.584358715775124160e-02,-1.295988556216145227e-01,-2.626358526009646144e-01,-1.404497407739763171e-01,6.164594853449086864e-01,-1.522631626910145308e-01,5.968392761508746480e-02,-1.120852865910638846e-01,0.000000000000000000e+00,0.000000000000000000e+00,6.836815863021208917e-02,1.629143696756442106e-01,-2.780127803395421870e-01,1.119062753388785580e+00,0.000000000000000000e+00,0.000000000000000000e+00,0.000000000000000000e+00,5.977739614849834210e-02,-2.125766886494827035e-01,4.538291929417370696e-01,9.838413401892519561e-01,0.000000000000000000e+00,0.000000000000000000e+00,0.000000000000000000e+00
-3.621361987291380619e-03,-2.364004853090530267e-02,8.940619631179744786e-01,4.947442171697249980e-02,-4.994851984330379857e-02,6.691086392764248325e-01,7.398317753428043098e-01,7.158100627754357750e-03,1.479070545612355125e-01,2.469586946357105184e-01,5.308685220867860322e-01,-2.396457937364823987e-01,8.538323425463520411e-02,-1.288661463084741776e-01,-2.630650662188767086e-01,-1.401168010004343045e-01,6.168085990150469211e-01,-1.488537157406451539e-01,5.913222231075149909e-02,-1.127023908452450818e-01,0.000000000000000000e+00,0.000000000000000000e+00,6.742237598442971103e-02,1.628782018039849344e-01,-2.795121661223468612e-01,1.118855588727375006e+00,0.000000000000000000e+00,0.000000000000000000e+00,0.000000000000000000e+00,6.003531570981573279e-02,-2.135315950964073450e-01,4.563863800975723195e-01,9.823536976577366131e-01,0.000000000000000000e+00,0.000000000000000000e+00,0.000000000000000000e+00
-3.600476257308441504e-03,-2.399032569495034711e-02,8.944822914072048103e-01,4.880881774022995112e-02,-5.005722401928278803e-02,6.689890726308919122e-01,7.399767525637167553e-01,7.393736869697284386e-03,1.493680543701061958e-01,2.481533264159192509e-01,5.283840609717250780e-01,-2.402515025066328525e-01,8.564550836474191242e-02,-1.278313203635216555e-01,-2.611734007867151375e-01,-1.407829976482168344e-01,6.124656953293986517e-01,-1.491360720205058832e-01,6.049809355825397361e-02,-1.121846722888259623e-01,0.000000000000000000e+00,0.000000000000000000e+00,6.600760796186636026e-02,1.620440324289222078e-01,-2.770551210204570958e-01,1.119707619850689673e+00,0.000000000000000000e+00,0.000000000000000000e+00,0.000000000000000000e+00,5.928609256930057747e-02,-2.109760764733864813e-01,4.539212570870508334e-01,9.848971994512568662e-01,0.000000000000000000e+00,0.000000000000000000e+00,0.000000000000000000e+00
-3.497520832054079338e-03,-2.443485271089848934e-02,8.946856693641693781e-01,4.924138190308377516e-02,-5.016196603791920477e-02,6.690286352715628659e-01,7.399052295112907851e-01,8.585042285306987431e-03,1.488749369409461121e-01,2.481895695108100597e-01,5.259281172375347424e-01,-2.371632939997946055e-01,8.334745106172138096e-02,-1.273370251357080762e-01,-2.617750533913457689e-01,-1.412662101129942005e-01,6.117082703651227638e-01,-1.459424822743685124e-01,6.059453027430422578e-02,-1.129592658254357784e-01,0.000000000000000000e+00,0.000000000000000000e+00,6.548029531988855401e-02,1.626448804713410967e-01,-2.781506798339722919e-01,1.120685467592514861e+00,0.000000000000000000e+00,0.000000000000000000e+00,0.000000000000000000e+00,5.809950617896994518e-02,-2.109835260035539117e-01,4.536693135030730462e-01,9.847348393077269835e-01,0.000000000000000000e+00,0.000000000000000000e+00,0.000000000000000000e+00
-3.490867584918170251e-03,-2.482394669581798261e-02,8.945627098467563432e-01,4.967428369754938594e-02,-5.038468906128489022e-02,6.687209032670990982e-01,7.401393126844216797e-01,8.505317465068490748e-03,1.485340322187990725e-01,2.482971448816868598e-01,5.273077655398284991e-01,-2.369886252873810439e-01,8.534209800379750910e-02,-1.278259464803896683e-01,-2.624144864559869728e-01,-1.412433525974522985e-01,6.130733808600797863e-01,-1.455225038152862527e-01,5.937377904345876589e-02,-1.131722543872970971e-01,0.000000000000000000e+00,0.000000000000000000e+00,6.505662789385063816e-02,1.621013317964695721e-01,-2.773138565329084648e-01,1.121271021481939245e+00,0.000000000000000000e+00,0.000000000000000000e+00,0.000000000000000000e+00,5.736262155428707710e-02,-2.101956315389408858e-01,4.523798116261019131e-01,9.852391630948882373e-01,0.000000000000000000e+00,0.000000000000000000e+00,0.000000000000000000e+00
-3.539929937339754244e-03,-2.505452028286013835e-02,8.948798348342448250e-01,4.931673577902018213e-02,-5.077823964529745021e-02,6.692227798824931240e-01,7.396825676173360842e-01,9.648370180278692879e-03,1.508371546579270195e-01,2.505654415206978181e-01,5.250804448439861938e-01,-2.376733607797063552e-01,8.172699246467368672e-02,-1.241861921625563164e-01,-2.615660579551161158e-01,-1.444637950652703506e-01,6.078830696572675718e-01,-1.515151749525328884e-01,6.002990673773030139e-02,-1.129829711722769442e-01,0.000000000000000000e+00,0.000000000000000000e+00,6.318750381599043398e-02,1.608241458024511072e-01,-2.751016438827573740e-01,1.123441079339297044e+00,0.000000000000000000e+00,0.000000000000000000e+00,0.000000000000000000e+00,5.660329226941569758e-02,-2.074335866113194426e-01,4.501920439416783326e-01,9.890417671931865939e-01,0.000000000000000000e+00,0.000000000000000000e+00,0.000000000000000000e+00
-3.661731419044671892e-03,-2.519209899199284508e-02,8.952611321070873540e-01,4.890406064423583749e-02,-5.088094188904469101e-02,6.695712093868272374e-01,7.393875290842074621e-01,1.024090198277795988e-02,1.517858584583289816e-01,2.515463603856955555e-01,5.225898589712083542e-01,-2.376333172848946740e-01,8.081746372512518817e-02,-1.227718912864717571e-01,-2.609398624149483759e-01,-1.461448008105993013e-01,6.043540722588810477e-01,-1.489374878209136777e-01,6.057812171654701483e-02,-1.130081641573316975e-01,0.000000000000000000e+00,0.000000000000000000e+00,6.210055450317398390e-02,1.602284841007271532e-01,-2.741002449294625554e-01,1.125355982825523959e+00,0.000000000000000000e+00,0.000000000000000000e+00,0.000000000000000000e+00,5.497236013931258714e-02,-2.069664391481761401e-01,4.486726740594036422e-01,9.933329463651038305e-01,0.000000000000000000e+00,0.000000000000000000e+00,0.000000000000000000e+00
-3.744840744969260039e-03,-2.525743100328036936e-02,8.954897063913047628e-01,4.914434441901083250e-02,-5.066189571875224368e-02,6.693768582661258071e-01,7.395625919092841949e-01,1.153472443064756589e-02,1.504324563079985078e-01,2.516464389912735355e-01,5.196141744112782179e-01,-2.361382938890452532e-01,7.963292881109078347e-02,-1.224965558444452984e-01,-2.615658506710060172e-01,-1.458588974836932950e-01,6.032121823043141706e-01,-1.492717030856351712e-01,6.005174097650761017e-02,-1.140161762719165972e-01,0.000000000000000000e+00,0.000000000000000000e+00,6.340028675104140976e-02,1.599169667460069444e-01,-2.734880625119395781e-01,1.123805491331031581e+00,0.000000000000000000e+00,0.000000000000000000e+00,0.000000000000000000e+00,5.557605520032735114e-02,-2.067356909848713231e-01,4.459051809882277895e-01,9.903441304714718507e-01,0.000000000000000000e+00,0.000000000000000000e+00,0.000000000000000000e+00
-3.927865520152915534e-03,-2.534412126985489608e-02,8.954811630266585887e-01,4.933686302985187955e-02,-5.104199143860558424e-02,6.693415629580650172e-01,7.395555835454215021e-01,1.245852177077536732e-02,1.504930658663255760e-01,2.520679764215920660e-01,5.198132124912824281e-01,-2.384571728472983376e-01,8.104179067553962668e-02,-1.209917968722814263e-01,-2.618120187714388925e-01,-1.469289477193617688e-01,6.022710461383306013e-01,-1.517352813150646684e-01,5.900199653187047921e-02,-1.148238448365400260e-01,0.000000000000000000e+00,0.000000000000000000e+00,6.332963668497901266e-02,1.607529696484552018e-01,-2.750452991187029572e-01,1.124393354936975564e+00,0.000000000000000000e+00,0.000000000000000000e+00,0.000000000000000000e+00,5.398611586116161543e-02,-2.074932392453371355e-01,4.450297018642408453e-01,9.919711860902080680e-01,0.000000000000000000e+00,0.000000000000000000e+00,0.000000000000000000e+00
-4.092653020829152555e-03,-2.537072610583898657e-02,8.955503351358290454e-01,4.926173197629862832e-02,-5.099197035637795250e-02,6.697185942578720574e-01,7.392226357648475910e-01,1.226115958202186364e-02,1.500831068498854615e-01,2.512474994777711412e-01,5.192786596873735228e-01,-2.388695553847883513e-01,8.031084754193251740e-02,-1.203642393654760223e-01,-2.618723560499137681e-01,-1.473007158532705918e-01,6.011216499789711065e-01,-1.523258943142177524e-01,5.842242378692132782e-02,-1.152671604365407693e-01,0.000000000000000000e+00,0.000000000000000000e+00,6.428712157817646766e-02,1.606289581103228503e-01,-2.755612377981941363e-01,1.121337447144991062e+00,0.000000000000000000e+00,0.000000000000000000e+00,0.000000000000000000e+00,5.460125281397332220e-02,-2.085017319404917913e-01,4.450853954431163162e-01,9.898146223266711674e-01,0.000000000000000000e+00,0.000000000000000000e+00,0.000000000000000000e+00
-4.298200243568386231e-03,-2.537911867656251000e-02,8.956794588124274981e-01,4.897841009330204665e-02,-5.122821424077948077e-02,6.693706251019674314e-01,7.395402299138525981e-01,1.264283644644226962e-02,1.513760225941634396e-01,2.530563498772810949e-01,5.189716121412757399e-01,-2.375181762489727844e-01,7.908123599958115368e-02,-1.191894479991718325e-01,-2.609249862326949443e-01,-1.474482288664606400e-01,5.986327739572856466e-01,-1.548430753206835320e-01,5.902968036016409403e-02,-1.149617763355831462e-01,0.000000000000000000e+00,0.000000000000000000e+00,6.449477138828056677e-02,1.608339018649684315e-01,-2.763331859573358029e-01,1.121387394589516528e+00,0.000000000000000000e+00,0.000000000000000000e+00,0.000000000000000000e+00,5.411415078671200779e-02,-2.084617899908801364e-01,4.463128076741894601e-01,9.905005169754605987e-01,0.000000000000000000e+00,0.000000000000000000e+00,0.000000000000000000e+00
-4.439019872399732961e-03,-2.547563928499081351e-02,8.956407417932160664e-01,4.888243072873803274e-02,-5.096320049075087760e-02,6.699195197456330186e-01,7.390677216774993452e-01,1.222756614612063863e-02,1.514270538565420376e-01,2.538985207431218583e-01,5.188322115569921067e-01,-2.407244511974465373e-01,7.760674615331658588e-02,-1.193765915881056794e-01,-2.615140390866628195e-01,-1.480339567484092733e-01,5.987968764179127934e-01,-1.567056865070645122e-01,5.887757324304539880e-02,-1.154694240129433697e-01,0.000000000000000000e+00,0.000000000000000000e+00,6.629273583320050012e-02,1.606918017853411484e-01,-2.748939279484155507e-01,1.116253015701533791e+00,0.000000000000000000e+00,0.000000000000000000e+00,0.000000000000000000e+00,5.597751666571188639e-02,-2.095981043865524640e-01,4.451262037182686648e-01,9.853853614474598066e-01,0.000000000000000000e+00,0.000000000000000000e+00,0.000000000000000000e+00
-4.559826573246666612e-03,-2.572563343899703786e-02,8.952854329412641698e-01,4.981652834419602466e-02,-5.138022092857682382e-02,6.701565824108874914e-01,7.387614915873874644e-01,1.260630168234609313e-02,1.507109582221745347e-01,2.535647678441427799e-01,5.213413677260658741e-01,-2.407587232577615977e-01,7.736285568410650182e-02,-1.193378820781310495e-01,-2.639339603047801686e-01,-1.493627537497943247e-01,6.027211245179666665e-01,-1.559309929985966958e-01,5.828493718715613281e-02,-1.162619589625680100e-01,0.000000000000000000e+00,0.000000000000000000e+00,6.926441802711762186e-02,1.626974321176901384e-01,-2.812386768911755985e-01,1.108497015095067928e+00,0.000000000000000000e+00,0.000000000000000000e+00,0.000000000000000000e+00,5.826060475219057427e-02,-2.128210122803190774e-01,4.488954036552169624e-01,9.774183868915847784e-01,0.000000000000000000e+00,0.000000000000000000e+00,0.000000000000000000e+00
-4.723603093765397186e-03,-2.600181142986300251e-02,8.954345478838416916e-01,5.031937224049171792e-02,-5.212803642475584420e-02,6.706257037651528474e-01,7.382491409038790531e-01,1.402464555203672414e-02,1.507087951045243401e-01,2.527462871491457097e-01,5.207837330153030075e-01,-2.387987850553235092e-01,7.767878738091685276e-02,-1.168227443031561869e-01,-2.639472571652976551e-01,-1.504947189336098279e-01,6.017043795374075188e-01,-1.539516135518798068e-01,5.681562333547060528e-02,-1.155488403678094217e-01,0.000000000000000000e+00,0.000000000000000000e+00,7.179688035617884379e-02,1.634932958812486958e-01,-2.823740722475154841e-01,1.102676369129493628e+00,0.000000000000000000e+00,0.000000000000000000e+00,0.000000000000000000e+00,5.991039440166952279e-02,-2.149719715474804338e-01,4.523177012968785382e-01,9.748218520582152546e-01,0.000000000000000000e+00,0.000000000000000000e+00,0.000000000000000000e+00
-4.832233547771318770e-03,-2.632921892411395001e-02,8.953333983189029066e-01,5.138833525244936029e-02,-5.310300562953198383e-02,6.708087927908876757e-01,7.379396135914670918e-01,1.689444842057376966e-02,1.508290497893610416e-01,2.535857951632476404e-01,5.208668138229929356e-01,-2.397766322107741099e-01,7.568656974573906293e-02,-1.139266938743118962e-01,-2.649864369620105742e-01,-1.517932574585961480e-01,6.024987575557763098e-01,-1.563677161796246662e-01,5.596561737588733043e-02,-1.164721585668005016e-01,0.000000000000000000e+00,0.000000000000000000e+00,7.686006713654061628e-02,1.662092357675867549e-01,-2.885845204652894846e-01,1.091290307482618571e+00,0.000000000000000000e+00,0.000000000000000000e+00,0.000000000000000000e+00,6.254680060115497264e-02,-2.184935547851541704e-01,4.583286237615917247e-01,9.659256666780945411e-01,0.000000000000000000e+00,0.000000000000000000e+00,0.000000000000000000e+00
-4.960121909602449412e-03,-2.651994893739121131e-02,8.955936876262287072e-01,5.158125042371479452e-02,-5.370526787825750242e-02,6.709267532238455400e-01,7.377753117415625228e-01,1.901258524644460976e-02,1.518591296537842028e-01,2.551869573135981950e-01,5.188566775153687916e-01,-2.391614307495495417e-01,7.380143872121637527e-02,-1.111525727001757002e-01,-2.640150999203337290e-01,-1.520174812077525472e-01,5.994231147506110524e-01,-1.572598233802709466e-01,5.616496452224242764e-02,-1.154628556078766410e-01,0.000000000000000000e+00,0.000000000000000000e+00,7.986050572474570619e-02,1.691921711132286510e-01,-2.922908530883175371e-01,1.083187090084328341e+00,0.000000000000000000e+00,0.000000000000000000e+00,0.000000000000000000e+00,6.506937457779059242e-02,-2.216999805337660223e-01,4.609808021874385875e-01,9.590693933548549710e-01,0.000000000000000000e+00,0.000000000000000000e+00,0.000000000000000000e+00
-5.048535118174566315e-03,-2.665350055877546351e-02,8.964417428374986674e-01,5.195161100681798538e-02,-5.443547094525126584e-02,6.707613921571032867e-01,7.378461658152258851e-01,2.492753271157431907e-02,1.530634537268332762e-01,2.596968171311515583e-01,5.107793802061162403e-01,-2.359955104665197034e-01,6.936174714050374890e-02,-1.052136524216033403e-01,-2.632669452030068635e-01,-1.537583424990225378e-01,5.908225412304708435e-01,-1.559682727589157547e-01,6.020473058419378160e-02,-1.138144380916609050e-01,0.000000000000000000e+00,0.000000000000000000e+00,8.248138583817592184e-02,1.704641344751998411e-01,-2.943699416746735631e-01,1.077023209709463636e+00,0.000000000000000000e+00,0.000000000000000000e+00,0.000000000000000000e+00,6.718152184715242559e-02,-2.231629678484363388e-01,4.623976118590447659e-01,9.551421331965268546e-01,0.000000000000000000e+00,0.000000000000000000e+00,0.000000000000000000e+00
-4.980997107539346380e-03,-2.681095296658658755e-02,8.961796346865018581e-01,5.284798144267423975e-02,-5.515607664664117643e-02,6.721192727345546292e-01,7.364920782229488205e-01,2.546269952690908417e-02,1.521754500352870965e-01,2.558654686304197012e-01,5.127956150576400418e-01,-2.375320275323552222e-01,6.845882587088088223e-02,-1.020544829793365027e-01,-2.645134209955875559e-01,-1.561474784222442458e-01,5.923822374265337309e-01,-1.595061119027251784e-01,5.936986024665316664e-02,-1.138877807649840285e-01,0.000000000000000000e+00,0.000000000000000000e+00,8.684704166602776054e-02,1.747409786360838713e-01,-2.983073078735580252e-01,1.065314706940690970e+00,0.000000000000000000e+00,0.000000000000000000e+00,0.000000000000000000e+00,7.202885989549842605e-02,-2.280125210804952174e-01,4.683609088120983532e-01,9.441087981224554060e-01,0.000000000000000000e+00,0.000000000000000000e+00,0.000000000000000000e+00
-4.805773914827577570e-03,-2.682266635410165273e-02,8.963340093945687537e-01,5.354630273337446927e-02,-5.486628023514162483e-02,6.730679940349891810e-01,7.355963296281873287e-01,2.750549679070281653e-02,1.506923338957976699e-01,2.556644593779259234e-01,5.089648664836707859e-01,-2.381498909272768416e-01,6.364460402349877977e-02,-9.942328920998050323e-02,-2.672183948012943344e-01,-1.599385906705430016e-01,5.909347571593117632e-01,-1.648089619281119522e-01,5.745270785724398976e-02,-1.133342536196177558e-01,0.000000000000000000e+00,0.000000000000000000e+00,9.088351051827189830e-02,1.777425528880745842e-01,-2.935976944572424863e-01,1.056441768851152263e+00,0.000000000000000000e+00,0.000000000000000000e+00,0.000000000000000000e+00,7.612985690002779804e-02,-2.336660580642124230e-01,4.711307567761560677e-01,9.317925607389967446e-01,0.000000000000000000e+00,0.000000000000000000e+00,0.000000000000000000e+00
-4.627078899694015215e-03,-2.673265460347503536e-02,8.966173499599446872e-01,5.398990539792343502e-02,-5.547896083456254485e-02,6.741553557266494190e-01,7.345214301604242602e-01,3.038564788217096996e-02,1.512400562356542577e-01,2.555101786795400676e-01,5.062091693963692851e-01,-2.393975066421631659e-01,6.088916847663007614e-02,-9.366760570899038130e-02,-2.670221014187755260e-01,-1.628768852915982168e-01,5.864261615097978719e-01,-1.713439248433174800e-01,5.929893503168159191e-02,-1.128073668972450344e-01,0.000000000000000000e+00,0.000000000000000000e+00,9.842433402784395158e-02,1.855253186808095422e-01,-2.983109759063931610e-01,1.038255504361705661e+00,0.000000000000000000e+00,0.000000000000000000e+00,0.000000000000000000e+00,8.302916890108623382e-02,-2.417005018388555526e-01,4.750269950768661320e-01,9.125391250845796831e-01,0.000000000000000000e+00,0.000000000000000000e+00,0.000000000000000000e+00
-4.340499248210372661e-03,-2.666313285228646621e-02,8.959757037463699225e-01,5.459485814960451933e-02,-5.572698186217189820e-02,6.755994518140466809e-01,7.331297877352396242e-01,2.856388065011478475e-02,1.506096329378251997e-01,2.512919884663846193e-01,5.115525196874457503e-01,-2.451106192944403905e-01,6.145090082431472339e-02,-9.273511030692291324e-02,-2.687910318420869693e-01,-1.657717388832239402e-01,5.915107511372716953e-01,-1.802737123407914532e-01,5.647496235621987659e-02,-1.153174930187812475e-01,0.000000000000000000e+00,0.000000000000000000e+00,1.082229750440484028e-01,1.989271007498333299e-01,-3.052673416437465814e-01,1.014256312443791774e+00,0.000000000000000000e+00,0.000000000000000000e+00,0.000000000000000000e+00,8.839586361997427144e-02,-2.558257340662962176e-01,4.834745006776137166e-01,8.851311279771386653e-01,0.000000000000000000e+00,0.000000000000000000e+00,0.000000000000000000e+00
-3.986131437238650196e-03,-2.665988382298537657e-02,8.959686136087969821e-01,5.486772744773280724e-02,-5.604682249122554943e-02,6.776876957380084665e-01,7.311550268025703847e-01,2.791864389180675338e-02,1.513036395576555504e-01,2.482033458514767976e-01,5.122745993721460334e-01,-2.435520118250937560e-01,5.750398372298477778e-02,-8.814075560197885684e-02,-2.711303834244059296e-01,-1.740896744584923272e-01,5.901597252442805086e-01,-1.860960027407537187e-01,5.628077567662161107e-02,-1.147430539097759605e-01,0.000000000000000000e+00,0.000000000000000000e+00,1.261748278107691912e-01,2.182757171764586890e-01,-3.201397570200710252e-01,9.665708931060600362e-01,0.000000000000000000e+00,0.000000000000000000e+00,0.000000000000000000e+00,1.019396438126539961e-01,-2.791514230732184965e-01,5.006412514866777075e-01,8.337308992137439922e-01,0.000000000000000000e+00,0.000000000000000000e+00,0.000000000000000000e+00
-3.644396916299639730e-03,-2.668746356862714345e-02,8.956991348002539821e-01,5.523450479785303735e-02,-5.581914218638601988e-02,6.791547975188613195e-01,7.297822509847898820e-01,2.720394955829303490e-02,1.510815316762475213e-01,2.462809089668517304e-01,5.130148670156677859e-01,-2.462567113811824360e-01,5.111282516604692683e-02,-8.788083325850049032e-02,-2.741127776524018289e-01,-1.791258688813687772e-01,5.939914880032507449e-01,-1.895696023952649911e-01,5.545170720882732635e-02,-1.158648727969397996e-01,0.000000000000000000e+00,0.000000000000000000e+00,1.487175086187818573e-01,2.432182854663101357e-01,-3.350253842300287555e-01,9.080501503666489338e-01,0.000000000000000000e+00,0.000000000000000000e+00,0.000000000000000000e+00,1.158576402120282678e-01,-3.101907248173206288e-01,5.209684853178294661e-01,7.710607834459987098e-01,0.000000000000000000e+00,0.000000000000000000e+00,0.000000000000000000e+00
-3.389323962835174512e-03,-2.683807223277870010e-02,8.949030214524411608e-01,5.501788949835548226e-02,-5.516498292204843890e-02,6.818999903266028673e-01,7.272841670811600601e-01,2.047412686624916142e-02,1.507546394670621903e-01,2.400059872203256228e-01,5.205921825646194767e-01,-2.501158196185845339e-01,4.741460677645389227e-02,-8.939963485554931755e-02,-2.781756548779259486e-01,-1.868259074797860853e-01,6.011441394069108046e-01,-1.975103835680576403e-01,5.356465467658346608e-02,-1.174461809016683206e-01,0.000000000000000000e+00,0.000000000000000000e+00,1.804015829646114510e-01,2.764938962479183138e-01,-3.573292717120055695e-01,8.198199099786089850e-01,0.000000000000000000e+00,0.000000000000000000e+00,0.000000000000000000e+00,1.365752936871326984e-01,-3.555468078305642488e-01,5.512151272040862748e-01,6.777736083476013640e-01,0.000000000000000000e+00,0.000000000000000000e+00,0.000000000000000000e+00
-3.161540903421790945e-03,-2.687453108030027002e-02,8.945338148029233771e-01,5.463888324399072266e-02,-5.408297707464946452e-02,6.842390936294922010e-01,7.251941028288114710e-01,1.524475770338129012e-02,1.498876531587567951e-01,2.351053795118951406e-01,5.232313423580408074e-01,-2.494835301460683608e-01,3.956412712540410825e-02,-9.074970512964040947e-02,-2.814116383498509455e-01,-1.927213603026527999e-01,6.047237888451130194e-01,-2.046439266740625595e-01,5.030348575832371827e-02,-1.193084552961188316e-01,0.000000000000000000e+00,0.000000000000000000e+00,2.124901012320041804e-01,3.195503546104151993e-01,-3.837911520425819623e-01,7.248417995265366010e-01,0.000000000000000000e+00,0.000000000000000000e+00,0.000000000000000000e+00,1.578397665054030174e-01,-4.037181154076751044e-01,5.770932585203983889e-01,5.811511454748000682e-01,0.000000000000000000e+00,0.000000000000000000e+00,0.000000000000000000e+00
-3.149088294479817241e-03,-2.691182856840739629e-02,8.945902352731895935e-01,5.368247189484925269e-02,-5.240976143081791522e-02,6.865063507395111619e-01,7.232430017029852776e-01,1.019261459616544255e-02,1.492548061875469678e-01,2.328422948584716046e-01,5.221289509798860973e-01,-2.463346111483308010e-01,3.062320169254572483e-02,-9.240436757563505465e-02,-2.856475592563975652e-01,-2.009174269330671891e-01,6.051505121993048242e-01,-2.069749805579802204e-01,4.958631040498281961e-02,-1.209208592000457910e-01,0.000000000000000000e+00,0.000000000000000000e+00,2.472058526922989163e-01,3.642450316007356248e-01,-4.105967857757205075e-01,6.234281015939977522e-01,0.000000000000000000e+00,0.000000000000000000e+00,0.000000000000000000e+00,1.834691099247639512e-01,-4.542233264640219703e-01,5.995195395199808264e-01,4.847359940098863729e-01,0.000000000000000000e+00,0.000000000000000000e+00,0.000000000000000000e+00
-3.472015566281972006e-03,-2.677895656957198292e-02,8.949035485641636534e-01,5.232235482177136771e-02,-5.108374654101903445e-02,6.890684303806123845e-01,7.209975868739343374e-01,5.929572924083744562e-03,1.498984747966648490e-01,2.321462423147184762e-01,5.200539525771956662e-01,-2.444156633499282305e-01,2.263892940108461552e-02,-9.298865982967484400e-02,-2.880566199124344196e-01,-2.076637444341882244e-01,6.030947784519113952e-01,-2.033019026601497747e-01,5.196074974466409480e-02,-1.223585617424897271e-01,0.000000000000000000e+00,0.000000000000000000e+00,2.781291219986435359e-01,4.063395298431248803e-01,-4.380821462503071140e-01,5.281546595682887757e-01,0.000000000000000000e+00,0.000000000000000000e+00,0.000000000000000000e+00,2.095871209143874703e-01,-5.045016954662873143e-01,6.202224726077458783e-01,3.952308022125068931e-01,0.000000000000000000e+00,0.000000000000000000e+00,0.000000000000000000e+00
-3.974771697570536264e-03,-2.644265939253269068e-02,8.956934831204836911e-01,4.955091887171896720e-02,-4.931637509112975215e-02,6.910757826551210403e-01,7.193934001743765849e-01,8.209111917906915246e-04,1.524508260983587771e-01,2.336213528027384634e-01,5.148258873229534238e-01,-2.391897715195692442e-01,1.171769619568826387e-02,-9.214764971918977532e-02,-2.887114640080979955e-01,-2.170355480563523343e-01,5.934709191407376849e-01,-2.064269028390578464e-01,5.546977555637112867e-02,-1.213444823216898172e-01,0.000000000000000000e+00,0.000000000000000000e+00,3.090056289831675240e-01,4.585692403223328162e-01,-4.635393540464062823e-01,4.211271415341684698e-01,0.000000000000000000e+00,0.000000000000000000e+00,0.000000000000000000e+00,2.364102645612111975e-01,-5.597972110733244744e-01,6.358404993403637961e-01,3.003350781749531406e-01,0.000000000000000000e+00,0.000000000000000000e+00,0.000000000000000000e+00
-4.547920386639920168e-03,-2.611347811308726771e-02,8.959004387141713543e-01,4.775719995818003549e-02,-4.728383433177958672e-02,6.935999961493001242e-01,7.172186097730104404e-01,-4.987984168929872689e-03,1.530169900923835924e-01,2.344264498577512401e-01,5.127691778851952709e-01,-2.364577349401235373e-01,1.402421149216325977e-03,-9.364896954657275785e-02,-2.949608457971669151e-01,-2.305905382228407297e-01,5.919874419882896754e-01,-2.059370656562901081e-01,5.541272586784675575e-02,-1.203205884097154066e-01,0.000000000000000000e+00,0.000000000000000000e+00,3.374570834100616423e-01,5.132062549971768695e-01,-4.796209848389823560e-01,3.125528001991250693e-01,0.000000000000000000e+00,0.000000000000000000e+00,0.000000000000000000e+00,2.640890756010030871e-01,-6.189831677847466018e-01,6.489550177520404528e-01,2.058311102545362092e-01,0.000000000000000000e+00,0.000000000000000000e+00,0.000000000000000000e+00
-5.366993707018360982e-03,-2.538399314691326333e-02,8.964274465458799135e-01,4.428533150898310289e-02,-4.511267623554190281e-02,6.959115088223767343e-01,7.153396590044268644e-01,-1.424409472541796236e-02,1.541663249237266997e-01,2.315844134357451511e-01,5.123439252429990987e-01,-2.328285466200427367e-01,-2.697301946915116669e-03,-9.594350850226246452e-02,-2.959369404775887835e-01,-2.395739443923802781e-01,5.860840063163093028e-01,-2.036186142030449731e-01,5.900372964728316239e-02,-1.191105299359124098e-01,0.000000000000000000e+00,0.000000000000000000e+00,3.681096283767204547e-01,5.679117612759496669e-01,-4.972017935386944254e-01,2.074349233137103288e-01,0.000000000000000000e+00,0.000000000000000000e+00,0.000000000000000000e+00,2.926364703720993887e-01,-6.744832035273349291e-01,6.537271647207466563e-01,1.229173690126537932e-01,0.000000000000000000e+00,0.000000000000000000e+00,0.000000000000000000e+00
-6.014831577636374493e-03,-2.451604825250527572e-02,8.971012196735091981e-01,4.195846248599336553e-02,-4.333085956725874627e-02,6.972882239973710039e-01,7.142485958751096931e-01,-1.734128596670199418e-02,1.547692744235004969e-01,2.323252485080857244e-01,5.062635122658926123e-01,-2.296962403870660419e-01,-1.206143654173987695e-02,-9.646873903470733203e-02,-2.965848055994683707e-01,-2.452379766062028899e-01,5.793396813923282762e-01,-2.018429396061861558e-01,6.026700794376615988e-02,-1.168494009971206282e-01,0.000000000000000000e+00,0.000000000000000000e+00,3.925004267460209251e-01,6.059443841071827652e-01,-5.007313171936232932e-01,1.369781000118139580e-01,0.000000000000000000e+00,0.000000000000000000e+00,0.000000000000000000e+00,3.192770401914438172e-01,-7.131340452372858518e-01,6.495323643404969927e-01,6.565738382697468289e-02,0.000000000000000000e+00,0.000000000000000000e+00,0.000000000000000000e+00
-6.588993884703140194e-03,-2.341376365226926007e-02,8.976418907339411835e-01,3.879138223251786532e-02,-4.166978621632916324e-02,6.987513602120968281e-01,7.130956416799363318e-01,-2.273774773478691447e-02,1.566863578064256191e-01,2.316403090915926943e-01,5.034243208210522624e-01,-2.300830329831141663e-01,-1.701251965328935689e-02,-9.681188868870836683e-02,-2.947007742612409720e-01,-2.501214430549367207e-01,5.713562167244587986e-01,-2.041933941130200103e-01,6.376768264208246273e-02,-1.167994581906514617e-01,0.000000000000000000e+00,0.000000000000000000e+00,4.122720647806764616e-01,6.422168991782429837e-01,-5.023895643875813111e-01,7.343202262567670446e-02,0.000000000000000000e+00,0.000000000000000000e+00,0.000000000000000000e+00,3.438706870724264064e-01,-7.482234409692960497e-01,6.399509247724457506e-01,1.594437526800212765e-02,0.000000000000000000e+00,0.000000000000000000e+00,0.000000000000000000e+00
-6.804859138108772590e-03,-2.219974395608451806e-02,8.981104174539650264e-01,3.615838853696715788e-02,-3.942353094141615860e-02,7.002801659564809045e-01,7.118609733048185673e-01,-2.857532756072171318e-02,1.572530044600194687e-01,2.307543066018368783e-01,5.004731871577844382e-01,-2.255671001958059751e-01,-2.211932634695676358e-02,-9.838267720310386877e-02,-2.939287560621487994e-01,-2.532226180668708526e-01,5.651294592585950349e-01,-2.063286784254568795e-01,6.538784344411716076e-02,-1.172996440645604210e-01,0.000000000000000000e+00,0.000000000000000000e+00,4.285817853104539887e-01,6.734911617739657297e-01,-5.066827806172476967e-01,2.015965661709245849e-02,0.000000000000000000e+00,0.000000000000000000e+00,0.000000000000000000e+00,3.653237351184029369e-01,-7.753240269774577254e-01,6.326899972434559816e-01,-2.299976231115280489e-02,0.000000000000000000e+00,0.000000000000000000e+00,0.000000000000000000e+00
-6.774761634469208746e-03,-2.099876159032192449e-02,8.982986774322048174e-01,3.316308963496236717e-02,-3.682621044238659075e-02,7.008499237828047512e-01,7.115851488359999921e-01,-3.573757875361154024e-02,1.582429909048943817e-01,2.306040968499498134e-01,4.992664468460763505e-01,-2.232604057725557367e-01,-2.616630919081298565e-02,-1.032725604784680007e-01,-2.938510734821473958e-01,-2.566550775354571878e-01,5.621872983918515532e-01,-2.095992615905554746e-01,6.742868028842856354e-02,-1.181165105804929116e-01,0.000000000000000000e+00,0.000000000000000000e+00,4.457122708346549778e-01,7.061910074096061640e-01,-5.057220918526266207e-01,-3.688646499223730696e-02,0.000000000000000000e+00,0.000000000000000000e+00,0.000000000000000000e+00,3.868084030951232100e-01,-8.021188150274994877e-01,6.185028140861994483e-01,-6.596959927974811733e-02,0.000000000000000000e+00,0.000000000000000000e+00,0.000000000000000000e+00
-6.433440433362412267e-03,-2.002996383922463208e-02,8.977379346808186389e-01,3.197583885310166518e-02,-3.470436863683012962e-02,7.015522051817765226e-01,7.110539050815662954e-01,-4.260618045482223587e-02,1.555846145594694252e-01,2.243515089068575386e-01,5.030160970266800424e-01,-2.236481262259433778e-01,-2.922852918374392248e-02,-1.099960611146072603e-01,-2.944915413461133280e-01,-2.535530210631572468e-01,5.684834895820450873e-01,-2.156727377476925500e-01,6.360496453203332012e-02,-1.195127233362039826e-01,0.000000000000000000e+00,0.000000000000000000e+00,4.645378838282095968e-01,7.399752400089999460e-01,-5.022360580413465225e-01,-9.316440627144309539e-02,0.000000000000000000e+00,0.000000000000000000e+00,0.000000000000000000e+00,4.114651150610131869e-01,-8.341003640865460866e-01,6.042998970462801767e-01,-1.227216703826983640e-01,0.000000000000000000e+00,0.000000000000000000e+00,0.000000000000000000e+00
-5.971052877211444239e-03,-1.917383512218904726e-02,8.971071907437021542e-01,3.038565234117258929e-02,-3.274980222563088350e-02,7.026888319195749855e-01,7.100933516668679335e-01,-5.075195434072126560e-02,1.555236996647232917e-01,2.208488703645502538e-01,5.088550677858781901e-01,-2.253005611877426373e-01,-3.110381519196989131e-02,-1.154196499435749673e-01,-2.956770529313499374e-01,-2.550238027131424001e-01,5.736167807509912064e-01,-2.241504259478094285e-01,6.319220424806921976e-02,-1.199157276546871931e-01,0.000000000000000000e+00,0.000000000000000000e+00,4.858773211979997009e-01,7.762880923472339489e-01,-4.992173766776259458e-01,-1.560721472418210298e-01,0.000000000000000000e+00,0.000000000000000000e+00,0.000000000000000000e+00,4.409477167085261717e-01,-8.718201299997083709e-01,5.878830334856940398e-01,-1.939743707615487478e-01,0.000000000000000000e+00,0.000000000000000000e+00,0.000000000000000000e+00
-5.437019241267738827e-03,-1.859918525284302501e-02,8.962008380844962430e-01,2.942332110268499473e-02,-3.067104041217259477e-02,7.036872733822415737e-01,7.092374614578598191e-01,-5.862008151684665325e-02,1.548111354028879894e-01,2.183053054797770010e-01,5.157387533761591536e-01,-2.283096875586840269e-01,-3.555076559227637184e-02,-1.212613317045571071e-01,-2.987858044563354021e-01,-2.573162398740753143e-01,5.812031228479057621e-01,-2.376993313263004171e-01,6.003281808808127312e-02,-1.219210636537418069e-01,0.000000000000000000e+00,0.000000000000000000e+00,5.129044725977649488e-01,8.137778061058135171e-01,-4.938378357899119164e-01,-2.200841738165249528e-01,0.000000000000000000e+00,0.000000000000000000e+00,0.000000000000000000e+00,4.726971251497874560e-01,-9.086585920341200273e-01,5.649267252640431947e-01,-2.713625543194922995e-01,0.000000000000000000e+00,0.000000000000000000e+00,0.000000000000000000e+00
-4.921978245404989329e-03,-1.844826379175758951e-02,8.953851461769510856e-01,2.933678097286028519e-02,-2.920793823861739247e-02,7.049078220989816179e-01,7.080898332624676605e-01,-6.424136215788683879e-02,1.537601327281886698e-01,2.164966921122137844e-01,5.216229510988270590e-01,-2.304422861671023004e-01,-3.927721443346296470e-02,-1.266593112747581018e-01,-3.024917112596966495e-01,-2.590379223128462804e-01,5.911998281599147864e-01,-2.457300686755484465e-01,5.394896496678883158e-02,-1.223824828060313258e-01,0.000000000000000000e+00,0.000000000000000000e+00,5.407649604766043838e-01,8.553989171873349617e-01,-4.861356026640258898e-01,-2.823977432561917689e-01,0.000000000000000000e+00,0.000000000000000000e+00,0.000000000000000000e+00,5.022429643198891291e-01,-9.462312710012953376e-01,5.382952536377807462e-01,-3.470402693249398651e-01,0.000000000000000000e+00,0.000000000000000000e+00,0.000000000000000000e+00
-4.730468287682214681e-03,-1.867594988329410177e-02,8.964158773000627800e-01,2.865462158757610747e-02,-2.849879561262840671e-02,7.050652245063301349e-01,7.079899437860261990e-01,-6.310667751344069265e-02,1.544423327658978329e-01,2.195424024554186171e-01,5.138647628899580821e-01,-2.247899579224222066e-01,-4.213854657612928212e-02,-1.230202018483330939e-01,-3.018980338883356929e-01,-2.635695621245798259e-01,5.804982687732609392e-01,-2.489002178712955982e-01,5.708774989788140131e-02,-1.247752548136070588e-01,0.000000000000000000e+00,0.000000000000000000e+00,5.661316648809219254e-01,8.894511087329735055e-01,-4.740096139522280150e-01,-3.359461425221992315e-01,0.000000000000000000e+00,0.000000000000000000e+00,0.000000000000000000e+00,5.274210012560621719e-01,-9.768095751594135789e-01,5.133032764685718785e-01,-4.102892769685654861e-01,0.000000000000000000e+00,0.000000000000000000e+00,0.000000000000000000e+00
-4.581619682174483885e-03,-1.929497174012553481e-02,8.974000626394553759e-01,2.795610950918362911e-02,-2.787347412742649869e-02,7.062888008808960727e-01,7.068222231448332282e-01,-6.208767650861986287e-02,1.553482260910942769e-01,2.222816071318439168e-01,5.050485098843374709e-01,-2.214953817609502662e-01,-4.777336307546405092e-02,-1.202419068937318758e-01,-3.010922140703725103e-01,-2.678003251517203642e-01,5.714074832000712867e-01,-2.460799729115350776e-01,5.658967537331941605e-02,-1.266275794693848822e-01,0.000000000000000000e+00,0.000000000000000000e+00,5.915680935199715273e-01,9.177661916516202112e-01,-4.580089881145901209e-01,-3.903677908629153981e-01,0.000000000000000000e+00,0.000000000000000000e+00,0.000000000000000000e+00,5.528856338584916541e-01,-1.001188751526065124e+00,4.813152029957802891e-01,-4.720963047367310317e-01,0.000000000000000000e+00,0.000000000000000000e+00,0.000000000000000000e+00
-4.655691077999957184e-03,-2.032171605890232755e-02,8.995402587451670762e-01,2.653415828107361443e-02,-2.778134259369588813e-02,7.074621083650571851e-01,7.057063841823133510e-01,-5.795897560209166410e-02,1.583184393188912242e-01,2.286249216894121195e-01,4.881659319333954694e-01,-2.128563839009869896e-01,-5.139607653453042574e-02,-1.123408928325535239e-01,-2.976024938820063248e-01,-2.754312746579850035e-01,5.498447522112306363e-01,-2.343354990571396568e-01,6.260794460054726340e-02,-1.271777016131424576e-01,0.000000000000000000e+00,0.000000000000000000e+00,6.132755424548033130e-01,9.387236964739472667e-01,-4.434560816220806112e-01,-4.366339496577217316e-01,0.000000000000000000e+00,0.000000000000000000e+00,0.000000000000000000e+00,5.748400863916676151e-01,-1.017314459748924760e+00,4.518334577537891361e-01,-5.242611853340350958e-01,0.000000000000000000e+00,0.000000000000000000e+00,0.000000000000000000e+00
-4.615978576663822344e-03,-2.174243843708159249e-02,9.010637175084331707e-01,2.542305664934699574e-02,-2.688425759348288951e-02,7.089830711334429436e-01,7.042541513760806060e-01,-5.580198724428020451e-02,1.587147535656276143e-01,2.326392602538335797e-01,4.730950650348666464e-01,-2.116279827672749581e-01,-5.722205573976768544e-02,-1.090079873027188645e-01,-2.965868872430605929e-01,-2.820343140665509396e-01,5.361910125324396148e-01,-2.279910108547527625e-01,6.435257968681855345e-02,-1.276123689025484564e-01,0.000000000000000000e+00,0.000000000000000000e+00,6.329437827628385804e-01,9.514209474152608426e-01,-4.279749440490706602e-01,-4.769074496380480421e-01,0.000000000000000000e+00,0.000000000000000000e+00,0.000000000000000000e+00,5.968983272848931154e-01,-1.028972723264966582e+00,4.249595076460779275e-01,-5.702074776744827656e-01,0.000000000000000000e+00,0.000000000000000000e+00,0.000000000000000000e+00
-4.532797201544863999e-03,-2.348480034505785047e-02,9.027931908495523405e-01,2.539524918497084241e-02,-2.667601477344817493e-02,7.097408623628733704e-01,7.034993815541314977e-01,-5.084074228407239882e-02,1.583446777432777619e-01,2.373157085449640047e-01,4.565094990356020621e-01,-2.023770615973811693e-01,-6.066164978853380574e-02,-1.041300696387764402e-01,-2.962856908085005903e-01,-2.880654934155018054e-01,5.216454887405157503e-01,-2.146431498806381233e-01,6.676119662756616058e-02,-1.280451383510173013e-01,0.000000000000000000e+00,0.000000000000000000e+00,6.463935350308906980e-01,9.631897683701587942e-01,-4.117571699798639462e-01,-5.162952641116670405e-01,0.000000000000000000e+00,0.000000000000000000e+00,0.000000000000000000e+00,6.128712952909699530e-01,-1.041179113289266489e+00,4.001380019952543998e-01,-6.144774576457630033e-01,0.000000000000000000e+00,0.000000000000000000e+00,0.000000000000000000e+00
-4.370671207762340769e-03,-2.519292752949172515e-02,9.042557959291123160e-01,2.523572466313060009e-02,-2.632304084882243836e-02,7.099175683578164975e-01,7.033401039739758387e-01,-4.736738529062554937e-02,1.578326262982890638e-01,2.411396502668561870e-01,4.425586142734718731e-01,-1.929310570235667488e-01,-6.327327541091305740e-02,-1.005365914733990784e-01,-2.954820747407342907e-01,-2.923541655613721701e-01,5.080120717244164252e-01,-2.046827709461084555e-01,6.931577637871830233e-02,-1.297239014991606321e-01,0.000000000000000000e+00,0.000000000000000000e+00,6.595926235429568907e-01,9.762245275071502748e-01,-4.007095671874100762e-01,-5.515364191479876776e-01,0.000000000000000000e+00,0.000000000000000000e+00,0.000000000000000000e+00,6.283657962586696177e-01,-1.055178928217240797e+00,3.817277527874252119e-01,-6.519681329549967819e-01,0.000000000000000000e+00,0.000000000000000000e+00,0.000000000000000000e+00
-4.022003594089823900e-03,-2.663198088977487832e-02,9.064099407840751077e-01,2.609540271529478539e-02,-2.696919135537925727e-02,7.103636580896359742e-01,7.028336687583159881e-01,-3.583194849947608090e-02,1.571414130221826799e-01,2.471963863874503120e-01,4.187111689351013522e-01,-1.775734989600964153e-01,-6.938570102516589122e-02,-8.933605511844089353e-02,-2.947297610546767421e-01,-3.014855393694781949e-01,4.871708193295920530e-01,-1.878436330201520565e-01,7.486273184359840127e-02,-1.308846262533860660e-01,0.000000000000000000e+00,0.000000000000000000e+00,6.652384993850353201e-01,9.838303645635280148e-01,-3.974136516622738813e-01,-5.785173891842012583e-01,0.000000000000000000e+00,0.000000000000000000e+00,0.000000000000000000e+00,6.340045576358476209e-01,-1.059283300514711534e+00,3.726851739442182954e-01,-6.770586532895068732e-01,0.000000000000000000e+00,0.000000000000000000e+00,0.000000000000000000e+00
-3.600962384516742318e-03,-2.794132659881413266e-02,9.074858494711413037e-01,2.546202987964815700e-02,-2.558409202536976110e-02,7.103597926588983702e-01,7.029125864880013674e-01,-3.505255973036510569e-02,1.559655723897562518e-01,2.504523460088768916e-01,4.062875965280631219e-01,-1.692843027546725165e-01,-7.193397485592277485e-02,-9.058897481886665770e-02,-2.952254738954898095e-01,-3.042868466403140792e-01,4.791640016017141290e-01,-1.815016439378265845e-01,7.725019111820205509e-02,-1.321974715405793144e-01,0.000000000000000000e+00,0.000000000000000000e+00,6.799572552665228420e-01,9.935749634780965955e-01,-3.878813703204562202e-01,-6.095480843725401554e-01,0.000000000000000000e+00,0.000000000000000000e+00,0.000000000000000000e+00,6.483985282067397105e-01,-1.063286919503375394e+00,3.581437649402848256e-01,-7.050502686641971772e-01,0.000000000000000000e+00,0.000000000000000000e+00,0.000000000000000000e+00
-3.037693861834171467e-03,-2.871340850337601378e-02,9.083944507239791744e-01,2.517530951829949695e-02,-2.438765872488598760e-02,7.109365852190485668e-01,7.023821023414925646e-01,-3.296087229006657709e-02,1.547080131642641632e-01,2.533488497395218753e-01,3.944432283654245586e-01,-1.631234754083379646e-01,-7.612263689822905410e-02,-8.935595503175861043e-02,-2.954475308736981276e-01,-3.072449807058398319e-01,4.710107763842624751e-01,-1.786334784016133104e-01,7.946212761103052524e-02,-1.332126051425864821e-01,0.000000000000000000e+00,0.000000000000000000e+00,6.857206112001320575e-01,1.003652843538936690e+00,-3.823978459373758021e-01,-6.346157446920146494e-01,0.000000000000000000e+00,0.000000000000000000e+00,0.000000000000000000e+00,6.565190607732831474e-01,-1.066541309240621294e+00,3.490556287096648336e-01,-7.278023040246495157e-01,0.000000000000000000e+00,0.000000000000000000e+00,0.000000000000000000e+00
-2.642569042252541304e-03,-2.904802732569193580e-02,9.091382227609079436e-01,2.385262518964702955e-02,-2.332009134842040129e-02,7.109449429967823475e-01,7.024560581547898419e-01,-3.449838818967607135e-02,1.552795123828790147e-01,2.550291760983299794e-01,3.883664199787448812e-01,-1.572035280702856475e-01,-7.516262514207266987e-02,-9.036585487084354551e-02,-2.936607239648214573e-01,-3.085710849030256497e-01,4.641595805356135696e-01,-1.738714429244866411e-01,8.193611945430798182e-02,-1.353739238601637529e-01,0.000000000000000000e+00,0.000000000000000000e+00,6.912625127378713152e-01,1.006826427705055371e+00,-3.776084844674078567e-01,-6.518925812149017895e-01,0.000000000000000000e+00,0.000000000000000000e+00,0.000000000000000000e+00,6.633915209879153174e-01,-1.062097661083665212e+00,3.391898973512307292e-01,-7.399390406484335214e-01,0.000000000000000000e+00,0.000000000000000000e+00,0.000000000000000000e+00
-2.114938873465757423e-03,-2.914690795675703092e-02,9.085022808032127140e-01,2.395106087184157434e-02,-2.189786396527116860e-02,7.111986308424027570e-01,7.022416519438043903e-01,-3.834157880733932156e-02,1.537028331955223315e-01,2.540862594822293485e-01,3.919758280647208659e-01,-1.606530197886420486e-01,-7.767573733161819982e-02,-9.652244389434268268e-02,-2.956567343367337286e-01,-3.048414118041364862e-01,4.725663772109166549e-01,-1.816063726543135359e-01,7.623421161193966178e-02,-1.382181201768900025e-01,0.000000000000000000e+00,0.000000000000000000e+00,6.964184485451709872e-01,1.009407998979170884e+00,-3.752974811663454813e-01,-6.625251775820494293e-01,0.000000000000000000e+00,0.000000000000000000e+00,0.000000000000000000e+00,6.704807228396513219e-01,-1.054752587062872893e+00,3.329750272720327087e-01,-7.518342451115030967e-01,0.000000000000000000e+00,0.000000000000000000e+00,0.000000000000000000e+00
-1.846893841513613842e-03,-2.896593218617687232e-02,9.080191631094938209e-01,2.378878754958609065e-02,-2.198513083808296270e-02,7.109426147421868958e-01,7.025036271454370151e-01,-4.105549275187027336e-02,1.551722705736978958e-01,2.537812020882113662e-01,3.982872775806979848e-01,-1.632330538560766986e-01,-7.539091937491357309e-02,-9.900357056019504221e-02,-2.948575191960512432e-01,-3.020192779649979453e-01,4.771687264905365433e-01,-1.846899529663760253e-01,7.565766518612287994e-02,-1.394045712819098892e-01,0.000000000000000000e+00,0.000000000000000000e+00,6.936259508337695445e-01,1.007961264243852240e+00,-3.762832172260414110e-01,-6.703701837580366973e-01,0.000000000000000000e+00,0.000000000000000000e+00,0.000000000000000000e+00,6.710425857802349014e-01,-1.049935071746241011e+00,3.307278648720383685e-01,-7.569625703592236521e-01,0.000000000000000000e+00,0.000000000000000000e+00,0.000000000000000000e+00
-1.696296505184070489e-03,-2.860502858990036923e-02,9.069508134674090227e-01,2.385477476742190253e-02,-2.217929790109192736e-02,7.101775816231787886e-01,7.032686762719231321e-01,-4.530142882384684266e-02,1.574305818907107690e-01,2.543779552984600789e-01,4.104764633822992614e-01,-1.677913376858948258e-01,-7.438707185724607873e-02,-1.031718486535659340e-01,-2.944595132089958822e-01,-2.974198244719253315e-01,4.865586558897185832e-01,-1.955371244044496748e-01,7.032686917056946152e-02,-1.414693225936731191e-01,0.000000000000000000e+00,0.000000000000000000e+00,6.890030553296144777e-01,1.005851720050442211e+00,-3.821526324424797116e-01,-6.750928061593139962e-01,0.000000000000000000e+00,0.000000000000000000e+00,0.000000000000000000e+00,6.706156804485668976e-01,-1.039478683550570715e+00,3.296400084436456046e-01,-7.577210412299761888e-01,0.000000000000000000e+00,0.000000000000000000e+00,0.000000000000000000e+00
-1.775800112345589984e-03,-2.806586999611300828e-02,9.068725416589031862e-01,2.334500320477319452e-02,-2.301654341338810195e-02,7.095664624727785474e-01,7.038754754134677327e-01,-4.598282841561046608e-02,1.604145997847009619e-01,2.550187863633541774e-01,4.147530081071566510e-01,-1.662361024391945663e-01,-7.242243652288567202e-02,-1.016124955312909389e-01,-2.910908258033702567e-01,-2.947862567111759757e-01,4.840622784904996534e-01,-1.950654568108235176e-01,7.342287193487777308e-02,-1.425846361580099531e-01,0.000000000000000000e+00,0.000000000000000000e+00,6.779693212454432905e-01,1.002707224925985185e+00,-3.902938119942997997e-01,-6.774341036831222906e-01,0.000000000000000000e+00,0.000000000000000000e+00,0.000000000000000000e+00,6.649934395607655091e-01,-1.030863192197319478e+00,3.322783643509669149e-01,-7.522931381892904446e-01,0.000000000000000000e+00,0.000000000000000000e+00,0.000000000000000000e+00
-1.928865361666405251e-03,-2.768702135834847852e-02,9.061243829489811219e-01,2.412344351833526843e-02,-2.408814455266610963e-02,7.089126556235139098e-01,7.044719067937660339e-01,-4.547553818040928064e-02,1.625675815853024342e-01,2.573402232794022026e-01,4.224457404375961955e-01,-1.697785225504855333e-01,-7.170107865257251134e-02,-1.011593018352955342e-01,-2.918325551936775675e-01,-2.941433433173663015e-01,4.897399280144126288e-01,-1.995615579083156454e-01,7.229082310321421900e-02,-1.426243591022171853e-01,0.000000000000000000e+00,0.000000000000000000e+00,6.666574072861141120e-01,9.994939471868670156e-01,-3.961557738778557769e-01,-6.759213249658612144e-01,0.000000000000000000e+00,0.000000000000000000e+00,0.000000000000000000e+00,6.551968731484445474e-01,-1.024104902585854848e+00,3.367689986315485218e-01,-7.463096262546969895e-01,0.000000000000000000e+00,0.000000000000000000e+00,0.000000000000000000e+00
-2.262336982294723201e-03,-2.724581334757519499e-02,9.050472947015899550e-01,2.395914979897362587e-02,-2.479110875671578992e-02,7.083785219476944617e-01,7.049902337697472321e-01,-4.897258554407603326e-02,1.647059913572714307e-01,2.561836109611228540e-01,4.343289809173928040e-01,-1.784819092846216260e-01,-7.016051141659460089e-02,-1.040921066720149751e-01,-2.906429405997793536e-01,-2.895897484425751789e-01,4.982212066531890859e-01,-2.087085525259827767e-01,7.065938163823716478e-02,-1.437136655334433355e-01,0.000000000000000000e+00,0.000000000000000000e+00,6.555155875913759589e-01,9.942915517509044454e-01,-4.029535741930954651e-01,-6.714887096508763697e-01,0.000000000000000000e+00,0.000000000000000000e+00,0.000000000000000000e+00,6.457931288737753794e-01,-1.015806628897834463e+00,3.411524816781885683e-01,-7.363340888036750131e-01,0.000000000000000000e+00,0.000000000000000000e+00,0.000000000000000000e+00
-2.672941762829930158e-03,-2.694944098863165036e-02,9.045850940411487295e-01,2.380702982203434376e-02,-2.524983246382627583e-02,7.074778465026219099e-01,7.058829704700446683e-01,-5.030784421288496400e-02,1.663397769570706952e-01,2.573897760653434119e-01,4.402440241409385502e-01,-1.805806582485184886e-01,-6.935553394022975215e-02,-1.047671433052061868e-01,-2.897145492432541825e-01,-2.872785662333969814e-01,5.003667371982626344e-01,-2.154972802555830125e-01,7.041476767870803732e-02,-1.436810696042209734e-01,0.000000000000000000e+00,0.000000000000000000e+00,6.472575417353163552e-01,9.857801547264071207e-01,-4.044530392463128732e-01,-6.634127051755488447e-01,0.000000000000000000e+00,0.000000000000000000e+00,0.000000000000000000e+00,6.353005358615908538e-01,-1.009942320392066994e+00,3.462916400405157691e-01,-7.268935965531088117e-01,0.000000000000000000e+00,0.000000000000000000e+00,0.000000000000000000e+00
-3.217084924320329740e-03,-2.681257215446389980e-02,9.034521893370670576e-01,2.372003028278252962e-02,-2.565608716181808080e-02,7.069962653989090295e-01,7.063535984667482781e-01,-5.462431925797561760e-02,1.687344712151465365e-01,2.591831455762348413e-01,4.527321555484342674e-01,-1.876398504665095779e-01,-6.719437214330306607e-02,-1.091283142806998008e-01,-2.910158322184656088e-01,-2.856161775988675933e-01,5.104512059061481200e-01,-2.207402494526860826e-01,6.758132073782646687e-02,-1.449086313782377011e-01,0.000000000000000000e+00,0.000000000000000000e+00,6.393770501602055178e-01,9.808111787135639359e-01,-4.091703844858786687e-01,-6.587707264441329258e-01,0.000000000000000000e+00,0.000000000000000000e+00,0.000000000000000000e+00,6.249106864506778214e-01,-1.007047312334685918e+00,3.513501754870864691e-01,-7.207089956252623608e-01,0.000000000000000000e+00,0.000000000000000000e+00,0.000000000000000000e+00
-3.840633415764081564e-03,-2.690552603223719114e-02,9.033422179990804324e-01,2.383380164000764231e-02,-2.627769272820085211e-02,7.057694822377759136e-01,7.075527335160880504e-01,-5.372722334952589190e-02,1.690713638648461692e-01,2.603627853005606729e-01,4.544440470154492706e-01,-1.888657525382727298e-01,-6.528566585596934368e-02,-1.092935291774495277e-01,-2.903829034434594614e-01,-2.832195765028905354e-01,5.105044379623850936e-01,-2.215250744510516845e-01,6.892207652589561750e-02,-1.475251699987307763e-01,0.000000000000000000e+00,0.000000000000000000e+00,6.299640609450483097e-01,9.756329791651883188e-01,-4.145862075090399612e-01,-6.503709821556619142e-01,0.000000000000000000e+00,0.000000000000000000e+00,0.000000000000000000e+00,6.118864592511845668e-01,-1.004744828942073731e+00,3.589337385894654786e-01,-7.131137160889056137e-01,0.000000000000000000e+00,0.000000000000000000e+00,0.000000000000000000e+00
-4.581427961281607161e-03,-2.701500850357594838e-02,9.036156761000204707e-01,2.321835671499907633e-02,-2.711721015838275753e-02,7.054818380810043976e-01,7.078283273241670059e-01,-5.289315088945983206e-02,1.715930072524832206e-01,2.639258125527185195e-01,4.543469797684326350e-01,-1.892547591909935767e-01,-6.193138305760553103e-02,-1.063430802146344417e-01,-2.886384947577435023e-01,-2.845715766409668834e-01,5.041543626759158458e-01,-2.160423113427193120e-01,7.489537894085050718e-02,-1.504662707135603905e-01,0.000000000000000000e+00,0.000000000000000000e+00,6.189341493078435175e-01,9.683661642270138259e-01,-4.235397195957225636e-01,-6.401946126642590329e-01,0.000000000000000000e+00,0.000000000000000000e+00,0.000000000000000000e+00,6.003695444250524149e-01,-9.992096468362470230e-01,3.663777355640575606e-01,-7.032628808090123362e-01,0.000000000000000000e+00,0.000000000000000000e+00,0.000000000000000000e+00
-5.176671740455215248e-03,-2.731712723384343081e-02,9.037034648976105533e-01,2.304263931922361994e-02,-2.695779181737935001e-02,7.048409779429436472e-01,7.084783059811849970e-01,-5.342598322954052181e-02,1.709109841504368177e-01,2.648465534426363566e-01,4.541165882555538991e-01,-1.881252559827250037e-01,-6.111931063694230060e-02,-1.072581715495695420e-01,-2.890032597816719062e-01,-2.837080307284112202e-01,5.027269160378367019e-01,-2.149695842952294156e-01,7.548159702396982362e-02,-1.516724321346809845e-01,0.000000000000000000e+00,0.000000000000000000e+00,6.114980151950618614e-01,9.626192665620575406e-01,-4.282544790002424384e-01,-6.300528705947477937e-01,0.000000000000000000e+00,0.000000000000000000e+00,0.000000000000000000e+00,5.900145286195185301e-01,-9.985142994956439644e-01,3.720382750400039740e-01,-6.971981028336097230e-01,0.000000000000000000e+00,0.000000000000000000e+00,0.000000000000000000e+00
-5.750601170719786548e-03,-2.759193327721724820e-02,9.038059990108818775e-01,2.251522221816054659e-02,-2.699729401087594058e-02,7.046417303846131963e-01,7.086919236770904407e-01,-5.463710755095515376e-02,1.713752931754248532e-01,2.655782995798626200e-01,4.547280484277326229e-01,-1.880241208322839253e-01,-6.048659076443778371e-02,-1.067747781428630416e-01,-2.882631384001647090e-01,-2.840286298010771815e-01,4.993763899700340847e-01,-2.159130387908428095e-01,7.618714075114700612e-02,-1.534143201831051351e-01,0.000000000000000000e+00,0.000000000000000000e+00,6.026898830448714772e-01,9.586631003323521361e-01,-4.356423380838234105e-01,-6.196555086615409547e-01,0.000000000000000000e+00,0.000000000000000000e+00,0.000000000000000000e+00,5.812762383908374186e-01,-9.935409625553136559e-01,3.797659721605295968e-01,-6.896007713894261038e-01,0.000000000000000000e+00,0.000000000000000000e+00,0.000000000000000000e+00
-6.226534533221953285e-03,-2.800059946967090735e-02,9.041248441067628594e-01,2.265978710760459258e-02,-2.750815498290874739e-02,7.041350704023665585e-01,7.091710922528697836e-01,-5.270504494767176695e-02,1.714085239383782711e-01,2.669633889462720844e-01,4.519826835757260186e-01,-1.848651164953531434e-01,-6.048545751500514212e-02,-1.047559759321420314e-01,-2.880339865702506441e-01,-2.847146589312077869e-01,4.951599833189366806e-01,-2.116584444733194126e-01,7.888476086959751721e-02,-1.543385384938659732e-01,0.000000000000000000e+00,0.000000000000000000e+00,5.922399369338731123e-01,9.564936075664516313e-01,-4.434827650778560004e-01,-6.115503877902446206e-01,0.000000000000000000e+00,0.000000000000000000e+00,0.000000000000000000e+00,5.682687658366968320e-01,-9.937710919728119929e-01,3.883721072906418659e-01,-6.830860609415022600e-01,0.000000000000000000e+00,0.000000000000000000e+00,0.000000000000000000e+00
-6.628789886707956575e-03,-2.841829199951284232e-02,9.036584954907500578e-01,2.295687457549461935e-02,-2.741375441694077555e-02,7.037881625807145269e-01,7.095094715292770138e-01,-5.413543920364982664e-02,1.711574993799027666e-01,2.684403881024603478e-01,4.556762491169951690e-01,-1.875592048583609728e-01,-6.014979069178802429e-02,-1.074106276410792399e-01,-2.898343309662291811e-01,-2.836094436181339495e-01,4.999437649668568295e-01,-2.147004628139023985e-01,7.768921569011492945e-02,-1.563985998794373278e-01,0.000000000000000000e+00,0.000000000000000000e+00,5.842382777703081231e-01,9.569467931178912146e-01,-4.533768173094888110e-01,-6.052907571798538111e-01,0.000000000000000000e+00,0.000000000000000000e+00,0.000000000000000000e+00,5.583135772728468060e-01,-9.935491118594701465e-01,3.977540720354640902e-01,-6.787384028820092619e-01,0.000000000000000000e+00,0.000000000000000000e+00,0.000000000000000000e+00
-7.070579484595854343e-03,-2.865202074033158797e-02,9.038309879876569308e-01,2.296131670079398432e-02,-2.772470349194368702e-02,7.035334480933128631e-01,7.097498194191972365e-01,-5.209912025464868979e-02,1.719976369059780241e-01,2.720038691998749592e-01,4.532271707595124655e-01,-1.887223345971457134e-01,-6.201647585965486265e-02,-1.064040845883523073e-01,-2.893489852635600101e-01,-2.828033560044660999e-01,4.975023024095481805e-01,-2.129263197851683498e-01,8.033947374499597616e-02,-1.588571207037313970e-01,0.000000000000000000e+00,0.000000000000000000e+00,5.789007371138357172e-01,9.517925976749828099e-01,-4.573443030455597302e-01,-5.978564315052815603e-01,0.000000000000000000e+00,0.000000000000000000e+00,0.000000000000000000e+00,5.522086883319328177e-01,-9.858494972793014899e-01,4.007949093287151987e-01,-6.712271182824820492e-01,0.000000000000000000e+00,0.000000000000000000e+00,0.000000000000000000e+00
-7.567414322026501557e-03,-2.898364841749874465e-02,9.030672083918894755e-01,2.331273403419500956e-02,-2.816044408643093508e-02,7.031812218606990905e-01,7.100701902229102913e-01,-5.375656403296206337e-02,1.727876745347848297e-01,2.732173098336725392e-01,4.598610330487155617e-01,-1.940278725162734863e-01,-6.099207476249736415e-02,-1.096253253031857777e-01,-2.909709468735080518e-01,-2.810676134361729805e-01,5.052571280400172116e-01,-2.141160578929267311e-01,8.011806330185519687e-02,-1.601867534882803479e-01,0.000000000000000000e+00,0.000000000000000000e+00,5.732588623989433030e-01,9.532250591016901975e-01,-4.612367204231695994e-01,-5.954050821448405584e-01,0.000000000000000000e+00,0.000000000000000000e+00,0.000000000000000000e+00,5.463192041061849524e-01,-9.871617666818369718e-01,4.015297276350340838e-01,-6.697584574435805349e-01,0.000000000000000000e+00,0.000000000000000000e+00,0.000000000000000000e+00
-8.071707938028884616e-03,-2.915199892964098760e-02,9.026242239126541778e-01,2.400805890469832546e-02,-2.868150026925455481e-02,7.025648167501752361e-01,7.106360973907288603e-01,-5.324168912212649818e-02,1.726452406331776268e-01,2.743031014589909500e-01,4.637252058736032190e-01,-1.969617241742566971e-01,-6.170027813318901960e-02,-1.105337168349165150e-01,-2.920811815095180064e-01,-2.788461302079341397e-01,5.094232974898404986e-01,-2.166223941737370484e-01,7.881617863398100721e-02,-1.618634662104601052e-01,0.000000000000000000e+00,0.000000000000000000e+00,5.685239574214856484e-01,9.540020636383506059e-01,-4.639502963360146448e-01,-5.929479769918194476e-01,0.000000000000000000e+00,0.000000000000000000e+00,0.000000000000000000e+00,5.413218406252061632e-01,-9.869193417868035167e-01,4.022844441887006850e-01,-6.695605518963060332e-01,0.000000000000000000e+00,0.000000000000000000e+00,0.000000000000000000e+00
-8.734672810817791996e-03,-2.898493205115839841e-02,9.028001487703649630e-01,2.315926060122283636e-02,-2.894813423521945886e-02,7.023794690355905646e-01,7.108366448418274031e-01,-5.297600325935049315e-02,1.751615521701258005e-01,2.788228825390202115e-01,4.633473583684338259e-01,-1.988812149549000208e-01,-6.129997723689464134e-02,-1.087780756330208320e-01,-2.909756529816788784e-01,-2.806082238413034613e-01,5.044436936408559502e-01,-2.155788066400413650e-01,8.262793142036743699e-02,-1.641810607224589991e-01,0.000000000000000000e+00,0.000000000000000000e+00,5.646648787116457235e-01,9.537964432391484726e-01,-4.689024886472812348e-01,-5.937343464105693247e-01,0.000000000000000000e+00,0.000000000000000000e+00,0.000000000000000000e+00,5.382860138523650750e-01,-9.867730521427188206e-01,4.033395289242049375e-01,-6.667314536415881454e-01,0.000000000000000000e+00,0.000000000000000000e+00,0.000000000000000000e+00
-9.273323113003958604e-03,-2.881565612991953199e-02,9.019475521582964728e-01,2.310720323614781288e-02,-2.937318006146336091e-02,7.019316783141898997e-01,7.112630964915197529e-01,-5.576638080564583211e-02,1.767714567969178030e-01,2.799307756538551573e-01,4.725580418597501997e-01,-2.049591914994887132e-01,-5.802266900293604618e-02,-1.117871892737945239e-01,-2.918996492108433261e-01,-2.791598358002627123e-01,5.119366154845925720e-01,-2.186940273349193553e-01,8.148978982499439916e-02,-1.654639373964458537e-01,0.000000000000000000e+00,0.000000000000000000e+00,5.605304493582041747e-01,9.570196133395816318e-01,-4.746985003184193697e-01,-5.962786978915104452e-01,0.000000000000000000e+00,0.000000000000000000e+00,0.000000000000000000e+00,5.363718116768907418e-01,-9.895414720619809534e-01,4.053150998403698968e-01,-6.684668634376976781e-01,0.000000000000000000e+00,0.000000000000000000e+00,0.000000000000000000e+00
-9.702668715122058155e-03,-2.840479768402763908e-02,9.019802086231702987e-01,2.285226535508680379e-02,-3.001145487540917908e-02,7.011505577702181746e-01,7.120147343158806930e-01,-5.459630372473502774e-02,1.788896232986051382e-01,2.830774517335599705e-01,4.738354289238005945e-01,-2.046304681517703838e-01,-5.662840008461599711e-02,-1.105602592103981235e-01,-2.914604005696126987e-01,-2.803069752052618213e-01,5.105003160755651193e-01,-2.156799143229550242e-01,8.359286485187318594e-02,-1.680541897447620781e-01,0.000000000000000000e+00,0.000000000000000000e+00,5.554797139341810519e-01,9.592609675265153513e-01,-4.789644912372892915e-01,-5.962834070046165724e-01,0.000000000000000000e+00,0.000000000000000000e+00,0.000000000000000000e+00,5.317744421081167516e-01,-9.924330549243784994e-01,4.065246142142409647e-01,-6.688020241731209570e-01,0.000000000000000000e+00,0.000000000000000000e+00,0.000000000000000000e+00
-9.818724689655489862e-03,-2.768161849242828029e-02,9.020148874652192950e-01,2.290584643536273252e-02,-3.027791774278440137e-02,7.012021325554962381e-01,7.119509387562216185e-01,-5.297793133940183197e-02,1.799368470803789921e-01,2.850927433965718127e-01,4.735378684403909189e-01,-2.027625258066736991e-01,-5.746960791750946318e-02,-1.086066327479177640e-01,-2.915973750085059102e-01,-2.809297147587266896e-01,5.090660823084934838e-01,-2.120306525979748224e-01,8.633803164601257241e-02,-1.704994908664965725e-01,0.000000000000000000e+00,0.000000000000000000e+00,5.500741935007471550e-01,9.598162625203850995e-01,-4.820559658627874278e-01,-5.949044291846548038e-01,0.000000000000000000e+00,0.000000000000000000e+00,0.000000000000000000e+00,5.291054806219341877e-01,-9.924696609919526624e-01,4.090377438904782559e-01,-6.676692300761561949e-01,0.000000000000000000e+00,0.000000000000000000e+00,0.000000000000000000e+00
-9.677220042973814010e-03,-2.675077425315373902e-02,9.010732833566047484e-01,2.332103788201964067e-02,-3.033807531366862140e-02,7.002061353178561376e-01,7.129145099109709394e-01,-5.432889635285870211e-02,1.806719924030612823e-01,2.853376475949697677e-01,4.817819198998324337e-01,-2.050823436687762291e-01,-5.633622081836461154e-02,-1.121510554272026478e-01,-2.924713823997558415e-01,-2.769160467778952195e-01,5.186568903580540679e-01,-2.179214894229702382e-01,8.303996365459993811e-02,-1.727019073256539916e-01,0.000000000000000000e+00,0.000000000000000000e+00,5.478083246339078283e-01,9.613090184746932998e-01,-4.861459985200334843e-01,-5.918942994576483763e-01,0.000000000000000000e+00,0.000000000000000000e+00,0.000000000000000000e+00,5.280903127907903283e-01,-9.928620452790902773e-01,4.120174131314330856e-01,-6.695859138934684429e-01,0.000000000000000000e+00,0.000000000000000000e+00,0.000000000000000000e+00
-9.302542680534296032e-03,-2.555538426440884942e-02,9.001716708006809453e-01,2.368351409162569587e-02,-3.019989465391493058e-02,6.995492801211388167e-01,7.135529848617834237e-01,-5.523134463230613272e-02,1.812234366165149657e-01,2.853828978153313822e-01,4.889774915528686261e-01,-2.101113295386309032e-01,-5.534359140189810955e-02,-1.154644733598842038e-01,-2.937893778181466242e-01,-2.739137514640648807e-01,5.283469992701366191e-01,-2.230849050000704992e-01,8.172965365942044813e-02,-1.754623012401289872e-01,0.000000000000000000e+00,0.000000000000000000e+00,5.471950389234381262e-01,9.599326756039451292e-01,-4.875063396688960049e-01,-5.886654576879795098e-01,0.000000000000000000e+00,0.000000000000000000e+00,0.000000000000000000e+00,5.272651378689966473e-01,-9.920018854445569190e-01,4.134820277567580749e-01,-6.714003895807778566e-01,0.000000000000000000e+00,0.000000000000000000e+00,0.000000000000000000e+00
-8.775196061642200757e-03,-2.429344066643267935e-02,8.985470877183591165e-01,2.420515362261362047e-02,-3.024263040359528518e-02,6.988044884217632369e-01,7.142631033491614323e-01,-5.938920091720320538e-02,1.823932643704035961e-01,2.832060140252107283e-01,5.036612349670592792e-01,-2.153504885920073109e-01,-5.155712593457491971e-02,-1.214676685106446802e-01,-2.951114908365922718e-01,-2.686090885695643360e-01,5.445480094859976861e-01,-2.317532211036046896e-01,7.691831279250943565e-02,-1.784600354292304458e-01,0.000000000000000000e+00,0.000000000000000000e+00,5.467349397629894803e-01,9.621638828754974782e-01,-4.896075081241928473e-01,-5.865365066261719607e-01,0.000000000000000000e+00,0.000000000000000000e+00,0.000000000000000000e+00,5.265823484498786122e-01,-9.923191656134798810e-01,4.153224942136046760e-01,-6.746822993467898044e-01,0.000000000000000000e+00,0.000000000000000000e+00,0.000000000000000000e+00
-8.144727302092980015e-03,-2.297626879171869516e-02,8.970957039081789430e-01,2.501450220619868756e-02,-3.087647593459145329e-02,6.978618345813604185e-01,7.151292035345603315e-01,-6.055291535109770529e-02,1.840781711136461329e-01,2.819359876825491273e-01,5.159689886522164093e-01,-2.222426542045687348e-01,-4.932773576250423092e-02,-1.250550765115699126e-01,-2.955703582839173116e-01,-2.634946970267817989e-01,5.583214334280340863e-01,-2.386393480010167434e-01,7.510179693981082483e-02,-1.814342392781558844e-01,0.000000000000000000e+00,0.000000000000000000e+00,5.471380865248258729e-01,9.614005789109223432e-01,-4.891832549032298916e-01,-5.851666043615477708e-01,0.000000000000000000e+00,0.000000000000000000e+00,0.000000000000000000e+00,5.250413690188718840e-01,-9.909493540572662518e-01,4.138927500025044171e-01,-6.768515852912068143e-01,0.000000000000000000e+00,0.000000000000000000e+00,0.000000000000000000e+00
-7.527119084721636474e-03,-2.175187910029197785e-02,8.951378081891521177e-01,2.559644485904558758e-02,-3.142104458361286157e-02,6.975998883084592039e-01,7.153404334999369230e-01,-6.429946861214239084e-02,1.862675763227400194e-01,2.797579060425250397e-01,5.326375379423367029e-01,-2.355175817369238034e-01,-4.497179112296965930e-02,-1.300819097117659751e-01,-2.960677718108746248e-01,-2.584057010049025105e-01,5.758574055606635600e-01,-2.511651028286818743e-01,7.103441130839151241e-02,-1.851980732610490621e-01,0.000000000000000000e+00,0.000000000000000000e+00,5.452466527561918852e-01,9.644713300966052394e-01,-4.909574854383907394e-01,-5.860003653793447453e-01,0.000000000000000000e+00,0.000000000000000000e+00,0.000000000000000000e+00,5.237422612771736041e-01,-9.933619446676172915e-01,4.150318526762353244e-01,-6.818746112048884589e-01,0.000000000000000000e+00,0.000000000000000000e+00,0.000000000000000000e+00
-6.918644720126216306e-03,-2.072001846280992210e-02,8.932069078303684906e-01,2.621943627623145312e-02,-3.186191470675264759e-02,6.976635742334247325e-01,7.152362523952621176e-01,-6.860500029545879563e-02,1.887109301253001303e-01,2.777333636315293952e-01,5.485228553522861761e-01,-2.439306831264975162e-01,-4.392203498783470161e-02,-1.357468758876250736e-01,-2.985704962329104872e-01,-2.566106529223849408e-01,5.942935604943723193e-01,-2.569038938178898612e-01,6.704891226690257167e-02,-1.877666985295294022e-01,0.000000000000000000e+00,0.000000000000000000e+00,5.441192230535150109e-01,9.629728269832696919e-01,-4.909875597518867929e-01,-5.840567839466588307e-01,0.000000000000000000e+00,0.000000000000000000e+00,0.000000000000000000e+00,5.225245108473077771e-01,-9.924856862020104975e-01,4.148601272534502282e-01,-6.844780192666347629e-01,0.000000000000000000e+00,0.000000000000000000e+00,0.000000000000000000e+00
-6.454645737228392223e-03,-1.987315083633620777e-02,8.913459383683841608e-01,2.638211392730834340e-02,-3.202425046724263757e-02,6.973056616495760807e-01,7.155719709981551713e-01,-7.420641558647628200e-02,1.912617604720449616e-01,2.764959041501626191e-01,5.648897188424053528e-01,-2.521914001820688145e-01,-3.963974236908821003e-02,-1.429839510373856204e-01,-2.996987036133555993e-01,-2.525966018161608373e-01,6.117017382822993454e-01,-2.626570438471355629e-01,6.211828029076423702e-02,-1.893498919636721345e-01,0.000000000000000000e+00,0.000000000000000000e+00,5.417440744848411871e-01,9.660759803620974084e-01,-4.931276245343413911e-01,-5.848431717188800061e-01,0.000000000000000000e+00,0.000000000000000000e+00,0.000000000000000000e+00,5.212087178514694941e-01,-9.962624266558525177e-01,4.156338326490989776e-01,-6.878018619090208174e-01,0.000000000000000000e+00,0.000000000000000000e+00,0.000000000000000000e+00
-6.125085618816531602e-03,-1.935329451541609527e-02,8.900145351917762016e-01,2.696549153095752563e-02,-3.273030632555693625e-02,6.966977051519510633e-01,7.161102547445706845e-01,-7.608473232969517608e-02,1.931816665658284415e-01,2.757437413711570917e-01,5.755466226389630569e-01,-2.577302583745423870e-01,-3.746326328942497369e-02,-1.468332066016360682e-01,-3.004266692194852983e-01,-2.493769727922251489e-01,6.237369869378940335e-01,-2.643987148272830545e-01,6.178905755006408596e-02,-1.904783240457304239e-01,0.000000000000000000e+00,0.000000000000000000e+00,5.388741615340800761e-01,9.662884291689799454e-01,-4.931515591044075553e-01,-5.850949890450239943e-01,0.000000000000000000e+00,0.000000000000000000e+00,0.000000000000000000e+00,5.179628672376828113e-01,-9.981137953843342014e-01,4.146936142949514403e-01,-6.893493744385106314e-01,0.000000000000000000e+00,0.000000000000000000e+00,0.000000000000000000e+00
-6.026605463972325820e-03,-1.886248671513608352e-02,8.898121455470547891e-01,2.642809390874705650e-02,-3.310737654170675670e-02,6.962084044117623494e-01,7.165886652029206383e-01,-7.694793828371013222e-02,1.959989656337773611e-01,2.772306709697339722e-01,5.790698235525455484e-01,-2.577668135139328798e-01,-3.580221428353615176e-02,-1.468888522842350663e-01,-2.987170646714154554e-01,-2.486786049424650757e-01,6.237531185071871764e-01,-2.640303923341177361e-01,6.447279933795424522e-02,-1.916591827408770654e-01,0.000000000000000000e+00,0.000000000000000000e+00,5.365216880828497237e-01,9.667371243704687700e-01,-4.973338721427211229e-01,-5.852415942061592879e-01,0.000000000000000000e+00,0.000000000000000000e+00,0.000000000000000000e+00,5.169599632839870784e-01,-9.977735390038526830e-01,4.160044452652716385e-01,-6.856493334174980081e-01,0.000000000000000000e+00,0.000000000000000000e+00,0.000000000000000000e+00
-5.864850332359360097e-03,-1.875830415961501213e-02,8.889173530262018952e-01,2.708906264061878080e-02,-3.309241727070139777e-02,6.954071242765863525e-01,7.173423214266689829e-01,-7.747064202965010804e-02,1.952473974114356525e-01,2.765451865995940950e-01,5.843287284467191256e-01,-2.635488708149490988e-01,-3.678116598688691702e-02,-1.502930305669808453e-01,-2.995661444697289011e-01,-2.453774648377071710e-01,6.325556908099781994e-01,-2.738069457207987223e-01,5.777143721055613690e-02,-1.913102241842205564e-01,0.000000000000000000e+00,0.000000000000000000e+00,5.346754158813996627e-01,9.705719277813109613e-01,-4.980127630615706069e-01,-5.855334248578578649e-01,0.000000000000000000e+00,0.000000000000000000e+00,0.000000000000000000e+00,5.137773395147690048e-01,-1.001304808688917136e+00,4.165423752039382754e-01,-6.872786929889624918e-01,0.000000000000000000e+00,0.000000000000000000e+00,0.000000000000000000e+00
-5.913787761964757125e-03,-1.865349902067843860e-02,8.899644170108514940e-01,2.761556092891306532e-02,-3.444857508491346726e-02,6.949900520177534347e-01,7.176625279792449019e-01,-6.950664218797844573e-02,1.964196248841565129e-01,2.801619795406884439e-01,5.751528307573011700e-01,-2.596860974244316611e-01,-3.827463217147058366e-02,-1.425244935348457531e-01,-2.977452170152704025e-01,-2.480335915332791130e-01,6.224044329577450574e-01,-2.656095551783302366e-01,6.314150407078049365e-02,-1.931628353231108208e-01,0.000000000000000000e+00,0.000000000000000000e+00,5.339713973083624055e-01,9.684833884471890642e-01,-5.009032363946281929e-01,-5.822190685664256904e-01,0.000000000000000000e+00,0.000000000000000000e+00,0.000000000000000000e+00,5.127546227218579000e-01,-9.993076556134773414e-01,4.163773985133826239e-01,-6.790794947611109578e-01,0.000000000000000000e+00,0.000000000000000000e+00,0.000000000000000000e+00
-5.984219360318514432e-03,-1.860974721918436450e-02,8.912004713077695817e-01,2.747414302776001599e-02,-3.459802319838975460e-02,6.942106724804227857e-01,7.184147064682993022e-01,-6.339104932309397311e-02,1.966007581000772109e-01,2.848048718066946150e-01,5.639023682538527593e-01,-2.559159166546405295e-01,-4.007905411541721336e-02,-1.377774713673164952e-01,-2.966218532331104663e-01,-2.505814755986257025e-01,6.116976070003102839e-01,-2.606779862998223063e-01,6.652463077156968441e-02,-1.933907698797578678e-01,0.000000000000000000e+00,0.000000000000000000e+00,5.343169200507471572e-01,9.676876277271808657e-01,-5.015091318182046676e-01,-5.811737079381315008e-01,0.000000000000000000e+00,0.000000000000000000e+00,0.000000000000000000e+00,5.108336377360211955e-01,-9.991461039620102014e-01,4.164018987269936800e-01,-6.732669691871875361e-01,0.000000000000000000e+00,0.000000000000000000e+00,0.000000000000000000e+00
-6.077919458170112296e-03,-1.849247643593621149e-02,8.925709109276738218e-01,2.696882679852945566e-02,-3.519907983521730621e-02,6.939877021238278765e-01,7.186200501382867811e-01,-5.799756327939473155e-02,1.980649146969484242e-01,2.883135524910050984e-01,5.535834029997186434e-01,-2.494588847522176411e-01,-4.165842282082176523e-02,-1.308670396773950195e-01,-2.937358769642425260e-01,-2.534969842981762422e-01,5.976633756660523211e-01,-2.528157498878886300e-01,7.297833707867885933e-02,-1.937627640430076847e-01,0.000000000000000000e+00,0.000000000000000000e+00,5.349758645493410958e-01,9.656600173685808697e-01,-5.024276982677652326e-01,-5.814981205069997827e-01,0.000000000000000000e+00,0.000000000000000000e+00,0.000000000000000000e+00,5.101542351979053702e-01,-9.974358749926870438e-01,4.173076805239266385e-01,-6.672761775398302619e-01,0.000000000000000000e+00,0.000000000000000000e+00,0.000000000000000000e+00
-5.965101061585469794e-03,-1.831042891730205388e-02,8.936367478713840296e-01,2.701157213350595734e-02,-3.509429132123301903e-02,6.932972246758268842e-01,7.192897357423727600e-01,-5.259328870713066151e-02,1.981371709762054512e-01,2.929194743217455876e-01,5.434633659021401719e-01,-2.422562197602212697e-01,-4.620657601179544577e-02,-1.258425321366843930e-01,-2.930711185031996679e-01,-2.562899234588394970e-01,5.872905061521096481e-01,-2.528596169414222272e-01,7.379943199704119827e-02,-1.945453712343153119e-01,0.000000000000000000e+00,0.000000000000000000e+00,5.364140245733675094e-01,9.659731020474350283e-01,-5.020549940260667920e-01,-5.797539768571899899e-01,0.000000000000000000e+00,0.000000000000000000e+00,0.000000000000000000e+00,5.089620247138220144e-01,-9.947493060933322306e-01,4.183274074409435439e-01,-6.637383872786999373e-01,0.000000000000000000e+00,0.000000000000000000e+00,0.000000000000000000e+00
-5.659669843472161024e-03,-1.808363323926696908e-02,8.930047578958592025e-01,2.619538762956317296e-02,-3.352922080839969982e-02,6.933418380935926217e-01,7.193515750784983398e-01,-5.829636201197901935e-02,1.980599237426375892e-01,2.924683840275675850e-01,5.485840715418235369e-01,-2.465604332932360976e-01,-4.670816830723260177e-02,-1.330936332797784116e-01,-2.942400899023697725e-01,-2.541018255696255723e-01,5.953826629630909473e-01,-2.617648301736222316e-01,6.771400931686134828e-02,-1.952867948639835927e-01,0.000000000000000000e+00,0.000000000000000000e+00,5.371007923794335337e-01,9.712369024639349036e-01,-5.003123712693197112e-01,-5.851012744819177325e-01,0.000000000000000000e+00,0.000000000000000000e+00,0.000000000000000000e+00,5.074973699828972951e-01,-9.980455384582198608e-01,4.203781845446867838e-01,-6.685266864723001801e-01,0.000000000000000000e+00,0.000000000000000000e+00,0.000000000000000000e+00
-5.389690105864714496e-03,-1.752409681437520905e-02,8.935171059170377017e-01,2.554161713757615443e-02,-3.364449651765823862e-02,6.927755798010862831e-01,7.199150433761882795e-01,-5.673116182021711862e-02,2.009413873900448844e-01,2.964213773044428457e-01,5.457393245322249564e-01,-2.412313054646841592e-01,-4.739778463481600368e-02,-1.313921994933069382e-01,-2.920630821285419843e-01,-2.542725476478122637e-01,5.901295673434995281e-01,-2.574668363342174637e-01,7.207096079100371033e-02,-1.973480337524219363e-01,0.000000000000000000e+00,0.000000000000000000e+00,5.405808750013021413e-01,9.677309524270009122e-01,-4.952489986456446447e-01,-5.853186949233105674e-01,0.000000000000000000e+00,0.000000000000000000e+00,0.000000000000000000e+00,5.074600553592937269e-01,-9.929159876440109000e-01,4.186111480051671885e-01,-6.653618593946349913e-01,0.000000000000000000e+00,0.000000000000000000e+00,0.000000000000000000e+00
-4.951403205310101439e-03,-1.681202047571799668e-02,8.930095306373283526e-01,2.557564652658680937e-02,-3.393953548091823563e-02,6.918852415286337321e-01,7.207557192218112530e-01,-5.683194954101969398e-02,2.020689378884798770e-01,2.955003900762373514e-01,5.499126673284331357e-01,-2.421970656999428428e-01,-4.752639401716968193e-02,-1.317125077605675043e-01,-2.905878638885247001e-01,-2.521181622167796288e-01,5.932150979548557190e-01,-2.657202512288960317e-01,6.909176088785388969e-02,-1.978936279519734609e-01,0.000000000000000000e+00,0.000000000000000000e+00,5.434153603674291011e-01,9.681738758641694753e-01,-4.937551742429934221e-01,-5.855925286735220725e-01,0.000000000000000000e+00,0.000000000000000000e+00,0.000000000000000000e+00,5.078455849438192615e-01,-9.907308918787000040e-01,4.197117638581198684e-01,-6.648602235728241494e-01,0.000000000000000000e+00,0.000000000000000000e+00,0.000000000000000000e+00
-4.494698540359840302e-03,-1.603354821817126741e-02,8.922813744966581195e-01,2.560170992089249448e-02,-3.411083380979996332e-02,6.913671742100181428e-01,7.212436716469549092e-01,-5.765731988736515906e-02,2.035477575463091049e-01,2.951808129172754924e-01,5.555607276081000467e-01,-2.466618316320820514e-01,-4.663965001135442212e-02,-1.335638295846773016e-01,-2.902415061311760525e-01,-2.504351933959536591e-01,5.995011206518777724e-01,-2.714281994390401742e-01,6.750147636747794166e-02,-1.998404102848919117e-01,0.000000000000000000e+00,0.000000000000000000e+00,5.457578233739257545e-01,9.686224457297273327e-01,-4.920324482675014210e-01,-5.863788798148442671e-01,0.000000000000000000e+00,0.000000000000000000e+00,0.000000000000000000e+00,5.082621173275282400e-01,-9.894947017942988809e-01,4.186623376843957578e-01,-6.655522633734034521e-01,0.000000000000000000e+00,0.000000000000000000e+00,0.000000000000000000e+00
-4.057168105174867832e-03,-1.523543511343037130e-02,8.911088494802177351e-01,2.559084345506123376e-02,-3.435814098426360347e-02,6.912563626696349717e-01,7.213385252072077591e-01,-6.099025684419477622e-02,2.049226142764033753e-01,2.917586503444346002e-01,5.658173353755884261e-01,-2.521961150357031611e-01,-4.663479666337191215e-02,-1.355817947862834327e-01,-2.898312596973660615e-01,-2.487847540611367592e-01,6.079442188178179052e-01,-2.831114829973877534e-01,6.410129120850960316e-02,-2.007077629684971554e-01,0.000000000000000000e+00,0.000000000000000000e+00,5.477918417011620189e-01,9.702176062172159776e-01,-4.904201349697775436e-01,-5.876293261765420661e-01,0.000000000000000000e+00,0.000000000000000000e+00,0.000000000000000000e+00,5.103185347063522448e-01,-9.883135149451254264e-01,4.176809047433043265e-01,-6.665598819227381844e-01,0.000000000000000000e+00,0.000000000000000000e+00,0.000000000000000000e+00
-3.702659800449596000e-03,-1.463734180928462185e-02,8.896914339728202448e-01,2.589953068011329254e-02,-3.469915756984995325e-02,6.906913405244201609e-01,7.218522389651993443e-01,-6.425763180439650335e-02,2.061302986739724785e-01,2.892928666956811057e-01,5.775795545387257812e-01,-2.591859362833671132e-01,-4.445606161741732371e-02,-1.398631037597734272e-01,-2.904498310027158192e-01,-2.463090658130100974e-01,6.203392963982411468e-01,-2.914948794394822684e-01,5.830882326382029468e-02,-2.017513666083214918e-01,0.000000000000000000e+00,0.000000000000000000e+00,5.496323992892639954e-01,9.721336098607171738e-01,-4.870916746054413937e-01,-5.883882269307953994e-01,0.000000000000000000e+00,0.000000000000000000e+00,0.000000000000000000e+00,5.102029648358068492e-01,-9.897327540732319129e-01,4.144663966542548317e-01,-6.692225360863013339e-01,0.000000000000000000e+00,0.000000000000000000e+00,0.000000000000000000e+00
-3.484093387744688960e-03,-1.415336111932874799e-02,8.899490911698985096e-01,2.577615071681273531e-02,-3.514768916499644985e-02,6.903196987862106893e-01,7.221903789640926608e-01,-6.267817599639358139e-02,2.069694460335547159e-01,2.888261160157677976e-01,5.763725667785110085e-01,-2.565343510831988305e-01,-4.425634244803445388e-02,-1.376792135981298182e-01,-2.895142287691984673e-01,-2.476879502586313009e-01,6.179430957778176969e-01,-2.896823751287979087e-01,5.998588279333227219e-02,-2.016600231525094156e-01,0.000000000000000000e+00,0.000000000000000000e+00,5.504233362287073161e-01,9.701483047630328205e-01,-4.860582681221776169e-01,-5.871124154508066129e-01,0.000000000000000000e+00,0.000000000000000000e+00,0.000000000000000000e+00,5.106651308787394372e-01,-9.861120853545103371e-01,4.131183664721636006e-01,-6.644545393859071503e-01,0.000000000000000000e+00,0.000000000000000000e+00,0.000000000000000000e+00
-3.416868753328942618e-03,-1.369809501112204467e-02,8.906230257926430749e-01,2.647023897577207088e-02,-3.699180328010217428e-02,6.898324191921254567e-01,7.225386954137410500e-01,-5.463096294999721103e-02,2.083452349275761728e-01,2.910371097135249774e-01,5.701797193779625239e-01,-2.547812454894429202e-01,-4.191634416712632094e-02,-1.298740729759034207e-01,-2.868466522050174827e-01,-2.489673288040132881e-01,6.105845743391388192e-01,-2.816853993562860037e-01,6.324952875909120587e-02,-2.021992820617838638e-01,0.000000000000000000e+00,0.000000000000000000e+00,5.526999388631835819e-01,9.650790639249363645e-01,-4.858544844406371688e-01,-5.830103112716688019e-01,0.000000000000000000e+00,0.000000000000000000e+00,0.000000000000000000e+00,5.112527476887114286e-01,-9.822446786142564612e-01,4.120390148439765365e-01,-6.560880735859951907e-01,0.000000000000000000e+00,0.000000000000000000e+00,0.000000000000000000e+00
-3.405038736079659886e-03,-1.337359503585588104e-02,8.921171952850794895e-01,2.655506124820950289e-02,-3.782643098049046082e-02,6.900433945416326598e-01,7.222908718036262776e-01,-4.728317774722448630e-02,2.094179395174992353e-01,2.950784835606619083e-01,5.581072611621084034e-01,-2.470818116714607326e-01,-4.289427236361920137e-02,-1.220140536578024903e-01,-2.853860869056480398e-01,-2.528251652243937442e-01,5.973052151944353572e-01,-2.659971528965103804e-01,7.138060693816300484e-02,-2.039291974282050335e-01,0.000000000000000000e+00,0.000000000000000000e+00,5.539575005735902780e-01,9.604426045953893265e-01,-4.854484282281312790e-01,-5.799790166212663856e-01,0.000000000000000000e+00,0.000000000000000000e+00,0.000000000000000000e+00,5.099417381443422936e-01,-9.773761444273972865e-01,4.115828383804775448e-01,-6.488847640843915521e-01,0.000000000000000000e+00,0.000000000000000000e+00,0.000000000000000000e+00
-3.299391583831817569e-03,-1.314985474774784356e-02,8.925102179369622801e-01,2.617400092861053504e-02,-3.699095069876581765e-02,6.897467727961642536e-01,7.226312895654788404e-01,-4.684898236871756078e-02,2.091776374882188261e-01,2.973557979941211515e-01,5.540661899938561508e-01,-2.444097931486546860e-01,-4.577615975081247152e-02,-1.232288359708893222e-01,-2.854856018171169629e-01,-2.518900221799525996e-01,5.951290395124836374e-01,-2.648405162986681716e-01,7.228816741707137783e-02,-2.050450347106789750e-01,0.000000000000000000e+00,0.000000000000000000e+00,5.581472865541333706e-01,9.582104913927603773e-01,-4.793331612678407017e-01,-5.794372512796220898e-01,0.000000000000000000e+00,0.000000000000000000e+00,0.000000000000000000e+00,5.095660718183763205e-01,-9.726918256182357503e-01,4.066009103921871537e-01,-6.461066802853919766e-01,0.000000000000000000e+00,0.000000000000000000e+00,0.000000000000000000e+00
-3.255849138858480166e-03,-1.269808898195052410e-02,8.923838347022116091e-01,2.526897680556674033e-02,-3.639586339931568520e-02,6.897328297124668550e-01,7.227070247032688632e-01,-4.911501397178402728e-02,2.103373151251207718e-01,2.981701031307131822e-01,5.557707374442868442e-01,-2.461227884647514130e-01,-4.514053706535650634e-02,-1.246915414082134382e-01,-2.849196157903943205e-01,-2.521249958414970571e-01,5.951683092614055148e-01,-2.679640860699278315e-01,7.305675391468588464e-02,-2.052362263431657952e-01,0.000000000000000000e+00,0.000000000000000000e+00,5.630941318800291029e-01,9.543889074239189085e-01,-4.784607813165551171e-01,-5.773189364282077518e-01,0.000000000000000000e+00,0.000000000000000000e+00,0.000000000000000000e+00,5.122046081300243303e-01,-9.681942927468638604e-01,4.055420571712606836e-01,-6.431762267495029217e-01,0.000000000000000000e+00,0.000000000000000000e+00,0.000000000000000000e+00
-3.113972808751619067e-03,-1.237393214672290707e-02,8.905774284436396293e-01,2.583500247330963728e-02,-3.598713696731548062e-02,6.889590318841990468e-01,7.234451817555267450e-01,-5.487620656142769282e-02,2.082687153495786925e-01,2.921205507330935647e-01,5.695736058406406510e-01,-2.534291243474356414e-01,-4.264003490235145077e-02,-1.331930845275103581e-01,-2.867527273096347473e-01,-2.462270609059381277e-01,6.131111083838316489e-01,-2.808639720359898950e-01,6.042537721457568595e-02,-2.052804830714880513e-01,0.000000000000000000e+00,0.000000000000000000e+00,5.672275556265248264e-01,9.568859287468436392e-01,-4.792279042499711927e-01,-5.759282956700568779e-01,0.000000000000000000e+00,0.000000000000000000e+00,0.000000000000000000e+00,5.120185761357366472e-01,-9.700637711193560442e-01,4.070143373438777634e-01,-6.473591770716067284e-01,0.000000000000000000e+00,0.000000000000000000e+00,0.000000000000000000e+00
-3.063270733535618413e-03,-1.187923362802784273e-02,8.906006640775753214e-01,2.584520026780076640e-02,-3.565644553142038181e-02,6.888655068968391193e-01,7.235502449194138874e-01,-5.399908980486199661e-02,2.086775135196618502e-01,2.948253667071355499e-01,5.690535543604725577e-01,-2.545233917010184532e-01,-4.304261833870670628e-02,-1.331207421104115274e-01,-2.876664227683486397e-01,-2.465802189043546366e-01,6.132345316797801482e-01,-2.824003192419874964e-01,6.179633305325608894e-02,-2.063305543348459281e-01,0.000000000000000000e+00,0.000000000000000000e+00,5.724346592784759213e-01,9.520340984118844663e-01,-4.758053423160965023e-01,-5.716293077425488312e-01,0.000000000000000000e+00,0.000000000000000000e+00,0.000000000000000000e+00,5.149880280934552301e-01,-9.630969141517505827e-01,4.019324044109688909e-01,-6.433876248156763511e-01,0.000000000000000000e+00,0.000000000000000000e+00,0.000000000000000000e+00
-3.169937996525351229e-03,-1.105752974669984949e-02,8.920847843608351591e-01,2.619127552014660631e-02,-3.664488276748698731e-02,6.884885029238635434e-01,7.238471875991805415e-01,-4.430615798925535698e-02,2.097406497329346031e-01,3.014740668941137680e-01,5.563481121426903098e-01,-2.467005382907096755e-01,-4.166302355667050872e-02,-1.233152169290455125e-01,-2.855085109818055189e-01,-2.490216300851761932e-01,5.982020558000049615e-01,-2.707198355539683354e-01,6.939508218442373699e-02,-2.063963286137625031e-01,0.000000000000000000e+00,0.000000000000000000e+00,5.769467446136125055e-01,9.451346499034041226e-01,-4.744208781389455676e-01,-5.661604623019397264e-01,0.000000000000000000e+00,0.000000000000000000e+00,0.000000000000000000e+00,5.168259405503743409e-01,-9.559178716783157670e-01,4.002604671144052717e-01,-6.332749868269099691e-01,0.000000000000000000e+00,0.000000000000000000e+00,0.000000000000000000e+00
-3.205867801182932762e-03,-1.044086258601330947e-02,8.922361394076192553e-01,2.529748667167671175e-02,-3.547977908184470064e-02,6.884470646222529133e-01,7.239764234126722098e-01,-4.539748297036066971e-02,2.084359029797215879e-01,3.009508916018624469e-01,5.535988012157845306e-01,-2.500438139293884587e-01,-4.248415907654575635e-02,-1.261873923342974047e-01,-2.852280020679285322e-01,-2.472444152227434022e-01,5.983424678912957484e-01,-2.724786503382038427e-01,6.789490539484749343e-02,-2.060730396336561132e-01,0.000000000000000000e+00,0.000000000000000000e+00,5.812314403015783615e-01,9.451975724589535277e-01,-4.682146138376335198e-01,-5.680468583268054594e-01,0.000000000000000000e+00,0.000000000000000000e+00,0.000000000000000000e+00,5.176118808015894857e-01,-9.552395198591472347e-01,3.952405515434100902e-01,-6.312427872606839463e-01,0.000000000000000000e+00,0.000000000000000000e+00,0.000000000000000000e+00
-3.312728936370534956e-03,-9.635157744780560238e-03,8.926291236089768377e-01,2.479809527118199269e-02,-3.505681758774033263e-02,6.884506345961708407e-01,7.240109099562468398e-01,-4.412428709579632735e-02,2.084637256348194079e-01,3.027535424178906531e-01,5.504161977867468858e-01,-2.492138956376265813e-01,-4.238835978620238143e-02,-1.244867524591590641e-01,-2.854211267436807531e-01,-2.492610401714271950e-01,5.945541568808165866e-01,-2.723991983059864119e-01,6.899505848292054877e-02,-2.068067739944762506e-01,0.000000000000000000e+00,0.000000000000000000e+00,5.864596114811616578e-01,9.437551662559637844e-01,-4.663401320131510541e-01,-5.679569478739847632e-01,0.000000000000000000e+00,0.000000000000000000e+00,0.000000000000000000e+00,5.196641976227905912e-01,-9.522345415587690765e-01,3.932337477165121498e-01,-6.272322758264616827e-01,0.000000000000000000e+00,0.000000000000000000e+00,0.000000000000000000e+00
-3.353499555511271768e-03,-8.815318052367843507e-03,8.928745699731812646e-01,2.446064996720241635e-02,-3.471045912414036372e-02,6.883735507697228417e-01,7.241123636779436268e-01,-4.269603181834120964e-02,2.074684268213890237e-01,3.020943837987960512e-01,5.472108773963844097e-01,-2.488469775266271833e-01,-4.396226148336986050e-02,-1.232711061276997311e-01,-2.853153281008332653e-01,-2.502024898133669017e-01,5.924908435229725434e-01,-2.748809882481083045e-01,6.695946663568466684e-02,-2.056797481433103869e-01,0.000000000000000000e+00,0.000000000000000000e+00,5.917957228576370410e-01,9.404603963990066928e-01,-4.621684212665707614e-01,-5.676330101432914832e-01,0.000000000000000000e+00,0.000000000000000000e+00,0.000000000000000000e+00,5.241502097089804080e-01,-9.471199032677477536e-01,3.897783717315197460e-01,-6.217554296359483201e-01,0.000000000000000000e+00,0.000000000000000000e+00,0.000000000000000000e+00
-3.402637586601271052e-03,-7.830503975409647960e-03,8.938059732468786045e-01,2.508084623379014388e-02,-3.550955402102749792e-02,6.881238529230752077e-01,7.242897112093531486e-01,-3.440165471992112645e-02,2.066921939405025332e-01,3.045726177356113951e-01,5.374906808068652397e-01,-2.432475476889586485e-01,-4.606962258456847453e-02,-1.148235306112398296e-01,-2.835798594372065384e-01,-2.512631575426553798e-01,5.821252387404992623e-01,-2.720499709035522629e-01,6.829290622982164827e-02,-2.058345138826610243e-01,0.000000000000000000e+00,0.000000000000000000e+00,5.970738447114333214e-01,9.351963720249111267e-01,-4.622538740417693748e-01,-5.614337403783329350e-01,0.000000000000000000e+00,0.000000000000000000e+00,0.000000000000000000e+00,5.260231333915614815e-01,-9.427224990612833588e-01,3.902950701686109802e-01,-6.141618781241340308e-01,0.000000000000000000e+00,0.000000000000000000e+00,0.000000000000000000e+00
-3.452601422012323978e-03,-7.078434439630676249e-03,8.942374299955184735e-01,2.410744947314679212e-02,-3.455933469262859048e-02,6.879513596085857774e-01,7.245325459068089335e-01,-3.538310977419831249e-02,2.059351756172198011e-01,3.041494452457513820e-01,5.344540173370848635e-01,-2.408920893362472004e-01,-4.515918508894971317e-02,-1.165645538422638711e-01,-2.828649274650512635e-01,-2.500761383606059374e-01,5.798806573641368534e-01,-2.685497576879887771e-01,6.842349947672751731e-02,-2.058100023205134965e-01,0.000000000000000000e+00,0.000000000000000000e+00,6.018343499637645033e-01,9.303253944691354249e-01,-4.561491693296354510e-01,-5.593242411342940201e-01,0.000000000000000000e+00,0.000000000000000000e+00,0.000000000000000000e+00,5.271432434130384204e-01,-9.387273472218826686e-01,3.871915367162649391e-01,-6.094603706310511848e-01,0.000000000000000000e+00,0.000000000000000000e+00,0.000000000000000000e+00
-3.483117907420715809e-03,-6.192078241516915139e-03,8.953693464879974862e-01,2.459259078824171940e-02,-3.560788285643143314e-02,6.880568543002734128e-01,7.243652727783256307e-01,-2.640799044714142382e-02,2.056086510452117544e-01,3.065701292383873899e-01,5.229270540905126552e-01,-2.351157740257127093e-01,-4.673895289944648285e-02,-1.074198816742228668e-01,-2.807962852253925168e-01,-2.523296543946632053e-01,5.682896506639040224e-01,-2.600998196271586682e-01,7.072822580918079749e-02,-2.074692596775360165e-01,0.000000000000000000e+00,0.000000000000000000e+00,6.076831862216415248e-01,9.244764056275058817e-01,-4.547125360361581325e-01,-5.528969405588564090e-01,0.000000000000000000e+00,0.000000000000000000e+00,0.000000000000000000e+00,5.296513916112670639e-01,-9.317047707430139436e-01,3.861816357552390055e-01,-6.002819200456008808e-01,0.000000000000000000e+00,0.000000000000000000e+00,0.000000000000000000e+00
-3.477545748355181932e-03,-5.555078137380313474e-03,8.953420312460229624e-01,2.353916146011586844e-02,-3.455485240752591281e-02,6.878373614807370418e-01,7.246596678469606756e-01,-2.968114975541327055e-02,2.058173025125727140e-01,3.061647586814947308e-01,5.241848662550433469e-01,-2.337044151356376942e-01,-4.717358768191335511e-02,-1.105353271791440217e-01,-2.810032995032906711e-01,-2.524688361583499185e-01,5.692779938601505441e-01,-2.627335370938224113e-01,6.906828005432605333e-02,-2.064589069929636533e-01,0.000000000000000000e+00,0.000000000000000000e+00,6.126879306514600998e-01,9.236869532787177484e-01,-4.490075712560169241e-01,-5.537045123848431949e-01,0.000000000000000000e+00,0.000000000000000000e+00,0.000000000000000000e+00,5.319933186542056269e-01,-9.288178495195612561e-01,3.834883028748931610e-01,-5.974227522146516867e-01,0.000000000000000000e+00,0.000000000000000000e+00,0.000000000000000000e+00
-3.457649144314469368e-03,-4.822344497122155182e-03,8.959264557527562012e-01,2.295790579114308227e-02,-3.406039019822813818e-02,6.873835087428213919e-01,7.251322198672721653e-01,-2.782207746678471219e-02,2.056843583259164165e-01,3.081228406292654820e-01,5.190305616095667318e-01,-2.301161886414822833e-01,-4.769144203641875052e-02,-1.092078806852960771e-01,-2.799437732319205452e-01,-2.525264897174613332e-01,5.639557417547869100e-01,-2.607908661370142989e-01,6.980913032984760458e-02,-2.074806875644561455e-01,0.000000000000000000e+00,0.000000000000000000e+00,6.195202329680168374e-01,9.192935103669620522e-01,-4.445397326229160173e-01,-5.500792612608274013e-01,0.000000000000000000e+00,0.000000000000000000e+00,0.000000000000000000e+00,5.338617642965799437e-01,-9.223060404641058030e-01,3.808086650470704493e-01,-5.927164203495678407e-01,0.000000000000000000e+00,0.000000000000000000e+00,0.000000000000000000e+00
-3.461043395720150677e-03,-4.287875047703303133e-03,8.960666760140144627e-01,2.304831501528948820e-02,-3.424281966472049465e-02,6.874311649100637300e-01,7.250755808788205137e-01,-2.494199973999907186e-02,2.055951285647101279e-01,3.093947010857019952e-01,5.161564971207086572e-01,-2.332734305546816378e-01,-4.775307826943474276e-02,-1.075716602305912123e-01,-2.801952101223442182e-01,-2.533230349267749926e-01,5.628037778425618587e-01,-2.574256452849142951e-01,7.236000129349325072e-02,-2.077832342930664711e-01,0.000000000000000000e+00,0.000000000000000000e+00,6.258153882420556258e-01,9.127184026599997058e-01,-4.394541255529112456e-01,-5.484563231746969469e-01,0.000000000000000000e+00,0.000000000000000000e+00,0.000000000000000000e+00,5.374264223781753946e-01,-9.172426441939445230e-01,3.764277461314491924e-01,-5.877275028624252551e-01,0.000000000000000000e+00,0.000000000000000000e+00,0.000000000000000000e+00
-3.478221405319792577e-03,-3.825087394381181810e-03,8.958674670897815995e-01,2.298815053452945081e-02,-3.413045700981249403e-02,6.871974439398800261e-01,7.253043015740354704e-01,-2.448188416579053991e-02,2.050856040517561596e-01,3.091239851012747564e-01,5.164537785930661817e-01,-2.367643878485259368e-01,-4.600737770502767721e-02,-1.089666067156970508e-01,-2.804337713825008072e-01,-2.519665579863179516e-01,5.654933296959938627e-01,-2.559339686974695938e-01,7.232448423323108166e-02,-2.086394508922785884e-01,0.000000000000000000e+00,0.000000000000000000e+00,6.330201331154344802e-01,9.072007368493989476e-01,-4.346066130354687695e-01,-5.473246390268990957e-01,0.000000000000000000e+00,0.000000000000000000e+00,0.000000000000000000e+00,5.409058316127908217e-01,-9.133824204181276718e-01,3.720350407781697344e-01,-5.851044140484938927e-01,0.000000000000000000e+00,0.000000000000000000e+00,0.000000000000000000e+00
-3.493843815585457625e-03,-3.413386197330990114e-03,8.961018379354553920e-01,2.265652238534132668e-02,-3.381999523800314350e-02,6.868234179700667408e-01,7.256834588465000957e-01,-2.431320549058009137e-02,2.057044411779941906e-01,3.110654710878295037e-01,5.152656944547959750e-01,-2.317231082669956865e-01,-4.728080567440777482e-02,-1.083458354714296190e-01,-2.806884039170060019e-01,-2.534415306806409030e-01,5.629210464143922232e-01,-2.554472703090394092e-01,7.286137065981369842e-02,-2.087967559829606856e-01,0.000000000000000000e+00,0.000000000000000000e+00,6.396349916318802009e-01,9.021389759034710298e-01,-4.298826076518315609e-01,-5.450809275914244578e-01,0.000000000000000000e+00,0.000000000000000000e+00,0.000000000000000000e+00,5.454797296148441443e-01,-9.067381788260092668e-01,3.681309074030956752e-01,-5.807055229105989591e-01,0.000000000000000000e+00,0.000000000000000000e+00,0.000000000000000000e+00
-3.499631164524154292e-03,-3.049972233098017203e-03,8.963028217652027063e-01,2.234207123212901547e-02,-3.308837610414683966e-02,6.863981163765066063e-01,7.261292013509947907e-01,-2.359520106722957922e-02,2.053809679827224288e-01,3.141705619693165308e-01,5.123922759130677962e-01,-2.316898691164465951e-01,-4.656449481848586730e-02,-1.101274170149512677e-01,-2.808647468802359382e-01,-2.520674867417576070e-01,5.625618724659428027e-01,-2.532131329004312925e-01,7.190225021057630728e-02,-2.106188710912289819e-01,0.000000000000000000e+00,0.000000000000000000e+00,6.451625635966764527e-01,8.991362895386809662e-01,-4.260830395644472635e-01,-5.431215593465431590e-01,0.000000000000000000e+00,0.000000000000000000e+00,0.000000000000000000e+00,5.461963806382656994e-01,-9.055352003706222952e-01,3.668855379181265586e-01,-5.799428501175284412e-01,0.000000000000000000e+00,0.000000000000000000e+00,0.000000000000000000e+00
-3.523191996144086659e-03,-2.795166178723185527e-03,8.966692880885801520e-01,2.169226171078121601e-02,-3.260909482427819944e-02,6.858949276889636515e-01,7.266458841052941819e-01,-2.355526783111373812e-02,2.053694275974698447e-01,3.152110156870258639e-01,5.097014490316147395e-01,-2.290695763435629528e-01,-4.666922280825758218e-02,-1.104787611359885485e-01,-2.794890804456474087e-01,-2.509269144891103642e-01,5.591386472720459855e-01,-2.526343413993917819e-01,7.170437998936858570e-02,-2.108749651968101213e-01,0.000000000000000000e+00,0.000000000000000000e+00,6.490826346743442388e-01,8.950395606306179586e-01,-4.208403153409824848e-01,-5.405041968063711844e-01,0.000000000000000000e+00,0.000000000000000000e+00,0.000000000000000000e+00,5.469820095286842543e-01,-9.039553876848381853e-01,3.646151052736564813e-01,-5.785525824606091438e-01,0.000000000000000000e+00,0.000000000000000000e+00,0.000000000000000000e+00
-3.518522811321902512e-03,-2.395738861351843704e-03,8.976089644170880399e-01,2.187152806519690462e-02,-3.338824473788652020e-02,6.853524691676184943e-01,7.271168093087010398e-01,-1.730770586490517834e-02,2.053226698773378267e-01,3.176451364051255943e-01,5.014809675335435424e-01,-2.233211792410446095e-01,-4.599659684566531626e-02,-1.023229651592579281e-01,-2.767104782899620918e-01,-2.523848017925007792e-01,5.463996295218439547e-01,-2.515560479710076125e-01,7.479403012474260259e-02,-2.114681705297788983e-01,0.000000000000000000e+00,0.000000000000000000e+00,6.520182134371760307e-01,8.899972571172063418e-01,-4.244231373340996982e-01,-5.373151468491892402e-01,0.000000000000000000e+00,0.000000000000000000e+00,0.000000000000000000e+00,5.485000620737552346e-01,-8.980344741841915779e-01,3.677549650058533626e-01,-5.738655346360285181e-01,0.000000000000000000e+00,0.000000000000000000e+00,0.000000000000000000e+00
-3.450223257933400858e-03,-2.384918055376340426e-03,8.982665385418745485e-01,2.060651658536154229e-02,-3.237981340588905188e-02,6.851089888233516945e-01,7.274287543061950245e-01,-1.954717667233342795e-02,2.061091306401677259e-01,3.192922303003292162e-01,4.979040383406617143e-01,-2.173133709123297175e-01,-4.555333393769893380e-02,-1.044922536167710442e-01,-2.751187151022106980e-01,-2.515338822731970625e-01,5.417601629610663272e-01,-2.470878010672269975e-01,7.608904964504012436e-02,-2.121089793704043491e-01,0.000000000000000000e+00,0.000000000000000000e+00,6.533545389577917195e-01,8.879255299381609845e-01,-4.208010765363077166e-01,-5.355704415380726502e-01,0.000000000000000000e+00,0.000000000000000000e+00,0.000000000000000000e+00,5.466715409685490856e-01,-8.964233769951627240e-01,3.649664591343165787e-01,-5.728077126100319383e-01,0.000000000000000000e+00,0.000000000000000000e+00,0.000000000000000000e+00
-3.288614850186846739e-03,-2.395537941810908442e-03,8.979337368581262746e-01,2.060622522019037520e-02,-3.197981824013673702e-02,6.847874967588446493e-01,7.277491044242236917e-01,-2.087051347958262040e-02,2.060152343015857757e-01,3.194887341156776861e-01,4.999661269768290728e-01,-2.186815120995015960e-01,-4.605018087367969415e-02,-1.072092412291016233e-01,-2.761439096094550072e-01,-2.509884285766132428e-01,5.457735658113144206e-01,-2.493983305633218350e-01,7.477081350293292294e-02,-2.133240485306727441e-01,0.000000000000000000e+00,0.000000000000000000e+00,6.566794086378286988e-01,8.851974175917159959e-01,-4.180304718228246008e-01,-5.347187616751077899e-01,0.000000000000000000e+00,0.000000000000000000e+00,0.000000000000000000e+00,5.467982977915616383e-01,-8.946446644188698061e-01,3.623554507656959744e-01,-5.748425957263491037e-01,0.000000000000000000e+00,0.000000000000000000e+00,0.000000000000000000e+00
-3.079246050245752330e-03,-2.493169477743313600e-03,8.970473686700796145e-01,2.127952934747556757e-02,-3.168376074916644247e-02,6.849081617839045677e-01,7.276291162792579703e-01,-2.424822658084679200e-02,2.039337662145317143e-01,3.145897533378030908e-01,5.069993222416409040e-01,-2.225765451584683363e-01,-4.330102307000900652e-02,-1.115881871623026766e-01,-2.778144265732631624e-01,-2.473906158617185935e-01,5.555396337214368874e-01,-2.540219848709824313e-01,7.138278148447672888e-02,-2.131503724400416744e-01,0.000000000000000000e+00,0.000000000000000000e+00,6.575423525043748718e-01,8.870093546611290680e-01,-4.188522306037691378e-01,-5.365435120277788350e-01,0.000000000000000000e+00,0.000000000000000000e+00,0.000000000000000000e+00,5.469539251757883358e-01,-8.964591592179944612e-01,3.637569305291711297e-01,-5.807730654622359490e-01,0.000000000000000000e+00,0.000000000000000000e+00,0.000000000000000000e+00
-2.932835676361562199e-03,-2.623964079667292192e-03,8.963673994516965227e-01,2.114739770228838550e-02,-3.088219606552255678e-02,6.848942071445074387e-01,7.276805635417852303e-01,-2.848226520127999928e-02,2.043066513257233985e-01,3.149125757565933159e-01,5.128945053587395941e-01,-2.243877717659528703e-01,-4.334947941082917255e-02,-1.175887844941066324e-01,-2.793188888901639300e-01,-2.453258788913536548e-01,5.640550889801125845e-01,-2.566454308774321347e-01,6.654864674001120806e-02,-2.138334643939171498e-01,0.000000000000000000e+00,0.000000000000000000e+00,6.607295039863496644e-01,8.880683021033960456e-01,-4.179963499635645507e-01,-5.361240227537064085e-01,0.000000000000000000e+00,0.000000000000000000e+00,0.000000000000000000e+00,5.481047467679488472e-01,-8.972968921117555618e-01,3.626627386748695336e-01,-5.835972846881428699e-01,0.000000000000000000e+00,0.000000000000000000e+00,0.000000000000000000e+00
-2.908433487080221841e-03,-2.761876787898131201e-03,8.964189613255626465e-01,2.078454768680738224e-02,-3.063698884140947029e-02,6.850307579487017184e-01,7.275728404472057154e-01,-3.007937930469438068e-02,2.046346262804946414e-01,3.147987084977684202e-01,5.135958581386077526e-01,-2.242862833010923207e-01,-4.152983707703104821e-02,-1.184287981227281350e-01,-2.792955869768847799e-01,-2.458097637309776262e-01,5.633955156504467654e-01,-2.548061376688145474e-01,6.808527326522512135e-02,-2.132385660450623610e-01,0.000000000000000000e+00,0.000000000000000000e+00,6.605640851920423495e-01,8.873146839144830933e-01,-4.180804155688022661e-01,-5.360408615385174880e-01,0.000000000000000000e+00,0.000000000000000000e+00,0.000000000000000000e+00,5.481300756038927080e-01,-8.964220647402626474e-01,3.638175311939768619e-01,-5.837809877182313922e-01,0.000000000000000000e+00,0.000000000000000000e+00,0.000000000000000000e+00
-3.006626076843596680e-03,-2.879503365312998005e-03,8.967773298222245781e-01,1.995423801412491566e-02,-3.032357011993773097e-02,6.854190454945696676e-01,7.272434541154507714e-01,-3.188005538561206748e-02,2.055043388940917537e-01,3.151682557517275218e-01,5.125120482997985727e-01,-2.218349024285238280e-01,-3.953129967354660629e-02,-1.183309091902989552e-01,-2.778986063247939065e-01,-2.461991022696050913e-01,5.591401928308430413e-01,-2.506705124236369153e-01,6.953173033123208335e-02,-2.129309325788472373e-01,0.000000000000000000e+00,0.000000000000000000e+00,6.593792828237181602e-01,8.873348157141919268e-01,-4.194351474231144405e-01,-5.356376863872297500e-01,0.000000000000000000e+00,0.000000000000000000e+00,0.000000000000000000e+00,5.478347165080085235e-01,-8.963683408568525746e-01,3.658095022337387592e-01,-5.825459753523961615e-01,0.000000000000000000e+00,0.000000000000000000e+00,0.000000000000000000e+00
-3.165660202321612850e-03,-3.216833356137498504e-03,8.967355547790454295e-01,1.971726961689614435e-02,-3.049854532254760164e-02,6.854259121319034032e-01,7.272361287712632016e-01,-3.291190137868423016e-02,2.058590801468611620e-01,3.144187789077384498e-01,5.135840412749635986e-01,-2.231612967178586704e-01,-3.871562895137682647e-02,-1.186846251147729570e-01,-2.778562152126987095e-01,-2.472748819913527241e-01,5.591084573224720522e-01,-2.499341735950987298e-01,6.974716706866332383e-02,-2.122198595620637396e-01,0.000000000000000000e+00,0.000000000000000000e+00,6.572899594912937626e-01,8.885393124772991147e-01,-4.198692513428853856e-01,-5.363507467580594934e-01,0.000000000000000000e+00,0.000000000000000000e+00,0.000000000000000000e+00,5.459791613071406369e-01,-8.992095607195483842e-01,3.654920632443771633e-01,-5.822517168094256679e-01,0.000000000000000000e+00,0.000000000000000000e+00,0.000000000000000000e+00
-3.351101577518980981e-03,-3.561215739271990366e-03,8.966947544218272226e-01,1.977296139428511706e-02,-3.026676527045903467e-02,6.856135814649316762e-01,7.270673764023484198e-01,-3.385778933731529300e-02,2.055156260597567064e-01,3.149642230471009774e-01,5.139995392861677059e-01,-2.232075385669369805e-01,-3.888927784362353202e-02,-1.198579975432174372e-01,-2.792756356894284808e-01,-2.482535085562533328e-01,5.600944139747099371e-01,-2.477533384129830540e-01,6.934234917298276457e-02,-2.109092311014958421e-01,0.000000000000000000e+00,0.000000000000000000e+00,6.576392028995815542e-01,8.870680490603737312e-01,-4.194221567890517033e-01,-5.362708834313296702e-01,0.000000000000000000e+00,0.000000000000000000e+00,0.000000000000000000e+00,5.469857356019379724e-01,-8.985138721081052937e-01,3.651628941396920514e-01,-5.816870596493950440e-01,0.000000000000000000e+00,0.000000000000000000e+00,0.000000000000000000e+00
-3.532784840376097454e-03,-4.007322939699645148e-03,8.961167841554456004e-01,2.028778708659786933e-02,-2.991728695791405143e-02,6.854736657217962437e-01,7.271995704331317700e-01,-3.573754585127851546e-02,2.038365038445068833e-01,3.137410833724956216e-01,5.176105506729029582e-01,-2.267943903635231406e-01,-3.866993394261527411e-02,-1.238518440266543896e-01,-2.817122341434434851e-01,-2.468587136413590011e-01,5.673133752078474146e-01,-2.503584980818776007e-01,6.527688569610583247e-02,-2.104843988432945345e-01,0.000000000000000000e+00,0.000000000000000000e+00,6.589424608494696134e-01,8.877361075179575067e-01,-4.214539103206736415e-01,-5.365724385595629364e-01,0.000000000000000000e+00,0.000000000000000000e+00,0.000000000000000000e+00,5.458469495334389299e-01,-9.004269631700556609e-01,3.680805460370483173e-01,-5.834856788044362474e-01,0.000000000000000000e+00,0.000000000000000000e+00,0.000000000000000000e+00
-3.791794350880545346e-03,-4.292683058411158117e-03,8.965337379347155800e-01,1.983927229780914694e-02,-2.968788915152487454e-02,6.854392981847906574e-01,7.272537390872345631e-01,-3.589695374904045694e-02,2.040299442544041275e-01,3.154124657902110940e-01,5.149444272747771834e-01,-2.248268538509908543e-01,-3.788150743473192583e-02,-1.233993545948905840e-01,-2.815882888836817033e-01,-2.481428556218533976e-01,5.631964759240863927e-01,-2.477539626782908344e-01,6.760082792057842127e-02,-2.080122774959869691e-01,0.000000000000000000e+00,0.000000000000000000e+00,6.576287915457957878e-01,8.874512928699562764e-01,-4.207738822812999713e-01,-5.364899663650098960e-01,0.000000000000000000e+00,0.000000000000000000e+00,0.000000000000000000e+00,5.453613573227251710e-01,-8.995148028840553867e-01,3.679605456065951907e-01,-5.800889496063207362e-01,0.000000000000000000e+00,0.000000000000000000e+00,0.000000000000000000e+00
-4.119723761387339943e-03,-4.431055764074043335e-03,8.975260695626092744e-01,1.992082392144412309e-02,-3.108570473104309978e-02,6.858175581429395429e-01,7.268363754508455621e-01,-2.945485566371614308e-02,2.059221101658410269e-01,3.195212990361410710e-01,5.062650636562844308e-01,-2.200433537524150163e-01,-3.893221807970348447e-02,-1.147921215856567700e-01,-2.797184848295929394e-01,-2.528573571504627582e-01,5.506391801733776514e-01,-2.364455027890498828e-01,7.423541851522885704e-02,-2.079545972623428052e-01,0.000000000000000000e+00,0.000000000000000000e+00,6.577092374433110011e-01,8.827474589184512999e-01,-4.232707691367524894e-01,-5.334597872359051474e-01,0.000000000000000000e+00,0.000000000000000000e+00,0.000000000000000000e+00,5.455789484742993301e-01,-8.964123904056433556e-01,3.688239570088360231e-01,-5.724481637154231750e-01,0.000000000000000000e+00,0.000000000000000000e+00,0.000000000000000000e+00
-4.241836959517337677e-03,-4.694412308123078505e-03,8.973998996123918603e-01,1.933241653312754021e-02,-2.977558216543884501e-02,6.859076391285893193e-01,7.268221123237414982e-01,-3.383479319154494847e-02,2.047294061324446968e-01,3.187133960586012171e-01,5.079070437055422937e-01,-2.205177133638902554e-01,-3.908955731578118292e-02,-1.193675155409335137e-01,-2.815118697808554060e-01,-2.522856858927821078e-01,5.528816341781813692e-01,-2.376725375498444093e-01,7.564355488098088720e-02,-2.071424489051083284e-01,0.000000000000000000e+00,0.000000000000000000e+00,6.569107074485035502e-01,8.856125561540660884e-01,-4.208061322871577414e-01,-5.352662409784652020e-01,0.000000000000000000e+00,0.000000000000000000e+00,0.000000000000000000e+00,5.439918856630859834e-01,-8.975206251824195958e-01,3.672973812305332930e-01,-5.745339478709212688e-01,0.000000000000000000e+00,0.000000000000000000e+00,0.000000000000000000e+00
-4.262472785825728062e-03,-4.851088378904088588e-03,8.964474115714388125e-01,1.920162831037170240e-02,-2.859633882851157771e-02,6.864805137310161509e-01,7.263319152725130623e-01,-3.945289902272147708e-02,2.034636239420872239e-01,3.167995726512361498e-01,5.148505069932494127e-01,-2.274246598756739512e-01,-3.697625560590480503e-02,-1.269409605047329415e-01,-2.846639422711342848e-01,-2.506223398097057742e-01,5.641038850806852079e-01,-2.387600485958224494e-01,7.152534354087101975e-02,-2.067286044601187867e-01,0.000000000000000000e+00,0.000000000000000000e+00,6.581724964719750659e-01,8.871003134262825940e-01,-4.218354916035099156e-01,-5.378202448522541035e-01,0.000000000000000000e+00,0.000000000000000000e+00,0.000000000000000000e+00,5.438853619406240902e-01,-9.003622571856734202e-01,3.704966860859489342e-01,-5.791061794498599813e-01,0.000000000000000000e+00,0.000000000000000000e+00,0.000000000000000000e+00
-4.326275052300487811e-03,-5.115446928845528325e-03,8.957050625144633571e-01,1.935556108687636057e-02,-2.885922968233479644e-02,6.864522640384261853e-01,7.263441307766413946e-01,-4.204368716175646559e-02,2.030098820172192009e-01,3.129106003949461701e-01,5.208620704842606974e-01,-2.339619325172484221e-01,-3.589689959836728228e-02,-1.305706751737747418e-01,-2.845550851709306994e-01,-2.474838239765099202e-01,5.718618286740630996e-01,-2.423441172587944559e-01,6.759291064621655853e-02,-2.067622472073287199e-01,0.000000000000000000e+00,0.000000000000000000e+00,6.581889086506721442e-01,8.871186010882584627e-01,-4.205994143178924394e-01,-5.389276976050966228e-01,0.000000000000000000e+00,0.000000000000000000e+00,0.000000000000000000e+00,5.420957985788167344e-01,-9.026213432038889817e-01,3.692393989206249616e-01,-5.798204191146901776e-01,0.000000000000000000e+00,0.000000000000000000e+00,0.000000000000000000e+00
-4.328543534949373661e-03,-5.281133237008249319e-03,8.948310242690428185e-01,1.885952334223688076e-02,-2.794889013246605949e-02,6.864946104547096084e-01,7.263527570927950094e-01,-4.899471459533032147e-02,2.027887300881240917e-01,3.098499048555433677e-01,5.297919966538333636e-01,-2.359199233382662519e-01,-3.408310465256174371e-02,-1.369375562863266449e-01,-2.860102288695045014e-01,-2.461542031245147477e-01,5.803681833473350871e-01,-2.479885368640692700e-01,6.275655311000424841e-02,-2.058390413982848222e-01,0.000000000000000000e+00,0.000000000000000000e+00,6.579291245927429976e-01,8.911897442661482760e-01,-4.237565649371373699e-01,-5.408839233158119209e-01,0.000000000000000000e+00,0.000000000000000000e+00,0.000000000000000000e+00,5.416953591651212374e-01,-9.050719220633363093e-01,3.746116874425710064e-01,-5.829771218184616188e-01,0.000000000000000000e+00,0.000000000000000000e+00,0.000000000000000000e+00
-4.445783036434560256e-03,-5.550695821014267443e-03,8.951111293945546166e-01,1.873026260348011063e-02,-2.854035405179498192e-02,6.868694474065826228e-01,7.259786413337380173e-01,-4.820627222653264127e-02,2.038750645824195240e-01,3.101918080695127422e-01,5.285337183358495006e-01,-2.360768841258392425e-01,-3.250115926430639096e-02,-1.350009409073731348e-01,-2.855906060520309597e-01,-2.482679722340549455e-01,5.774697210173012074e-01,-2.415960785503566965e-01,6.653934920127281549e-02,-2.066226185178133834e-01,0.000000000000000000e+00,0.000000000000000000e+00,6.561408817981212449e-01,8.897076348949524149e-01,-4.233242048727210993e-01,-5.402403362255491226e-01,0.000000000000000000e+00,0.000000000000000000e+00,0.000000000000000000e+00,5.392456489557360122e-01,-9.041340693454876787e-01,3.737783979138752932e-01,-5.798940702224271160e-01,0.000000000000000000e+00,0.000000000000000000e+00,0.000000000000000000e+00
-4.524403984689282995e-03,-5.774963409621272810e-03,8.956914739253052371e-01,1.839016415246072858e-02,-2.808499167924088241e-02,6.871075775574300160e-01,7.257797268923849021e-01,-4.739011363183606718e-02,2.043602517910981797e-01,3.139962446518665962e-01,5.239532318970556712e-01,-2.333152764932231171e-01,-3.268569250812743826e-02,-1.338506501326274245e-01,-2.857069495081364097e-01,-2.499126205070089646e-01,5.719011010720216337e-01,-2.373138645259706414e-01,6.916404492453169517e-02,-2.067611547839788289e-01,0.000000000000000000e+00,0.000000000000000000e+00,6.554220523754523686e-01,8.877532706959292419e-01,-4.239338944198056680e-01,-5.382787675741883548e-01,0.000000000000000000e+00,0.000000000000000000e+00,0.000000000000000000e+00,5.387137864512477892e-01,-9.009766733026990382e-01,3.757806397936728771e-01,-5.766440366655011251e-01,0.000000000000000000e+00,0.000000000000000000e+00,0.000000000000000000e+00
-4.515500669109828724e-03,-6.048638790372169033e-03,8.960395817716322320e-01,1.859667159233356626e-02,-2.723553412892092476e-02,6.868368758301610644e-01,7.260630106858930732e-01,-4.651389985325695559e-02,2.017224990254199435e-01,3.142729889963050138e-01,5.188986517047753377e-01,-2.304594752926042156e-01,-3.425654125001346972e-02,-1.349149700701641474e-01,-2.872449134831039919e-01,-2.500576108289849775e-01,5.708079875606812958e-01,-2.380922824730103415e-01,6.702519570010861960e-02,-2.056265153977584192e-01,0.000000000000000000e+00,0.000000000000000000e+00,6.537476633144583271e-01,8.884256896925937230e-01,-4.240048894563354098e-01,-5.364490252598741460e-01,0.000000000000000000e+00,0.000000000000000000e+00,0.000000000000000000e+00,5.362507677326863176e-01,-9.017002528838417019e-01,3.789223499902760195e-01,-5.763892541111275136e-01,0.000000000000000000e+00,0.000000000000000000e+00,0.000000000000000000e+00
-4.666370533629909771e-03,-6.269919530861482911e-03,8.962410103874725031e-01,1.840168450121008534e-02,-2.711225003754749036e-02,6.869619789163403656e-01,7.259542295687555491e-01,-4.672202030725336463e-02,2.015809160179949100e-01,3.146160005702814955e-01,5.175441694225533240e-01,-2.294821432380813875e-01,-3.429981036103739445e-02,-1.346383809338605464e-01,-2.873020118978378279e-01,-2.509655380369116839e-01,5.689461316729330642e-01,-2.372145494705152624e-01,6.693179412633079584e-02,-2.059876835382365157e-01,0.000000000000000000e+00,0.000000000000000000e+00,6.523306871620460079e-01,8.895170682898504433e-01,-4.248235389911931836e-01,-5.377929073481908517e-01,0.000000000000000000e+00,0.000000000000000000e+00,0.000000000000000000e+00,5.346367069120446791e-01,-9.035335819862191364e-01,3.800003891478847540e-01,-5.751955190405291241e-01,0.000000000000000000e+00,0.000000000000000000e+00,0.000000000000000000e+00
-4.854981921167273937e-03,-6.318155861909014424e-03,8.970391060127571592e-01,1.792272542547783051e-02,-2.712466394507972653e-02,6.867381949010384901e-01,7.261774440061145031e-01,-4.475307662263507125e-02,2.012686143808175565e-01,3.156172978428464226e-01,5.115969462946484692e-01,-2.266888789682264538e-01,-3.271140466297983718e-02,-1.320041329257567175e-01,-2.848529364064136260e-01,-2.502283150032269532e-01,5.607356323370419338e-01,-2.337298358576525847e-01,6.800045512631819333e-02,-2.061187114703387502e-01,0.000000000000000000e+00,0.000000000000000000e+00,6.510056563897507198e-01,8.878308129269009141e-01,-4.258028469720873121e-01,-5.359387239686996818e-01,0.000000000000000000e+00,0.000000000000000000e+00,0.000000000000000000e+00,5.328017275624143956e-01,-9.008898446528083026e-01,3.824491695883667775e-01,-5.715483391543222380e-01,0.000000000000000000e+00,0.000000000000000000e+00,0.000000000000000000e+00
-4.953593634867066095e-03,-6.457261179582296680e-03,8.969806716507892075e-01,1.829514232251704120e-02,-2.715644981358913621e-02,6.869847585193340489e-01,7.259337136151300385e-01,-4.422002289888846832e-02,2.005533333306712684e-01,3.155093662126122744e-01,5.111429658818557042e-01,-2.267240515826672576e-01,-3.380805947701834985e-02,-1.318011347190658211e-01,-2.860537505980655371e-01,-2.510308691694157490e-01,5.620121587854248757e-01,-2.345516667362669838e-01,6.640273959935208414e-02,-2.072694139935615520e-01,0.000000000000000000e+00,0.000000000000000000e+00,6.509163519680239984e-01,8.886450559652249170e-01,-4.258671058469413184e-01,-5.347625756840851396e-01,0.000000000000000000e+00,0.000000000000000000e+00,0.000000000000000000e+00,5.312339295195698252e-01,-9.003173455687973892e-01,3.827585324798353783e-01,-5.713085144774534552e-01,0.000000000000000000e+00,0.000000000000000000e+00,0.000000000000000000e+00
-5.086102880250097102e-03,-6.416745412550039010e-03,8.974175597650031477e-01,1.827478827381859641e-02,-2.737005469347097639e-02,6.871659398422780285e-01,7.257546991513751378e-01,-4.247338599776610824e-02,1.999216277001312769e-01,3.153442443118058547e-01,5.075688949973296005e-01,-2.260082940475902635e-01,-3.116922035386283235e-02,-1.297474756550885955e-01,-2.852386569307176489e-01,-2.508977807610920929e-01,5.579392033516092919e-01,-2.294060903052087819e-01,6.876195798653031432e-02,-2.075068116123513218e-01,0.000000000000000000e+00,0.000000000000000000e+00,6.511617035670984599e-01,8.852426842047582678e-01,-4.236495475194231308e-01,-5.338238281432413634e-01,0.000000000000000000e+00,0.000000000000000000e+00,0.000000000000000000e+00,5.311369060280997090e-01,-8.982349195673127173e-01,3.815616904275646037e-01,-5.692548017471271704e-01,0.000000000000000000e+00,0.000000000000000000e+00,0.000000000000000000e+00
-5.077335400964223290e-03,-6.320768670640611667e-03,8.970547792778039708e-01,1.816388258104705694e-02,-2.703846515412844029e-02,6.872139346718216801e-01,7.257244675250829058e-01,-4.412164601205907644e-02,1.997320385521814401e-01,3.146302298499319972e-01,5.100271200688735185e-01,-2.282119363991415295e-01,-3.169782730497958112e-02,-1.321555352135124761e-01,-2.867379567155456388e-01,-2.518945578539311114e-01,5.624463562952732865e-01,-2.310167852360699992e-01,6.610017246401687918e-02,-2.075327949812019457e-01,0.000000000000000000e+00,0.000000000000000000e+00,6.533594745756881039e-01,8.853396821200630873e-01,-4.218640767990551321e-01,-5.343180770341873220e-01,0.000000000000000000e+00,0.000000000000000000e+00,0.000000000000000000e+00,5.333625022550801953e-01,-8.984015361614028361e-01,3.797651024909349249e-01,-5.704025285557621228e-01,0.000000000000000000e+00,0.000000000000000000e+00,0.000000000000000000e+00
-5.027162732787221477e-03,-5.961266373065422092e-03,8.974517702997284463e-01,1.724259370232875815e-02,-2.640267190550223131e-02,6.880491700392964427e-01,7.249785731226150443e-01,-4.466213954795979907e-02,2.008571134348551279e-01,3.171024298861505053e-01,5.067773087022949818e-01,-2.289553072558151714e-01,-3.041624445755593958e-02,-1.319004280481177460e-01,-2.869133987983989997e-01,-2.548443543563500002e-01,5.590178905201015347e-01,-2.249853313820643630e-01,7.041435058539673164e-02,-2.075964919562691691e-01,0.000000000000000000e+00,0.000000000000000000e+00,6.554178596160800119e-01,8.813677006188938012e-01,-4.190829596256610556e-01,-5.346486722201175823e-01,0.000000000000000000e+00,0.000000000000000000e+00,0.000000000000000000e+00,5.375531543868471429e-01,-8.951632833425617886e-01,3.760660661412026928e-01,-5.677992893040948452e-01,0.000000000000000000e+00,0.000000000000000000e+00,0.000000000000000000e+00
-4.716671937172916933e-03,-5.662042570988878518e-03,8.969391865899948302e-01,1.783258276316703611e-02,-2.613648739857868733e-02,6.883075021999783827e-01,7.247286840147049158e-01,-4.506861598422671339e-02,1.995922877442937449e-01,3.154056094857803916e-01,5.092333955794003941e-01,-2.317399570318762481e-01,-3.054519532391011816e-02,-1.339262281812919897e-01,-2.883472645948056967e-01,-2.530682263253802300e-01,5.651836788374091647e-01,-2.272246351492782923e-01,6.700054332139919466e-02,-2.086248645196269458e-01,0.000000000000000000e+00,0.000000000000000000e+00,6.568419495487303195e-01,8.836042312478107341e-01,-4.217677837311019640e-01,-5.360987948161477501e-01,0.000000000000000000e+00,0.000000000000000000e+00,0.000000000000000000e+00,5.385122164319172677e-01,-8.954430260844169487e-01,3.786778081752320557e-01,-5.719454400024123197e-01,0.000000000000000000e+00,0.000000000000000000e+00,0.000000000000000000e+00
-4.307820753601180989e-03,-5.183617591004571409e-03,8.969718104656664304e-01,1.767079903426765214e-02,-2.551427451901617724e-02,6.887096495097471127e-01,7.243726826222951498e-01,-4.614422456653301946e-02,1.999265501801005263e-01,3.159316031506989586e-01,5.093363143372215962e-01,-2.281574316279589287e-01,-3.140978554324085070e-02,-1.346123549959138688e-01,-2.887389826757876254e-01,-2.532614773421623666e-01,5.656392896086623878e-01,-2.265685644536651888e-01,6.603922961885874687e-02,-2.095333417529310904e-01,0.000000000000000000e+00,0.000000000000000000e+00,6.573615953242176735e-01,8.847706326370398111e-01,-4.210606580783133879e-01,-5.352987459794013025e-01,0.000000000000000000e+00,0.000000000000000000e+00,0.000000000000000000e+00,5.406818587057069525e-01,-8.934593431593617074e-01,3.792046595494955596e-01,-5.714962366859858145e-01,0.000000000000000000e+00,0.000000000000000000e+00,0.000000000000000000e+00
-3.804852054771049735e-03,-4.719173729222458577e-03,8.961538838610600965e-01,1.754872347495452581e-02,-2.524978578952111197e-02,6.889871831024353410e-01,7.241209513213623383e-01,-4.935538180786352286e-02,2.009665587710798285e-01,3.141055780053786939e-01,5.160699420726422293e-01,-2.321924101632625581e-01,-3.085466572613852765e-02,-1.378469377853225875e-01,-2.901374726317274000e-01,-2.541568310205610248e-01,5.737530431087046745e-01,-2.306298753129541745e-01,6.381507886888057590e-02,-2.099684544187446211e-01,0.000000000000000000e+00,0.000000000000000000e+00,6.590607077502578237e-01,8.847815753403417416e-01,-4.192105429260420402e-01,-5.352609896695864622e-01,0.000000000000000000e+00,0.000000000000000000e+00,0.000000000000000000e+00,5.430198861756320161e-01,-8.933250080134609306e-01,3.763090413527236944e-01,-5.728112573064642055e-01,0.000000000000000000e+00,0.000000000000000000e+00,0.000000000000000000e+00
-3.166896732288280135e-03,-4.067649566270972392e-03,8.957278439292468697e-01,1.732201462325350105e-02,-2.476948983720958855e-02,6.892741287974063491e-01,7.238698747379763709e-01,-5.202450979376195550e-02,2.014173524216782141e-01,3.117267770493791224e-01,5.199389947330357309e-01,-2.312913670672813726e-01,-3.068672756213318767e-02,-1.400385520952273644e-01,-2.896861331274306339e-01,-2.523188154038376041e-01,5.779895594208662724e-01,-2.335172189686990363e-01,6.264011247048908992e-02,-2.101387031764617996e-01,0.000000000000000000e+00,0.000000000000000000e+00,6.600451538507693394e-01,8.852334613797020468e-01,-4.211333525909270459e-01,-5.341723889416367665e-01,0.000000000000000000e+00,0.000000000000000000e+00,0.000000000000000000e+00,5.454466745543452566e-01,-8.901029494224914629e-01,3.775038889537450926e-01,-5.727728933187797855e-01,0.000000000000000000e+00,0.000000000000000000e+00,0.000000000000000000e+00
-2.516782238651498697e-03,-3.500139641791133460e-03,8.947024189811745298e-01,1.757558441521949594e-02,-2.436559990810713977e-02,6.894289487383395976e-01,7.237300194237697992e-01,-5.536760649893944508e-02,2.024952536967916383e-01,3.109028842800554138e-01,5.284129107670323400e-01,-2.348663071683541603e-01,-3.107892260276353541e-02,-1.438383805697233120e-01,-2.917827247370626265e-01,-2.523768764479815685e-01,5.882014945286072605e-01,-2.406322194314333973e-01,5.911309374644798525e-02,-2.106713068857561100e-01,0.000000000000000000e+00,0.000000000000000000e+00,6.614187522260228658e-01,8.885766629759785928e-01,-4.234280639708775662e-01,-5.356471125481407913e-01,0.000000000000000000e+00,0.000000000000000000e+00,0.000000000000000000e+00,5.464712605524262301e-01,-8.912762858445344438e-01,3.788374162615070206e-01,-5.745918730233570138e-01,0.000000000000000000e+00,0.000000000000000000e+00,0.000000000000000000e+00
-1.847933244304226976e-03,-2.885013828054560324e-03,8.935411508750433773e-01,1.772670101220289243e-02,-2.419955710864300086e-02,6.900840745775715934e-01,7.231072641879536800e-01,-6.026153856442267864e-02,2.039110982613209222e-01,3.076014101448971694e-01,5.390271299973251606e-01,-2.362489254072132061e-01,-3.088421405249719420e-02,-1.477754118801361538e-01,-2.928408166117998368e-01,-2.512771690569053362e-01,5.992792257193767513e-01,-2.462653393636847765e-01,5.389440245380763828e-02,-2.114559862650356170e-01,0.000000000000000000e+00,0.000000000000000000e+00,6.636092788306577894e-01,8.888160150930216608e-01,-4.216762933786514234e-01,-5.356394366603667301e-01,0.000000000000000000e+00,0.000000000000000000e+00,0.000000000000000000e+00,5.480071333867626571e-01,-8.901392570405521898e-01,3.786620163357737878e-01,-5.768213973961490160e-01,0.000000000000000000e+00,0.000000000000000000e+00,0.000000000000000000e+00
-1.254213813993859629e-03,-1.999044239779822034e-03,8.933610946783975271e-01,1.686946803475910389e-02,-2.330153077429962874e-02,6.905100765660483475e-01,7.227505059649211860e-01,-6.331723335432376532e-02,2.048870807158750251e-01,3.067766276029810224e-01,5.414671299385114267e-01,-2.364809600772624643e-01,-2.964411069625664044e-02,-1.492069417744282533e-01,-2.922631442585911232e-01,-2.514281735622425074e-01,5.998951873081884711e-01,-2.486099639156217622e-01,5.534789193614143149e-02,-2.113691247808156815e-01,0.000000000000000000e+00,0.000000000000000000e+00,6.635391998731094976e-01,8.887387279390486228e-01,-4.221590079891662795e-01,-5.359238759128058804e-01,0.000000000000000000e+00,0.000000000000000000e+00,0.000000000000000000e+00,5.496399864990111350e-01,-8.901223638414796913e-01,3.795589954792510379e-01,-5.760467506864112019e-01,0.000000000000000000e+00,0.000000000000000000e+00,0.000000000000000000e+00
-6.704005176152679542e-04,-1.375733808419395956e-03,8.920781112708300320e-01,1.746870189162781986e-02,-2.298102899746416392e-02,6.903689231219941602e-01,7.228813642277812646e-01,-6.795888650701858991e-02,2.039997453266245708e-01,3.014144277161950325e-01,5.525092354609930645e-01,-2.363703975410690883e-01,-2.912885732492790508e-02,-1.539760664803695167e-01,-2.941316552789713934e-01,-2.489687642524158750e-01,6.125601561850130272e-01,-2.571187495240399024e-01,4.741097506749292201e-02,-2.113488990594875050e-01,0.000000000000000000e+00,0.000000000000000000e+00,6.639200225510929476e-01,8.911007978673817220e-01,-4.231324167944920389e-01,-5.362510627153485032e-01,0.000000000000000000e+00,0.000000000000000000e+00,0.000000000000000000e+00,5.492854303765610791e-01,-8.915616123727216902e-01,3.819019153515520459e-01,-5.789056973026653896e-01,0.000000000000000000e+00,0.000000000000000000e+00,0.000000000000000000e+00
-2.832204308598274597e-04,-6.385835921943845347e-04,8.923832962228316346e-01,1.711700992443707103e-02,-2.300111728136061337e-02,6.912080790718437839e-01,7.220868008770611191e-01,-6.711802713886147465e-02,2.051238160096071350e-01,3.012819659095455904e-01,5.502956521149245939e-01,-2.347218616823053272e-01,-2.923646333704098266e-02,-1.512952644372319855e-01,-2.931839235906629204e-01,-2.506694395647257601e-01,6.091479003888626842e-01,-2.539771583303237490e-01,5.091863270187023394e-02,-2.121092087986531649e-01,0.000000000000000000e+00,0.000000000000000000e+00,6.633472800182970142e-01,8.874625327033607292e-01,-4.230029744481966780e-01,-5.339997288881572768e-01,0.000000000000000000e+00,0.000000000000000000e+00,0.000000000000000000e+00,5.495603030190129301e-01,-8.888888750027732488e-01,3.812998442735406890e-01,-5.744205470923123835e-01,0.000000000000000000e+00,0.000000000000000000e+00,0.000000000000000000e+00
8.577106876918837164e-05,-3.134937887980726243e-06,8.914776962138849514e-01,1.743910195057711554e-02,-2.261682386632034650e-02,6.909612075410268561e-01,7.223274649871789244e-01,-6.972873433626171347e-02,2.045125268059567458e-01,2.987930456482440489e-01,5.571268555551134316e-01,-2.360836607966014800e-01,-2.881664505686074365e-02,-1.543335313177101042e-01,-2.941741573774714902e-01,-2.480584062032766268e-01,6.168630026145676126e-01,-2.613034580722312650e-01,4.777253101702934324e-02,-2.111616574439909022e-01,0.000000000000000000e+00,0.000000000000000000e+00,6.634260757203541692e-01,8.863681189036354269e-01,-4.217183686213540894e-01,-5.343695147283142877e-01,0.000000000000000000e+00,0.000000000000000000e+00,0.000000000000000000e+00,5.500613218098321378e-01,-8.890774766115450145e-01,3.819419682133987637e-01,-5.759273480342729234e-01,0.000000000000000000e+00,0.000000000000000000e+00,0.000000000000000000e+00
1.902501758655754556e-04,5.528694704573738992e-04,8.908461882898024431e-01,1.655588792794491365e-02,-2.237147832262266142e-02,6.911992468882431906e-01,7.221281192653450365e-01,-7.395659406713001038e-02,2.063441065633266347e-01,2.973683045114487999e-01,5.637844799964207843e-01,-2.399234381115354919e-01,-2.637487772790545609e-02,-1.568578620438401405e-01,-2.935927428107767412e-01,-2.476629819154094747e-01,6.204869944911506341e-01,-2.629503881849827307e-01,4.974673719649894132e-02,-2.107959364862498075e-01,0.000000000000000000e+00,0.000000000000000000e+00,6.641582889732445816e-01,8.840410406840029101e-01,-4.197471991244142719e-01,-5.346197276766812001e-01,0.000000000000000000e+00,0.000000000000000000e+00,0.000000000000000000e+00,5.513438991042587389e-01,-8.902398629155570120e-01,3.786446518227887248e-01,-5.742190781200370298e-01,0.000000000000000000e+00,0.000000000000000000e+00,0.000000000000000000e+00
3.468855600382400768e-04,7.727975384737351995e-04,8.897842262346898901e-01,1.713327044801750756e-02,-2.199282558396718421e-02,6.909160950117352318e-01,7.223972012129646902e-01,-7.802229099587190686e-02,2.041269758007617785e-01,2.922248541921668163e-01,5.724742983460302526e-01,-2.408707386071214374e-01,-2.432717201872537649e-02,-1.616054810934948738e-01,-2.947641107534534344e-01,-2.431964361195939894e-01,6.307842368641138897e-01,-2.704814327044784972e-01,4.290923621960613527e-02,-2.099935889915738596e-01,0.000000000000000000e+00,0.000000000000000000e+00,6.625288586831031834e-01,8.855650036423691196e-01,-4.207911719193156985e-01,-5.341953897222261327e-01,0.000000000000000000e+00,0.000000000000000000e+00,0.000000000000000000e+00,5.494911862295294158e-01,-8.927255790455383977e-01,3.832630490434530413e-01,-5.790729659741167268e-01,0.000000000000000000e+00,0.000000000000000000e+00,0.000000000000000000e+00
2.452729374723249672e-04,7.764578207459238435e-04,8.891925481346192317e-01,1.690158777642188428e-02,-2.236017507223238276e-02,6.908698540352393724e-01,7.224356052180040955e-01,-8.119460253213567347e-02,2.052568664507640750e-01,2.899514777631720941e-01,5.791884604692540961e-01,-2.418087996434897802e-01,-2.257179911827169802e-02,-1.633893746671737646e-01,-2.942284082962985936e-01,-2.422770625088500052e-01,6.349833959364846736e-01,-2.728699073888231630e-01,4.129757423989637716e-02,-2.094243233900695556e-01,0.000000000000000000e+00,0.000000000000000000e+00,6.602258036193473512e-01,8.847886700636541368e-01,-4.222587055720165017e-01,-5.334201809872117783e-01,0.000000000000000000e+00,0.000000000000000000e+00,0.000000000000000000e+00,5.482420624235346818e-01,-8.923969565873129950e-01,3.849111996730216201e-01,-5.769148466683590160e-01,0.000000000000000000e+00,0.000000000000000000e+00,0.000000000000000000e+00
-4.303985068168777670e-05,6.435814178824415983e-04,8.897988343989453597e-01,1.599953189478330387e-02,-2.248556730899151437e-02,6.903923365167636828e-01,7.229085944439075373e-01,-8.144008385287516971e-02,2.075604229380538235e-01,2.928836966193784086e-01,5.768819469437987957e-01,-2.354724420062395962e-01,-2.165134970099210840e-02,-1.619646687283013142e-01,-2.928102607694460513e-01,-2.442918013414681344e-01,6.281681762993998053e-01,-2.676560630158576481e-01,4.545287317858556775e-02,-2.077398822894950814e-01,0.000000000000000000e+00,0.000000000000000000e+00,6.579167828522418660e-01,8.836054186718235171e-01,-4.222578891792438949e-01,-5.320586228928451122e-01,0.000000000000000000e+00,0.000000000000000000e+00,0.000000000000000000e+00,5.471604576617145055e-01,-8.897732492493629630e-01,3.858496651793835719e-01,-5.710332604741998885e-01,0.000000000000000000e+00,0.000000000000000000e+00,0.000000000000000000e+00
-3.644287244010577763e-04,1.691210125624313968e-04,8.898499441754105233e-01,1.591900170345050824e-02,-2.260996525255284245e-02,6.901058058536173601e-01,7.231800270908862460e-01,-8.171712431967262380e-02,2.076504191353531481e-01,2.935811417854147232e-01,5.768489799586709044e-01,-2.356990660440459462e-01,-2.142819481695994871e-02,-1.622642163979770569e-01,-2.925123607928159508e-01,-2.437280970537560321e-01,6.270858551066700315e-01,-2.673907570022608926e-01,4.586271083067394033e-02,-2.071914427411104265e-01,0.000000000000000000e+00,0.000000000000000000e+00,6.560295110844032163e-01,8.827621116032776660e-01,-4.233492181296882872e-01,-5.315244361178302901e-01,0.000000000000000000e+00,0.000000000000000000e+00,0.000000000000000000e+00,5.449686071964713330e-01,-8.888428546082837167e-01,3.862718688713233650e-01,-5.696076378936761886e-01,0.000000000000000000e+00,0.000000000000000000e+00,0.000000000000000000e+00
-7.773585016965382831e-04,-5.885477415784098193e-04,8.890969242497442915e-01,1.621174343361319117e-02,-2.253698233931961462e-02,6.901152071992069370e-01,7.231668304024162497e-01,-8.556736701171893666e-02,2.062277154647408628e-01,2.908490864994033309e-01,5.833055574119595521e-01,-2.396816133429993112e-01,-1.827341504466825639e-02,-1.669466757263046164e-01,-2.945561950465166445e-01,-2.423371046973082366e-01,6.349797160407082419e-01,-2.675341792201007540e-01,4.154837892519742948e-02,-2.055074368190449863e-01,0.000000000000000000e+00,0.000000000000000000e+00,6.534968807119282408e-01,8.857229827024231117e-01,-4.263351587227808270e-01,-5.327499810732138075e-01,0.000000000000000000e+00,0.000000000000000000e+00,0.000000000000000000e+00,5.417739777122013711e-01,-8.921766860718823855e-01,3.909186195036508660e-01,-5.709154691311145724e-01,0.000000000000000000e+00,0.000000000000000000e+00,0.000000000000000000e+00
-1.285988064018038978e-03,-1.431003099185342584e-03,8.896749085891142439e-01,1.633359154252922441e-02,-2.248686740096140710e-02,6.900801252470447622e-01,7.231991256361126608e-01,-8.336932366224887592e-02,2.052350778954500632e-01,2.935147205510656998e-01,5.778718219193700323e-01,-2.421787727438383664e-01,-1.954854713131179422e-02,-1.655871622938571708e-01,-2.952402230494681756e-01,-2.434211665315971218e-01,6.302762536145620764e-01,-2.665091900889561827e-01,4.423976422661225760e-02,-2.039170698661003645e-01,0.000000000000000000e+00,0.000000000000000000e+00,6.519228760846687010e-01,8.847532948844845091e-01,-4.273517810628656988e-01,-5.327357988688428136e-01,0.000000000000000000e+00,0.000000000000000000e+00,0.000000000000000000e+00,5.388654827620980026e-01,-8.926686871476929852e-01,3.921795827882637031e-01,-5.687046641578733519e-01,0.000000000000000000e+00,0.000000000000000000e+00,0.000000000000000000e+00
-1.937100718536567678e-03,-2.067849812646794985e-03,8.910837483228661871e-01,1.645746585098092560e-02,-2.395617097121203326e-02,6.901218291913238101e-01,7.231093379038781022e-01,-7.676915589122570993e-02,2.065415499175048963e-01,2.974621744453510575e-01,5.674596528141166996e-01,-2.340676801928281980e-01,-2.040524921792911603e-02,-1.566276808468149428e-01,-2.931613935203584154e-01,-2.479013278570570411e-01,6.156360909043384622e-01,-2.564211784767062574e-01,4.963942487310004509e-02,-2.033135901693942926e-01,0.000000000000000000e+00,0.000000000000000000e+00,6.509885054837650786e-01,8.799806273201837836e-01,-4.296590553088531772e-01,-5.284493509856580395e-01,0.000000000000000000e+00,0.000000000000000000e+00,0.000000000000000000e+00,5.384246833530842435e-01,-8.871838898817213659e-01,3.932652363486913716e-01,-5.594226098873590347e-01,0.000000000000000000e+00,0.000000000000000000e+00,0.000000000000000000e+00
-2.520374614953860976e-03,-2.892994414159116151e-03,8.919905788133232205e-01,1.597751827982712286e-02,-2.394159411246461755e-02,6.895397016610705920e-01,7.236757000301540232e-01,-7.603798772190513422e-02,2.070019638011755814e-01,3.003743465442940686e-01,5.621950537736890574e-01,-2.277302753935306345e-01,-2.230207812186997887e-02,-1.550455675137525358e-01,-2.931779346132649677e-01,-2.506843317265645688e-01,6.077393652936304846e-01,-2.528360264622980247e-01,5.273870694737060882e-02,-2.014421585073017384e-01,0.000000000000000000e+00,0.000000000000000000e+00,6.495489127617327663e-01,8.803312407682954976e-01,-4.287233374560058263e-01,-5.297390273588193921e-01,0.000000000000000000e+00,0.000000000000000000e+00,0.000000000000000000e+00,5.366535221630096553e-01,-8.861788180245597779e-01,3.915373887303006395e-01,-5.571589471691723583e-01,0.000000000000000000e+00,0.000000000000000000e+00,0.000000000000000000e+00
-3.032815583855317295e-03,-3.283600134568353222e-03,8.930007290891952554e-01,1.516519920072489924e-02,-2.360019959278470900e-02,6.895390352795862654e-01,7.237050270228061466e-01,-7.434584448446865390e-02,2.074097200336393609e-01,3.043979491558725936e-01,5.543592230188658654e-01,-2.246174308133887521e-01,-2.338750404108180456e-02,-1.530703958942505882e-01,-2.927524171778087547e-01,-2.535793517548839415e-01,5.986087880045694032e-01,-2.453810872978701985e-01,5.629263274054990135e-02,-1.996425834705255198e-01,0.000000000000000000e+00,0.000000000000000000e+00,6.499393406958184904e-01,8.799532994040860645e-01,-4.282056661586718938e-01,-5.300602210085153532e-01,0.000000000000000000e+00,0.000000000000000000e+00,0.000000000000000000e+00,5.370435799090979012e-01,-8.856265486095443729e-01,3.901909478898784589e-01,-5.545863914893482960e-01,0.000000000000000000e+00,0.000000000000000000e+00,0.000000000000000000e+00
-3.315719815054532938e-03,-3.586710690436293973e-03,8.934363799935652883e-01,1.550967917603171195e-02,-2.335749602909445444e-02,6.890344126801519753e-01,7.241860640564864449e-01,-7.186270174541457834e-02,2.049524958212644576e-01,3.044474012363299065e-01,5.486630527270407454e-01,-2.222296759479151229e-01,-2.673839341146291848e-02,-1.519872674254719169e-01,-2.934336120477897825e-01,-2.535453866758148878e-01,5.955893162229647375e-01,-2.481689931231748913e-01,5.492825224203899681e-02,-1.981741662111106694e-01,0.000000000000000000e+00,0.000000000000000000e+00,6.513425549912713608e-01,8.798365267877601426e-01,-4.278888030911304208e-01,-5.282104702492242954e-01,0.000000000000000000e+00,0.000000000000000000e+00,0.000000000000000000e+00,5.358815613661247479e-01,-8.852728796686030188e-01,3.916479855429108592e-01,-5.559726518352857694e-01,0.000000000000000000e+00,0.000000000000000000e+00,0.000000000000000000e+00
-3.612332252886671889e-03,-3.420287065463671963e-03,8.945201975921233117e-01,1.491421248228019802e-02,-2.333446198717113035e-02,6.891732985754758234e-01,7.240671472179919244e-01,-6.899236178970631628e-02,2.058376964956245003e-01,3.081693386058203532e-01,5.408728501434068026e-01,-2.156281294871978393e-01,-2.807383255671564229e-02,-1.473550760283751648e-01,-2.917722085757916139e-01,-2.557016170857652204e-01,5.843870912341486701e-01,-2.425232231752877943e-01,5.909075841467738982e-02,-1.982069932077440977e-01,0.000000000000000000e+00,0.000000000000000000e+00,6.526339227144649646e-01,8.782797106650966912e-01,-4.264791809491342289e-01,-5.269997250098803487e-01,0.000000000000000000e+00,0.000000000000000000e+00,0.000000000000000000e+00,5.357285391295014687e-01,-8.850706732600546189e-01,3.920207717968532957e-01,-5.535239478896756271e-01,0.000000000000000000e+00,0.000000000000000000e+00,0.000000000000000000e+00
-3.763154300859507771e-03,-3.091480387558222676e-03,8.946401072760844508e-01,1.505036716076480451e-02,-2.365294758410565329e-02,6.891675747315626488e-01,7.240594440082430694e-01,-6.743845034841966513e-02,2.047425465613031403e-01,3.063684860824756884e-01,5.394295891964643319e-01,-2.162679380970765064e-01,-2.653802828822733606e-02,-1.450185834330854073e-01,-2.906237650777283577e-01,-2.541740479492649585e-01,5.814953543341275788e-01,-2.424797287306142413e-01,6.062424278650947740e-02,-1.986406577195131973e-01,0.000000000000000000e+00,0.000000000000000000e+00,6.532998333865023266e-01,8.787148475674121384e-01,-4.270817428421576079e-01,-5.267619482478452797e-01,0.000000000000000000e+00,0.000000000000000000e+00,0.000000000000000000e+00,5.350605230259313227e-01,-8.846885476492408751e-01,3.939702360187795072e-01,-5.546952469941054398e-01,0.000000000000000000e+00,0.000000000000000000e+00,0.000000000000000000e+00
-3.776359443480943774e-03,-2.798884640911171971e-03,8.928938813502720340e-01,1.580450908421655865e-02,-2.370742307022828677e-02,6.889829348694817002e-01,7.242172954594577883e-01,-7.204217812572509538e-02,2.040312343532962314e-01,3.022665808293236722e-01,5.531665846679357790e-01,-2.247686903773098710e-01,-2.523638829917568965e-02,-1.504157551123414538e-01,-2.928098557223225429e-01,-2.499946904992800811e-01,5.964197581404896420e-01,-2.543193602115353391e-01,5.500829036230638763e-02,-1.991553266886315898e-01,0.000000000000000000e+00,0.000000000000000000e+00,6.570996336275023442e-01,8.813323057470854316e-01,-4.258661467521785982e-01,-5.297418406026742632e-01,0.000000000000000000e+00,0.000000000000000000e+00,0.000000000000000000e+00,5.350487959820018347e-01,-8.878660414424472958e-01,3.943802338483987091e-01,-5.609870728016330688e-01,0.000000000000000000e+00,0.000000000000000000e+00,0.000000000000000000e+00
-3.851320398959081140e-03,-2.463612730212897534e-03,8.917044792121611163e-01,1.557968347106876948e-02,-2.385949429316428644e-02,6.885863181175053693e-01,7.245942868229041656e-01,-7.723004797194511772e-02,2.051886677053384456e-01,2.992579020261908473e-01,5.649165814351067016e-01,-2.287829222055381695e-01,-2.167316546556408152e-02,-1.540599597849513225e-01,-2.934453292868735019e-01,-2.486056501932679685e-01,6.049735124628136118e-01,-2.624435744351975019e-01,5.451963787675579570e-02,-1.974907596592086756e-01,0.000000000000000000e+00,0.000000000000000000e+00,6.597151509257245250e-01,8.817134326674996858e-01,-4.225527102573602978e-01,-5.318285239510670559e-01,0.000000000000000000e+00,0.000000000000000000e+00,0.000000000000000000e+00,5.362329373075661598e-01,-8.882700601417183872e-01,3.933538158738640877e-01,-5.622191300844905371e-01,0.000000000000000000e+00,0.000000000000000000e+00,0.000000000000000000e+00
-3.736888257062173039e-03,-2.349896671881203641e-03,8.897219882552922510e-01,1.665035789213934608e-02,-2.340469548464427230e-02,6.882721565326025415e-01,7.248837316103149409e-01,-8.311777479449132533e-02,2.036263711913751107e-01,2.954479080136006575e-01,5.801258268335069967e-01,-2.350086007570781343e-01,-2.142421382271261776e-02,-1.620903184875723546e-01,-2.975557316296246757e-01,-2.448171913195008320e-01,6.241801907868920196e-01,-2.762306492524388424e-01,4.333178774662310023e-02,-1.962277017000996215e-01,0.000000000000000000e+00,0.000000000000000000e+00,6.625002040152982996e-01,8.854661346546731648e-01,-4.230879011426624814e-01,-5.338437084621526774e-01,0.000000000000000000e+00,0.000000000000000000e+00,0.000000000000000000e+00,5.349526855463037078e-01,-8.926680256085656184e-01,3.980602208706753853e-01,-5.687137261861781035e-01,0.000000000000000000e+00,0.000000000000000000e+00,0.000000000000000000e+00
-3.910153985505842276e-03,-2.164040905459057446e-03,8.908890917330246628e-01,1.715498629391741525e-02,-2.524380583058244421e-02,6.875935237665683486e-01,7.254540666277340399e-01,-7.459982014921932858e-02,2.055411594399352282e-01,2.995298760875525490e-01,5.713336998773419495e-01,-2.281277665339180305e-01,-2.105535406452368336e-02,-1.522136500995392439e-01,-2.952593082924779289e-01,-2.485415953029732339e-01,6.114236190177886332e-01,-2.683137615231256934e-01,5.152387956063021052e-02,-1.962748911108960215e-01,0.000000000000000000e+00,0.000000000000000000e+00,6.624948748544355892e-01,8.810484045939954711e-01,-4.220698189920553123e-01,-5.289461788164129263e-01,0.000000000000000000e+00,0.000000000000000000e+00,0.000000000000000000e+00,5.352862382851396594e-01,-8.873267386395189416e-01,3.972758957417102388e-01,-5.590532896935287432e-01,0.000000000000000000e+00,0.000000000000000000e+00,0.000000000000000000e+00
-4.018210079557196258e-03,-2.251707513920410929e-03,8.914859844633391539e-01,1.636565903625586405e-02,-2.468368008029505484e-02,6.874417596944982778e-01,7.256353823857644159e-01,-7.482070321228234677e-02,2.075991885473433829e-01,3.049797616870936201e-01,5.681437444219674671e-01,-2.259463724958776232e-01,-2.032399896932265970e-02,-1.525927227583130097e-01,-2.953204200301960958e-01,-2.500501329765051906e-01,6.063091437571725972e-01,-2.618139008018435243e-01,5.671649699064305189e-02,-1.962027158667220550e-01,0.000000000000000000e+00,0.000000000000000000e+00,6.604182988289584166e-01,8.855027447605752222e-01,-4.219707096841591176e-01,-5.321485827955210191e-01,0.000000000000000000e+00,0.000000000000000000e+00,0.000000000000000000e+00,5.321938234172093329e-01,-8.888331411602222731e-01,3.975340845600519035e-01,-5.567939359689182410e-01,0.000000000000000000e+00,0.000000000000000000e+00,0.000000000000000000e+00
-3.994966591645107874e-03,-2.415872599357433807e-03,8.921940705053176268e-01,1.682630516659031766e-02,-2.432493738374196662e-02,6.870334335929032532e-01,7.260235767530306417e-01,-7.063454684980007003e-02,2.059500551658953738e-01,3.082826039883790337e-01,5.600272394929252107e-01,-2.237613899982225096e-01,-2.225178169730873332e-02,-1.513375911372690508e-01,-2.964082814654673270e-01,-2.505136557868348768e-01,6.021869962055487191e-01,-2.566467999082125973e-01,5.792646187228657484e-02,-1.967999474848878272e-01,0.000000000000000000e+00,0.000000000000000000e+00,6.603592552522187242e-01,8.868073709436264940e-01,-4.209907499074909132e-01,-5.319225776382170423e-01,0.000000000000000000e+00,0.000000000000000000e+00,0.000000000000000000e+00,5.289476768123781980e-01,-8.904037213543700702e-01,3.986671208349397699e-01,-5.570996839048929505e-01,0.000000000000000000e+00,0.000000000000000000e+00,0.000000000000000000e+00
-4.046066088228787196e-03,-2.728360171782985392e-03,8.919356865437823023e-01,1.781153089814652493e-02,-2.502028878792998678e-02,6.866951574435962158e-01,7.262964238240110504e-01,-6.855360307625639471e-02,2.051630629027918762e-01,3.083013701353734537e-01,5.614737626997957642e-01,-2.276572917105287863e-01,-2.035208639943027198e-02,-1.505619194050131782e-01,-2.971401458356725533e-01,-2.493576120750436442e-01,6.047324987982171107e-01,-2.577879636943404829e-01,5.714240692983834496e-02,-1.979915908398759972e-01,0.000000000000000000e+00,0.000000000000000000e+00,6.602319971945298516e-01,8.891844658302636706e-01,-4.230538489008522918e-01,-5.337359767398979216e-01,0.000000000000000000e+00,0.000000000000000000e+00,0.000000000000000000e+00,5.259592382260610544e-01,-8.938393197670849721e-01,4.021444706480937770e-01,-5.582286805012318665e-01,0.000000000000000000e+00,0.000000000000000000e+00,0.000000000000000000e+00
-4.031048741391294460e-03,-3.001918304782067760e-03,8.920164364410789748e-01,1.784908278486280891e-02,-2.489136233926721523e-02,6.862605869024774874e-01,7.267105594312643913e-01,-6.809995528495889350e-02,2.045470239260599732e-01,3.086118970066170641e-01,5.601878191360557535e-01,-2.290862209478931322e-01,-2.040623855774128734e-02,-1.507867645010814717e-01,-2.969872646999660026e-01,-2.485082957264689307e-01,6.036955229994823702e-01,-2.596641135349042617e-01,5.903983231048197389e-02,-1.987917226591027209e-01,0.000000000000000000e+00,0.000000000000000000e+00,6.615996530707353163e-01,8.875139936757635573e-01,-4.215928010271925430e-01,-5.328796171878149579e-01,0.000000000000000000e+00,0.000000000000000000e+00,0.000000000000000000e+00,5.253623900514616807e-01,-8.934141713094820858e-01,4.008597927892408319e-01,-5.583424935355494334e-01,0.000000000000000000e+00,0.000000000000000000e+00,0.000000000000000000e+00
-4.021392177036836081e-03,-3.475011003293218634e-03,8.914635092825846652e-01,1.835457378555442956e-02,-2.526552135048396389e-02,6.858895809722718173e-01,7.270352438264052752e-01,-6.955998504064694887e-02,2.040345921886160818e-01,3.063703183682381925e-01,5.650995390512960626e-01,-2.315302880777283800e-01,-1.891382389501496813e-02,-1.526604452496605480e-01,-2.966484757064432598e-01,-2.453604643241519279e-01,6.085062816254864781e-01,-2.643769310766183045e-01,5.581598472274082456e-02,-2.009632420888355642e-01,0.000000000000000000e+00,0.000000000000000000e+00,6.614606472783947089e-01,8.905251266875883198e-01,-4.245734061667384429e-01,-5.333202714779974318e-01,0.000000000000000000e+00,0.000000000000000000e+00,0.000000000000000000e+00,5.225656535010101411e-01,-8.964368760024294946e-01,4.040072114083559374e-01,-5.604909606332195704e-01,0.000000000000000000e+00,0.000000000000000000e+00,0.000000000000000000e+00
-3.959545656405643460e-03,-4.087117665023161893e-03,8.914948722559605798e-01,1.906892128666477781e-02,-2.495710432812798044e-02,6.853466437179746018e-01,7.275393440419741786e-01,-6.924150718124297277e-02,2.023239368620624035e-01,3.069930643384085611e-01,5.643412735023043414e-01,-2.292537056461650957e-01,-1.893555204984032764e-02,-1.540107110818805525e-01,-2.981746029284388366e-01,-2.444127320197457265e-01,6.100467861536734704e-01,-2.667452267336850036e-01,5.286007145392776496e-02,-2.027760330724532045e-01,0.000000000000000000e+00,0.000000000000000000e+00,6.619552042659597735e-01,8.911325663224531901e-01,-4.261785321356750256e-01,-5.307556967297494266e-01,0.000000000000000000e+00,0.000000000000000000e+00,0.000000000000000000e+00,5.204309597539695798e-01,-8.963483534695303456e-01,4.076111291398998304e-01,-5.614087033218804201e-01,0.000000000000000000e+00,0.000000000000000000e+00,0.000000000000000000e+00
-4.112628673847603701e-03,-4.678753369924810307e-03,8.927004576462852503e-01,1.975719620527267503e-02,-2.656235131401403840e-02,6.847305916183912267e-01,7.280440313557318133e-01,-6.033777127496942061e-02,2.028606717975669493e-01,3.110496445340676930e-01,5.533759700581803997e-01,-2.269456099588211262e-01,-1.982825437691630027e-02,-1.453924196886558495e-01,-2.954348021033070815e-01,-2.461385034343367417e-01,5.974472570280505712e-01,-2.598750860784304062e-01,5.862789810666645812e-02,-2.041526546538420805e-01,0.000000000000000000e+00,0.000000000000000000e+00,6.620327076844725323e-01,8.854992488365402981e-01,-4.277857555259947375e-01,-5.267501001459415910e-01,0.000000000000000000e+00,0.000000000000000000e+00,0.000000000000000000e+00,5.197045586144570795e-01,-8.934205505496558564e-01,4.075250300021596161e-01,-5.547623164158422826e-01,0.000000000000000000e+00,0.000000000000000000e+00,0.000000000000000000e+00
-4.208608848825429183e-03,-5.484858519861369672e-03,8.936312360690459311e-01,1.900275959437107073e-02,-2.530484291341040734e-02,6.844151793929302841e-01,7.284053969250020577e-01,-6.088248783119620811e-02,2.023514327262734003e-01,3.151777082007140018e-01,5.462891044286384279e-01,-2.234339058853366256e-01,-2.074267597069503338e-02,-1.469391957786230773e-01,-2.957945646776376503e-01,-2.469939970225284998e-01,5.905795990264750550e-01,-2.559359913307880374e-01,6.208425767868534784e-02,-2.040947469606941844e-01,0.000000000000000000e+00,0.000000000000000000e+00,6.592258542708357982e-01,8.885194450489967144e-01,-4.281143364689257158e-01,-5.286507638679182053e-01,0.000000000000000000e+00,0.000000000000000000e+00,0.000000000000000000e+00,5.179162541201027814e-01,-8.966227868558875880e-01,4.084665460070093790e-01,-5.570585282702003038e-01,0.000000000000000000e+00,0.000000000000000000e+00,0.000000000000000000e+00
-4.387719607949081696e-03,-6.123245283332523492e-03,8.951703162732229657e-01,1.947930519941476826e-02,-2.582795662289626148e-02,6.834598670205866977e-01,7.292709259924161636e-01,-5.290001877697295823e-02,2.012690854245499095e-01,3.204168869717423096e-01,5.322415787120746700e-01,-2.146711003881784097e-01,-2.209847470840265241e-02,-1.393434985505227763e-01,-2.942113890267900045e-01,-2.494718941273476043e-01,5.752851523669786360e-01,-2.504605174358883746e-01,6.559781810234872890e-02,-2.050207416287753992e-01,0.000000000000000000e+00,0.000000000000000000e+00,6.575238472517073163e-01,8.881687769871194904e-01,-4.315763634007198091e-01,-5.262374720396534311e-01,0.000000000000000000e+00,0.000000000000000000e+00,0.000000000000000000e+00,5.167546114062535612e-01,-8.957153026534403484e-01,4.125395716474811736e-01,-5.544891500954728381e-01,0.000000000000000000e+00,0.000000000000000000e+00,0.000000000000000000e+00
-4.567015064450721459e-03,-6.952492585202023345e-03,8.958220743319866841e-01,1.867375138528353656e-02,-2.477853783249214098e-02,6.824171755497807634e-01,7.303041240378861376e-01,-5.482071532836276656e-02,2.010786027138893595e-01,3.231127460913034710e-01,5.281857399950159460e-01,-2.075169285072870629e-01,-2.350974723461984883e-02,-1.415373902129736239e-01,-2.943818344781371499e-01,-2.500828797919670832e-01,5.696972312147620121e-01,-2.499747277000958223e-01,6.838820431692083091e-02,-2.041189514753959100e-01,0.000000000000000000e+00,0.000000000000000000e+00,6.560540928318197018e-01,8.899092985835853620e-01,-4.292627015260437329e-01,-5.286364047935918631e-01,0.000000000000000000e+00,0.000000000000000000e+00,0.000000000000000000e+00,5.159483303946503785e-01,-8.962572690090844230e-01,4.103036031425368879e-01,-5.571123191564364419e-01,0.000000000000000000e+00,0.000000000000000000e+00,0.000000000000000000e+00
-4.746293448225614997e-03,-7.516268809769964185e-03,8.960806954936313407e-01,1.837525451699835444e-02,-2.426199874158525491e-02,6.815223175501559094e-01,7.311641649585701730e-01,-5.527936121483108256e-02,2.004391612912919673e-01,3.249829729988570337e-01,5.260367555968390452e-01,-2.064050477773234638e-01,-2.223606467448475260e-02,-1.436933911084284365e-01,-2.939085413117553669e-01,-2.480802966661618258e-01,5.677912226928325534e-01,-2.487533755106972333e-01,6.783696949131302889e-02,-2.041688338532416380e-01,0.000000000000000000e+00,0.000000000000000000e+00,6.555938767381852550e-01,8.911633277354035210e-01,-4.316372424943606401e-01,-5.293146660148440041e-01,0.000000000000000000e+00,0.000000000000000000e+00,0.000000000000000000e+00,5.147683150250725870e-01,-8.986203135461146019e-01,4.133962256889114895e-01,-5.589105073788090960e-01,0.000000000000000000e+00,0.000000000000000000e+00,0.000000000000000000e+00
-4.872683404206914516e-03,-7.949497928058294957e-03,8.964074835801363328e-01,1.855712660888758289e-02,-2.427460690077294647e-02,6.809915799600405606e-01,7.316535003233169965e-01,-5.360282971115144790e-02,1.997048763299732466e-01,3.263038443456763305e-01,5.226503058013054481e-01,-2.049697273285968346e-01,-2.328001438307574292e-02,-1.429276897773549271e-01,-2.942110303615280142e-01,-2.484423107403211650e-01,5.650261299400978210e-01,-2.478498470737516834e-01,6.968924143322303977e-02,-2.045680467251907442e-01,0.000000000000000000e+00,0.000000000000000000e+00,6.548823396037010136e-01,8.898072607752235408e-01,-4.318867612787142818e-01,-5.286162523684475589e-01,0.000000000000000000e+00,0.000000000000000000e+00,0.000000000000000000e+00,5.142394667816647669e-01,-8.997356771960578481e-01,4.134753795279339506e-01,-5.597210888518011629e-01,0.000000000000000000e+00,0.000000000000000000e+00,0.000000000000000000e+00
-5.010215931607329629e-03,-8.081961717077350976e-03,8.967929264388831978e-01,1.822372897327173558e-02,-2.445746673104399332e-02,6.804749691275258083e-01,7.321362881419697377e-01,-5.357882411300617792e-02,2.000340072789746071e-01,3.259745042497381173e-01,5.212680131891301860e-01,-1.992749718112640789e-01,-2.330117316653287918e-02,-1.413103631009806072e-01,-2.918629840912175810e-01,-2.468914947935303417e-01,5.596564387343800906e-01,-2.475317114932931717e-01,6.947139475765615191e-02,-2.044808979610980293e-01,0.000000000000000000e+00,0.000000000000000000e+00,6.538452675529139446e-01,8.901480614791597024e-01,-4.333927476226985265e-01,-5.272317059595502675e-01,0.000000000000000000e+00,0.000000000000000000e+00,0.000000000000000000e+00,5.143139037440345174e-01,-8.991090861092381203e-01,4.155290105259588085e-01,-5.589866192303811765e-01,0.000000000000000000e+00,0.000000000000000000e+00,0.000000000000000000e+00
-5.008272826278278682e-03,-8.179516940227185562e-03,8.967974069583944940e-01,1.857287127497157450e-02,-2.470728596672909852e-02,6.802496446050507739e-01,7.323284915169309128e-01,-5.217741396237935564e-02,2.001916584652145004e-01,3.273520257741710515e-01,5.207996605820929270e-01,-1.998020712884519545e-01,-2.364008625715280365e-02,-1.405883104555661067e-01,-2.923760895338561316e-01,-2.471208535842736032e-01,5.595231625243823892e-01,-2.464203933171838223e-01,7.044870759902475965e-02,-2.057454838823271071e-01,0.000000000000000000e+00,0.000000000000000000e+00,6.531063161464606415e-01,8.908577124459219343e-01,-4.357210992010776551e-01,-5.270106071122616642e-01,0.000000000000000000e+00,0.000000000000000000e+00,0.000000000000000000e+00,5.134799655146580211e-01,-8.999622851095877563e-01,4.172799061800288589e-01,-5.604702139668644723e-01,0.000000000000000000e+00,0.000000000000000000e+00,0.000000000000000000e+00
-4.929432915284959887e-03,-8.191926565533545757e-03,8.964530522931860590e-01,1.920268083894239447e-02,-2.513307101218791376e-02,6.804327266441778654e-01,7.321276461804073765e-01,-5.129811970915294783e-02,2.001175878963479815e-01,3.274831117371621581e-01,5.228373425541845698e-01,-2.043945333871687586e-01,-2.086339007819409258e-02,-1.410331555928887592e-01,-2.932598661836285370e-01,-2.458282738775066367e-01,5.634844623999381019e-01,-2.439775029698170172e-01,7.193533251083100710e-02,-2.078846115366250746e-01,0.000000000000000000e+00,0.000000000000000000e+00,6.518725680644370524e-01,8.906433287681356781e-01,-4.376335218246515946e-01,-5.265902075834406615e-01,0.000000000000000000e+00,0.000000000000000000e+00,0.000000000000000000e+00,5.116748580553623915e-01,-9.020394731666190324e-01,4.195514958533489436e-01,-5.623493565754223988e-01,0.000000000000000000e+00,0.000000000000000000e+00,0.000000000000000000e+00
-4.738102870909351692e-03,-8.075199840072903520e-03,8.956947803705574973e-01,1.948305507748700899e-02,-2.541162524474276790e-02,6.802265862464786927e-01,7.323021584228265324e-01,-5.344027521421541166e-02,2.003507336900982594e-01,3.247096475826166118e-01,5.294622210891767322e-01,-2.076112201655790079e-01,-1.919105109651126490e-02,-1.426133409832785193e-01,-2.934521716519628565e-01,-2.440076227619215055e-01,5.693128446394334352e-01,-2.503937157502336697e-01,7.169698264740201332e-02,-2.081300334643184646e-01,0.000000000000000000e+00,0.000000000000000000e+00,6.516471331417450497e-01,8.908850328922591766e-01,-4.381969553636847481e-01,-5.272406600042901514e-01,0.000000000000000000e+00,0.000000000000000000e+00,0.000000000000000000e+00,5.126293082520159139e-01,-9.026707309630642717e-01,4.201382869076425441e-01,-5.649732562147958825e-01,0.000000000000000000e+00,0.000000000000000000e+00,0.000000000000000000e+00
-4.400165544727770855e-03,-8.002316692354275243e-03,8.947337664525505385e-01,2.019428304095558305e-02,-2.554030690144322088e-02,6.800187383001714547e-01,7.324714323552045103e-01,-5.523945634102815638e-02,2.003059413718184523e-01,3.230159009649022916e-01,5.367597669676931194e-01,-2.122734037105981908e-01,-1.833748436165962697e-02,-1.457617887340367790e-01,-2.942529570590685650e-01,-2.404427901808560142e-01,5.783643800514302047e-01,-2.572831437018119338e-01,6.831434499670353822e-02,-2.084233335642547147e-01,0.000000000000000000e+00,0.000000000000000000e+00,6.519874918678845166e-01,8.909189194985864813e-01,-4.377151425189439449e-01,-5.270061059318408292e-01,0.000000000000000000e+00,0.000000000000000000e+00,0.000000000000000000e+00,5.125278765975989081e-01,-9.040603662649655536e-01,4.203228901890593283e-01,-5.682437734712803001e-01,0.000000000000000000e+00,0.000000000000000000e+00,0.000000000000000000e+00
-4.040735594578221887e-03,-8.053245845349129781e-03,8.933102453773732465e-01,2.135865915781962054e-02,-2.567177290178287996e-02,6.795954895925545580e-01,7.328265403767221242e-01,-5.822946862410693925e-02,2.000465470834306425e-01,3.209026028836720612e-01,5.478607094933740651e-01,-2.161485820563365523e-01,-1.775659581688936173e-02,-1.507536410103426094e-01,-2.969571579760619251e-01,-2.375825531536503998e-01,5.926309586216329528e-01,-2.663451512581820890e-01,6.174790577198698005e-02,-2.094523502102085544e-01,0.000000000000000000e+00,0.000000000000000000e+00,6.530789740112276087e-01,8.932626596514585682e-01,-4.412845432651618105e-01,-5.281514292863203064e-01,0.000000000000000000e+00,0.000000000000000000e+00,0.000000000000000000e+00,5.120422089530403120e-01,-9.059594197271307880e-01,4.242324968495212456e-01,-5.737376983436887068e-01,0.000000000000000000e+00,0.000000000000000000e+00,0.000000000000000000e+00
-3.800214734815209223e-03,-8.248230860078066551e-03,8.926361239945294068e-01,2.208929195846262572e-02,-2.593188560211296886e-02,6.797719027758923893e-01,7.326320772982409801e-01,-5.950024733508396668e-02,2.002401898083156218e-01,3.199442323909363894e-01,5.528911117867105762e-01,-2.181405648577065537e-01,-1.654812930823813463e-02,-1.539898279296770534e-01,-2.993920016672444451e-01,-2.374970575632272540e-01,6.015443363735970550e-01,-2.625366900136921755e-01,5.962764992145488246e-02,-2.113219515035077434e-01,0.000000000000000000e+00,0.000000000000000000e+00,6.533757610399357763e-01,8.931596697719974554e-01,-4.386256084322914250e-01,-5.260999092773687158e-01,0.000000000000000000e+00,0.000000000000000000e+00,0.000000000000000000e+00,5.100069542939044132e-01,-9.073012598447242061e-01,4.230880080552277267e-01,-5.744426405484983622e-01,0.000000000000000000e+00,0.000000000000000000e+00,0.000000000000000000e+00
-3.737715381427417390e-03,-8.333436890011626519e-03,8.927565804513949432e-01,2.190623045417106063e-02,-2.612638360000854240e-02,6.796847714806590890e-01,7.327114988619725100e-01,-5.926478062642670519e-02,2.011433027418874364e-01,3.209965883929905006e-01,5.528190519730297181e-01,-2.197938967727429416e-01,-1.368905845441942271e-02,-1.532614763281443804e-01,-2.984833675441438960e-01,-2.375664507898568867e-01,5.999626158757659367e-01,-2.623061159378505258e-01,6.157761701844977759e-02,-2.114933999574424572e-01,0.000000000000000000e+00,0.000000000000000000e+00,6.516679761027024398e-01,8.945824417793710737e-01,-4.393174573650741599e-01,-5.266717369652901271e-01,0.000000000000000000e+00,0.000000000000000000e+00,0.000000000000000000e+00,5.095560712894555699e-01,-9.076992638522288770e-01,4.242303820224413435e-01,-5.723765922420676056e-01,0.000000000000000000e+00,0.000000000000000000e+00,0.000000000000000000e+00
-3.741524762201767391e-03,-8.301167432444720579e-03,8.939032031202460704e-01,2.276380536307778812e-02,-2.713582694534759712e-02,6.795107285642543182e-01,7.328100885137023290e-01,-4.977468339870443070e-02,2.010529485194609556e-01,3.262969772170922766e-01,5.408929132916217020e-01,-2.168356346656503397e-01,-1.809867696787606853e-02,-1.435388079417335150e-01,-2.974585707663275347e-01,-2.413892999160208719e-01,5.875720908969260803e-01,-2.624172740261881964e-01,6.440416116944094882e-02,-2.113948463975209302e-01,0.000000000000000000e+00,0.000000000000000000e+00,6.512140161110124836e-01,8.933540023577843936e-01,-4.419688448881502474e-01,-5.226256333445969959e-01,0.000000000000000000e+00,0.000000000000000000e+00,0.000000000000000000e+00,5.087125802457045376e-01,-9.055312905146537528e-01,4.274138581030724748e-01,-5.669540616178031511e-01,0.000000000000000000e+00,0.000000000000000000e+00,0.000000000000000000e+00
-3.768538784580978407e-03,-8.390774757516634638e-03,8.941065102875905835e-01,2.190626985743471256e-02,-2.675666278519539878e-02,6.801043857329863718e-01,7.322992700011995426e-01,-5.244019147561041622e-02,2.022724504944841961e-01,3.257075589714614194e-01,5.410572159615555377e-01,-2.151123594168188047e-01,-2.026672090182671943e-02,-1.444304077106563222e-01,-2.966667767613594409e-01,-2.422891334894236859e-01,5.860366853131245835e-01,-2.620979715746675764e-01,6.431976659751664771e-02,-2.105541148135009755e-01,0.000000000000000000e+00,0.000000000000000000e+00,6.499373460278127235e-01,8.954700209610377826e-01,-4.390912213856310586e-01,-5.247477359860285295e-01,0.000000000000000000e+00,0.000000000000000000e+00,0.000000000000000000e+00,5.089820480499186450e-01,-9.061639646415641236e-01,4.249444872945989937e-01,-5.652782947649326317e-01,0.000000000000000000e+00,0.000000000000000000e+00,0.000000000000000000e+00
-3.874592065574911440e-03,-8.194683626824402628e-03,8.954566078470523882e-01,2.239767514053868369e-02,-2.801075209747644693e-02,6.797905177108369834e-01,7.325289031469439660e-01,-4.366688086571612198e-02,2.026352619995540338e-01,3.297662893973994924e-01,5.295095854006893754e-01,-2.074519856794679318e-01,-2.243729772002975298e-02,-1.337837539111631224e-01,-2.946455496938804597e-01,-2.466487830021651118e-01,5.709876321775324559e-01,-2.573186283472600477e-01,6.875526295617914729e-02,-2.096120278540555271e-01,0.000000000000000000e+00,0.000000000000000000e+00,6.500734981049136607e-01,8.933358148531943543e-01,-4.409150057186275173e-01,-5.212051079067515635e-01,0.000000000000000000e+00,0.000000000000000000e+00,0.000000000000000000e+00,5.079706620042699905e-01,-9.048566306920798885e-01,4.281304923215671909e-01,-5.594526175764250597e-01,0.000000000000000000e+00,0.000000000000000000e+00,0.000000000000000000e+00
-3.855027917466770978e-03,-8.083426059041403169e-03,8.955231460451177350e-01,2.166196769577523676e-02,-2.755062413951970407e-02,6.790212900048339106e-01,7.332815352818051746e-01,-4.672320531308729596e-02,2.032380592506694006e-01,3.285209752416191065e-01,5.313279302344485755e-01,-2.011277311468475104e-01,-2.294108369170921868e-02,-1.357302186463489602e-01,-2.937403421478371190e-01,-2.459559436834126145e-01,5.701350391736381695e-01,-2.599717887993038268e-01,6.685399817977920323e-02,-2.075978025743679956e-01,0.000000000000000000e+00,0.000000000000000000e+00,6.497712958450589937e-01,8.971577228236482515e-01,-4.364527721368456903e-01,-5.228962964031917959e-01,0.000000000000000000e+00,0.000000000000000000e+00,0.000000000000000000e+00,5.067208761885594326e-01,-9.072246205159584242e-01,4.258920503700313609e-01,-5.606141600201492992e-01,0.000000000000000000e+00,0.000000000000000000e+00,0.000000000000000000e+00
-3.613931636199713485e-03,-7.651185122502186797e-03,8.956629724769148426e-01,2.183484335004385463e-02,-2.719216523380507677e-02,6.792929961302341946e-01,7.330380966731441239e-01,-4.548041282561418597e-02,2.021279188350962874e-01,3.278922473927267101e-01,5.288249850907167371e-01,-1.997755817870289774e-01,-2.655172484686317558e-02,-1.339439629868978965e-01,-2.941737999182808538e-01,-2.469519783295118232e-01,5.687734351783176878e-01,-2.661556953086372523e-01,6.484335450611100615e-02,-2.072019829184271189e-01,0.000000000000000000e+00,0.000000000000000000e+00,6.511264049162425183e-01,8.972482239030328266e-01,-4.377357047403179213e-01,-5.225652580468977959e-01,0.000000000000000000e+00,0.000000000000000000e+00,0.000000000000000000e+00,5.081673814236028486e-01,-9.051155796754567495e-01,4.287480699244710092e-01,-5.622754028379179925e-01,0.000000000000000000e+00,0.000000000000000000e+00,0.000000000000000000e+00
-3.373475659023921283e-03,-6.930025536480247626e-03,8.958225581688624706e-01,2.134552125987918686e-02,-2.686499700850866409e-02,6.791685081474134744e-01,7.331799084799670574e-01,-4.531456459559694144e-02,2.030582618034128539e-01,3.292279495290050817e-01,5.279346214041273910e-01,-1.972587621129918423e-01,-2.629796359429256020e-02,-1.328581155472157715e-01,-2.933369268413039133e-01,-2.474972411598491129e-01,5.660315236992453647e-01,-2.673739342722965540e-01,6.539066230029705329e-02,-2.067898453186047258e-01,0.000000000000000000e+00,0.000000000000000000e+00,6.517016206234598208e-01,8.988828495919011230e-01,-4.395144724565394068e-01,-5.246259772348969008e-01,0.000000000000000000e+00,0.000000000000000000e+00,0.000000000000000000e+00,5.090556406046669036e-01,-9.047664756724399515e-01,4.307964928475824795e-01,-5.621887701071038856e-01,0.000000000000000000e+00,0.000000000000000000e+00,0.000000000000000000e+00
-3.004816228048450347e-03,-6.248619862704227028e-03,8.957930074589256497e-01,2.156308591730040497e-02,-2.699714930694925921e-02,6.792822623407668292e-01,7.330632955783763505e-01,-4.357608114001214339e-02,2.036813135109210027e-01,3.298881975436409597e-01,5.273385901130132059e-01,-1.963931409533719308e-01,-2.823732014460889755e-02,-1.313527611550725505e-01,-2.930234792494066931e-01,-2.471046088974157839e-01,5.661565969059493275e-01,-2.677835804063722347e-01,6.591496898167448215e-02,-2.077745008899704315e-01,0.000000000000000000e+00,0.000000000000000000e+00,6.528292010331765427e-01,8.978531798250174445e-01,-4.382265134629597103e-01,-5.234713022096476598e-01,0.000000000000000000e+00,0.000000000000000000e+00,0.000000000000000000e+00,5.093214803328315332e-01,-9.018326367590229209e-01,4.299905529051732400e-01,-5.625086509988721506e-01,0.000000000000000000e+00,0.000000000000000000e+00,0.000000000000000000e+00
-2.602047253278791730e-03,-5.518786632314802432e-03,8.952362357756179501e-01,2.158336857804639408e-02,-2.720951920837906893e-02,6.791663493490195380e-01,7.331622400104889081e-01,-4.371119504250708943e-02,2.046636970696997515e-01,3.291325901137706067e-01,5.312042378701555823e-01,-2.020223911023520946e-01,-2.625155437959198618e-02,-1.323045787551168084e-01,-2.928858999341687475e-01,-2.462802910791006550e-01,5.710902362691132605e-01,-2.701551898333445778e-01,6.540241471383276273e-02,-2.086778782979274993e-01,0.000000000000000000e+00,0.000000000000000000e+00,6.539795275907056560e-01,8.981972146694688908e-01,-4.382974471746280964e-01,-5.242507550573540787e-01,0.000000000000000000e+00,0.000000000000000000e+00,0.000000000000000000e+00,5.079925599438526174e-01,-9.046839332226657149e-01,4.310996662350119468e-01,-5.639771320462885207e-01,0.000000000000000000e+00,0.000000000000000000e+00,0.000000000000000000e+00
-2.091250409074573054e-03,-4.894618919347354206e-03,8.940626705384234763e-01,2.223796506790959304e-02,-2.759532486393148978e-02,6.794247760109093370e-01,7.328887669338486344e-01,-4.571146265966227751e-02,2.051822802687582603e-01,3.257159567987117366e-01,5.401113085788491475e-01,-2.070997018982426441e-01,-2.447578073103395119e-02,-1.351859249167950972e-01,-2.935649566161965263e-01,-2.430401913601650254e-01,5.823381305647543638e-01,-2.742670401705309957e-01,6.265861494424941613e-02,-2.104116989870470356e-01,0.000000000000000000e+00,0.000000000000000000e+00,6.551618568791336417e-01,8.999695623652512744e-01,-4.385014713000519038e-01,-5.253600083142043742e-01,0.000000000000000000e+00,0.000000000000000000e+00,0.000000000000000000e+00,5.066983293239432085e-01,-9.073451015802022068e-01,4.321634858503158316e-01,-5.680575957057979464e-01,0.000000000000000000e+00,0.000000000000000000e+00,0.000000000000000000e+00
-1.557656637991905110e-03,-4.300079938473683368e-03,8.925791278787613692e-01,2.237867214695964460e-02,-2.736429249808218153e-02,6.791003169038500875e-01,7.331938011945459133e-01,-5.071859650807288011e-02,2.062294373860764085e-01,3.228441916634712805e-01,5.523821602515119888e-01,-2.122732671891872092e-01,-2.212466156779537702e-02,-1.409924111686601533e-01,-2.950782974549450155e-01,-2.406339508475714983e-01,5.958208749065438958e-01,-2.827921841154749649e-01,5.924459132242014536e-02,-2.105364601843682237e-01,0.000000000000000000e+00,0.000000000000000000e+00,6.571080568879191786e-01,9.013177153173073108e-01,-4.368914802004956743e-01,-5.273146342879942994e-01,0.000000000000000000e+00,0.000000000000000000e+00,0.000000000000000000e+00,5.075107125836311184e-01,-9.081166994846135987e-01,4.303793668311121090e-01,-5.723000889544773706e-01,0.000000000000000000e+00,0.000000000000000000e+00,0.000000000000000000e+00
-1.026545381997731642e-03,-3.920488445615545950e-03,8.911102613608941070e-01,2.310882365327387652e-02,-2.732307501378394496e-02,6.794256303285700627e-01,7.328712333648911281e-01,-5.469922899447771103e-02,2.062055867883415550e-01,3.190710024389243338e-01,5.635110840539395705e-01,-2.178544785633863834e-01,-2.016022133980104047e-02,-1.464194547508529676e-01,-2.971259656314145237e-01,-2.374692407640182634e-01,6.106070812861568164e-01,-2.879963079432992790e-01,5.465295843886354421e-02,-2.116635707981408265e-01,0.000000000000000000e+00,0.000000000000000000e+00,6.583362569521902241e-01,9.038217765834929418e-01,-4.372554576257742798e-01,-5.294133871343900122e-01,0.000000000000000000e+00,0.000000000000000000e+00,0.000000000000000000e+00,5.069100098599759185e-01,-9.107669416388985972e-01,4.313143339879179083e-01,-5.777229181460048490e-01,0.000000000000000000e+00,0.000000000000000000e+00,0.000000000000000000e+00
-7.144778227344444118e-04,-3.684276697356733341e-03,8.901131645424182892e-01,2.320087853530274774e-02,-2.770890742873055590e-02,6.790645397604534450e-01,7.331884386187620395e-01,-5.784521565486638872e-02,2.085965401605918701e-01,3.183134984523380284e-01,5.729893167112005692e-01,-2.195013090058362537e-01,-1.925390973555755544e-02,-1.494048142903266208e-01,-2.980491452370291894e-01,-2.376053737448024505e-01,6.192582561884369952e-01,-2.919505275756986706e-01,5.280665879971596643e-02,-2.119378116984005078e-01,0.000000000000000000e+00,0.000000000000000000e+00,6.607704517688384183e-01,9.033777398518179069e-01,-4.360856657151010451e-01,-5.310808546092953275e-01,0.000000000000000000e+00,0.000000000000000000e+00,0.000000000000000000e+00,5.075521968053191557e-01,-9.109748615110054848e-01,4.293706559936438794e-01,-5.786664582824667669e-01,0.000000000000000000e+00,0.000000000000000000e+00,0.000000000000000000e+00
-4.251122675788104053e-04,-3.412724589354524610e-03,8.900164978878659650e-01,2.290411813018540174e-02,-2.725590232176836741e-02,6.784335099001569391e-01,7.337986711665923645e-01,-5.925789277331056093e-02,2.087632150365506811e-01,3.183594001156683784e-01,5.744695038012860300e-01,-2.179619530708214459e-01,-1.725289506959212793e-02,-1.512729847966157726e-01,-2.975642178886565015e-01,-2.362428832965954850e-01,6.202836274243156423e-01,-2.941732752934867468e-01,5.169436586375976417e-02,-2.101298276103922835e-01,0.000000000000000000e+00,0.000000000000000000e+00,6.608701985142982904e-01,9.052052264504674151e-01,-4.345332816347369786e-01,-5.323130052135555124e-01,0.000000000000000000e+00,0.000000000000000000e+00,0.000000000000000000e+00,5.067076663107695778e-01,-9.128041498244918728e-01,4.308067969242743156e-01,-5.794169145628296214e-01,0.000000000000000000e+00,0.000000000000000000e+00,0.000000000000000000e+00
-2.860313630295378134e-04,-3.332674875921769024e-03,8.901802248270160867e-01,2.283542509571592077e-02,-2.766285780623537957e-02,6.778395019937523136e-01,7.343343374754787156e-01,-5.838071053694345036e-02,2.095358619326868066e-01,3.183406495647254641e-01,5.740174887708547891e-01,-2.148403014620182683e-01,-1.679560462583173236e-02,-1.501733147896139042e-01,-2.961269426329531940e-01,-2.356953635895719934e-01,6.183620548904763536e-01,-2.935068502634259335e-01,5.230748295080246690e-02,-2.101647434658572289e-01,0.000000000000000000e+00,0.000000000000000000e+00,6.613473527887848702e-01,9.035826109041884546e-01,-4.329467507346674293e-01,-5.313043840402215112e-01,0.000000000000000000e+00,0.000000000000000000e+00,0.000000000000000000e+00,5.050406199660012474e-01,-9.123732692049693060e-01,4.291702594590586228e-01,-5.781117104842035115e-01,0.000000000000000000e+00,0.000000000000000000e+00,0.000000000000000000e+00
-2.286880786455590354e-04,-3.190750088955261569e-03,8.917356368359785623e-01,2.335891581438644116e-02,-2.867290911151008231e-02,6.774161295815357420e-01,7.346697303672108381e-01,-4.890088408586319713e-02,2.098535745224553994e-01,3.236650856734024639e-01,5.603563507518485309e-01,-2.064323538287350934e-01,-1.925338411662579075e-02,-1.402315108273478883e-01,-2.940793014268122119e-01,-2.389022783245484671e-01,6.029124422246389114e-01,-2.862692852224246742e-01,5.837558244120784334e-02,-2.103709693421680349e-01,0.000000000000000000e+00,0.000000000000000000e+00,6.616188830492782946e-01,8.972994608760425095e-01,-4.333912737119964276e-01,-5.256805006790029600e-01,0.000000000000000000e+00,0.000000000000000000e+00,0.000000000000000000e+00,5.053185085142763988e-01,-9.063270476070997006e-01,4.302421799123595236e-01,-5.700703412835960160e-01,0.000000000000000000e+00,0.000000000000000000e+00,0.000000000000000000e+00
-1.000430086137102945e-04,-3.385534439772623205e-03,8.907615269700370764e-01,2.297423809521983995e-02,-2.763819380651931154e-02,6.782169351870364071e-01,7.339823590881181525e-01,-5.515200604375265769e-02,2.096149553104645069e-01,3.211252793430983687e-01,5.679589239547138124e-01,-2.145318149266311480e-01,-1.842098551669577033e-02,-1.465934891132127937e-01,-2.966212865707009150e-01,-2.386765341056919232e-01,6.126680976206417828e-01,-2.914802910102734512e-01,5.644699251124363909e-02,-2.104884793228110895e-01,0.000000000000000000e+00,0.000000000000000000e+00,6.609301596081731400e-01,9.011992571284055398e-01,-4.348661384116558337e-01,-5.320588496779184995e-01,0.000000000000000000e+00,0.000000000000000000e+00,0.000000000000000000e+00,5.057881694636161551e-01,-9.101930134153937146e-01,4.313451940797011774e-01,-5.747003643269387174e-01,0.000000000000000000e+00,0.000000000000000000e+00,0.000000000000000000e+00
-3.452807907674930454e-06,-3.452032120353858233e-03,8.902250524883347227e-01,2.271012239969290650e-02,-2.700032747167254235e-02,6.781146866156705366e-01,7.341087824383676352e-01,-5.913080931834753529e-02,2.091071420363089794e-01,3.188448133815525720e-01,5.728857603184425162e-01,-2.158548536974819465e-01,-1.837744418468095428e-02,-1.502970450331174712e-01,-2.970856402497366044e-01,-2.373222965768370663e-01,6.176832574228192652e-01,-2.985556237313151118e-01,5.140365852242489986e-02,-2.108807986825968483e-01,0.000000000000000000e+00,0.000000000000000000e+00,6.611820370977115058e-01,9.023265037894516727e-01,-4.362520967659999083e-01,-5.329274601809386169e-01,0.000000000000000000e+00,0.000000000000000000e+00,0.000000000000000000e+00,5.042831405200891570e-01,-9.125716248044392076e-01,4.332419210167332557e-01,-5.776208292351648899e-01,0.000000000000000000e+00,0.000000000000000000e+00,0.000000000000000000e+00
3.198657650187338147e-05,-3.583757943001607271e-03,8.908455094176859212e-01,2.224830293454569882e-02,-2.706041867341731424e-02,6.776674464504897077e-01,7.345335790683927835e-01,-5.831992815040380751e-02,2.097577820171586116e-01,3.197449721406749878e-01,5.693334323367611471e-01,-2.114387473124957340e-01,-1.821700016886274726e-02,-1.488372729553193996e-01,-2.956545892581803336e-01,-2.382074967233466234e-01,6.121939513350692641e-01,-2.951545584824042390e-01,5.357223053032783566e-02,-2.106201796017922179e-01,0.000000000000000000e+00,0.000000000000000000e+00,6.602765655801408062e-01,9.007014000491979644e-01,-4.366899296309948442e-01,-5.322755893183432896e-01,0.000000000000000000e+00,0.000000000000000000e+00,0.000000000000000000e+00,5.039212880373102887e-01,-9.106079504055397678e-01,4.323645801215650342e-01,-5.744729094126975744e-01,0.000000000000000000e+00,0.000000000000000000e+00,0.000000000000000000e+00
1.617699614265408941e-04,-3.657834558761662372e-03,8.914978098097076087e-01,2.190288418948974775e-02,-2.693119479054252585e-02,6.770544268000062704e-01,7.351137854521903048e-01,-5.662136957620361732e-02,2.107275264741077514e-01,3.229159770518671979e-01,5.645788116960765990e-01,-2.056306150210440442e-01,-1.943880748526222169e-02,-1.471837254163210762e-01,-2.946673007272583855e-01,-2.395810202245665654e-01,6.062870836963278887e-01,-2.933131197349554409e-01,5.436321426513768262e-02,-2.106145647196370208e-01,0.000000000000000000e+00,0.000000000000000000e+00,6.609669811011676943e-01,9.010956193462644759e-01,-4.347720981330819301e-01,-5.320326038099073562e-01,0.000000000000000000e+00,0.000000000000000000e+00,0.000000000000000000e+00,5.036769888934619077e-01,-9.074217537836931635e-01,4.304572227205087920e-01,-5.714508093100589825e-01,0.000000000000000000e+00,0.000000000000000000e+00,0.000000000000000000e+00
3.303070711266122570e-04,-3.784689108805633275e-03,8.922295156932185112e-01,2.168717281214079667e-02,-2.734663722275169212e-02,6.773103606910623187e-01,7.348690381752145395e-01,-5.377453657030413503e-02,2.120939612811454100e-01,3.249610991589593767e-01,5.586031903908650342e-01,-2.018742452610358118e-01,-2.142540438157129051e-02,-1.440208078923706225e-01,-2.935954544738146876e-01,-2.422470332400602222e-01,6.004099904814383937e-01,-2.861764687816447661e-01,5.719890399826183663e-02,-2.107478123624050015e-01,0.000000000000000000e+00,0.000000000000000000e+00,6.608779246222424852e-01,8.985144436554046710e-01,-4.333385324287755691e-01,-5.313764417552159225e-01,0.000000000000000000e+00,0.000000000000000000e+00,0.000000000000000000e+00,5.047173365401987910e-01,-9.036995976437312006e-01,4.290687257603578164e-01,-5.679710397317424553e-01,0.000000000000000000e+00,0.000000000000000000e+00,0.000000000000000000e+00
6.092426654677002241e-04,-3.825598825519220189e-03,8.917756635911100460e-01,2.195851778010072738e-02,-2.691063865530939070e-02,6.771808273368150610e-01,7.349964408835524265e-01,-5.508480283582008197e-02,2.114947695400622441e-01,3.246041917452526793e-01,5.612566797736564528e-01,-2.040915114735121771e-01,-2.172655988553146705e-02,-1.459545544481522517e-01,-2.949690314562474214e-01,-2.419720053599406784e-01,6.045395916262156222e-01,-2.924665684407716237e-01,5.487305348826757717e-02,-2.103521850022378181e-01,0.000000000000000000e+00,0.000000000000000000e+00,6.618637238247075949e-01,9.007840789649720348e-01,-4.343864523661714050e-01,-5.337630203615144620e-01,0.000000000000000000e+00,0.000000000000000000e+00,0.000000000000000000e+00,5.050319577528107340e-01,-9.055845574411214294e-01,4.305802207081537158e-01,-5.707318246206091183e-01,0.000000000000000000e+00,0.000000000000000000e+00,0.000000000000000000e+00
8.194415707693703151e-04,-3.789825288709827017e-03,8.911542719160940873e-01,2.194699052904941841e-02,-2.675785298963554923e-02,6.768472915273956447e-01,7.353095204484503267e-01,-5.710572765918851129e-02,2.130684716245447863e-01,3.260982156339532478e-01,5.662785965420242817e-01,-2.063593656541894694e-01,-2.137409870897578196e-02,-1.492273784453751750e-01,-2.955656886378597026e-01,-2.405192056271670542e-01,6.102707720949250847e-01,-2.946860290391684623e-01,5.438313724309900427e-02,-2.115680937875258349e-01,0.000000000000000000e+00,0.000000000000000000e+00,6.644271161006597426e-01,8.994815420935988737e-01,-4.326671430325403356e-01,-5.341850758574034908e-01,0.000000000000000000e+00,0.000000000000000000e+00,0.000000000000000000e+00,5.053681247619263850e-01,-9.056338257791585189e-01,4.285994974610368713e-01,-5.720588637779772112e-01,0.000000000000000000e+00,0.000000000000000000e+00,0.000000000000000000e+00
1.022772285911756427e-03,-3.780837406734860635e-03,8.901834602430389598e-01,2.213549055735326496e-02,-2.655611097590715106e-02,6.762113895729672253e-01,7.358960182250042781e-01,-6.076437966619843006e-02,2.134951022535108989e-01,3.248434328177754460e-01,5.745762308134321206e-01,-2.081807734470238480e-01,-1.936292481428941725e-02,-1.533594146952378390e-01,-2.967681198278697141e-01,-2.387484719476987705e-01,6.185473394460039298e-01,-3.022285323024464510e-01,5.162042012524914458e-02,-2.115626864104489524e-01,0.000000000000000000e+00,0.000000000000000000e+00,6.657103994669303360e-01,9.005304495452911562e-01,-4.324617659474697673e-01,-5.357189484588112949e-01,0.000000000000000000e+00,0.000000000000000000e+00,0.000000000000000000e+00,5.049228244993451131e-01,-9.064168328260806540e-01,4.296642200707594395e-01,-5.747455742637405107e-01,0.000000000000000000e+00,0.000000000000000000e+00,0.000000000000000000e+00
1.180845485708660603e-03,-3.845942802754729207e-03,8.889937818478315101e-01,2.245932592599805822e-02,-2.650944005111312979e-02,6.762271634584789970e-01,7.358733937764185828e-01,-6.450421063525291210e-02,2.131456157186553402e-01,3.214774111521656597e-01,5.833015524546666386e-01,-2.154052571971583896e-01,-1.734001695136561105e-02,-1.585919373957064560e-01,-2.978819361089685702e-01,-2.357402433638190464e-01,6.301276595099998268e-01,-3.076349029805355295e-01,4.663806812258398937e-02,-2.116448979695358668e-01,0.000000000000000000e+00,0.000000000000000000e+00,6.666215433199201845e-01,9.009657947586381388e-01,-4.310010081685684558e-01,-5.356028601482634155e-01,0.000000000000000000e+00,0.000000000000000000e+00,0.000000000000000000e+00,5.044536155121284171e-01,-9.100007106569181214e-01,4.293393493887441847e-01,-5.776166938086862990e-01,0.000000000000000000e+00,0.000000000000000000e+00,0.000000000000000000e+00
1.168679302426388344e-03,-3.936601799778836550e-03,8.884943097882542773e-01,2.224152085563413719e-02,-2.667735448758184330e-02,6.760738174917791943e-01,7.360148278463313209e-01,-6.658820458228584260e-02,2.141453000337102397e-01,3.204538625885384184e-01,5.877456620872225646e-01,-2.192934976356084864e-01,-1.662464887268259861e-02,-1.606784102548945159e-01,-2.980896633109400007e-01,-2.357086745251310567e-01,6.342593375871128369e-01,-3.092105467240033878e-01,4.700111243776118608e-02,-2.117032796364513858e-01,0.000000000000000000e+00,0.000000000000000000e+00,6.684494175047440701e-01,8.983084757923029962e-01,-4.278720131226134149e-01,-5.347475780743979890e-01,0.000000000000000000e+00,0.000000000000000000e+00,0.000000000000000000e+00,5.053115434761327185e-01,-9.103526040137557285e-01,4.263892497557532080e-01,-5.771577920310632104e-01,0.000000000000000000e+00,0.000000000000000000e+00,0.000000000000000000e+00
1.042903902243594912e-03,-3.898059628463764695e-03,8.894015768306017256e-01,2.075644392243812530e-02,-2.633359874996231420e-02,6.752816489874049477e-01,7.367973983079891820e-01,-6.683069962748780513e-02,2.169153138073902642e-01,3.249132826437159949e-01,5.836758442731846408e-01,-2.137056516554839969e-01,-1.561941267659113994e-02,-1.589209652241665438e-01,-2.955045229033126386e-01,-2.375923170412538310e-01,6.237938860003616748e-01,-3.054729888039762753e-01,5.432864209839750186e-02,-2.089373590771690659e-01,0.000000000000000000e+00,0.000000000000000000e+00,6.692463668779784491e-01,8.947546116507421043e-01,-4.251365839864064688e-01,-5.349031618018552647e-01,0.000000000000000000e+00,0.000000000000000000e+00,0.000000000000000000e+00,5.082592833268730903e-01,-9.059558692232895227e-01,4.233557559603150500e-01,-5.722566876930813562e-01,0.000000000000000000e+00,0.000000000000000000e+00,0.000000000000000000e+00
1.041710192893698355e-03,-4.339453667129246003e-03,8.891422698903390653e-01,2.182182660690584752e-02,-2.666055511563506300e-02,6.750942016416684455e-01,7.369266188666701023e-01,-6.604044279247969773e-02,2.149955729575876995e-01,3.232883794220867135e-01,5.848093474334591368e-01,-2.131858826572590182e-01,-1.435819968291263474e-02,-1.594857576414727973e-01,-2.970185358770907613e-01,-2.365248169491450114e-01,6.276101120988067938e-01,-3.055946379499747123e-01,4.952052827232335946e-02,-2.094062630175458628e-01,0.000000000000000000e+00,0.000000000000000000e+00,6.674502759891537407e-01,8.998790337208614210e-01,-4.289267001360507203e-01,-5.364384037976476227e-01,0.000000000000000000e+00,0.000000000000000000e+00,0.000000000000000000e+00,5.040844192275195645e-01,-9.094300186942338993e-01,4.275888696479973050e-01,-5.752772767460274661e-01,0.000000000000000000e+00,0.000000000000000000e+00,0.000000000000000000e+00
9.493560308800815277e-04,-4.643774077499209993e-03,8.897693836943736390e-01,2.115853304837801360e-02,-2.663165486849061736e-02,6.748858393389618460e-01,7.371378265276792296e-01,-6.487483979026445469e-02,2.163151099236996500e-01,3.263885997775545778e-01,5.805512955053733215e-01,-2.136607281501787248e-01,-1.413911657829721932e-02,-1.582790056190959693e-01,-2.952348595638151774e-01,-2.370091397716076742e-01,6.216968894536819557e-01,-3.026412230048142749e-01,5.277116012349144375e-02,-2.084633343453138610e-01,0.000000000000000000e+00,0.000000000000000000e+00,6.684191644835467683e-01,8.960078249090110969e-01,-4.276193947799602491e-01,-5.362402466743906304e-01,0.000000000000000000e+00,0.000000000000000000e+00,0.000000000000000000e+00,5.053748401981854599e-01,-9.056061193033204670e-01,4.255424608402419429e-01,-5.714076477002859589e-01,0.000000000000000000e+00,0.000000000000000000e+00,0.000000000000000000e+00
9.115196509404371438e-04,-5.120176622649425663e-03,8.906985472633291989e-01,2.119468027983551633e-02,-2.674097861320431230e-02,6.743975550003488140e-01,7.375795844518711064e-01,-6.076783424871923245e-02,2.168824977884700467e-01,3.313347371060991198e-01,5.721589272515740232e-01,-2.096639219193954518e-01,-1.602316362882708761e-02,-1.562668131823896911e-01,-2.955358844535748153e-01,-2.392748120938194556e-01,6.150089053596663469e-01,-2.912757171403617118e-01,5.821549807333665366e-02,-2.090668607582165384e-01,0.000000000000000000e+00,0.000000000000000000e+00,6.698038846590878004e-01,8.912621383149572640e-01,-4.237624078791926152e-01,-5.314326297916854847e-01,0.000000000000000000e+00,0.000000000000000000e+00,0.000000000000000000e+00,5.025936302218335650e-01,-9.040180391643708457e-01,4.232541652403521981e-01,-5.686600837685180654e-01,0.000000000000000000e+00,0.000000000000000000e+00,0.000000000000000000e+00
9.803090030526978062e-04,-5.606062233053308620e-03,8.904353661442714341e-01,2.142189761690854038e-02,-2.656027923356861845e-02,6.742703734269221982e-01,7.376958163011660963e-01,-6.167187093057333730e-02,2.155124241579262356e-01,3.296001951602938185e-01,5.729354439637459606e-01,-2.128887666810758417e-01,-1.513655938169141714e-02,-1.587975931432654697e-01,-2.953472512183473730e-01,-2.365973990032305685e-01,6.185969815406139327e-01,-2.935820769254101070e-01,5.385093321823675172e-02,-2.092371431053971220e-01,0.000000000000000000e+00,0.000000000000000000e+00,6.692432879470088247e-01,8.911392177001442594e-01,-4.250095841749750858e-01,-5.309188857007424156e-01,0.000000000000000000e+00,0.000000000000000000e+00,0.000000000000000000e+00,5.004587648381543241e-01,-9.056134178249788391e-01,4.274426902106094883e-01,-5.706980881650508541e-01,0.000000000000000000e+00,0.000000000000000000e+00,0.000000000000000000e+00
1.000032653803955077e-03,-5.947996199096642483e-03,8.907743321577871187e-01,2.077279998279342454e-02,-2.609775428022039281e-02,6.738121679809547793e-01,7.381494159607587813e-01,-6.354949016278008123e-02,2.157053710540235147e-01,3.295221381068921263e-01,5.720926229433123122e-01,-2.086253228236564505e-01,-1.501832374342131939e-02,-1.591372588754343953e-01,-2.940793740409697876e-01,-2.366129338263755766e-01,6.146313477453715368e-01,-2.961299133510870707e-01,5.432036541112682249e-02,-2.085926117298252669e-01,0.000000000000000000e+00,0.000000000000000000e+00,6.682630174810263446e-01,8.902791624073824739e-01,-4.253191018826055214e-01,-5.297680220672060791e-01,0.000000000000000000e+00,0.000000000000000000e+00,0.000000000000000000e+00,5.001202675600572300e-01,-9.023539039384251836e-01,4.280113879241634334e-01,-5.688088889114634172e-01,0.000000000000000000e+00,0.000000000000000000e+00,0.000000000000000000e+00
1.032576142059706773e-03,-6.393987757793218214e-03,8.918103033368114385e-01,2.055144675995568271e-02,-2.590982108689385971e-02,6.739048164124149531e-01,7.380776501313851545e-01,-6.059922090637132053e-02,2.152309613683976441e-01,3.317692045466080208e-01,5.631943374723269446e-01,-2.050706130369249758e-01,-1.748019203719493320e-02,-1.563464422183278579e-01,-2.931125859509648435e-01,-2.381076659745541280e-01,6.062549024865271363e-01,-2.909179721892261039e-01,5.752943157373782007e-02,-2.089430390753112543e-01,0.000000000000000000e+00,0.000000000000000000e+00,6.677033044753892810e-01,8.863451581105138422e-01,-4.241511646019971993e-01,-5.263820207065464940e-01,0.000000000000000000e+00,0.000000000000000000e+00,0.000000000000000000e+00,4.997069415286166660e-01,-8.992679635912722569e-01,4.274694232590715015e-01,-5.658590142187842620e-01,0.000000000000000000e+00,0.000000000000000000e+00,0.000000000000000000e+00
1.057074205015190883e-03,-6.851151033882038437e-03,8.916562897492403827e-01,2.073675889917832652e-02,-2.561453095100694674e-02,6.734621481241829244e-01,7.384867078549750552e-01,-6.124699142360343768e-02,2.141116538709069428e-01,3.312508691330162125e-01,5.635362739941717214e-01,-2.064169501968128040e-01,-1.836291406355531480e-02,-1.579448970312189171e-01,-2.936480843739691093e-01,-2.374634930104861652e-01,6.080182834936195269e-01,-2.963416930111252290e-01,5.362228805955296385e-02,-2.083097453069121530e-01,0.000000000000000000e+00,0.000000000000000000e+00,6.666300476684826615e-01,8.879835856002117334e-01,-4.256156952182925668e-01,-5.272613328847793879e-01,0.000000000000000000e+00,0.000000000000000000e+00,0.000000000000000000e+00,4.981052413701926862e-01,-9.016418761784480429e-01,4.295888214168904762e-01,-5.677232962106244507e-01,0.000000000000000000e+00,0.000000000000000000e+00,0.000000000000000000e+00
9.249746135019578513e-04,-7.188931621203441952e-03,8.926605266329677990e-01,1.992637502895862681e-02,-2.542585445015988280e-02,6.734829453877678729e-01,7.384965726227189498e-01,-5.987213858314639758e-02,2.149968877311439763e-01,3.342278615957505750e-01,5.566470869733092242e-01,-2.031400248183429513e-01,-1.841669238900968050e-02,-1.552480912879530273e-01,-2.918642068526063893e-01,-2.394416561429064116e-01,5.982118634189427242e-01,-2.914268293732883985e-01,5.792474477231844554e-02,-2.085168971302240881e-01,0.000000000000000000e+00,0.000000000000000000e+00,6.652374403574082828e-01,8.868620963754275666e-01,-4.253007412128999576e-01,-5.277012492302989299e-01,0.000000000000000000e+00,0.000000000000000000e+00,0.000000000000000000e+00,4.980169613428853670e-01,-9.013454670393726831e-01,4.291553588427547972e-01,-5.647704293416249133e-01,0.000000000000000000e+00,0.000000000000000000e+00,0.000000000000000000e+00
7.985276602727611013e-04,-7.596836798964736424e-03,8.932856969240468015e-01,1.954262215618263882e-02,-2.525719155472808813e-02,6.731568567209383902e-01,7.388098581120959851e-01,-5.909629550200218295e-02,2.152264116866664245e-01,3.362739897720571358e-01,5.522782867489144376e-01,-1.989258772845147738e-01,-1.899475320928546013e-02,-1.535854502662159782e-01,-2.916272421725023545e-01,-2.420082346105242310e-01,5.919962094373365513e-01,-2.894761764385411773e-01,5.961340353630174144e-02,-2.079794943071812674e-01,0.000000000000000000e+00,0.000000000000000000e+00,6.641099122431916024e-01,8.867357658879286841e-01,-4.245252545636278851e-01,-5.272210451422791877e-01,0.000000000000000000e+00,0.000000000000000000e+00,0.000000000000000000e+00,4.983466054338275275e-01,-8.994160828858837053e-01,4.268673153358525374e-01,-5.631065661925297450e-01,0.000000000000000000e+00,0.000000000000000000e+00,0.000000000000000000e+00
7.339645090481044859e-04,-7.867635599879510208e-03,8.943124136075403241e-01,1.913850137142020930e-02,-2.435301641921662139e-02,6.730460560188407104e-01,7.389517269984733350e-01,-5.661055210218961936e-02,2.140152464587480041e-01,3.402501071050271220e-01,5.428865825219608698e-01,-1.960155660801907174e-01,-2.148250643695034587e-02,-1.516233196433780239e-01,-2.915445523061269695e-01,-2.439642382128325848e-01,5.831528772650005354e-01,-2.882576611948554635e-01,6.059081642431342341e-02,-2.069473492542981963e-01,0.000000000000000000e+00,0.000000000000000000e+00,6.632776527755418483e-01,8.864396995058557716e-01,-4.255632158540770815e-01,-5.273036006033987588e-01,0.000000000000000000e+00,0.000000000000000000e+00,0.000000000000000000e+00,4.987735560616373687e-01,-8.986322141062635938e-01,4.281251436428246127e-01,-5.621541398617004859e-01,0.000000000000000000e+00,0.000000000000000000e+00,0.000000000000000000e+00
6.203189832313626669e-04,-8.310368890780052420e-03,8.947581832232177623e-01,1.934633487707954069e-02,-2.440558204749430915e-02,6.728097673402245738e-01,7.391597282477861963e-01,-5.488815861387114081e-02,2.136429846563425716e-01,3.419544100432073686e-01,5.391794922791003364e-01,-1.919788183972397644e-01,-2.411170324668296394e-02,-1.496553235207055965e-01,-2.917066396285823981e-01,-2.455292980090974519e-01,5.791428655435126860e-01,-2.895448815249291874e-01,5.919624472825632533e-02,-2.070797026532327778e-01,0.000000000000000000e+00,0.000000000000000000e+00,6.630775682888454536e-01,8.858808148100223434e-01,-4.262660120023592514e-01,-5.256577661461934170e-01,0.000000000000000000e+00,0.000000000000000000e+00,0.000000000000000000e+00,4.979756630479984514e-01,-8.983129019809231730e-01,4.286430625690851315e-01,-5.607987046916903529e-01,0.000000000000000000e+00,0.000000000000000000e+00,0.000000000000000000e+00
5.853781953357875892e-04,-8.594000553974540796e-03,8.958974388880488471e-01,1.927372610529747010e-02,-2.406955918027497282e-02,6.728910761079457403e-01,7.390986263667230771e-01,-5.116955523677711726e-02,2.123068375110754857e-01,3.444260620407707529e-01,5.288817206694184092e-01,-1.860198237386792575e-01,-2.774191928088052400e-02,-1.458180577794329080e-01,-2.910379195224979121e-01,-2.473624436131997562e-01,5.692506224139811666e-01,-2.860654793287660813e-01,6.076561993150079999e-02,-2.062741670804576766e-01,0.000000000000000000e+00,0.000000000000000000e+00,6.621396898659395180e-01,8.845551803871838370e-01,-4.265141917480129718e-01,-5.241248587667494130e-01,0.000000000000000000e+00,0.000000000000000000e+00,0.000000000000000000e+00,4.978712892047799654e-01,-8.960474552971532392e-01,4.301501582303042803e-01,-5.580536131346925943e-01,0.000000000000000000e+00,0.000000000000000000e+00,0.000000000000000000e+00
5.707485908075151521e-04,-8.888103897374956958e-03,8.965994710935989431e-01,1.943116481947219573e-02,-2.403272743900682767e-02,6.723696093514072158e-01,7.395701226159948627e-01,-4.845840411763046446e-02,2.115025785149916571e-01,3.461994435095948619e-01,5.225771988448940641e-01,-1.787216100566947352e-01,-3.047499983035945048e-02,-1.429302946861378265e-01,-2.897558017037257239e-01,-2.466944349670553427e-01,5.620170695034777397e-01,-2.866937785672110661e-01,6.178319900439328827e-02,-2.045950282576446400e-01,0.000000000000000000e+00,0.000000000000000000e+00,6.614485771730718167e-01,8.855528618991889145e-01,-4.239732629872824399e-01,-5.231757847561664398e-01,0.000000000000000000e+00,0.000000000000000000e+00,0.000000000000000000e+00,4.970661556226567690e-01,-8.964223659532061239e-01,4.297843235464698375e-01,-5.569124707436520216e-01,0.000000000000000000e+00,0.000000000000000000e+00,0.000000000000000000e+00
4.691851127589699143e-04,-9.214796809397794372e-03,8.968722784852438679e-01,1.973707179443149121e-02,-2.439292792054863906e-02,6.724787646777995453e-01,7.394509747926941712e-01,-4.668584577854667517e-02,2.108679488155471293e-01,3.461079390141902357e-01,5.197475353128043762e-01,-1.778891053766204211e-01,-3.036388823676043625e-02,-1.416495614379922052e-01,-2.902402365615669999e-01,-2.479781571093564452e-01,5.604762902142995662e-01,-2.816252820757682018e-01,6.204334639468186280e-02,-2.044848536810152106e-01,0.000000000000000000e+00,0.000000000000000000e+00,6.613088917205182105e-01,8.850542586486174201e-01,-4.255369640851574542e-01,-5.245452202306264411e-01,0.000000000000000000e+00,0.000000000000000000e+00,0.000000000000000000e+00,4.974631502870011657e-01,-8.963656042619113640e-01,4.310218703997017453e-01,-5.556910888395406589e-01,0.000000000000000000e+00,0.000000000000000000e+00,0.000000000000000000e+00
4.691851127589699143e-04,-9.214796809397794372e-03,8.968722784852438679e-01,1.973707179443149121e-02,-2.439292792054863906e-02,6.724787646777995453e-01,7.394509747926941712e-01,-4.429571623196056074e-02,2.077656077713246896e-01,3.407961500991723569e-01,5.211847838244687559e-01,-1.812602855246254474e-01,-2.395426333019307769e-02,-1.416334299942178521e-01,-2.886130464139997631e-01,-2.421585335974511533e-01,5.643643172687657916e-01,-2.765093141781403974e-01,6.158255899974340863e-02,-1.999139219818501234e-01,0.000000000000000000e+00,0.000000000000000000e+00,6.331037026488750552e-01,8.499696134229279831e-01,-4.205061517610692579e-01,-4.442513530858120396e-01,0.000000000000000000e+00,0.000000000000000000e+00,0.000000000000000000e+00,4.761943971570632428e-01,-8.623974261974833855e-01,4.332210684737635153e-01,-4.800895657081243328e-01,0.000000000000000000e+00,0.000000000000000000e+00,0.000000000000000000e+00
4.691851127589699143e-04,-9.214796809397794372e-03,8.968722784852438679e-01,1.973707179443149121e-02,-2.439292792054863906e-02,6.724787646777995453e-01,7.394509747926941712e-01,-4.190558668537445325e-02,2.046632667271022776e-01,3.354843611841544782e-01,5.226220323361331355e-01,-1.846314656726304737e-01,-1.754463842362572260e-02,-1.416172985504434989e-01,-2.869858562664325818e-01,-2.363389100855458891e-01,5.682523443232321281e-01,-2.713933462805125929e-01,6.112177160480496835e-02,-1.953429902826850917e-01,0.000000000000000000e+00,0.000000000000000000e+00,6.048985135772320110e-01,8.148849681972386572e-01,-4.154753394369811170e-01,-3.639574859409976937e-01,0.000000000000000000e+00,0.000000000000000000e+00,0.000000000000000000e+00,4.549256440271254309e-01,-8.284292481330555180e-01,4.354202665478253409e-01,-4.044880425767080068e-01,0.000000000000000000e+00,0.000000000000000000e+00,0.000000000000000000e+00
4.691851127589699143e-04,-9.214796809397794372e-03,8.968722784852438679e-01,1.973707179443149121e-02,-2.439292792054863906e-02,6.724787646777995453e-01,7.394509747926941712e-01,-3.951545713878833188e-02,2.015609256828798379e-01,3.301725722691365994e-01,5.240592808477975151e-01,-1.880026458206355278e-01,-1.113501351705835883e-02,-1.416011671066691735e-01,-2.853586661188654006e-01,-2.305192865736405972e-01,5.721403713776982425e-01,-2.662773783828847884e-01,6.066098420986652112e-02,-1.907720585835200044e-01,0.000000000000000000e+00,0.000000000000000000e+00,5.766933245055887447e-01,7.798003229715494422e-01,-4.104445271128929207e-01,-2.836636187961832367e-01,0.000000000000000000e+00,0.000000000000000000e+00,0.000000000000000000e+00,4.336568908971874525e-01,-7.944610700686276505e-01,4.376194646218871109e-01,-3.288865194452915697e-01,0.000000000000000000e+00,0.000000000000000000e+00,0.000000000000000000e+00
4.691851127589699143e-04,-9.214796809397794372e-03,8.968722784852438679e-01,1.973707179443149121e-02,-2.439292792054863906e-02,6.724787646777995453e-01,7.394509747926941712e-01,-3.712532759220223133e-02,1.984585846386574259e-01,3.248607833541187206e-01,5.254965293594618947e-01,-1.913738259686405541e-01,-4.725388610491005476e-03,-1.415850356628948481e-01,-2.837314759712982193e-01,-2.246996630617353330e-01,5.760283984321645789e-01,-2.611614104852569840e-01,6.020019681492807390e-02,-1.862011268843549727e-01,0.000000000000000000e+00,0.000000000000000000e+00,5.484881354339458115e-01,7.447156777458601162e-01,-4.054137147888048354e-01,-2.033697516513689185e-01,0.000000000000000000e+00,0.000000000000000000e+00,0.000000000000000000e+00,4.123881377672495852e-01,-7.604928920041997831e-01,4.398186626959489365e-01,-2.532849963138752991e-01,0.000000000000000000e+00,0.000000000000000000e+00,0.000000000000000000e+00
4.691851127589699143e-04,-9.214796809397794372e-03,8.968722784852438679e-01,1.973707179443149121e-02,-2.439292792054863906e-02,6.724787646777995453e-01,7.394509747926941712e-01,-3.473519804561611690e-02,1.953562435944349862e-01,3.195489944391008419e-01,5.269337778711262743e-01,-1.947450061166455804e-01,1.684236296076353084e-03,-1.415689042191204949e-01,-2.821042858237309825e-01,-2.188800395498300411e-01,5.799164254866306933e-01,-2.560454425876291795e-01,5.973940941998961973e-02,-1.816301951851898577e-01,0.000000000000000000e+00,0.000000000000000000e+00,5.202829463623025452e-01,7.096310325201706792e-01,-4.003829024647166390e-01,-1.230758845065545448e-01,0.000000000000000000e+00,0.000000000000000000e+00,0.000000000000000000e+00,3.911193846373116623e-01,-7.265247139397718046e-01,4.420178607700107065e-01,-1.776834731824589730e-01,0.000000000000000000e+00,0.000000000000000000e+00,0.000000000000000000e+00
4.691851127589699143e-04,-9.214796809397794372e-03,8.968722784852438679e-01,1.973707179443149121e-02,-2.439292792054863906e-02,6.724787646777995453e-01,7.394509747926941712e-01,-3.234506849903000247e-02,1.922539025502125465e-01,3.142372055240829631e-01,5.283710263827906539e-01,-1.981161862646506067e-01,8.093861202643715114e-03,-1.415527727753461418e-01,-2.804770956761637457e-01,-2.130604160379247491e-01,5.838044525410970298e-01,-2.509294746900013751e-01,5.927862202505117251e-02,-1.770592634860247983e-01,0.000000000000000000e+00,0.000000000000000000e+00,4.920777572906594455e-01,6.745463872944812422e-01,-3.953520901406284427e-01,-4.278201736174008785e-02,0.000000000000000000e+00,0.000000000000000000e+00,0.000000000000000000e+00,3.698506315073737949e-01,-6.925565358753439371e-01,4.442170588440724766e-01,-1.020819500510425359e-01,0.000000000000000000e+00,0.000000000000000000e+00,0.000000000000000000e+00
4.691851127589699143e-04,-9.214796809397794372e-03,8.968722784852438679e-01,1.973707179443149121e-02,-2.439292792054863906e-02,6.724787646777995453e-01,7.394509747926941712e-01,-2.995493895244388804e-02,1.891515615059901068e-01,3.089254166090650844e-01,5.298082748944550335e-01,-2.014873664126556330e-01,1.450348610921107020e-02,-1.415366413315717886e-01,-2.788499055285965644e-01,-2.072407925260194572e-01,5.876924795955632552e-01,-2.458135067923735428e-01,5.881783463011272528e-02,-1.724883317868597110e-01,0.000000000000000000e+00,0.000000000000000000e+00,4.638725682190162347e-01,6.394617420687918052e-01,-3.903212778165402463e-01,3.751184978307425810e-02,0.000000000000000000e+00,0.000000000000000000e+00,0.000000000000000000e+00,3.485818783774358720e-01,-6.585883578109159586e-01,4.464162569181342466e-01,-2.648042691962615436e-02,0.000000000000000000e+00,0.000000000000000000e+00,0.000000000000000000e+00
4.691851127589699143e-04,-9.214796809397794372e-03,8.968722784852438679e-01,1.973707179443149121e-02,-2.439292792054863906e-02,6.724787646777995453e-01,7.394509747926941712e-01,-2.756480940585778056e-02,1.860492204617676670e-01,3.036136276940472611e-01,5.312455234061194131e-01,-2.048585465606606593e-01,2.091311101577842876e-02,-1.415205098877974632e-01,-2.772227153810293832e-01,-2.014211690141141931e-01,5.915805066500294807e-01,-2.406975388947457384e-01,5.835704723517427805e-02,-1.679174000876946515e-01,0.000000000000000000e+00,0.000000000000000000e+00,4.356673791473731350e-01,6.043770968431025903e-01,-3.852904654924520500e-01,1.178057169278886596e-01,0.000000000000000000e+00,0.000000000000000000e+00,0.000000000000000000e+00,3.273131252474979491e-01,-6.246201797464880912e-01,4.486154549921960166e-01,4.912109621179011620e-02,0.000000000000000000e+00,0.000000000000000000e+00,0.000000000000000000e+00
4.691851127589699143e-04,-9.214796809397794372e-03,8.968722784852438679e-01,1.973707179443149121e-02,-2.439292792054863906e-02,6.724787646777995453e-01,7.394509747926941712e-01,-2.517467985927166960e-02,1.829468794175452828e-01,2.983018387790293824e-01,5.326827719177837928e-01,-2.082297267086656856e-01,2.732273592234578385e-02,-1.415043784440231378e-01,-2.755955252334622019e-01,-1.956015455022089289e-01,5.954685337044957061e-01,-2.355815709971179617e-01,5.789625984023583083e-02,-1.633464683885296198e-01,0.000000000000000000e+00,0.000000000000000000e+00,4.074621900757300907e-01,5.692924516174133753e-01,-3.802596531683639647e-01,1.980995840727029500e-01,0.000000000000000000e+00,0.000000000000000000e+00,0.000000000000000000e+00,3.060443721175601373e-01,-5.906520016820601127e-01,4.508146530662578977e-01,1.247226193432063868e-01,0.000000000000000000e+00,0.000000000000000000e+00,0.000000000000000000e+00
4.691851127589699143e-04,-9.214796809397794372e-03,8.968722784852438679e-01,1.973707179443149121e-02,-2.439292792054863906e-02,6.724787646777995453e-01,7.394509747926941712e-01,-2.278455031268555517e-02,1.798445383733228153e-01,2.929900498640115036e-01,5.341200204294481724e-01,-2.116009068566707119e-01,3.373236082891314241e-02,-1.414882470002487569e-01,-2.739683350858949651e-01,-1.897819219903036370e-01,5.993565607589619315e-01,-2.304656030994901295e-01,5.743547244529738360e-02,-1.587755366893645326e-01,0.000000000000000000e+00,0.000000000000000000e+00,3.792570010040869355e-01,5.342078063917239383e-01,-3.752288408442757683e-01,2.783934512175173515e-01,0.000000000000000000e+00,0.000000000000000000e+00,0.000000000000000000e+00,2.847756189876222144e-01,-5.566838236176322452e-01,4.530138511403196677e-01,2.003241424746227684e-01,0.000000000000000000e+00,0.000000000000000000e+00,0.000000000000000000e+00
4.691851127589699143e-04,-9.214796809397794372e-03,8.968722784852438679e-01,1.973707179443149121e-02,-2.439292792054863906e-02,6.724787646777995453e-01,7.394509747926941712e-01,-2.039442076609944421e-02,1.767421973291004034e-01,2.876782609489936249e-01,5.355572689411125520e-01,-2.149720870046757659e-01,4.014198573548050791e-02,-1.414721155564744315e-01,-2.723411449383277283e-01,-1.839622984783983450e-01,6.032445878134281569e-01,-2.253496352018622972e-01,5.697468505035893638e-02,-1.542046049901994453e-01,0.000000000000000000e+00,0.000000000000000000e+00,3.510518119324437247e-01,4.991231611660345013e-01,-3.701980285201875720e-01,3.586873183623317529e-01,0.000000000000000000e+00,0.000000000000000000e+00,0.000000000000000000e+00,2.635068658576842915e-01,-5.227156455532042667e-01,4.552130492143814378e-01,2.759256656060391499e-01,0.000000000000000000e+00,0.000000000000000000e+00,0.000000000000000000e+00
4.691851127589699143e-04,-9.214796809397794372e-03,8.968722784852438679e-01,1.973707179443149121e-02,-2.439292792054863906e-02,6.724787646777995453e-01,7.394509747926941712e-01,-1.800429121951332978e-02,1.736398562848779636e-01,2.823664720339757461e-01,5.369945174527769316e-01,-2.183432671526807922e-01,4.655161064204786647e-02,-1.414559841127000783e-01,-2.707139547907605470e-01,-1.781426749664930531e-01,6.071326148678943824e-01,-2.202336673042344928e-01,5.651389765542048915e-02,-1.496336732910343859e-01,0.000000000000000000e+00,0.000000000000000000e+00,3.228466228608005695e-01,4.640385159403451754e-01,-3.651672161960994312e-01,4.389811855071462654e-01,0.000000000000000000e+00,0.000000000000000000e+00,0.000000000000000000e+00,2.422381127277463686e-01,-4.887474674887762882e-01,4.574122472884432078e-01,3.515271887374555870e-01,0.000000000000000000e+00,0.000000000000000000e+00,0.000000000000000000e+00
4.691851127589699143e-04,-9.214796809397794372e-03,8.968722784852438679e-01,1.973707179443149121e-02,-2.439292792054863906e-02,6.724787646777995453e-01,7.394509747926941712e-01,-1.561416167292721882e-02,1.705375152406555239e-01,2.770546831189578674e-01,5.384317659644413112e-01,-2.217144473006858185e-01,5.296123554861522503e-02,-1.414398526689257252e-01,-2.690867646431933657e-01,-1.723230514545878167e-01,6.110206419223606078e-01,-2.151176994066066883e-01,5.605311026048204193e-02,-1.450627415918693264e-01,0.000000000000000000e+00,0.000000000000000000e+00,2.946414337891575252e-01,4.289538707146558494e-01,-3.601364038720112903e-01,5.192750526519605003e-01,0.000000000000000000e+00,0.000000000000000000e+00,0.000000000000000000e+00,2.209693595978085012e-01,-4.547792894243484763e-01,4.596114453625049778e-01,4.271287118688718021e-01,0.000000000000000000e+00,0.000000000000000000e+00,0.000000000000000000e+00
4.691851127589699143e-04,-9.214796809397794372e-03,8.968722784852438679e-01,1.973707179443149121e-02,-2.439292792054863906e-02,6.724787646777995453e-01,7.394509747926941712e-01,-1.322403212634110439e-02,1.674351741964331119e-01,2.717428942039399886e-01,5.398690144761056908e-01,-2.250856274486908448e-01,5.937086045518257665e-02,-1.414237212251513998e-01,-2.674595744956261845e-01,-1.665034279426825248e-01,6.149086689768269443e-01,-2.100017315089788839e-01,5.559232286554359470e-02,-1.404918098927042391e-01,0.000000000000000000e+00,0.000000000000000000e+00,2.664362447175143700e-01,3.938692254889664679e-01,-3.551055915479230940e-01,5.995689197967749573e-01,0.000000000000000000e+00,0.000000000000000000e+00,0.000000000000000000e+00,1.997006064678705783e-01,-4.208111113599204978e-01,4.618106434365667479e-01,5.027302350002882392e-01,0.000000000000000000e+00,0.000000000000000000e+00,0.000000000000000000e+00
4.691851127589699143e-04,-9.214796809397794372e-03,8.968722784852438679e-01,1.973707179443149121e-02,-2.439292792054863906e-02,6.724787646777995453e-01,7.394509747926941712e-01,-1.083390257975499690e-02,1.643328331522106722e-01,2.664311052889221099e-01,5.413062629877700704e-01,-2.284568075966958711e-01,6.578048536174992134e-02,-1.414075897813770466e-01,-2.658323843480589477e-01,-1.606838044307772329e-01,6.187966960312931697e-01,-2.048857636113511071e-01,5.513153547060515441e-02,-1.359208781935391797e-01,0.000000000000000000e+00,0.000000000000000000e+00,2.382310556458712703e-01,3.587845802632771419e-01,-3.500747792238348977e-01,6.798627869415891922e-01,0.000000000000000000e+00,0.000000000000000000e+00,0.000000000000000000e+00,1.784318533379327110e-01,-3.868429332954926858e-01,4.640098415106285734e-01,5.783317581317044542e-01,0.000000000000000000e+00,0.000000000000000000e+00,0.000000000000000000e+00
4.691851127589699143e-04,-9.214796809397794372e-03,8.968722784852438679e-01,1.973707179443149121e-02,-2.439292792054863906e-02,6.724787646777995453e-01,7.394509747926941712e-01,-8.443773033168882475e-03,1.612304921079882325e-01,2.611193163739042866e-01,5.427435114994344501e-01,-2.318279877447009252e-01,7.219011026831728683e-02,-1.413914583376027212e-01,-2.642051942004917109e-01,-1.548641809188719409e-01,6.226847230857593951e-01,-1.997697957137232749e-01,5.467074807566670025e-02,-1.313499464943740924e-01,0.000000000000000000e+00,0.000000000000000000e+00,2.100258665742281150e-01,3.236999350375877604e-01,-3.450439668997467013e-01,7.601566540864037602e-01,0.000000000000000000e+00,0.000000000000000000e+00,0.000000000000000000e+00,1.571631002079948158e-01,-3.528747552310647073e-01,4.662090395846903990e-01,6.539332812631208913e-01,0.000000000000000000e+00,0.000000000000000000e+00,0.000000000000000000e+00
4.691851127589699143e-04,-9.214796809397794372e-03,8.968722784852438679e-01,1.973707179443149121e-02,-2.439292792054863906e-02,6.724787646777995453e-01,7.394509747926941712e-01,-6.053643486582768046e-03,1.581281510637658205e-01,2.558075274588863524e-01,5.441807600110988297e-01,-2.351991678927059515e-01,7.859973517488465233e-02,-1.413753268938283680e-01,-2.625780040529245296e-01,-1.490445574069666490e-01,6.265727501402256205e-01,-1.946538278160954705e-01,5.420996068072825302e-02,-1.267790147952090329e-01,0.000000000000000000e+00,0.000000000000000000e+00,1.818206775025849598e-01,2.886152898118983789e-01,-3.400131545756586160e-01,8.404505212312181062e-01,0.000000000000000000e+00,0.000000000000000000e+00,0.000000000000000000e+00,1.358943470780568930e-01,-3.189065771666367288e-01,4.684082376587521690e-01,7.295348043945372174e-01,0.000000000000000000e+00,0.000000000000000000e+00,0.000000000000000000e+00
4.691851127589699143e-04,-9.214796809397794372e-03,8.968722784852438679e-01,1.973707179443149121e-02,-2.439292792054863906e-02,6.724787646777995453e-01,7.394509747926941712e-01,-3.663513939996659689e-03,1.550258100195433808e-01,2.504957385438685291e-01,5.456180085227632093e-01,-2.385703480407109778e-01,8.500936008145200395e-02,-1.413591954500540426e-01,-2.609508139053573483e-01,-1.432249338950613848e-01,6.304607771946917349e-01,-1.895378599184676660e-01,5.374917328578980580e-02,-1.222080830960439735e-01,0.000000000000000000e+00,0.000000000000000000e+00,1.536154884309418600e-01,2.535306445862091085e-01,-3.349823422515704197e-01,9.207443883760323411e-01,0.000000000000000000e+00,0.000000000000000000e+00,0.000000000000000000e+00,1.146255939481190256e-01,-2.849383991022088614e-01,4.706074357328139390e-01,8.051363275259535435e-01,0.000000000000000000e+00,0.000000000000000000e+00,0.000000000000000000e+00
4.691851127589699143e-04,-9.214796809397794372e-03,8.968722784852438679e-01,1.973707179443149121e-02,-2.439292792054863906e-02,6.724787646777995453e-01,7.394509747926941712e-01,-1.273384393410545695e-03,1.519234689753209411e-01,2.451839496288506226e-01,5.470552570344275889e-01,-2.419415281887160041e-01,9.141898498801936945e-02,-1.413430640062796895e-01,-2.593236237577901115e-01,-1.374053103831560929e-01,6.343488042491580714e-01,-1.844218920208398615e-01,5.328838589085135857e-02,-1.176371513968789001e-01,0.000000000000000000e+00,0.000000000000000000e+00,1.254102993592987048e-01,2.184459993605197270e-01,-3.299515299274822233e-01,1.001038255520846798e+00,0.000000000000000000e+00,0.000000000000000000e+00,0.000000000000000000e+00,9.335684081818111657e-02,-2.509702210377809384e-01,4.728066338068757646e-01,8.807378506573698695e-01,0.000000000000000000e+00,0.000000000000000000e+00,0.000000000000000000e+00
4.691851127589699143e-04,-9.214796809397794372e-03,8.968722784852438679e-01,1.973707179443149121e-02,-2.439292792054863906e-02,6.724787646777995453e-01,7.394509747926941712e-01,1.116745153175563096e-03,1.488211279310985291e-01,2.398721607138327716e-01,5.484925055460919685e-01,-2.453127083367210304e-01,9.782860989458672107e-02,-1.413269325625053363e-01,-2.576964336102229303e-01,-1.315856868712508287e-01,6.382368313036242968e-01,-1.793059241232120571e-01,5.282759849591291135e-02,-1.130662196977138406e-01,0.000000000000000000e+00,0.000000000000000000e+00,9.720511028765561889e-02,1.833613541348304010e-01,-3.249207176033940825e-01,1.081332122665661144e+00,0.000000000000000000e+00,0.000000000000000000e+00,0.000000000000000000e+00,7.208808768824324920e-02,-2.170020429733530709e-01,4.750058318809375346e-01,9.563393737887861956e-01,0.000000000000000000e+00,0.000000000000000000e+00,0.000000000000000000e+00
